Date,open,high,low,close,volume
2018-01-01,1.7478119134902954,1.7478119134902954,1.7478119134902954,1.7478119134902954,0.0
2018-01-02,1.7622566123959305,1.7882571288250928,1.7290337398583646,1.7593677043914795,6992060.0
2018-01-03,1.7593676944581946,1.8142576350110649,1.7478118903110822,1.8027018308639526,13273150.0
2018-01-04,1.7969239712173475,1.8171466729698522,1.7954796032172453,1.8055908679962158,7911930.0
2018-01-05,1.8055911560464697,1.8344805869920786,1.7940353492293077,1.8272582292556763,8557130.0
2018-01-08,1.8344804048538208,1.8518140272612815,1.822924599183989,1.8344804048538208,9706130.0
2018-01-09,1.8272580573360793,1.8445916798336732,1.8229246086630368,1.8373693227767944,4295680.0
2018-01-10,1.8417025804519653,1.85036947689923,1.827257867836229,1.8417025804519653,3254640.0
2018-01-11,1.8561476404093675,1.8705923557281494,1.8287027501815176,1.8705923557281494,109902270.0
2018-01-12,1.8734812549064586,1.8908148771695186,1.8677032660223902,1.877814531326294,11327620.0
2018-01-15,1.8460359185142383,1.8980369497055742,1.8460359185142383,1.880703330039978,7877240.0
2018-01-16,1.8807034309215114,1.8850367069244385,1.8633696381315779,1.8850367069244385,13754100.0
2018-01-17,1.8879253961706164,1.9052590131759644,1.8734806866337397,1.9052590131759644,10682970.0
2018-01-18,1.902370497098531,1.928371014053123,1.902370497098531,1.921148657798767,6913510.0
2018-01-19,1.9211486064820744,1.942815674666383,1.8937035501318864,1.9312598705291748,52615900.0
2018-01-22,1.9283712929138803,1.9760388855247255,1.913926578316326,1.971705436706543,7042860.0
2018-01-23,1.9717050403993999,2.0063724517822266,1.9500379728580879,2.0063724517822266,6422120.0
2018-01-24,2.000594544253043,2.062706841475244,1.9933721881154511,2.0511510372161865,5974020.0
2018-01-25,2.043928929027659,2.061262723616285,2.0107060523255575,2.02226185798645,3848670.0
2018-01-26,2.0078171708429764,2.052595853805542,1.9673719365855908,2.052595853805542,2321440.0
2018-01-29,2.054040469622325,2.075707541750239,2.0309288571413835,2.065596103668213,3504900.0
2018-01-30,2.065596103668213,2.065596103668213,2.0525959292692977,2.065596103668213,1164310.0
2018-01-31,2.064151769512826,2.064151769512826,2.000594920240548,2.0107061862945557,7613720.0
2018-02-01,2.010705751468421,2.0540400592614025,2.010705751468421,2.043928623199463,3209710.0
2018-02-02,2.0511513340628924,2.0511513340628924,2.0034837422173264,2.0265953540802,4995980.0
2018-02-05,2.022261743160289,2.025150651362834,1.9861499601420736,2.007817029953003,2186420.0
2018-02-06,1.9717050235944351,1.9717050235944351,1.9052592814895812,1.950037956237793,4423880.0
2018-02-07,1.965927304732702,1.980372190475464,1.9572605799205265,1.9803721904754639,3024580.0
2018-02-08,1.9875946916416851,2.0005948659016517,1.9384825586932521,1.971705436706543,2187340.0
2018-02-09,1.9384826199672855,1.9500384264495159,1.9197044559579848,1.9254822731018066,2794320.0
2018-02-12,1.9370378103009749,1.9601494200525063,1.9067040162209723,1.9168152809143066,1980440.0
2018-02-13,1.9168154326323799,1.9485937694101045,1.9139265242334187,1.9327046871185303,1280730.0
2018-02-14,1.932704694041587,1.932704694041587,1.8575920422320835,1.8965927362442017,6501480.0
2018-02-15,1.8965927362442019,1.9124819907872683,1.872036756473207,1.8965927362442017,5804620.0
2018-02-16,1.9067040003871287,1.9370377942152301,1.863369689414228,1.8749254941940308,2843290.0
2018-02-19,1.8778147133875405,1.8908150604911977,1.8575921808190814,1.8705923557281494,4137200.0
2018-02-20,1.869147435769756,1.9139261089178474,1.8677028957864479,1.903814673423767,2270740.0
2018-02-21,1.903814820781425,1.9211486131446263,1.8778143044311748,1.9023704528808594,2446620.0
2018-02-22,1.8922590230885739,1.924037527733641,1.8749254028605251,1.9197040796279907,2074870.0
2018-02-23,1.9197046106484925,1.963038759302798,1.9095933437347412,1.9095933437347412,4167740.0
2018-02-26,1.9095929764329305,1.9399269435341793,1.9052595279620996,1.906704068183899,1367280.0
2018-02-27,1.9153708563917344,1.9384824675388628,1.870592174367138,1.877814531326294,8415030.0
2018-02-28,1.8778144643297516,1.887925901467473,1.847480669500287,1.8677031993865967,9433040.0
2018-03-01,1.8547030923737384,1.88503688828545,1.8185911353833857,1.877814531326294,7235230.0
2018-03-02,1.8835924530076733,1.903814982893983,1.846036129282165,1.8677031993865967,6726070.0
2018-03-05,1.8937036007154815,1.9399268184990035,1.8807034283354633,1.921148657798767,2621390.0
2018-03-06,1.935593328549678,1.9384822365501848,1.913926260254048,1.9341487884521484,10496780.0
2018-03-07,1.9355932366647506,1.999149898437,1.9211485251533718,1.9933720827102661,4288500.0
2018-03-08,1.9933720242373738,1.9991498397946235,1.9644826020620485,1.9861496686935425,3105500.0
2018-03-09,2.0150392219134043,2.020817210040954,1.9890387058258057,1.9890387058258057,1580120.0
2018-03-12,2.0005945481700973,2.0107058123436126,1.963038227303265,1.990483283996582,2275420.0
2018-03-13,1.9948168360197063,1.9948168360197063,1.9384823517854697,1.9485936164855957,3236810.0
2018-03-14,1.973149652606757,1.9977056289460386,1.9139262636168253,1.9197040796279907,4228730.0
2018-03-15,1.9283709306057246,1.9384821944853616,1.8994815068384483,1.900925874710083,2090100.0
2018-03-16,1.9067039745162282,1.9384823080835845,1.90237052625828,1.929815411567688,1833880.0
2018-03-19,1.9442603777635563,1.9644830815388181,1.913926580392535,1.939927101135254,2158640.0
2018-03-20,1.951482757466218,1.9644831040840653,1.921148959747073,1.9630385637283325,2272720.0
2018-03-21,1.9514827946381783,1.952927335021427,1.9182599155747362,1.9254822731018066,2210830.0
2018-03-22,1.9211486163525913,1.9659271208468285,1.9211486163525913,1.9341487884521484,2935110.0
2018-03-23,1.944260224921984,1.9717052838463553,1.9139264299355536,1.9240376949310303,3729750.0
2018-03-26,1.9327044106192826,1.9500380307278191,1.9254818823632953,1.9312598705291748,1638350.0
2018-03-27,1.9327041631577722,1.9413708860050862,1.9095925578425428,1.9139260053634644,5245880.0
2018-03-28,1.9197042414018244,1.9471493002540414,1.906704068183899,1.906704068183899,2662420.0
2018-03-29,1.922593028185247,1.9644827978306765,1.915370671921679,1.9529269933700562,1610400.0
2018-03-30,1.9572605118822053,1.9717052249282718,1.9168152809143064,1.9168152809143066,493390.0
2018-04-02,1.9442601143936507,1.9587048270501903,1.9269264936447144,1.9269264936447144,460070.0
2018-04-03,1.9168152822018163,1.961593961552525,1.9168152822018163,1.9485936164855957,2728410.0
2018-04-04,1.9630378513234716,1.9630378513234716,1.889369763807592,1.9052590131759644,2669220.0
2018-04-05,1.906703986359734,1.9269265154296935,1.8807034688451003,1.8864812850952148,8465860.0
2018-04-06,1.8922592387032549,1.965927348309812,1.8908148706331602,1.9457048177719116,3380360.0
2018-04-09,2.051151218472502,2.051151218472502,1.9384824183308307,1.958704948425293,4572150.0
2018-04-10,1.9789275629165906,2.000594632282756,1.9052594581938045,1.9428157806396484,4605230.0
2018-04-11,1.9355935001521043,1.965927295138535,1.8474806790603044,1.9240376949310303,2173780.0
2018-04-12,1.9644824913203154,1.9644824913203154,1.9052591103216212,1.9139260053634644,1742600.0
2018-04-13,1.942815842517632,1.944260210537976,1.8965926219753049,1.9355934858322144,2040900.0
2018-04-16,1.924037840483662,1.957260718434583,1.924037840483662,1.9543718099594116,1034290.0
2018-04-17,1.9745942908658929,1.98037227986271,1.8965927308681805,1.9110374450683594,3315680.0
2018-04-18,1.9283709462528271,1.9745939902166205,1.8980369821732332,1.9572603702545166,2441470.0
2018-04-19,1.9659276292956882,1.9673721697668198,1.9052598568162982,1.9081487655639648,7003570.0
2018-04-20,1.9081480179373926,1.9327041631577722,1.9081480179373926,1.9139260053634644,1664520.0
2018-04-23,1.9139260053634646,1.9139260053634646,1.9139260053634646,1.9139260053634644,0.0
2018-04-24,1.9110375580476655,1.9630386011204084,1.9110375580476655,1.9254822731018066,1533530.0
2018-04-25,1.9211490315384754,1.9413715641069342,1.8633699980687586,1.8705923557281494,3232150.0
2018-04-26,1.8705920223852688,1.893703631654625,1.846036045158177,1.8835923671722412,3439820.0
2018-04-27,1.860480828567518,1.88937025515421,1.860480828567518,1.8792589902877808,3623360.0
2018-04-30,1.8648141354672223,1.9384822365501848,1.8648141354672223,1.9341487884521484,2121180.0
2018-05-01,1.9341487884521484,1.9341487884521484,1.9341487884521484,1.9341487884521484,0.0
2018-05-02,1.913926488316647,1.9211488452758028,1.8677032660223902,1.877814531326294,4409810.0
2018-05-03,1.8778144206018617,1.8778144206018617,1.8417026379353956,1.848924994468689,4267520.0
2018-05-04,1.8460360150984,1.877814348180386,1.8373691187148786,1.8532583713531494,3273470.0
2018-05-07,1.8200358715192742,1.8561476602012852,1.8200358715192742,1.8272582292556763,2991040.0
2018-05-08,1.8041460842483064,1.8041460842483064,1.755034134983493,1.7738122940063477,6779950.0
2018-05-09,1.791146076956685,1.7954795251577198,1.7492563072727556,1.770923376083374,4111720.0
2018-05-10,1.7694791411021231,1.7882573032545337,1.7564787955221914,1.7810349464416504,5059560.0
2018-05-11,1.7795904991803397,1.8691478660948946,1.7795904991803397,1.8214802742004395,2619110.0
2018-05-14,1.8243689597519932,1.8778143619913066,1.8200355115283608,1.8417025804519653,2103030.0
2018-05-15,1.833035551382429,1.8850364048350858,1.8012570511566333,1.8171463012695312,4524780.0
2018-05-16,1.811368975929274,1.860481111923286,1.811368975929274,1.8445918560028076,3920260.0
2018-05-17,1.8128132299345132,1.8633697261732467,1.8128132299345132,1.8229244947433472,2744500.0
2018-05-18,1.8272580573360793,1.8677032912935154,1.821480240568406,1.8373693227767944,3398290.0
2018-05-21,1.824368953704834,1.8648141833337453,1.8200355054955657,1.824368953704834,1651410.0
2018-05-22,1.8330360801437282,1.8431473457711391,1.805591019504095,1.8214802742004395,1925560.0
2018-05-23,1.8185910985519025,1.8388138009447175,1.7810349464416504,1.7810349464416504,3132700.0
2018-05-24,1.7694789888804854,1.8474805390661868,1.697255254770219,1.8330358266830444,4127910.0
2018-05-25,1.863369842620473,1.8749256483503942,1.8359249546821637,1.8373693227767944,2450590.0
2018-05-28,1.8575917927253733,1.9760385713487965,1.8474805285536198,1.8763699531555176,3343080.0
2018-05-29,1.9191283386920865,1.9191283386920865,1.8545210693807148,1.8677361011505127,2356160.0
2018-05-30,1.880950959166163,1.8941659884854285,1.8222171843419501,1.870672583580017,4006970.0
2018-05-31,1.9103179058360824,1.9323430720783799,1.8148753437456644,1.8280905485153198,7128500.0
2018-06-01,1.8207492378306436,1.8383693397976302,1.7311801381910854,1.734116792678833,3648210.0
2018-06-04,1.7443952345838554,1.7840406842574248,1.7429269948066355,1.7825722694396973,2634350.0
2018-06-05,1.7752301547065763,1.788445360035955,1.7443948506451616,1.7693568468093872,2149050.0
2018-06-06,1.7913824544263388,1.7913824544263388,1.7429270397193017,1.753205418586731,907910.0
2018-06-07,1.7443947383419631,1.757609942820554,1.7282430551442955,1.7502682209014893,1540520.0
2018-06-08,1.7341164743048463,1.782571877098297,1.6739142806765488,1.7693568468093872,6221040.0
2018-06-11,1.781103901206461,1.8178125185970917,1.6783195974721994,1.8016606569290161,6617090.0
2018-06-12,1.7987242211912686,1.8031292908217054,1.7223701477050781,1.7223701477050781,3170780.0
2018-06-13,1.7458637343352892,1.7458637343352892,1.6930032488926168,1.6974083185195923,2691780.0
2018-06-14,1.7032813003771332,1.7620152590387463,1.6651042710072053,1.73117995262146,6007040.0
2018-06-15,1.73117995262146,1.73117995262146,1.73117995262146,1.73117995262146,0.0
2018-06-18,1.7297115741641134,1.7297115741641134,1.6504208595941947,1.7003446817398071,5576860.0
2018-06-19,1.6930026693757239,1.7179644886634349,1.6885976012566088,1.703281044960022,1314940.0
2018-06-20,1.6959397691374505,1.8501161436118554,1.672446358057538,1.7150282859802246,5553940.0
2018-06-21,1.690066595482737,1.7488003904471814,1.690066595482737,1.7223701477050781,4793190.0
2018-06-22,1.7179647116351757,1.8354324515488762,1.713559817984813,1.7620152235031128,11248460.0
2018-06-25,1.7781671157817982,1.7928505631013778,1.7150282572995055,1.726775050163269,3038000.0
2018-06-26,1.7341167452592443,1.7341167452592443,1.6797880260797844,1.6930030584335327,4569040.0
2018-06-27,1.6841929861511462,1.7150282962385672,1.6841929861511462,1.6959397792816162,1211850.0
2018-06-28,1.6930028144986622,1.7150279819417629,1.6812560235209144,1.691534399986267,1287120.0
2018-06-29,1.6841927100203777,1.7253063917160034,1.6841927100203777,1.7253063917160034,3673780.0
2018-07-02,1.7326483305352738,1.739990054074133,1.6871297496186437,1.6930030584335327,2729900.0
2018-07-03,1.6915345860790811,1.7047497930230844,1.6665727619055064,1.6709778308868408,1349160.0
2018-07-04,1.6753828000606676,1.6812561083255628,1.662167593903933,1.6783194541931152,1117060.0
2018-07-05,1.6753830672716237,1.6885981004955761,1.663636273827828,1.66657292842865,2059830.0
2018-07-06,1.681256096172092,1.681256096172092,1.6489525508677236,1.6518892049789429,1823190.0
2018-07-09,1.6548259397234577,1.66510431713379,1.6269274617467724,1.6372058391571045,2777530.0
2018-07-10,1.6298640224596146,1.6489525365778355,1.6034337856067302,1.6460158824920654,3797720.0
2018-07-11,1.6504207088859395,1.6504207088859395,1.5652566936241106,1.5784718990325928,1932330.0
2018-07-12,1.5740669912046437,1.5740669912046437,1.4477891948874602,1.4485234022140503,5324130.0
2018-07-13,1.4588017396273019,1.481561028363789,1.4463208280595197,1.4676117897033691,3672570.0
2018-07-16,1.4742193149244291,1.5212064823549598,1.4595359563827515,1.4595359563827515,1226990.0
2018-07-17,1.4742192147006277,1.4933077282915004,1.4536624616276705,1.4668775796890259,3448010.0
2018-07-18,1.4565992651433692,1.4977129505498255,1.4565992651433692,1.4903712272644043,4586850.0
2018-07-19,1.512396309476504,1.512396309476504,1.4632067838187908,1.4800927639007568,28459230.0
2018-07-20,1.4933077950325007,1.4962446242088705,1.4727510410407925,1.4800927639007568,2534740.0
2018-07-23,1.505054606504979,1.5065230211125682,1.4815610230264467,1.4874345064163208,3683680.0
2018-07-24,1.4859661305052814,1.5050546456986191,1.462472633935188,1.5021179914474487,3753380.0
2018-07-25,1.5021179389377293,1.509459661829253,1.4889029077491787,1.5050545930862427,1847260.0
2018-07-26,1.503586468661789,1.5417633255966252,1.494776330501176,1.5256116390228271,42730980.0
2018-07-27,1.5417633100580868,1.5564467568174596,1.4844979377127296,1.4977129697799683,2181530.0
2018-07-30,1.5109280221536558,1.532953190037119,1.4962445768980137,1.5285481214523315,1565060.0
2018-07-31,1.54763671096267,1.54763671096267,1.5109280960287395,1.5123963356018066,4636680.0
2018-08-01,1.5109280764237503,1.5197380388692905,1.4947762160462055,1.5050545930862427,7053860.0
2018-08-02,1.5035862408296443,1.512396202614826,1.475687590908732,1.4859659671783447,5210100.0
2018-08-03,1.4786244315782027,1.5241431858586825,1.4727511229796524,1.5109281539916992,2688130.0
2018-08-06,1.5270797266842409,1.5432315866907822,1.5021179044345216,1.5358898639678955,2088980.0
2018-08-07,1.522674672189818,1.5491049092458726,1.5168013639731295,1.541763186454773,8752460.0
2018-08-08,1.5417631593703203,1.5564466046945729,1.5358898512568093,1.5535099506378174,1328970.0
2018-08-09,1.5725984825690844,1.5960920653730113,1.5432315915844146,1.5814086198806763,1668350.0
2018-08-10,1.5417632527085627,1.7003446818595696,1.4712826758771662,1.6107755899429321,7250730.0
2018-08-13,1.5637883589333947,1.720901349521547,1.491839378420956,1.713559627532959,14592630.0
2018-08-14,1.7297116416193667,1.7399900193606126,1.6122440673411438,1.6342692375183105,5573750.0
2018-08-15,1.6416106865030082,1.647483994218954,1.5593833282369822,1.6004970073699951,7498730.0
2018-08-16,1.5799403051261844,1.622522404768318,1.5711303422985106,1.5740669965744019,5607250.0
2018-08-17,1.5740668991375861,1.584345275987205,1.5373582853600354,1.5608516931533813,6386080.0
2018-08-20,1.563788315522956,1.5902183739158124,1.559383247443995,1.5711300373077393,732530.0
2018-08-21,1.5711300373077393,1.5711300373077393,1.5711300373077393,1.5711300373077393,0.0
2018-08-22,1.5711300373077393,1.5711300373077393,1.5711300373077393,1.5711300373077393,0.0
2018-08-23,1.5711300373077393,1.5711300373077393,1.5711300373077393,1.5711300373077393,0.0
2018-08-24,1.5711300373077393,1.5711300373077393,1.5711300373077393,1.5711300373077393,0.0
2018-08-27,1.5725984937331532,1.6695093046867364,1.5725984937331532,1.6518892049789429,5177730.0
2018-08-28,1.6548259397234577,1.6753828695846094,1.6313323556079953,1.6372058391571045,2355970.0
2018-08-29,1.648952366346879,1.6518890201294811,1.5858135223388672,1.5858135223388672,3654250.0
2018-08-30,1.5858135223388672,1.5858135223388672,1.5858135223388672,1.5858135223388672,0.0
2018-08-31,1.5637887043322702,1.5843454604245677,1.5212066023689423,1.5388267040252686,7090460.0
2018-09-03,1.5373582278845634,1.7194330504384772,1.532953159387849,1.691534399986267,5882560.0
2018-09-04,1.6930030342270086,1.738521789533309,1.613712316116727,1.6151807308197021,4119010.0
2018-09-05,1.6225223904706834,1.6665727293423478,1.5916870832443237,1.5916870832443237,3352380.0
2018-09-06,1.5931554507486851,1.6489525800098739,1.5916870361468847,1.5960921049118042,1928550.0
2018-09-07,1.6004971528259029,1.6328006982803345,1.5975604987010419,1.6328006982803345,2377270.0
2018-09-10,1.6181171055582968,1.6342689643378439,1.5990285929207768,1.6004970073699951,981440.0
2018-09-11,1.5872818755126206,1.625458902544988,1.5799401530095092,1.5843452215194702,2102060.0
2018-09-12,1.6078387887752599,1.6078387887752599,1.5667251081274318,1.5784718990325928,2265700.0
2018-09-13,1.6093071152004863,1.634269112863005,1.5740669156211937,1.6328006982803345,2212030.0
2018-09-14,1.6313323925632974,1.6342692219246249,1.5946237759516149,1.6063705682754517,2051410.0
2018-09-17,1.6151806195328007,1.622522342460839,1.5858137278206468,1.5960921049118042,1476140.0
2018-09-18,1.6078390073858144,1.6239906939160709,1.599028869248952,1.6151807308197021,2966240.0
2018-09-19,1.6225221308200781,1.653357433111895,1.6034336186889753,1.6489523649215698,2560670.0
2018-09-20,1.6592309277772301,1.684192750283311,1.6416108280694364,1.6518892049789429,1209090.0
2018-09-21,1.6783195581453982,1.6783195581453982,1.5975606017783741,1.6269274950027466,4145670.0
2018-09-24,1.6254592934661534,1.6254592934661534,1.5828771876828753,1.5931557416915894,2045160.0
2018-09-25,1.5960920125325426,1.6122438720555763,1.57847191353317,1.5843452215194702,5795810.0
2018-09-26,1.5946237568112618,1.6093072032796887,1.5902186878626359,1.5990288257598877,1969420.0
2018-09-27,1.5990289793216983,1.6093073578285773,1.5814088768755477,1.5887506008148193,2528600.0
2018-09-28,1.5887506954344461,1.597560834702471,1.5285484855308145,1.5549787282943726,16070140.0
2018-10-01,1.5505733293005073,1.5711302582125284,1.5417631919038584,1.5432316064834595,6844600.0
2018-10-02,1.5417634537245453,1.5740671796377244,1.5388267991071225,1.552042007446289,5250500.0
2018-10-03,1.5432316700602247,1.5828769398974591,1.5417632554201288,1.566725254058838,3634550.0
2018-10-04,1.5887504593214392,1.5887504593214392,1.4830295039789831,1.4903712272644043,2343500.0
2018-10-05,1.481560941470367,1.4874344245369213,1.4044728546655647,1.4470548629760742,6569070.0
2018-10-08,1.4360424586755651,1.4389792005759832,1.3729036018196734,1.3795111179351807,5747850.0
2018-10-09,1.375840149362081,1.3861186139350217,1.2958153172337383,1.3171063661575317,10680930.0
2018-10-10,1.3215113369289495,1.3758401384754122,1.3207772171568457,1.3354606628417969,8648800.0
2018-10-11,1.3464732589431292,1.3655617735094796,1.3193089016912005,1.3618909120559692,5566790.0
2018-10-12,1.3905236937907681,1.4499916847684926,1.3383973382520156,1.4323714971542358,9333430.0
2018-10-15,1.4492575603130973,1.4698144907983468,1.4140172705902698,1.4632068872451782,4434650.0
2018-10-16,1.463207017245065,1.471282861167226,1.4331059137090685,1.4441184997558594,5637780.0
2018-10-17,1.4463210344692683,1.460270275120435,1.4389793104380744,1.4441184997558594,2094780.0
2018-10-18,1.446320812607649,1.4617384657162324,1.43016895220047,1.450725793838501,8721290.0
2018-10-19,1.4499914334161543,1.4786241129855873,1.4140169446399506,1.460269808769226,13026300.0
2018-10-22,1.45880165406871,1.4756876334442854,1.4375106061533371,1.4470548629760742,8919220.0
2018-10-23,1.4433841751526026,1.463941018274934,1.4250298665648509,1.4338399171829224,7746030.0
2018-10-24,1.4411817525193618,1.5182699374123,1.3993338582151313,1.4426500797271729,7740100.0
2018-10-25,1.4294349649186928,1.4543967901013268,1.3751061578737709,1.387587070465088,11857860.0
2018-10-26,1.3934604303379687,1.402270480905765,1.3538150715025163,1.3626251220703125,5470070.0
2018-10-29,1.3626251220703125,1.3626251220703125,1.3626251220703125,1.3626251220703125,0.0
2018-10-30,1.362624946054384,1.4030045070212598,1.362624946054384,1.395662784576416,11547720.0
2018-10-31,1.3868528884863478,1.463206862867068,1.3582201152734859,1.3751060962677002,4998760.0
2018-11-01,1.3802453482905719,1.4903712897060473,1.3802453482905719,1.468346118927002,5874430.0
2018-11-02,1.4624725193335688,1.5388264866034609,1.4595358653125192,1.4815609455108643,4292100.0
2018-11-05,1.4962447692258256,1.5065231472178664,1.467611907264466,1.4889030456542969,3585460.0
2018-11-06,1.4889030500117428,1.496244773604758,1.4602701879665858,1.468346118927002,1740210.0
2018-11-07,1.4610042572021484,1.4815610113028366,1.4529283270052777,1.4610042572021484,6440750.0
2018-11-08,1.4551309191219464,1.4889029683253112,1.4309032150901633,1.4830294847488403,4598550.0
2018-11-09,1.4683459060024127,1.4815609365373315,1.4169537607834244,1.4771560430526733,3252250.0
2018-11-12,1.4786245106185114,1.4815611650747662,1.4602702014662943,1.4742194414138794,1237320.0
2018-11-13,1.4646750019246242,1.4889027905844079,1.4580673993300741,1.4617383480072021,3514820.0
2018-11-14,1.4639409113536066,1.4830294258988062,1.4610042572021484,1.4610042572021484,1097420.0
2018-11-15,1.4683459801010343,1.4786243571513784,1.4610042572021484,1.4610042572021484,780030.0
2018-11-16,1.4698143473840075,1.5094596147537231,1.4639408642296763,1.5094596147537231,3530970.0
2018-11-19,1.5094596092684023,1.5197379859505364,1.4889028559041337,1.5079911947250366,948390.0
2018-11-20,1.5123963919364527,1.5123963919364527,1.4595360019666654,1.4654093980789185,3874340.0
2018-11-21,1.4668776515543667,1.5138647305722637,1.4610042557370995,1.5050545930862427,1118060.0
2018-11-22,1.5094598016383785,1.5256116635119406,1.4742194234707424,1.4889030456542969,799460.0
2018-11-23,1.4903712272644043,1.4918396419376847,1.4698144720814215,1.4903712272644043,441570.0
2018-11-26,1.5021178263452133,1.5021178263452133,1.472750936980338,1.4859659671783447,1069050.0
2018-11-27,1.4844978291837936,1.565256780456204,1.4800927604699297,1.544700026512146,2576710.0
2018-11-28,1.521206404279848,1.579940185513047,1.521206404279848,1.530016541481018,2584500.0
2018-11-29,1.541763335494996,1.6034339529342336,1.541763335494996,1.5975606441497803,3460100.0
2018-11-30,1.5946235984776995,1.5946235984776995,1.4977127913923665,1.519737958908081,4731470.0
2018-12-03,1.553509977928628,1.5579150466113836,1.50211791839093,1.541763186454773,2179100.0
2018-12-04,1.552041736296519,1.5681934213908162,1.5300165679529953,1.5623201131820679,3063530.0
2018-12-05,1.5637886053084644,1.615180667325406,1.5637886053084644,1.5916870832443237,3683370.0
2018-12-06,1.6049023469493036,1.6049023469493036,1.5402950759511946,1.5681935548782349,2381830.0
2018-12-07,1.5872819974665855,1.5946237205337757,1.5314848671478434,1.5402950048446655,2245680.0
2018-12-10,1.5314848754880002,1.538826598595172,1.5138647750388854,1.5212064981460571,857290.0
2018-12-11,1.5197381988719059,1.521206613621002,1.4830295805494926,1.4962447881698608,3975610.0
2018-12-12,1.4962446306407025,1.5270797617608143,1.4844978390061683,1.5050545930862427,3776030.0
2018-12-13,1.4874346018539166,1.5358900114871108,1.4727511549978272,1.5241432189941406,2468220.0
2018-12-14,1.497713012568904,1.5770037323591102,1.497713012568904,1.5593836307525635,1936170.0
2018-12-17,1.5740668526361383,1.5740668526361383,1.4977127982021194,1.5006494522094727,1701230.0
2018-12-18,1.5006497382330664,1.52707997941779,1.4742194970483429,1.5182700157165527,3251830.0
2018-12-19,1.5050545336193202,1.5314847699926046,1.4918395029529148,1.527079701423645,2540630.0
2018-12-20,1.51239634101169,1.532953270472514,1.4889029323942278,1.5138647556304932,1106510.0
2018-12-21,1.5270798733572597,1.5329533571239917,1.463941016867976,1.5241432189941406,7484550.0
2018-12-24,1.5329533624765066,1.5520418784641719,1.52267480960896,1.5256116390228271,1374370.0
2018-12-25,1.5123961641775516,1.518269646925534,1.5006493737220503,1.515332818031311,62430.0
2018-12-26,1.5476369379999002,1.5696621101913355,1.522674936150533,1.552042007446289,904640.0
2018-12-27,1.5256116005285651,1.5358899780962731,1.5079913246519343,1.5109281539916992,780080.0
2018-12-28,1.5168014909745249,1.5417633155462154,1.494776320757064,1.4991813898086548,1060500.0
2018-12-31,1.491839412160772,1.5329530912347944,1.4756875534044,1.515332818031311,1443720.0
2019-01-01,1.515332818031311,1.515332818031311,1.515332818031311,1.515332818031311,0.0
2019-01-02,1.5094596752872642,1.5314848441582074,1.4786243688517506,1.4874345064163208,2072610.0
2019-01-03,1.475687694874186,1.487434486455817,1.3956628632048342,1.4250297546386719,2553870.0
2019-01-04,1.4316375255584717,1.461004420435076,1.409612266880768,1.4316375255584717,3730020.0
2019-01-07,1.4360424280166626,1.4646752014531403,1.4287007047027316,1.4360424280166626,1995760.0
2019-01-08,1.4441184238860063,1.4507259401588393,1.399333874640474,1.4037388563156128,2027490.0
2019-01-09,1.4030045977304646,1.4169538362694412,1.3927261331310032,1.3963969945907593,2342990.0
2019-01-10,1.4030046310736206,1.4316374036523352,1.392726166229886,1.4309031963348389,2983520.0
2019-01-11,1.4338398045647751,1.438244873287947,1.4132829630570407,1.4250297546386719,2138160.0
2019-01-14,1.4309030805300547,1.4338397345218872,1.413282894018352,1.4213588237762451,1364680.0
2019-01-15,1.4353083824487398,1.4433842259996956,1.4257641241428372,1.4411817789077759,1328270.0
2019-01-16,1.4441183306140581,1.4551309153710044,1.4323715385318847,1.447789192199707,1349610.0
2019-01-17,1.4595359536782406,1.4771561414320395,1.4536625577603077,1.4588017463684082,1656760.0
2019-01-18,1.4610043307420617,1.5241431858586825,1.4588017962574829,1.5109281539916992,3861290.0
2019-01-21,1.5270800706393048,1.5623204526708878,1.5065233124012687,1.5549787282943726,1584070.0
2019-01-22,1.5270799202256988,1.5770037460929385,1.5270799202256988,1.565256953239441,1162420.0
2019-01-23,1.5491049923378395,1.577003645464753,1.546168338071977,1.5725985765457153,920920.0
2019-01-24,1.5667255223049004,1.5711305919389127,1.5256118307883115,1.5549787282943726,2395170.0
2019-01-25,1.5491052437688506,1.5608520377793784,1.5358902099073297,1.5549787282943726,862370.0
2019-01-28,1.5461682352620632,1.554978372514323,1.5270797212424845,1.534421443939209,2499420.0
2019-01-29,1.5373584040535866,1.6151807062784518,1.5138648194059134,1.6063705682754517,1852680.0
2019-01-30,1.615180520213286,1.6504207180847132,1.58581363030694,1.6474840641021729,1421390.0
2019-01-31,1.6504209526959412,1.695939708537565,1.6063706115745622,1.6225224733352661,4367340.0
2019-02-01,1.604902328635279,1.648952668569298,1.5902187069501148,1.6063705682754517,1315670.0
2019-02-04,1.5902186240638434,1.628395653366305,1.5711302844530945,1.5755351781845093,505010.0
2019-02-05,1.5725988087146752,1.615180914497953,1.562320429746475,1.5931557416915894,430090.0
2019-02-06,1.5681932533193605,1.6357371656833246,1.5681932533193605,1.6093069314956665,1767020.0
2019-02-07,1.6239905392475973,1.6460158824920654,1.5902185796600494,1.6460158824920654,1258480.0
2019-02-08,1.651889319235365,1.651889319235365,1.59021870343179,1.6269274950027466,1412600.0
2019-02-11,1.6298638581040492,1.651889024087021,1.606370277706029,1.6093069314956665,737670.0
2019-02-12,1.6137123298103915,1.6416109841202033,1.6019655372083916,1.6210540533065796,1130490.0
2019-02-13,1.6254590274321685,1.6254590274321685,1.5182698356430953,1.5402950048446655,4235580.0
2019-02-14,1.5256115988292056,1.5388266306814686,1.464675190744795,1.4654093980789185,3965890.0
2019-02-15,1.4536625212471106,1.4676117596216118,1.4382448682898286,1.4448524713516235,2710110.0
2019-02-18,1.4529283309325423,1.4683459840699729,1.4448524882340832,1.4514600038528442,6498750.0
2019-02-19,1.4492575368901615,1.4800928445994286,1.4463208825941576,1.4654093980789185,3154250.0
2019-02-20,1.4771562716341062,1.5153331296651165,1.467611925845979,1.4962447881698608,1127510.0
2019-02-21,1.5079912125966402,1.5579150321365556,1.474219253063266,1.5358898639678955,2080340.0
2019-02-22,1.5388264724297949,1.5520416779635067,1.5168013049140803,1.519737958908081,1184900.0
2019-02-25,1.524143287187505,1.5696620444941847,1.5035865306854248,1.5035865306854248,1628730.0
2019-02-26,1.5241432524989726,1.5593836307525635,1.5182699436436229,1.5593836307525635,941350.0
2019-02-27,1.5579150679214069,1.5579150679214069,1.4977128701947189,1.5050545930862427,1398570.0
2019-02-28,1.4933076691448774,1.5212063186851408,1.466877521589243,1.4786242246627808,1501930.0
2019-03-01,1.483029351059199,1.4874344195843294,1.4551307879472577,1.4771560430526733,4450230.0
2019-03-04,1.4844978582682127,1.5637885715497928,1.4830294436546623,1.5123963356018066,3018240.0
2019-03-05,1.5256116679768184,1.5593836315127874,1.467611911559601,1.468346118927002,2497250.0
2019-03-06,1.4933079157942424,1.540295085930186,1.48302953796719,1.5256116390228271,1698240.0
2019-03-07,1.524143052867544,1.5535099433788282,1.516801330239723,1.5285481214523315,1369770.0
2019-03-08,1.527079863298714,1.5505734481299074,1.4903712464002818,1.4977129697799683,1574290.0
2019-03-11,1.5138646170992571,1.5432315064641324,1.4830293132499508,1.4859659671783447,3648020.0
2019-03-12,1.5079912150301786,1.535889866446456,1.4654092931849099,1.4712826013565063,7497940.0
2019-03-13,1.4654094780451148,1.4830295798231434,1.4558652197819117,1.4742194414138794,3871230.0
2019-03-14,1.4668777917124487,1.4889030500117428,1.4610043953339868,1.468346118927002,2968920.0
2019-03-15,1.4742192229380038,1.4859660140626754,1.4646750536094744,1.4815609455108643,5229700.0
2019-03-18,1.5241432568049138,1.5564468056815948,1.5079913948463242,1.5388267040252686,3850650.0
2019-03-19,1.4947763681411743,1.5212066082480593,1.4815611605674823,1.4947763681411743,1954860.0
2019-03-20,1.4962446829451082,1.5123963688467885,1.491839614048109,1.5021179914474487,909770.0
2019-03-21,1.5182699344484474,1.53882669035817,1.5021180726333108,1.5329533815383911,1670160.0
2019-03-22,1.524143073066221,1.524143073066221,1.466143411025653,1.4918395280838013,1675190.0
2019-03-25,1.48156115137823,1.4933079441351538,1.4360424826055862,1.468346118927002,871570.0
2019-03-26,1.469814425289215,1.4800928025534896,1.4411816528754628,1.4499917030334473,1306480.0
2019-03-27,1.409612293833468,1.4250299489465812,1.3031572103500366,1.3031572103500366,2122610.0
2019-03-28,1.3222454855938,1.3633591666968052,1.306827833300114,1.3574857711791992,1447290.0
2019-03-29,1.295081152995088,1.3450048845090983,1.2892077573722216,1.3009544610977173,4486480.0
2019-04-01,1.2906762356984212,1.3567518348011383,1.2855370467460563,1.325182318687439,3123750.0
2019-04-02,1.37070107935093,1.3780428028862874,1.3288531851831933,1.3611568212509155,2983160.0
2019-04-03,1.3618908561188106,1.3743717670440674,1.3486757379249117,1.3743717670440674,1661970.0
2019-04-04,1.3802452204592868,1.4154855079460331,1.3596883787986649,1.4066754579544067,2218590.0
2019-04-05,1.428700783558661,1.4580676784352653,1.3985996813020414,1.4316375255584717,1767930.0
2019-04-08,1.4536626378166377,1.4610043612383181,1.394194643092929,1.398599624633789,1758960.0
2019-04-09,1.40667540914854,1.437510626809497,1.396396944914729,1.4000678062438965,2368240.0
2019-04-10,1.4316373951240327,1.4316373951240327,1.398599553877633,1.4052071571350098,1071620.0
2019-04-11,1.4154855496712009,1.425029807243572,1.404472964976983,1.422093152999878,1057850.0
2019-04-12,1.4242957111251673,1.4242957111251673,1.3912578689729347,1.4198906421661377,1313200.0
2019-04-15,1.4419158387989208,1.4756878013936903,1.4257640648484753,1.4529284238815308,3017650.0
2019-04-16,1.4455866301117823,1.471282660720142,1.4426499759074953,1.4595359563827515,1851450.0
2019-04-17,1.4683459453472358,1.50211790489087,1.452194172856026,1.4918395280838013,1821230.0
2019-04-18,1.4977129715589104,1.4977129715589104,1.4470550276667562,1.4529284238815308,3320880.0
2019-04-19,1.461004283484895,1.4668776794137113,1.4580675417603657,1.4595359563827515,82280.0
2019-04-22,1.4588018665634916,1.4595360739338175,1.422093248452179,1.4242957830429077,559460.0
2019-04-23,1.4242957830429077,1.4242957830429077,1.4242957830429077,1.4242957830429077,0.0
2019-04-24,1.4235614924641384,1.4507258507746787,1.4235614924641384,1.4382449388504028,27013630.0
2019-04-25,1.4602700747908985,1.4742193135284163,1.4316373900053656,1.469814419746399,2438590.0
2019-04-26,1.48009272142687,1.48009272142687,1.4367765052839718,1.4646750688552856,1845300.0
2019-04-29,1.461004284888018,1.4617384921999161,1.443384097084647,1.449257493019104,1414840.0
2019-04-30,1.466143543484712,1.491839662864382,1.4455867004931242,1.4529284238815308,2072820.0
2019-05-01,1.4529284238815308,1.4529284238815308,1.4529284238815308,1.4529284238815308,0.0
2019-05-02,1.4551308625895936,1.4661434469470844,1.4448524855306983,1.450725793838501,1040580.0
2019-05-03,1.4565991832133312,1.4654093206764844,1.4242956375825695,1.4257639646530151,3756980.0
2019-05-06,1.41401720729127,1.41401720729127,1.3817135733579928,1.4052071571350098,1595750.0
2019-05-07,1.3912578893098608,1.397865492844993,1.3765744425921176,1.3824478387832642,2444610.0
2019-05-08,1.3846504186796753,1.4000679857265,1.363359367728943,1.3883212804794312,1322290.0
2019-05-09,1.386118487878821,1.4000677251132356,1.3633591139487418,1.3707008361816406,3501350.0
2019-05-10,1.3611567269376947,1.3809794491258616,1.3405998849590073,1.3699668645858765,2411370.0
2019-05-13,1.356017683326887,1.36115687249105,1.2642460481599678,1.2767269611358643,4131330.0
2019-05-14,1.2994861441399301,1.2994861441399301,1.2502965319975294,1.2826001644134521,3247630.0
2019-05-15,1.2752584318278835,1.3200429749919744,1.2693850362050167,1.3009544610977173,4908400.0
2019-05-16,1.314169790961411,1.3677644799491129,1.3009546705622759,1.3127014636993408,5075370.0
2019-05-17,1.3075621088827443,1.325916416134166,1.298017851607957,1.3171063661575317,2841670.0
2019-05-20,1.297283622179011,1.3171063436885764,1.297283622179011,1.3090304136276245,1974820.0
2019-05-21,1.3082962991634,1.3244481604312508,1.3016887832049122,1.310498833656311,1697260.0
2019-05-22,1.3178404634539653,1.3178404634539653,1.3060937595255908,1.3090304136276245,2399250.0
2019-05-23,1.3097645679210328,1.339865665090085,1.305359499425969,1.322245478630066,2549420.0
2019-05-24,1.3383974100370317,1.3398658247238258,1.3266507051843999,1.3369290828704834,982920.0
2019-05-27,1.3332581852627807,1.3472075117696702,1.3215113932064781,1.3229798078536987,1457480.0
2019-05-28,1.3237139633310575,1.3552833912529512,1.3229798435079065,1.3369290828704834,1072920.0
2019-05-29,1.339865949091019,1.410346534829845,1.331055810233475,1.3736379146575928,3788060.0
2019-05-30,1.3787769459779344,1.4610043157572103,1.37290354991938,1.4382449388504028,4313970.0
2019-05-31,1.4922679274591957,1.4922679274591957,1.403334766204487,1.4395109415054321,2209880.0
2019-06-03,1.4470477165599342,1.4508160664789231,1.4123788613674177,1.423684000968933,330920.0
2019-06-04,1.423684000968933,1.423684000968933,1.423684000968933,1.423684000968933,0.0
2019-06-05,1.423684000968933,1.423684000968933,1.423684000968933,1.423684000968933,0.0
2019-06-06,1.423684000968933,1.423684000968933,1.423684000968933,1.423684000968933,0.0
2019-06-07,1.4244375274194006,1.5178926534367907,1.4071031009138364,1.4869922399520874,3407610.0
2019-06-10,1.5073414013436772,1.5133706893233618,1.4666431684135137,1.4824702739715576,1363620.0
2019-06-11,1.4651358816721687,1.4862386596424784,1.4515698037023588,1.4726725816726685,1809600.0
2019-06-12,1.4575992389444044,1.4764409896859936,1.4395111043257458,1.4462941884994507,3424510.0
2019-06-13,1.4530770703007756,1.4530770703007756,1.3935370886614598,1.4003201723098755,1594650.0
2019-06-14,1.3950446474499865,1.4199157786937306,1.3867543302651137,1.4048423767089844,2354860.0
2019-06-17,1.3927837090279247,1.414640105967982,1.3882616524946758,1.4048423767089844,635430.0
2019-06-18,1.3942907681386643,1.4658895038992616,1.3942907681386643,1.4628747701644897,2124080.0
2019-06-19,1.4621212024287504,1.4922680017053682,1.4432793630363154,1.4824702739715576,1593140.0
2019-06-20,1.4960361965802191,1.5193999995362188,1.4771944489849094,1.4922678470611572,3145700.0
2019-06-21,1.4975437909539753,1.5028194632718634,1.4169010246944005,1.4342354536056519,6692200.0
2019-06-24,1.4319742173859653,1.475687091377839,1.4289595735980607,1.4432792663574219,14543670.0
2019-06-25,1.4560917271087017,1.4794555309215254,1.4508159657129047,1.4704114198684692,6172840.0
2019-06-26,1.474933544851784,1.4998046717298206,1.4538307678084637,1.4779481887817383,2722170.0
2019-06-27,1.4839775017102663,1.529951403624853,1.4839775017102663,1.5103559494018555,1820810.0
2019-06-28,1.5224148753317648,1.535981043482229,1.4967900407884769,1.5028194189071655,3326160.0
2019-07-01,1.516385555008337,1.546532355120064,1.508848854980405,1.5254294872283936,2002220.0
2019-07-02,1.5374881721465943,1.5450248718261719,1.523922184598992,1.5450248718261719,1033420.0
2019-07-03,1.551054494693844,1.6098406862053047,1.5359810938253553,1.5751718282699585,3563950.0
2019-07-04,1.5510544701769282,1.5721571591836052,1.5178928450391362,1.5344736576080322,635200.0
2019-07-05,1.5450249048811362,1.5525616047219575,1.4952826499938965,1.4952826499938965,1011010.0
2019-07-08,1.4636284877337515,1.5676349605997815,1.4621211657766156,1.555576205253601,2213330.0
2019-07-09,1.5374880526880434,1.5555760945758204,1.5013118790679496,1.517892599105835,1570350.0
2019-07-10,1.5133706815652062,1.5616057039118005,1.4975436659328467,1.532966136932373,1922860.0
2019-07-11,1.5435177296444222,1.5661278300006447,1.520907449599095,1.540502905845642,895820.0
2019-07-12,1.535981043482229,1.5661278442311184,1.4824703463705757,1.5028194189071655,959710.0
2019-07-15,1.5028194189071655,1.5028194189071655,1.5028194189071655,1.5028194189071655,0.0
2019-07-16,1.4907607221422148,1.5088488561297604,1.4493087821124628,1.45835280418396,7197660.0
2019-07-17,1.462121177777776,1.5133706638083348,1.4553380941481688,1.4862385988235474,3177970.0
2019-07-18,1.4771945271114229,1.5239221354947727,1.4771945271114229,1.5163854360580444,1546540.0
2019-07-19,1.513370642246924,1.5374881527936335,1.513370642246924,1.5299514532089233,582140.0
2019-07-22,1.5194002643391633,1.563113054502969,1.5194002643391633,1.5510544776916504,498940.0
2019-07-23,1.5359809899507413,1.552561621971304,1.5299515221976365,1.5374882221221924,1594750.0
2019-07-24,1.542010417309098,1.5977819658509997,1.5344737167037297,1.596274733543396,2410800.0
2019-07-25,1.6023040280047176,1.652046288119663,1.6023040280047176,1.6218994855880737,2853380.0
2019-07-26,1.6279288048602532,1.6505389046888412,1.5947671813603768,1.6173772811889648,3346340.0
2019-07-29,1.6279287544045384,1.644509385951479,1.608333299222613,1.6158699989318848,1371400.0
2019-07-30,1.611347785602038,1.6460166368123954,1.6083331419509368,1.6399873495101929,5131550.0
2019-07-31,1.6505389046888412,1.6520461368639536,1.5962745932245894,1.6173772811889648,5479850.0
2019-08-01,1.6128553842755653,1.641494771815253,1.6038112725845595,1.620392084121704,2089590.0
2019-08-02,1.612855225842865,1.6158698695473688,1.5947670042376811,1.599289059638977,1830030.0
2019-08-05,1.5902450387430922,1.621899248652698,1.5616056523975181,1.5676349401474,2566800.0
2019-08-06,1.5646204907288501,1.6143627497593298,1.548039677822319,1.5917526483535767,2249420.0
2019-08-07,1.6007967204539417,1.6234068212899557,1.5857233198965992,1.5977818965911865,1391800.0
2019-08-08,1.6430022621453466,1.7937364459576999,1.6414948502284714,1.7243987321853638,12230710.0
2019-08-09,1.7228913517952953,1.8238832801571847,1.6957591946188042,1.7907216548919678,4517820.0
2019-08-12,1.7907216548919678,1.7907216548919678,1.7907216548919678,1.7907216548919678,0.0
2019-08-13,1.7907216548919678,1.7907216548919678,1.7907216548919678,1.7907216548919678,0.0
2019-08-14,1.7907216548919678,1.7907216548919678,1.7907216548919678,1.7907216548919678,0.0
2019-08-15,1.7937364787808856,1.8314199805012594,1.6791783819861958,1.7907216548919678,7334740.0
2019-08-16,1.7786628621770229,1.8284052990617279,1.7153546165140368,1.7605748176574707,4080820.0
2019-08-19,1.748515960395453,1.8103169702632784,1.748515960395453,1.7937363386154175,2829550.0
2019-08-20,1.7816774942206557,1.8615665435791016,1.7816774942206557,1.8615665435791016,3997020.0
2019-08-21,1.8510154411534583,1.8555373176179464,1.8027804151005533,1.8344346284866333,2903180.0
2019-08-22,1.8691033836940572,1.8691033836940572,1.8178537162424486,1.8495079278945923,2404060.0
2019-08-23,1.8510152704544807,1.8781474251848589,1.8404637471727658,1.8419711589813232,1208260.0
2019-08-26,1.8057950878191973,1.8615668151123377,1.796751155058311,1.8389567136764526,1623340.0
2019-08-27,1.8344345434506082,1.854029999415106,1.7846922874450684,1.7846922874450684,2734670.0
2019-08-28,1.792228808345114,1.8133314943892607,1.7756479981039388,1.8027801513671875,2593990.0
2019-08-29,1.8238831776793873,1.9595437762504244,1.813331654039249,1.9309043884277344,8654370.0
2019-08-30,1.9309043884277344,1.9309043884277344,1.9309043884277344,1.9309043884277344,0.0
2019-09-02,1.924874814025414,1.924874814025414,1.848000407218933,1.848000407218933,3081330.0
2019-09-03,1.846493288451725,1.8615666883828328,1.7937363886928475,1.7952436208724976,5523060.0
2019-09-04,1.807302416629793,1.8148391167616296,1.7892143722512066,1.7982583045959473,3620030.0
2019-09-05,1.8088096581424054,1.8223756452261566,1.7937362592986426,1.7967509031295776,2645840.0
2019-09-06,1.7907216548919678,1.7997657671805014,1.7756482542038183,1.7907216548919678,1890930.0
2019-09-09,1.787706870997844,1.8088097381257071,1.7816775830693667,1.7937363386154175,3307710.0
2019-09-10,1.8027802215383237,1.8223756763072383,1.7786627111013378,1.7831847667694092,2291120.0
2019-09-11,1.7907213956917607,1.7982580949449265,1.6625975083879425,1.7666040658950806,7424120.0
2019-09-12,1.7711261463988703,1.777155614311727,1.7138471895168084,1.7183692455291748,3439890.0
2019-09-13,1.716862081746354,1.7424868272522762,1.716862081746354,1.7259060144424438,2362980.0
2019-09-16,1.7304279169209247,1.8088097381257071,1.7168619292373024,1.7937363386154175,4505030.0
2019-09-17,1.8012730993432824,1.8012730993432824,1.7650968314805706,1.7846922874450684,1434890.0
2019-09-18,1.7982584643330284,1.8027805207516399,1.7650970167450784,1.792229175567627,2098460.0
2019-09-19,1.8012732418792792,1.8027804741871383,1.7635895591569386,1.772633671760559,855360.0
2019-09-20,1.7756482547416936,1.7756482547416936,1.7032958954788375,1.7108325958251953,3766980.0
2019-09-23,1.6867151155298379,1.709325217007096,1.6671196583117247,1.6882225275039673,3856020.0
2019-09-24,1.6972665494766672,1.7063104817719033,1.674656269515817,1.692744493484497,3262380.0
2019-09-25,1.6882223189018144,1.7063103619107816,1.6882223189018144,1.701788306236267,5010320.0
2019-09-26,1.7017883459125187,1.7093250456493934,1.6867149464387694,1.6957590579986572,3089900.0
2019-09-27,1.6912370815907392,1.7048032495672494,1.6852077933939151,1.692744493484497,4976750.0
2019-09-30,1.689729518753798,1.694251394172061,1.6445091473695495,1.6520458459854126,8366500.0
2019-10-01,1.656568414130419,1.7048034439615425,1.653553769688255,1.6731492280960083,11836760.0
2019-10-02,1.6731489000368032,1.683700243360107,1.6641047887944918,1.677670955657959,3781800.0
2019-10-03,1.6701342072638032,1.6852076057667296,1.6565680407977192,1.6671193838119507,4873060.0
2019-10-04,1.6806856482694397,1.7017883355282828,1.6776710043309042,1.6972664594650269,5381720.0
2019-10-07,1.7002811225468983,1.742486677228868,1.6701343234439334,1.721383810043335,6092470.0
2019-10-08,1.6580755689158926,1.6580755689158926,1.5178927373713365,1.532966136932373,59801840.0
2019-10-09,1.537488305428667,1.5435177735084693,1.4982974816663912,1.5073415040969849,16952500.0
2019-10-10,1.5103561082192338,1.5254295084851441,1.4741799296121385,1.5133707523345947,17047120.0
2019-10-11,1.5224146939353174,1.5374880925137593,1.4907605748894979,1.511863350868225,12239290.0
2019-10-14,1.5118634406676392,1.5118634406676392,1.3860003933416465,1.4131325483322144,14755650.0
2019-10-15,1.4395110859629798,1.4493088141925348,1.4153936632903041,1.435742735862732,11040220.0
2019-10-16,1.4146399753779368,1.4575992389444044,1.4101180091066883,1.4462941884994507,7586320.0
2019-10-17,1.4455404320956264,1.4711652661168448,1.442525788019978,1.45835280418396,6598430.0
2019-10-18,1.508848916039213,1.522414904762826,1.4922681034311438,1.5073415040969849,12126600.0
2019-10-21,1.522414820276127,1.5314589320493708,1.4967899866595191,1.4975436925888062,8257540.0
2019-10-22,1.5065877145175,1.513370708502883,1.495282664645495,1.4975436925888062,7728050.0
2019-10-23,1.5073415149286598,1.5103561591456691,1.4930217302864766,1.5013121366500854,7873580.0
2019-10-24,1.5065877477740044,1.5224148538819997,1.503573103679411,1.5148781538009644,13073840.0
2019-10-25,1.517892946160983,1.529951703406341,1.5088490129938052,1.5194003582000732,8228130.0
2019-10-28,1.5163854516869706,1.5224147394228598,1.4922679413652333,1.4960362911224365,4711150.0
2019-10-30,1.4960363021797043,1.4960363021797043,1.4591064203794344,1.4628747701644897,11480700.0
2019-10-31,1.4658895646731946,1.4734262645557674,1.4380037032320359,1.444786787033081,9269740.0
2019-11-01,1.4485551556804812,1.4643821717315386,1.447047743808861,1.4598602056503296,9564630.0
2019-11-04,1.4711652387405951,1.499804716304523,1.465889566784107,1.489253282546997,10339870.0
2019-11-05,1.4998048996906503,1.5073416005056135,1.4666433621980757,1.471165418624878,13217730.0
2019-11-06,1.4922679617455272,1.4967899276092018,1.4636284852307362,1.4839775562286377,24756290.0
2019-11-07,1.4960362076710596,1.525429298199832,1.4884995085770625,1.517892599105835,17039170.0
2019-11-08,1.5224148222730807,1.5405028661541946,1.50884883428452,1.5374882221221924,18919470.0
2019-11-11,1.5374882617359666,1.5600983620921893,1.529951561617226,1.540502905845642,12098230.0
2019-11-12,1.538995504882145,1.5465322041744753,1.5178926390501695,1.5209072828292847,10620210.0
2019-11-13,1.531458931948692,1.5736644874058892,1.5254294642038926,1.5646203756332397,24325580.0
2019-11-14,1.5600984894944099,1.5736646586294594,1.54954714440434,1.5570838451385498,9966330.0
2019-11-15,1.5691424191486099,1.6038112744183068,1.5691424191486099,1.6023038625717163,15266780.0
2019-11-18,1.6083335697012462,1.6505391311088315,1.6083335697012462,1.646017074584961,14513820.0
2019-11-19,1.6535536839548286,1.6656124407873871,1.6264215260038506,1.6595829725265503,11995550.0
2019-11-20,1.6580756023923031,1.674656234430747,1.6369727347673286,1.6445094347000122,8259580.0
2019-11-21,1.6384799573655253,1.650538711802709,1.627928614616394,1.627928614616394,5429080.0
2019-11-22,1.6309434279684785,1.6490314716613919,1.6188846722768369,1.620392084121704,5913710.0
2019-11-25,1.633958063261993,1.6460168188893751,1.5992892082166805,1.603811264038086,8247670.0
2019-11-26,1.6158698396478672,1.6294358259116541,1.5751715214783522,1.6128551959991455,7965840.0
2019-11-27,1.612855225842865,1.629435856062176,1.597781647942185,1.599289059638977,5035180.0
2019-11-28,1.6203920635509108,1.6460168067646581,1.61737723989945,1.6414947509765625,11290780.0
2019-11-29,1.647524068115683,1.6535533554897353,1.6188845038662363,1.627928614616394,8162190.0
2019-12-02,1.6430020827069598,1.6641047691038684,1.6309433277562604,1.6625975370407104,16574690.0
2019-12-03,1.6610902679979171,1.673149023984622,1.621899355963402,1.6234067678451538,12354050.0
2019-12-04,1.6324505108405805,1.639987389686588,1.6098404133698032,1.6249138116836548,8753750.0
2019-12-05,1.6641048694619494,1.6731489811426739,1.6399875377951805,1.6475242376327515,24333290.0
2019-12-06,1.6490314403296467,1.6580755518488135,1.6354654527399914,1.6430021524429321,12433710.0
2019-12-09,1.64149501806109,1.6550611876327024,1.6249142040366056,1.646017074584961,9281330.0
2019-12-10,1.6430023151784554,1.6520462479043077,1.6158701576226733,1.618884801864624,10573570.0
2019-12-11,1.612855216492184,1.6445092447395775,1.5992890503669475,1.627928614616394,13242660.0
2019-12-12,1.6309433577662098,1.6550608681113796,1.6309433577662098,1.649031400680542,9993390.0
2019-12-13,1.656568169593811,1.6791782691061072,1.6460168257592258,1.656568169593811,14729000.0
2019-12-16,1.6625978827038719,1.686715217930309,1.653553769688255,1.6731492280960083,12584250.0
2019-12-17,1.6731492056934862,1.7048034211351883,1.6701345612916865,1.6852079629898071,11763740.0
2019-12-18,1.6912369432412675,1.7093249860411746,1.6821930116858588,1.6867148876190186,7567760.0
2019-12-19,1.6957591059973796,1.73193537357181,1.6957591059973796,1.715354561805725,10414900.0
2019-12-20,1.7153543625138348,1.7259057052804303,1.6867147982169848,1.6912368535995483,5106960.0
2019-12-23,1.6882222984595887,1.7198765081088079,1.6867148866899728,1.7048031091690063,9431670.0
2019-12-24,1.7108326135931822,1.7334427148670744,1.7078179693611524,1.7259060144424438,8799110.0
2019-12-25,1.7304280095797453,1.7455014098971666,1.7213838975136502,1.734950065612793,4499620.0
2019-12-26,1.736456971212236,1.7530377803182748,1.7304276840949884,1.7485157251358032,5413060.0
2019-12-27,1.7485159824710348,1.804287705114519,1.7485159824710348,1.7635893821716309,13851540.0
2019-12-30,1.772633671760559,1.7831850166720384,1.7696190274557244,1.772633671760559,4426310.0
2019-12-31,1.7997656493135412,1.7997656493135412,1.7500233943624548,1.7545454502105713,4000310.0
2020-01-02,1.7424868450356477,1.762082302277496,1.7379647887968959,1.7409794330596924,4833860.0
2020-01-03,1.737964680454695,1.7424867364115484,1.6957591243392347,1.7304279804229736,9463780.0
2020-01-06,1.7183692378546556,1.7274133498389956,1.692744493484497,1.692744493484497,4865950.0
2020-01-07,1.7017885145024043,1.772633642798667,1.7017885145024043,1.7681115865707397,7064920.0
2020-01-08,1.7560527541815405,1.7560527541815405,1.718369253387987,1.734950065612793,4789470.0
2020-01-09,1.7711260104474023,1.8057948642955597,1.7666041344712395,1.801272988319397,8985950.0
2020-01-10,1.805795066856587,1.8148391792015974,1.7726336210734002,1.7801703214645386,9704500.0
2020-01-13,1.7892142828245114,1.8178536700184234,1.7892142828245114,1.7937363386154175,12355730.0
2020-01-14,1.8012731719677622,1.8449859619140625,1.7982583480908232,1.8449859619140625,14015820.0
2020-01-15,1.848000376882901,1.8796545861516152,1.826897690496483,1.8615665435791016,12802400.0
2020-01-16,1.8736255342353827,1.911309035872681,1.8645814219667873,1.8977428674697876,12866760.0
2020-01-17,1.8992500898158573,1.918845544648933,1.8902059784501017,1.9173381328582764,4647580.0
2020-01-20,1.9293969765679717,1.9595437762504244,1.9233676885071211,1.9309043884277344,6704890.0
2020-01-21,1.9293969765679717,1.9339190324581597,1.9067868768061322,1.9309043884277344,5376300.0
2020-01-22,1.9324117967651568,1.9655734231902877,1.9278899201518358,1.9489926099777222,6780450.0
2020-01-23,1.9580363738243631,1.9851685271171924,1.9444702073334061,1.9746170043945312,8574060.0
2020-01-24,1.9957199605819878,2.00928594799857,1.9489923511442617,1.961051106452942,3952940.0
2020-01-27,1.9459774494171145,1.9791388873556117,1.924874585500566,1.9459774494171143,4137270.0
2020-01-28,1.9580367140688393,1.964066002653129,1.879654884338379,1.879654884338379,5658070.0
2020-01-29,1.8947279953870506,1.8947279953870506,1.8480003871013488,1.860059142112732,7817910.0
2020-01-30,1.8660886094629676,1.8691032532935414,1.816346357346692,1.860059142112732,4036360.0
2020-01-31,1.8615667211744122,1.878147533266343,1.8208683968922372,1.8706108331680298,9124060.0
2020-02-03,1.8721180623068776,1.9339190748874306,1.8600593062315132,1.9067869186401367,9230440.0
2020-02-04,1.918845732605805,1.9504999457974854,1.893220987478264,1.924875020980835,7315240.0
2020-02-05,1.9203529857772752,1.9535144284765074,1.9113088742733506,1.9128162860870361,5465920.0
2020-02-06,1.921860445018678,1.9550220713258963,1.921860445018678,1.932411789894104,2895860.0
2020-02-07,1.952007247342247,1.9580367156204301,1.9173383887323194,1.932411789894104,4621950.0
2020-02-10,1.9384407233661456,1.958036175408001,1.8299121211925056,1.876639723777771,7290990.0
2020-02-11,1.8826693312626257,1.8841767430952276,1.8314198446015084,1.8464932441711426,7730700.0
2020-02-12,1.8464929297715522,1.8796543672405797,1.8404634631568688,1.876639723777771,4834690.0
2020-02-13,1.8660885894101733,1.8856840436319642,1.8555370665829185,1.8721178770065308,4353090.0
2020-02-14,1.8811621692592084,1.8902061015247384,1.8525226011956049,1.8540300130844116,6472540.0
2020-02-17,1.8630743505663003,1.9052800957415514,1.8630743505663003,1.8992506265640259,3220360.0
2020-02-18,1.8977428015905653,1.899250213479372,1.8449859011297782,1.8540300130844116,4391370.0
2020-02-19,1.861566554220204,1.8826692407272494,1.8208682335880495,1.8329269886016846,6664770.0
2020-02-20,1.844985855156433,1.8570446108990966,1.7952436000236331,1.8073023557662964,7696750.0
2020-02-21,1.80730224650339,1.861566554220204,1.78318473647612,1.8329269886016846,6756570.0
2020-02-24,1.7997656558882693,1.817853699657715,1.7620821564981328,1.8073023557662964,5017110.0
2020-02-25,1.8012732215814875,1.8434787804409252,1.7952437533506456,1.837449312210083,9681140.0
2020-02-26,1.8133317882978255,1.8510154703800807,1.8027804435655685,1.8389567136764526,9493510.0
2020-02-27,1.8178538938837068,1.872118210678936,1.8088099608772474,1.8404639959335327,16493390.0
2020-02-28,1.7711262512551653,1.787707064385777,1.6837004887002518,1.7032959461212158,14084290.0
2020-03-02,1.691237138986843,1.7304280526635474,1.6867150828412065,1.7108325958251953,6685010.0
2020-03-03,1.75303810203851,1.7575601580508762,1.7138471895168084,1.7183692455291748,5584540.0
2020-03-04,1.7243985637285664,1.7560525936886962,1.7048031091690063,1.7048031091690063,8721070.0
2020-03-05,1.7243984945402877,1.7620819903778118,1.7243984945402877,1.7334424257278442,7805950.0
2020-03-06,1.7394721031375138,1.805794991952837,1.6957591348686432,1.7198766469955444,13105840.0
2020-03-09,1.7017883705843626,1.7259058819676458,1.5827084052019122,1.620392084121704,10404710.0
2020-03-10,1.6580755142192602,1.6686268576260985,1.552561541083605,1.5676349401474,11739280.0
2020-03-11,1.5676349401474,1.5676349401474,1.5676349401474,1.5676349401474,0.0
2020-03-12,1.471918921503389,1.4998047842479763,1.3483169837451194,1.3814784288406372,8430640.0
2020-03-13,1.3543463295059182,1.4869923762487542,1.3453022175647906,1.466643214225769,8948780.0
2020-03-16,1.4349890948688333,1.4349890948688333,1.3144017140626016,1.3324898481369019,3197730.0
2020-03-17,1.3076187104593402,1.3362581884859759,1.205119464470372,1.2759644985198975,6728970.0
2020-03-18,1.2737034763743154,1.3181699675930003,1.2586299874936673,1.2661666870117188,3537350.0
2020-03-19,1.2171782143508865,1.355099931753218,1.1983364644070515,1.290284276008606,10626430.0
2020-03-20,1.3679123561162347,1.3679123561162347,1.3038503182176475,1.304603934288025,5107770.0
2020-03-23,1.3076187015071756,1.4018275408966445,1.288776951598192,1.321938395500183,9552490.0
2020-03-24,1.3339971928318584,1.4018275844564851,1.3008356580548683,1.3957982063293457,11833870.0
2020-03-25,1.3942908775411358,1.43197437834851,1.355853670779793,1.4101179838180542,8378970.0
2020-03-26,1.4357425917833448,1.4538307243560895,1.397305388680239,1.4395109415054321,4264960.0
2020-03-27,1.4319742276676377,1.490760590554753,1.316662619517385,1.3241993188858032,8168020.0
2020-03-30,1.3128943504384323,1.3324898059372021,1.2940526008605957,1.2940526008605957,6469440.0
2020-03-31,1.310633395934271,1.3287215304489162,1.2880232951743804,1.3098797798156738,8961890.0
2020-04-01,1.2978210987259307,1.3264605793180124,1.2797329631624563,1.3030967712402344,34296100.0
2020-04-02,1.3264604844243144,1.3430412067879112,1.3121407900749702,1.3392728567123413,7815940.0
2020-04-03,1.3777100823219344,1.3777100823219344,1.3332435867579906,1.34982430934906,7368470.0
2020-04-06,1.3528388721454823,1.394290810896827,1.3528388721454823,1.3754490613937378,8997730.0
2020-04-07,1.3844930728410925,1.4508160485652972,1.3829857508610182,1.386000394821167,17841360.0
2020-04-08,1.390522505179352,1.3988128213174025,1.375449105097931,1.3867541551589966,6040170.0
2020-04-09,1.4312206920956896,1.4312206920956896,1.3942908092076463,1.407103180885315,9239490.0
2020-04-10,1.4063495752075221,1.4093642192088267,1.398059169437111,1.4010738134384155,10056220.0
2020-04-13,1.3988129049389069,1.4048422833008238,1.382232181827053,1.3965519666671753,7820930.0
2020-04-14,1.4063495251441762,1.4123788129321542,1.4010737635628765,1.408610463142395,11199660.0
2020-04-15,1.4116252750123186,1.4123788911052544,1.3339971572332197,1.3656513690948486,22812600.0
2020-04-16,1.3611295795550828,1.3980594706732699,1.3611295795550828,1.3875080347061157,27935550.0
2020-04-17,1.4055959453572477,1.4055959453572477,1.3844931666723637,1.3897688388824463,15901890.0
2020-04-20,1.395798037537651,1.4108714361104202,1.3905223660060904,1.4033347368240356,17437190.0
2020-04-21,1.4018275107046834,1.40785688851461,1.378463705382923,1.3799710273742676,11743740.0
2020-04-22,1.3792174725241657,1.3852468506017357,1.353592638155631,1.3618830442428589,19143450.0
2020-04-24,1.3686659289915437,1.371680662711553,1.356607173800597,1.3603755235671997,12149230.0
2020-04-27,1.370173353667714,1.3867541657596658,1.367912415513859,1.3807247877120972,19465130.0
2020-04-28,1.388261458438342,1.3973054803960703,1.3709270306100416,1.371680736541748,30430880.0
2020-04-29,1.371680622492925,1.391275986797982,1.371680622492925,1.3844929933547974,26225400.0
2020-04-30,1.3867544184656844,1.401074115324132,1.3724346317626683,1.3875080347061157,70154810.0
2020-05-04,1.3754490969482576,1.3882614689726405,1.360375607111597,1.3701733350753784,31317970.0
2020-05-05,1.3769563833850753,1.3814783493590876,1.357360927964043,1.3754490613937378,19366440.0
2020-05-06,1.373188234855915,1.3754492630967643,1.3317362900258416,1.3370120525360107,34680590.0
2020-05-07,1.3415338663150849,1.3415338663150849,1.308372332198455,1.319677472114563,29777790.0
2020-05-08,1.3151554963299397,1.318923846583539,1.2737036435403477,1.2812403440475464,38189910.0
2020-05-11,1.2842549883126029,1.294806422929415,1.2804866380590036,1.2812403440475464,15511300.0
2020-05-12,1.284254794151874,1.2948062271734624,1.2661666617625271,1.292545199394226,30623790.0
2020-05-13,1.291038039503783,1.315909168507409,1.2880233054716304,1.3083723783493042,26409880.0
2020-05-14,1.303850349824432,1.3083723158899587,1.2699351101879552,1.277471899986267,31917970.0
2020-05-15,1.2887770696714935,1.2910380978366294,1.2782256348490464,1.2819939851760864,15479720.0
2020-05-18,1.2819936873682651,1.297820791003012,1.2819936873682651,1.2910377979278564,104699300.0
2020-05-20,1.305357644533766,1.3211847500433285,1.3038503225434621,1.312894344329834,64737970.0
2020-05-21,1.315155322164554,1.3249530494953152,1.2978208953246757,1.3159090280532837,60617260.0
2020-05-22,1.3166627743223671,1.3513316314310566,1.309879780031106,1.34982430934906,134318320.0
2020-05-27,1.382985767922089,1.447047716544202,1.3762026841612534,1.428205966949463,188931590.0
2020-05-28,1.4319746272960265,1.4372503003573194,1.3701736033522374,1.3875080347061157,109424800.0
2020-05-29,1.3897687803803958,1.3935371303496202,1.3679123864967142,1.3762027025222778,51124360.0
2020-06-01,1.4063496297982854,1.4138863299386508,1.3867541734955144,1.4018275737762451,67496140.0
2020-06-02,1.413132674740527,1.4146399968538264,1.3927836015995987,1.3988128900527954,63808170.0
2020-06-03,1.4033348736807765,1.5178927858814313,1.398059201634719,1.4809629917144775,290278870.0
2020-06-04,1.4892532867448491,1.5389956319640408,1.4591064870861694,1.4975436925888062,127691910.0
2020-06-05,1.5118635205084194,1.514878164624552,1.479455691959507,1.5043268203735352,59884970.0
2020-06-08,1.5035729605834578,1.51638542137749,1.4764408069360928,1.4869922399520874,53490120.0
2020-06-09,1.4847313080525044,1.4907606859017786,1.450816068880906,1.4636285305023193,61150990.0
2020-06-10,1.462874774845551,1.4945289850169432,1.456091781148565,1.4756871461868286,55211830.0
2020-06-11,1.4651358776673487,1.4847313335529062,1.4583527937787093,1.4598602056503296,42786690.0
2020-06-12,1.4395109655593283,1.469657853684317,1.43423529382916,1.4628747701644897,53293340.0
2020-06-15,1.4440330018128809,1.4538307290911268,1.4372499183843053,1.4478013515472412,37845970.0
2020-06-16,1.4696580853138241,1.4869925150260284,1.4658897349348476,1.4771947860717773,55087000.0
2020-06-17,1.5163854262799104,1.5359808806268633,1.5028192595678256,1.5269367694854736,93837930.0
2020-06-18,1.538995663222733,1.555576295558318,1.523922263087236,1.5420103073120117,61153090.0
2020-06-19,1.546532374125686,1.551054430135838,1.519400217753879,1.5314589738845825,59093020.0
2020-06-22,1.5661278063486561,1.5887379063634162,1.5480395825855666,1.5706498622894287,63460430.0
2020-06-23,1.5706498540048177,1.575171730232637,1.5450249303719703,1.5540690422058105,30500810.0
2020-06-24,1.5525615519630542,1.5525615519630542,1.5269368093128577,1.5299514532089233,23979110.0
2020-06-25,1.5254294371518546,1.5585910599374124,1.4975436659328467,1.532966136932373,42261060.0
2020-06-26,1.5389954858098416,1.6023037231430386,1.5389954858098416,1.5872303247451782,104724190.0
2020-06-29,1.5887378440406876,1.6249139307695537,1.5796937325139235,1.6158699989318848,68194040.0
2020-06-30,1.6203922251785638,1.6249141017286028,1.5977819439828007,1.6083334684371948,39784590.0
2020-07-01,1.614362669044142,1.6203921369310148,1.588737924669968,1.5947672128677368,28321230.0
2020-07-02,1.5992890704879237,1.6339579225475982,1.5992890704879237,1.6249138116836548,33803890.0
2020-07-03,1.6279287351148928,1.641494722555198,1.59476711303576,1.6098405122756958,28317910.0
2020-07-06,1.6264213021153542,1.6535534563313976,1.618884602593625,1.649031400680542,46672770.0
2020-07-07,1.6595830585725833,1.6761638725381725,1.6324508992148574,1.6731492280960083,93116930.0
2020-07-08,1.6746562564369534,1.731935392304959,1.6701343801692026,1.7304279804229736,87542970.0
2020-07-09,1.740979195707829,1.7530379508041303,1.6686268448191115,1.6867148876190186,61801760.0
2020-07-10,1.6957590295370177,1.6957590295370177,1.612855333822853,1.6641048192977905,45659300.0
2020-07-13,1.695759184755399,1.7259059859563488,1.6912371286374348,1.712339997291565,47754760.0
2020-07-14,1.7314692697510334,1.7314692697510334,1.690594208524756,1.7053091526031494,33299030.0
2020-07-16,1.7380093927457565,1.7478194864821301,1.7134843533125101,1.7249293327331543,35427760.0
2020-07-17,1.72329431922643,1.7249292047894358,1.682419256536192,1.700404167175293,17316680.0
2020-07-20,1.6987692169092548,1.7004041024099905,1.6726090998208243,1.6791490316390991,20595250.0
2020-07-21,1.6987694643471616,1.7494546254982766,1.6922293366686048,1.7298344373703003,51778010.0
2020-07-22,1.7576294498492995,1.7658044623873472,1.693864235107924,1.700404167175293,28409220.0
2020-07-23,1.7036745609034436,1.716754426825389,1.6971344330347713,1.7020394802093506,10021960.0
2020-07-24,1.6905942661655764,1.6971341982216932,1.6775142071456697,1.692229151725769,11209760.0
2020-07-27,1.695499350544488,1.7216594721760643,1.6938644647598267,1.6938644647598267,10838790.0
2020-07-28,1.6938642771850068,1.710214302667251,1.6284640778021904,1.638274073600769,21844230.0
2020-07-29,1.635004304269615,1.643179317994655,1.5622466236444483,1.5916767120361328,37403920.0
2020-07-30,1.5924940363181528,1.5998516065949648,1.5745090269534625,1.58268404006958,6917160.0
2020-08-04,1.595764149539328,1.6153841426451077,1.478861341407774,1.52872896194458,35268060.0
2020-08-05,1.5287289312061376,1.5393564678638478,1.463328728109578,1.5311814546585083,22464860.0
2020-08-06,1.530363999229317,1.5655165774525819,1.4715038229234547,1.4739563465118408,30953810.0
2020-08-07,1.4690513428455214,1.525458993491715,1.401198615025072,1.5205539464950562,26167590.0
2020-08-10,1.520553953741655,1.5646990845604327,1.4821313128103542,1.562246561050415,13889040.0
2020-08-11,1.5565240545629193,1.6350042213234286,1.5565240545629193,1.630916714668274,23537220.0
2020-08-12,1.6431790531995054,1.6595290780148102,1.6063914973650693,1.644814133644104,21066740.0
2020-08-13,1.6889591616638933,1.7004041400530725,1.6431790531995054,1.644814133644104,30938270.0
2020-08-14,1.6341867434805692,1.6546242775376043,1.5916766921327066,1.6431792974472046,16565680.0
2020-08-17,1.6480842505543218,1.6595292299916125,1.6202891473505752,1.6333692073822021,10857750.0
2020-08-18,1.6284641885863484,1.6431792320121983,1.5957641353972805,1.5965815782546997,13958540.0
2020-08-19,1.5973992626817304,1.6186543381537746,1.5753267442785182,1.5957642793655396,16138230.0
2020-08-20,1.6088440447590349,1.6309165591006791,1.585136449948217,1.5990339517593384,18195170.0
2020-08-21,1.6031216096757028,1.6268292067291974,1.5957641366837694,1.6137491464614868,22060990.0
2020-08-24,1.6211066219788948,1.6431791371160243,1.6112965286256462,1.6129316091537476,10503250.0
2020-08-25,1.6300991110981047,1.6317341916597923,1.6096615786154296,1.6186541318893433,16435610.0
2020-08-26,1.6317342226293547,1.6382741551848619,1.6072090857308268,1.616201639175415,16975250.0
2020-08-27,1.6186542833610613,1.6284642803799845,1.6023042558449052,1.6072092056274414,13148600.0
2020-08-28,1.6104792361302689,1.6153841858108589,1.576961641437249,1.5843191146850586,8271450.0
2020-08-31,1.594129202470292,1.5949466453534744,1.5344514865747834,1.5426265001296997,15488720.0
2020-09-01,1.58186655325484,1.58186655325484,1.536086439275348,1.5712391138076782,16231130.0
2020-09-02,1.569603945157365,1.5769615152703715,1.551618936193084,1.5597939491271973,19841300.0
2020-09-03,1.5671515329085763,1.633369177233967,1.5638814692341054,1.6268291473388672,48815000.0
2020-09-04,1.6350042838243906,1.6627992911604184,1.6211067801563768,1.6431792974472046,29728080.0
2020-09-07,1.6480843446024327,1.6595293246928324,1.636639364512033,1.6431792974472046,7595010.0
2020-09-08,1.643179328059068,1.6513543418341796,1.6112967158638216,1.6235592365264893,11631380.0
2020-09-09,1.628464158209049,1.6350041882156343,1.6153840981958785,1.6251941919326782,7490890.0
2020-09-10,1.633369292707506,1.6562593502316814,1.6276468026899245,1.6366393566131592,13980650.0
2020-09-11,1.661164347735754,1.7020394144314022,1.6595292671048512,1.6905944347381592,31389370.0
2020-09-14,1.6856892225698765,1.7036743281166504,1.6627990705187392,1.700404167175293,13331150.0
2020-09-15,1.7085793064443235,1.7331043458775697,1.6971343270236794,1.7249293327331543,18293320.0
2020-09-16,1.7298341893389158,1.7380092015841713,1.7004041062744628,1.7053091526031494,11381310.0
2020-09-17,1.564699182294793,1.7020395328958782,1.564699182294793,1.6824195384979248,15310720.0
2020-09-18,1.6938642321936348,1.7183892697655825,1.6856892196696522,1.692229151725769,14927880.0
2020-09-21,1.7102142329053236,1.7298342237021556,1.6415439727549068,1.644814133644104,10242360.0
2020-09-22,1.6464491047522332,1.7020393089580719,1.6464491047522332,1.6954991817474365,10309020.0
2020-09-23,1.6987693911790187,1.7134843367335155,1.6922292637821534,1.7118494510650635,10338110.0
2020-09-24,1.6922292801554926,1.7249293327331543,1.6922292801554926,1.7249293327331543,17863400.0
2020-09-25,1.7331043412011775,1.7331043412011775,1.702039369299296,1.7085793018341064,8769270.0
2020-09-28,1.7020394266955419,1.715119487113937,1.6775143865014366,1.7134844064712524,11110820.0
2020-09-29,1.7200245259936962,1.7265644587180944,1.6758792979270838,1.706944465637207,11166410.0
2020-09-30,1.7085794113602761,1.71511953922202,1.6840543704210607,1.6938644647598267,11751460.0
2020-10-01,1.6954990599457764,1.7085791185197183,1.687324047700521,1.7053091526031494,9040780.0
2020-10-02,1.7069444677174241,1.7314695078253446,1.7020394207143013,1.715119481086731,13073850.0
2020-10-05,1.7118495287808644,1.7510895153127586,1.7102144481304962,1.7461844682693481,28322280.0
2020-10-06,1.75762987601497,1.816489863615861,1.7559947951478394,1.7985049486160278,32387210.0
2020-10-07,1.7886945572611392,1.8246647711244108,1.7641695177585566,1.811584711074829,19286410.0
2020-10-08,1.8148548558721165,1.8459198310012428,1.7641696912849025,1.7903298139572144,42987920.0
2020-10-09,1.8001396612259883,1.8312048303559179,1.7805196672483865,1.8099497556686401,14215660.0
2020-10-12,1.8066795597945473,1.8279346317834408,1.805044479292449,1.8164894580841064,10633240.0
2020-10-13,1.8066798491909664,1.8393799052094566,1.8050447684269584,1.831204891204834,16190750.0
2020-10-14,1.8312048894165556,1.8589998980235873,1.8230298754199163,1.8573650121688843,15918010.0
2020-10-15,1.8622699499690543,1.8769848963340674,1.8475548086963445,1.872079849243164,12975650.0
2020-10-16,1.868809940114067,1.8835248869302237,1.8671748593977373,1.87698495388031,10076670.0
2020-10-19,1.896604840065142,1.912954866667693,1.8884298267638664,1.8998748064041138,7635910.0
2020-10-20,1.912954918511925,1.9194950462748086,1.8786199786606492,1.9064149856567383,10126660.0
2020-10-21,1.9031448826612416,1.9096848150471288,1.8442847115575245,1.8491897583007812,16573640.0
2020-10-22,1.847554974215021,1.8835249979246314,1.8295698649063588,1.8622701168060303,17188270.0
2020-10-23,1.8966047046989012,1.9113198445355493,1.8279346368509093,1.8508245944976807,14310310.0
2020-10-26,1.8606347794718887,1.8606347794718887,1.7494545620458528,1.752724528312683,16346120.0
2020-10-27,1.7461845828133093,1.7674396581238878,1.7102145603149423,1.7559946775436401,16512720.0
2020-10-28,1.7412795333696387,1.7412795333696387,1.6775143146514893,1.6775143146514893,4972790.0
2020-10-30,1.6366392389624806,1.6529892649538684,1.5990340427469094,1.60966157913208,21227820.0
2020-11-02,1.5957640268377018,1.6644341923354313,1.5957640268377018,1.638274073600769,11241680.0
2020-11-03,1.643179246492215,1.7265644608222217,1.643179246492215,1.715119481086731,23321980.0
2020-11-04,1.7053093355667013,1.7347394217887238,1.6971343224443443,1.7085793018341064,10211110.0
2020-11-05,1.7412794828414917,1.7592643940803545,1.7249292623124752,1.7412794828414917,19639090.0
2020-11-06,1.7281995536520605,1.746184466246808,1.7036745133711095,1.7380094528198242,20616520.0
2020-11-09,1.769074738881512,1.7772497528542186,1.7331045214754375,1.7559946775436401,29810830.0
2020-11-10,1.7510892824423445,1.8099494493203003,1.7380092237019467,1.762534260749817,26876550.0
2020-11-11,1.757629532312097,1.8001394825597823,1.755994451764705,1.7968695163726807,23512950.0
2020-11-12,1.7952345810028898,1.8361096444785787,1.7854244878056535,1.8164894580841064,20719600.0
2020-11-13,1.8164895223309325,1.8720797275686276,1.8164895223309325,1.8639047145843506,25746170.0
2020-11-16,1.8508248243335197,1.8655399659974974,1.7935997282026883,1.8099497556686401,30374730.0
2020-11-17,1.7985047081409578,1.8213946677738835,1.7592645267460492,1.7641695737838745,16844600.0
2020-11-18,1.765804887760092,1.788694850417623,1.7478197778808033,1.773979902267456,13051220.0
2020-11-19,1.7870594927053556,1.7919643441887947,1.7576294092663778,1.762534260749817,19285400.0
2020-11-20,1.7641694131296146,1.819759616316484,1.7641694131296146,1.8083144426345825,26449890.0
2020-11-23,1.8181246436457759,1.8573648237945208,1.8050445835961941,1.811584711074829,26880390.0
2020-11-24,1.832839850665386,1.8459197162809466,1.796869635499509,1.8230297565460205,17383310.0
2020-11-25,1.8262999654502494,1.9194952872358277,1.821394917739263,1.9145902395248413,37115690.0
2020-11-26,1.9178599015213857,1.9603700483827027,1.8933348617724006,1.9031449556350708,20172720.0
2020-11-27,1.9129546700023783,1.9391147878400907,1.8393795578549423,1.8459194898605347,21722860.0
2020-11-30,1.8361098109780203,1.8361098109780203,1.7331044077894853,1.7461844682693481,43364390.0
2020-12-01,1.739644307857693,1.8099494531935736,1.7118493047921597,1.8066794872283936,78044450.0
2020-12-02,1.8148546704078343,1.8213946029537273,1.7870596647262573,1.7870596647262573,33610490.0
2020-12-03,1.8001393810983735,1.8655396756926548,1.7985044955508112,1.8459194898605347,48745360.0
2020-12-04,1.8426498751413825,1.8540948557868815,1.8001397242778623,1.8132197856903076,24100510.0
2020-12-07,1.8099498190641234,1.8524599699276436,1.8001397242778623,1.8132197856903076,19328020.0
2020-12-08,1.8230295851848228,1.8442846571737166,1.8066795597945473,1.8164894580841064,34726630.0
2020-12-09,1.824664961243515,1.8540948557868815,1.8099498190641234,1.8132197856903076,28607780.0
2020-12-10,1.8148544433889326,1.8328395480019255,1.7886943266623363,1.7919642925262451,34832560.0
2020-12-11,1.7935996631497655,1.8148547370661328,1.767439542189976,1.7723445892333984,34110990.0
2020-12-14,1.788694562391423,1.8181246488604703,1.777249582905596,1.7837895154953003,26227430.0
2020-12-15,1.7886947950276169,1.8410150421807359,1.7837897474935478,1.827934980392456,46294950.0
2020-12-16,1.8426496967079888,1.8900648903731787,1.8312047171707668,1.8606348037719727,53472500.0
2020-12-17,1.8704451430595064,1.91622526212363,1.8557300003740476,1.9015101194381714,39123460.0
2020-12-18,1.8982400936269046,1.9505601445401277,1.8982400936269046,1.9227651357650757,34240080.0
2020-12-21,1.912955088198936,1.912955088198936,1.844285007497368,1.8622701168060303,22695660.0
2020-12-22,1.8671748593977373,1.8949700621291263,1.8639048928727804,1.87698495388031,13819420.0
2020-12-23,1.8900650165755002,1.9015099968769196,1.8753498748385016,1.885159969329834,11573660.0
2020-12-24,1.8851598566148564,1.9178599097538696,1.8639047830929598,1.9096848964691162,29559350.0
2020-12-25,1.9276701831742518,1.9456552920386607,1.9162252024913138,1.9227651357650757,20235110.0
2020-12-28,1.9342095815254816,1.9554646511484968,1.922764604007752,1.9260345697402954,17494530.0
2020-12-29,1.9342100525773163,1.9423850663534212,1.9096850112490011,1.9194951057434082,16209180.0
2020-12-30,1.922764948452721,1.927669995384056,1.9015098750220625,1.9031449556350708,20894830.0
2020-12-31,1.9178598992949507,1.937479892089824,1.8916997789633263,1.8949699401855469,17464770.0
2021-01-04,1.914589828048967,1.9783550447721865,1.9047797347353397,1.9620050191879272,45060270.0
2021-01-05,1.9620052701682609,2.0159604004798104,1.957100222883992,1.9930702447891235,39162940.0
2021-01-06,2.0077853240152588,2.0552003248329167,2.0077853240152588,2.0241353511810303,33109490.0
2021-01-07,2.0437554700082683,2.045390550788097,2.0094203328935407,2.0143253803253174,24564630.0
2021-01-08,2.033944996109496,2.1663804724566558,2.017594970988951,2.141855239868164,56357640.0
2021-01-11,2.1418554281280295,2.2775608824456883,2.1287755628080687,2.2137956619262695,44622270.0
2021-01-12,2.2252408158957526,2.289006041411551,2.158205818701449,2.168015718460083,23478350.0
2021-01-13,2.187635842913233,2.246495824442523,2.16638076837167,2.190905809402466,31246480.0
2021-01-14,2.199080539656619,2.2595755940876274,2.1876355609655103,2.2268755435943604,35114320.0
2021-01-15,2.2154307276389194,2.251400746842175,2.166380648296019,2.1827306747436523,40506010.0
2021-01-18,2.1909058264907633,2.2791960918348817,2.1631106238462414,2.272655963897705,27845830.0
2021-01-19,2.287370935423188,2.354406121073364,2.287370935423188,2.3184359073638916,31374560.0
2021-01-20,2.326610736632543,2.344595842065979,2.302085699172951,2.3151657581329346,27735880.0
2021-01-21,2.3184358931617193,2.344596012988778,2.2514007079221843,2.269385814666748,26712140.0
2021-01-22,2.2890057299532476,2.297180742760279,2.153300478374992,2.2072556018829346,29071510.0
2021-01-25,2.2285107409797695,2.244860767084052,2.205620587489163,2.218700647354126,17234910.0
2021-01-26,2.2072557788277005,2.2121608258866683,2.153300650994442,2.1598405838012695,19081410.0
2021-01-27,2.161475448282987,2.1663804948513907,2.0045149326324463,2.0045149326324463,42960840.0
2021-01-28,2.0012449714942586,2.0780902464709605,1.9734499674149526,2.056835174560547,25475350.0
2021-01-29,2.033945139078211,2.0797252516152174,2.015960227126032,2.030675172805786,29020390.0
2021-02-01,2.0323103191423475,2.0601053257186734,2.0159602923436037,2.0421202182769775,22138930.0
2021-02-02,2.0486602073567113,2.060105186360082,1.999610130278538,2.002880096435547,35228170.0
2021-02-03,2.009420280425938,2.0829956001660586,2.007785394596507,2.033945322036743,39018660.0
2021-02-04,2.0388503181711495,2.087900400161743,2.024135371537051,2.087900400161743,33297000.0
2021-02-05,2.109155172156132,2.117330184648688,2.0780902026474886,2.0928051471710205,28071280.0
2021-02-08,2.1091554022029486,2.115695529854932,2.0601053218976926,2.0780904293060303,23204650.0
2021-02-09,2.0846304336772437,2.100980461007442,2.074820534223745,2.087900400161743,14923840.0
2021-02-10,2.097710132598877,2.112425271601829,2.086265154423914,2.097710132598877,19474020.0
2021-02-11,2.0977105473676048,2.115695655846976,2.0552003972751116,2.0682804584503174,28780510.0
2021-02-12,2.073185626352041,2.092805621802296,2.035580521376218,2.076455593109131,13644980.0
2021-02-15,2.0911703324156825,2.1614754812134453,2.0895352518987456,2.1565704345703125,19645800.0
2021-02-16,2.1647454928609817,2.1778255525484975,2.0846302490922497,2.120600461959839,25015000.0
2021-02-17,2.12714032246068,2.1418552672945257,2.0486601618955933,2.056835174560547,24997140.0
2021-02-18,2.0650103059354628,2.073185319070368,2.0274052065333614,2.030675172805786,20685300.0
2021-02-19,2.0388498856058024,2.0584698752578947,2.0077849182322947,2.0355799198150635,29360880.0
2021-02-22,2.0519300610449114,2.0715500518192487,2.029040104292796,2.0453901290893555,19695410.0
2021-02-23,2.0502951686085176,2.12714044812498,1.984895063425273,2.0650103092193604,33176460.0
2021-02-24,2.042120012205774,2.043755092683729,1.9505597934091112,1.9554648399353027,30629830.0
2021-02-25,1.9783552278882182,1.9881651272021679,1.8786199846296963,1.9047799110412598,38848080.0
2021-02-26,1.8393799158691286,1.9848952829393338,1.8393799158691286,1.9309401512145996,43419540.0
2021-03-01,1.9505599146802768,1.9947051412529455,1.9440199821772002,1.9636399745941162,25692720.0
2021-03-02,1.9783550688033162,2.0192301332604754,1.9440199366962299,2.017595052719116,33121270.0
2021-03-03,2.0224999774295704,2.0650101198636928,2.0110549990535125,2.0453901290893555,30271070.0
2021-03-04,2.0453903314624213,2.1156954840252267,2.029040305048173,2.0960752964019775,23220220.0
2021-03-05,2.096075472929507,2.1124256956284295,2.0502953561325588,2.100980520248413,23761940.0
2021-03-08,2.099345747976292,2.1336806912505444,2.0470255002880133,2.060105562210083,17893790.0
2021-03-09,2.0699154136563718,2.0764553463935043,2.043755292892456,2.043755292892456,18278420.0
2021-03-10,2.043755236053268,2.0928053149407018,2.043755236053268,2.0650103092193604,16119660.0
2021-03-11,2.0764553566535464,2.0879003364539255,2.0535653970527874,2.0584702491760254,18355240.0
2021-03-12,2.066645520558646,2.0944405280384424,2.050295298320748,2.087900400161743,18309150.0
2021-03-15,2.0879003261373326,2.096075339512595,2.035580279517194,2.043755292892456,18298540.0
2021-03-16,2.043755351481915,2.043755351481915,1.994705269824197,1.9963401556015015,23415880.0
2021-03-17,2.001245005957327,2.029040205422965,1.952194929122925,1.9521949291229248,23368270.0
2021-03-18,1.9603702407833372,1.9718152214745939,1.927670184575342,1.9309401512145996,28732280.0
2021-03-19,1.9325748592798389,1.9554648162478914,1.893334682453314,1.9080498218536377,23271980.0
2021-03-22,1.81485485611021,1.81485485611021,1.7183895742876487,1.7559946775436401,35967430.0
2021-03-23,1.7478197806276279,1.8312050066968741,1.6660696354255122,1.7985049486160278,41465160.0
2021-03-24,1.8164895822724072,1.870444903638303,1.8164895822724072,1.8589997291564941,16599470.0
2021-03-25,1.8639047145843506,1.9260348522463937,1.8606347483721764,1.8639047145843506,31368330.0
2021-03-26,1.8835246991918413,1.9423848704050466,1.8066796164301497,1.8393796682357788,27986560.0
2021-03-29,1.8524596167737986,1.878619734611511,1.821394452478056,1.8459194898605347,12077840.0
2021-03-30,1.8442847056560485,1.8524597185660903,1.777249521830635,1.7886945009231567,21658290.0
2021-03-31,1.7919645699397864,1.79686961694883,1.7200245301661234,1.7232944965362549,29643610.0
2021-04-01,1.7347397780090088,1.7870600286619496,1.7347397780090088,1.7854249477386475,25798890.0
2021-04-02,1.8017746141204123,1.8099496272734648,1.7690745615082024,1.7772495746612549,9725230.0
2021-04-05,1.7772497526210584,1.8017747945359606,1.7739797860139463,1.7903298139572144,12598230.0
2021-04-06,1.7935997762102018,1.80177479016199,1.7314696311950684,1.7314696311950684,30784640.0
2021-04-07,1.731469806522268,1.7478198360814352,1.706944762183517,1.72819983959198,25864510.0
2021-04-08,1.7347393684915857,1.7935995391272448,1.7347393684915857,1.7821545600891113,30836140.0
2021-04-09,1.7805196087381991,1.7968696356668679,1.7494546355368068,1.77070951461792,23291870.0
2021-04-12,1.7707095650457385,1.7788847736505888,1.7249294493601608,1.7429145574569702,18686390.0
2021-04-13,1.7461841066608876,1.7821543142585454,1.7183891057144147,1.7658042907714844,26803380.0
2021-04-14,1.7788846552549404,1.813219593553148,1.7690745615082024,1.7772495746612549,16156940.0
2021-04-15,1.7854245909756659,1.8197597242423567,1.778884658404719,1.811584711074829,30014910.0
2021-04-16,1.8181246436457759,1.8312047036953576,1.7854245909756659,1.811584711074829,20777910.0
2021-04-19,1.8148548631955888,1.8524599665983945,1.808314735047266,1.831204891204834,17414410.0
2021-04-20,1.8328399762500782,1.8753499322287877,1.8230298814585328,1.8557299375534058,20313500.0
2021-04-21,1.857364774691948,1.8589996603376195,1.7935995567263614,1.8393796682357788,35533150.0
2021-04-22,1.798504670058132,1.8606348097703782,1.798504670058132,1.8589997291564941,13034270.0
2021-04-26,1.8589999551806633,1.8818901120196618,1.847554974215021,1.8622701168060303,8189350.0
2021-04-27,1.870444661922263,1.9162247692103023,1.8671745011170948,1.8867946863174438,12049140.0
2021-04-28,1.8982402104267007,1.9194952872358277,1.8720800859065874,1.9145902395248413,6583540.0
2021-04-29,1.914590074210127,1.9930702460863987,1.9047799796352038,1.9669101238250732,17883790.0
2021-04-30,1.9669100467441547,2.002880262170772,1.9064149856567383,1.9064149856567383,10674360.0
2021-05-03,1.9309397991941255,1.9848949210825577,1.9227647866324744,1.9832600355148315,9498660.0
2021-05-04,1.9832603447927444,1.9898002778988602,1.9358451475964396,1.9587351083755493,17898850.0
2021-05-05,1.966910063478441,2.014325259258888,1.966910063478441,2.006150245666504,14742500.0
2021-05-06,2.0175950467980344,2.0306751063674753,1.9750849019242716,2.0192301273345947,19713180.0
2021-05-07,2.027405257777429,2.032310304763888,2.001245137121442,2.0110552310943604,12218360.0
2021-05-10,2.0126898843153214,2.0388500019493327,2.011054998780489,2.027405023574829,8352620.0
2021-05-11,2.0159605237673492,2.076455590885741,1.9799903047547285,2.060105562210083,16274920.0
2021-05-12,2.0601053298222345,2.065010376853167,2.0339452089290577,2.0584702491760254,4311570.0
2021-05-17,2.0797253230382697,2.107520524577655,2.0421202223447135,2.0584702491760254,13715520.0
2021-05-18,2.065010376853167,2.092805383484858,2.0535653970527874,2.0584702491760254,9961270.0
2021-05-20,2.0601053807013643,2.097710482323666,2.0601053807013643,2.0911705493927,11283450.0
2021-05-21,2.0862651910807544,2.096075089014088,2.0421199682039077,2.0453901290893555,12240150.0
2021-05-24,2.045390245713524,2.058470110370424,2.0306751056129904,2.037215232849121,12921700.0
2021-05-25,2.0388501139780044,2.061740266892427,1.9979750497461934,2.002880096435547,16942380.0
2021-05-26,2.0192298959537105,2.0388498856058024,1.9979748259524193,2.0355799198150635,13778380.0
2021-05-27,2.040485014478887,2.056835038729053,2.0159599781036377,2.0159599781036377,10123970.0
2021-05-28,2.024370060577633,2.059854163512943,1.9871116678947829,2.042112112045288,10878020.0
2021-05-31,2.0775958787266466,2.1166283433377884,2.0279181003570557,2.0279181003570557,8527130.0
2021-06-01,2.03146650564205,2.0492085545689047,2.0172728242001847,2.033240795135498,7672400.0
2021-06-02,2.02969228233,2.0474343299865723,2.0137243125379505,2.0474343299865723,9546490.0
2021-06-03,2.0509826899289907,2.059853713725752,2.001304914366749,2.0119500160217285,8875330.0
2021-06-04,2.0137246401363567,2.04743466306902,2.0084019826731017,2.024369955062866,15340490.0
2021-06-07,2.0296926186827218,2.084692848631383,2.0296926186827218,2.066950798034668,23578180.0
2021-06-08,2.0704993398960108,2.0811444431602926,2.0456603426088416,2.0616281032562256,9219300.0
2021-06-09,2.066950952667352,2.0687252424605322,2.0421121645744824,2.050983190536499,6457450.0
2021-06-10,2.0669506027618003,2.091789598151721,2.056305500310611,2.0704991817474365,11735430.0
2021-06-11,2.075821950471965,2.1024350279970228,2.0722735824356784,2.0864672660827637,11488550.0
2021-06-14,2.09711250698905,2.105983532514727,2.0616281933844087,2.075821876525879,16876970.0
2021-06-15,2.077596064818355,2.0864670899110123,2.045660332184405,2.0563056468963623,14709940.0
2021-06-16,2.05807961313446,2.061627980678246,2.001305097928159,2.0030791759490967,9173130.0
2021-06-17,2.003079326222801,2.008401983688747,1.9498531745671877,1.9658211469650269,8557440.0
2021-06-18,1.9711434841156006,1.9853371660739456,1.9445304097569212,1.9711434841156006,14840840.0
2021-06-21,1.9675951121630322,1.981788794090081,1.9392079598108483,1.9498530626296997,12843410.0
2021-06-22,1.9764664843567328,1.9853375106827649,1.9480793270146006,1.9675954580307007,12628220.0
2021-06-23,1.9729179903944785,2.031466802715419,1.9729179903944785,2.0048537254333496,19042040.0
2021-06-24,1.999531177571332,2.027918546166492,1.999531177571332,2.0208218097686768,5511830.0
2021-06-25,2.0403378425926126,2.0456605003862403,1.9764663720729625,1.9871116876602173,9956990.0
2021-06-28,1.990660159584004,2.019047528296967,1.9835634231567383,1.9835634231567383,5597940.0
2021-06-29,1.983563432318729,1.9853375106827649,1.953401773608659,1.9675954580307007,8470180.0
2021-06-30,1.9924340359255304,1.9924340359255304,1.9551756486602374,1.9746919870376587,7506100.0
2021-07-01,1.9764663194510568,2.020821658882398,1.9640469259312092,1.9782406091690063,6653070.0
2021-07-02,1.972917697548109,1.9871113789587878,1.956949938149787,1.9746919870376587,5408480.0
2021-07-05,1.9746922068287271,1.997756915250535,1.971143627454657,1.9942083358764648,4626570.0
2021-07-06,1.9959827433831339,2.0048537693380926,1.9729180335998535,1.9729180335998535,3318170.0
2021-07-07,1.9746922412350405,1.9942083706228202,1.967595293865175,1.9782406091690063,4932460.0
2021-07-08,1.9764660871942712,1.9853371117377085,1.956949960099854,1.9622724056243896,6987710.0
2021-07-09,1.9640467500061427,1.9746920643564438,1.9463047004235834,1.948078989982605,8281880.0
2021-07-12,1.951627385760819,1.976466170934061,1.9338853359222412,1.9338853359222412,11655460.0
2021-07-13,1.9427563984366818,1.9924341812464204,1.9321110837267659,1.9392080307006836,10534010.0
2021-07-14,1.9534017645859838,1.9853375015125798,1.946305028158718,1.9835634231567383,6432340.0
2021-07-16,1.9835631380500167,1.9924341630600004,1.9534014838145364,1.9587241411209106,5995600.0
2021-07-19,1.958724121095483,1.9622724887628153,1.9321110463376163,1.9338853359222412,3127140.0
2021-07-26,1.933885361083196,1.9604984361873143,1.9303369933696977,1.956950068473816,6382820.0
2021-07-27,1.9569500630200656,1.9711435338345038,1.9534014838145364,1.9587241411209106,5080410.0
2021-07-28,1.9587244154858914,1.9658213633891228,1.9409823629807361,1.9427566528320312,5741920.0
2021-07-29,1.9516275981179894,1.9711437281628303,1.9516275981179894,1.969369649887085,6838910.0
2021-07-30,1.965821038445396,1.9729177736736114,1.9534014345431476,1.9711434841156006,5516800.0
2021-08-02,1.9853370568657838,1.9959823706244506,1.9658209303107648,1.9906597137451172,8667540.0
2021-08-03,1.9959824034027236,2.006627717336209,1.9746919870376587,1.9746919870376587,9563390.0
2021-08-04,1.9782405400509515,1.9853372756709295,1.958724199843123,1.9658211469650269,8449340.0
2021-08-05,1.9516276136083417,1.9871117174281754,1.9516276136083417,1.9729180335998535,8369620.0
2021-08-06,1.9764661412877191,1.9853371660739456,1.965821038445396,1.9711434841156006,6970710.0
2021-08-09,1.9817890065439778,1.9835632962882859,1.9640469551086426,1.9640469551086426,8251780.0
2021-08-10,1.9658209900182924,1.9746920145859852,1.960498332977295,1.960498332977295,6127240.0
2021-08-11,1.964047126108887,1.9675954944045064,1.9338856783431908,1.9516277313232422,10815670.0
2021-08-12,1.9640467984272847,1.9675951661308944,1.9392080130000982,1.9587241411209106,9148590.0
2021-08-13,1.964047089800678,1.9995311951048065,1.9427566689185911,1.9675954580307007,22406420.0
2021-08-16,1.9693692491109505,1.9924339540173843,1.9658208817796292,1.9800145626068115,8502970.0
2021-08-17,1.9800149283016062,1.9817890065439778,1.9640469551086426,1.9640469551086426,4753600.0
2021-08-18,1.9693697843032933,1.9817891790889384,1.949853441424455,1.9516277313232422,17100340.0
2021-08-19,1.9498528391394923,1.9498528391394923,1.9285624244401622,1.9303367137908936,6376530.0
2021-08-20,1.9303371322233525,1.9409822361295748,1.916143448846454,1.9232401847839355,6249820.0
2021-08-23,1.9267886786762223,1.9587244154858914,1.9267886786762223,1.9427566528320312,8124560.0
2021-08-24,1.949853441424455,1.9835634689877255,1.949853441424455,1.9516277313232422,12984690.0
2021-08-25,1.9516274467386587,1.9622725500732572,1.9267884492874146,1.9267884492874146,6526490.0
2021-08-26,1.9285627138642816,1.9374337389454563,1.900175349003754,1.9037237167358398,9442980.0
2021-08-27,1.9037236523329437,1.9090463095019674,1.8895301818847656,1.8895301818847656,7679760.0
2021-08-31,1.9019495554506571,1.9480789684563469,1.896626898334322,1.9463046789169312,13256210.0
2021-09-01,1.9569499861600848,1.9924340848063675,1.9463046719654353,1.9853371381759644,13627890.0
2021-09-02,1.9871117259456124,2.0190474618207386,1.9871117259456124,2.0137248039245605,16662570.0
2021-09-03,2.015498888982186,2.026143992191231,1.9942082595602533,1.997756838798523,8536240.0
2021-09-06,1.9942082381327786,2.0243698923224605,1.9835631350381138,1.9959825277328491,11282920.0
2021-09-07,1.9906598790049308,2.0137245863955506,1.956950068473816,1.956950068473816,8810830.0
2021-09-08,1.9569501552485877,1.9587242334330428,1.9143691062927246,1.9143691062927246,10576430.0
2021-09-09,1.9125950455655654,1.9569503895176485,1.9054983089743267,1.9516277313232422,8351980.0
2021-09-10,1.9516276940203001,1.9587244304758933,1.925014615058899,1.925014615058899,7118760.0
2021-09-13,1.9267885369504458,1.9338854843316584,1.914369143410741,1.919691801071167,4264920.0
2021-09-14,1.9321111281707088,1.956950125897905,1.9179174453983003,1.9285627603530884,12496040.0
2021-09-15,1.9356594959883293,1.9374337856481028,1.9143690775806799,1.9285627603530884,10370210.0
2021-09-16,1.9250140836018885,1.9356591853463838,1.9090461137323074,1.9161430597305298,8980810.0
2021-09-17,1.9161433816885962,1.926788485221724,1.8522719144821167,1.8522719144821167,16643140.0
2021-09-20,1.8469492235381948,1.8469492235381948,1.8043681756705383,1.8096908330917358,23998610.0
2021-09-21,1.8256587675572873,1.8363038706773644,1.7954971132956026,1.8043681383132935,8877950.0
2021-09-22,1.8150135064611355,1.825658821397069,1.7990457455591609,1.8132392168045044,6654640.0
2021-09-23,1.8203361694636842,1.8345298522541085,1.8043681970112344,1.8114651441574097,9953830.0
2021-09-24,1.811465180824403,1.8238845742041907,1.7715454603871654,1.7813035249710083,10266720.0
2021-09-27,1.7919487296616816,1.8185618044782113,1.784851994311374,1.800819754600525,14413310.0
2021-09-28,1.8025942081872828,1.825658917427063,1.7919488926914036,1.825658917427063,15172160.0
2021-09-29,1.834529823089839,1.8842076063156128,1.8256587979245908,1.8842076063156128,20941720.0
2021-09-30,1.8842074597063092,1.898401141166687,1.8363037583397956,1.898401141166687,15413440.0
2021-10-01,1.8895302637151463,1.8948527096127565,1.8646912663512978,1.8842076063156128,10590450.0
2021-10-04,1.8842078516843606,1.9516276940203001,1.8842078516843606,1.925014615058899,14491390.0
2021-10-05,1.9303369262464936,1.9463046861529527,1.8877558806594144,1.907272219657898,18498540.0
2021-10-06,1.8966270442452722,1.909046437470893,1.8717880462921026,1.8735623359680176,10982250.0
2021-10-07,1.880658914165803,1.8930785178532312,1.8593684973475,1.8682395219802856,10106900.0
2021-10-08,1.8717880462921026,1.8859817291936383,1.8664656002682138,1.8735623359680176,9056090.0
2021-10-11,1.8984013122273065,1.9072723375016523,1.87001394674863,1.8717880249023438,11687240.0
2021-10-12,1.8682396252256337,1.8771106503486625,1.8593686001026049,1.8646912574768066,8951010.0
2021-10-13,1.8629170498125953,1.877110732934293,1.8522719460977706,1.8593686819076538,8982450.0
2021-10-14,1.8558202640092918,1.8859817076416818,1.8540459743536524,1.8717880249023438,8882340.0
2021-10-15,1.8735622503975025,1.8771106180853412,1.8434008077979964,1.8575944900512695,10281050.0
2021-10-18,1.8593689106626234,1.8877562803984687,1.852272173979641,1.8753368854522705,13801690.0
2021-10-19,1.878885120157719,1.901949829989867,1.878885120157719,1.8930788040161133,11586400.0
2021-10-20,1.8930788340392475,1.9019498601536904,1.8664657556959185,1.8788851499557495,14884810.0
2021-10-21,1.8859815377001645,1.9019495086563047,1.862916831764789,1.898401141166687,6882800.0
2021-10-22,1.8984016023901893,1.9392083671897107,1.8913046541848177,1.9374340772628784,10409200.0
2021-10-25,1.9338853069145978,1.9746920632316225,1.9267883601844682,1.9711434841156006,16624310.0
2021-10-26,1.98178902986659,1.9906600556886558,1.9711437142793353,1.9871116876602173,12710390.0
2021-10-27,1.987111427709043,1.994208162837535,1.971143456417069,1.9853371381759644,7287960.0
2021-10-28,1.9871117016561808,1.9871117016561808,1.965821281833654,1.969369649887085,3403320.0
2021-11-01,1.9729176287695482,2.0598537921905518,1.9729176287695482,2.0598537921905518,24613020.0
2021-11-02,2.066950961164285,2.091789960861206,2.0137248051733803,2.091789960861206,20863520.0
2021-11-03,2.0811443471582884,2.1237253927569437,2.0385635130615456,2.121951103210449,26969570.0
2021-11-04,2.1574350754834763,2.1769514133416554,2.130822002859723,2.1379189491271973,20854820.0
2021-11-05,2.1184028935855492,2.123725551120023,2.065176741244669,2.068725109100342,20363120.0
2021-11-08,2.0758220256377418,2.13969349861145,2.0758220256377418,2.13969349861145,12039280.0
2021-11-09,2.13969349861145,2.169855156766891,2.12727410428377,2.13969349861145,12892560.0
2021-11-10,2.1343706201358454,2.191145350915258,2.1237255167411497,2.1787259578704834,14879740.0
2021-11-11,2.178726063499649,2.2159842444403264,2.171629116057185,2.1964681148529053,14014380.0
2021-11-12,2.1982422366579777,2.2266296039866225,2.146790371314491,2.164532423019409,14329790.0
2021-11-15,2.1680807944792218,2.233726343590559,2.1680807944792218,2.207113265991211,23719560.0
2021-11-16,2.212435876470062,2.2159842444403264,2.171629116057185,2.1964681148529053,21497380.0
2021-11-17,2.196467654501943,2.2195323587275024,2.194693365137711,2.2000160217285156,18894340.0
2021-11-18,2.200016206217166,2.208887230778449,2.1716288430202986,2.191145181655884,40295730.0
2021-11-19,2.2000163922057236,2.2337262037876484,2.1734033162720165,2.182274341583252,28984340.0
2021-11-22,2.1893713319515395,2.2142103326140226,2.1822745954776597,2.1858229637145996,17391590.0
2021-11-23,2.185822789389664,2.200016472707393,2.0917898753493844,2.1556613445281982,58867220.0
2021-11-24,2.159209517395181,2.2408230304718018,2.159209517395181,2.2408230304718018,64908710.0
2021-11-25,2.2621137042836534,2.2692106518570183,2.2319522587271843,2.2443716526031494,39655750.0
2021-11-26,2.226629286636658,2.2301776541715235,2.1414674082903455,2.1521127223968506,27839800.0
2021-11-29,2.1556612198303897,2.2177583956891476,2.1467901947077097,2.2159841060638428,34677870.0
2021-11-30,2.21598441779381,2.2496944449032488,2.203565023175365,2.2266297340393066,30172110.0
2021-12-01,2.2443716894895744,2.267436399353688,2.2408233213955437,2.249694347381592,29073430.0
2021-12-02,2.249694112990605,2.3419529428348014,2.2479198233774778,2.329533338546753,43139550.0
2021-12-03,2.3401787439544965,2.375662845577454,2.3366303760925864,2.3437271118164062,21143520.0
2021-12-06,2.3863080403802717,2.4838893149246988,2.334855968719332,2.402275800704956,32132690.0
2021-12-07,2.41646942501012,2.498082937273378,2.41646942501012,2.467921495437622,28949990.0
2021-12-08,2.489212209880472,2.5584063380655206,2.489212209880472,2.519373655319214,27063210.0
2021-12-09,2.5264704978290293,2.6346970927590183,2.49808313183043,2.616955041885376,25091830.0
2021-12-10,2.6276000577278076,2.70743949549392,2.624051689972006,2.682600498199463,36711060.0
2021-12-13,2.725181654100211,2.886634402675163,2.714536338907734,2.8156661987304688,47753790.0
2021-12-14,2.8795377523707093,2.9008281718858124,2.760665838032669,2.8671183586120605,48014690.0
2021-12-15,2.925667063341642,2.9717962686780828,2.8476019126537784,2.929215431213379,32615640.0
2021-12-16,2.9700219225497997,3.078248507636557,2.89727943598304,3.0392160415649414,40052870.0
2021-12-17,3.085345470682647,3.3426054154607003,2.9664737741588905,3.115507125854492,63818000.0
2021-12-20,2.9363118075561676,3.1864749901738962,2.8830856614891327,3.1013131141662598,40571210.0
2021-12-21,3.095990963701382,3.095990963701382,2.7926015853881836,2.7926015853881836,36852800.0
2021-12-22,2.60985819267528,2.6222777979549217,2.5140511989593506,2.5140511989593506,77478000.0
2021-12-23,2.5371154916722256,2.588567563880638,2.409372773209757,2.48388934135437,33884450.0
2021-12-24,2.492760127848454,2.5814705813904806,2.4909860499087917,2.558405876159668,13312590.0
2021-12-27,2.5761484361820624,2.64179398602836,2.5317933063532205,2.5655031204223633,28148150.0
2021-12-28,2.620503566010904,2.6311488817706032,2.5477610684908267,2.5655031204223633,16046220.0
2021-12-29,2.5637287317365165,2.6293742736350256,2.538889735138488,2.590341806411743,13631380.0
2021-12-30,2.6169553996862422,2.668407269653743,2.5956649780273438,2.5956649780273438,13824330.0
2021-12-31,2.606309773890699,2.641793876279648,2.593890380354954,2.6276001930236816,10306340.0
2022-01-03,2.6826003673477947,2.725181412846168,2.611632169685752,2.7003424167633057,13759610.0
2022-01-04,2.702116809088119,2.7730850094496344,2.6205032940716086,2.6382453441619873,37231340.0
2022-01-05,2.6471164711442103,2.723407331771086,2.632922788224943,2.6932458877563477,21157330.0
2022-01-06,2.680826425552368,2.7021168436326204,2.654213350076572,2.680826425552368,13540880.0
2022-01-07,2.6950200769462773,2.7021168123903334,2.5885675647719903,2.600986957550049,30646610.0
2022-01-10,2.6098581473665208,2.647116539554741,2.6098581473665208,2.625826120376587,31343190.0
2022-01-11,2.645342396573175,2.645342396573175,2.570825614020949,2.576148271560669,18321140.0
2022-01-12,2.6506648589007016,2.6524391485921552,2.5672772619390525,2.5796966552734375,29353410.0
2022-01-13,2.579697003156701,2.613407031326752,2.5708259765069967,2.5956649780273438,18730730.0
2022-01-14,2.5974387538044255,2.6488908292787263,2.593890385858389,2.625826120376587,38182590.0
2022-01-17,2.655987415838007,2.6790521234433338,2.6276000508619237,2.640019655227661,33952390.0
2022-01-18,2.640019810541847,2.640019810541847,2.508728504180908,2.508728504180908,33295030.0
2022-01-19,2.5193733382058388,2.5956644043338,2.43953411600456,2.583244800567627,40456860.0
2022-01-20,2.593890065981958,2.622277429053413,2.535341261835775,2.5725996494293213,21865320.0
2022-01-21,2.569051287127378,2.5867933376681638,2.530018818238034,2.5708255767822266,12264060.0
2022-01-24,2.5672770571927264,2.577922159986686,2.457276181141749,2.467921495437622,13775370.0
2022-01-25,2.4785667628027848,2.4945347353068312,2.416469585458211,2.4572763442993164,11897290.0
2022-01-26,2.4590505526745745,2.5335671207242716,2.4590505526745745,2.5211477279663086,13394410.0
2022-01-27,2.524696315966444,2.5974388122558594,2.524696315966444,2.5974388122558594,21508910.0
2022-01-28,2.622277704350954,2.6311487298043623,2.5708256298200296,2.5796966552734375,24812520.0
2022-01-31,2.599212979898171,2.615180741015403,2.576148271560669,2.576148271560669,8821040.0
2022-02-01,2.586792967526523,2.608083594330552,2.5832446002264833,2.5885672569274902,14786210.0
2022-02-02,2.602761198959799,2.6116322238515415,2.581470781520001,2.590341806411743,18762260.0
2022-02-03,2.579696456493188,2.5956644279800574,2.5229219402665612,2.5477607250213623,25625860.0
2022-02-04,2.553083518400138,2.553083518400138,2.4679216337655383,2.492760419845581,16677170.0
2022-02-07,2.499857384127918,2.5317931175231934,2.4555020461053103,2.5317931175231934,18154380.0
2022-02-08,2.5317933657987597,2.590342180847923,2.5051800757746423,2.5371158123016357,11302470.0
2022-02-09,2.561954635936158,2.6222777366638184,2.538889927172698,2.6222777366638184,12627710.0
2022-02-10,2.6080839133395592,2.6080839133395592,2.5619544982910156,2.5619544982910156,11690800.0
2022-02-11,2.5459863590640235,2.5814706685804683,2.5122765505509763,2.574373722076416,9358620.0
2022-02-14,2.5371154106967824,2.561954406953497,2.5069539687796913,2.5477607250213623,16699660.0
2022-02-15,2.5708255570119856,2.6080839474618807,2.5282445091404018,2.6045355796813965,12539170.0
2022-02-16,2.6258259004779907,2.6258259004779907,2.5885675114099573,2.592115879058838,9587420.0
2022-02-17,2.6151806105241944,2.6151806105241944,2.547760778556325,2.5566318035125732,12181070.0
2022-02-18,2.5672771838215676,2.61518067751197,2.5672771838215676,2.606309652328491,8089400.0
2022-02-21,2.616954875604832,2.6258259004779907,2.5779221969614006,2.592115879058838,6286970.0
2022-02-22,2.5672773258541386,2.5743740617927737,2.526470565452148,2.5495352745056152,10761800.0
2022-02-23,2.5459863273457906,2.5885673713338995,2.5300185680389404,2.5300185680389404,9943740.0
2022-02-24,2.386308409236876,2.4501798834121953,2.2780818034125714,2.3419532775878906,37060780.0
2022-02-25,2.343726872509172,2.464373059510912,2.343726872509172,2.3809852600097656,16165740.0
2022-02-28,2.370340143862962,2.370340143862962,2.1432416439056396,2.1432416439056396,34390450.0
2022-03-01,2.1450160627944403,2.168080772109622,2.0527572255337145,2.082918882369995,32148050.0
2022-03-02,2.0900156697646004,2.1024350638543874,2.0137248039245605,2.0137248039245605,24882860.0
2022-03-03,2.0243700667076423,2.0669509057581785,2.0030794356804367,2.0048537254333496,40980630.0
2022-03-04,1.9959827105534125,2.0030794465998762,1.9072724524629252,1.9090465307235718,45778600.0
2022-03-07,1.8877559255839218,1.9835631218084193,1.8859816359956851,1.955175757408142,46774220.0
2022-03-08,1.9551755621041829,1.9693692428865042,1.921465543808433,1.9445302486419678,38063560.0
2022-03-09,1.96582118686145,2.015498971715287,1.9516275038315065,1.9924342632293701,54110780.0
2022-03-10,2.011950296787841,2.0296925583591734,1.9427563861179022,1.956950068473816,42033620.0
2022-03-11,1.956950190063277,2.017273079446499,1.9356595594556145,1.9782406091690063,45320500.0
2022-03-14,1.988885977425406,2.011950475361226,1.9746922938097127,1.9871116876602173,23934780.0
2022-03-15,1.990659932130203,2.0509830308772146,1.990659932130203,2.024369955062866,44784630.0
2022-03-16,2.042111722451093,2.088241132067199,2.042111722451093,2.058079481124878,35242150.0
2022-03-17,2.0722734928131104,2.0900155437291663,2.0563057315894318,2.0722734928131104,29547180.0
2022-03-18,2.0864673774103886,2.1450161933898926,2.072273693005971,2.1450161933898926,39608790.0
2022-03-21,2.146790371314491,2.173403448871868,2.1450160815432233,2.164532423019409,26263720.0
2022-03-22,2.1663061646575477,2.2053388415444717,2.1574351401835936,2.18937087059021,29294180.0
2022-03-23,2.1946936105629953,2.19646790012564,2.148564196953377,2.1609838008880615,27388460.0
2022-03-24,2.169854866240627,2.1734032339303027,2.120177084079418,2.1290481090545654,28420180.0
2022-03-25,2.1308220954522654,2.1450157771020852,2.111305968247935,2.114854335784912,23893310.0
2022-03-28,2.1201772937571137,2.1805001849530594,2.1201772937571137,2.164532423019409,28052920.0
2022-03-29,2.2355002890089017,2.3809852600097656,2.2355002890089017,2.3809852600097656,134538580.0
2022-03-30,2.430663235195542,2.528244512551083,2.405824237694796,2.4146952629089355,115095150.0
2022-03-31,2.4200177255092066,2.430663039509921,2.3685658680102035,2.3809852600097656,39411950.0
2022-04-01,2.3827596174602084,2.4714698649895745,2.3827596174602084,2.4306631088256836,51375700.0
2022-04-04,2.4501796408602234,2.50872845114132,2.4501796408602234,2.4998574256896973,34053470.0
2022-04-05,2.5069541025350017,2.5282445208181703,2.439534268386697,2.492760419845581,44160370.0
2022-04-06,2.485663800924618,2.5105025881705503,2.453728066249894,2.4714701175689697,35601360.0
2022-04-07,2.4714698630356087,2.4856635449294684,2.455501891591799,2.467921495437622,24782140.0
2022-04-08,2.4750183322135113,2.4909863043126794,2.4661473071035025,2.4874377250671387,31501300.0
2022-04-11,2.501631288827777,2.588567457681428,2.487437607024945,2.583244800567627,54994360.0
2022-04-12,2.6063096203619263,2.6364710633154385,2.5459865229529806,2.599212884902954,39866660.0
2022-04-13,2.613406404531322,2.647116213114505,2.5317928943273205,2.5725996494293213,42133340.0
2022-04-14,2.5832447465800503,2.597438428086247,2.570825354575344,2.574373722076416,28376160.0
2022-04-15,2.5867934966762585,2.5974388122558594,2.558406340967221,2.5974388122558594,18085040.0
2022-04-18,2.6187287893661657,2.6364708379992585,2.5956642953446676,2.6027610301971436,25432110.0
2022-04-19,2.6169550844441836,2.6169550844441836,2.5459866682935455,2.58501935005188,37808720.0
2022-04-20,2.59034195449928,2.6116323731562323,2.5566319310823378,2.576148271560669,45803480.0
2022-04-21,2.5938903340767134,2.696794271469116,2.592116044388148,2.696794271469116,91155320.0
2022-04-22,2.75002041270822,2.83518251037175,2.6524391332839112,2.655987501144409,86869340.0
2022-04-25,2.6559875651708,2.6559875651708,2.5548579154481175,2.625826120376587,37076590.0
2022-04-26,2.652439132291516,2.6684068934087484,2.5601802989415083,2.576148271560669,30805210.0
2022-04-27,2.570825316773374,2.5956643119194567,2.5140508030853206,2.5690510272979736,30803060.0
2022-04-28,2.5725999612219717,2.6400197980613607,2.56905138178153,2.6276001930236816,30858350.0
2022-04-29,2.6293744883226235,2.6435681716087043,2.58501936024233,2.625826120376587,22787910.0
2022-05-05,2.6364713311257764,2.7500205905170043,2.631148884741859,2.7216334342956543,43705100.0
2022-05-06,2.696794338522784,2.8706666952520514,2.6684069718114882,2.8245372772216797,49571880.0
2022-05-09,2.8351824684232287,2.9274410889407947,2.762439976600612,2.7677624225616455,43063710.0
2022-05-10,2.7677623209103115,2.7855045823025324,2.718084538917079,2.748246192932129,10521320.0
2022-05-11,2.7269554908865716,2.744697751803995,2.6559872932245288,2.7003424167633057,37156670.0
2022-05-12,2.677278044597049,2.691471728202537,2.5743741028346836,2.5974388122558594,31149410.0
2022-05-13,2.6027613331757777,2.6790521934792175,2.6027613331757777,2.6524391174316406,22579960.0
2022-05-16,2.6648584233927957,2.7482462281472593,2.6648584233927957,2.7180845737457275,28142380.0
2022-05-17,2.72518158368696,2.748246291673426,2.661310117186274,2.6879231929779053,19269500.0
2022-05-18,2.6914715233399287,2.6967941807245923,2.6471163976376006,2.682600498199463,19767230.0
2022-05-20,2.7879276639576926,2.7879276639576926,2.5989155769348145,2.5989155769348145,28375660.0
2022-05-23,2.60269592165668,2.644278713924554,2.532761573791504,2.532761573791504,28766870.0
2022-05-24,2.532761772602406,2.5648937484335006,2.525201161905714,2.534651756286621,21567080.0
2022-05-25,2.5384316705736496,2.55166245501744,2.52142046887172,2.53654146194458,18382760.0
2022-05-26,2.5441020082001398,2.5648934031673347,2.534651415091399,2.5554428100585938,17114560.0
2022-05-27,2.55733306945005,2.5648934539587924,2.5289812895623895,2.5384318828582764,13640800.0
2022-05-30,2.56111309532026,2.725553588241655,2.557332903311471,2.7066524028778076,44914560.0
2022-05-31,2.746345090213326,2.7879278833157,2.668850130689735,2.672630548477173,26748380.0
2022-06-01,2.7123223837334827,2.727443376004232,2.6631794405034057,2.6745200157165527,22062250.0
2022-06-02,2.6801906654841057,2.7028720433417135,2.649948678127357,2.6593992710113525,15853130.0
2022-06-03,2.666959632241121,2.70287179172925,2.6631794405034057,2.6745200157165527,18649850.0
2022-06-06,2.6858613250825885,2.7274438927149984,2.674520522401054,2.7161033153533936,22285710.0
2022-06-07,2.717993190196281,2.7350043935381065,2.67641062422724,2.6934216022491455,20268480.0
2022-06-08,2.7047622470297648,2.7217734493813497,2.559222936630249,2.559222936630249,29183690.0
2022-06-09,2.561113351540497,2.646168694186961,2.5365417630453106,2.6329379081726074,23045050.0
2022-06-10,2.632937835148908,2.6650698075268613,2.5611132805088284,2.58001446723938,26195080.0
2022-06-13,2.580014423731968,2.591355225707024,2.547882451895864,2.5535526275634766,21041780.0
2022-06-14,2.551662724607599,2.598915692127756,2.551662724607599,2.5630033016204834,22333580.0
2022-06-15,2.572453781104452,2.6083661700199627,2.5365416175088535,2.5989155769348145,14352940.0
2022-06-16,2.6026958693714604,2.632937858536946,2.5422121163604103,2.5497725009918213,12506030.0
2022-06-17,2.549772381668007,2.629157543182373,2.542211997390406,2.629157543182373,17953090.0
2022-06-20,2.6310475594356872,2.636717960374628,2.568673599747164,2.583794593811035,14866780.0
2022-06-21,2.6008059978485107,2.61025659170462,2.583794793715555,2.6008059978485107,18651420.0
2022-06-22,2.5989153907848506,2.6896411229679336,2.566783421660814,2.65372896194458,29453880.0
2022-06-23,2.6593991794789127,2.693421357754287,2.625377226523438,2.665069580078125,15690440.0
2022-06-24,2.6650696560388596,2.689641242455861,2.6291574934201005,2.6461684703826904,16406190.0
2022-06-27,2.5894649028778076,2.5894649028778076,2.5894649028778076,2.5894649028778076,218990.0
2022-06-28,2.5894649684537536,2.668849904833026,2.5648933815144783,2.5856847763061523,32235440.0
2022-06-29,2.5894650919279836,2.6064760700632847,2.5062997341156006,2.5062997341156006,25485970.0
2022-06-30,2.5044097056999655,2.5667836666107178,2.460936931409446,2.5667836666107178,19678370.0
2022-07-01,2.5611129459234117,2.5800141301847006,2.5289809777431986,2.557332754135132,18821680.0
2022-07-04,2.5573330097482856,2.561113201914407,2.498739242553711,2.498739242553711,12582240.0
2022-07-05,2.5705638263170667,2.583794611719691,2.4968490642397336,2.525200843811035,33180460.0
2022-07-06,2.5989153845913533,2.7690262728541764,2.5989153845913533,2.7406744956970215,80094000.0
2022-07-07,2.7425645817597992,2.8181695489987355,2.7142128035401623,2.791707754135132,44648840.0
2022-07-08,2.8106089457129557,2.8975544892364464,2.7784769753916323,2.8918840885162354,27051900.0
2022-07-13,2.8994447373285426,2.954258085955882,2.871092958662007,2.8899941444396973,37796050.0
2022-07-14,2.8899940892656386,2.9769396323110646,2.8540817017817,2.8786532878875732,41208770.0
2022-07-18,2.8918843516015684,3.0128520851313,2.8465215923528726,3.005291700363159,37167010.0
2022-07-19,3.024192787593836,3.069555545342393,3.0034013921891294,3.0544347763061523,32120140.0
2022-07-20,3.0997975492744674,3.118698735982489,3.0601049670596545,3.0676655769348145,30313900.0
2022-07-21,3.0676652271311813,3.109247788083216,3.0355330331356205,3.0449836254119873,24008650.0
2022-07-22,3.0506542334354556,3.0865666217213827,2.986390291711029,3.018522262573242,23500380.0
2022-07-25,3.0204124401343373,3.2226553067810872,3.0034012378627915,3.2075343132019043,55284270.0
2022-07-26,3.20753446750241,3.290699823528687,3.192413473195822,3.2699084281921387,33619720.0
2022-07-27,3.2888092897802808,3.3285018677480873,3.266127913221489,3.3039302825927734,38677600.0
2022-07-28,3.319051428274372,3.383315369037471,3.2925896333037565,3.3379526138305664,31119750.0
2022-07-29,3.3417331100487346,3.462700843811035,3.3417331100487346,3.462700843811035,61756460.0
2022-08-01,3.5061734793503354,3.543975852391323,3.4702610897694477,3.5137338638305664,41426240.0
2022-08-02,3.5118436966109896,3.517513872014509,3.4437993385697103,3.453249931335449,42041250.0
2022-08-03,3.4532499791464435,3.511843745233228,3.334172463585503,3.3492932319641113,42998320.0
2022-08-04,3.375754916596994,3.4967226368994537,3.362524132039511,3.4570300579071045,54154260.0
2022-08-05,3.4645905074623924,3.4872721103560886,3.3663043877626926,3.453249931335449,30320940.0
2022-08-08,3.494832720585569,3.5401957039884207,3.417337764763981,3.440019369125366,31490150.0
2022-08-09,3.4437994930208276,3.547756018106302,3.419227905663914,3.5156240463256836,65306680.0
2022-08-10,3.525074887359482,3.6290314197540283,3.4872725119432832,3.6290314197540283,51827140.0
2022-08-11,3.751889215478287,3.8029226005098957,3.4816019716528626,3.5231845378875732,86323540.0
2022-08-12,3.528854755166405,3.6006793069129825,3.49672278408291,3.534525156021118,41184680.0
2022-08-15,3.543975903614458,3.576107876099736,3.4494699696460405,3.496722936630249,34859950.0
2022-08-16,3.5023932390162584,3.723537298525275,3.483492052755311,3.717866897583008,101055330.0
2022-08-17,3.723537451461425,3.8161534031360134,3.6914052532421238,3.780241012573242,45631960.0
2022-08-18,3.7991418101775736,3.7991418101775736,3.6101297338597047,3.7027456760406494,32908210.0
2022-08-19,3.7197569275386684,3.757559298243508,3.6781741395074223,3.685734748840332,22962030.0
2022-08-22,3.6706137554944154,3.7292075202148784,3.6611631628182058,3.685734748840332,23384150.0
2022-08-23,3.7121963690168327,3.9238898281174346,3.7121963690168327,3.884197473526001,48284010.0
2022-08-24,3.897428057895576,3.9314500099895078,3.8161529188847405,3.8237133026123047,29126110.0
2022-08-25,3.8256038803275794,4.010835788954081,3.8256038803275794,3.9598026275634766,35180620.0
2022-08-26,3.963581709553405,4.035406476685459,3.886086992990696,4.012724876403809,36116630.0
2022-08-29,4.003275563040233,4.003275563040233,3.795362040809656,3.9220004081726074,43903450.0
2022-08-31,3.9220002079524483,3.9352309940415213,3.836944639505719,3.904989004135132,32634000.0
2022-09-01,3.8993182281136707,3.8993182281136707,3.804812300388726,3.8123726844787598,29484240.0
2022-09-02,3.8142629913730954,3.9257801307395317,3.795361804224878,3.8652966022491455,28378240.0
2022-09-05,3.865296500930723,3.923890044362369,3.836944495631645,3.8993184566497803,32331900.0
2022-09-06,3.931450620879886,3.9862642000415884,3.8407251007721137,3.9598026275634766,35942030.0
2022-09-07,3.948462181191565,4.016506552732515,3.785911863243712,3.995715379714966,36335080.0
2022-09-08,4.003275261677773,4.162045141539753,4.003275261677773,4.111011981964111,43524330.0
2022-09-09,4.156374491623405,4.165825309829426,4.03918741021948,4.069429397583008,36703680.0
2022-09-12,4.075099352356077,4.230089256119882,4.046747798985519,4.169605731964111,34319120.0
2022-09-13,4.213078858520616,4.436112689378743,4.16960608247677,4.233870029449463,73968260.0
2022-09-14,4.224419225854692,4.420991935862441,4.120462920191231,4.403980731964111,57094390.0
2022-09-15,4.409650964337245,4.528728485784181,4.288683459409516,4.328375816345215,56726940.0
2022-09-16,4.392639760754951,4.441782936370541,4.313255046889618,4.428552150726318,45760040.0
2022-09-19,4.426662326534555,4.540069450971444,4.256551639879221,4.290573596954346,20170720.0
2022-09-20,4.290573694194074,4.371848846946482,4.092110996611716,4.3567280769348145,41867550.0
2022-09-21,4.347277311296833,4.4266624814365185,4.063759490283485,4.139364242553711,28447450.0
2022-09-22,4.141254226168506,4.19984777398597,4.063759490283485,4.139364242553711,24641880.0
2022-09-23,4.139363697900611,4.277342397702669,4.118572078314129,4.199847221374512,28990970.0
2022-09-26,4.188506954863226,4.196067339119697,4.039187450578693,4.152594566345215,18613130.0
2022-09-27,4.173385387621755,4.290572911062186,4.107231467595547,4.145033836364746,26766980.0
2022-09-28,4.116682495199626,4.165825672615071,4.033517360687256,4.033517360687256,15367720.0
2022-09-29,4.063759039461034,4.092110593097188,3.784021216710633,3.850175142288208,22342750.0
2022-09-30,3.855845666912488,3.9257800121849606,3.782130904068597,3.7859113216400146,31133250.0
2022-10-03,3.785910903460476,3.9768131822538573,3.785910903460476,3.969252347946167,23858870.0
2022-10-04,4.018395276474221,4.082659660392311,3.9522413600523376,4.012724876403809,28046090.0
2022-10-05,4.024066462970255,4.094000809986309,3.9843741053600246,4.037297248840332,20856390.0
2022-10-06,4.041077700102025,4.092110860493691,3.9616925335817395,3.978703737258911,28467180.0
2022-10-07,3.9843744845887983,4.082660846852562,3.9749236648450266,4.058089256286621,52272600.0
2022-10-10,4.08833073947207,4.248990599351052,4.0732095198929805,4.231979846954346,42231390.0
2022-10-11,4.260331190445041,4.3113643463881575,4.173385646749432,4.243319988250732,30277980.0
2022-10-12,4.2811232247339905,4.409651118724656,4.167715649758894,4.390749931335449,46263460.0
2022-10-13,4.420991299326204,4.48903565448261,4.281122622451239,4.298133373260498,32522840.0
2022-10-14,4.3699586790319245,4.725301265716553,4.33215630495738,4.725301265716553,54916710.0
2022-10-17,4.843433551435568,5.018269635313049,4.80090577010108,4.91903829574585,45971730.0
2022-10-18,4.9804672459507975,4.9804672459507975,4.681828236573067,4.696949005126953,44023430.0
2022-10-19,4.708290057643314,4.7253012611523815,4.568421363830566,4.568421363830566,47210320.0
2022-10-20,4.574091260684565,4.685608386993408,4.547629241263632,4.685608386993408,53161290.0
2022-10-21,4.685608957669708,4.68938892473322,4.564640998840332,4.564640998840332,32185160.0
2022-10-24,4.583542308413854,4.644026289442881,4.523058327384827,4.600553512573242,31229650.0
2022-10-25,4.630794980628498,4.636465381375211,4.489035863240316,4.517387866973877,35675720.0
2022-10-26,4.492816296252782,4.594882608769164,4.492816296252782,4.530618667602539,16953750.0
2022-10-27,4.583542054127401,4.630795246179783,4.5325088951203245,4.572201251983643,27674760.0
2022-10-28,4.581651602258685,4.589211986034998,4.441782474517822,4.441782474517822,11630200.0
2022-10-31,4.4606840709938655,4.53439883355623,4.434222500014504,4.532508850097656,20725300.0
2022-11-01,4.555190668691481,4.604333846047509,4.519278277448253,4.5476298332214355,25949590.0
2022-11-02,4.589212104655967,4.589212104655967,4.417211003440082,4.42099142074585,32519540.0
2022-11-03,4.649696084099293,4.739476601496582,4.608113296237914,4.708289623260498,130509440.0
2022-11-04,4.739476588800192,4.857609109113735,4.619454085156133,4.83870792388916,90404010.0
2022-11-07,4.914313238684237,4.961566432583834,4.7914557456970215,4.7914557456970215,55621120.0
2022-11-08,4.810357002036843,5.15057838068411,4.805631592451221,5.0796990394592285,153979590.0
2022-11-09,5.0844237008838995,5.1269514796169116,4.942664588653794,4.994642734527588,47992760.0
2022-11-10,5.027720693104418,5.297062720196493,5.008819506126725,5.1694793701171875,180313140.0
2022-11-11,5.2072826736703215,5.268711199018041,5.074973902017073,5.112776279449463,32052610.0
2022-11-14,5.103325327864729,5.1931058513582,4.994643167172806,5.155303478240967,39988990.0
2022-11-15,5.178930174976218,5.230908326364904,5.01826986077866,5.2214579582214355,39696260.0
2022-11-16,5.282886480028636,5.297062256360646,5.0229948438628265,5.060797214508057,41524930.0
2022-11-17,5.160028134337412,5.268709828525362,4.909587336332325,5.070247173309326,49622630.0
2022-11-18,4.985192896316754,5.297062705928559,4.961566299998317,5.2214579582214355,45197220.0
2022-11-21,5.245084528893943,5.561679746349406,5.245084528893943,5.552228927612305,50385680.0
2022-11-22,5.552228828968479,5.698713362312152,5.457722896475706,5.65146017074585,59231470.0
2022-11-23,5.651460298541535,5.802669793949252,5.5805809602291285,5.779043197631836,36981970.0
2022-11-24,5.812120265186112,5.831021450981847,5.61365758901099,5.736515522003174,28689600.0
2022-11-25,5.71288913952611,5.797944704089523,5.65146017074585,5.65146017074585,27711030.0
2022-11-28,5.665636223786132,5.916077520384278,5.6467350363673905,5.9066267013549805,59647190.0
2022-11-29,5.944428690964274,6.062561217335805,5.831021573801162,5.916077136993408,35531810.0
2022-11-30,5.925526974184165,6.0767364501953125,5.8971749721121824,6.0767364501953125,36109520.0
2022-12-01,6.105088590663578,6.190144148167866,5.897175105795273,5.9822306632995605,51975850.0
2022-12-02,6.038934801419457,6.109814589732921,5.930253090234586,6.0483856201171875,33632470.0
2022-12-05,6.0720120357526435,6.1239901851257805,5.816845796815729,5.916077136993408,41284820.0
2022-12-06,5.90662650113282,6.123990374400101,5.859373308867822,6.10508918762207,45382890.0
2022-12-07,6.114539768342885,6.119265177861694,5.8121207693768415,5.963330268859863,33498320.0
2022-12-08,5.939703034896664,6.015307776529874,5.831021331458877,5.944428443908691,26937690.0
2022-12-09,5.986956861002543,6.152342588909074,5.986956861002543,6.128715991973877,32717550.0
2022-12-12,6.171243129882141,6.440585135065791,6.171243129882141,6.331902980804443,38397360.0
2022-12-13,6.383882159911314,6.549267434909731,6.350804744399753,6.39805793762207,27129290.0
2022-12-14,6.402782908211045,6.520915432529921,6.086187706985272,6.237397193908691,35525120.0
2022-12-15,6.284650242523698,6.412233131585498,6.2704744661034555,6.331902980804443,21746500.0
2022-12-16,6.331903017854108,6.445310581799051,6.331903017854108,6.388607025146484,5616980.0
2022-12-19,6.539817010993615,6.653224132994236,6.412233660763033,6.502014636993408,35629230.0
2022-12-20,6.502014067569626,6.657948959324205,6.492563249577322,6.601245403289795,38042180.0
2022-12-21,6.6154214411291274,6.743004785229448,6.3933321665692135,6.412233352661133,47190910.0
2022-12-22,6.464211952393777,6.535091287578517,6.3933321665692135,6.412233352661133,32459730.0
2022-12-23,6.412233773225862,6.516190528869629,6.398057995387119,6.516190528869629,22397540.0
2022-12-26,6.530366259827754,6.558718265941557,6.473662698239999,6.511465072631836,23981370.0
2022-12-27,6.535091431130426,6.634322772952704,6.426409721374512,6.426409721374512,31276130.0
2022-12-28,6.426409781538125,6.487838300281442,6.336628806808962,6.379156589508057,28428530.0
2022-12-29,6.383881939073559,6.454761275815257,6.3555299339929805,6.426409721374512,22049090.0
2022-12-30,6.45476106556421,6.483113069721279,6.360255136107011,6.402782917022705,28042910.0
2023-01-02,6.421684386949834,6.511464911245275,6.4075086095642035,6.492563724517822,28070950.0
2023-01-03,6.502014704353801,6.558718265941557,6.421684546111186,6.511465072631836,33228560.0
2023-01-04,6.549267224340988,6.780807322918168,6.497289073979493,6.539816856384277,46489590.0
2023-01-05,6.5965204616946655,6.653224021746845,6.346079625470911,6.379156589508057,31168460.0
2023-01-06,6.142891428215342,6.440585451505634,5.991681937264017,6.421684265136719,46067360.0
2023-01-09,6.511464993591034,6.539816999360679,5.991682126692849,6.057836055755615,67762150.0
2023-01-10,6.053110500141122,6.053110500141122,5.712888717651367,5.712888717651367,28247810.0
2023-01-11,5.712889792347103,5.78376913715622,5.278162002563477,5.278162002563477,49111880.0
2023-01-12,5.344315690791693,5.438821621751441,5.065522856480568,5.363216876983643,49900730.0
2023-01-13,5.367941890766308,5.41046967279559,5.103325281357172,5.150578022003174,37703650.0
2023-01-16,5.263985330822646,5.349040440038081,5.150577767469053,5.339590072631836,28991300.0
2023-01-17,5.396294116973877,5.509701239943032,5.349040923750138,5.396294116973877,45117590.0
2023-01-18,5.462448341618611,5.684537171774576,5.40574433111088,5.434096336364746,54282020.0
2023-01-19,5.448271913589318,5.5286020664454165,5.401019174087967,5.467173099517822,25683460.0
2023-01-20,5.48134942121676,5.538052979977507,5.443547048709596,5.476624011993408,37006580.0
2023-01-23,5.5286020949803865,5.585305653058565,5.29233704433473,5.35849142074585,59018810.0
2023-01-24,5.358491893155342,5.363217302738408,5.169479565591426,5.301788330078125,27662320.0
2023-01-25,5.358491676100558,5.405744418097588,5.084424240342314,5.2214579582214355,36282280.0
2023-01-26,5.221457623056094,5.230907990592944,5.0985996905983475,5.126951694488525,24825710.0
2023-01-27,5.027720029175563,5.093873949541696,4.900136695944104,4.980466842651367,33001900.0
2023-01-30,4.985192613466669,5.089149360985583,4.961566018488759,4.966291427612305,22181200.0
2023-01-31,4.956840783429652,5.0371709387915296,4.8717856694181245,4.93321418762207,40319240.0
2023-02-01,4.933213464288637,4.9568400566319655,4.674267292022705,4.674267292022705,35531120.0
2023-02-02,4.6799383607355525,4.7158502995364495,4.413431316388839,4.619454383850098,57996530.0
2023-02-03,4.657256410061795,4.8387078765712515,4.606223255518478,4.833982467651367,32718190.0
2023-02-06,4.734752084555112,4.786730236247649,4.536289395343829,4.725301265716553,6510540.0
2023-02-07,4.696948742758007,4.696948742758007,4.35861739684546,4.411540985107422,16237380.0
2023-02-08,4.243319988250732,4.243319988250732,4.243319988250732,4.243319988250732,570.0
2023-02-15,4.434222286042686,4.848158836364746,4.434222286042686,4.848158836364746,27583880.0
2023-02-16,5.004093633424964,5.150577706280084,4.6307948871970295,4.651586055755615,24730740.0
2023-02-17,4.621344301973146,4.739476828255157,4.536289189485178,4.710180282592773,16259260.0
2023-02-20,4.717741051093059,4.7961807773373755,4.679938675655827,4.700729846954346,15073440.0
2023-02-21,4.696948855226965,4.881235750945052,4.679938103806685,4.843433380126953,28442640.0
2023-02-22,4.843433803834657,4.989918341549237,4.734752090885005,4.7820048332214355,24918920.0
2023-02-23,4.782005150260238,4.895412280154186,4.708290380637209,4.76310396194458,22647210.0
2023-02-24,4.772554633685917,4.923764135530428,4.748928036362747,4.914313316345215,26097130.0
2023-02-27,4.956840364684866,5.008818961198455,4.8434332551566985,4.994642734527588,32081010.0
2023-02-28,5.046622220463261,5.263986110687256,5.018270212764533,5.263986110687256,52234280.0
2023-03-01,5.108049991548362,5.230907460926096,5.0418956229297605,5.070247173309326,47280690.0
2023-03-02,5.103325110333605,5.212006815753096,5.070247697286087,5.074973106384277,26359990.0
2023-03-03,5.103324872637736,5.126951466388425,4.8481586515378385,4.937939167022705,21311460.0
2023-03-06,4.94738975859328,5.382117441427749,4.923763165922756,5.3490400314331055,47795530.0
2023-03-07,5.481349528241243,5.755416959589321,5.325414625944572,5.434096336364746,64401430.0
2023-03-08,5.391568428672827,5.642009258270264,5.320689093142931,5.642009258270264,33769840.0
2023-03-09,5.642008925254198,5.925527151918947,5.538052632698282,5.878273963928223,65500730.0
2023-03-10,5.812120341367398,5.982231015758704,5.755416783236963,5.911351680755615,36328290.0
2023-03-13,5.911351518165207,5.949153889212418,5.717614253888298,5.892450332641602,26927520.0
2023-03-14,5.901901291840331,6.0105834574779875,5.717614827167563,5.9066267013549805,22571450.0
2023-03-15,5.95387935658044,5.977505500736544,5.7554166813184375,5.8451972007751465,29619840.0
2023-03-16,5.906626187005133,6.128715457815675,5.8735492245626455,6.067286491394043,30893550.0
2023-03-17,6.114539330058834,6.138165925319489,5.840471906570808,5.859373092651367,35229380.0
2023-03-20,5.7979444786942205,5.807394846256198,5.566404389788263,5.57112979888916,32187230.0
2023-03-21,5.59475682564273,5.68453735229132,5.443547327859905,5.566404819488525,23242760.0
2023-03-22,5.604206949082234,5.760141849517822,5.57585539480658,5.760141849517822,16689770.0
2023-03-23,5.764867782592773,5.793219790084419,5.689263030134881,5.764867782592773,12503600.0
2023-03-24,5.764867399482093,5.797944814464128,5.575855530898355,5.774318218231201,14711080.0
2023-03-27,5.779042475153591,6.0247583251123284,5.7743175169926815,5.96805477142334,33551520.0
2023-03-28,5.982231179249773,6.043660148229853,5.916077251609559,5.930253028869629,43332010.0
2023-03-29,5.887725011025726,6.128715468009945,5.77904285467135,6.123990058898926,31136950.0
2023-03-30,6.123990582458866,6.2090461511696375,6.048385832778116,6.128715991973877,18252660.0
2023-03-31,6.114539230506195,6.128715457815675,5.8735492245626455,6.067286491394043,28842320.0
2023-04-03,6.053110772927946,6.053110772927946,5.7743179421182065,6.020033359527588,29410770.0
2023-04-04,6.0389344874149,6.1098142720428505,5.972780562529924,6.067286491394043,22136990.0
2023-04-05,6.095638680626443,6.123990687563249,5.991682373351165,6.029484748840332,12401840.0
2023-04-06,6.03420946047894,6.062561013496551,5.887724934421913,5.949153900146484,12052630.0
2023-04-07,5.949153852920719,5.972780447341049,5.854647925879207,5.944428443908691,7969480.0
2023-04-10,5.953879752759884,6.095638429688579,5.953879752759884,6.057836055755615,11423290.0
2023-04-11,6.067286454849056,6.237397125779846,6.057835636699662,6.227946758270264,19187350.0
2023-04-12,6.275199985993564,6.289376214322114,6.109814711252438,6.119265079498291,19019170.0
2023-04-13,6.133440679746294,6.147616907664725,5.986956596374512,5.986956596374512,17267090.0
2023-04-14,5.977505654143558,6.062561217335805,5.9113517277849885,5.916077136993408,11130290.0
2023-04-17,5.925527611675645,5.949154207504175,5.849922865536216,5.873549461364746,9017760.0
2023-04-18,5.89245057092311,6.034209693402573,5.868823975403227,5.977505683898926,14991290.0
2023-04-19,5.977505405713269,6.048385188974258,5.911351482104114,5.944428443908691,10804510.0
2023-04-20,5.949154283215677,6.010583252895692,5.930253096440275,5.939703464508057,4422590.0
2023-04-24,5.939703504302922,6.076737222002644,5.920802317400885,6.0531110763549805,18182160.0
2023-04-25,6.062561458484146,6.175968580158212,5.95387974620646,6.001132488250732,36524220.0
2023-04-26,5.953879573393481,6.0720121010350985,5.859373190768322,6.034209728240967,18641860.0
2023-04-27,6.024759178496564,6.086188149687429,5.986956804016009,6.010583400726318,11247550.0
2023-04-28,6.062561013496551,6.246847910670267,5.835746786796419,5.949153900146484,30915800.0
2023-05-02,5.944429076192464,6.062561610219563,5.831021951680014,5.9066267013549805,17904890.0
2023-05-03,5.897175348620019,6.053110694012009,5.764867048662981,5.953879356384277,30027140.0
2023-05-04,5.930252667512416,6.057835556358506,5.90190066408006,5.944428443908691,21486510.0
2023-05-05,5.958604151779078,6.005857340076311,5.906626005163964,5.934978008270264,19833540.0
2023-05-08,5.958604510832004,6.242122756420005,5.939703324502125,6.199594974517822,18525250.0
2023-05-09,6.237396822954357,6.605970150730079,6.237396822954357,6.577618598937988,38222580.0
2023-05-10,6.596520431600552,6.691026364589704,6.553992649095474,6.653223991394043,31076180.0
2023-05-11,6.71937847232207,7.314766084557314,6.615421719128045,7.276963710784912,70684670.0
2023-05-12,7.347842985997722,7.626635360422542,7.154105721295808,7.215534687042236,75827220.0
2023-05-15,6.497288703918457,6.497288703918457,6.497288703918457,6.497288703918457,2283410.0
2023-05-16,5.8499226570129395,5.925527400457401,5.8499226570129395,5.8499226570129395,119868320.0
2023-05-17,5.89245048527716,5.934978266466847,5.741240546531627,5.854648113250732,70736240.0
2023-05-18,5.868824542542312,6.001132859343624,5.651460653905934,5.764867782592773,69843800.0
2023-05-22,5.788493828606586,5.826296201232013,5.575855369928595,5.590031147003174,53536080.0
2023-05-23,5.610790253284818,5.6252261204853875,5.528986240968347,5.538610458374023,26904110.0
2023-05-24,5.553045875987071,5.702218021342118,5.500114061265168,5.68297004699707,20804690.0
2023-05-25,5.687781942839349,5.721466243583566,5.6252259087805765,5.692594051361084,14583960.0
2023-05-26,5.678157938683832,5.735901861718974,5.577105958645357,5.68297004699707,31283900.0
2023-05-29,5.673346019014769,5.697406102473075,5.48086626916416,5.528985977172852,82946570.0
2023-05-30,5.567481917173396,5.702218200735475,5.528985967272209,5.654098033905029,67186250.0
2023-05-31,5.678158631938941,5.735902562024128,5.601166725158691,5.601166725158691,88498780.0
2023-06-01,5.644473816975772,5.71665406722144,5.625225842025178,5.654098033905029,41256220.0
2023-06-02,5.707029777166905,5.856201925303578,5.68778180246294,5.812893867492676,77173580.0
2023-06-05,5.918758278297232,6.255598083309217,5.875450218141359,6.130486011505127,83049000.0
2023-06-06,6.15935779434588,6.347025430644823,6.082365896489092,6.168981552124023,52401000.0
2023-06-07,6.255597989571539,6.46251406992329,6.202666171789713,6.414393901824951,70451760.0
2023-06-08,6.399958446803519,6.462514485793742,6.270034259921989,6.375898361206055,39799360.0
2023-06-09,6.433642042438614,6.520258163675945,6.337402162679327,6.4384541511535645,38471460.0
2023-06-12,6.462514400482178,6.568378041460776,6.43364220636477,6.462514400482178,49430960.0
2023-06-13,6.452890199898365,6.553942191215008,6.395146270418563,6.409582138061523,40915200.0
2023-06-14,6.414394258956513,6.5683780711917965,6.347026111649597,6.5539422035217285,38140900.0
2023-06-15,6.611686020034448,6.6405582137887595,6.308530050699948,6.351838111877441,42039890.0
2023-06-16,6.399958570891822,6.462514611094939,6.2363505363464355,6.2363505363464355,29146330.0
2023-06-19,6.241162133931584,6.313341927300994,6.14011014786965,6.144922256469727,27351740.0
2023-06-20,6.144922633655932,6.20747821366496,6.087178244726431,6.159358501434326,25141830.0
2023-06-21,6.212290372930281,6.2411625676291305,6.048682340422056,6.125674247741699,25063390.0
2023-06-22,6.140110214038521,6.274846043937102,6.010186033883936,6.255598068237305,43214600.0
2023-06-23,6.31334147466935,6.42882931934374,6.303717717067102,6.361461639404297,51774950.0
2023-06-26,6.366273635948509,6.491385703956277,6.294093843817525,6.428829669952393,53150700.0
2023-06-27,6.438454665778684,6.438454665778684,6.366274406008898,6.385522842407227,14308440.0
2023-07-03,6.428829450602946,6.789729316759933,6.428829450602946,6.563565731048584,44450510.0
2023-07-04,6.592437816306555,6.987022003154628,6.544318106920746,6.9004058837890625,59551070.0
2023-07-05,6.895593808681463,7.015893771092386,6.688677726484135,6.991833686828613,43862110.0
2023-07-06,6.9918338703247525,7.011081846459333,6.770481915323098,6.818602085113525,44262480.0
2023-07-07,6.833037640523112,6.914841650087281,6.799353798552429,6.8426618576049805,24547450.0
2023-07-10,6.934089615438977,7.097697634333631,6.934089615438977,7.039953708648682,46423200.0
2023-07-11,7.126570124507098,7.34792207833879,7.068825737500616,7.213185787200928,38274690.0
2023-07-12,7.217998019684057,7.578897920668259,7.12175813786986,7.55964994430542,39681030.0
2023-07-13,7.583709566028997,8.02160134570404,7.482657581572608,7.973481178283691,45856320.0
2023-07-14,7.983105159435485,8.526860557114999,7.944609210199907,8.358441352844238,57167640.0
2023-07-17,8.372876921365801,8.642348571202666,8.319945563782749,8.329568862915039,43734250.0
2023-07-18,8.416185986359446,8.44024653160733,7.987918376922607,7.987918376922607,30385320.0
2023-07-19,7.983105504489339,8.483552866182691,7.8916772769221035,8.445056915283203,36926200.0
2023-07-20,8.526861259290516,8.565357211696185,8.291073436078815,8.420997619628906,34738070.0
2023-07-21,8.473929145402984,8.680845215378548,8.39693724743289,8.536484718322754,31804140.0
2023-07-24,8.603853765184313,8.618290092525953,8.387314361955521,8.478742599487305,21037930.0
2023-07-25,8.507613703851742,8.844453056437137,8.377689520884166,8.815581321716309,33385140.0
2023-07-26,8.810769903322624,8.892573922954591,8.541298216576841,8.805957794189453,22184610.0
2023-07-27,8.863701224482208,8.92144561000047,8.57498113252263,8.66159725189209,29248010.0
2023-07-28,8.690468500568238,8.820392672368968,8.642348334958802,8.78670883178711,27914970.0
2023-07-31,8.805956973078658,9.046556900406664,8.666409492492676,8.666409492492676,40930140.0
2023-08-01,8.666408145260595,9.162044248921147,8.517236470495087,9.080240249633789,41574570.0
2023-08-02,9.152420727134057,9.758732605865088,9.012872339842778,9.465200424194336,54791280.0
2023-08-03,9.527757406815383,9.8838461312973,9.527757406815383,9.662493705749512,38389780.0
2023-08-04,9.729860018414403,9.941588195951018,9.41708031934956,9.82610034942627,43356020.0
2023-08-07,9.960837586881606,10.47090918752313,9.84534881143833,10.365045547485352,34090320.0
2023-08-08,10.365045315015388,10.490156469610415,9.970460663035174,10.105196952819824,22047170.0
2023-08-09,10.490156437844949,10.605645210348298,10.134068656437957,10.35542106628418,53070160.0
2023-08-10,10.36504548503056,10.499780859209354,9.89346892195708,9.931964874267578,43377460.0
2023-08-11,9.941589022232863,10.576772689819336,9.941589022232863,10.576772689819336,38106050.0
2023-08-14,10.634517171507827,11.183084722433748,10.490156661705916,10.9039888381958,47809220.0
2023-08-15,10.903988708787656,11.019476564569038,10.470909020153497,10.682637214660645,32530580.0
2023-08-16,10.730755805969238,11.115716219370688,10.615267957293554,10.730755805969238,46112590.0
2023-08-17,10.730755798638214,10.83662034821381,10.586396217346191,10.586396217346191,33422360.0
2023-08-18,10.596020169556185,10.711508015268755,10.124444570109237,10.182188034057617,31985420.0
2023-08-21,10.143692615080381,10.596020722765473,9.931964427978613,10.345796585083008,37790670.0
2023-08-22,10.403540093848806,10.884739894496809,10.403540093848806,10.778875350952148,40625330.0
2023-08-23,10.85586833851664,10.913612724246608,10.634516848486152,10.711508750915527,25895810.0
2023-08-24,10.7211323913865,10.759628340530142,10.008955955505371,10.008955955505371,39444680.0
2023-08-25,10.085948114947868,10.191812666195903,9.43151696256077,9.874220848083496,44617670.0
2023-08-28,9.912716911596194,10.345796585083008,9.883845178114635,10.345796585083008,28889310.0
2023-08-29,10.355421100620646,10.846245173031761,10.191813076483607,10.64414119720459,37348840.0
2023-08-31,10.692260209167971,10.740380377157704,10.057076561587914,10.384292602539062,47286060.0
2023-09-01,10.38429319395788,10.596021394481788,10.220685164164303,10.442037582397461,26485270.0
2023-09-04,10.634516485631352,11.308196067810059,10.50940441899853,11.308196067810059,43721880.0
2023-09-05,11.356316661252704,11.529547983407747,10.903988544559676,11.000228881835938,37355320.0
2023-09-06,11.067596462377292,11.163836798741704,10.798124805499159,10.81737232208252,24352030.0
2023-09-07,10.84624520590715,11.15421282036168,10.84624520590715,11.077220916748047,18105820.0
2023-09-08,11.07722058586594,11.317820506925672,10.855868181226736,11.02910041809082,23086640.0
2023-09-11,11.11571634758328,11.134963863676651,10.519028663635254,10.519028663635254,23736500.0
2023-09-12,10.547901389061638,10.692260985699166,10.40354179242411,10.413165092468262,22848000.0
2023-09-13,10.413163645295224,10.8558675093589,10.288051583949423,10.393916130065918,37086300.0
2023-09-14,10.442036696424374,10.547900328796182,10.028204548198131,10.4805326461792,24828940.0
2023-09-15,10.509404559929134,10.586396460763966,10.057076454162598,10.057076454162598,36672030.0
2023-09-18,10.092635151600094,10.1704203185769,9.645369977847292,9.693985939025879,25845970.0
2023-09-19,9.674537879110524,9.946785926818848,9.557860144378386,9.946785926818848,22645480.0
2023-09-20,9.966234189823675,10.044019358099048,9.72315530714505,9.732878684997559,15613340.0
2023-09-21,9.907894420475484,10.491284084523288,9.669677237049786,10.481560707092285,31193330.0
2023-09-22,10.481561300847638,10.539900641466126,10.092635454298923,10.335714340209961,19966000.0
2023-09-25,10.374605725375876,10.60796120632506,10.257927984901285,10.394051551818848,30196190.0
2023-09-26,10.413498919619888,10.57879262685769,10.238481834951086,10.481560707092285,31774290.0
2023-09-27,10.617684540122784,10.666300496941432,10.160696029663086,10.160696029663086,23372360.0
2023-09-28,10.238481834894385,10.335713754659249,9.917617797851562,9.917617797851562,25337500.0
2023-09-29,9.96623361250037,10.394052013232283,9.946786857921863,10.277374267578125,35869110.0
2023-10-02,10.355159727495684,10.724639729603457,10.355159727495684,10.685747146606445,39790750.0
2023-10-03,10.724640384592162,11.278860885238032,10.724640384592162,11.239968299865723,54676400.0
2023-10-04,11.24968970661417,11.298305665635358,10.695470184680582,10.773255348205566,43955040.0
2023-10-05,10.77325643472991,11.064951291003297,10.549624298859493,10.977442741394043,40216590.0
2023-10-06,10.948272850671334,11.181628350217471,10.851040928890946,11.152459144592285,25678240.0
2023-10-09,10.880209852641654,10.94827256703355,10.3940521108793,10.578792572021484,45943030.0
2023-10-10,10.65657837852213,11.210797940792768,10.65657837852213,11.133012771606445,26357640.0
2023-10-11,11.123288937140908,11.317752779398289,10.685747146606445,10.685747146606445,33248790.0
2023-10-12,10.841316756243712,10.928825293974425,10.257928050159395,10.627408027648926,32701060.0
2023-10-13,10.598239054812252,10.61768581077587,10.121804660971987,10.335714340209961,22714620.0
2023-10-16,10.4037757129971,10.510731011949487,9.956510543823242,9.956510543823242,23301210.0
2023-10-17,10.034294867675582,10.141250157649615,9.888447925148395,10.092634201049805,27057520.0
2023-10-18,9.89817197732651,10.082911512284836,9.552999496459961,9.552999496459961,34966500.0
2023-10-19,9.582168581618214,9.69398556621036,9.13976511372465,9.217550277709961,35710150.0
2023-10-20,9.139764877721156,9.538414991942453,9.081426469874714,9.24185848236084,38603610.0
2023-10-23,9.45090741600259,9.703708754552878,9.271028631055446,9.640508651733398,25516890.0
2023-10-24,9.69398562749481,10.082911449880113,9.69398562749481,10.014849662780762,23345180.0
2023-10-25,10.014850252173455,10.053742836700886,9.65509361347662,9.70370864868164,34998530.0
2023-10-26,9.723154554462173,10.014849376550492,9.484937379150523,10.005125999450684,40657210.0
2023-10-27,10.112081268749955,10.296821741054707,9.708570355796768,10.1023588180542,32735310.0
2023-10-30,10.102358124007836,10.12180395133575,9.888448459766996,10.112080574035645,15929360.0
2023-10-31,10.112081398476452,10.287098495058357,9.698848029526197,9.70857048034668,25020490.0
2023-11-01,9.830108920743236,10.07318778460479,9.674538596235406,10.005125999450684,33690100.0
2023-11-02,10.112080874333314,10.996888762200763,10.073188291250199,10.919102668762207,114366060.0
2023-11-03,10.928826254614481,11.152459307058267,10.695470751668887,10.792702674865723,42337740.0
2023-11-06,10.967718695754494,11.19135174528893,10.9288261124362,10.987165451049805,32003180.0
2023-11-07,10.987165451049805,11.210797573311911,10.909380284413217,10.987165451049805,31473980.0
2023-11-08,11.074673896118934,11.249690055847168,10.987165352618657,11.249690055847168,33575940.0
2023-11-09,11.220520900016428,11.541384942753655,11.084396395384264,11.483046531677246,40603730.0
2023-11-10,11.492769241333008,11.765018256740404,11.356645660901656,11.492769241333008,31071490.0
2023-11-13,11.56083079853585,11.667785162036507,10.62740794848204,10.889932632446289,57041370.0
2023-11-14,10.889933192149233,11.074673652648926,10.65657769946022,11.074673652648926,18943690.0
2023-11-15,11.162181689761598,11.220521028779817,10.685747308990091,10.724639892578125,21940460.0
2023-11-16,10.782979804894115,10.880210805397505,10.607962705806672,10.744087219238281,20214370.0
2023-11-17,10.734363066542588,10.83159498730327,10.54962352982408,10.617685317993164,23075100.0
2023-11-20,10.695470848062016,10.870487940484729,10.646854886025446,10.763532638549805,19148150.0
2023-11-21,10.821871717742178,10.96771867306599,10.685747212773581,10.753809928894043,18674920.0
2023-11-22,10.79270164579267,11.142734866835754,10.705193108713836,10.889932632446289,30444450.0
2023-11-23,10.899656730199007,11.32747513976989,10.792702359624364,11.113566398620605,38476270.0
2023-11-24,11.317752913456765,11.356645496914458,11.016334696205393,11.055227279663086,33120580.0
2023-11-27,11.09412025019942,11.376091721923887,11.09412025019942,11.201075553894043,25986330.0
2023-11-28,11.210797595538633,11.34692210105871,11.094119845352424,11.220520973205566,18996470.0
2023-11-29,11.327475694572252,11.414984241724953,11.103843564979664,11.133012771606445,19659370.0
2023-11-30,11.152459011717736,11.171904839478731,10.763532256502332,10.782979011535645,24566150.0
2023-12-01,10.86076421770191,10.967718588967779,10.569069382018615,10.851040840148926,23083240.0
2023-12-04,10.860764306523452,11.278860271997857,10.812148345633258,11.152459144592285,21600230.0
2023-12-05,11.133012569919222,11.55110854217569,11.064950779932298,11.424707412719727,30498500.0
2023-12-06,11.434431062782078,11.77474094809237,11.171905419828764,11.201075553894043,32988290.0
2023-12-07,11.201074200645728,11.22052002706755,10.578791991519104,10.889932632446289,32046840.0
2023-12-08,10.938549207466105,11.755294363320475,10.889933247756238,11.54138469696045,43158880.0
2023-12-11,11.541383623723192,11.881694382774333,11.308028151542407,11.570552825927734,40604850.0
2023-12-12,11.570554024772477,11.667785945224944,10.977441906374908,11.512215614318848,35747700.0
2023-12-13,11.453876433021296,11.590000938059372,11.152459144592285,11.152459144592285,20147130.0
2023-12-14,11.269136592588504,11.414983544081114,11.006610967175044,11.308029174804688,20916800.0
2023-12-15,11.38581486709804,11.82335666913317,11.38581486709804,11.492769241333008,44592860.0
2023-12-18,11.492768708513479,11.803910293515244,11.288582420060443,11.308029174804688,36645340.0
2023-12-19,11.551108179311848,12.377575792799748,11.502492219160251,12.24145221710205,66065690.0
2023-12-20,12.163667513419508,12.591485938991587,11.949757836997295,12.52342414855957,56756920.0
2023-12-21,12.542870124032973,12.57204025793638,11.599724715692819,12.328961372375488,45636400.0
2023-12-22,12.328960935644984,13.106812600067995,12.328960935644984,13.077643394470215,49681930.0
2023-12-25,12.708162645074639,13.019304219872009,12.416468751655996,12.620654106140137,23583770.0
2023-12-26,12.931796266703993,13.34989129893606,12.29006818847924,12.640101432800293,41844120.0
2023-12-27,12.688717241468547,12.688717241468547,12.115050958005492,12.435914993286133,34494900.0
2023-12-28,12.43591578990347,13.05819807284399,12.377576449173398,13.029027938842773,29803540.0
2023-12-29,13.272105168586396,13.417953038570571,13.106811472301011,13.36933708190918,31018700.0
2024-01-02,13.320721574608138,13.612416397144257,13.14570542290429,13.417953491210938,34389780.0
2024-01-03,13.417954569164296,13.437400397683701,12.824841499328613,12.824841499328613,18982580.0
2024-01-04,12.844287544691053,12.912349331652939,12.455361723091263,12.766502380371094,27537690.0
2024-01-05,12.80539524915598,12.92207299824753,12.53314716794236,12.776226043701172,17039450.0
2024-01-08,12.834565188262538,12.931797115032982,12.640102261994029,12.669271469116211,18072510.0
2024-01-09,12.62065415633425,12.727609449800584,12.115050602095113,12.124773979187012,26848310.0
2024-01-10,12.13449646394656,12.397022082550079,11.881695149735215,12.358129501342773,44167850.0
2024-01-11,12.484530492936218,12.824840343161675,12.426191158092623,12.552592277526855,36238140.0
2024-01-12,12.513700397169703,13.213767818117415,12.37757589309666,12.941519737243652,34186610.0
2024-01-15,13.038750992179384,13.213768082739325,12.76650290585352,12.951242446899414,17884100.0
2024-01-16,12.999857902526855,13.174874986275976,12.785948236530409,12.999857902526855,14707190.0
2024-01-17,12.999858039630315,13.077643204945332,12.747055788720354,12.805395126342773,10369390.0
2024-01-18,12.951243176965216,13.155429485037748,12.678995075292637,13.00958251953125,21155040.0
2024-01-19,13.038751380117192,13.135983306048368,12.931797003410795,13.097090721130371,12549200.0
2024-01-22,13.126258839626026,13.359614329785138,12.980411890094652,13.291552543640137,16019010.0
2024-01-23,13.369338437920586,13.417954399512947,12.698441135217493,12.785948753356934,27449910.0
2024-01-24,12.95124173674813,13.106812063261144,12.785948033009982,12.892903327941895,20730600.0
2024-01-25,12.93179638349637,13.184598636980892,12.873457045279817,13.174875259399414,18065000.0
2024-01-26,13.272105820555979,13.563800647581093,13.116535493415194,13.524908065795898,21973520.0
2024-01-29,13.622139357699739,13.738817097691776,13.398506327260817,13.602692604064941,23867740.0
2024-01-30,13.680478382081722,13.904111422623373,13.51518467780772,13.690201759338379,19245890.0
2024-01-31,13.670755932097357,13.991619963388702,13.379061105303691,13.690201759338379,21774290.0
2024-02-01,13.74854123937618,14.82781108979928,13.74854123937618,14.623624801635742,58159560.0
2024-02-02,14.681965157090243,14.720857741949498,14.351377722150398,14.52639389038086,17591730.0
2024-02-05,14.526392977240736,14.925043106079102,14.341653442590237,14.925043106079102,54167530.0
2024-02-06,14.886149825985186,15.148674513160632,14.691685995754762,15.100058555603027,46622740.0
2024-02-07,15.129229095162295,15.275076044502374,14.944488636907751,15.080613136291504,39358860.0
2024-02-08,15.08061316810199,15.313968658447266,15.002828004653566,15.313968658447266,14912660.0
2024-02-09,15.313967994714725,15.401476531619512,15.022273180789517,15.158397674560547,14543960.0
2024-02-12,15.265353146952155,15.391754273079156,15.216737186553722,15.362585067749023,13652610.0
2024-02-13,15.362584330249119,15.440369492243512,14.993104347139612,15.304244995117188,28495450.0
2024-02-14,15.275075754524696,15.275075754524696,14.633347705975064,15.070889472961426,25864940.0
2024-02-15,15.070889415872381,15.488985354459194,15.03199683511586,15.333415031433105,19402270.0
2024-02-16,15.37230848554923,15.57649477793964,15.33341590258307,15.430646896362305,21153940.0
2024-02-19,15.469538483774604,15.537600267767132,15.031996721745575,15.197290420532227,21572850.0
2024-02-20,15.21673612631716,15.28479883704158,15.002827399104,15.226459503173828,17573410.0
2024-02-21,15.313968822278653,15.382030609206089,14.973658033096875,15.352861404418945,17515760.0
2024-02-22,15.372308351595985,15.382030801798562,14.954212392898803,15.061166763305664,19523720.0
2024-02-23,15.138951679387528,15.236183597991467,14.827811023490598,14.886150360107422,13582570.0
2024-02-26,14.96393652035724,15.14867606527764,14.876427973241972,14.95421314239502,15665400.0
2024-02-27,14.973658152376059,14.993104907237267,14.633348287755695,14.759749412536621,14122740.0
2024-02-28,14.77919561946476,14.81808820291313,14.32220706849219,14.341653823852539,17841910.0
2024-02-29,14.419438089133324,15.284799175840787,14.419438089133324,15.138951301574707,34637300.0
2024-03-01,15.168122403559842,15.284800154076784,14.497224178997007,14.5750093460083,22167740.0
2024-03-04,14.672241286914307,14.70141049276225,14.205529356985553,14.40971565246582,13220820.0
2024-03-05,14.4097153407567,14.487500506183464,13.933280970699688,14.16663646697998,28867420.0
2024-03-06,14.215252446810368,14.224975824320213,13.388784831192185,13.437399864196777,42653610.0
2024-03-07,13.515184338646057,13.962449481233012,13.505461888905677,13.94300365447998,28604060.0
2024-03-08,13.962450161490912,14.458331286028438,13.952727711276848,14.331930160522461,21490830.0
2024-03-11,14.516670838198262,14.847258259441954,14.088851495198545,14.604179382324219,45417900.0
2024-03-12,14.77919544358606,14.866703987121582,14.33193027561631,14.866703987121582,62310540.0
2024-03-13,14.866704204687816,14.895873410535758,14.370823068911118,14.40971565246582,20314060.0
2024-03-14,14.555562874012029,14.555562874012029,13.495738861275074,13.524908065795898,41780390.0
2024-03-15,13.661032109255734,13.661032109255734,13.349890538097329,13.47629165649414,29788270.0
2024-03-18,13.602692561157165,13.699924474479948,13.272105168586396,13.36933708190918,15815560.0
2024-03-19,13.398507052059069,13.699925258798034,13.330445265199943,13.661032676696777,12748940.0
2024-03-20,13.67075650675027,14.166636713144403,13.554077829310359,14.108298301696777,52107780.0
2024-03-21,14.176360545376712,14.963936543352022,14.137467960740421,14.788919448852539,56143090.0
2024-03-22,14.740303500307984,15.245908028334682,14.331930897600994,15.0222749710083,65469080.0
2024-03-25,15.0125504546304,15.08061316810199,14.438885106016338,14.584732055664062,55384420.0
2024-03-26,14.584732327794837,14.681964247555726,14.049958623654565,14.195806503295898,22148590.0
2024-03-27,14.28331410474042,14.691686683711238,14.166636357501945,14.361100196838379,32180870.0
2024-03-28,14.399993006932021,14.711133671154123,14.341653668754217,14.701410293579102,24579450.0
2024-03-29,14.711133655179463,14.915319947671575,14.662517694629472,14.866703987121582,20358900.0
2024-04-01,14.97365755706567,15.508431239947786,14.720856244826791,15.070889472961426,93850370.0
2024-04-02,15.119507046406383,15.557048860143443,14.711134439645827,14.827812194824219,73745060.0
2024-04-03,14.827811670100695,15.061167172199541,14.565286034785238,15.04172134399414,37864900.0
2024-04-04,15.05144302604418,15.605662547052633,14.983381239891504,15.479262351989746,54943730.0
2024-04-05,15.557048375769119,15.955697592034628,15.51815579192059,15.907082557678223,37560890.0
2024-04-08,15.926524663652588,16.305728912353516,15.848739509606512,16.305728912353516,27932060.0
2024-04-09,16.305728912353516,16.305728912353516,16.305728912353516,16.305728912353516,0.0
2024-04-15,16.286284648890106,16.286284648890106,15.275076564497672,15.430646896362305,53255840.0
2024-04-16,15.216736391997523,15.916804701544535,15.168121361409888,15.732064247131348,40994340.0
2024-04-17,15.887634269960921,16.490468797841356,15.7515107032546,16.21822166442871,39473140.0
2024-04-18,16.315452916610628,16.77244048240837,16.111265720287772,16.723825454711914,22656170.0
2024-04-19,16.43213047320847,16.869673160579698,16.286283528932902,16.684932708740234,26490980.0
2024-04-22,16.859949774741214,17.38499914476353,16.82105626719796,17.015520095825195,19573760.0
2024-04-24,17.08358196903878,17.346107582698433,16.752994571366145,17.151643753051758,20617110.0
2024-04-25,17.161367257996854,17.647524981195318,17.07385871945757,17.618356704711914,29014300.0
2024-04-26,17.61835771457887,17.91005162339974,17.375278839046594,17.52112579345703,27175750.0
2024-04-29,17.744756984880866,17.86143565502763,17.307214290011192,17.754480361938477,27903140.0
2024-04-30,17.7933717285676,18.269807923981467,17.569739623484043,17.7447566986084,29113850.0
2024-05-02,17.832267108632653,18.211469574856913,17.832267108632653,18.075345993041992,25708060.0
2024-05-03,18.094792974863314,18.911538185042236,18.094792974863314,18.814306259155273,20264770.0
2024-05-06,18.960153092287875,19.047661639538937,18.59067400187374,18.678180694580078,19939600.0
2024-05-07,18.76568872334115,19.135169658091367,18.522609844258778,19.057384490966797,21038970.0
2024-05-08,19.10599935228451,19.193507896326828,18.75596703065988,18.85319709777832,19021960.0
2024-05-09,18.960154151916505,19.456035329204315,18.78513704763318,19.446311950683594,17516390.0
2024-05-10,19.465757814429445,20.02970076093779,19.281017340103254,19.349079132080078,22780950.0
2024-05-13,19.44630999378353,19.738003901872425,18.853196945518846,18.979598999023438,24810760.0
2024-05-14,19.067107946553907,19.26156993788727,18.814305688730325,19.19350814819336,14238210.0
2024-05-15,19.154615755182526,19.41713952611484,18.726796423428794,18.901813507080078,17448840.0
2024-05-16,18.901813362515014,20.22416114807129,18.901813362515014,20.22416114807129,23421720.0
2024-05-17,20.224161719581694,20.525580860768926,20.0296997317181,20.243608474731445,25327340.0
2024-05-20,20.282499786657645,20.61308717019326,19.981080678140533,20.233882904052734,20984480.0
2024-05-21,20.263055804851867,20.651981646159594,19.86440658569336,19.86440658569336,26785110.0
2024-05-22,19.932466749473964,20.389454343899036,19.844958210502952,19.874128341674805,17681870.0
2024-05-23,19.81578741601715,20.04914474849147,19.660217097397265,19.718557357788086,21653400.0
2024-05-24,20.058867046296985,20.272777633578997,19.446309124863394,19.679664611816406,24302670.0
2024-05-27,19.70883490558537,20.30194607769199,19.70883490558537,20.214439392089844,20578180.0
2024-05-28,20.435712574685187,20.543888792388618,19.914493068487864,20.298030853271484,19602290.0
2024-05-29,20.307865442057782,20.484883458743795,19.383439063668185,19.639131546020508,31125820.0
2024-05-30,19.639129734023445,19.66863335933138,18.931059608356453,19.19658660888672,23538430.0
2024-05-31,19.66863315272946,20.347201521707795,19.5604550701504,19.570289611816406,44258680.0
2024-06-03,19.717805548283373,21.045438766479492,19.717805548283373,21.045438766479492,38307700.0
2024-06-04,21.14378231518794,21.724007189245896,20.829084459918644,21.045438766479492,26514230.0
2024-06-05,21.045439464108682,21.546989890975063,20.48488365636015,21.31096649169922,33929580.0
2024-06-06,21.38964033552341,21.605994642958567,20.750410079956055,20.750410079956055,24136340.0
2024-06-07,20.81924988348131,20.996267895718063,20.160350546681823,20.170185089111328,23954490.0
2024-06-10,20.229189354639466,20.917592280841617,20.032504144115332,20.65206527709961,22258230.0
2024-06-11,20.652066056214508,21.310965381609336,20.58322613614667,21.133947372436523,23809360.0
2024-06-12,21.133945370877488,22.068206163808604,21.094609081312967,21.871519088745117,33134730.0
2024-06-13,22.205888136057474,22.854952920422754,21.75351044575622,22.15671730041504,36696920.0
2024-06-14,22.32390022701709,22.373071061468732,21.684668124663162,22.17638397216797,30290400.0
2024-06-20,22.32390062099395,22.530420380232062,21.861686515704037,22.23539161682129,27876380.0
2024-06-21,22.26489227752437,22.510750193577415,21.763341903686523,21.763341903686523,24873850.0
2024-06-24,21.783011388094103,22.412408940282738,21.655166094722063,22.33373260498047,29860810.0
2024-06-25,22.36323661707343,23.100810391551104,21.90102439366971,23.051639556884766,37546700.0
2024-06-26,23.071306697519713,23.14998303395007,22.54025455684451,22.687768936157227,19955800.0
2024-06-27,22.71727306071759,23.258159755313216,22.658267682847395,22.815616607666016,23964360.0
2024-06-28,23.356502712124808,24.708721290195193,23.356502712124808,24.300596237182617,49298640.0
2024-07-01,24.44811193898198,24.634962605916396,23.474514809873902,23.808879852294922,36128230.0
2024-07-02,23.907223406957286,24.4677791595459,23.218822362413064,24.4677791595459,43390340.0
2024-07-03,24.487450455764414,25.44629679718458,24.467781370379527,25.003751754760742,37701920.0
2024-07-04,25.028337594358938,25.938011169433594,24.78247966858232,25.938011169433594,26423570.0
2024-07-05,26.35596840398908,26.970613207027515,26.036354231857345,26.798513412475586,30665140.0
2024-07-08,27.1427157602067,27.290230142584754,26.552656354947327,27.167301177978516,23360520.0
2024-07-09,27.191886984303906,27.38857408078327,26.47889860425018,26.89685821533203,24028480.0
2024-07-10,27.142715193001255,28.81454795126126,26.8476845586633,28.470348358154297,45617410.0
2024-07-11,28.691619645809514,29.183335505211545,28.2244910799753,28.372005462646484,32278310.0
2024-07-12,28.27365998564095,28.888304767937495,28.027802072722334,28.51951789855957,27117810.0
2024-07-16,28.716206700831158,29.871738210528044,28.42117606219248,29.40460777282715,37845930.0
2024-07-17,29.699638028520177,29.9700813703082,29.08499321729871,29.675050735473633,25202100.0
2024-07-18,29.797979329358412,29.97008099982118,28.298246383666992,28.298246383666992,41162580.0
2024-07-19,28.347418818838932,28.617862154664316,27.314814433305106,28.12614631652832,38714710.0
2024-07-22,28.470347008295512,29.158748037617517,28.126145555761003,28.814546585083008,32127750.0
2024-07-23,28.814548700032134,28.962064958908,27.68360259504912,27.929460525512695,28206070.0
2024-07-24,27.929459992162176,27.954045409589614,27.14271538000154,27.437744140625,32801800.0
2024-07-25,27.904874689630265,27.904874689630265,26.405141711416302,26.995201110839844,28648130.0
2024-07-26,27.29022837296848,27.29022837296848,26.085524222796142,26.282211303710938,29481470.0
2024-07-29,26.257625915319657,26.257625915319657,25.520052174729184,25.987180709838867,23128260.0
2024-07-30,26.110111153845434,26.552656173706055,25.86425322631112,26.552656173706055,26010350.0
2024-07-31,26.552656250781332,26.970613978504037,25.815082466037406,26.257627487182617,26631420.0
2024-08-01,26.52807021678622,26.847684390634797,25.83966728338652,26.06093978881836,33121450.0
2024-08-02,25.96259723990616,26.5526566517614,25.667568471852118,25.83966827392578,33916210.0
2024-08-05,24.50711706890111,25.42170881381599,23.258158409162572,24.954578399658203,26379500.0
2024-08-06,25.66756776539897,25.91342569059293,22.510751030520012,23.415508270263672,102404600.0
2024-08-07,23.602361112152828,23.749875493954356,22.697603861157084,23.258159637451172,71501720.0
2024-08-08,23.110645197452023,24.566123678856925,23.002467109054656,24.21208953857422,43743210.0
2024-08-09,24.22192220658512,25.347951965393797,24.22192220658512,25.05292320251465,39101700.0
2024-08-12,25.298780122372044,25.54463804022649,24.172750408419382,24.4677791595459,36884990.0
2024-08-13,24.929993526385687,25.4462947845459,24.320265057910365,25.4462947845459,36252790.0
2024-08-14,25.61839457868361,26.085525003017928,25.102093320523398,25.4462947845459,29918760.0
2024-08-15,25.470880134246404,25.76591076366448,24.880820751157316,25.741323471069336,29472050.0
2024-08-16,25.765910866245605,25.913425243668406,25.249607731645195,25.29878044128418,20008860.0
2024-08-19,25.42170967400437,25.618394887425396,24.88082111666558,25.47088050842285,21194600.0
2024-08-20,25.421708966713485,25.642981466934536,23.985897757526818,24.39893913269043,41678800.0
2024-08-21,23.799048151616162,24.73330715142621,23.602361059157666,24.064573287963867,44249690.0
2024-08-22,24.428443983136138,24.428443983136138,22.864787404147563,22.963130950927734,46973860.0
2024-08-23,23.012302695505653,23.23849154901225,22.343568801879883,22.343568801879883,27593780.0
2024-08-26,22.62876395687958,22.972965431817208,22.3927405706859,22.599260330200195,28444550.0
2024-08-27,22.697603514513684,23.081141276489603,21.910858906422803,22.540254592895508,46231940.0
2024-08-28,22.618929532994212,22.94346192517685,21.930526579517267,22.15671730041504,39872470.0
2024-08-29,22.19605261711319,22.65826670510125,21.901023864746094,21.901023864746094,182685820.0
2024-09-02,21.989533300654053,22.274727516818352,21.91085884008317,22.17638397216797,45546330.0
2024-09-03,22.274727109838192,22.461579653685238,21.202786431803307,21.753509521484375,43683210.0
2024-09-04,21.625663900526057,21.655167528217444,20.779911997511622,21.03560447692871,42356100.0
2024-09-05,21.045437539930013,21.173284708524086,20.65206524376953,20.799579620361328,28967380.0
2024-09-06,20.789744778362753,20.799579320093173,20.42587611307236,20.445545196533203,22826660.0
2024-09-09,19.973498124411012,21.301131349239782,19.973498124411012,21.11427879333496,31623910.0
2024-09-10,21.261795148781495,21.360136822667794,20.779911943152094,21.33063507080078,24399330.0
2024-09-11,21.25195856864971,21.25195856864971,20.53405203817963,20.602893829345703,20894000.0
2024-09-12,20.878253208207454,20.9175913740552,20.160348563209045,20.760242462158203,18098410.0
2024-09-13,20.760244263109794,20.868420477081397,20.347202864612086,20.691404342651367,21890500.0
2024-09-16,20.69140336933505,20.799579578218083,20.20952019729938,20.28819465637207,22518480.0
2024-09-17,20.406207956234628,20.956929187916586,20.26852811725092,20.848752975463867,24905490.0
2024-09-18,20.848752949560332,21.02576908128497,20.317698927145052,20.33736801147461,27476610.0
2024-09-19,20.524220630744495,20.711071305267847,20.248859076437846,20.553722381591797,48543560.0
2024-09-20,20.72090660058054,20.838919235500388,20.55372312862996,20.671735763549805,34142720.0
2024-09-23,20.819250144624853,20.848753772283445,20.111179962543424,20.160350799560547,27813330.0
2024-09-24,20.26852717916958,20.2881943868662,19.75714226411674,19.786645889282227,38525550.0
2024-09-25,19.78664748532235,19.89482370149415,18.852386579606286,18.921226501464844,68671080.0
2024-09-26,19.019569873576277,19.747309131185798,19.019569873576277,19.65880012512207,51710500.0
2024-09-27,19.658798863913482,19.914491323277304,19.521119030312594,19.707971572875977,25127770.0
2024-09-30,19.570290807914947,19.678468897105645,19.137580326899297,19.304763793945312,26709360.0
2024-10-01,19.304762993703168,19.530953704975335,18.852385322652964,18.97039794921875,23869150.0
2024-10-02,18.970398754591315,19.009735047951857,18.449179268397337,18.645864486694336,29946750.0
2024-10-03,18.636029591050235,18.714704044107965,18.144313790502704,18.291828155517578,24239520.0
2024-10-04,18.34100102956957,18.891722262357295,18.183652105915932,18.872055053710938,22544460.0
2024-10-07,18.881888052449764,19.294929412214195,18.881888052449764,18.931058883666992,25202520.0
2024-10-08,18.911390953231532,19.24575787797459,18.655698488678187,18.813047409057617,23215710.0
2024-10-09,18.813048030564772,19.599794534199933,18.508184721726565,19.521120071411133,28677060.0
2024-10-10,19.717804493854757,19.9833314984441,19.501450198863665,19.550621032714844,35932240.0
2024-10-11,19.57029114907488,19.65880015527436,18.990066275432575,18.999900817871094,29368820.0
2024-10-14,18.90155603430167,18.931059659689605,18.05580607306509,18.095142364501953,25213240.0
2024-10-15,18.095141860559334,18.537686850318405,17.829614866703896,18.114810943603516,34521450.0
2024-10-16,17.80011317397392,17.868953089098472,17.377237265926524,17.819782257080078,40084070.0
2024-10-17,17.819783619105262,18.173817763341106,17.72144007180475,17.986967086791992,24982930.0
2024-10-18,18.00663501190614,18.1443167339023,17.48541737925104,17.59359359741211,21079910.0
2024-10-21,17.59359291910583,17.77061092931381,17.328067779541016,17.328067779541016,18199470.0
2024-10-22,17.44607823885885,18.26232647978597,17.278894773813676,17.99679946899414,32555110.0
2024-10-23,19.176918106956908,19.471946865995864,18.557356962676256,18.734373092651367,65780700.0
2024-10-24,18.744208278133268,19.0294043806414,18.488515802840613,18.783546447753906,26232350.0
2024-10-25,18.783546079797265,19.3441018556803,18.586858987041364,19.235923767089844,24960440.0
2024-10-28,19.422775878728245,19.422775878728245,18.85238557352206,18.96056365966797,9339930.0
2024-10-30,18.980230079389973,19.12774632736858,18.773710333415135,18.99006462097168,22026760.0
2024-10-31,18.980229854816262,19.127746101049464,18.66553203091315,18.852384567260742,20778110.0
2024-11-01,18.891721362782828,19.029403071234064,18.567188988732198,18.83271598815918,21032280.0
2024-11-04,18.78354535216797,18.78354535216797,17.66243196808399,17.800113677978516,29607250.0
2024-11-05,17.829614320672064,17.829614320672064,17.1805496060677,17.4755802154541,26102940.0
2024-11-06,17.800114864868302,19.216257095336914,17.318233537473862,19.216257095336914,65055750.0
2024-11-07,19.23592323133272,20.278362167859083,18.960563560040313,20.0620059967041,81455290.0
2024-11-08,20.062004592754647,20.16034812951141,19.570288784717786,20.042335510253906,43319010.0
2024-11-11,20.022670394263415,20.13084660781934,19.67846891754677,19.81614875793457,23641060.0
2024-11-12,19.865320755681115,21.192952027720388,19.825982587985127,20.868419647216797,59183130.0
2024-11-13,20.82908321283621,21.173284674834104,20.602894377372216,20.947093963623047,33882430.0
2024-11-14,21.232291876358495,21.94036206921988,21.163451953187597,21.38964080810547,44388370.0
2024-11-15,21.458478369245345,21.763341656479035,20.96676254272461,20.96676254272461,41026250.0
2024-11-18,20.947094570646716,21.143781661987305,20.248858960307146,21.143781661987305,46903550.0
2024-11-19,21.232291772215483,21.50765333929567,19.973498448666756,20.298030853271484,47559230.0
2024-11-20,20.730741495715826,20.76024512388437,19.34410285949707,19.34410285949707,37102820.0
2024-11-21,19.422776317633236,19.521119864011183,19.058905758758964,19.235923767089844,45513280.0
2024-11-22,19.235923697631737,20.848752975463867,18.911391308779336,20.848752975463867,63193530.0
2024-11-25,20.809415283821007,21.48798370361328,20.445546593665892,21.48798370361328,52226810.0
2024-11-26,21.232291256664173,21.35030201415648,20.829084396362305,20.829084396362305,24981430.0
2024-11-27,20.99626831609013,21.1536172466182,20.593061447143555,20.593061447143555,34442860.0
2024-11-28,20.55372286512618,20.55372286512618,19.934161698044715,20.170185089111328,33620890.0
2024-11-29,20.18985297996924,20.22918927161379,19.629295349121094,19.629295349121094,37274610.0
2024-12-02,19.668632321474547,20.16034812951141,19.353934504450464,20.042335510253906,36447290.0
2024-12-03,20.101344915959118,20.366870055239744,19.825983358625077,20.18001937866211,34086810.0
2024-12-04,20.180018306131455,20.612726890126666,19.983331221953957,20.36686897277832,40952500.0
2024-12-05,20.504550834551807,21.26179367579776,20.406207291731402,20.947093963623047,48446770.0
2024-12-06,21.1831204269537,22.412410093074584,21.06510779367734,22.363237380981445,76887410.0
2024-12-09,22.71727302185088,23.238490631015644,22.412409715004777,22.963130950927734,48160590.0
2024-12-10,22.87462173837811,23.21882321110496,22.432076719765426,22.677934646606445,42514330.0
2024-12-11,22.677935235388844,23.061474886726636,22.363237380981445,22.363237380981445,25090270.0
2024-12-12,22.569758110515018,22.90412503628169,22.422241855929002,22.47141456604004,24035750.0
2024-12-13,22.471413779246504,22.70743715227429,22.087874156797696,22.6484317779541,23304890.0
2024-12-16,22.81561652426906,23.090976203821565,21.94036102294922,21.94036102294922,26943530.0
2024-12-17,22.02887047098742,22.068208640714165,21.46831468261152,21.70433807373047,40241230.0
2024-12-18,21.704337172280667,22.26489293737491,21.3896393305258,21.812515258789062,39402650.0
2024-12-19,21.63549707752653,22.68776868072306,21.51748444995676,22.03870391845703,39472480.0
2024-12-20,22.264892554086426,23.57285660870552,22.0288691768334,23.071306228637695,85501990.0
2024-12-23,23.071305960029324,23.366336584971,22.432075752942918,22.56975746154785,34314990.0
2024-12-24,22.569758108309628,23.19915379169265,22.44191093778052,23.130313873291016,31887780.0
2024-12-25,23.395841861539697,23.504018076814717,23.179485679495308,23.23849105834961,18907070.0
2024-12-26,23.356502532958984,23.582691370467288,23.081140985722516,23.356502532958984,29694830.0
2024-12-27,23.415506894893586,23.779377428136502,23.238488899032003,23.248323440551758,32824180.0
2024-12-30,23.258159374973577,23.55319001099423,20.927427291870117,20.927427291870117,59234430.0
2024-12-31,18.842552185058594,18.842552185058594,18.842552185058594,18.842552185058594,28940880.0
2025-01-02,17.80011370123526,18.02630253641507,16.974030943777038,16.99370002746582,593054120.0
2025-01-03,17.210053107978542,17.524750921833498,16.993698829889993,17.25922393798828,267517840.0
2025-01-06,17.367403172697802,17.603426548823435,16.983865420962033,17.288728713989258,205397150.0
2025-01-07,17.318233178019106,17.337900386838303,16.964197158813477,16.964197158813477,143508640.0
2025-01-08,17.01336672772693,17.13137935059105,16.797012440847546,16.86585235595703,119811140.0
2025-01-09,16.92485798342885,17.12154506590416,16.92485798342885,17.0035343170166,67737710.0
2025-01-10,17.07237350972723,17.23955696002283,16.423308791108287,16.442975997924805,131762120.0
2025-01-13,16.462646967100735,16.59049414266758,16.01026927078031,16.07910919189453,85949020.0
2025-01-14,16.226623469361574,16.32496701705259,15.843085696688481,16.010269165039062,74770060.0
2025-01-15,16.039771527356045,16.138115078793444,15.793913586636158,16.05944061279297,57170070.0
2025-01-16,16.2069539402231,16.974031340280526,15.88242155476556,16.90519142150879,108186500.0
2025-01-17,16.816683057252312,16.816683057252312,16.2856290195641,16.29546356201172,91050160.0
2025-01-20,16.37413877722971,16.865854667691544,16.206955299442793,16.777345657348633,98122250.0
2025-01-21,16.77734392642922,16.82651663585061,16.4626460891206,16.55115509033203,63588670.0
2025-01-22,16.42331001437349,16.42331001437349,16.000434086496345,16.029935836791992,102176740.0
2025-01-23,16.128279127330785,16.216788128318793,15.961095667214217,16.039770126342773,67627390.0
2025-01-24,16.049603501693394,16.472479392179295,16.049603501693394,16.305295944213867,66822410.0
2025-01-27,16.246292114257812,16.37413740977232,16.020103273714476,16.246292114257812,61147900.0
2025-01-28,16.2561270557459,16.33480151855256,16.049605418536437,16.15778350830078,43157500.0
2025-01-29,16.21678837970286,16.47248084477105,16.157783003378537,16.177452087402344,61792630.0
2025-01-30,16.206955209348145,16.4036423147384,16.13811528518573,16.197120666503906,49126390.0
2025-01-31,16.128279673746768,16.128279673746768,15.62673021427842,15.872587203979492,93371840.0
2025-02-03,15.734907589807255,15.744742132140543,15.430043342590366,15.498884201049805,42053510.0
2025-02-04,15.557889108832265,15.784077948416485,15.321865727212156,15.626729965209961,62759170.0
2025-02-05,15.666067589386314,16.118445279929297,15.607061273560861,15.793912887573242,93589250.0
2025-02-06,15.921760251331774,15.980765629987134,15.51855245377675,15.567724227905273,51717730.0
2025-02-07,15.626729084627247,16.108609424875343,15.489048317503865,15.990598678588867,95811510.0
2025-02-10,16.069274019860636,16.315131943205206,15.734907094052259,15.774245262145996,54733210.0
2025-02-11,15.734907150268555,15.892256071711472,15.469380141928468,15.734907150268555,79601400.0
2025-02-12,15.73490595505139,16.305296220892124,15.73490595505139,16.147947311401367,114358070.0
2025-02-13,16.688836349315746,17.141215935859815,16.551156502681444,16.934694290161133,134799970.0
2025-02-14,16.974031340280526,17.03303671697814,16.669168038971222,16.90519142150879,63646900.0
2025-02-17,16.983865343835458,17.25922501019138,16.60032571809435,16.92485809326172,62436980.0
2025-02-18,16.895355428905944,17.42640752508591,16.81668097481458,17.18054962158203,71671410.0
2025-02-19,17.278894159545857,17.29856324314537,16.541320406287518,16.62982940673828,56409300.0
2025-02-20,16.649498851737146,17.03303661151762,16.62982976771069,16.68883514404297,56555600.0
2025-02-21,16.718338767827333,16.718338767827333,15.921759622334157,16.177452087402344,57658630.0
2025-02-24,16.33480170970371,16.374138003693783,15.83325130003687,15.931594848632812,56652070.0
2025-02-25,15.951260454228722,16.177451155985363,15.862751456964599,15.882420539855957,46234790.0
2025-02-26,15.921759487790467,17.072374633000717,15.833250486178365,16.76750946044922,103116320.0
2025-02-27,16.787178756576676,17.2002201440736,16.66916800343304,17.052705764770508,90885240.0
2025-02-28,17.160883487326345,17.22972340449002,16.777343858383343,16.99370002746582,239978480.0
2025-03-03,16.9445271767863,17.160883344062576,16.84618363491045,16.92485809326172,101103880.0
2025-03-04,16.895355818248632,17.416573385209933,16.885521276792215,17.23955726623535,100282080.0
2025-03-05,17.27889506795705,17.564091167902603,17.03303713727867,17.328067779541016,105263970.0
2025-03-06,17.219890732656904,17.760777462607113,16.90519286244971,17.65260124206543,109794310.0
2025-03-07,17.652598687059,17.7509403504545,17.505082440471767,17.603425979614258,63388340.0
2025-03-10,17.603426626864877,18.1541478402662,17.426408625049113,17.505083084106445,75096930.0
2025-03-11,17.593592771153574,17.84928524199852,17.24939317169609,17.406742095947266,72253100.0
2025-03-12,17.898456573486328,18.262325229363583,17.741107661364218,17.898456573486328,104655320.0
2025-03-13,17.996800259687607,18.065642057757827,17.71160602781407,17.96729850769043,96384220.0
2025-03-14,18.085309574803286,18.822883399234055,17.97713335606156,18.685203552246094,122162040.0
2025-03-17,18.842552124030444,18.91139204620663,18.537688807644255,18.626197814941406,72042570.0
2025-03-18,18.596693183022357,18.88188927463394,18.23282450666969,18.51801872253418,83447320.0
2025-03-19,17.160884334295677,17.81978366441312,16.66916847229004,16.66916847229004,95636810.0
2025-03-20,16.57082544238624,17.318233801072342,16.511820062311532,17.013368606567383,114754490.0
2025-03-21,17.013367130096576,17.072374380797672,15.312030792236328,15.312030792236328,140980590.0
2025-03-24,15.331701056426745,15.823416928985019,14.70230440191766,15.449712753295898,119013110.0
2025-03-25,15.518552113065713,16.61016097295937,15.518552113065713,16.53148651123047,101663090.0
2025-03-26,16.52165281774454,17.160884962344,16.226624040042655,16.718339920043945,105903860.0
2025-03-27,16.983865701862776,17.023201993994114,16.47248077392578,16.47248077392578,53047730.0
2025-03-28,16.49215087116578,16.54132170828785,16.098778546947624,16.433143615722656,53072710.0
2025-04-02,16.44297785462025,16.954362804532966,16.256127176409468,16.738008499145508,66840380.0
2025-04-03,16.816683057252312,16.865853893743214,16.29546356201172,16.29546356201172,48543820.0
2025-04-04,16.295462419371912,16.374136877689,15.83325021122739,15.862751960754395,46079130.0
2025-04-07,15.469379042755076,16.147947390604067,15.33169921521211,15.961094856262207,73141980.0
2025-04-08,16.14794917679183,16.45281248967922,16.118445549448982,16.29546356201172,52815560.0
2025-04-09,16.167619064778282,16.433144221064595,15.88242294687245,16.118446350097656,72081670.0
2025-04-10,16.61016094081503,16.66916819380786,16.167617797851562,16.167617797851562,48928190.0
2025-04-11,16.226623175097266,16.324966721004856,16.000434332532798,16.167617797851562,38651250.0
2025-04-14,16.236457863764155,16.315132326050684,16.010269019158788,16.088943481445312,36632550.0
2025-04-15,16.157783803981022,16.216789183229004,15.911925868742717,16.00043487548828,39405190.0
2025-04-16,15.961096511864504,15.990600139004174,15.341535347908746,15.45954704284668,47104150.0
2025-04-17,15.479214614223824,16.088943088877475,15.449711926054631,16.029935836791992,68128010.0
2025-04-18,16.00043437021258,16.108610582793265,15.53822120395613,16.020103454589844,41896560.0
2025-04-21,16.010269831561654,16.541322010005896,15.911926279776502,16.275794982910156,53268260.0
2025-04-22,16.482315172889155,17.023201846294963,16.472480631004878,16.55115509033203,69448960.0
2025-04-24,16.639665202474077,16.92485943317057,16.452812645691907,16.728174209594727,56880250.0
2025-04-25,16.787178688428167,17.003534861225024,16.61999522569746,16.68883514404297,38793450.0
2025-04-28,16.688834590067692,16.78717813118844,16.315131384705293,16.344635009765625,37312910.0
2025-04-29,16.285627901156797,16.521651276449266,16.15778260961185,16.265960693359375,36048280.0
2025-04-30,16.28562845018906,16.462646456562926,15.538221069899128,15.69556999206543,45907380.0
2025-05-02,15.764411176260293,15.882421932461911,15.607061312953126,15.646398544311523,28261100.0
2025-05-05,15.7152377602766,15.843084928802543,15.538220696035479,15.636563301086426,25678630.0
2025-05-06,15.636563569372303,15.793912490452376,15.469380106256338,15.626729965209961,38134110.0
2025-05-07,15.626729799062755,15.626729799062755,14.790812492370605,14.790812492370605,56749400.0
2025-05-08,14.79081259958778,14.879321601864252,14.328599442073726,14.603960990905762,52947480.0
2025-05-09,14.72197298275398,15.017002683758541,14.72197298275398,14.957996368408203,78005880.0
2025-05-12,15.813581953162393,16.45281219482422,15.813581953162393,16.45281219482422,95455230.0
2025-05-13,17.21005319232274,17.21005319232274,16.48231402527987,16.521650314331055,146803880.0
2025-05-14,16.521651042698327,17.249392117571055,16.108609672843517,16.78717803955078,145507740.0
2025-05-15,16.521651163244062,16.679000079027563,16.049604415893555,16.049604415893555,112804630.0
2025-05-16,15.951261520385742,16.138114068848594,15.577558299207148,15.951261520385742,115238430.0
2025-05-20,16.30529764914163,16.36430302643245,15.508718490600586,15.508718490600586,75999110.0
2025-05-21,15.439877199999277,15.469379887816803,15.08584213256836,15.08584213256836,59127930.0
2025-05-22,15.184185064952763,15.233356837623385,14.918658993129096,15.036670684814453,59680620.0
2025-05-23,15.02683579888236,15.21368834318071,14.83014965057373,14.83014965057373,79432890.0
2025-05-26,14.898989534687974,15.01700216128272,14.761309700116655,14.97766399383545,54652960.0
2025-05-27,14.985003516002587,15.024672581695961,14.58831285906885,14.598230361938477,56500810.0
2025-05-28,14.598230006537408,14.67756813599263,14.19162185663312,14.419718742370605,51200700.0
2025-05-29,14.548643684938824,14.647816821325648,14.399884926143711,14.409801483154297,39681990.0
2025-05-30,14.409801929575812,14.439554438884677,13.785013420866916,13.814765930175781,76058660.0
2025-06-02,13.785013099378629,13.90402124226833,13.586667770871014,13.596585273742676,69297900.0
2025-06-03,13.725509774029149,13.963524164775464,13.666005703450011,13.874268531799316,74421480.0
2025-06-04,13.884186478930072,14.300712148960786,13.785013340052227,14.24120807647705,64783160.0
2025-06-05,14.171786962128738,14.310629162652976,13.993275696566876,14.261042594909668,30967780.0
2025-06-10,14.35029817051632,14.717237257098658,14.35029817051632,14.687485694885254,60094120.0
2025-06-11,14.578395688825996,14.598230695017811,14.459388489030557,14.469305992126465,34346360.0
2025-06-12,14.4296367524244,14.4296367524244,14.013111085244594,14.052780151367188,57716880.0
2025-06-13,13.596585649757719,13.735427856445312,13.308984679021757,13.735427856445312,64599080.0
2025-06-16,13.775096775281568,14.032945233810107,13.616419564006508,13.933773040771484,48885470.0
2025-06-17,13.933772642752004,13.953606702479108,13.457742914094945,13.487495422363281,74408370.0
2025-06-18,13.408157534169996,13.646171929906886,13.388322528299355,13.477578163146973,63388190.0
2025-06-19,13.527164858466909,13.854434892110168,13.527164858466909,13.626337051391602,55019960.0
2025-06-20,13.824682596612297,13.894104173095778,13.328818786972493,13.348653793334961,81138650.0
2025-06-23,13.289149625523633,13.318902134855744,13.14039086200369,13.160225868225098,34955890.0
2025-06-24,13.586667444046611,13.814765275682372,13.497411811918926,13.725509643554688,68404820.0
2025-06-25,13.785013420866916,13.913938123849878,13.715592790716533,13.814765930175781,55964900.0
2025-06-26,13.735427193541229,14.568477556106345,13.735427193541229,13.99327564239502,44112605.0
2025-06-27,14.132117814164928,14.389967208288995,13.765178728273806,14.032944679260254,57464711.0
2025-06-30,14.05277960495797,14.875913404335034,13.993275535195185,14.846161842346191,95765547.0
2025-07-01,14.846162738889495,15.262688415027208,14.627982397630417,15.232935905456543,75289060.0
2025-07-02,15.302356551807742,15.67921313806148,15.153596850352656,15.193265914916992,71512192.0
2025-07-03,15.342026035140185,16.194911419445873,15.242852898129817,15.946979522705078,88028061.0
2025-07-04,15.917227014130889,16.036235156857384,15.639544500386164,15.946979522705078,45530536.0
2025-07-07,15.68913053384154,15.758552109880279,15.302357370102811,15.391613006591797,46060561.0
2025-07-08,15.490784707752118,15.520536270373858,14.965169354437474,15.06434154510498,36183334.0
2025-07-09,15.074258986920869,15.570122775607642,14.975086796654585,15.490784645080566,38186945.0
2025-07-10,15.589957640037996,15.976731732195896,15.232935110112207,15.689129829406738,60085663.0
2025-07-11,15.818054859794914,15.986649571419772,15.421364202398573,15.560205459594727,35168006.0
2025-07-14,15.560205084359467,15.589957592285558,15.064341301679258,15.074258804321289,43719205.0
2025-07-16,15.074259120571448,15.27260444864769,14.489139693407683,14.637899398803711,59188269.0
2025-07-17,14.776740831171121,15.123845868768385,14.746989268052399,15.054425239562988,49714973.0
2025-07-18,15.123846009477663,15.133763512537888,14.766824411375927,14.8560791015625,51360499.0
2025-07-21,14.935417704080802,15.58004024988083,14.935417704080802,15.5304536819458,61851381.0
2025-07-22,15.58995756419037,15.728798817788148,15.371777235384437,15.46103286743164,46370545.0
2025-07-23,15.461033671558589,15.758552145261476,15.312273961814569,15.659379005432129,53872804.0
2025-07-24,15.778385882570058,15.837889954405886,15.35194271413785,15.441198348999023,73268340.0
2025-07-25,15.461033115896523,15.520536241027495,15.044507456839245,15.104010581970215,50338527.0
2025-07-28,15.173432184359898,15.242852812405665,15.06434154510498,15.06434154510498,28191280.0
2025-07-29,15.074259358543674,15.153597491026657,14.925500596584369,14.97508716583252,32613441.0
2025-07-30,14.9750865327057,15.242852482068686,14.895748403577029,15.193265914916992,45707844.0
2025-07-31,15.203183529543196,15.411446356487012,14.94533413508226,15.034589767456055,69534096.0
2025-08-01,15.054425547278008,15.431282155697007,15.044508044107339,15.272604942321777,79339397.0
2025-08-04,15.421364451867051,15.689130413494897,15.421364451867051,15.550289154052734,56754779.0
2025-08-05,15.629627033977934,15.758551734078027,15.490784830996649,15.560205459594727,53940957.0
2025-08-06,15.570123500934615,16.234582030176313,15.391613171825437,16.11557388305664,113503464.0
2025-08-07,16.45276080420262,17.127135865380463,16.45276080420262,16.641189575195312,132729269.0
2025-08-08,16.65110699954458,17.23622453232191,16.581684479928054,17.067630767822266,109782306.0
2025-08-11,17.30564629311786,17.49407316338981,17.018044399170943,17.137052536010742,71868088.0
2025-08-12,17.13705273854021,17.275893990185693,16.780030215371603,16.819698333740234,59092792.0
2025-08-13,17.008127922449486,17.553579236133338,16.661022884936173,17.01804542541504,107985169.0
2025-08-14,17.018045848177316,17.265977753764478,16.403175781600527,16.462678909301758,75819978.0
2025-08-15,16.512264480318322,17.434571468767057,16.36350571576182,17.15688705444336,93651800.0
2025-08-18,17.236224379845858,17.256059385275115,16.730444982391425,16.958541870117188,75726195.0
2025-08-19,17.166804658086928,17.444489074035694,16.91887275185171,17.34531593322754,81652386.0
2025-08-20,17.345315216705472,17.82134400303582,17.20647396025168,17.68250274658203,102571535.0
2025-08-21,17.791594261210406,17.980021149502637,17.59324797803187,17.801511764526367,100746198.0
2025-08-22,17.80151022848495,17.890765859056643,17.54366083923008,17.593246459960938,68930255.0
2025-08-25,17.69242036516239,17.771758496736517,17.404818455974773,17.523826599121094,57207965.0
2025-08-26,17.523826715865514,17.622999853886434,17.226309193373037,17.365150451660156,67578230.0
2025-08-27,17.384986130935957,17.44448925942508,17.037881080203764,17.107301712036133,59535656.0
2025-08-28,17.14697095575197,17.305647218980877,16.88912155511244,17.176721572875977,53927180.0
2025-08-29,17.19655687527625,17.21639188141454,16.750278695016195,16.780031204223633,53281564.0
2025-09-01,16.85936851227698,17.018044770478674,16.76019537800837,16.928789138793945,34114914.0
2025-09-02,16.462678072865124,16.53209870025115,15.342025803055083,15.60979175567627,343068018.0
2025-09-03,15.649461270901993,15.669296276888646,15.034590272092816,15.32219123840332,97926327.0
2025-09-04,15.351942615263303,15.540371386708896,15.153597286729887,15.25277042388916,76401369.0
2025-09-05,15.332108906221913,15.351942966636651,14.776741027832031,14.776741027832031,93711569.0
2025-09-08,14.518891905213579,14.627981596979602,14.380049705505371,14.380049705505371,55701932.0
2025-09-09,14.439554369603298,14.717237834657647,14.340381230619887,14.548644065856934,60628937.0
2025-09-10,14.687486257066498,14.90566564936268,14.399885289235034,14.89574909210205,63656264.0
2025-09-11,14.895748805728486,14.915582865653576,14.261042809778393,14.290794372558594,77070129.0
2025-09-12,14.290794675630433,14.32054623904159,14.013111210294294,14.201539039611816,46293498.0
2025-09-15,14.191622105776377,15.074259047907269,13.983359275853953,15.06434154510498,82619409.0
2025-09-16,15.074259338280985,15.32219123840332,14.85607900135349,15.32219123840332,64402135.0
2025-09-17,15.33210867248749,15.33210867248749,15.084176773479468,15.094094276428223,43825334.0
2025-09-18,15.123845752568393,15.629627050626324,15.123845752568393,15.213101387023926,67042358.0
2025-09-19,15.272604100713075,15.609791623653576,15.113927841866982,15.46103286743164,66506900.0
2025-09-22,15.768468349995736,15.798220858750296,15.371777691119606,15.480867385864258,58440299.0
2025-09-23,15.361859817646307,15.381694823004226,14.975086671018014,14.99492073059082,59067657.0
2025-09-24,15.004838930948338,15.024672991443367,14.608147317411042,14.697402954101562,69295485.0
2025-09-25,14.72715498136241,14.885831243268289,14.251125249859653,14.370132446289062,97773599.0
2025-09-26,14.370132549368282,14.370132549368282,13.775096562952955,13.904021263122559,80939711.0
2025-09-29,13.824681718257384,13.913937349647293,13.537080764770508,13.537080764770508,52133093.0
2025-09-30,13.576750182366206,13.884186148952757,13.437908926179158,13.715592384338379,72770483.0
2025-10-01,13.715592943006449,13.993276412476364,13.596585741805058,13.923855781555176,70490043.0
2025-10-02,13.96352433839969,13.993275901166635,13.616419304906529,13.63625431060791,48853322.0
2025-10-03,13.74534406291419,13.785013128700093,13.477578105305637,13.556916236877441,51484185.0
2025-10-06,13.58666791708017,13.794930750700614,13.348653520309705,13.398240089416504,69295888.0
2025-10-07,13.427991212414184,13.705674666210953,13.427991212414184,13.685840606689453,48362663.0
2025-10-08,13.705674796570202,14.479222986753484,13.666005731364788,13.834599494934082,101664617.0
2025-10-09,13.973442060966432,14.062697696455837,13.48749576306317,13.666006088256836,73411687.0
2025-10-10,13.66600605896571,13.923855461874625,13.546998860496627,13.70567512512207,63344809.0
2025-10-13,13.58666752757085,13.745343787535484,13.427991267606215,13.606502532958984,59365996.0
2025-10-14,13.606503012990071,13.695758648815355,13.259397972732895,13.2792329788208,51877664.0
2025-10-15,13.31890138646122,14.1023661182657,13.31890138646122,13.884185791015625,127903675.0
2025-10-16,13.884186336714555,14.211456367560016,13.74534413286476,13.785013198852539,76137577.0
2025-10-17,13.794930900624584,14.370132838630436,13.70567526441934,14.161870002746582,105468788.0
2025-10-20,14.399885485107163,14.677568953669995,13.83460009901566,14.618064880371094,103480909.0
2025-10-21,14.657733807633361,14.667651310719533,14.013111239594608,14.161870002746582,91838287.0
2025-10-22,14.161870194178606,14.51889274382561,14.032945489671095,14.231291770935059,68730842.0
2025-10-23,14.231291151415261,14.340380844733394,13.755261421203613,13.755261421203613,85950420.0
2025-10-24,13.824682114250193,14.459388108926039,13.76517898880925,14.330463409423828,121358273.0
2025-10-27,14.330463438193904,14.439554078029854,14.082531541526933,14.290794372558594,67294425.0
2025-10-28,14.290794536524698,14.399885177612305,14.211456404343789,14.399885177612305,20583147.0
2025-10-30,14.39988522845369,14.489139918133489,14.23129146052772,14.32054615020752,53753230.0
2025-10-31,14.32054584956318,14.459388051347707,14.221373658961479,14.409801483154297,71615742.0
2025-11-03,14.40980137026749,14.727154836748094,14.40980137026749,14.568477630615234,66866450.0
2025-11-04,14.56847808055118,14.578395583575487,14.161869914406033,14.280877113342285,60120572.0
2025-11-05,14.38996771307778,14.796575878037247,14.26104301149317,14.667651176452637,104450809.0
2025-11-06,14.697402466911486,14.9651693681071,14.399884948852081,14.71723747253418,110133808.0
2025-11-07,14.737072077696979,14.826327714731633,14.161870134346051,14.310629844665527,98156219.0
2025-11-10,14.350298590386531,14.469305788507244,14.092449188232422,14.092449188232422,62250768.0
2025-11-11,14.13211784238176,14.49905692900553,13.546998426003144,13.99327564239502,118627917.0
2025-11-12,14.062697999331787,14.39988554253833,13.943690798044507,14.231291770935059,59708547.0
2025-11-13,14.30071217869587,14.429636881191078,14.181704979266096,14.201539039611816,47234500.0
2025-11-14,14.20153838489449,14.241207449542264,13.983359002224287,14.112282752990723,53590213.0
2025-11-17,14.142035796143654,14.588313026770626,14.142035796143654,14.360215187072754,80220631.0
2025-11-18,14.310629877571355,14.776741178602744,14.231291743532601,14.57839584350586,74283990.0
2025-11-19,14.647816886877603,15.094094111045246,14.55856125288705,14.985003471374512,89872052.0
2025-11-20,15.034590097706477,15.21310136637525,14.756906637610152,14.905665397644043,86161890.0
2025-11-21,14.86599638979607,14.925500461512382,14.518892299770515,14.826327323913574,68018337.0
2025-11-24,15.014755779970793,15.867641151374533,15.014755779970793,15.60979175567627,241709762.0
2025-11-25,15.60979204844034,16.561851518995354,15.381695156588194,15.86764144897461,212154491.0
2025-11-26,15.847806004695876,16.016399766089243,15.560205049222205,15.808136940002441,87927569.0
2025-11-27,15.956897833674535,16.413091638827073,15.877559698362338,16.145326614379883,111460369.0
2025-11-28,16.115573746233846,16.15524375879371,15.659379005432129,15.659379005432129,56985871.0
2025-12-01,15.659378721421266,16.065987830718882,15.540371523255551,16.05607032775879,70184488.0
2025-12-02,16.065988000591226,16.065988000591226,15.788303589483347,15.818055152893066,56106218.0
2025-12-03,15.758551683839015,15.946979509055277,15.47095072169727,15.639544486999512,67114866.0
2025-12-04,15.65937887995437,15.80813764272124,15.490785111066504,15.5106201171875,46294014.0
2025-12-05,15.570122962475917,15.758551734078027,15.342026070919305,15.560205459594727,46905418.0
2025-12-08,15.599874418540653,15.847806314162355,15.599874418540653,15.71888256072998,45678021.0
2025-12-09,15.71888236558763,15.73871642518287,15.401528899997757,15.649460792541504,40686090.0
2025-12-10,15.71888253219915,16.04615255816297,15.68913002381326,15.758551597595215,79835370.0
2025-12-11,15.827972847755905,16.175076947169117,15.788303780800533,15.887476921081543,81510793.0
2025-12-12,15.887476227610097,16.244496868839715,15.887476227610097,16.184993743896484,57019309.0
2025-12-15,16.18499463619716,16.571767807006836,16.10565650137542,16.571767807006836,61489446.0
2025-12-16,16.849451728916126,16.94862486741797,16.363505430984418,16.591602325439453,89985668.0
2025-12-17,16.55193366318682,16.69077491760254,16.38333990072335,16.69077491760254,65062426.0
2025-12-18,16.661022186279297,16.789947827854913,16.413090297247937,16.661022186279297,56072096.0
2025-12-19,16.700693373241478,16.760196501162056,16.304002701153742,16.38334083557129,56029463.0
2025-12-22,16.38333963431206,16.512263383948753,15.986648991310476,16.046152114868164,69005771.0
2025-12-23,16.016400025705977,16.02631752848637,15.451115608215332,15.451115608215332,52329285.0
2025-12-24,15.431281925692975,15.629627257224218,15.332108787034782,15.589958190917969,46531906.0
2025-12-25,15.580040901716226,15.778386235969567,15.580040901716226,15.619709968566895,19348274.0
2025-12-26,15.61970874608536,16.075902506271316,15.580039682339402,16.016399383544922,70436960.0
2025-12-29,16.35358804712152,16.571767440158894,15.470951080322266,15.470951080322266,80314945.0
2025-12-30,15.391612398668846,15.629626789381842,15.203183630015555,15.570122718811035,49301007.0
2025-12-31,15.560205925345572,15.956897540400888,15.520536858418557,15.58004093170166,44286862.0
2026-01-02,15.599874574055244,15.986649621348615,15.570123011103883,15.827972412109375,36858735.0
2026-01-05,15.86764203702002,16.07590393080215,15.808137963235723,16.036235809326172,43690186.0
2026-01-06,16.065987437984447,16.28416682306227,15.956896799660417,16.264331817626953,60482229.0
2026-01-07,16.31391949733902,16.6114370156175,16.11557322410653,16.373422622680664,67818057.0
2026-01-08,16.383340775176677,16.472596412513685,15.98665010455128,16.462678909301758,64518104.0
2026-01-09,16.512264370933206,16.56185188650376,16.264332467791355,16.353588104248047,65155739.0
2026-01-12,16.413090575251392,16.512263710857763,16.224663698326545,16.264331817626953,85344614.0
2026-01-13,16.28416698888307,16.522181381819905,16.12549072692518,16.373422622680664,74172126.0
2026-01-14,16.442842915639165,16.869286070296422,16.403174796743485,16.849451065063477,132011099.0
2026-01-15,16.899039172968937,17.394902971825015,16.760196023021447,17.01804542541504,105365261.0
2026-01-16,17.06763178928335,17.910600662231445,16.998211157082395,17.910600662231445,95949285.0
2026-01-19,17.940352966378512,18.069276725903862,17.42465414513643,17.880849838256836,86014302.0
2026-01-20,17.880850078325757,17.93043570383117,16.84945242199401,16.948625564575195,108585175.0
2026-01-21,17.01804537750572,17.01804537750572,16.512264077107965,16.75027847290039,84326665.0
2026-01-22,16.849451590826487,17.50399165137596,16.50234655469988,17.444488525390625,154096555.0
2026-01-23,17.553578509827002,17.801510398996477,17.494073494495783,17.70233726501465,54802767.0
2026-01-26,17.62299892043496,18.069275180535403,17.474240167068142,18.019689559936523,84943250.0
2026-01-27,18.0395245022953,18.198200757546097,17.652749474997584,17.751922607421875,71110778.0
2026-01-28,17.742006743074054,18.465969352512957,17.732089239758963,18.4163818359375,92619562.0
2026-01-29,18.44613346214994,18.91224474620631,18.27753969701121,18.64447784423828,83515533.0
2026-01-30,18.644478258167187,19.05108642578125,18.436216368615238,19.05108642578125,66782245.0
2026-02-02,18.872576973941833,19.725461426610444,18.51555443141015,19.477529525756836,87555144.0
2026-02-03,19.953559317667363,20.171738699663464,19.69570992536095,20.052730560302734,84282960.0
2026-02-04,20.251077829702176,20.270912835837752,19.38827397850751,20.013063430786133,79025862.0
2026-02-05,20.01306260918374,20.40975325775835,19.59653695528785,19.814716339111328,106032506.0
2026-02-06,19.735379019598934,20.132069684459005,19.54695024445154,20.013063430786133,61433785.0
2026-02-09,20.25107801989346,20.528762433688573,20.151904879854467,20.38991928100586,46188943.0
2026-02-10,20.48909260401598,20.48909260401598,20.013063797462173,20.151905059814453,49602565.0
2026-02-11,20.151904029073634,20.389918420176443,19.82463400486099,20.270912170410156,48771126.0
2026-02-12,20.42958861968724,21.341978073120117,20.290745471584895,21.341978073120117,84043240.0
2026-02-13,21.93701520455504,23.087419061901496,21.302308258330246,21.718833923339844,150829432.0
2026-02-16,21.917180257551436,22.11552464187839,21.302308315526254,21.639495849609375,63039321.0
2026-02-17,21.63949608633858,21.79817235216412,21.3221435546875,21.3221435546875,48399730.0
2026-02-18,21.322142790307325,21.798171570718726,20.885782129145092,21.044458389282227,72440080.0
2026-02-19,21.06429411819703,21.20313537769331,19.626290224866185,19.745296478271484,88942235.0
2026-02-20,19.76513164675275,19.993228543962193,19.48744723390844,19.854387283325195,54958924.0
2026-02-23,20.092401445741064,20.35025084927815,19.993228307215986,20.17173957824707,42175573.0
2026-02-24,20.09240156375815,20.151904690594584,19.77504903187009,20.013063430786133,42442677.0
2026-02-25,20.032897401202913,20.132068643612968,19.368439862576487,19.4378604888916,50801353.0
2026-02-26,19.437861583697465,19.54695033480681,19.11059154722882,19.23951530456543,36919977.0
2026-02-27,19.35852208270556,19.427942708026205,18.465967672809764,18.793237686157227,81200524.0
2026-03-02,17.563494901425006,18.52547188476276,17.563494901425006,18.247787475585938,38418370.0
2026-03-03,18.227951649946093,18.96183170608692,18.18828353131616,18.39654541015625,53827738.0
2026-03-04,18.376713389190144,18.882494699891193,18.198202115816798,18.545307159423828,37366016.0
2026-03-05,18.77340377249988,18.98166566056665,18.55522248987341,18.594892501831055,30025723.0
2026-03-06,18.029607978301232,18.178366739225215,16.740360969962754,16.75027847290039,86904539.0
2026-03-09,16.19491154938473,16.75027847290039,15.55028899100063,16.75027847290039,70225302.0
2026-03-10,17.345314681371505,17.57341156466869,16.85936840721091,17.4345703125,54156120.0
2026-03-11,17.494073773202484,17.851096304596897,16.908954354115078,17.305646896362305,61855802.0
2026-03-12,17.067630706675345,17.563494495595425,16.978376964914354,17.49407386779785,34549380.0
2026-03-13,17.315562621424306,17.355232632538108,16.90895446535903,17.146970748901367,32777864.0
2026-03-16,17.21639192621184,17.295730059401148,16.829616871789966,17.04779815673828,25996409.0
2026-03-17,17.18663948685831,17.652750784795767,17.097383850210882,17.583330154418945,30963306.0
2026-03-18,17.622999853886434,17.771758615132672,17.18663918153656,17.365150451660156,32976632.0
2026-03-19,17.3552336578221,17.563495553762195,17.156887373675993,17.37506866455078,17902787.0
2026-03-23,17.295728891740247,17.32547950744629,16.085820077823254,17.32547950744629,62390332.0
2026-03-24,17.107300944159615,17.23622469869425,16.918872172236444,17.176721572875977,30134148.0
2026-03-25,17.355232612202705,17.543661381632003,17.107300717742667,17.49407386779785,35194064.0
2026-03-26,17.54366196206401,17.67258571915777,16.988293138168576,17.04779815673828,24060972.0
2026-03-27,17.15688675585858,17.19655676788743,16.423008557457408,16.591602325439453,32064243.0
2026-03-30,16.51226461645989,16.532099622983047,16.016400802803016,16.036235809326172,30123436.0
2026-03-31,16.036235142391025,16.720527706417986,16.036235142391025,16.641189575195312,40022377.0
2026-04-01,16.809782514489203,17.03787939409986,16.651106259840905,16.789947509765625,23125350.0
2026-04-02,16.413090929422744,17.097383499145508,16.37342280926635,17.097383499145508,28957178.0
2026-04-03,17.117217852197687,17.533743501590966,16.978376599589996,17.35523223876953,40599654.0
2026-04-06,17.444488535472722,17.583329793375498,16.97837724710606,17.097383499145508,57795396.0
2026-04-07,17.09738273920615,17.256058995919464,16.423007702389473,16.47259521484375,40849979.0
2026-04-08,17.156886247234482,17.543661286768504,17.087465619812285,17.305646896362305,74739118.0
2026-04-09,17.256059364991106,17.65275001525879,17.137053115695917,17.65275001525879,36016235.0
2026-04-10,17.861013259417895,19.20976332191658,17.70233700401454,19.14034080505371,124323485.0
2026-04-13,18.79323778885575,18.93207904025576,18.089110246248136,18.287456512451172,70315764.0
2026-04-14,18.446132926129202,18.822988565245293,18.218036042149198,18.743650436401367,70103118.0
2026-04-15,18.822988620827296,18.892409247324448,18.396545467693148,18.6643123626709,45271827.0
2026-04-16,18.74365066065202,18.93207942824954,18.33704250901594,18.426298141479492,40229914.0
2026-04-17,18.46596850970503,19.259349822998047,18.12878097866293,19.259349822998047,79553956.0
2026-04-20,19.001500373319764,19.30893539496611,18.743650974284996,18.9915828704834,50744960.0
2026-04-21,19.021335910776436,19.37835845658598,19.00150090454917,19.23951530456543,61185813.0
2026-04-22,19.358522640314874,19.71554327961483,18.912244476727146,19.041170120239258,58071584.0
2026-04-24,19.041171379587546,19.100674508144596,18.505637547863046,18.951915740966797,43802349.0
2026-04-27,18.951915398962374,19.31885355860786,18.872577265127916,19.080839157104492,29715880.0
2026-04-28,18.971747603303807,19.01141761410246,18.604809461267397,18.69406509399414,28620820.0
2026-04-29,18.743650887443867,18.951914662902148,18.25770460013487,18.456050872802734,29644188.0
2026-04-30,18.37671224603028,18.92216164378891,18.208118486284306,18.822988510131836,38042525.0
2026-05-04,18.92216209223916,19.051085844949682,18.39654579549882,18.88249397277832,38948810.0
2026-05-05,19.090756114807792,19.37835802397161,18.9419973545649,19.180011749267578,50790192.0
2026-05-06,19.219680324191106,20.052731671153722,19.011418433235605,19.854387283325195,64367474.0
2026-05-07,20.03289724461809,20.52876101907329,19.95355911636807,20.370084762573242,43432953.0
2026-05-08,20.310579786487065,20.54859417169158,19.993227272881047,20.29074478149414,29569693.0
2026-05-11,21.004790772314237,21.381646426259007,20.548595094833438,21.024625778198242,57817474.0
2026-05-12,21.024625296173507,21.203134670326126,20.251077108564573,20.350250244140625,46025916.0
2026-05-13,20.5,21.040000915527344,20.219999313354492,20.700000762939453,62396940.0
2026-05-14,20.780000686645508,21.040000915527344,20.420000076293945,20.420000076293945,37818425.0
2026-05-15,20.440000534057617,20.440000534057617,19.489999771118164,19.56999969482422,45558941.0
2026-05-18,19.559999465942383,19.90999984741211,19.3799991607666,19.479999542236328,44216569.0
2026-05-20,19.440000534057617,19.860000610351562,18.950000762939453,19.75,39479742.0
2026-05-21,19.75,19.790000915527344,18.579999923706055,18.579999923706055,37477211.0
2026-05-22,18.0,19.530000686645508,17.979999542236328,19.280000686645508,53275611.0
2026-05-25,19.309999465942383,19.649999618530273,19.100000381469727,19.540000915527344,31544856.0
2026-05-26,19.3799991607666,19.65999984741211,19.280000686645508,19.299999237060547,12258786.0
2026-05-27,19.299999237060547,19.299999237060547,19.299999237060547,19.299999237060547,0.0
2026-05-28,19.299999237060547,19.299999237060547,19.299999237060547,19.299999237060547,0.0
2026-05-29,19.299999237060547,19.299999237060547,19.299999237060547,19.299999237060547,0.0
2026-06-01,19.3700008392334,19.75,19.229999542236328,19.40999984741211,36567865.0
2026-06-02,19.469999313354492,20.219999313354492,19.469999313354492,20.18000030517578,30302267.0
2026-06-03,20.200000762939453,20.5,19.959999084472656,20.1200008392334,33553748.0
2026-06-04,20.1200008392334,20.65999984741211,19.40999984741211,20.65999984741211,52512986.0
2026-06-05,20.5,20.600000381469727,19.81999969482422,20.360000610351562,29617735.0
2026-06-08,19.899999618530273,20.540000915527344,19.729999542236328,20.299999237060547,33548430.0
2026-06-09,20.34000015258789,20.860000610351562,20.18000030517578,20.299999237060547,31258624.0
2026-06-10,20.200000762939453,20.34000015258789,19.8799991607666,19.959999084472656,22286395.0
2026-06-11,19.959999084472656,20.34000015258789,19.709999084472656,20.219999313354492,33138954.0
2026-06-12,20.420000076293945,21.15999984741211,20.299999237060547,20.399999618530273,54837581.0
2026-06-15,21.059999465942383,21.299999237060547,20.860000610351562,21.299999237060547,31543887.0
2026-06-16,21.360000610351562,21.600000381469727,21.100000381469727,21.260000228881836,38686146.0
2026-06-17,21.299999237060547,21.3799991607666,20.739999771118164,21.059999465942383,26948678.0
2026-06-18,21.059999465942383,21.65999984741211,20.920000076293945,21.520000457763672,30275188.0
2026-06-19,21.219999313354492,21.479999542236328,20.959999084472656,21.020000457763672,32147749.0
2026-06-22,21.040000915527344,21.18000030517578,20.81999969482422,21.059999465942383,22291111.0
2026-06-23,21.0,21.079999923706055,20.139999389648438,20.540000915527344,45929802.0
2026-06-24,20.3799991607666,20.739999771118164,20.34000015258789,20.639999389648438,26179562.0
2026-06-25,20.68000030517578,21.139999389648438,20.639999389648438,20.719999313354492,24776573.0
2026-06-26,20.6200008392334,21.399999618530273,20.6200008392334,21.260000228881836,33874455.0
2026-06-29,21.200000762939453,21.579999923706055,21.15999984741211,21.34000015258789,34009640.0
2026-06-30,21.420000076293945,21.68000030517578,20.959999084472656,21.040000915527344,42740925.0
2026-07-01,21.0,21.260000228881836,20.65999984741211,20.860000610351562,29527124.0
2026-07-02,20.8799991607666,20.940000534057617,20.239999771118164,20.5,37936049.0
2026-07-03,20.559999465942383,21.100000381469727,20.459999084472656,20.5,39082141.0
2026-07-06,20.579999923706055,20.760000228881836,20.059999465942383,20.219999313354492,25539596.0
2026-07-07,20.200000762939453,20.639999389648438,20.059999465942383,20.520000457763672,35362763.0
2026-07-08,20.3799991607666,20.719999313354492,19.989999771118164,20.139999389648438,49050000.0
2026-07-09,20.18000030517578,20.34000015258789,19.420000076293945,19.709999084472656,29484823.0
2026-07-10,19.719999313354492,20.5,19.65999984741211,20.459999084472656,33490899.0
2026-07-13,20.200000762939453,20.3799991607666,19.799999237060547,20.079999923706055,33646214.0
2026-07-14,20.0,20.219999313354492,19.889999389648438,20.020000457763672,23939563.0
2026-07-16,20.020000457763672,20.760000228881836,20.0,20.760000228881836,44756566.0
2026-07-17,20.760000228881836,21.0,20.579999923706055,20.799999237060547,24552437.0
2026-07-20,20.799999237060547,21.420000076293945,20.600000381469727,21.15999984741211,28685994.0
2026-07-21,21.200000762939453,22.299999237060547,21.059999465942383,22.239999771118164,53827215.0
2026-07-22,22.299999237060547,22.479999542236328,21.940000534057617,22.1200008392334,41323091.0
2026-07-23,22.100000381469727,22.1200008392334,21.3799991607666,21.540000915527344,41336418.0
2026-07-24,21.600000381469727,22.0,20.940000534057617,20.959999084472656,33270428.0
2026-07-27,21.100000381469727,21.3799991607666,20.780000686645508,20.920000076293945,26122825.0
2026-07-28,20.920000076293945,21.81999969482422,20.81999969482422,21.799999237060547,42092913.0
2026-07-29,21.739999771118164,22.079999923706055,21.399999618530273,21.479999542236328,36204895.0
2026-07-30,21.399999618530273,22.079999923706055,21.31999969482422,22.079999923706055,38502951.0
2026-07-31,21.959999084472656,21.979999542236328,21.34000015258789,21.8799991607666,40206033.0
2026-08-03,22.100000381469727,22.520000457763672,21.639999389648438,22.079999923706055,56373005.0
2026-08-04,22.100000381469727,22.1200008392334,21.3799991607666,21.540000915527344,59657087.0
2026-08-05,21.540000915527344,21.6200008392334,21.100000381469727,21.31999969482422,47507331.0
2026-08-06,21.5,21.760000228881836,21.200000762939453,21.459999084472656,40096085.0
2026-08-07,21.459999084472656,21.8799991607666,21.420000076293945,21.579999923706055,29277245.0
2026-08-10,21.719999313354492,22.299999237060547,21.479999542236328,21.719999313354492,36820995.0
2026-08-11,21.600000381469727,21.739999771118164,20.760000228881836,21.020000457763672,44087157.0
2026-08-12,20.020000457763672,20.15999984741211,19.030000686645508,19.520000457763672,174636667.0
2026-08-13,19.520000457763672,19.530000686645508,18.739999771118164,19.25,98563160.0
2026-08-14,19.200000762939453,19.440000534057617,19.100000381469727,19.329999923706055,103891014.0
2026-08-17,19.3700008392334,19.40999984741211,18.940000534057617,18.950000762939453,53323092.0
2026-08-18,18.90999984741211,19.260000228881836,18.780000686645508,19.1299991607666,48319294.0
2026-08-19,19.1299991607666,19.610000610351562,19.079999923706055,19.40999984741211,56707197.0
2026-08-20,19.420000076293945,19.489999771118164,19.0,19.149999618530273,38326870.0
2026-08-21,19.219999313354492,19.540000915527344,19.1299991607666,19.239999771118164,34305838.0
2026-08-24,19.239999771118164,19.25,18.93000030517578,18.940000534057617,56853283.0
2026-08-25,19.010000228881836,19.15999984741211,18.75,18.850000381469727,48643186.0
2026-08-26,18.950000762939453,19.139999389648438,18.829999923706055,18.899999618530273,63637210.0
