Date,open,high,low,close,volume
2018-01-01,6.301042556762695,6.301042556762695,6.301042556762695,6.301042556762695,0.0
2018-01-02,6.307438803698794,6.492951709689935,6.307438803698794,6.454570293426514,22346109.0
2018-01-03,6.473761550453126,6.531334032311791,6.339424810794033,6.358615875244141,20362228.0
2018-01-04,6.358615757754425,6.486555473566175,6.128323700099959,6.294644832611084,27611157.0
2018-01-05,6.3330281189271265,6.460967843761757,6.307439320170168,6.428982734680176,23811896.0
2018-01-08,6.480158571936495,6.518539989345053,6.333027789310664,6.358615875244141,18040277.0
2018-01-09,6.333027713843452,6.371409842286288,6.249866435550643,6.275454521179199,19014605.0
2018-01-10,6.2498669097308595,6.2498669097308595,6.10913313958791,6.160309314727783,34460257.0
2018-01-11,6.192293158454316,6.211484222414063,6.089941528827302,6.198690891265869,27560598.0
2018-01-12,6.21788110445178,6.307438689432847,6.19869075241354,6.269057273864746,29188108.0
2018-01-15,6.243469711144149,6.313836949970037,6.115529988406945,6.128324031829834,20622685.0
2018-01-16,6.089941571908941,6.307438875341424,6.045162422352754,6.294644832611084,39661421.0
2018-01-17,6.269057606743792,6.486555626806144,6.230675477646026,6.460967540740967,30194719.0
2018-01-18,6.518540434482591,6.588907675604883,6.422585817171172,6.492952346801758,35706281.0
2018-01-19,6.4865555003501125,6.537731671482783,6.35221805112685,6.4033942222595215,26943311.0
2018-01-22,6.44817334833793,6.5441279573679205,6.422585262865494,6.537731647491455,24109586.0
2018-01-23,6.5889071916035755,6.652877406106599,6.51853995565025,6.614495277404785,30324177.0
2018-01-24,6.620892946183131,6.889566421508789,6.608098903406515,6.889566421508789,41159345.0
2018-01-25,6.863978006571803,6.991917716706843,6.793610774677146,6.812801837921143,36387405.0
2018-01-26,6.825596290258116,7.087873458862305,6.812802247326611,7.087873458862305,32229834.0
2018-01-29,7.164637004959678,7.164637004959678,6.9151538792869935,7.087873458862305,38063169.0
2018-01-30,7.004712553559273,7.0814768152442245,6.902360916137695,6.902360916137695,27475581.0
2018-01-31,6.947140372337646,7.01110988171185,6.921552283991275,6.9855217933654785,25746241.0
2018-02-01,7.01750663109617,7.030300674772175,6.710451005855433,6.768023490905762,49302154.0
2018-02-02,6.787213753595813,6.870375027653136,6.774419711433148,6.812801837921143,31429910.0
2018-02-05,6.774420963271236,6.87037629722271,6.742435851954079,6.780817985534668,29140887.0
2018-02-06,6.620893059780232,6.7232446922576035,6.588907240798252,6.710450649261475,35217416.0
2018-02-07,6.748833135162763,6.768023489180182,6.646480785780816,6.6528778076171875,35972372.0
2018-02-08,6.684863004408007,6.684863004408007,6.492952346801758,6.492952346801758,28687322.0
2018-02-09,6.435379265184263,6.55692195892334,6.403394158544601,6.55692195892334,26032628.0
2018-02-12,6.608099142078268,6.7040530433852705,6.588907365728527,6.646480560302734,16813247.0
2018-02-13,6.672068470457506,6.7616267707617395,6.614495277404785,6.614495277404785,19523315.0
2018-02-14,6.684863004408007,6.7232451359292575,6.473761992532839,6.492952346801758,17462404.0
2018-02-15,6.57611357245531,6.755229473114014,6.57611357245531,6.755229473114014,18918711.0
2018-02-16,6.793611595042967,6.857581813581047,6.704053289089655,6.761627197265625,14189698.0
2018-02-19,6.81280261558252,6.838390702828654,6.614495650916665,6.6656718254089355,15075149.0
2018-02-20,6.691259432233056,6.736038581698719,6.512143545862045,6.544127941131592,20970694.0
2018-02-21,6.62728982411794,6.736039197040306,6.595305425926599,6.7168474197387695,20094901.0
2018-02-22,6.6848625382087254,6.7296409770356505,6.614495301993813,6.723244667053223,19684582.0
2018-02-23,6.755229515899519,6.812802713026799,6.729641428287395,6.736039161682129,14182217.0
2018-02-26,6.787213301980875,6.838389467226321,6.774419260669514,6.800007343292236,14133413.0
2018-02-27,6.825596207625706,6.915153795570376,6.812802164849089,6.889566421508789,17249445.0
2018-02-28,6.819199570494088,6.851183964409138,6.75522864818915,6.812801837921143,21953971.0
2018-03-01,6.7616272492942535,6.825596756832861,6.691260008360911,6.736039161682129,20073648.0
2018-03-02,6.697656682168473,6.748832854732957,6.633686466462868,6.6720685958862305,15797172.0
2018-03-05,6.697656733257586,6.716847086623983,6.633686517064022,6.646480560302734,13347045.0
2018-03-06,6.6848629698298945,6.8319944732336335,6.6848629698298945,6.742435455322266,14388622.0
2018-03-07,6.716847332797271,6.787214573189159,6.672068891312312,6.761627197265625,11221786.0
2018-03-08,6.768023559705581,6.806405691123768,6.68486298645788,6.736039161682129,11061331.0
2018-03-09,6.723244819735011,6.748832906212436,6.6144954522059525,6.646480560302734,13723688.0
2018-03-12,6.697657407601802,6.838391185905552,6.697657407601802,6.780817985534668,19060131.0
2018-03-13,6.774419949645198,6.774419949645198,6.672068320236452,6.691259384155273,14692486.0
2018-03-14,6.684862080525739,6.716846474214668,6.576112722911917,6.588906764984131,17796077.0
2018-03-15,6.627289294845156,6.627289294845156,6.473761492119364,6.505745887756348,14750746.0
2018-03-16,6.550525841969089,6.550525841969089,6.416188390126905,6.460967540740967,19251757.0
2018-03-19,6.460968339447451,6.473762384061643,6.301043493261801,6.307439804077148,17193344.0
2018-03-20,6.352217754118069,6.492951506661022,6.307438606470708,6.4353790283203125,20483696.0
2018-03-21,6.4481739048520055,6.550526255575338,6.435379861011588,6.492952346801758,16458171.0
2018-03-22,6.550525867610579,6.601701328449598,6.403394372159873,6.448173522949219,19179970.0
2018-03-23,6.352217941208085,6.390600068893424,6.3010424824526,6.3394246101379395,20184123.0
2018-03-26,6.384203910608725,6.390600220549773,6.243469439089356,6.262660503387451,19817107.0
2018-03-27,6.313837006058996,6.3842042455099905,6.21148465776664,6.217881679534912,37030366.0
2018-03-28,6.217882060107008,6.398013760890535,6.204538916195057,6.244568347930908,41363574.0
2018-03-29,6.284596777531159,6.40468432574071,6.244568089479822,6.3579840660095215,14744539.0
2018-03-30,6.411356257493988,6.458056514443025,6.371326829799621,6.398013114929199,7719512.0
2018-04-02,6.391342041724636,6.391342041724636,6.317955493927002,6.317955493927002,4436021.0
2018-04-03,6.317955261717671,6.384670235260961,6.291268233461496,6.331296920776367,10709236.0
2018-04-04,6.364655258517226,6.444713371878236,6.284596403128491,6.398013114929199,19437091.0
2018-04-05,6.404684775772173,6.524773074447617,6.364656084908181,6.504758358001709,24039896.0
2018-04-06,6.471400043060143,6.504757901462083,6.404684326256261,6.424699783325195,12563242.0
2018-04-09,6.438043216376903,6.4647295042992505,6.264582344881636,6.344641208648682,17311078.0
2018-04-10,6.357983630525536,6.391341486639978,6.071107180982918,6.137822151184082,30194165.0
2018-04-11,6.084450527588027,6.211209643048496,5.917661241419326,6.004391670227051,36143257.0
2018-04-12,5.991049071630773,6.157838001938666,5.991049071630773,6.1244797706604,23643783.0
2018-04-13,6.164508973598465,6.191195260816965,6.017735135924495,6.1178083419799805,17236266.0
2018-04-16,6.1178083419799805,6.191195260816965,6.10446519837073,6.1178083419799805,13226177.0
2018-04-17,6.191195126267124,6.191195126267124,5.917661430249834,6.084450721740723,30477388.0
2018-04-18,6.071107367707638,6.3446406832173485,5.95101982402992,6.3246259689331055,40613091.0
2018-04-19,6.337969419741004,6.377998850254456,6.204538726723942,6.23122501373291,33075211.0
2018-04-20,6.217881376872601,6.22455257708163,6.111135866292528,6.137822151184082,22313685.0
2018-04-23,6.137822151184082,6.137822151184082,6.137822151184082,6.137822151184082,0.0
2018-04-24,6.1311514374492795,6.29126841747531,6.091122006935827,6.23122501373291,21692156.0
2018-04-25,6.317955458323325,6.317955458323325,5.977705669336783,5.991048812866211,44051421.0
2018-04-26,6.017734484589787,6.037748826823501,5.824259665224356,5.850945949554443,27841132.0
2018-04-27,5.870960675418097,5.9777054486996875,5.817588845298116,5.8776326179504395,33207114.0
2018-04-30,5.910990107448214,5.931004450999622,5.63745641708374,5.63745641708374,30640878.0
2018-05-01,5.63745641708374,5.63745641708374,5.63745641708374,5.63745641708374,0.0
2018-05-02,5.670814979527211,5.730858751815381,5.557398264401129,5.644128322601318,37713622.0
2018-05-03,5.630785648412779,5.690829796713547,5.423968028418514,5.437311172485352,36864995.0
2018-05-04,5.4439819740129245,5.590755805949724,5.403952173735988,5.557398319244385,30814506.0
2018-05-07,5.564069635406901,5.577412778771885,5.437310886481208,5.450654029846191,18319711.0
2018-05-08,5.510697841609158,5.524040985065267,5.383937978776124,5.443982124328613,24576814.0
2018-05-09,5.423967630395272,5.717515665282748,5.4172956878375516,5.557398319244385,42176415.0
2018-05-10,5.61744234549328,5.810917186963439,5.5106979380049586,5.797574043273926,28099345.0
2018-05-11,5.830931457108213,5.8509465434010774,5.65079976162521,5.677486419677734,25155771.0
2018-05-14,5.6708148769635205,5.7642161339385645,5.657471734248839,5.710843563079834,21968213.0
2018-05-15,5.65079996561758,5.690829768634486,5.504026123634374,5.584084987640381,28884220.0
2018-05-16,5.570741218154456,5.650799331143701,5.450653677656726,5.63078498840332,42343767.0
2018-05-17,5.697500715720833,5.697500715720833,5.530712165168798,5.590755939483643,15456161.0
2018-05-18,5.597427684471004,5.697500514456033,5.597427684471004,5.684157371520996,16226042.0
2018-05-21,5.6374566761237315,5.730859052734091,5.597427987181604,5.657472133636475,22699443.0
2018-05-22,5.6774860773069955,5.797573619711404,5.6708148769635205,5.710843563079834,36355888.0
2018-05-23,5.657471110256573,5.757543556537573,5.630784456756752,5.650798797607422,38383940.0
2018-05-24,5.744201597827538,5.917660963233268,5.684157086615594,5.697500228881836,50660301.0
2018-05-25,5.744202116074793,5.870960865998822,5.717515829134647,5.75754451751709,34960066.0
2018-05-28,5.8442734768513285,5.917660381082356,5.810915995481126,5.870959758758545,24221618.0
2018-05-29,5.870960692038196,5.870960692038196,5.724186860244179,5.73085880279541,22166789.0
2018-05-30,5.737529853083827,5.797573624333905,5.584084453770368,5.604098796844482,42165340.0
2018-05-31,5.650800323690067,5.664143468536579,5.370595394955096,5.3906097412109375,30032082.0
2018-06-01,5.363923270780523,5.37726641333159,5.070375247698627,5.163776874542236,63416538.0
2018-06-04,5.137090751342697,5.330565596376329,5.1237476074074255,5.143763065338135,35120348.0
2018-06-05,5.203806343339818,5.237163828967368,5.043689002474889,5.050360202789307,21854710.0
2018-06-06,5.070375051027788,5.103732535097715,4.890243004589242,4.976973056793213,43797537.0
2018-06-07,4.956959227229094,5.190463494928534,4.950287284508716,5.103733062744141,67777726.0
2018-06-08,5.077046111186086,5.0903892528520664,4.923601095068822,4.943615436553955,39267108.0
2018-06-11,4.976973056793213,5.003659340860234,4.803512581371423,4.976973056793213,49547773.0
2018-06-12,4.943615721628531,5.037016976648721,4.890243151886868,4.930272579193115,30980734.0
2018-06-13,4.89691517525074,4.956958946191059,4.850214175953042,4.876899719238281,26685224.0
2018-06-14,4.856885490597759,4.896915290523376,4.836871147155762,4.836871147155762,19900142.0
2018-06-15,4.836871147155762,4.836871147155762,4.836871147155762,4.836871147155762,0.0
2018-06-18,4.870228283296834,4.876899483288452,4.756811947217782,4.8035125732421875,26170688.0
2018-06-19,4.776827750436677,4.910258819621211,4.763484606416833,4.863557815551758,35911945.0
2018-06-20,4.850214232804449,4.896915232649549,4.816856004758364,4.8568854331970215,36346052.0
2018-06-21,4.843542575836182,4.883572377647848,4.830199432236923,4.843542575836182,44251201.0
2018-06-22,4.856885540793566,4.943615970998699,4.8368711971447205,4.9236016273498535,57610866.0
2018-06-25,5.177120133801729,5.197134477065653,4.676754131926204,4.710111618041992,76361257.0
2018-06-26,4.730126283470356,4.836871433555575,4.716783881737496,4.823528289794922,43649874.0
2018-06-27,4.836871419690982,5.050360606207778,4.830199476815884,4.996988773345947,52604893.0
2018-06-28,4.990316639740282,5.0370172699699,4.943616009510664,4.983645439147949,34248737.0
2018-06-29,5.02367397433039,5.097060888758178,5.010331573550555,5.030345916748047,44161913.0
2018-07-02,4.9703022018274226,5.043689117092383,4.943615915907846,5.010331630706787,22895006.0
2018-07-03,5.057032512144546,5.070375655769488,4.9236018179229095,4.936944961547852,23936685.0
2018-07-04,4.950287399303635,5.030346261638065,4.923601853886614,4.996988773345947,25094357.0
2018-07-05,5.030345766926416,5.090389536758312,5.010331424325023,5.0770463943481445,36274270.0
2018-07-06,5.090389536758312,5.10373267916848,5.017002624516248,5.0770463943481445,29642937.0
2018-07-09,5.117076148168396,5.177120292846378,5.097061062261853,5.1237473487854,34964712.0
2018-07-10,5.01033167312018,5.063703503383387,4.823528041115691,4.830199241638184,59745100.0
2018-07-11,4.803513615252466,4.803513615252466,4.456593702781354,4.469936847686768,53524263.0
2018-07-12,4.543323250720036,4.590023881499853,4.3498487849020675,4.409892559051514,63369454.0
2018-07-13,4.4499214033571795,4.5166371225475315,4.349848937613346,4.363192081451416,33581864.0
2018-07-16,4.443250192507169,4.469936480123581,4.283132837822596,4.33650541305542,40513605.0
2018-07-17,4.329833921923972,4.456593801328395,4.30981957513721,4.44325065612793,33859606.0
2018-07-18,4.436577853807733,4.436577853807733,4.3298330838785475,4.416563510894775,46907060.0
2018-07-19,4.436578392375778,4.46993662398379,4.3832065574530334,4.396549701690674,47440123.0
2018-07-20,4.4032208063176865,4.456593382098816,4.376534518427121,4.423235893249512,53171678.0
2018-07-23,4.4632640917552955,4.643396515188192,4.4632640917552955,4.570009231567383,43230783.0
2018-07-24,4.603367729871934,4.676755029644107,4.289805296719327,4.356520652770996,90388335.0
2018-07-25,4.369863279599586,4.723455107029777,4.363192078698657,4.676754474639893,55655584.0
2018-07-26,4.723455397187021,4.830199812353647,4.596695523018589,4.663411617279053,75323848.0
2018-07-27,4.676754095317324,4.750141009414241,4.623381524327662,4.71678352355957,29759977.0
2018-07-30,4.696768045052444,4.816855577693661,4.663410561991589,4.77015495300293,21804895.0
2018-07-31,4.763484079294688,4.850214134812312,4.730125851922562,4.8168559074401855,24452024.0
2018-08-01,4.830198869738244,4.836870811774787,4.696768191312056,4.723454475402832,30146961.0
2018-08-02,4.656738910535772,4.656738910535772,4.496622314034622,4.503293514251709,34338098.0
2018-08-03,4.483279344041519,4.6300535457548015,4.469936201066323,4.5966949462890625,35194325.0
2018-08-06,4.583351781264547,4.6233815810114365,4.4299067508296,4.456593036651611,32702850.0
2018-08-07,4.496622221118731,4.68342509868367,4.496622221118731,4.636724472045898,34646755.0
2018-08-08,4.670082472375969,4.790170765317071,4.663411271559801,4.763484477996826,46229761.0
2018-08-09,4.663410840678929,4.870228435260012,4.636724555824393,4.75681209564209,53230894.0
2018-08-10,4.656738969364827,4.73012588281849,4.256446174506504,4.483279228210449,77150783.0
2018-08-13,4.409892016395075,4.429906357972781,3.8294668352955923,4.1096720695495605,97295827.0
2018-08-14,4.349848414066983,4.363191556299077,4.096328711657194,4.129687309265137,62517344.0
2018-08-15,4.223088611526875,4.249774896298582,3.84281053758547,3.8694968223571777,80732324.0
2018-08-16,3.9161974032639644,3.9362117455916006,3.762752009673586,3.776095151901245,73940677.0
2018-08-17,3.7093794847407886,3.882839964743032,3.6359925726324502,3.8694968223571777,78529088.0
2018-08-20,3.856153852557947,4.002927683343657,3.856153852557947,3.9628982543945312,17260685.0
2018-08-21,3.9628982543945312,3.9628982543945312,3.9628982543945312,3.9628982543945312,0.0
2018-08-22,3.9628982543945312,3.9628982543945312,3.9628982543945312,3.9628982543945312,0.0
2018-08-23,3.9628982543945312,3.9628982543945312,3.9628982543945312,3.9628982543945312,0.0
2018-08-24,3.9628982543945312,3.9628982543945312,3.9628982543945312,3.9628982543945312,0.0
2018-08-27,3.982913251815897,3.9962563945039054,3.86282496762382,3.9161975383758545,35262931.0
2018-08-28,3.936211692684541,4.062971171129665,3.876167924480981,4.042956829071045,53602295.0
2018-08-29,4.002928067052604,4.049628700955961,3.969570577411323,3.9895849227905273,53347223.0
2018-08-30,3.9895849227905273,3.9895849227905273,3.9895849227905273,3.9895849227905273,0.0
2018-08-31,3.976241502601514,3.9962565886196137,3.8428108112678476,3.8628251552581787,36824155.0
2018-09-03,3.822796467895225,3.936212073229118,3.8161241541983064,3.9295408725738525,38129538.0
2018-09-04,3.922869103937166,3.976240927535036,3.8694965383116346,3.8828396797180176,34370531.0
2018-09-05,3.8761684551108466,3.88284039806221,3.7560805312503867,3.782766819000244,51176086.0
2018-09-06,3.7827666757621827,3.8027810198028145,3.749409188351873,3.756080389022827,45077965.0
2018-09-07,3.756080191411642,3.836139418431598,3.716050763408597,3.8161239624023438,75011239.0
2018-09-10,3.8161240649488968,3.829467207975134,3.7093796627667484,3.716050863265991,51899654.0
2018-09-11,3.742737149318466,3.7694234353709413,3.6960365197405105,3.716050863265991,31331924.0
2018-09-12,3.72272317928089,3.756080669179249,3.5959636788281686,3.602635622024536,38379110.0
2018-09-13,3.649335617642228,3.8628247770777357,3.562605194448426,3.796109437942505,128957668.0
2018-09-14,3.869497155924323,4.0563004234018,3.816124210766074,3.9095265865325928,143542337.0
2018-09-17,3.8694965383116346,3.916197162220144,3.8227959144031254,3.8828396797180176,46495538.0
2018-09-18,3.929540498068743,3.9495548401548395,3.8561535877161237,3.8961830139160156,33047037.0
2018-09-19,3.94288456958112,4.236432651202758,3.9161982791571703,4.209746360778809,82141110.0
2018-09-20,4.209745995681231,4.3698633533245355,4.042957437024447,4.076314926147461,117028072.0
2018-09-21,4.136358927964748,4.269789621761101,4.116344583605019,4.2164177894592285,58458521.0
2018-09-24,4.243103247699332,4.509965000840713,4.243103247699332,4.489950656890869,91313239.0
2018-09-25,4.563337594760594,4.576680738130223,4.363191928271696,4.409892559051514,69255452.0
2018-09-26,4.449921667862802,4.489951101756383,4.323162535894301,4.429907321929932,50972555.0
2018-09-27,4.429907239977016,4.683425870237864,4.416564095592669,4.623382091522217,135963684.0
2018-09-28,4.656739351994477,4.710111926901772,4.57668086064743,4.616710662841797,92753693.0
2018-10-01,4.623382374306344,4.656739866293572,4.429907510927464,4.44325065612793,49780582.0
2018-10-02,4.456593570054052,4.456593570054052,4.329833697227815,4.34317684173584,47891958.0
2018-10-03,4.336505025657198,4.409892310046335,4.24310302734375,4.24310302734375,57323764.0
2018-10-04,4.23643206753728,4.243103268210221,3.9161977396113006,3.9228696823120117,86664479.0
2018-10-05,3.9161976633109172,4.03628520930631,3.902854520197234,4.022942066192627,84932647.0
2018-10-08,3.949555146221925,4.283132610696416,3.9161976594841903,4.263118267059326,83860394.0
2018-10-09,4.296475696021804,4.329833182310976,4.163045008837369,4.283132553100586,74408832.0
2018-10-10,4.316489940719023,4.383206024813922,4.216417484139065,4.24310302734375,48996244.0
2018-10-11,4.169716265354811,4.3431763836354405,4.136358778617077,4.263118267059326,50769503.0
2018-10-12,4.396549701690674,4.576681035857098,4.243103542957803,4.396549701690674,87125094.0
2018-10-15,4.469935889581994,4.750140759493609,4.469935889581994,4.723454475402832,86930613.0
2018-10-16,4.696769107888403,4.716784195876286,4.5833523783692804,4.663411617279053,60223630.0
2018-10-17,4.756812430443742,4.910258579157423,4.750141229774424,4.896915435791016,53551220.0
2018-10-18,4.8969156784429835,4.8969156784429835,4.690097688043199,4.796842098236084,62115439.0
2018-10-19,4.823528350968267,4.8368714948981415,4.6700825667886185,4.736798286437988,40218232.0
2018-10-22,4.810184780763743,4.8568854093658285,4.676754095317324,4.71678352355957,43297797.0
2018-10-23,4.670082232652641,4.703440461104505,4.516636830465635,4.5966949462890625,63621753.0
2018-10-24,4.623381430459565,4.6700820581134925,4.5566660890908715,4.570009231567383,39205974.0
2018-10-25,4.489950143665468,4.509964485327566,4.429906376651495,4.496622085571289,58327398.0
2018-10-26,4.523308315156409,4.523308315156409,4.269789695739746,4.269789695739746,42143814.0
2018-10-29,4.269789695739746,4.269789695739746,4.269789695739746,4.269789695739746,0.0
2018-10-30,4.26311875606785,4.509965447689254,4.26311875606785,4.429907321929932,48686606.0
2018-10-31,4.443249741559719,4.523307854256025,4.309818688033537,4.329833030700684,46449492.0
2018-11-01,4.389877659496643,4.723455144868481,4.303147223909123,4.6700825691223145,53382787.0
2018-11-02,4.676754379084679,4.816856273391778,4.61003829028566,4.7034406661987305,61963290.0
2018-11-05,4.7501413218125546,4.936944961547852,4.7501413218125546,4.936944961547852,65956388.0
2018-11-06,4.956959004293667,4.970302147106553,4.770155375927132,4.8568854331970215,48066163.0
2018-11-07,4.856885295798329,5.017002634009458,4.816855868492082,4.930272579193115,54869762.0
2018-11-08,4.970302342424251,4.996988629098712,4.790170649399403,4.8702287673950195,45834847.0
2018-11-09,4.863557721076879,4.9035867813449405,4.783498858512965,4.823528289794922,33603497.0
2018-11-12,4.830199416948804,4.856885704062855,4.683425579849302,4.7034406661987305,28028191.0
2018-11-13,4.68342505619743,4.816855734821077,4.663410714113578,4.790170192718506,30616141.0
2018-11-14,4.776827374802021,4.903586490994792,4.716783602448282,4.836871147155762,32636657.0
2018-11-15,4.863557277355618,4.930272619058282,4.79684156463909,4.8168559074401855,26427355.0
2018-11-16,4.850214622506635,4.9169299709176,4.770155759196796,4.910258769989014,28835293.0
2018-11-19,4.89024343666095,5.010331725572805,4.89024343666095,4.983645439147949,41434915.0
2018-11-20,4.9636302633485325,5.017002835230857,4.790170517772602,4.836871147155762,50536891.0
2018-11-21,4.89691517525074,4.930272660878089,4.830199090954448,4.876899719238281,40243281.0
2018-11-22,4.890243232908632,4.916929518221603,4.810184747983585,4.876899719238281,23385009.0
2018-11-23,4.870228872409249,4.970302449596314,4.856885728784307,4.936944961547852,18995272.0
2018-11-26,4.976973628686976,5.110404322326631,4.976973628686976,5.017003059387207,50027314.0
2018-11-27,5.057032355802424,5.143762786683208,4.936944808918331,4.983645439147949,68191571.0
2018-11-28,5.003659878712484,5.04368930911585,4.943616104121323,4.956959247589111,26732295.0
2018-11-29,5.063703460518192,5.103732889397556,4.990316545253231,5.010331630706787,37920138.0
2018-11-30,5.030346144986617,5.150434064689583,4.956959227229094,5.103733062744141,38444970.0
2018-12-03,5.197134363152895,5.243834991096944,5.05036016601332,5.057032108306885,29279215.0
2018-12-04,5.030346422028667,5.077047055532221,4.850214718060561,4.883572578430176,37574678.0
2018-12-05,4.570009544908133,4.730126152563008,4.556666401516755,4.656739234924316,84110674.0
2018-12-06,4.656739866293572,4.670083011494037,4.416564365726998,4.44325065612793,76634670.0
2018-12-07,4.483279121141939,4.603366659920445,4.456592836518335,4.590023517608643,37842004.0
2018-12-10,4.583351394125498,4.583351394125498,4.469935802003371,4.496622085571289,42956887.0
2018-12-11,4.509964615068352,4.563337183739588,4.449920846327064,4.463263988494873,43608383.0
2018-12-12,4.483279266178558,4.48995046653642,4.243103067810143,4.303146839141846,43238773.0
2018-12-13,4.303147184259843,4.363192073448827,4.256446551926149,4.269789695739746,41129790.0
2018-12-14,4.263118420983785,4.283132765343514,4.189731502294402,4.2164177894592285,26060724.0
2018-12-17,4.249774840001971,4.316489809019753,4.229759755674471,4.276461124420166,20182720.0
2018-12-18,4.256446573408302,4.449921417654133,4.249775372481731,4.436578273773193,25562833.0
2018-12-19,4.45659288664894,4.509964714468796,4.376534031877575,4.503293514251709,48370080.0
2018-12-20,4.456592830846576,4.56333722717743,4.443249688551756,4.523307800292969,30897802.0
2018-12-21,4.523308558953892,4.630054086229946,4.483279867383427,4.576681137084961,25500448.0
2018-12-24,4.616710230235171,4.636724572936076,4.549994146838756,4.570009231567383,14306124.0
2018-12-25,4.516636427233386,4.516636427233386,4.46326386009755,4.496622085571289,6331325.0
2018-12-26,4.516636791215972,4.54999427735021,4.483279305081734,4.536651134490967,4669828.0
2018-12-27,4.603367234821527,4.616710749813618,4.5499946589087745,4.563337802886963,15909964.0
2018-12-28,4.5700092117002775,4.610037896928073,4.496622299412362,4.5833516120910645,12504918.0
2018-12-31,4.563337269477167,4.5833516120910645,4.529979784444764,4.5833516120910645,9499548.0
2019-01-01,4.5833516120910645,4.5833516120910645,4.5833516120910645,4.5833516120910645,0.0
2019-01-02,4.54999461112881,4.570009697899813,4.336505422761377,4.363192081451416,25445181.0
2019-01-03,4.380547761484078,4.450574026160862,4.302740594613297,4.310521125793457,34213820.0
2019-01-04,4.349425424178914,4.598408388473398,4.318302553642104,4.559504985809326,58572781.0
2019-01-07,4.629531841547454,4.707339398693942,4.5828475298679185,4.621751308441162,55190288.0
2019-01-08,4.660654000934642,4.699557773539033,4.481697685793285,4.551723957061768,74359629.0
2019-01-09,4.582847120162489,4.582847120162489,4.388328986714001,4.435013294219971,69858802.0
2019-01-10,4.43501358184681,4.497259700238887,4.364987301553343,4.466136455535889,75375335.0
2019-01-11,4.512821293765161,4.598409013874708,4.48169841899552,4.575067043304443,78193102.0
2019-01-14,4.497259645459858,4.660654544830322,4.450574964480964,4.660654544830322,92188533.0
2019-01-15,4.71511904892604,4.754022820214815,4.652873311675086,4.676215648651123,69548190.0
2019-01-16,4.707338796981555,5.088594145804354,4.691777361744173,5.05747127532959,96755625.0
2019-01-17,5.080814127137973,5.353139456819132,5.003006572074283,5.158621311187744,82764832.0
2019-01-18,5.166400777398526,5.2675502812862325,5.065251644524662,5.09637451171875,53371385.0
2019-01-21,5.096375575180374,5.135278981784043,4.97188370941244,5.010787487030029,50035226.0
2019-01-22,5.0030061689468734,5.127498024409242,4.940760426722634,5.119717121124268,63136986.0
2019-01-23,5.174182225116895,5.174182225116895,4.97966409914268,5.05747127532959,64911327.0
2019-01-24,5.073032584364354,5.127497791847192,5.003005942031258,5.049690246582031,69302052.0
2019-01-25,5.119716808908709,5.135278243515787,5.010786766659168,5.080813407897949,48541952.0
2019-01-28,5.065252304077148,5.197524321368396,5.049690497439941,5.065252304077148,52116994.0
2019-01-29,5.080813798697143,5.3453582073653285,5.026348587876157,5.32201623916626,60616032.0
2019-01-30,5.3297969295983405,5.508753632157767,5.283112620802044,5.493192195892334,73316618.0
2019-01-31,5.672148685266314,5.687710120946877,5.446507682391218,5.516534328460693,48311329.0
2019-02-01,5.508753786564833,5.508753786564833,5.244208991623544,5.360919952392578,37614821.0
2019-02-04,5.376481078973351,5.3998234181863145,5.251989592541263,5.32201623916626,37798601.0
2019-02-05,5.3531383750889425,5.50875271174287,5.290892640427371,5.446506977081299,51625711.0
2019-02-06,5.446507276935689,5.462068711457809,5.259770062670263,5.275331497192383,34699718.0
2019-02-07,5.275331848568239,5.322016155244113,5.189743767488858,5.267550945281982,31560561.0
2019-02-08,5.267550799752725,5.33757744333882,5.220866494366621,5.251989364624023,34090688.0
2019-02-11,5.283112239703024,5.446507494210447,5.283112239703024,5.399823188781738,41032561.0
2019-02-12,5.415384407891452,5.43094584241357,5.228646822612162,5.275331497192383,43535167.0
2019-02-13,5.314235037943939,5.329796472875876,5.135278350719721,5.143059253692627,43622767.0
2019-02-14,5.135278129364766,5.290892842990279,5.104155260842435,5.2208662033081055,44642827.0
2019-02-15,5.2053047892431215,5.267550526529292,5.143059051956952,5.228646755218506,32912505.0
2019-02-18,5.244208690639775,5.283112465667934,5.158620979200061,5.174182415008545,26840902.0
2019-02-19,5.158621311187744,5.181963280895716,5.065252690328019,5.158621311187744,35465194.0
2019-02-20,5.166401280921014,5.205305054212145,5.080813573302733,5.104155540466309,34260570.0
2019-02-21,5.119716695103601,5.275331408729113,5.096374729218781,5.2208662033081055,37567344.0
2019-02-22,5.244208690639775,5.259770497462155,5.158620979200061,5.174182415008545,26290031.0
2019-02-25,5.244209299948321,5.368701171894417,5.228647862331801,5.337578296661377,32378380.0
2019-02-26,5.298673590214403,5.368700232745926,5.283112155320049,5.345357894897461,21476111.0
2019-02-27,5.353139026361363,5.368700461919988,5.236428074164733,5.267550945281982,22650672.0
2019-02-28,5.283112441784566,5.376481056213379,5.2364281345701595,5.376481056213379,30679841.0
2019-03-01,5.36870071789727,5.3764812505406105,5.181963111276317,5.197524547576904,40319898.0
2019-03-04,5.197524116685589,5.322015967783422,5.18974358468728,5.298673629760742,43104999.0
2019-03-05,5.26755121464896,5.454288821915555,5.259770681978719,5.2908935546875,73863061.0
2019-03-06,5.345357698137006,5.423164869744719,5.220866223564665,5.228646755218506,38593641.0
2019-03-07,5.220866660310317,5.259770434875555,5.049690497439941,5.065252304077148,67680878.0
2019-03-08,5.0808135681045155,5.1119364383000265,4.909637411015327,4.956321716308594,41874524.0
2019-03-11,4.987444271086613,5.026348041877576,4.894075666404926,4.917418003082275,34399827.0
2019-03-12,4.940760183039099,5.057471129460184,4.917418216363203,5.041909694671631,41277557.0
2019-03-13,5.0185680088842375,5.166401844085762,5.01078747598622,5.158621311187744,62998913.0
2019-03-14,5.1430588125098815,5.213085078189658,5.088593609413307,5.09637451171875,43465876.0
2019-03-15,5.135278129364766,5.2286467349317585,5.127497597741113,5.2208662033081055,29844653.0
2019-03-18,5.236428115503505,5.3687005043029785,5.228647212155821,5.3687005043029785,40076720.0
2019-03-19,5.368700546578292,5.384261982382303,5.2597704959502165,5.32201623916626,36820464.0
2019-03-20,5.283112632737087,5.3064549726949215,5.197524547576904,5.197524547576904,24075522.0
2019-03-21,5.259770062670263,5.415384407891452,5.251989159902272,5.275331497192383,61903218.0
2019-03-22,5.384262362685376,5.407604332533142,5.003006602037278,5.01856803894043,64331296.0
2019-03-25,4.971883014483852,4.987444449153056,4.660653950085916,4.738461494445801,104543781.0
2019-03-26,4.80070680624489,4.808487337380716,4.621750137954902,4.699557304382324,89156281.0
2019-03-27,4.715119352380925,4.730680787695164,4.2482759219398805,4.271617889404297,101188752.0
2019-03-28,4.294960330738972,4.676216061589016,4.271617991701666,4.629531383514404,162737878.0
2019-03-29,4.637311872741908,4.9563214613421245,4.613969535789128,4.878514289855957,79633727.0
2019-04-01,4.940760145145446,4.964102482656185,4.730680591604266,4.738461494445801,80835665.0
2019-04-02,4.730681043704582,4.894076308853462,4.707339074976972,4.792926788330078,44520119.0
2019-04-03,4.722899639817468,4.80070680624489,4.6450921023762115,4.699557304382324,63841366.0
2019-04-04,4.683996175633608,4.886295192511503,4.676215643991921,4.878514289855957,73018937.0
2019-04-05,4.995225777820367,5.205305349270107,4.956322002324011,5.135278701782227,64763706.0
2019-04-08,5.135278364221491,5.150839799194343,4.948541144547269,5.0030059814453125,40453179.0
2019-04-09,5.049690474733265,5.096375152407182,4.95632186141321,4.971883296966553,44388723.0
2019-04-10,4.995225510234446,5.003006042308588,4.878514561011292,4.901856899261475,37126441.0
2019-04-11,4.8940761604607586,4.995225677917199,4.862953289091683,4.925199031829834,36268160.0
2019-04-12,4.792927075468713,4.862953727874563,4.746242764202789,4.824049949645996,29861153.0
2019-04-15,4.800707691915217,4.862953436540714,4.769584819602469,4.792926788330078,37284722.0
2019-04-16,4.8396107875989465,4.917418334423637,4.831830255524806,4.901856899261475,39758304.0
2019-04-17,4.948541047791063,5.104155394476937,4.948541047791063,5.08859395980835,54946348.0
2019-04-18,5.057470780121467,5.057470780121467,4.88629500927114,4.909636974334717,50790507.0
2019-04-19,4.93297934693488,4.9563213121712755,4.855171806776634,4.862952709197998,15048134.0
2019-04-22,4.824049367861841,4.839610803073762,4.754023094915141,4.76180362701416,20900430.0
2019-04-23,4.76180362701416,4.76180362701416,4.76180362701416,4.76180362701416,0.0
2019-04-24,4.746242137925727,4.9641025994334695,4.746242137925727,4.948541164398193,58848753.0
2019-04-25,4.956321883223569,4.971883318845389,4.69955800995658,4.769584655761719,59603867.0
2019-04-26,4.800707960707934,4.824049930742465,4.715119871548827,4.816269397735596,35099431.0
2019-04-29,4.847391257608032,4.85517178898704,4.691776919889414,4.715118885040283,34665716.0
2019-04-30,4.69955800995658,4.824049494931146,4.69955800995658,4.769584655761719,57660199.0
2019-05-01,4.769584655761719,4.769584655761719,4.769584655761719,4.769584655761719,0.0
2019-05-02,4.777365145114118,4.816268919325845,4.660654193492822,4.668435096740723,33511423.0
2019-05-03,4.668435448664776,4.707339225809216,4.621751138699798,4.660654544830322,37305677.0
2019-05-06,4.559505436378919,4.629531716499788,4.512821125960367,4.6139702796936035,33637998.0
2019-05-07,4.466135860285015,4.559504839921863,4.458355328406703,4.543943405151367,44491521.0
2019-05-08,4.528381698170307,4.62953083259131,4.466135591816196,4.52060079574585,52056293.0
2019-05-09,4.536163133990107,4.575066911841237,4.4038907345129745,4.4116716384887695,39857622.0
2019-05-10,4.481698016010563,4.497259451996132,4.357206157112115,4.388329029083252,41284792.0
2019-05-13,4.380548287316746,4.396109722558867,4.232714467009654,4.2638373374938965,64816773.0
2019-05-14,4.310521807537385,4.505039940985873,4.310521807537385,4.435013294219971,68243532.0
2019-05-15,4.442793807856958,4.505039545737134,4.310521429354654,4.48947811126709,49448741.0
2019-05-16,4.49725866317749,4.590627262714061,4.450573992395371,4.49725866317749,57907815.0
2019-05-17,4.458354894530335,4.582846360579096,4.396109161505955,4.49725866317749,55617663.0
2019-05-20,4.505039878686543,4.567285621167052,4.458355571826162,4.473917007446289,36378619.0
2019-05-21,4.489478548496398,4.52838232396727,4.357206157112115,4.388329029083252,39852885.0
2019-05-22,4.341644325677223,4.427232401309195,4.279398587404467,4.294960021972656,36154533.0
2019-05-23,4.271617502280654,4.396109344526132,4.271617502280654,4.326082706451416,35803055.0
2019-05-24,4.349425864708804,4.512821137083426,4.333864427864265,4.466136455535889,42237592.0
2019-05-27,4.473917092672241,4.543943739803732,4.357206137791055,4.380548477172852,29207428.0
2019-05-28,4.435013232889026,4.582847056787179,4.435013232889026,4.473917007446289,43789546.0
2019-05-29,4.466136436507648,4.497259681078044,4.435013562951171,4.458355903625488,34825994.0
2019-05-30,4.528382890681109,4.6295320517388765,4.528382890681109,4.598409175872803,43432383.0
2019-05-31,4.606190013683471,4.699558639930421,4.559505700559996,4.637312889099121,41751607.0
2019-06-03,4.637312745667674,4.699558494573721,4.5906284339881385,4.621751308441162,10821918.0
2019-06-04,4.621751308441162,4.621751308441162,4.621751308441162,4.621751308441162,0.0
2019-06-05,4.621751308441162,4.621751308441162,4.621751308441162,4.621751308441162,0.0
2019-06-06,4.621751308441162,4.621751308441162,4.621751308441162,4.621751308441162,0.0
2019-06-07,4.668435294510778,4.964102952206464,4.668435294510778,4.940760612487793,40488282.0
2019-06-10,4.956321676526757,5.034128851391016,4.878514501662497,5.0030059814453125,49866979.0
2019-06-11,5.057471797562784,5.06525270149187,4.948541739653022,5.010787487030029,49493807.0
2019-06-12,4.98744447908957,5.010786816740419,4.878514435751307,4.894075870513916,55555595.0
2019-06-13,4.862953608896299,4.862953608896299,4.738462115233006,4.754023551940918,36041262.0
2019-06-14,4.785145798453412,4.808487764950282,4.676215755768987,4.738461494445801,40861796.0
2019-06-17,4.699558250726231,4.855172614916936,4.699558250726231,4.8473920822143555,48988879.0
2019-06-18,4.855172325599853,4.987444712786869,4.831830357869138,4.964102745056152,46409694.0
2019-06-19,4.964102765563669,5.1741823310774215,4.940760426722634,5.119717121124268,59803946.0
2019-06-20,5.197524050728919,5.337577335059969,5.158620649203306,5.189743518829346,72485538.0
2019-06-21,5.181962577022351,5.244208315807241,5.096374871700062,5.2364277839660645,35858680.0
2019-06-24,5.4387269258056685,5.44650782936286,5.298674000901343,5.3842620849609375,64805205.0
2019-06-25,5.376481705195707,5.407604580428746,5.267551641880069,5.337578296661377,54707221.0
2019-06-26,5.329796392143399,5.360919261535844,5.189743479877397,5.2364277839660645,45449337.0
2019-06-27,5.259770790192341,5.306455100215988,5.189744139649914,5.205305576324463,40407664.0
2019-06-28,5.213085551696083,5.322015967783422,5.174182149676785,5.298673629760742,43054869.0
2019-07-01,5.500972911461316,5.711052479369276,5.469850039994499,5.672148704528809,68236718.0
2019-07-02,5.641024737485402,5.781077631885582,5.570998104778402,5.656586170196533,41392893.0
2019-07-03,5.703271661999947,5.703271661999947,5.547657302319227,5.578780174255371,39227988.0
2019-07-04,5.617683432562176,5.625464335850793,5.508753383618758,5.563218593597412,55398297.0
2019-07-05,5.555437100537413,5.897789017600442,5.547656569088674,5.843324184417725,102623068.0
2019-07-08,5.742174554222765,5.8666660228193,5.703270784779427,5.835543155670166,47536399.0
2019-07-09,5.827763166398742,5.944474121999761,5.7110525818116225,5.734394550323486,70645363.0
2019-07-10,5.726613995520471,5.913351226943688,5.7188330920375545,5.874447822570801,52550423.0
2019-07-11,5.952254769290984,5.991158172140746,5.765517174164918,5.8044209480285645,41102304.0
2019-07-12,5.812201626129484,5.897789708170177,5.602122058221524,5.672148704528809,59004310.0
2019-07-15,5.672148704528809,5.672148704528809,5.672148704528809,5.672148704528809,0.0
2019-07-16,5.757736531546774,5.773297966590932,5.578779843032014,5.594341278076172,52001297.0
2019-07-17,5.6099027381226705,5.7655170892578,5.493191789264383,5.749955654144287,55491918.0
2019-07-18,5.718832769558856,5.921131796540486,5.7032713344844135,5.890008926391602,36967626.0
2019-07-19,5.983377260154383,6.084526768967834,5.835543448276385,5.866666316986084,46332936.0
2019-07-22,5.858886116289188,5.921131857224902,5.796640004339594,5.851105213165283,27850266.0
2019-07-23,5.85888599728076,6.045623216294806,5.851105094314904,5.9911580085754395,32274684.0
2019-07-24,6.006719965355117,6.006719965355117,5.812201826475543,5.944474220275879,56647232.0
2019-07-25,5.9600346242667,6.045622694433738,5.804420288521032,5.835543155670166,65205490.0
2019-07-26,5.858886056242716,5.960035198719654,5.757736542751901,5.890008926391602,73653603.0
2019-07-29,5.913350833986253,6.037842684342825,5.874447432198597,5.9911580085754395,39037445.0
2019-07-30,6.030061713198973,6.030061713198973,5.827762690540478,5.882227897644043,39045154.0
2019-07-31,5.921132130426605,5.93669356637854,5.827763143701098,5.874447822570801,33758688.0
2019-08-01,5.835543818713928,5.8977895600846555,5.749955738822236,5.8044209480285645,39953485.0
2019-08-02,5.765516813677415,5.773297716369199,5.633244436027975,5.66436767578125,34523872.0
2019-08-05,5.641025192633011,5.711051830990129,5.602121422209311,5.648806095123291,31771052.0
2019-08-06,5.679929199142112,5.8511049798908115,5.6721482963284195,5.781078338623047,34668983.0
2019-08-07,5.827762829711852,5.858886070952757,5.695490816753931,5.749955654144287,34177934.0
2019-08-08,5.8122014395735215,5.866666648399212,5.749955698637809,5.851105213165283,47731592.0
2019-08-09,5.843325379080436,5.991158845955533,5.835544475027048,5.921132564544678,45028414.0
2019-08-12,5.921132564544678,5.921132564544678,5.921132564544678,5.921132564544678,0.0
2019-08-13,5.921132564544678,5.921132564544678,5.921132564544678,5.921132564544678,0.0
2019-08-14,5.921132564544678,5.921132564544678,5.921132564544678,5.921132564544678,0.0
2019-08-15,5.827763170016881,5.843324977052984,5.563218757639416,5.5865607261657715,47723128.0
2019-08-16,5.633244371274147,5.656586708067319,5.392041955809367,5.415384292602539,46521589.0
2019-08-19,5.462068882877873,5.477630317888368,5.267550759739753,5.298673629760742,34665921.0
2019-08-20,5.267551028345274,5.407603950581372,5.236428156737253,5.32201623916626,44152735.0
2019-08-21,5.322015967783422,5.345357934792226,5.259770227741443,5.298673629760742,32880102.0
2019-08-22,5.314235105138828,5.368700313596222,5.1741821889805175,5.251989364624023,29855685.0
2019-08-23,5.267550161852206,5.4387259275385285,5.2286463932347615,5.43094539642334,37574761.0
2019-08-26,5.267551006046431,5.4309462668038,5.267551006046431,5.376481056213379,30103729.0
2019-08-27,5.407603634474872,5.4387265042635775,5.290893058274163,5.345357894897461,37152936.0
2019-08-28,5.345358515690968,5.376481389094188,5.251989895481307,5.360919952392578,36613219.0
2019-08-29,5.360919600955295,5.4153848113474,5.2986738582293995,5.3687005043029785,35770774.0
2019-08-30,5.3687005043029785,5.3687005043029785,5.3687005043029785,5.3687005043029785,0.0
2019-09-02,5.392042590381274,5.609903065706027,5.37648115435907,5.5865607261657715,32967287.0
2019-09-03,5.563218166871224,5.711051978890371,5.53209529813181,5.66436767578125,41014108.0
2019-09-04,5.718833137961662,5.7577369136608585,5.656587393654069,5.679929733276367,33312451.0
2019-09-05,5.726613915102685,5.734394447462442,5.625464397328583,5.672148704528809,42410727.0
2019-09-06,5.641026108740004,5.648807012493909,5.508753713034909,5.547657489776611,31538201.0
2019-09-09,5.617683760560775,5.749956156079119,5.602122324088847,5.695491313934326,44649105.0
2019-09-10,5.703271389007568,5.765517129900406,5.672148518561149,5.703271389007568,36486952.0
2019-09-11,5.726613686980957,5.819982297662035,5.703271348803748,5.749955654144287,39769767.0
2019-09-12,5.781078386314796,5.897789332385937,5.765516951572901,5.882227897644043,51098469.0
2019-09-13,5.905570013217674,5.9678157498448465,5.874447144904089,5.9600348472595215,37242150.0
2019-09-16,5.905569792262638,5.913350323543,5.812200819801395,5.835543155670166,31272733.0
2019-09-17,5.835543818713928,5.858886157234893,5.734394303479554,5.8044209480285645,37411238.0
2019-09-18,5.812201542638844,5.9289124944698335,5.711052397331615,5.913351058959961,50208902.0
2019-09-19,5.91335152714847,5.91335152714847,5.718833382367179,5.757737159729004,43652217.0
2019-09-20,5.804421535050203,5.835544408883132,5.672149135753291,5.7188334465026855,54768958.0
2019-09-23,5.742175434372881,5.804421178212062,5.711052562453291,5.726613998413086,32038035.0
2019-09-24,5.858886673743075,5.952255294030363,5.819982896449746,5.905570983886719,35328708.0
2019-09-25,5.89778925522595,5.991157862455786,5.866666386149339,5.9755964279174805,27737303.0
2019-09-26,6.0222807315323985,6.131211144314405,5.944473558840868,5.9755964279174805,51855732.0
2019-09-27,5.9833779213332745,6.4502213745800345,5.9833779213332745,6.426879405975342,72467118.0
2019-09-30,6.465782166985052,6.496905034249759,6.3023869283384215,6.325728893280029,56201355.0
2019-10-01,6.356851891800681,6.356851891800681,6.1078685775281905,6.193456649780273,50012374.0
2019-10-02,6.185676598485528,6.271265053528985,6.1078694180104325,6.131211757659912,54231220.0
2019-10-03,6.162334379446082,6.232361024535115,5.967816250655556,6.053404331207275,55852974.0
2019-10-04,6.0689658892002685,6.1701150362429535,6.0534044534234015,6.1234307289123535,46413896.0
2019-10-07,6.084526801823579,6.279044546802638,6.006719258615321,6.022280693054199,55396017.0
2019-10-08,5.960035204093077,6.1000884909032065,5.866666593562243,6.037842750549316,80012475.0
2019-10-09,6.037842849182676,6.100088590553403,5.788859512685883,5.8044209480285645,66249717.0
2019-10-10,5.8277619300189745,5.843323733743927,5.547656141218616,5.656586170196533,97351271.0
2019-10-11,5.703271135208513,5.734394004269944,5.6176830597826415,5.625463962554932,72936828.0
2019-10-14,5.485411855210703,5.485411855210703,5.111937000757882,5.158621311187744,106829927.0
2019-10-15,5.322015860302222,5.337577294998444,5.205304914573619,5.2364277839660645,76073560.0
2019-10-16,5.041909702598722,5.2130854855419395,5.034128799685276,5.189743518829346,27081777.0
2019-10-17,5.259770312084834,5.3920423262881565,5.135278458990704,5.3531389236450195,9085859.0
2019-10-18,5.641025192633011,5.687709494533139,5.547656588832754,5.648806095123291,14222541.0
2019-10-21,5.641026154213989,5.656587590833333,5.485411788020548,5.500973224639893,35515818.0
2019-10-22,5.516534680393911,5.563218990413873,5.48541180704727,5.508753776550293,63367313.0
2019-10-23,5.578779862844376,5.6099027330432225,5.508753219390034,5.602121829986572,74744441.0
2019-10-24,5.648806506298719,5.718832778739183,5.578779862844376,5.602121829986572,89638672.0
2019-10-25,5.594341464724103,5.617683432562176,5.539876254745449,5.563218593597412,29536357.0
2019-10-28,5.57878009095302,5.586560623313928,5.524314880371094,5.524314880371094,15774384.0
2019-10-30,5.446507514199113,5.493191819799153,5.392042305492125,5.407603740692139,43406741.0
2019-10-31,5.4231654897051875,5.477630701563822,5.376481181403746,5.3842620849609375,39376218.0
2019-11-01,5.3842616281510045,5.4153844977114485,5.329796420913292,5.39204216003418,26245732.0
2019-11-04,5.48541180704727,5.5243152132236135,5.454288933700629,5.508753776550293,32148924.0
2019-11-05,5.493192176580343,5.532095952614106,5.4776307403696185,5.485411643981934,31337213.0
2019-11-06,5.493191948055412,5.594341464724103,5.469849980217338,5.563218593597412,30544214.0
2019-11-07,5.625464806328897,5.711052894592285,5.617683902389534,5.711052894592285,33699504.0
2019-11-08,5.703272009586221,5.742175787384344,5.672149135753291,5.7188334465026855,35448199.0
2019-11-11,5.672149116923313,5.765517738112143,5.656587680058507,5.711052894592285,31165608.0
2019-11-12,5.742174879568063,5.8355434863056255,5.742174879568063,5.819982051849365,31016024.0
2019-11-13,5.835543821552454,5.952254772186279,5.812201483020135,5.952254772186279,38433809.0
2019-11-14,5.874447677480431,5.928912516460051,5.781078693061003,5.858886241912842,37839148.0
2019-11-15,5.936693007035544,5.983377310492848,5.913350669799959,5.96781587600708,25301452.0
2019-11-18,6.014500557043616,6.076746298894362,6.014500557043616,6.053404331207275,38419957.0
2019-11-19,6.061184863431675,6.068965766669963,6.014500557043616,6.053404331207275,20498232.0
2019-11-20,6.022280944446966,6.115649925991678,5.998938977321197,6.037842750549316,39200108.0
2019-11-21,6.037842895744589,6.061184863431675,5.998939121580929,6.053404331207275,16676551.0
2019-11-22,6.11565021937018,6.138992187615704,6.014500700935851,6.068965911865234,14943637.0
2019-11-25,6.123430370458407,6.146772708264238,5.952254586933179,5.983377456665039,25044956.0
2019-11-26,6.006719797511412,6.068965911865234,5.936693521760941,6.068965911865234,22530540.0
2019-11-27,6.0300615957805705,6.061184464658329,5.991157824176441,6.022280693054199,16706459.0
2019-11-28,6.03784271072851,6.100088450671876,6.01450037274281,6.084527015686035,16585615.0
2019-11-29,6.10008836374712,6.170114634678612,6.014500287037663,6.030061721801758,26169962.0
2019-12-02,6.076746172738968,6.08452707581572,6.022280964243338,6.045623302459717,23442104.0
2019-12-03,6.0222807315323985,6.107868807000014,5.96781589615526,5.9755964279174805,47769169.0
2019-12-04,5.9911580085754395,6.006719443493276,5.9522546067877835,5.9911580085754395,27423029.0
2019-12-05,6.03006186732009,6.068965640676095,6.014500432180465,6.045623302459717,43699465.0
2019-12-06,6.061184717675086,6.107869022940504,6.037842750549316,6.037842750549316,32404119.0
2019-12-09,6.03784266420273,6.045623196128758,5.952254586933179,5.983377456665039,23698686.0
2019-12-10,5.967815692471463,6.006719091982507,5.960034789960942,5.99893856048584,14748757.0
2019-12-11,5.983377642886782,5.998939078237033,5.936693336836028,5.952254772186279,13403868.0
2019-12-12,6.014500353249898,6.138991832733154,6.006719450275257,6.138991832733154,26125577.0
2019-12-13,6.2323607139467185,6.356852191444204,6.170114604184107,6.224579811096191,46750594.0
2019-12-16,6.240141950544016,6.364633434699786,6.185676369705035,6.3568525314331055,32472300.0
2019-12-17,6.356852509853908,6.465782929134315,6.356852509853908,6.411317348480225,26539916.0
2019-12-18,6.35685188743513,6.3957556577995005,6.279044346706388,6.333509922027588,19693954.0
2019-12-19,6.341290660180531,6.364633369742334,6.271264757578428,6.3101677894592285,10228223.0
2019-12-20,6.317948117070759,6.380193852842671,6.279044346706388,6.333509922027588,17157792.0
2019-12-23,6.341290724899746,6.3724135959386885,6.310167853860804,6.3568525314331055,7570842.0
2019-12-24,6.426878636243612,6.442439699440428,6.37241305998547,6.395755767822266,9252005.0
2019-12-25,6.403536319732666,6.434659932083719,6.403536319732666,6.403536319732666,5149271.0
2019-12-26,6.411317723636211,6.51246724559508,6.403536819940648,6.4346604347229,9768987.0
2019-12-27,6.458001899319248,6.481343866554778,6.372413449409373,6.403536319732666,8637576.0
2019-12-30,6.4113175988870115,6.4813442467288915,6.403536695342846,6.426879405975342,15902865.0
2019-12-31,6.458002110249892,6.465783013591794,6.302387753550766,6.317948818206787,16919282.0
2020-01-02,6.356852656760581,6.380194624993038,6.317948881687958,6.364633560180664,21596781.0
2020-01-03,6.317948121409593,6.325729023893351,6.146772347919279,6.193456649780273,26669857.0
2020-01-06,6.076745730521782,6.115649501046679,5.960034789960942,5.99893856048584,25871931.0
2020-01-07,6.053404350868006,6.115650092920919,6.037842915354778,6.061184883117676,17681865.0
2020-01-08,5.983377105898871,6.209018083733938,5.960034769461448,6.193456649780273,32090537.0
2020-01-09,6.387975584801357,6.636958560219511,6.3646336163628545,6.621397495269775,46757656.0
2020-01-10,6.6525196277807686,6.8236957753687095,6.621396759312753,6.7458882331848145,39136105.0
2020-01-13,6.862599875466133,6.924845622116742,6.784793063166788,6.808135032653809,28347130.0
2020-01-14,6.784792467337868,6.901503046551477,6.706984919843618,6.885941982269287,27836526.0
2020-01-15,6.87037992477417,6.9092836970989495,6.7847922192818455,6.87037992477417,17747763.0
2020-01-16,6.839257842114501,6.963749334253222,6.761450288513887,6.847038745880127,87181793.0
2020-01-17,6.893722810109475,6.94818839543409,6.815915997118057,6.8548197746276855,22358431.0
2020-01-20,6.885941796993305,6.971529503311909,6.878160894047683,6.917064666748047,21238070.0
2020-01-21,6.8703800307006,6.987090607446627,6.862599127710132,6.932625770568848,30912317.0
2020-01-22,6.979310289607273,6.994871353210688,6.769230365753174,6.769230365753174,38378362.0
2020-01-23,6.77701209604514,6.909284491949488,6.753670126776085,6.847038745880127,34853679.0
2020-01-24,6.9092845564680045,6.932626525955025,6.675862635514308,6.808135032653809,28928453.0
2020-01-27,6.660301435200056,6.761450214941281,6.621397658823069,6.644739627838135,18789166.0
2020-01-28,6.675861915106589,6.7069847850733515,6.574712402207671,6.582493305206299,36417476.0
2020-01-29,6.613616189151863,6.621397092166937,6.442440032958984,6.442440032958984,36797244.0
2020-01-30,6.411316864254448,6.566931207167863,6.380193995671765,6.551370143890381,34272483.0
2020-01-31,6.598054450139313,6.598054450139313,6.473562968744648,6.489124774932861,21330228.0
2020-02-03,6.465783509201583,6.504686544837489,6.411317923661201,6.4735636711120605,22642878.0
2020-02-04,6.543589273584767,6.722546325340623,6.543589273584767,6.706984519958496,30919050.0
2020-02-05,6.706984336551797,6.823695647643043,6.668080566188049,6.738107204437256,41312561.0
2020-02-06,6.815915187164778,6.878160926972222,6.675861901584156,6.722546577453613,48954258.0
2020-02-07,6.738107095390676,6.753668900095411,6.504685219013483,6.535808086395264,20632615.0
2020-02-10,6.51246724559508,6.551371022045078,6.3568528818229035,6.4346604347229,39037164.0
2020-02-11,6.473563008215233,6.528028588178307,6.317948655523091,6.504685878753662,55725212.0
2020-02-12,6.504685194545171,6.559150768779173,6.317947990956932,6.325728893280029,45303052.0
2020-02-13,6.294606151663217,6.372412950364257,6.247921478820431,6.333509922027588,19053274.0
2020-02-14,6.411316907305812,6.489124450298848,6.302387237548828,6.302387237548828,31467536.0
2020-02-17,6.3801940385141425,6.3801940385141425,6.302387237548828,6.302387237548828,14929707.0
2020-02-18,6.286826008398526,6.3490717516874,6.23236116852771,6.279045104980469,24434493.0
2020-02-19,6.310166939761749,6.325728744040806,6.10786830731387,6.170114040374756,24443789.0
2020-02-20,6.17011452432207,6.17011452432207,5.882227800828422,5.96781587600708,36507128.0
2020-02-21,5.89778925522595,6.061184503385096,5.874447288925424,5.9755964279174805,34942324.0
2020-02-24,5.835543777931355,5.874447551523117,5.796640004339594,5.851105213165283,20858304.0
2020-02-25,5.92113156132199,5.936692995778251,5.796639714658043,5.819982051849365,28055702.0
2020-02-26,5.796640555870965,5.921132420601267,5.749956245727321,5.905570983886719,35533961.0
2020-02-27,5.85888600330032,5.866666535260296,5.625464108279065,5.641025543212891,32422064.0
2020-02-28,4.862953115392615,5.345357975396231,4.862953115392615,5.251989364624023,48176784.0
2020-03-02,5.423165196808219,5.446507535205206,5.29867371472797,5.3531389236450195,30315975.0
2020-03-03,5.4465076413653755,5.64102577141414,5.4465076413653755,5.563218593597412,36039034.0
2020-03-04,5.625463651489103,5.874446961226638,5.602121315476835,5.788858890533447,46882116.0
2020-03-05,5.921131432947807,5.928911964500319,5.7343938525074165,5.812201023101807,30795657.0
2020-03-06,5.734394719607191,5.812201901966831,5.5476574819440545,5.695491313934326,25556178.0
2020-03-09,5.524314690199181,5.555437560599208,5.384261773399058,5.407603740692139,24432021.0
2020-03-10,5.555437451478159,5.61768319105557,5.329796460003108,5.345357894897461,32030070.0
2020-03-11,5.345357894897461,5.345357894897461,5.345357894897461,5.345357894897461,0.0
2020-03-12,5.135277948689797,5.143058851053553,4.870733575557474,4.909636974334717,31823559.0
2020-03-13,4.901856839628713,5.213085539085751,4.855172163696282,5.0030059814453125,42247601.0
2020-03-16,4.7540229291150045,4.862952971799428,4.551723907401492,4.738461494445801,29631672.0
2020-03-17,4.722899913787842,4.7851456505405885,4.403889956409231,4.722899913787842,59269296.0
2020-03-18,4.637312956212368,4.816269677949266,4.598409175872803,4.598409175872803,31569584.0
2020-03-19,4.5828474644521995,4.629531775465361,4.364987346390777,4.41945219039917,34942694.0
2020-03-20,4.551723315395355,4.575065649870144,4.279398058596522,4.333863258361816,26635021.0
2020-03-23,4.1237843370137774,4.279398686291557,3.929266214909616,4.209372043609619,54801497.0
2020-03-24,4.341644960779575,4.528382573927966,4.318302991019726,4.466136455535889,43024404.0
2020-03-25,4.5050395341308125,4.59840814071053,4.318302320971377,4.341644287109375,71878646.0
2020-03-26,4.318302851480471,4.489478651239122,4.28717997879708,4.45057487487793,91412090.0
2020-03-27,4.4661354595350184,4.473916361729015,4.287179161239141,4.310521125793457,50297989.0
2020-03-30,4.287179821544255,4.3416446612354775,4.248276046610044,4.2793989181518555,51150472.0
2020-03-31,4.372767925262451,4.435013673933045,4.326083613759505,4.372767925262451,55808362.0
2020-04-01,4.2638375444285215,4.310521852420591,4.209372332930824,4.240495204925537,52077446.0
2020-04-02,4.326083268570922,4.333864172040853,4.193810877693277,4.232714653015137,49515714.0
2020-04-03,4.248276278396192,4.256056811199204,4.186030531916439,4.201591968536377,35663458.0
2020-04-06,4.3027403930713115,4.349424691007069,4.248275193306017,4.333863258361816,43502806.0
2020-04-07,4.419451587313819,4.458355360022879,4.333863880976084,4.349425315856934,56933104.0
2020-04-08,4.333864188640711,4.388329029083252,4.326083285140977,4.388329029083252,32170961.0
2020-04-09,4.458355532227945,4.676215999988623,4.396109790300291,4.668435096740723,98587645.0
2020-04-10,4.691777805109272,4.862953608896299,4.621751154416712,4.754023551940918,65400212.0
2020-04-13,4.645092901981168,4.777365293184035,4.613970030052717,4.683996677398682,55962350.0
2020-04-14,4.754022506388437,4.769583939673922,4.668434437811356,4.699557304382324,76705146.0
2020-04-15,4.691777542023647,4.691777542023647,4.411671325973934,4.435013294219971,75463227.0
2020-04-16,4.435013608388309,4.4583559493017715,4.357206423699973,4.4116716384887695,60566805.0
2020-04-17,4.536162561875069,4.575066334819533,4.4739168219750285,4.505039691925049,107225881.0
2020-04-20,4.520601126900059,4.543943464869512,4.466135918980585,4.505039691925049,38974091.0
2020-04-21,4.466136501412332,4.4816983094306435,4.396110220399551,4.41945219039917,29325081.0
2020-04-22,4.442793699563143,4.466135665192313,4.411670831381681,4.427232265472412,39045415.0
2020-04-24,4.427233048931501,4.512821137083426,4.403890708157732,4.466136455535889,48424423.0
2020-04-27,4.551723502663305,4.699557304382324,4.528381538241995,4.699557304382324,72526876.0
2020-04-28,4.707338764804561,4.722900199935573,4.598408347873599,4.606189250946045,53035146.0
2020-04-29,4.637312575354791,4.668435448664776,4.582847361555359,4.660654544830322,35574390.0
2020-04-30,4.668435200945579,4.699558072604104,4.55172424671916,4.5828471183776855,54537735.0
2020-05-04,4.512821117856284,4.520601650738444,4.435013562951171,4.458355903625488,43876559.0
2020-05-05,4.505040087580818,4.51282099125862,4.435013438536234,4.45057487487793,43965107.0
2020-05-06,4.450574730055294,4.473917069315227,4.411671325973934,4.435013294219971,45419506.0
2020-05-07,4.435013627403557,4.473917405421488,4.396110220399551,4.41945219039917,44551662.0
2020-05-08,4.427231854233333,4.450573817694302,4.333863258361816,4.333863258361816,70760793.0
2020-05-11,4.349424691007069,4.380547556297575,4.3027403930713115,4.333863258361816,34436036.0
2020-05-12,4.34942546111434,4.380548331915446,4.318302590313233,4.364986896514893,93513793.0
2020-05-13,4.364986624261236,4.380548058691189,4.33386375540133,4.341644287109375,66821776.0
2020-05-14,4.310521704829474,4.318302608068686,4.209372188803041,4.224933624267578,67275420.0
2020-05-15,4.256056495196652,4.279398833900401,4.224933624267578,4.224933624267578,49790529.0
2020-05-18,4.279398772736017,4.3027411111061395,4.248275902251775,4.2638373374938965,52653161.0
2020-05-20,4.287179470062256,4.318302339052476,4.271617664553282,4.287179470062256,56549663.0
2020-05-21,4.2793989181518555,4.3105217896936665,4.25605657898855,4.2793989181518555,61231935.0
2020-05-22,4.263837132812659,4.302740904557366,4.248275698317549,4.287179470062256,43793107.0
2020-05-27,4.364986293061697,4.396109159560111,4.3338634265632825,4.357205390930176,73980114.0
2020-05-28,4.380548166193225,4.442793905440595,4.364986731381382,4.403890132904053,115593288.0
2020-05-29,4.396110220399551,4.442794531412713,4.372767879386008,4.41945219039917,103113506.0
2020-06-01,4.473916001191107,4.512819766998291,4.442793136950882,4.512819766998291,71788058.0
2020-06-02,4.528382029894502,4.559504899844523,4.489478256950038,4.505039691925049,78465561.0
2020-06-03,4.543943425149212,4.582846826739732,4.528381990310231,4.551723957061768,82702635.0
2020-06-04,4.5672852246593925,4.575066127300905,4.520600921851896,4.528381824493408,57869986.0
2020-06-05,4.551724042480564,4.606189250946045,4.528382075290986,4.606189250946045,73405929.0
2020-06-08,4.621751355458906,4.66065476341399,4.575067043304443,4.575067043304443,75117353.0
2020-06-09,4.606189164505141,4.629531131256678,4.528381990310231,4.551723957061768,50544346.0
2020-06-10,4.567285517936588,4.598408388473398,4.551724082668183,4.559504985809326,59637585.0
2020-06-11,4.528381199118403,4.543942631238516,4.489477433311219,4.512819766998291,66956764.0
2020-06-12,4.4661357164028885,4.536162356121062,4.4661357164028885,4.528381824493408,59076358.0
2020-06-15,4.489478568714722,4.505040004770371,4.458355696603423,4.481698036193848,46376707.0
2020-06-16,4.559504859988195,4.613969696417696,4.551723957061768,4.551723957061768,83904956.0
2020-06-17,4.559504234127974,4.582846197675478,4.512819936019147,4.53616189956665,49917842.0
2020-06-18,4.52838136872209,4.551723332269592,4.512819936019147,4.53616189956665,49029587.0
2020-06-19,4.559504906104511,4.676215854084265,4.543943471108135,4.652873516082764,171312435.0
2020-06-22,4.7540233834460945,4.8396110967992,4.730681043704582,4.792926788330078,171673990.0
2020-06-23,4.824049494931146,4.831830398249002,4.754023220139898,4.769584655761719,72885418.0
2020-06-24,4.754023388394264,4.754023388394264,4.629531527999792,4.645092964172363,74927108.0
2020-06-25,4.60618958337934,4.629531552253532,4.5672858072371465,4.590628147125244,107481761.0
2020-06-26,4.629531552253532,4.637312455887533,4.575066710871148,4.590628147125244,57881474.0
2020-06-29,4.590628281000889,4.761804084787915,4.567285940432064,4.754023551940918,138194135.0
2020-06-30,4.785146425356741,4.800707862064653,4.730681211372092,4.754023551940918,111120177.0
2020-07-01,4.769584675710454,4.777365208046961,4.613969947827498,4.629531383514404,128495691.0
2020-07-02,4.637312575354791,4.691777789154223,4.629531671520337,4.660654544830322,75052411.0
2020-07-03,4.668435328395725,4.676216232029726,4.5595052746170515,4.590628147125244,86215975.0
2020-07-06,4.645092535071451,4.75402294923066,4.6139696656013545,4.746242046356201,91665694.0
2020-07-07,4.746242421255584,4.777365293184035,4.6606543379453935,4.683996677398682,131477896.0
2020-07-08,4.668434991470092,4.676215894542538,4.567285477611576,4.606189250946045,160432786.0
2020-07-09,4.621749791839078,4.621749791839078,4.481696902758066,4.512819766998291,82758441.0
2020-07-10,4.473917340403727,4.473917340403727,4.403890689394693,4.458355903625488,75387123.0
2020-07-13,4.512820555471249,4.56728539190075,4.481697685793285,4.551723957061768,99818836.0
2020-07-14,4.543943464869512,4.559504899844523,4.497259159944481,4.505039691925049,59054843.0
2020-07-16,4.505039652544822,4.590627729666159,4.4972591206322665,4.551723957061768,71262780.0
2020-07-17,4.5672852246593925,4.5672852246593925,4.512820390224243,4.528381824493408,52408960.0
2020-07-20,4.52060079574585,4.5439431320053725,4.505039361910784,4.52060079574585,45063288.0
2020-07-21,4.543943258762574,4.613969527466888,4.5050394875827315,4.528381824493408,131889900.0
2020-07-22,4.536161729671556,4.551723161791668,4.512819766998291,4.512819766998291,61531634.0
2020-07-23,4.536162229580915,4.559504565840438,4.505039361910784,4.52060079574585,48470850.0
2020-07-24,4.497259014009043,4.505039545737134,4.473916676797046,4.48947811126709,29863962.0
2020-07-27,4.51282099125862,4.5206015239225135,4.435013438536234,4.45057487487793,43319180.0
2020-07-28,4.450574711631816,4.450574711631816,4.271618014759455,4.2793989181518555,71564939.0
2020-07-29,4.302740893178001,4.318302327631956,4.092661342542676,4.139345645904541,105635722.0
2020-07-30,4.131564526512336,4.154906862476134,4.053757358322751,4.077099323272705,66184581.0
2020-08-04,4.12378473802607,4.139346174467101,3.867020480228203,3.9448280334472656,145260925.0
2020-08-05,3.960389534155341,3.975950970848894,3.88258197967366,3.9059243202209473,189993024.0
2020-08-06,3.9059241931020763,3.9059241931020763,3.6569408430945125,3.672502279281616,238947444.0
2020-08-07,3.656940997470131,3.7114062119311635,3.5246689698029154,3.7036256790161133,190918249.0
2020-08-10,3.6725023102838974,3.7269675229054933,3.6413794376469593,3.6958446502685547,95633375.0
2020-08-11,3.7191863645922747,3.952607870101929,3.7114054622350303,3.9526078701019287,242007382.0
2020-08-12,3.9526085661608255,3.9915123427703567,3.8592399475146433,3.9448280334472656,182905027.0
2020-08-13,3.944828097461788,3.975950970848894,3.88258197967366,3.9059243202209473,133654621.0
2020-08-14,3.87480097981198,3.8825815117140263,3.7969938057221553,3.835897207260132,88767239.0
2020-08-17,3.828116525884434,3.921485131146528,3.8047741890619817,3.89036226272583,86895141.0
2020-08-18,3.8903630263492266,3.9681702126734253,3.874801589084387,3.9214859008789062,106154782.0
2020-08-19,3.944828150595122,4.014854431152344,3.92926671369197,4.014854431152344,139151894.0
2020-08-20,3.9992922988357216,3.9992922988357216,3.929266030454957,3.9603888988494873,104882255.0
2020-08-21,3.983731312540348,4.0615384922747495,3.913705036286336,3.937047004699707,210265025.0
2020-08-24,3.9526079995672263,3.960388902179329,3.89036226272583,3.89036226272583,60999660.0
2020-08-25,3.9059240395274633,3.929266378397288,3.7814325549254373,3.804774522781372,81786609.0
2020-08-26,3.7969938384388713,3.8903624481511696,3.7736515005038593,3.8592395782470703,92612259.0
2020-08-27,3.8981434368371706,3.937046839565672,3.8825816305291103,3.9137048721313477,65690717.0
2020-08-28,3.929266033758631,3.937046565356877,3.867019925903378,3.89036226272583,72938110.0
2020-08-31,3.921485604140071,3.921485604140071,3.789213211891021,3.8125555515289307,67302109.0
2020-09-01,3.820335423568276,3.86701972375895,3.758089689980711,3.8436777591705322,89891234.0
2020-09-02,3.859239544994015,3.87480097981198,3.804774337624202,3.835897207260132,83574325.0
2020-09-03,3.8436782972264503,3.867020265082385,3.7969939905006904,3.804774522781372,65829432.0
2020-09-04,3.796993186849514,3.835896582046619,3.7892122852018066,3.8203351497650146,49910278.0
2020-09-07,3.8358968569651672,3.851458290362059,3.804773990171385,3.8436777591705322,40660275.0
2020-09-08,3.851458956240244,3.859239859790848,3.796994115441625,3.8125555515289307,56254069.0
2020-09-09,3.8047746479783267,3.8281169876162364,3.796994115441625,3.8125555515289307,37420995.0
2020-09-10,3.820335423568276,3.8825811571558413,3.796993458979858,3.8436777591705322,105150156.0
2020-09-11,3.8436780900863616,3.859239524822992,3.8125552206131013,3.8281166553497314,45175513.0
2020-09-14,3.835897520152938,3.835897520152938,3.8047746479783267,3.8125555515289307,33018249.0
2020-09-15,3.812555166970072,3.8281166014877512,3.7736513951689417,3.7969937324523926,46649434.0
2020-09-16,3.804774522781372,3.820335958356625,3.789213087206119,3.804774522781372,26724695.0
2020-09-17,3.781432628631592,3.804774596942499,3.773651725185358,3.781432628631592,40644852.0
2020-09-18,3.796993458647085,3.812554892042612,3.76587059185603,3.773651123046875,42426466.0
2020-09-21,3.7892138559937565,3.7969947608669834,3.656941441260617,3.680283784866333,69515616.0
2020-09-22,3.680283784866333,3.7114066623313113,3.664722346133844,3.680283784866333,43333637.0
2020-09-23,3.7036255848073076,3.7580904268690025,3.6880637773452114,3.719187021255493,60690088.0
2020-09-24,3.6880639708923804,3.9370473381437456,3.6880639708923804,3.9214859008789062,226509840.0
2020-09-25,4.02263480404665,4.053757673744142,3.9603890646516633,3.9837310314178467,145957226.0
2020-09-28,3.983731503688712,3.999292940382265,3.8903628835273945,3.9059243202209473,85706776.0
2020-09-29,3.9137049530612518,3.952608356594221,3.84367830728246,3.8825817108154297,82855699.0
2020-09-30,3.9603890974716696,4.0148539343867,3.921485324520469,4.007073402404785,91008186.0
2020-10-01,4.030415515326432,4.1004421607690675,3.991512111980215,4.022634983062744,123998051.0
2020-10-02,4.007073898207729,4.0381967720140315,3.98373155734604,4.014854431152344,92460447.0
2020-10-05,4.0304155349731445,4.045976970590265,4.0148540993560236,4.0304155349731445,48731413.0
2020-10-06,4.0381959046473215,4.077099303042154,3.9915116039652174,3.9992921352386475,93659311.0
2020-10-07,3.9759509063293264,3.983731439042886,3.937047129719795,3.9448280334472656,73454966.0
2020-10-08,3.960389344126977,3.960389344126977,3.890362696859066,3.937047004699707,69081027.0
2020-10-09,3.952608194475879,4.0148539343867,3.9292662275162593,4.007073402404785,73643687.0
2020-10-12,4.030415660163512,4.053757999821184,4.007073691519742,4.038196563720703,68279294.0
2020-10-13,4.030415868055496,4.0381967720140315,3.991512461304577,4.014854431152344,49827061.0
2020-10-14,4.014854431152344,4.02263533511088,3.98373155734604,4.014854431152344,69256360.0
2020-10-15,3.999292799890834,4.007073703471233,3.9370470553032577,3.968169927597046,63086515.0
2020-10-16,3.9759503697664558,4.061538073134927,3.960388935425474,4.045976638793945,79471435.0
2020-10-19,4.077099661216569,4.232714381508224,4.061538226288792,4.209372043609619,186963436.0
2020-10-20,4.217153405156315,4.2404953745792655,4.154907658676563,4.201591968536377,118398066.0
2020-10-21,4.240495039938082,4.256056475329981,4.170468766181483,4.217153072357178,76356281.0
2020-10-22,4.217152576102307,4.240494540936438,3.9992921352386475,3.9992921352386475,167968990.0
2020-10-23,3.9915123427703567,3.9992928754839165,3.898143724124174,3.9448280334472656,74796019.0
2020-10-26,3.898143603265828,3.898143603265828,3.77365174458343,3.789213180541992,78405136.0
2020-10-27,3.7969938384388713,3.8670201102161577,3.765870968534772,3.8592395782470703,77169277.0
2020-10-28,3.8436782972264503,3.8748011683769565,3.773651651630866,3.804774522781372,33004214.0
2020-10-30,3.781432767048236,3.781432767048236,3.6958446810762595,3.719187021255493,76622682.0
2020-11-02,3.7425286769866943,3.8125553206458034,3.711405806696841,3.7425286769866943,82950906.0
2020-11-03,3.765871528230509,3.9448282422831307,3.71918721643599,3.9214859008789062,155350449.0
2020-11-04,3.9137052049279695,3.9837314841994154,3.867020524061786,3.898143768310547,157422953.0
2020-11-05,3.8981437683105464,3.9370471743471467,3.8358976508269405,3.898143768310547,99070018.0
2020-11-06,3.890362864494878,3.9059243011123006,3.867020524061786,3.898143768310547,69391543.0
2020-11-09,4.09266177137153,4.240495228667152,4.053757995653376,4.186030387878418,240392173.0
2020-11-10,4.11600383109628,4.419452026967241,4.09266186195985,4.3961100578308105,206908827.0
2020-11-11,4.4427942495252815,4.839611053466797,4.4272328135082395,4.839611053466797,354822829.0
2020-11-12,4.870733737945557,5.073032382967762,4.746241893071881,4.870733737945557,418015943.0
2020-11-13,4.88629500927114,4.940759841762048,4.785145504625388,4.909636974334717,241319947.0
2020-11-16,4.995225173650347,5.026348041877576,4.894075666404926,4.917418003082275,137456749.0
2020-11-17,4.8862955645014,4.8862955645014,4.652873661258809,4.668435096740723,189057822.0
2020-11-18,4.676215643991921,4.901856626808737,4.676215643991921,4.878514289855957,284782733.0
2020-11-19,4.878514463229196,5.189743531248223,4.7540229844271344,5.049690246582031,500619230.0
2020-11-20,5.049690167669928,5.111936277112104,4.979663897445013,5.080813407897949,201009126.0
2020-11-23,5.073032251394797,5.080813153816162,4.824048939118875,4.862952709197998,113858775.0
2020-11-24,4.894075870513916,5.041909686265637,4.808487793812631,4.894075870513916,169110102.0
2020-11-25,4.9251988664977775,5.0107869453966085,4.894075996173454,4.901856899261475,120923004.0
2020-11-26,4.956322272568188,5.026348923874281,4.886295992276015,5.010787487030029,111324960.0
2020-11-27,5.057471229950943,5.088594100146454,4.940760281210838,4.956321716308594,106784302.0
2020-11-30,4.855171939738556,4.886295179262493,4.707338499822612,4.730680465698242,139071223.0
2020-12-01,4.7462417348343005,4.909636974334717,4.691776902343391,4.909636974334717,119441257.0
2020-12-02,4.909637365127624,4.940760235032247,4.816268755413757,4.855172157287598,93521109.0
2020-12-03,4.862953060270691,4.901856833158407,4.761803547573731,4.855172157287598,108908356.0
2020-12-04,4.83961124223607,4.8707344864980175,4.78514639955897,4.808488368988037,55175084.0
2020-12-07,4.769584551088278,4.777365083221491,4.683996471539636,4.707338809967041,71461909.0
2020-12-08,4.707338353661276,4.792926053899593,4.699557451268421,4.715118885040283,92877892.0
2020-12-09,4.738461904862976,4.9096377010504355,4.730681001347505,4.839611053466797,117786780.0
2020-12-10,4.8396105186059435,4.9563214613421245,4.80070711836979,4.878514289855957,121960400.0
2020-12-11,4.8396107875989465,4.917418334423637,4.761803611788136,4.901856899261475,107659290.0
2020-12-14,4.971883151406349,5.034128891797371,4.940760281210838,4.956321716308594,74970370.0
2020-12-15,4.979664054462166,4.995225489559921,4.925198846113083,4.956321716308594,71710301.0
2020-12-16,4.995225824488757,5.0419101329121965,4.9096377402055,4.940760612487793,87713993.0
2020-12-17,4.987444858179871,5.003006294125288,4.925199114398203,4.979664325714111,71718536.0
2020-12-18,4.979664302710818,5.057471482078476,4.940760527520039,5.0341291427612305,76039138.0
2020-12-21,4.979663739536733,5.003005705200227,4.839610461500348,4.917418003082275,93306226.0
2020-12-22,4.96410254041255,5.080813487296419,4.932979670712035,5.049690246582031,113925427.0
2020-12-23,5.057471482078476,5.119717225572603,4.995225738584349,5.0341291427612305,86348550.0
2020-12-24,5.049690332061501,5.174182183984792,4.995225494670573,5.104155540466309,149671268.0
2020-12-25,5.111936150209238,5.127497584430006,5.04969004231231,5.073032379150391,33709453.0
2020-12-28,5.09637451171875,5.119716476607394,5.065251644524662,5.09637451171875,52637178.0
2020-12-29,5.104155973141762,5.1508402824401855,5.034129323687172,5.1508402824401855,63789662.0
2020-12-30,5.166401488241603,5.384261959589394,5.166401488241603,5.376481056213379,122424146.0
2020-12-31,5.360919499333192,5.469849918052506,5.322016096373909,5.454288482666016,79910440.0
2021-01-04,5.430946265956841,5.5632186552173115,5.415384830221132,5.524314880371094,110774945.0
2021-01-05,5.493191885625298,5.617683368717216,5.423165240879151,5.454288482666016,154456394.0
2021-01-06,5.578780514254502,5.7188334465026855,5.563219077338037,5.7188334465026855,171196874.0
2021-01-07,5.812201564196182,5.913351080892461,5.773298160784153,5.858886241912842,150589737.0
2021-01-08,5.921131857224902,5.9366932924588305,5.8122014395735215,5.851105213165283,113522210.0
2021-01-11,5.812202261500191,5.819983165724425,5.60990357485126,5.687710762023926,88420008.0
2021-01-12,5.757736281999492,5.773297716369199,5.633244436027975,5.66436767578125,62649493.0
2021-01-13,5.711052185922042,5.711052185922042,5.578779803477588,5.641025543212891,75591224.0
2021-01-14,5.656587417606954,5.664368321185303,5.5009730561790215,5.539876461029053,75387321.0
2021-01-15,5.485411605121013,5.500973041221493,5.322016340559014,5.3842620849609375,96536730.0
2021-01-18,5.36869968397396,5.43872594833374,5.283111615296631,5.43872594833374,85218058.0
2021-01-19,5.516534244132752,5.555437647232519,5.438726695905447,5.462069034576416,71436145.0
2021-01-20,5.477630701563822,5.477630701563822,5.329796873102304,5.3842620849609375,83662348.0
2021-01-21,5.3998235210614185,5.516534477321974,5.3687006488604565,5.3842620849609375,163922464.0
2021-01-22,5.360919132458548,5.376480566780091,5.174181920600036,5.228646755218506,123368888.0
2021-01-25,5.275331697730628,5.290893132844305,5.088594105352632,5.104155540466309,81413839.0
2021-01-26,5.080813513964878,5.197524090447471,4.979664001400347,5.143059253692627,117514579.0
2021-01-27,5.1197172935387805,5.143059633165905,4.932980060577393,4.932980060577393,101548005.0
2021-01-28,4.88629560890206,5.065252304077148,4.86295326996014,5.065252304077148,132387448.0
2021-01-29,4.995225616039699,5.073032793498564,4.948541309564379,4.964102745056152,93537460.0
2021-02-01,5.018567376881515,5.088594019214612,4.96410254041255,5.049690246582031,69527172.0
2021-02-02,5.09637451171875,5.135277910204438,5.0419093086221745,5.09637451171875,65542662.0
2021-02-03,5.143059460812984,5.267550945281982,5.1352785575267275,5.267550945281982,109681284.0
2021-02-04,5.2675511964365,5.275332100093747,5.181963111276317,5.197524547576904,76222268.0
2021-02-05,5.244208395243284,5.275331636121033,5.127497818760689,5.143059253692627,63983693.0
2021-02-08,5.189743518829346,5.2364278232684045,5.104155441850801,5.189743518829346,66765769.0
2021-02-09,5.189744192589553,5.368700901679328,5.166401851832661,5.314235687255859,160159901.0
2021-02-10,5.33757752926674,5.35313896464596,5.251989449174089,5.306454658508301,72762084.0
2021-02-11,5.29867324643342,5.306454148882704,5.189743209240395,5.213085174560547,49655542.0
2021-02-12,5.174182289483412,5.244208563415813,5.135278515399056,5.166401386260986,58909032.0
2021-02-15,5.213085174560547,5.228646608445265,5.181962306791111,5.213085174560547,42465185.0
2021-02-16,5.22864719261503,5.306454741745505,5.057471400758545,5.065252304077148,106023509.0
2021-02-17,5.080813864674931,5.096375300681018,4.956322005612338,4.987444877624512,114214236.0
2021-02-18,5.026348041877576,5.0652518126685395,4.917418003082275,4.917418003082275,119589088.0
2021-02-19,4.917418865964518,5.010787487030029,4.862953651502677,5.010787487030029,97555810.0
2021-02-22,5.026348380558771,5.034128912632911,4.901856899261475,4.901856899261475,75487002.0
2021-02-23,4.940760235032247,4.964102572967652,4.847391625318379,4.855172157287598,76126533.0
2021-02-24,4.824049089115208,4.855171957740684,4.676215648651123,4.676215648651123,90387822.0
2021-02-25,4.754023526310937,4.808488368988037,4.645093098928908,4.808488368988037,87340510.0
2021-02-26,4.68399601749656,4.769584088748723,4.660653681331844,4.715118885040283,101453984.0
2021-03-01,4.769584514876158,4.909637431335615,4.699557871139488,4.901856899261475,72416715.0
2021-03-02,4.886295464099312,4.956321736822102,4.831830255524806,4.901856899261475,75241137.0
2021-03-03,4.9251992643097084,5.0263487865406224,4.8473920822143555,4.8473920822143555,76443111.0
2021-03-04,4.8318305594997675,4.964102952206464,4.808488219781096,4.940760612487793,63045313.0
2021-03-05,4.90963710051854,4.971882836972998,4.847391364064083,4.917418003082275,66827724.0
2021-03-08,4.932979785359164,4.932979785359164,4.74624219180224,4.76180362701416,94427128.0
2021-03-09,4.792926623687505,4.855172366174788,4.722900348896257,4.769584655761719,95198413.0
2021-03-10,4.76180420129143,4.839611386734638,4.715119890025505,4.824049949645996,95727397.0
2021-03-11,4.862952992375999,4.878514427111047,4.730680611621152,4.746242046356201,60724745.0
2021-03-12,4.754023220139898,4.808488059309326,4.730680881200222,4.769584655761719,63972846.0
2021-03-15,4.769584551088278,4.769584551088278,4.691777374686732,4.707338809967041,44914584.0
2021-03-16,4.707338625107394,4.761803460942672,4.699557722265858,4.738461494445801,54931995.0
2021-03-17,4.722900662464208,4.785146409084179,4.652874012009784,4.660654544830322,77916811.0
2021-03-18,4.676215775555418,4.85517208950154,4.676215775555418,4.746242046356201,135219370.0
2021-03-19,4.7306807319941395,4.7306807319941395,4.567285477611576,4.606189250946045,78099685.0
2021-03-22,4.217152838705596,4.256056239522954,4.147126197814941,4.147126197814941,51333998.0
2021-03-23,3.734748125076294,3.929266248861228,3.734748125076294,3.734748125076294,418502880.0
2021-03-24,3.796993186849514,3.905923212820743,3.7191860254414935,3.8203351497650146,183485760.0
2021-03-25,3.8358968566289846,3.8825811568155673,3.7425282562558198,3.773651123046875,110421218.0
2021-03-26,3.8856742004073803,3.8856742004073803,3.710140826910269,3.7659921646118164,115133759.0
2021-03-29,3.789928611169769,3.8218437690376614,3.7739710322358233,3.797907590866089,53403450.0
2021-03-30,3.789928723954411,3.805886303363239,3.7340770057941595,3.7659921646118164,69472227.0
2021-03-31,3.7659913514038403,3.8058854815407384,3.726097601725564,3.7420551776885986,87349602.0
2021-04-01,3.7739707339055757,3.9175889329581532,3.7580131562330674,3.9016313552856445,119664117.0
2021-04-02,3.933546510630662,3.9574830673687558,3.877695179006213,3.9016313552856445,59443683.0
2021-04-05,3.9016313552856445,3.9175889329581532,3.8697161999406275,3.9016313552856445,32693574.0
2021-04-06,3.901631225549768,3.9255677814919308,3.8457798957824707,3.8457798957824707,77517503.0
2021-04-07,3.8457797544276526,3.869715929031372,3.7659914911922265,3.869715929031372,67100765.0
2021-04-08,3.8856738732827747,3.8936528525448115,3.8218435610211663,3.829822540283203,52784190.0
2021-04-09,3.8218437690376614,3.8298227487339807,3.734076894671612,3.797907590866089,73777422.0
2021-04-12,3.789928227381127,3.813864783587447,3.7420554954271408,3.7500340938568115,46472571.0
2021-04-13,3.765992052539504,3.8218437690376614,3.726098295433985,3.797907590866089,69643678.0
2021-04-14,3.837801247133491,3.94152569770813,3.837801247133491,3.94152569770813,80837796.0
2021-04-15,3.9654618887312587,4.133016653934139,3.9335467315934416,4.029292583465576,188081625.0
2021-04-16,4.005355625204207,4.02131320217878,3.94950391556388,3.965461492538452,65503736.0
2021-04-19,3.9734407428718215,3.9814193416751866,3.829822540283203,3.829822540283203,80952100.0
2021-04-20,3.8218433892399926,3.9415254095804713,3.8218433892399926,3.8936526775360107,78484758.0
2021-04-21,3.8776951001878572,3.8936526775360107,3.805885811891839,3.8936526775360107,80629132.0
2021-04-22,3.845780007582646,3.909610318005817,3.8378010285504196,3.885673761367798,86381630.0
2021-04-26,3.8776953530945946,3.9096105098724365,3.8617377747056736,3.9096105098724365,66571317.0
2021-04-27,3.925567637204443,3.941525213759801,3.8537583524760137,3.869715929031372,79495641.0
2021-04-28,3.869715929031372,3.917588658697446,3.8617373309830105,3.869715929031372,55421089.0
2021-04-29,3.8936526775360107,3.9255678322323178,3.8776951001878572,3.8936526775360107,81252614.0
2021-04-30,3.90163127598076,3.9175888533289136,3.8776951001878572,3.8936526775360107,69132151.0
2021-05-03,3.893652836114849,3.989398304103246,3.893652836114849,3.981419324874878,97967919.0
2021-05-04,3.997377412738785,4.021313590281435,3.9255681191934686,3.94152569770813,68226802.0
2021-05-05,3.9574832762227907,3.96546187525078,3.917589139706797,3.94152569770813,51377122.0
2021-05-06,3.94950387041481,4.005355579416665,3.933546293622658,3.9893980026245117,105287850.0
2021-05-07,4.013334846989935,4.14897406925952,3.981419310649167,4.1090803146362305,142917317.0
2021-05-10,4.133016809975828,4.14099578979087,4.069186493290286,4.117059230804443,84063648.0
2021-05-11,4.069186403758202,4.069186403758202,4.005356088477083,4.021313667297363,64135157.0
2021-05-12,4.005355772119874,4.029292328689044,3.997377173569257,4.01333475112915,15501634.0
2021-05-17,4.037271085722784,4.101101398468018,4.037271085722784,4.101101398468018,66245924.0
2021-05-18,4.14897346496582,4.1808886161995105,4.140994867386705,4.14897346496582,61187269.0
2021-05-20,4.125037707615516,4.228762149810791,4.053228419871302,4.228762149810791,107759479.0
2021-05-21,4.260677397980005,4.27663497555654,4.180889129638672,4.180889129638672,77590210.0
2021-05-24,4.188868492888903,4.196847472638389,4.133016776018588,4.15695333480835,55069891.0
2021-05-25,4.172910658270666,4.236740970522362,4.0452500337672745,4.069186210632324,96272156.0
2021-05-26,4.117058976429253,4.180889289170998,4.085143820058382,4.172910690307617,71007174.0
2021-05-27,4.172910948133642,4.188868527305027,4.093123052276714,4.117059230804443,72572604.0
2021-05-28,4.101101367082126,4.164931679338864,4.09312276827937,4.140995502471924,71810112.0
2021-05-31,4.14897346496582,4.188867594237239,4.12503729176986,4.14897346496582,63417675.0
2021-06-01,4.164931772848599,4.2606776238420325,4.164931772848599,4.236741065979004,71171429.0
2021-06-02,4.188867824810932,4.2287619562783,4.164931269838785,4.204825401306152,60392094.0
2021-06-03,4.212804539073691,4.252698291590849,4.133016273122077,4.196846961975098,68377562.0
2021-06-04,4.188868236984085,4.228762372376925,4.172910658918683,4.212804794311523,50318378.0
2021-06-07,4.228762685333854,4.316529180959542,4.212805106087484,4.292593002319336,63716977.0
2021-06-08,4.3005713783804245,4.332486535215781,4.260677622565569,4.3085503578186035,59178863.0
2021-06-09,4.308550702813277,4.356423441899582,4.28461414304077,4.34844446182251,66898169.0
2021-06-10,4.36440131169178,4.444189577285271,4.34046513638065,4.404295444488525,65845198.0
2021-06-11,4.428231680066564,4.452167853646944,4.372379974281314,4.3963165283203125,60210127.0
2021-06-14,4.412274870329227,4.420253469421864,4.3404655762020745,4.37238073348999,41254390.0
2021-06-15,4.340465355491688,4.404295666821781,4.2925926219941175,4.388338088989258,73781920.0
2021-06-16,4.380358883674706,4.388337862408326,4.332486152648926,4.332486152648926,34086716.0
2021-06-17,4.316528599985221,4.340465155862435,4.196846961975098,4.196846961975098,81228287.0
2021-06-18,4.220783137393663,4.26067727036947,4.172910406097884,4.196846961975098,62236433.0
2021-06-21,4.1729104392921075,4.23674074819423,4.148973883224486,4.228762149810791,39676073.0
2021-06-22,4.244719855274227,4.308550166104737,4.220783298483455,4.284613609313965,39572780.0
2021-06-23,4.308550069698184,4.332486245494707,4.252698358741874,4.260677337646484,57249152.0
2021-06-24,4.276635263901064,4.348444177607728,4.268656284345499,4.300571441650391,57197723.0
2021-06-25,4.324507647048751,4.332486245494707,4.244719760295918,4.260677337646484,44780652.0
2021-06-28,4.284614057065892,4.3484443745668155,4.220783739564967,4.25269889831543,81530185.0
2021-06-29,4.252698581010176,4.268656159194769,4.204825846456396,4.244719982147217,74111274.0
2021-06-30,4.252698549245693,4.252698549245693,4.1968472162461214,4.212804794311523,88772758.0
2021-07-01,4.228762685333854,4.292593002319336,4.2207837054813195,4.292593002319336,51483207.0
2021-07-02,4.300571636441123,4.308550616358089,4.244720298857166,4.25269889831543,38615970.0
2021-07-05,4.2447196081456955,4.340465068817139,4.228762031367122,4.340465068817139,65463425.0
2021-07-06,4.340465321519993,4.38035907555973,4.284613609313965,4.284613609313965,91070232.0
2021-07-07,4.2606778438265955,4.308550581565706,4.23674128472769,4.292593002319336,134157911.0
2021-07-08,4.292592716700996,4.300571315563956,4.22078342464099,4.244719982147217,63066280.0
2021-07-09,4.252698581010176,4.268656159194769,4.228762403962623,4.244719982147217,36232136.0
2021-07-12,4.252698388567543,4.3005711209549915,4.212804635140666,4.220783233642578,73383583.0
2021-07-13,4.236740841385873,4.24471982040347,4.180889129638672,4.180889129638672,82353697.0
2021-07-14,4.188868078717612,4.260677367528113,4.188868078717612,4.220783233642578,39226963.0
2021-07-16,4.24471982040347,4.2526984189624075,4.1569529535032,4.180889129638672,37367793.0
2021-07-19,4.156953368962256,4.156953368962256,4.101101651633058,4.117059230804443,22137529.0
2021-07-26,4.133016234443621,4.140995213147571,4.061207328401294,4.093122482299805,38462720.0
2021-07-27,4.08514382028171,4.117058976654326,4.045250065045275,4.101101398468018,52530424.0
2021-07-28,4.101101366758172,4.13301652288402,4.0612076118301985,4.069186210632324,52782934.0
2021-07-29,4.10908059768752,4.172910913848626,4.101101617938034,4.15695333480835,61108703.0
2021-07-30,4.133016273122077,4.212804539073691,4.133016273122077,4.196846961975098,46328417.0
2021-08-02,4.228762149810791,4.252698325419761,4.188868016517638,4.228762149810791,50314686.0
2021-08-03,4.2287629700790195,4.292593291362537,4.21280538975814,4.2686567306518555,98292688.0
2021-08-04,4.276635452091089,4.348444368957648,4.276635452091089,4.324508190155029,117381992.0
2021-08-05,4.292592405299743,4.404295444488525,4.268655849529966,4.404295444488525,116612044.0
2021-08-06,4.396316841141946,4.436210593434106,4.324507554373952,4.332486152648926,95825148.0
2021-08-09,4.324507776292732,4.404295665430138,4.308550198465251,4.316528797149658,64535561.0
2021-08-10,4.324507839833559,4.404295730143304,4.30855026177161,4.380359172821045,54947154.0
2021-08-11,4.388338218096949,4.388338218096949,4.252698612300564,4.27663516998291,66500574.0
2021-08-12,4.316528860573249,4.404295730143304,4.30855026177161,4.380359172821045,77743440.0
2021-08-13,4.388338312133948,4.420253469421864,4.356423154846032,4.37238073348999,56160051.0
2021-08-16,4.3883379662911635,4.555892719077154,4.380358987368661,4.5000410079956055,131676123.0
2021-08-17,4.500041199174477,4.531956355303052,4.460147444243094,4.523977756500244,82280720.0
2021-08-18,4.555893428990947,4.563872028698045,4.452168969587676,4.484084129333496,86199965.0
2021-08-19,4.452168146724902,4.468125723648485,4.412274394645265,4.444189548492432,63147257.0
2021-08-20,4.436211298121505,4.468126457208381,4.396317539492264,4.460147857666016,47377569.0
2021-08-23,4.492062223026555,4.5957866619606325,4.484083244435331,4.547913551330566,86487452.0
2021-08-24,4.5718505225112835,4.611744658178984,4.5399353661605915,4.5558929443359375,67062287.0
2021-08-25,4.563871128054375,4.603765260093217,4.523977376474173,4.547913551330566,51009115.0
2021-08-26,4.563871287693164,4.58780784384547,4.515998555847206,4.539935111999512,54176746.0
2021-08-27,4.5479142178493115,4.57982937597425,4.5000414806619045,4.571850776672363,59034380.0
2021-08-31,4.611744563249525,4.723447608177617,4.603765584096757,4.6995110511779785,98583074.0
2021-09-01,4.707490190235845,4.731426367589886,4.6675960540342025,4.691532611846924,56904589.0
2021-09-02,4.691532705681618,4.77132059922205,4.683553726098231,4.715468883514404,52563023.0
2021-09-03,4.723447608177617,4.731426206871719,4.6596172967901355,4.6995110511779785,47164414.0
2021-09-06,4.715468883514404,4.763341619638663,4.707490284389705,4.715468883514404,50948480.0
2021-09-07,4.715468338460151,4.7394048939848314,4.627701855939822,4.651638031005859,47545635.0
2021-09-08,4.6516381833952485,4.65961716231775,4.5000410079956055,4.5000410079956055,81602319.0
2021-09-09,4.47610514594974,4.579829216003418,4.452168587962779,4.579829216003418,57532789.0
2021-09-10,4.595786852772354,4.611744430158703,4.4920624095317585,4.5000410079956055,57082067.0
2021-09-13,4.508020401000977,4.547914157901951,4.4362111059370575,4.508020401000977,69425166.0
2021-09-14,4.523977979853104,4.571850716409487,4.460147664444594,4.508020401000977,88208624.0
2021-09-15,4.492062825413763,4.523977983141214,4.4282325099588595,4.436211109161377,48409572.0
2021-09-16,4.460146930785183,4.484083104896715,4.404295223760562,4.420252799987793,52561040.0
2021-09-17,4.4521683693460945,4.46014734843618,4.380359079369976,4.428232192993164,44558226.0
2021-09-20,4.372381192966934,4.380359792898012,4.260678130720779,4.2686567306518555,55313553.0
2021-09-21,4.308550581565706,4.332486760205912,4.2606778438265955,4.292593002319336,53444737.0
2021-09-22,4.316529018006795,4.37238073348999,4.276635261626243,4.37238073348999,51763888.0
2021-09-23,4.380358943224007,4.420253076517159,4.21280457258526,4.228762149810791,144838058.0
2021-09-24,4.196847248044543,4.196847248044543,4.069186242095401,4.101101398468018,110507439.0
2021-09-27,4.140995502471924,4.14897410127468,4.085143789017942,4.140995502471924,57426382.0
2021-09-28,4.148973845526984,4.148973845526984,4.085143537204823,4.125037670135498,65235176.0
2021-09-29,4.1569529535032,4.2048256862328035,4.125037798350131,4.180889129638672,96418601.0
2021-09-30,4.196847560731473,4.276635457607627,4.133016862771846,4.25269889831543,142817527.0
2021-10-01,4.21280457258526,4.268655902645292,4.204825593743169,4.228762149810791,57970442.0
2021-10-04,4.244719950442327,4.260677528507729,4.212804794311523,4.212804794311523,75918221.0
2021-10-05,4.220782977801372,4.2287619562783,4.188867824810932,4.204825401306152,38405564.0
2021-10-06,4.196847311452894,4.204825910437256,4.140995596727637,4.164931774139404,60571243.0
2021-10-07,4.212804794311523,4.236740971180291,4.1968472162461214,4.212804794311523,82618566.0
2021-10-08,4.220783137393663,4.244719693270877,4.188867983196477,4.196846961975098,82177027.0
2021-10-11,4.21280482577803,4.276635138516403,4.204825846456396,4.244719982147217,65426338.0
2021-10-12,4.220783487556545,4.276635202264491,4.212804888574656,4.236741065979004,80628129.0
2021-10-13,4.2606773340532005,4.268655932492428,4.172910468469776,4.188868045806885,83160348.0
2021-10-14,4.180889066909003,4.212804602041874,4.156952891132668,4.188868045806885,50738067.0
2021-10-15,4.20482584690836,4.20482584690836,4.061207643231584,4.101101398468018,93688964.0
2021-10-18,4.1011011094814425,4.109080088241691,4.045249779994299,4.053228378295898,89035160.0
2021-10-19,4.077165221195001,4.180889289170998,4.077165221195001,4.172910690307617,96837740.0
2021-10-20,4.1729104392921075,4.23674074819423,4.156952862066577,4.228762149810791,80987360.0
2021-10-21,4.228762403962623,4.300571315563956,4.0771652209796505,4.244719982147217,152758302.0
2021-10-22,4.236741403954464,4.38035962121338,4.228762804336102,4.34844446182251,127324802.0
2021-10-25,4.31652836428148,4.4441893545579525,4.308549766397179,4.420252799987793,152444701.0
2021-10-26,4.4521684646606445,4.484083620786919,4.436210886597507,4.4521684646606445,91973826.0
2021-10-27,4.468125827722958,4.635680579552701,4.452168250427681,4.611744403839111,200007325.0
2021-10-28,4.611744469421671,4.7074899345549115,4.587807912909032,4.675574779510498,64075060.0
2021-11-01,4.707490314553601,4.779299228970771,4.675575156932927,4.747384071350098,118833867.0
2021-11-02,4.763341365121347,4.875044790568043,4.755362766422964,4.843129634857178,141654912.0
2021-11-03,4.835151060199578,4.962811693722884,4.707490426676273,4.946854114532471,150783476.0
2021-11-04,5.026642099773485,5.090472412837748,4.970790385612917,5.042599678039551,134145679.0
2021-11-05,5.0505781173706055,5.066535695132493,4.954832650799283,5.0505781173706055,122398297.0
2021-11-08,5.058557128640627,5.082493305206299,5.010684395050614,5.082493305206299,96170826.0
2021-11-09,5.082493658717351,5.138345375353111,5.018663342824306,5.026642322540283,120695825.0
2021-11-10,5.026642161402374,5.1303662311741665,5.0027056034804644,5.1064300537109375,142729245.0
2021-11-11,5.082493658717351,5.106430217406589,5.0106847435670225,5.026642322540283,99050441.0
2021-11-12,5.050578530612854,5.106430247578622,5.042599931308428,5.058557510375977,72577034.0
2021-11-15,5.465475653819754,5.561221122741699,5.385687763051467,5.561221122741699,174071198.0
2021-11-16,6.111758556061819,6.111758556061819,5.56122150157023,5.609094619750977,393995693.0
2021-11-17,5.585157649001046,5.7527124089077715,5.56122109167494,5.672924518585205,113367436.0
2021-11-18,5.680902992228107,6.111757970936164,5.609094082749206,5.784627437591553,408721430.0
2021-11-19,5.832499913289481,5.864415067306658,5.720796874229361,5.768669605255127,112590112.0
2021-11-22,5.824521764810914,5.848457941942935,5.720797316015686,5.736754894256592,86075265.0
2021-11-23,5.720797153604184,5.768669886967811,5.441539352087021,5.505369663238525,291014756.0
2021-11-24,5.545263006933757,5.65696642363756,5.513347853720853,5.569199562072754,363469148.0
2021-11-25,5.585157746651683,5.593136726052779,5.449518140502468,5.4574971199035645,168362967.0
2021-11-26,5.401645050581212,5.401645050581212,5.186217566868114,5.273984432220459,159358876.0
2021-11-29,5.281963571819484,5.329836308609725,5.186218098239004,5.266005992889404,127200083.0
2021-11-30,5.2261116965354235,5.2739844283859,5.170259985813876,5.202175140380859,209301216.0
2021-12-01,5.258027419504946,5.417603209590305,5.24206984049641,5.369730472564697,162163561.0
2021-12-02,5.385687165413131,5.4654750473275255,5.377708186992376,5.433559894561768,109060822.0
2021-12-03,5.465475275100911,5.52132698499792,5.42558152271046,5.4894118309021,136373993.0
2021-12-06,5.505369819534113,5.744733493147707,5.489412241293207,5.736754894256592,131559340.0
2021-12-07,5.800584501819689,5.8245210564994965,5.656966315116728,5.752711772918701,187657853.0
2021-12-08,5.792607010876943,5.952182804375466,5.7766490510683886,5.912288665771484,209192363.0
2021-12-09,5.936224682995323,6.039949129527746,5.880372970141248,5.920267105102539,167332237.0
2021-12-10,5.904309234480702,5.904309234480702,5.696860351700938,5.80058479309082,159598791.0
2021-12-13,5.800585081735153,6.071864286420605,5.744733368870893,5.992076396942139,185683661.0
2021-12-14,6.0160128790103,6.406973747534563,6.0160128790103,6.311228275299072,237433520.0
2021-12-15,6.42293118783622,6.510697673399379,6.247397455792589,6.279312610626221,170927211.0
2021-12-16,6.383037127746527,6.558570861816406,6.351121972544488,6.558570861816406,255865289.0
2021-12-17,6.646337720255136,6.973468269608322,5.9043097496032715,5.9043097496032715,449895318.0
2021-12-20,5.58515758785188,6.271334198030681,5.433560407669432,5.8484578132629395,234594065.0
2021-12-21,6.430910286112301,6.430910286112301,5.736754704452731,5.784627437591553,261765372.0
2021-12-22,5.784627565057172,6.095800527545613,5.736754830863464,6.055906772613525,168090630.0
2021-12-23,6.175588514161334,6.223461629560176,5.904309682833738,6.079843044281006,139365923.0
2021-12-24,6.095800622594394,6.1277157792211705,6.031970309340842,6.079843044281006,67609854.0
2021-12-27,6.079842670569746,6.2713339790186335,6.079842670569746,6.247397422790527,119223114.0
2021-12-28,6.21548268781235,6.21548268781235,5.872394561767578,5.872394561767578,90322870.0
2021-12-29,5.79260673220893,5.928245959928056,5.69686088025721,5.864415645599365,113406667.0
2021-12-30,5.880373384565072,6.000055417424962,5.8564372062683105,5.8564372062683105,97992400.0
2021-12-31,5.864415844070884,5.928246160559806,5.688882473726346,5.744733810424805,51493549.0
2022-01-03,5.744733366749895,5.880372969042543,5.728775788860094,5.8484578132629395,94514821.0
2022-01-04,5.848457524395693,5.93622438868395,5.720796907582699,5.80058479309082,121714202.0
2022-01-05,5.800585489478043,5.864415805547666,5.752712752425826,5.8564372062683105,83950950.0
2022-01-06,5.8085642172813285,5.904309687232996,5.784627659564073,5.840479373931885,115505011.0
2022-01-07,5.864415546820929,6.079843044281006,5.864415546820929,6.079843044281006,151522796.0
2022-01-10,6.159630904062611,6.231440196331641,6.0479278564453125,6.0479278564453125,104575255.0
2022-01-11,6.095800782819847,6.175588676483977,5.976118752094307,6.071864604949951,176004201.0
2022-01-12,6.127715715589082,6.143673293736761,6.0718643823015395,6.087821960449219,144694957.0
2022-01-13,6.087821254541713,6.127715005055733,6.023990949352377,6.0319695472717285,179560357.0
2022-01-14,6.039949130629219,6.047927729347731,5.952182261973572,5.992076396942139,136876364.0
2022-01-17,6.111758230963577,6.1995251023481615,6.047927917396127,6.183567523956299,361919287.0
2022-01-18,6.1755889152734,6.279313371276792,5.90431006632591,5.912288665771484,269355957.0
2022-01-19,5.960161074354737,6.287292003631592,5.9282459174192415,6.287292003631592,229385818.0
2022-01-20,6.343143306705624,6.406973620261308,6.087822052482888,6.255376815795898,285889396.0
2022-01-21,6.23144031923616,6.335164770013064,6.167610005053046,6.319207191467285,137583877.0
2022-01-24,6.303249488600671,6.383037379755884,6.039949257559129,6.0479278564453125,177742629.0
2022-01-25,6.119736767489098,6.191546055284812,6.023991304067246,6.143672943115234,84985361.0
2022-01-26,6.175588097589185,6.247397385384899,6.135694344726073,6.143672943115234,68170806.0
2022-01-27,6.063885433835203,6.20750401835334,6.031970277377544,6.191546440124512,97453965.0
2022-01-28,6.215481944286005,6.3032488052713544,6.159630236302849,6.167609214782715,141337844.0
2022-01-31,6.239419852236417,6.414953231811523,6.223462272275044,6.414953231811523,160333213.0
2022-02-01,6.454846379314176,6.486761534328991,6.359100533811073,6.383037090301514,112835063.0
2022-02-02,6.470803674704299,6.526655767517036,6.438888519204447,6.478782653808594,232297310.0
2022-02-03,6.4149523702297495,6.478782681502298,6.199524879455566,6.199524879455566,123197374.0
2022-02-04,6.2553771030402965,6.319207419527043,6.183567806763358,6.231440544128418,78419045.0
2022-02-07,6.215482679594256,6.27931299314994,6.016012759503404,6.255376815795898,151808762.0
2022-02-08,6.271334455829949,6.406973683239726,6.223461720192613,6.319207191467285,135203536.0
2022-02-09,6.359100101304441,6.486761093139648,6.34314252488237,6.486761093139648,115714281.0
2022-02-10,6.494741512077106,6.526656671999853,6.383038071888777,6.414953231811523,105973396.0
2022-02-11,6.3750582082047424,6.478782653808594,6.255376565309629,6.478782653808594,112722372.0
2022-02-14,6.367080211639404,6.422931929274896,6.207504419050427,6.367080211639404,110933367.0
2022-02-15,6.383037155293353,6.494740579441223,6.327185443219418,6.4468674659729,91902431.0
2022-02-16,6.454846572075507,6.486761728043406,6.335164546966553,6.335164546966553,49886303.0
2022-02-17,6.367079864518345,6.430910558532709,6.255376815795898,6.255376815795898,92974315.0
2022-02-18,6.311228305569859,6.343143463134766,6.2633555692225,6.343143463134766,60183916.0
2022-02-21,6.414952662741957,6.454846799335745,6.263355476327718,6.319207191467285,86841045.0
2022-02-22,6.199524974584651,6.327185599088645,6.159630839197816,6.2952704429626465,97664226.0
2022-02-23,6.319207065955145,6.327185664840221,6.191546440124512,6.191546440124512,47040489.0
2022-02-24,5.720796567232711,5.872393730908425,5.577178001403809,5.577178001403809,93053605.0
2022-02-25,5.728776137959089,5.784627854206209,5.5452637908142,5.720797538757324,155773568.0
2022-02-28,5.577179080810913,5.617073219141968,5.481433605366819,5.609094619750977,164353268.0
2022-03-01,5.656966716052494,5.856436624173289,5.585157427382239,5.617072582244873,212341953.0
2022-03-02,5.617072773557947,5.704839642648791,5.6011151955831275,5.641009330749512,104159123.0
2022-03-03,5.6968607902526855,5.7447335252428635,5.648988055262508,5.6968607902526855,79912395.0
2022-03-04,5.664945539000012,5.680903117063614,5.6011152267456055,5.6011152267456055,75782608.0
2022-03-07,5.561221091031339,5.60909420567801,5.481433200718007,5.529305934906006,79921712.0
2022-03-08,5.4973906841152544,5.577178573054635,5.473454507662773,5.505369663238525,90462040.0
2022-03-09,5.553242554721305,5.696860758901474,5.545263575370847,5.664945602416992,87365885.0
2022-03-10,5.752712637820423,5.776648815640328,5.585157871246338,5.585157871246338,128621925.0
2022-03-11,5.672924263596024,5.720796995637759,5.61707255265134,5.656966686248779,98955479.0
2022-03-14,5.66494493978775,5.736754223707632,5.648987363412068,5.712817668914795,107920596.0
2022-03-15,5.696860980234647,5.752712696481767,5.664945822510205,5.720797538757324,159193701.0
2022-03-16,5.752712344822555,5.816542656369538,5.712818209876357,5.77664852142334,134444830.0
2022-03-17,5.816542877657778,5.95218248508481,5.808564278640195,5.9043097496032715,134147613.0
2022-03-18,5.912288348620854,5.936224906590964,5.832500456151624,5.9043097496032715,68710246.0
2022-03-21,5.936224684077879,6.031970151452038,5.912288127005006,5.992076396942139,63614163.0
2022-03-22,5.99207630277183,6.079842789589487,5.976118344668261,6.06388521194458,102167007.0
2022-03-23,6.087821992252257,6.111758169369483,6.008034101097043,6.0479278564453125,113663377.0
2022-03-24,6.063885306137587,6.087821863206095,5.912288125926814,5.920267105102539,106511448.0
2022-03-25,5.928245409903814,5.9601605641070625,5.80058479309082,5.80058479309082,98154092.0
2022-03-28,5.808563801091264,5.840478955455064,5.760690689086914,5.760690689086914,69997174.0
2022-03-29,5.792606890198687,5.872394785285716,5.776648930722588,5.8564372062683105,128703834.0
2022-03-30,5.908351732037261,6.031957494079038,5.9001111645329285,6.023716926574707,161854829.0
2022-03-31,6.040196773664567,6.064918079582676,5.933071769572473,5.982514381408691,135836035.0
2022-04-01,6.040197668651484,6.081399720309372,5.957793958267595,6.023716926574707,297771016.0
2022-04-04,6.056677890109516,6.378052529447971,6.031956975585247,6.361571788787842,360112135.0
2022-04-05,6.402773950984963,6.501658396707606,6.295648938319503,6.328610420227051,259379157.0
2022-04-06,6.345091294178795,6.4192548264912315,6.279168328981903,6.336851119995117,173424661.0
2022-04-07,6.386293686498071,6.625264644622803,6.386293686498071,6.625264644622803,216168540.0
2022-04-08,6.691187104559664,7.004321575164795,6.691187104559664,7.004321575164795,257616417.0
2022-04-11,7.119687369326351,7.539946079254151,7.103206234967275,7.53994607925415,320239351.0
2022-04-12,7.515224323277176,7.622349327041944,7.2927345353531585,7.506983757019043,365032939.0
2022-04-13,7.622349668462912,7.638830801717402,7.358657823300575,7.40809965133667,240843754.0
2022-04-14,7.490503684367796,7.638830738985354,7.441061070874049,7.614109039306641,235041149.0
2022-04-15,7.622349634976068,7.787157037478489,7.564667240566142,7.745954990386963,125545467.0
2022-04-18,7.745955391780868,7.9190033698416435,7.68827299438185,7.861320972442627,194080637.0
2022-04-19,7.902522023899795,7.95196384803824,7.64706997963908,7.729474067687988,216521117.0
2022-04-20,7.762436883961516,7.844840986216706,7.680032781706325,7.803638935089111,138963874.0
2022-04-21,7.820118791023206,7.902522888083448,7.811878224144439,7.8530802726745605,139721344.0
2022-04-22,7.828358689000453,7.877801300184669,7.506983680962153,7.531705379486084,165883544.0
2022-04-25,7.638829934517059,7.7871561876502495,7.5481852836352,7.7129926681518555,226878639.0
2022-04-26,7.7459559004903875,7.762437035608906,7.399859921639257,7.441061973571777,181221973.0
2022-04-27,7.4740231135453294,7.564667780792764,7.375138664982098,7.53994607925415,168630857.0
2022-04-28,7.60586892454167,7.655311540972347,7.383379115262944,7.391619682312012,189639340.0
2022-04-29,7.424581145506134,7.490504110001288,7.251533167240424,7.350417613983154,170667131.0
2022-05-05,7.4493021385438905,7.482263621135794,7.235052108764648,7.235052108764648,178224317.0
2022-05-06,7.169128684332831,7.276253692360119,7.127926637266384,7.185609817504883,184862814.0
2022-05-09,7.177369095582691,7.18560966199037,7.045523176514482,7.136167049407959,168754155.0
2022-05-10,7.169128684332831,7.210330731399278,7.127926637266384,7.185609817504883,35795733.0
2022-05-11,7.152648888707369,7.160888670065245,6.897196805883358,6.97960090637207,125765327.0
2022-05-12,6.93015790108554,6.954878815503242,6.6747066184206565,6.814793109893799,167848753.0
2022-05-13,6.855994584579479,6.872475718611509,6.765350704994489,6.798312187194824,90389123.0
2022-05-16,6.79831193658652,6.79831193658652,6.55110043626518,6.5675811767578125,110331230.0
2022-05-17,6.592302341732126,6.600542908266574,6.4110142002245025,6.468696594238281,170796240.0
2022-05-18,6.460456410117061,6.757109732101085,6.4192543633755825,6.68294620513916,192717592.0
2022-05-20,6.641745779738056,6.798312634014076,6.6005437278137,6.625264644622803,207454392.0
2022-05-23,6.66646587936297,6.7323888400155045,6.575821611999814,6.724148273468018,151701326.0
2022-05-24,6.757109880864192,6.765350447566646,6.625263957079712,6.641745090484619,106448920.0
2022-05-25,6.658225444568513,6.773591020925145,6.54286026114373,6.732388973236084,153301031.0
2022-05-26,6.7488694190979,6.798312034217697,6.682946456180644,6.7488694190979,111532105.0
2022-05-27,6.748869314161738,6.781830795107859,6.617023390377258,6.641745090484619,160000957.0
2022-05-30,6.682946344928946,6.847754535342216,6.682946344928946,6.781830787658691,161825185.0
2022-05-31,6.798312190319635,6.905437203985895,6.78183105628003,6.888956069946289,185464171.0
2022-06-01,6.905437241811925,7.0537643055259664,6.897196674746983,6.971360206604004,188818733.0
2022-06-02,6.987840156341916,7.292734833446286,6.971359809015662,7.276253700256348,317244687.0
2022-06-03,7.276254540841127,7.284495108388082,7.119687686767853,7.21857213973999,161865543.0
2022-06-06,7.251533445330569,7.523465880767387,7.2432928779867245,7.498744964599609,459839593.0
2022-06-07,7.482263035342482,7.482263035342482,7.259773241731996,7.309215068817139,151526907.0
2022-06-08,7.342176808744502,7.3751382899226705,6.814793109893799,6.814793109893799,189772559.0
2022-06-09,6.79831185116391,6.9219172068395975,6.740629456630414,6.897196292877197,126506877.0
2022-06-10,6.798312374326551,7.193850171618226,6.790071807083705,7.020802974700928,216877641.0
2022-06-13,6.98784065246582,7.160888633927833,6.971360303969492,6.98784065246582,121995833.0
2022-06-14,7.045523504883968,7.062003852603757,6.897196446087346,6.946639060974121,90851858.0
2022-06-15,6.946638737213326,7.160887962767331,6.880715777679222,7.136167049407959,131201730.0
2022-06-16,7.136167754264129,7.169129237286865,6.930158288906094,6.97960090637207,99752058.0
2022-06-17,6.971360442549907,7.498744964599609,6.971360442549907,7.498744964599609,224347353.0
2022-06-20,7.482263333962787,7.50698424849198,7.32569649412629,7.457542419433594,125580397.0
2022-06-21,7.490504150964502,7.663552130176556,7.482263583891611,7.523465633392334,149857458.0
2022-06-22,7.482263697633383,7.5976292808163945,7.424581298973748,7.490504264831543,141665666.0
2022-06-23,7.482263994636813,7.531706613924621,7.235052469925316,7.268013954162598,146854296.0
2022-06-24,7.309215194345393,7.333936108312521,7.160888138815257,7.22681188583374,101213314.0
2022-06-27,7.078485012054443,7.078485012054443,7.078485012054443,7.078485012054443,2192235.0
2022-06-28,7.045523852879734,7.1114468187423965,6.814793472360417,6.847754955291748,143778340.0
2022-06-29,6.839514092470343,6.905437055483633,6.608783721923828,6.608783721923828,145541973.0
2022-06-30,6.534619799136096,6.699427599601175,6.526379625225362,6.608783721923828,119266966.0
2022-07-01,6.608783485257922,6.790071234120553,6.575821611999814,6.724148273468018,71055459.0
2022-07-04,6.78183110816978,6.806552809418341,6.5263798155111665,6.551100730895996,57735709.0
2022-07-05,6.5593409251227275,6.666465933519268,6.411014262449564,6.427495002746582,89695917.0
2022-07-06,6.493418446518368,6.534620103857054,6.378052862933554,6.518139362335205,95052100.0
2022-07-07,6.551100428485017,6.715907833215618,6.534619688011957,6.641745090484619,83903050.0
2022-07-08,6.649985102137551,6.691187151216206,6.617023620047371,6.666466236114502,19931491.0
2022-07-13,6.682946310129526,6.682946310129526,6.476937251981209,6.559340953826904,61904761.0
2022-07-14,6.551100845378903,6.600543462876321,6.443976221952822,6.518139362335205,64265076.0
2022-07-18,6.617023436961086,6.831273457551033,6.617023436961086,6.814793109893799,87714847.0
2022-07-19,6.790071550140698,7.03728305702514,6.7406297202820395,7.004321575164795,106346801.0
2022-07-20,7.037282733320637,7.062003647112841,6.9219171591842175,7.0537638664245605,109726652.0
2022-07-21,7.070244789123536,7.144408322400119,6.987840688624278,7.070244789123535,85802698.0
2022-07-22,7.10320594669309,7.177369476571621,7.078485032021483,7.119687080383301,59791572.0
2022-07-25,7.119687000358537,7.42458089742707,7.119687000358537,7.375138282775879,117580106.0
2022-07-26,7.416340043251484,7.449301523120277,7.127926505001792,7.177369117736816,120641742.0
2022-07-27,7.251532786335126,7.309215180772538,7.160888125517838,7.276253700256348,90088966.0
2022-07-28,7.300974553759747,7.317455686813298,6.987840098515377,7.012561798095703,159099532.0
2022-07-29,7.0290422854318475,7.136167294824773,6.946638976112154,7.111446380615234,134148977.0
2022-08-01,7.119687589818855,7.325697060504847,7.1114470223841115,7.292735576629639,122757375.0
2022-08-02,7.2927354262579325,7.3504178253842305,7.2268124598668075,7.243292808532715,106381208.0
2022-08-03,7.268013286836488,7.342176816026853,7.177369409972544,7.3256964683532715,98269396.0
2022-08-04,7.391618972859794,7.515224323277176,7.375137840343529,7.506983757019043,141220028.0
2022-08-05,7.523465432313002,7.92724377772812,7.474022817060839,7.721234321594238,277626977.0
2022-08-08,7.762435980423536,7.803638026755263,7.564667101067646,7.647070407867432,172762080.0
2022-08-09,7.647070329729313,7.8778014724839,7.572906804262744,7.811877727508545,165134505.0
2022-08-10,7.820118981754454,8.116773109715696,7.795398066378928,8.075571060180664,226533294.0
2022-08-11,8.15797486549834,8.413426959334119,8.100292464187975,8.29806137084961,339964063.0
2022-08-12,8.30630038268755,8.561752428678119,8.149733557370746,8.240377426147461,244899840.0
2022-08-15,8.331022431987005,8.512310980147303,8.207417068069919,8.421667098999023,183479528.0
2022-08-16,8.504069875495711,8.776002287617002,8.133253021317921,8.7183198928833,273796452.0
2022-08-17,8.78424393224283,9.377551443255266,8.652397993320907,9.319869041442871,481702489.0
2022-08-18,9.295145696880189,9.558838314017029,8.8913673837772,9.097376823425293,381002519.0
2022-08-19,9.105618157900773,9.196262036083057,8.693599243840682,8.734801292419434,236474360.0
2022-08-22,8.652397684308637,8.973772738351052,8.512311182741206,8.866647720336914,318682682.0
2022-08-23,8.91608939956186,9.558839496604628,8.858407000800488,9.459954261779785,497489472.0
2022-08-24,9.517636511927872,9.624761517583735,9.089136489304423,9.122097969055176,331114633.0
2022-08-25,9.212743388284881,10.020300101774433,9.122098722089792,9.871973037719727,454491050.0
2022-08-26,9.896694738971332,10.54768460718604,9.797810291556104,9.871973037719727,700503627.0
2022-08-29,9.913174388416323,10.077981789156441,9.59180015343901,9.797809600830078,251885158.0
2022-08-31,9.81429026613162,10.053261201417664,9.600040245292078,9.657723426818848,304096832.0
2022-09-01,9.674204988661021,10.094464516314913,9.47643607654053,9.764849662780762,440172559.0
2022-09-02,9.970857570961815,10.737212181091309,9.814289950815585,10.737212181091309,434411274.0
2022-09-05,11.124510418606583,11.808461737029596,10.728972647604033,11.693096160888672,499673234.0
2022-09-06,11.948548626488455,12.854990560774446,11.783741216399289,12.830268859863281,512307492.0
2022-09-07,12.83026804890515,13.234046374568065,12.253441757120461,12.929152488708496,516399862.0
2022-09-08,13.267009388918792,13.374133615352171,12.393528942576788,12.484172821044922,932824945.0
2022-09-09,12.56657651588988,13.415336020162004,12.434730592936766,13.118681907653809,988525278.0
2022-09-12,13.563661959454489,14.428902626037598,13.18460531118703,14.428902626037598,700107192.0
2022-09-13,14.791479727309005,15.77208361668784,12.986836433410645,12.986836433410645,794925474.0
2022-09-14,12.81378808378995,12.87971104562371,11.693096160888672,11.693096160888672,238222865.0
2022-09-15,11.742539102699904,12.1298371036729,10.531203269958496,10.531203269958496,245851404.0
2022-09-16,9.904935345464434,10.349915753535285,9.657723833010909,10.045021057128906,619918664.0
2022-09-19,10.102703405085048,10.15214523196621,9.113858222961426,9.113858222961426,386559482.0
2022-09-20,9.394031273948489,9.789569854736328,9.023214394741212,9.789569854736328,286853919.0
2022-09-21,9.740126825621225,9.95437684841171,9.492916107177734,9.492916107177734,173237170.0
2022-09-22,9.558837990521802,9.88021220254398,9.369308903810602,9.575318336486816,223342103.0
2022-09-23,9.575318960912837,9.66596283429054,9.270425074972923,9.295145988464355,130620157.0
2022-09-26,9.229222842795844,9.361068759914353,8.841924871862481,9.352828979492188,167707342.0
2022-09-27,9.410512723339735,10.168627641518205,9.328108620373644,9.740127563476562,216355871.0
2022-09-28,9.674203821534729,9.929655891603007,9.41051197052002,9.41051197052002,194449965.0
2022-09-29,9.50115630992529,9.665963724824826,9.031454980995681,9.278666496276855,173041320.0
2022-09-30,9.295146121662635,9.50939613729502,9.13857928615508,9.303386688232422,140480281.0
2022-10-03,9.352830079712412,10.226309776306152,9.303387462044961,10.226309776306152,174172001.0
2022-10-04,10.588887628327996,10.819618026800924,10.176868666694437,10.201589584350586,313101245.0
2022-10-05,10.300472943827657,10.316954077752367,9.921415508060251,10.193347930908203,182098868.0
2022-10-06,10.333434512128777,10.638328419509216,10.259270980575534,10.630087852478027,198534900.0
2022-10-07,10.630087488211599,10.753693631852576,10.44055916817128,10.597126007080078,162789566.0
2022-10-10,10.621847107156793,10.745452457949956,10.490000404216788,10.539443016052246,131196257.0
2022-10-11,10.59712608762161,10.902019986871391,10.498241643475497,10.761934280395508,244322831.0
2022-10-12,10.761934969600166,10.811376801907674,10.564165282778871,10.654809951782227,166625154.0
2022-10-13,10.66304855608712,10.778414128508196,10.564164116524914,10.720731735229492,200445586.0
2022-10-14,11.042106667285191,11.231635777857836,10.96794392231021,11.124510765075684,208453747.0
2022-10-17,11.206914138281395,12.236961364746094,11.206914138281395,12.236961364746094,106202500.0
2022-10-18,13.11044127442001,13.14340275499089,12.187519032571723,12.434730529785156,332294636.0
2022-10-19,12.54185555426522,13.1022007246921,12.311124404108114,12.945633888244629,372716155.0
2022-10-20,12.929154068442298,13.308211526934992,12.780827783546037,12.978596687316895,332866859.0
2022-10-21,13.003316737691746,13.102201182990637,12.789067499142671,12.813788414001465,157792867.0
2022-10-24,12.945633467033925,13.159883476981486,12.583057192084228,12.7396240234375,156267237.0
2022-10-25,12.822028749543108,13.093961165674129,12.698422605752109,12.789067268371582,227496847.0
2022-10-26,12.920913566891365,13.135162807773193,12.871470950771728,13.003316879272461,225597222.0
2022-10-27,12.937394534762257,12.970356018466394,12.500654679216495,12.55009651184082,239917551.0
2022-10-28,12.541856561352265,12.624259876570616,12.0721544425663,12.09687614440918,121296498.0
2022-10-31,12.18752035726797,12.220481841421526,11.701337876605189,12.047433853149414,239419576.0
2022-11-01,12.16279884187498,12.533615716814053,11.940308245393297,11.989750862121582,211681497.0
2022-11-02,12.014470777564824,12.129836349752887,11.857903945040144,11.90734577178955,156588495.0
2022-11-03,11.882625265558497,12.00623062253087,11.651894899140343,11.693096160888672,132025474.0
2022-11-04,11.80022090671496,12.113355361361666,11.660134419481862,12.006230354309082,174753889.0
2022-11-07,12.171039046205609,12.624259221031572,12.162798479352556,12.55833625793457,192680049.0
2022-11-08,12.599539032877395,12.846750551678243,12.34408694674831,12.533616065979004,201986838.0
2022-11-09,12.558336307150165,12.673701885953887,12.24520183828039,12.311124801635742,154904351.0
2022-11-10,12.319365268691351,12.797307142076514,12.311124701872782,12.714903831481934,188682288.0
2022-11-11,13.019797214253392,13.093960740949633,12.269922952526807,12.344085693359375,149972527.0
2022-11-14,12.393529660712108,12.55009651184082,12.278164074815747,12.55009651184082,164014762.0
2022-11-15,12.690181611836254,13.34941278480418,12.467691817883477,13.341172218322754,344700239.0
2022-11-16,13.390614600473393,14.41242131060992,13.151643663653338,13.736710548400879,407931462.0
2022-11-17,13.827355404360969,13.917998497221552,12.945634388612685,13.07748031616211,210950481.0
2022-11-18,12.89619058719075,13.49773777279546,12.887950806874253,13.390613555908203,185619645.0
2022-11-21,13.514219724906903,13.646065648332149,13.151643435487474,13.621345520019531,183439934.0
2022-11-22,13.802634240202527,14.066326105553879,13.497739538560344,13.983922004699707,250613064.0
2022-11-23,14.016883680325579,14.6513931867949,13.852075485594417,14.527786254882812,265039721.0
2022-11-24,14.626671605257805,14.725556837247792,14.049844490725675,14.17345142364502,282858724.0
2022-11-25,14.008643339860502,14.231133934825817,13.843835142465279,13.860316276550293,150982096.0
2022-11-28,13.950960489200295,14.58546998531903,13.90975765532592,14.412421226501465,189918332.0
2022-11-29,14.494825761390242,14.626671690325402,14.132248670954828,14.519547462463379,160236590.0
2022-11-30,14.585470174194349,14.733795662880635,14.264094352722168,14.264094352722168,211305964.0
2022-12-01,14.544267648982641,14.585470484266503,14.124008159451984,14.362979888916016,180876231.0
2022-12-02,14.371219993777684,14.41242125600901,13.720229362776381,13.893278121948242,132822767.0
2022-12-05,13.967441031956906,14.025123425213783,13.407095088786086,13.415335655212402,203224738.0
2022-12-06,13.48125986547291,13.670788195677607,13.258769266505233,13.374134063720703,271898082.0
2022-12-07,13.398856197227794,13.54718326798782,12.838510184013263,12.978596687316895,221098224.0
2022-12-08,12.986834920152672,13.43181448071202,12.82202752997076,13.349411964416504,195190270.0
2022-12-09,13.390614600473393,13.761432248869776,13.275249808406702,13.736710548400879,167745783.0
2022-12-12,13.736711033393501,14.58547058539656,13.547182704955986,14.470104217529297,292277315.0
2022-12-13,14.297056986308165,14.651393512651646,14.12400822081898,14.387700080871582,254504148.0
2022-12-14,14.453623350938305,15.055170550431368,13.926238105324163,14.247613906860352,364856828.0
2022-12-15,14.676112949421254,15.376545401951976,14.577229292433028,15.244699478149414,323169448.0
2022-12-16,15.376545128418805,15.6567181044471,15.376545128418805,15.46718978881836,73080982.0
2022-12-19,15.631996205827773,16.89277458190918,15.631996205827773,16.89277458190918,314036668.0
2022-12-20,16.892773723602293,16.892773723602293,16.05225484892071,16.480754852294922,243242290.0
2022-12-21,16.66204515203239,17.63441008931829,16.282988486569753,16.439556121826172,276352314.0
2022-12-22,16.678525278147816,16.89277529982607,16.142901009815887,16.35715103149414,196870961.0
2022-12-23,16.365391155918882,16.596120733237463,16.076977612543292,16.250024795532227,158386819.0
2022-12-26,16.497237163343627,16.727966741859493,16.348910107596357,16.414833068847656,122519583.0
2022-12-27,16.480757980184755,16.645566188677627,16.118180864536974,16.17586326599121,138334048.0
2022-12-28,16.19234359987107,16.25826656566036,15.483672110568087,15.763843536376953,144809015.0
2022-12-29,15.796803838549419,16.34890919769946,15.796803838549419,16.258264541625977,126876655.0
2022-12-30,16.381872006816366,16.546680207925636,16.076978878009953,16.109939575195312,137204309.0
2023-01-02,16.233544421395468,16.695005124657744,16.2088227228944,16.497236251831055,146707509.0
2023-01-03,16.645562901529622,16.69500472562274,16.101698121323565,16.134658813476562,167143625.0
2023-01-04,16.175863530063488,16.5466812193623,15.928652785016006,16.192344665527344,200222323.0
2023-01-05,16.39011301229778,16.447795412710136,15.574315695621115,15.714402198791504,206043002.0
2023-01-06,14.915083825612994,15.747362154904259,14.437141985911081,15.409506797790527,196879074.0
2023-01-09,15.574314477866496,15.599036178279176,14.42066184464072,14.67611312866211,164022143.0
2023-01-10,14.750278306382759,15.03869188984866,14.016885067858034,14.033366203308105,183185741.0
2023-01-11,14.058084308271312,14.338257283625016,13.267008781433105,13.267008781433105,188456919.0
2023-01-12,13.60486435903376,13.81911437709658,12.583057668699263,13.720229148864746,217774043.0
2023-01-13,13.679028801952802,13.983921930244126,13.398855803576863,13.637825965881348,138549057.0
2023-01-16,13.868555452460711,14.264093200460557,13.860314886244803,14.231132507324219,208493022.0
2023-01-17,14.255854936902066,14.651394320518166,14.074567166051704,14.43714427947998,202278413.0
2023-01-18,14.461862950290413,14.774998198549659,14.091046878481173,14.305296897888184,239337946.0
2023-01-19,14.264095146491599,14.709076352495076,14.17345204920488,14.494826316833496,206900775.0
2023-01-20,14.55250837934487,15.475431467603318,14.511307115326112,15.417747497558594,286389616.0
2023-01-23,15.780323371042451,16.250024660071094,15.104612634423889,15.30238151550293,326720804.0
2023-01-24,15.335344191352617,15.582554906375789,14.84916175630997,15.08813190460205,246304599.0
2023-01-25,15.21997734430677,15.327103136673147,14.016882930961787,14.618430137634277,256574489.0
2023-01-26,14.618430307269824,14.618430307269824,14.025123660181217,14.049843788146973,322416904.0
2023-01-27,13.89327790533861,14.016883261832865,13.20932658956119,13.720229148864746,262508754.0
2023-01-30,13.769672751289725,14.313539219048973,13.744952619842204,14.033366203308105,269241577.0
2023-01-31,14.0333645846662,14.420661792705571,13.744951034466608,13.992161750793457,276185058.0
2023-02-01,14.18169030023465,14.255853830674745,12.813788414001465,12.813788414001465,296326837.0
2023-02-02,12.830268057122748,13.192845122497578,11.824942525546328,12.410009384155273,447082547.0
2023-02-03,12.459452181257971,13.629586775446986,12.426490698736009,13.604865074157715,314770649.0
2023-02-06,13.20108492032097,13.596622656757559,12.780825485959376,13.349411964416504,50998223.0
2023-02-07,13.291730215668986,13.291730215668986,12.014472139697554,12.113356590270996,118983174.0
2023-02-08,11.289318084716797,11.289318084716797,11.289318084716797,11.289318084716797,1161.0
2023-02-15,12.77258636355433,13.324691772460938,12.574817472984007,13.324691772460938,60931391.0
2023-02-16,14.338257283625016,14.346497850162166,13.135162074429726,13.267008781433105,249659918.0
2023-02-17,13.118682501245575,13.571902685438204,13.036278402739427,13.17636489868164,128084961.0
2023-02-20,13.234047296117708,13.473019024612789,13.019798054556434,13.17636489868164,149402175.0
2023-02-21,13.135162944259676,13.39061502278202,13.01979814855465,13.102201461791992,136853525.0
2023-02-22,13.093961229768231,13.423576828960647,13.03627804803793,13.234046936035156,154468616.0
2023-02-23,13.258769300451801,13.654307096255385,13.135163149865374,13.275250434875488,215424022.0
2023-02-24,13.27525086128279,13.407096797452272,13.12692379016024,13.151644706726074,124308416.0
2023-02-27,13.431815185960588,14.461862411010552,13.275249139396674,14.272334098815918,221535410.0
2023-02-28,14.354739912504634,14.725557586679914,14.066326340560254,14.420662879943848,220605409.0
2023-03-01,14.420661150266573,14.742035381519768,14.33001649151215,14.511305809020996,164320004.0
2023-03-02,14.536026044674145,14.890362544193579,14.511305916995246,14.618430137634277,138619655.0
2023-03-03,14.601948805848657,14.725555729469262,13.885036821831234,14.346497535705566,201500586.0
2023-03-06,14.544266516098869,15.56607317563612,14.420661163330077,15.450708389282227,281361558.0
2023-03-07,15.599035330812136,16.109937871098516,15.31886236159935,15.343584060668945,246126701.0
2023-03-08,15.31062330229485,16.727967848856274,15.236459769513338,16.42307472229004,332905012.0
2023-03-09,16.291229441511323,16.84333488996863,15.483672687567068,16.324190139770508,348397741.0
2023-03-10,16.192342653313045,16.760929182337392,16.027536034337686,16.08521842956543,253186178.0
2023-03-13,16.093458078255804,16.151140470193177,15.327102707139721,15.409506797790527,163246039.0
2023-03-14,15.425986600754586,15.796804228642065,15.244698855858111,15.285900115966797,146100209.0
2023-03-15,15.34358474825876,15.533113067770323,15.038690066313178,15.327103614807129,225524402.0
2023-03-16,15.44246982394099,15.673200998274831,15.302383320189646,15.55783462524414,118113991.0
2023-03-17,15.68144108911627,15.838007151346671,15.005728721618652,15.005728721618652,127543134.0
2023-03-20,14.981009086546653,15.277663229797888,14.807960312407586,14.956287384033203,130333216.0
2023-03-21,14.997489922490571,15.071653456824484,14.428903349839741,14.494826316833496,139677775.0
2023-03-22,14.57722883172817,14.783238277624786,14.445382912092525,14.77499771118164,109092283.0
2023-03-23,14.70083469860511,15.104613038064233,14.692594131874017,15.08813190460205,96769594.0
2023-03-24,15.137575385981613,15.203498348455671,14.816199568659107,14.832680702209473,77000819.0
2023-03-27,14.956286506707274,15.368305427397432,14.816200010803522,15.121094703674316,83545407.0
2023-03-28,15.121094240427249,15.178776636080332,14.651392936706543,14.651392936706543,90296917.0
2023-03-29,14.626672381724184,15.425988560142978,14.610191246896369,15.368306159973145,130594787.0
2023-03-30,15.42280255739627,15.668041889714138,15.08673538267627,15.168481826782227,126043080.0
2023-03-31,14.977738599975016,15.422801582856902,14.71433475527877,15.386470794677734,127234782.0
2023-04-03,15.27747590616858,15.53179836880535,14.94140873198682,15.459135055541992,108137441.0
2023-04-04,15.450051241551463,15.795201531180618,15.377387931501643,15.767953872680664,97667386.0
2023-04-05,15.767953600569355,15.858781437241717,15.313807487487793,15.313807487487793,76794780.0
2023-04-06,15.331972754795835,15.45913485064381,15.09581828914249,15.123065948486328,54862684.0
2023-04-07,15.141232477745884,15.4773013858535,15.123066216241678,15.286559104919434,53132052.0
2023-04-10,15.350140738774316,15.79520379311805,15.350140738774316,15.686209678649902,75144923.0
2023-04-11,15.713454748426425,16.2584304281401,15.649874570071983,16.213016510009766,128299318.0
2023-04-12,16.222101115548977,16.794324505213552,16.113105276720916,16.612667083740234,153241733.0
2023-04-13,16.658079490920787,16.77615671751762,16.213016510009766,16.213016510009766,104560616.0
2023-04-14,16.240266509711912,16.50367212365393,15.922365572099375,15.958696365356445,87584827.0
2023-04-17,16.013191826934285,16.34926072635637,16.013191826934285,16.240264892578125,84508902.0
2023-04-18,16.249348633194785,16.54000189094299,16.203934711332906,16.322011947631836,72120261.0
2023-04-19,16.385592835234107,17.30296647276361,16.049523944286594,16.785240173339844,150043262.0
2023-04-20,16.349259657810894,16.485503141806674,15.99502625293589,16.076772689819336,65554354.0
2023-04-24,16.16760312051686,16.322012889156372,16.022276483259684,16.058609008789062,82019300.0
2023-04-25,16.076774411101066,16.1403545949444,15.622628260871432,15.668042182922363,79061956.0
2023-04-26,15.549963674181798,15.84970003951843,15.241144178691941,15.313807487487793,92463897.0
2023-04-27,15.413720073840308,15.540882176916485,15.132149939225414,15.440969467163086,126344468.0
2023-04-28,15.477301565913518,15.513632356914545,14.505428219507518,14.57809066772461,90224420.0
2023-05-02,14.614423516188698,14.841496595393084,14.169360488839715,14.232940673828125,85726980.0
2023-05-03,14.278355139645392,14.450930294798942,13.760627941754667,14.096696853637695,80014182.0
2023-05-04,14.078529833099017,14.396432466138862,13.887788426518108,14.114861488342285,58501546.0
2023-05-05,14.096697275879329,14.278355567328278,13.715214430729008,13.842374801635742,51255066.0
2023-05-08,13.987701511206796,15.104900659382146,13.85145800842958,14.977740287780762,93315379.0
2023-05-09,14.895994472282727,15.78612057615761,14.850580546904903,15.17756462097168,185607539.0
2023-05-10,15.168482538722799,15.613545570616685,15.12306688296008,15.268393516540527,129060499.0
2023-05-11,15.268391758230877,16.794322967529297,15.268391758230877,16.794322967529297,169163877.0
2023-05-12,17.466461067048257,17.947856624987313,17.103144482014127,17.520959854125977,220433901.0
2023-05-15,15.77703857421875,15.77703857421875,15.77703857421875,15.77703857421875,14298113.0
2023-05-16,14.20569241570459,14.678003978956315,14.20569241570459,14.323770523071289,370159232.0
2023-05-17,14.432764606025978,14.678003070599262,14.005866992921355,14.151193618774414,198445636.0
2023-05-18,14.178441601373402,14.29651969690904,13.597135120231778,13.606217384338379,169696694.0
2023-05-22,13.806042146254153,13.842373801920019,13.061242771996396,13.115739822387695,105634934.0
2023-05-23,13.133905606583658,13.342812402525583,13.052159167749004,13.079407691955566,109768860.0
2023-05-24,13.10665793169003,13.270149953738676,12.670677185058594,12.670677185058594,97671946.0
2023-05-25,12.743339483523206,13.161153935419783,12.725174089726808,12.988578796386719,106923387.0
2023-05-26,13.070325372807474,14.287436221399547,12.843252317543921,13.179320335388184,153944978.0
2023-05-29,13.251984381896762,13.769710699545678,12.861418427900555,13.5244722366333,166918671.0
2023-05-30,14.114861488002767,14.868744850158691,14.042198177517976,14.868744850158691,249191432.0
2023-05-31,14.805163217988376,15.232061691047347,14.351017951965332,14.351017951965332,296285144.0
2023-06-01,14.532676010106847,15.104899365735612,14.523592879708932,14.841495513916016,150579046.0
2023-06-02,15.895113997505122,16.158519575315864,15.56812824089315,15.94052791595459,233504521.0
2023-06-05,16.55816870064198,16.639915148642768,15.858783193270849,16.503671646118164,292462724.0
2023-06-06,16.367427153088027,16.54000143737481,16.140354085145393,16.38559341430664,218038927.0
2023-06-07,16.576334656619153,17.112227258085085,16.294764525614543,16.703495025634766,307507749.0
2023-06-08,16.694412146093843,17.230304755631355,16.567251775162948,16.939651489257812,232563259.0
2023-06-09,17.03956330724443,17.11222662003402,16.648997351339116,16.767074584960938,145465679.0
2023-06-12,16.90332013011492,16.99414797348703,16.41284146024123,16.421924591064453,130389545.0
2023-06-13,16.421924541666634,16.757993451394743,16.113105024326227,16.376510620117188,192891246.0
2023-06-14,16.440090113348198,17.184889483055922,16.32201115038674,16.68532943725586,277300427.0
2023-06-15,16.93056856553815,17.466461181640625,16.812491324288686,17.466461181640625,245301528.0
2023-06-16,17.484628173024497,17.629954814050024,17.07589591237132,17.157642364501953,236543483.0
2023-06-19,17.248470345829933,17.348383051914205,16.621748181862323,16.812490463256836,221616790.0
2023-06-20,16.81249064309966,17.466460473954807,16.703494805075433,17.293886184692383,214513795.0
2023-06-21,17.457377090926357,17.61178684864615,17.19397322918674,17.53912353515625,171878858.0
2023-06-22,17.530040981451407,17.75711406013565,16.894237400593592,17.430130004882812,439656074.0
2023-06-23,17.65720263703991,18.293006201819097,17.65720263703991,17.97510528564453,255233189.0
2023-06-26,18.656324787911885,18.874314733356343,18.383836056783743,18.54732894897461,168986593.0
2023-06-27,18.420166970907772,18.565493588504562,18.274840353310978,18.347503662109375,46844272.0
2023-07-03,18.565494798878138,18.8561480530208,18.383835648823947,18.801651000976562,137561972.0
2023-07-04,19.074138911204063,19.41928923399469,18.91064601477635,19.164968490600586,194345235.0
2023-07-05,19.237630869304418,19.237630869304418,18.365669375030453,18.946977615356445,166031493.0
2023-07-06,19.074138812476857,19.201299183515733,18.565495595891242,18.583660125732422,160266708.0
2023-07-07,18.529160782577783,18.856146533350596,18.365667907191376,18.402000427246094,110111389.0
2023-07-10,18.674488352929316,18.69265461388568,18.438332157786622,18.619991302490234,104255266.0
2023-07-11,19.001474320830642,20.127756525553835,18.583658976577677,19.87343406677246,286280268.0
2023-07-12,19.87343442788311,21.381201214390277,19.800771114400963,20.981552124023438,288852811.0
2023-07-13,21.19954368291791,22.271328937926008,21.07238330772379,22.198665618896484,217836768.0
2023-07-14,22.434819888879748,22.90713055530467,21.85351165473903,22.489316940307617,164042058.0
2023-07-17,22.67097337764476,23.615598134594936,22.144163950093304,22.99795913696289,126449786.0
2023-07-18,23.161453531003417,23.70642925468951,21.308536416956713,21.363035202026367,165510629.0
2023-07-19,21.43569828894324,22.725473403930664,21.41753202744608,22.725473403930664,125852786.0
2023-07-20,23.125120788546266,23.23411662522293,22.30765807697645,22.4348201751709,226861507.0
2023-07-21,22.30765571451938,22.452982326410982,21.708183007359054,21.762680053710938,90736785.0
2023-07-24,21.83534750065112,22.707307268182916,21.58102503557265,22.52564811706543,126252650.0
2023-07-25,22.70730562795778,23.215948788943653,22.216826994827525,22.61647605895996,186966200.0
2023-07-26,22.525648660055303,22.816303655335652,21.78084924089402,22.707307815551758,107395637.0
2023-07-27,22.94346404527644,24.069746306045047,22.561981204336256,24.015249252319336,219030092.0
2023-07-28,24.978037107147784,26.358641755762424,24.74188091206133,25.940826416015625,174829574.0
2023-07-31,26.249647234338564,26.576633018096704,25.068867932325407,25.377687454223633,196816660.0
2023-08-01,25.1960272317085,25.4503496896691,24.56022368545201,24.578388214111328,114947143.0
2023-08-02,24.57838767885581,25.940826047144956,24.16057407748019,25.468515396118164,202487390.0
2023-08-03,25.39585078314611,25.958992747172168,24.705550189401908,24.778213500976562,141295444.0
2023-08-04,24.923539796345548,25.813665784536106,24.705549864488468,25.704669952392578,131007707.0
2023-08-07,25.868163699488203,25.94082701253727,25.250524672356118,25.541179656982422,85319620.0
2023-08-08,25.559342666102037,26.249644965236147,25.26868943118871,25.5775089263916,140526936.0
2023-08-09,25.650173215446905,28.1207275390625,25.468515802898256,28.1207275390625,209195026.0
2023-08-10,28.52037790078127,30.536786185034256,27.248769026051544,27.848241806030273,355991785.0
2023-08-11,27.866407766793667,28.61120716827096,26.92178295252877,28.048065185546875,237474548.0
2023-08-14,28.338719831345607,29.301507430715798,27.28510092505176,27.43042755126953,160804218.0
2023-08-15,27.5212572850977,28.611208789082426,26.394974988276232,27.575756072998047,236386137.0
2023-08-16,27.59391845030966,27.830074648828994,26.994445689618278,27.0489444732666,130979033.0
2023-08-17,27.06710869865841,27.666581452630318,27.06710869865841,27.394094467163086,127804074.0
2023-08-18,27.521255030571318,27.73924669945463,25.395850984614164,26.03165626525879,121799926.0
2023-08-21,24.7055504044401,26.30414327299668,24.28773505992666,25.741003036499023,274594788.0
2023-08-22,26.140653580550726,26.213316896818153,24.63288846867905,24.978038787841797,141221085.0
2023-08-23,25.068866444956765,25.759168762806254,24.814543991297487,25.123363494873047,145323141.0
2023-08-24,25.25052442042024,27.630250930786133,25.23235989166174,27.630250930786133,403019400.0
2023-08-25,28.338719557369526,28.429547398554988,26.758289480778167,27.194271087646484,211337363.0
2023-08-28,27.593919530525422,28.04806568412639,26.994446746366556,27.067110061645508,172239520.0
2023-08-29,27.176105089173415,28.02990031752534,27.06710925329507,27.43042755126953,146569122.0
2023-08-31,27.61208619942299,27.75741283212284,26.140653610229492,26.140653610229492,114195329.0
2023-09-01,26.322310410511005,26.812789083561185,25.940827575615334,26.685626983642578,102033286.0
2023-09-04,27.139773613908766,28.011735137300228,26.81278955851331,27.448593139648438,132517471.0
2023-09-05,27.466759158982253,28.75653430436943,27.339598790365095,28.66570472717285,149713182.0
2023-09-06,28.829195707976833,29.428670184751073,28.120727131738168,28.520376205444336,126874355.0
2023-09-07,28.665704896554786,29.900981263465052,28.629374104919535,29.628494262695312,95659012.0
2023-09-08,29.79198525382467,30.300630163680548,29.28334380882877,29.337839126586914,97988515.0
2023-09-11,29.719324781137534,29.828318885569793,27.448592328018123,27.81191062927246,102977206.0
2023-09-12,27.830074659679127,27.902737972141864,26.849119075217146,26.90361785888672,139885024.0
2023-09-13,26.9399485030644,27.448591687550042,26.267812433315154,26.467636108398438,135099115.0
2023-09-14,26.394971570274585,26.48580113924975,25.577508914357978,26.158815383911133,121968127.0
2023-09-15,26.28597902499433,26.958115103195894,25.831832885742188,25.831832885742188,122175476.0
2023-09-18,25.83183315968568,26.322310094415823,25.6138432184245,25.92266273498535,92781296.0
2023-09-19,25.995325455800135,26.322309494018555,25.450349748862752,26.322309494018555,90146602.0
2023-09-20,26.39497359978693,27.41226173215428,26.140652866017643,26.885452270507812,132231768.0
2023-09-21,27.19427365138792,28.46588260459562,26.830957055104317,28.338722229003906,237909804.0
2023-09-22,28.338719214752004,28.774699083919266,27.975400924682617,27.975400924682617,110847853.0
2023-09-25,28.10256209445161,29.610325325933935,28.01173252492305,29.26517677307129,132338628.0
2023-09-26,29.319674155510075,29.501333307368505,28.574874751264637,28.774700164794922,108955425.0
2023-09-27,28.7928668282201,29.083520089305082,28.465881043284448,28.66570472717285,85927349.0
2023-09-28,28.683869233749057,29.51949817444596,28.556708872913656,29.1016845703125,134636143.0
2023-09-29,29.555833141300734,31.081764527289604,29.50133435435104,30.391460418701172,152427587.0
2023-10-02,30.4096246054449,31.97188840943644,30.118971357938573,31.317916870117188,130396219.0
2023-10-03,31.554076678797422,31.881059003073993,30.427792678977372,30.79111099243164,86596571.0
2023-10-04,30.79110807598097,31.245254192353197,30.35512475518692,30.373291015625,94829167.0
2023-10-05,30.66394778683613,31.46324601392858,29.4650021786276,31.0635986328125,142533300.0
2023-10-06,30.772943621525037,31.118092195524657,30.536785686830456,30.573118209838867,97807776.0
2023-10-09,30.137136702287517,30.31879584266817,29.210678204720097,29.30150604248047,96530249.0
2023-10-10,29.682991669831893,30.300630690808863,29.465000000427064,30.100805282592773,71195544.0
2023-10-11,30.22796686885297,30.84560591481503,30.064473976400652,30.264299392700195,82944842.0
2023-10-12,30.591286015643334,31.19075881610415,29.337841627457898,29.900981903076172,109831125.0
2023-10-13,29.93731220556575,29.973644727711196,28.574873808851603,28.702035903930664,80078086.0
2023-10-16,29.24701394410212,29.301509266811028,28.15706244674012,28.73836898803711,69413122.0
2023-10-17,28.829195185820193,29.26517677307129,28.411381591390743,29.26517677307129,75348848.0
2023-10-18,28.702036992686974,29.247012718531234,28.12072874331906,28.429548263549805,73193188.0
2023-10-19,28.411384055341696,28.99269057884983,27.793745007899254,28.08439826965332,71152845.0
2023-10-20,27.793744536228445,28.084397793050012,26.939949294992537,27.176105499267578,55618251.0
2023-10-23,27.666582668029328,27.811911030083497,26.976282043529952,27.70291519165039,63744257.0
2023-10-24,27.90273746386058,29.610326141844197,27.721080052227848,28.756532669067383,136151710.0
2023-10-25,28.756533912572156,29.119852216408397,26.885452270507812,26.885452270507812,72076721.0
2023-10-26,27.26693407039332,28.029899707651026,26.376808071069327,27.975400924682617,163455750.0
2023-10-27,28.102564531620473,28.55671068621873,27.37592964480521,28.08439826965332,102420863.0
2023-10-30,28.011735137300228,28.411384241039237,27.35776529407921,27.448593139648438,74818809.0
2023-10-31,27.593918291561536,27.920904061850234,26.703792286253424,26.758289337158203,71662383.0
2023-11-01,26.976279648691513,27.194269573775436,25.63200584536245,26.9399471282959,76396792.0
2023-11-02,27.048945403708995,27.575754870087405,26.70379335845033,27.266935348510742,71274321.0
2023-11-03,27.33959742544515,27.412260737088705,26.794621721903482,27.248767852783203,69920777.0
2023-11-06,27.630251590292296,27.993568160584655,27.52125575298956,27.75741195678711,61670311.0
2023-11-07,27.702914932061113,27.79374450783257,27.230602523993575,27.466758728027344,43948310.0
2023-11-08,27.702915369658896,27.811911208792367,26.794623062456964,27.067110061645508,57965690.0
2023-11-09,26.849118808400263,27.19427083849079,26.540299300395056,26.667461395263672,89006270.0
2023-11-10,26.68562605450014,26.939948513052258,26.285978704185403,26.322309494018555,63145074.0
2023-11-13,26.26781319872225,26.340476512908936,25.377687166827855,25.43218421936035,51651875.0
2023-11-14,25.50484654774679,25.99532519887173,24.996203368099817,25.940826416015625,78797982.0
2023-11-15,26.031654640377585,26.46763448607056,25.686504362311457,25.977157592773438,69086402.0
2023-11-16,26.031656726454763,27.26693478733855,26.013490464987637,27.230602264404297,71393794.0
2023-11-17,27.139771067345496,27.59391718229889,26.958113660822104,27.321430206298828,62257814.0
2023-11-20,27.72108174208226,27.920905426788348,27.285101848670738,27.648418426513672,63548276.0
2023-11-21,27.866405764089453,28.338718137277734,27.575752529028954,28.102561950683594,74887016.0
2023-11-22,28.066231447151214,28.2842213891131,27.53942198763581,28.048065185546875,86465262.0
2023-11-23,28.13889499045295,29.428671855990924,28.048065414121112,28.574874877929688,158470522.0
2023-11-24,28.5567095436572,29.33783972026051,28.011733833457896,28.93819236755371,101221429.0
2023-11-27,29.882819377391417,31.19075909988013,29.71932647897279,31.15442657470703,138309694.0
2023-11-28,31.11809093153645,31.42691043484379,30.445956607482795,30.70027732849121,111758315.0
2023-11-29,30.736611184752693,30.936436596999503,30.30063130200884,30.80927276611328,97004716.0
2023-11-30,30.863770217488316,31.46324296347188,30.427790353578448,30.554950714111328,101146410.0
2023-12-01,31.499573989701123,32.117212967135245,31.281582335664456,31.663066864013672,103259731.0
2023-12-04,31.8083982577305,32.91651602460047,31.426913672062017,32.89834976196289,91585452.0
2023-12-05,32.80751773943644,33.24349763873092,32.58952952221932,33.20716857910156,90056364.0
2023-12-06,33.152671813964844,34.47877785495693,33.080006760554646,33.152671813964844,127874886.0
2023-12-07,33.02550699742022,33.13450109802855,31.499575729463782,32.58952713012695,89041192.0
2023-12-08,32.66218897712478,32.75302028242758,31.445077204947335,31.753896713256836,76565251.0
2023-12-11,31.772063435906617,32.18987705178952,31.28158477472578,31.69940185546875,89978519.0
2023-12-12,31.699402128171005,34.13362572883168,31.517742978223474,33.824806213378906,170723368.0
2023-12-13,33.715809575247526,35.060081778192874,33.33432846820069,33.40699005126953,161077643.0
2023-12-14,33.97013155029933,35.40523150417861,33.64314578578356,34.82392501831055,150445210.0
2023-12-15,34.860256952942926,36.277190622174125,34.75125939003291,35.514225006103516,111997233.0
2023-12-18,34.98741830152314,36.0955359684456,34.98741830152314,35.78671646118164,96768505.0
2023-12-19,35.76854965744088,35.877543756921376,34.42427754764829,35.31440353393555,99601214.0
2023-12-20,35.3144035960938,36.331689944375526,35.2054060315615,36.277191162109375,95516726.0
2023-12-21,36.277190622174125,36.985660921649625,35.44156342902341,35.514225006103516,129392092.0
2023-12-22,35.5687255859375,36.13186583000573,35.38706643676256,35.5687255859375,92069386.0
2023-12-25,35.441567263537706,35.441567263537706,33.67948138416666,34.55144119262695,51310128.0
2023-12-26,34.86025825367118,34.96925235578814,33.57048142999021,34.22445297241211,84349028.0
2023-12-27,34.15178745504618,34.22445249869172,32.5350283473928,32.58952713012695,117038330.0
2023-12-28,32.69852312792466,33.152669282479174,32.68035686595926,32.73485565185547,84474308.0
2023-12-29,32.77118624256399,33.47965309312023,32.75301998167024,33.170833587646484,86945109.0
2024-01-02,33.51598493576711,33.86113349117455,32.89834593733496,33.18899917602539,79522318.0
2024-01-03,33.18900001972888,33.388821960870814,32.026383570552156,32.09904861450195,72162968.0
2024-01-04,32.15354734679428,33.13450118455064,31.66306869548609,32.97100830078125,81318741.0
2024-01-05,33.04367520620495,33.49782136118082,32.57136278924683,33.40699005126953,71031470.0
2024-01-08,33.970132607195254,36.73133850097656,33.95196634583918,36.73133850097656,157542084.0
2024-01-09,36.949328845469914,37.98478145156037,35.80487867515733,36.186363220214844,154543709.0
2024-01-10,36.18636549724944,37.23998443034278,36.00470634364159,37.00382995605469,106339128.0
2024-01-11,37.22181577536209,37.74862694046812,36.80400217432899,37.348976135253906,140335176.0
2024-01-12,37.00382739797489,40.20101303506645,36.47701623541666,39.292720794677734,224445913.0
2024-01-15,39.220062255859375,39.51071551811416,38.65692199334826,39.220062255859375,131860495.0
2024-01-16,39.220057992281816,39.60153905819818,37.53063392354405,37.96661376953125,96953620.0
2024-01-17,37.91212280502701,38.40259802251101,37.80312523237704,38.148277282714844,79328967.0
2024-01-18,39.05657041608377,39.329057423689044,37.25815200805664,37.25815200805664,86320667.0
2024-01-19,37.43981072067414,37.63963267593798,36.56784745595284,37.167320251464844,90860380.0
2024-01-22,36.840334628644364,36.876663685075954,36.131864322899325,36.38618850708008,82754095.0
2024-01-23,36.84033767246051,37.09465841279377,34.33344893398035,34.66043472290039,134993560.0
2024-01-24,34.87842287182891,37.130987177009125,34.53327085571407,36.69500732421875,126878011.0
2024-01-25,36.89483512882792,37.60330553410119,36.15003566201945,36.6405143737793,112890666.0
2024-01-26,36.73133907568482,37.00382953542926,36.25902666761729,36.622344970703125,95380217.0
2024-01-29,36.73133981880916,36.822171128848325,35.85938003159439,36.02287292480469,70494073.0
2024-01-30,36.204532080022815,36.49518534242774,35.87754629360222,36.02287292480469,77863803.0
2024-01-31,36.09553471867479,36.49518205223666,35.6595513995129,35.913875579833984,85127823.0
2024-02-01,36.02286955866256,36.89482926439742,35.98653703804198,36.404354095458984,98906685.0
2024-02-02,36.3498576036555,36.76767122252439,35.459731581554784,35.65955352783203,115940161.0
2024-02-05,36.349857877755746,36.76767149977521,36.07737088360654,36.531517028808594,106046445.0
2024-02-06,36.71317010699272,37.34897535808166,36.4770156528019,37.27631378173828,108159145.0
2024-02-07,37.42164257306695,37.803123666964204,36.62234439770021,36.73133850097656,79274041.0
2024-02-08,36.78583583481927,37.11282159661747,36.60417669328027,36.676841735839844,50325890.0
2024-02-09,36.749503533495414,36.96749519761894,36.168197048979295,36.56784439086914,75056048.0
2024-02-12,37.14915665200113,37.42164365046717,36.64051171396707,37.385311126708984,89795098.0
2024-02-13,37.65779428661912,38.05744507750137,36.78583459446483,36.80400085449219,116086386.0
2024-02-14,36.876664315573244,37.31264764880591,36.331690346322404,37.23998260498047,73043847.0
2024-02-15,37.42164535420034,38.65692349933698,37.20365366658668,38.0211181640625,92683548.0
2024-02-16,38.16644303121253,38.25727087567167,37.54880398728188,37.67596435546875,67801461.0
2024-02-19,37.930283060687216,39.38355274823254,37.62146355525908,37.73046112060547,125687225.0
2024-02-20,37.93028428746017,39.58337943341301,37.89395522936304,39.147396087646484,134595715.0
2024-02-21,39.256390956433854,40.41900389221893,38.947571462258466,39.510711669921875,125634447.0
2024-02-22,39.78320202557188,40.291846960647206,37.98478368832503,38.457096099853516,134406613.0
2024-02-23,38.457099044532164,39.12923692217405,38.057451649496166,38.96574401855469,89110168.0
2024-02-26,39.00206761150745,39.0747326539767,37.71229429141765,37.839454650878906,75850862.0
2024-02-27,38.00294955992498,38.51159448977809,37.60330219959332,37.78495788574219,94955982.0
2024-02-28,37.78495671366919,37.83945549673939,36.604177466028275,36.74950408935547,65362068.0
2024-02-29,36.876662869702045,37.912118914456165,36.804001293585536,37.76679229736328,84001060.0
2024-03-01,37.76679589466685,37.85762373967884,36.45885275138892,36.60417938232422,56995283.0
2024-03-04,36.713173626505956,37.02199315150504,35.441566467285156,35.441566467285156,54636962.0
2024-03-05,35.53238915072295,36.440681331727134,35.20540341118389,35.76854705810547,62977964.0
2024-03-06,35.65955084686769,35.95020754342436,34.515104180168834,35.150909423828125,68429866.0
2024-03-07,35.350734321998765,37.27631647467542,35.3325715252457,37.203651428222656,68053257.0
2024-03-08,37.2763156370866,38.27543574934122,36.931163603911706,38.00294876098633,91797736.0
2024-03-11,40.3281781575924,40.3281781575924,38.76591434507063,38.874908447265625,111987258.0
2024-03-12,38.85674519661706,40.49167418051256,38.72958482339415,39.765037536621094,80572409.0
2024-03-13,39.89219228885631,39.91035854887992,37.53063392354405,37.96661376953125,90998988.0
2024-03-14,38.075610426936535,38.275435835782766,36.640510437101035,36.840335845947266,60599320.0
2024-03-15,36.87666438435207,37.094656051374976,36.077369689941406,36.077369689941406,48651930.0
2024-03-18,36.2045301358633,36.9493295138882,36.131865091734035,36.4588508605957,50299825.0
2024-03-19,36.458852986665605,38.63875592962274,36.42252046248227,38.43893051147461,68129871.0
2024-03-20,38.32993636915935,39.45621689894361,38.03928310567566,38.729583740234375,83857926.0
2024-03-21,39.0747340535357,41.872272456463925,38.820413325504056,40.90948486328125,197399494.0
2024-03-22,41.07297647773265,42.126595344622864,40.891317335539185,41.617950439453125,88011898.0
2024-03-25,41.61795166326476,44.12484027656002,40.98214637932118,41.78144454956055,131880682.0
2024-03-26,41.98759201676131,42.916436749598425,41.41891274868132,41.96863555908203,113101313.0
2024-03-27,42.177153246178385,42.802701891274,41.55160460108277,42.082374572753906,68362428.0
2024-03-28,42.34775752444987,44.88786500685489,42.29088815135437,44.338138580322266,82871023.0
2024-03-29,44.54665599943114,45.210117556580144,43.80737222706276,44.338138580322266,64583949.0
2024-04-01,44.75517448430097,46.21478560609716,43.409294880254855,45.30489730834961,82619229.0
2024-04-02,45.47549958048454,47.21945387321944,45.05846836841242,46.72659683227539,116052968.0
2024-04-03,46.72659689629406,47.219453937913364,45.721929971386025,46.66973114013672,65659675.0
2024-04-04,46.72659763863281,49.806951486009694,46.309566419364025,49.6647834777832,95493303.0
2024-04-05,51.1812628930252,52.83991493122509,49.42783218458654,52.74513626098633,83579094.0
2024-04-08,52.887305943903655,53.59815683996573,52.12906571121903,52.60296630859375,57245712.0
2024-04-15,53.69293717250176,56.20460807773112,53.5981548871354,55.35158920288086,76419250.0
2024-04-16,55.35159217844823,55.77809983101413,52.602967219830795,52.934696197509766,71099679.0
2024-04-17,53.550767393913816,55.58854140469082,53.1242561340332,53.1242561340332,83747735.0
2024-04-18,53.59815676830885,55.825491742337015,53.50337809519047,55.49375915527344,68368051.0
2024-04-19,55.16203105758759,59.284964868315726,54.02466888427734,59.23757553100586,75560278.0
2024-04-22,59.66408855982016,59.99581754635985,56.678513218663774,56.72590255737305,76153685.0
2024-04-24,57.105019265486675,57.95804174638762,56.915458312444855,57.152408599853516,81096038.0
2024-04-25,57.29458309610626,57.673701405656374,54.45117950439453,54.45117950439453,81800041.0
2024-04-26,54.78290752072054,56.82068150543214,54.68812884888145,55.96765899658203,82044128.0
2024-04-29,56.44155837877829,57.24719153446404,56.01504713348284,57.199798583984375,62512628.0
2024-04-30,57.15241226697821,58.14760281483504,56.34678268432617,56.34678268432617,73215496.0
2024-05-02,56.8680699941497,57.24719190700717,55.01985699622493,55.11463928222656,72988852.0
2024-05-03,55.49375694558604,56.96284801387143,54.830295413451665,56.91545867919922,79154559.0
2024-05-06,56.86807212987876,57.484144357515646,56.109831891261976,57.10502243041992,42522188.0
2024-05-07,57.105021838523115,59.19018518478743,56.67851057885491,58.384552001953125,90335355.0
2024-05-08,58.384549080707075,59.04801060526442,55.920267550150555,56.86806869506836,93629377.0
2024-05-09,57.34197257348333,57.578922873373756,56.29939270019531,56.29939270019531,73846599.0
2024-05-10,56.63111853855118,56.77329015684426,54.78290557861328,54.78290557861328,82417543.0
2024-05-13,55.114640135815925,55.209418807710925,52.93469452648528,53.076866149902344,97974456.0
2024-05-14,54.545955007820915,54.9250769109121,53.40859291412179,54.498565673828125,109276197.0
2024-05-15,54.30900443652987,55.63592747479284,53.0768636813282,54.21422576904297,84317874.0
2024-05-16,54.30900837914591,56.062442779541016,53.83510777615933,56.062442779541016,90178002.0
2024-05-17,56.251998337502926,59.75886341107801,55.92026937220273,59.616695404052734,109988406.0
2024-05-20,59.61669820464801,61.84402962618096,59.14279759448571,61.1331787109375,78966570.0
2024-05-21,61.227954570394665,67.05693325350128,61.08578294765565,63.834407806396484,237249387.0
2024-05-22,63.69223638377855,64.9243808098559,60.80144712436496,62.79182815551758,128164280.0
2024-05-23,62.791828626495814,65.30350321778548,62.64965700224372,63.076171875,88163245.0
2024-05-24,63.0761710273354,64.26092249493261,62.36532014677707,63.028778076171875,57836631.0
2024-05-27,63.218340707644956,64.45048522949219,61.986203416947426,64.45048522949219,48715024.0
2024-05-28,64.45047965717131,66.25130332911621,63.83440744951265,66.15652465820312,60706165.0
2024-05-29,66.15652563175448,66.15652563175448,62.55487823486328,62.55487823486328,59905929.0
2024-05-30,62.93399967881141,63.83440790564321,61.41751923991879,62.27053451538086,72102523.0
2024-05-31,62.36532264164112,65.20872627762203,60.46971660207915,62.93400192260742,125307179.0
2024-06-03,62.981385597320035,63.88180105813579,61.227954858356604,63.3131217956543,64050347.0
2024-06-04,63.31312201482218,63.881801279272246,60.18537521362305,60.18537521362305,57120992.0
2024-06-05,60.70667201741903,61.654473252781386,58.85845526977269,59.09540557861328,79136641.0
2024-06-06,59.37974778727092,59.664087429715636,57.626313363641565,57.958045959472656,58237476.0
2024-06-07,58.14760454815843,58.24238684137353,56.06244471547312,56.204612731933594,56386822.0
2024-06-10,55.920271416509046,57.19980160438573,55.16203117126454,56.34678268432617,61061868.0
2024-06-11,56.29939001193254,58.384549658943435,56.10982905795669,57.43674850463867,83153037.0
2024-06-12,57.48414448277914,59.616697192296634,57.05763321776072,58.9532356262207,56287276.0
2024-06-13,59.75886312605978,60.65927496189025,58.289772033691406,58.289772033691406,73408060.0
2024-06-14,59.42713625750159,59.80625457003485,57.53153384811126,57.91065216064453,77088933.0
2024-06-20,58.71628436547162,60.4697151184082,58.33716244374634,60.4697151184082,73779357.0
2024-06-21,60.422325567765675,63.12355749985948,60.04320364738515,62.55487823486328,78091355.0
2024-06-24,62.46010019093032,63.64485168457031,61.79663501580237,63.64485168457031,48584363.0
2024-06-25,63.78702295730018,64.49787384955323,61.796634674072266,61.796634674072266,72232460.0
2024-06-26,61.749251413793196,62.08098039716648,60.94362181670109,61.41752243041992,44844351.0
2024-06-27,61.749248838112415,63.8344085590394,61.749248838112415,63.36050796508789,67130054.0
2024-06-28,63.78702270815829,64.5926522700019,60.61188656581813,60.706668853759766,93609366.0
2024-07-01,61.322735418510554,61.4175213244671,57.67370220481406,58.716285705566406,60193096.0
2024-07-02,59.000624207971214,59.4271354675293,58.00543367938541,59.4271354675293,53669684.0
2024-07-03,59.7588636573437,62.839221106962526,59.42713469067645,62.79182815551758,83985701.0
2024-07-04,62.74443748549534,64.73482582016872,62.17575820322411,63.73963165283203,63807973.0
2024-07-05,63.92918592231079,64.54525812806027,62.50748416957313,63.26572799682617,40181508.0
2024-07-08,63.55007270649403,64.92438154006491,63.12355783213984,64.1661376953125,48655310.0
2024-07-09,64.30830870366415,64.35570165518786,61.13317619260372,61.22795486450195,52290314.0
2024-07-10,61.32273298338532,61.512297556621434,59.28496263135344,60.65927505493164,68851483.0
2024-07-11,61.60707884310464,63.83441024735624,61.22795691168643,63.21833801269531,72253346.0
2024-07-12,63.21833801269531,64.35570380694996,62.64965873114269,63.21833801269531,61965944.0
2024-07-16,63.64485230330238,65.58784043307143,63.265730375422045,64.73482513427734,68267334.0
2024-07-17,64.82960502692916,64.92438370289327,62.83922390708494,64.30831146240234,71919040.0
2024-07-18,64.73482343947161,65.540452995657,63.787022260159574,64.6400375366211,68522741.0
2024-07-19,64.45048029119319,66.0143536856652,64.02397265231406,65.16133117675781,64526495.0
2024-07-22,65.30351048315384,66.86738406161787,64.21353755082134,65.68263244628906,60858236.0
2024-07-23,65.68263244628906,66.91476978754102,63.21834330148515,65.68263244628906,79986526.0
2024-07-24,65.58784073546994,65.68262664123904,63.97658157348633,63.97658157348633,46627121.0
2024-07-25,63.929184780743974,64.59264992553032,61.65446780190198,62.12836837768555,57750429.0
2024-07-26,62.31792701685335,63.02877789537259,61.55968318730653,62.223148345947266,50467104.0
2024-07-29,61.32273438435987,63.21833677313327,61.133177037942225,61.27534866333008,48235005.0
2024-07-30,61.133173634806475,61.60707420561893,59.23757135155666,59.47452163696289,58543749.0
2024-07-31,59.42713595825866,60.23276553196297,58.242384458355474,58.66889572143555,66376579.0
2024-08-01,59.61669567790665,61.46490508674699,59.5693027264393,59.90103530883789,60901951.0
2024-08-02,58.763673867720875,59.09540283848623,56.583731850581636,57.05763244628906,51224390.0
2024-08-05,53.076867153472975,55.398980814552345,51.79733698082447,53.92988967895508,78640333.0
2024-08-06,55.54114680434939,55.87287938133407,52.74513626098633,52.74513626098633,66017767.0
2024-08-07,53.361205504689906,54.02466705124111,52.08167536286402,52.79252624511719,53241220.0
2024-08-08,52.697745894717734,53.692940058904014,52.41340625448223,52.934696197509766,54436167.0
2024-08-09,53.455988103795015,54.02466736668822,50.091291015690736,50.186073303222656,69362597.0
2024-08-12,50.612586470165,52.03428829668003,50.28085387463333,51.370826721191406,53996642.0
2024-08-13,51.418214447295185,52.83991622924805,50.707363556318754,52.83991622924805,42431039.0
2024-08-14,53.076868931823014,53.92989148588579,52.55557897792899,53.26642990112305,43279756.0
2024-08-15,54.02466903005746,55.54114952151341,53.313818121767234,55.30419921875,59873682.0
2024-08-16,55.493762545288206,55.87288449207086,53.8351103553701,53.88249969482422,38230994.0
2024-08-19,54.11944719737143,57.24719405697448,53.5507679223025,57.10502243041992,62201951.0
2024-08-20,56.82068187773396,57.673700776598665,56.06244165132936,56.773292541503906,53769284.0
2024-08-21,56.678511394078754,57.48414458850072,56.01504982678262,56.062442779541016,44932974.0
2024-08-22,56.44156265258789,58.100214808884786,55.54115075891177,56.44156265258789,77072601.0
2024-08-23,56.39417244900814,56.773294382290175,54.35639838487291,55.0672492980957,45431014.0
2024-08-26,55.588540794734314,56.536341977147,54.8302969563445,55.44636917114258,52432516.0
2024-08-27,55.49375904841634,56.29939223066975,54.688129481737526,56.01504898071289,50349618.0
2024-08-28,56.062444198964805,56.25200155249903,55.06725001503633,55.63593292236328,44035968.0
2024-08-29,55.493759534609424,56.29939272392118,54.54595833464829,55.25680923461914,59991782.0
2024-09-02,55.6359325015541,58.24238586425781,55.58854316352898,58.24238586425781,65892355.0
2024-09-03,58.242382794676374,58.76367271662833,57.10502066414285,57.76848220825195,39817678.0
2024-09-04,56.962850955949364,58.10021312469849,56.868072281709715,57.91065216064453,52460289.0
2024-09-05,58.431942609118245,58.66889289769444,56.63111896970941,57.43674850463867,73000159.0
2024-09-06,57.48414381405363,57.95804441065564,56.48894966872971,56.53634262084961,47969697.0
2024-09-09,56.109832147664854,56.44156112370851,54.83029834955076,55.019859313964844,41425629.0
2024-09-10,55.30419997816251,55.446371608002664,52.79252890372603,53.503379821777344,83896955.0
2024-09-11,53.219039572715445,54.40379108933356,52.41340637207031,52.41340637207031,75066706.0
2024-09-12,53.124258780669486,53.97728134292806,51.6551675817351,53.83510971069336,65586230.0
2024-09-13,53.74032824790877,54.16683950693475,52.60296609569768,53.645545959472656,60916326.0
2024-09-16,53.64554822414835,53.92989148588579,52.366018008628956,53.26642990112305,56443913.0
2024-09-17,53.50337611043691,55.30419614190554,53.31381515565746,54.83029556274414,63758565.0
2024-09-18,54.78290826016172,56.29939233907816,54.64074025048415,55.49375915527344,50251166.0
2024-09-19,56.299392636697725,58.621502680545184,56.20461034750367,58.14760208129883,69509928.0
2024-09-20,58.19499393796718,58.28977260980208,56.96284951066618,57.0102424621582,46349837.0
2024-09-23,57.531532188606384,58.47933336596209,57.531532188606384,58.05282211303711,51143695.0
2024-09-24,58.14760210532806,61.46490630142346,57.86326246877767,60.51710510253906,80820830.0
2024-09-25,60.422327273317734,61.322735532381934,59.80625503920305,60.56449890136719,67382533.0
2024-09-26,61.13317459114122,61.70185383878251,59.52191190205826,59.806251525878906,74452040.0
2024-09-27,60.04320423570627,60.51710483303805,58.85845274237683,60.232765197753906,50044983.0
2024-09-30,60.04320408854923,60.23276505013228,58.00543369436164,58.384552001953125,51038604.0
2024-10-01,58.43194415867604,58.763673125250044,54.64073944091797,54.64073944091797,77832577.0
2024-10-02,54.498570480955024,54.73552078739396,50.09129333496094,50.09129333496094,88773741.0
2024-10-03,50.23346236210942,50.89692390887483,47.95873809193502,48.85914993286133,90545860.0
2024-10-04,49.427833148379385,51.74994315467842,48.66958930938626,51.51299285888672,78835934.0
2024-10-07,51.702552810487404,53.0768652223965,51.32343451395785,52.74513626098633,71560335.0
2024-10-08,52.6977448741526,54.309007625049,52.03428693164344,53.1242561340332,72150471.0
2024-10-09,53.124253015071645,54.21422576904297,51.228650740738495,54.21422576904297,70533210.0
2024-10-10,54.119446386775785,54.54595764447656,52.50818725968889,52.83991622924805,53590589.0
2024-10-11,52.9346959315314,54.309008403934676,52.17645568952173,52.65035629272461,64292186.0
2024-10-14,52.79252827633987,53.69294015161933,50.75475422257977,51.08648681640625,62964899.0
2024-10-15,51.13387455496474,51.892114778383274,50.04390174809306,51.51299285888672,88715885.0
2024-10-16,51.370823188644025,51.89211309940443,50.28085041703862,51.6551628112793,73785505.0
2024-10-17,51.56038601929322,52.03428661279564,50.32824158372725,50.47041320800781,85709089.0
2024-10-18,50.56519124503864,50.75475220317236,47.314232925220026,47.532230377197266,84785647.0
2024-10-21,47.6743970687374,47.91134735597325,45.81670768454624,45.930442810058594,75933397.0
2024-10-22,46.00627026975393,47.95873839188329,45.702974180577044,47.29528045654297,99981947.0
2024-10-23,47.33318879108364,47.437447497533036,46.12000445910786,46.555992126464844,89298906.0
2024-10-24,46.80242564406374,47.86396200690547,46.74555626878526,47.08676528930664,52616959.0
2024-10-25,46.55599180611657,47.86395841476201,46.347478010227064,47.37110137939453,76473609.0
2024-10-28,47.43744839961923,47.72178803088634,47.219454561795295,47.35214614868164,16412608.0
2024-10-30,47.43745200829803,48.622203575016634,47.124679474783235,48.33786392211914,65076142.0
2024-10-31,48.38525150603287,48.811762777690745,47.67440059179466,47.958740234375,71978732.0
2024-11-01,48.19569112079552,49.23827464360602,46.82138222914153,47.31423568725586,88745294.0
2024-11-04,47.105720153425295,47.18154236898896,44.24336010829804,44.50874328613281,105181392.0
2024-11-05,44.83099278680276,44.982640823185854,43.71258716263709,43.97797393798828,70344070.0
2024-11-06,44.110667777464926,45.475500174826855,43.82632814662801,44.982643127441406,100567230.0
2024-11-07,45.0584712971357,45.968359609293046,44.96368900488509,45.87358093261719,80452926.0
2024-11-08,45.87358112903337,49.333053460561075,45.532372106619725,48.52742385864258,137637546.0
2024-11-11,48.71698419559513,50.51780434577936,48.43264093689392,49.80695343017578,110744989.0
2024-11-12,49.664784017122756,50.61258521122377,49.522612391777756,50.233463287353516,71434916.0
2024-11-13,49.806953009775015,52.50818863561339,49.09610210017145,51.08648681640625,108010778.0
2024-11-14,51.41821354702248,52.79252596862923,51.03909163224319,52.50818634033203,88119040.0
2024-11-15,52.55557557123292,53.36120511906804,51.844724694116806,51.98689270019531,69735464.0
2024-11-18,52.17645263671875,52.74513549663382,51.5129911079384,52.17645263671875,64130862.0
2024-11-19,52.36601586244465,52.46079453542285,50.47041347828375,50.75475311279297,81005803.0
2024-11-20,50.99170402049028,51.418215285140946,49.28566257746229,49.475223541259766,82952575.0
2024-11-21,49.85434163006797,54.16683997874737,49.75956295638091,53.92988967895508,140474464.0
2024-11-22,53.92988712617064,57.62630945861452,53.74032617219479,57.43674850463867,138626137.0
2024-11-25,58.05282613390279,59.09540605497561,56.25200232596813,56.48895263671875,94300103.0
2024-11-26,56.53634403439241,57.15241265603343,55.68332149295135,56.109832763671875,82554580.0
2024-11-27,57.01024425475562,57.34197323218301,55.635931776489194,56.34678268432617,87604097.0
2024-11-28,56.394171641055266,57.29458350801898,56.15722134004243,56.58373260498047,64810548.0
2024-11-29,56.67851169160918,58.38455314820166,56.29939337657457,57.673702239990234,94895196.0
2024-12-02,57.38936093670114,58.052822488253234,56.536342040912366,57.81587219238281,61113513.0
2024-12-03,58.28977158748563,61.085782128897286,57.05763079736913,60.09059524536133,98242262.0
2024-12-04,60.28015116111429,60.5644943960613,58.905842398217715,59.47452163696289,65767237.0
2024-12-05,59.61669530676773,60.46971419425105,59.284962726434316,60.13798522949219,65084604.0
2024-12-06,62.27053697305259,62.60227318343528,61.322735757443574,61.891422271728516,124670921.0
2024-12-09,62.08097855064958,63.02877974989614,61.13317735140302,62.8866081237793,80969112.0
2024-12-10,62.88661091648051,63.21833990471853,61.55968773237877,61.74925231933594,51082303.0
2024-12-11,61.84402909151345,62.17575806952924,58.95323611763044,60.56449890136719,151479905.0
2024-12-12,60.51710250519715,61.27534632422122,59.948423256503595,60.327545166015625,86612458.0
2024-12-13,60.04320423570627,60.56449778523093,59.52191430175624,60.232765197753906,60368464.0
2024-12-16,60.4223259961151,60.80144791918331,59.4271354675293,59.4271354675293,47291787.0
2024-12-17,59.52191414050905,60.09059702511137,58.38455198687902,59.4271354675293,71159634.0
2024-12-18,59.379745110102725,60.94361849640262,59.284962823177985,59.616695404052734,62942592.0
2024-12-19,59.095404529251496,59.28496549607288,57.67370270145323,57.958045959472656,48926859.0
2024-12-20,58.526722802418604,58.526722802418604,57.152410369773214,57.531532287597656,50837700.0
2024-12-23,57.86326489966268,58.38455485783401,55.778101451402584,56.204612731933594,55068189.0
2024-12-24,56.109831891261976,57.294583393967784,55.872881590720816,57.10502243041992,41096970.0
2024-12-25,59.52191598712312,61.70185807345957,59.14279766786772,61.65447235107422,71638781.0
2024-12-26,62.17575539491969,64.11875068866524,61.607076138334115,62.223148345947266,149601641.0
2024-12-27,62.22314889392385,62.839221106962526,61.5122980091444,62.79182815551758,61695043.0
2024-12-30,62.79182760253285,63.36050685911842,62.223148345947266,62.223148345947266,34533981.0
2024-12-31,62.270538202801255,63.45528974570957,61.464908599853516,61.464908599853516,59635167.0
2025-01-02,62.03358348151027,63.597456853134275,61.18056821621448,62.74443435668945,117926984.0
2025-01-03,62.88660597795509,63.644849803939174,62.03358348151027,62.74443435668945,95587993.0
2025-01-06,62.88660692543131,63.73962943472814,62.64965663013492,63.3131217956543,76614473.0
2025-01-07,63.26573106036683,63.55007431714285,61.3701286315918,61.3701286315918,84326346.0
2025-01-08,61.41752096638785,61.654471267598986,59.90103686929174,60.280155181884766,103420103.0
2025-01-09,60.70666755626555,62.55487693694288,60.04320240157825,62.46009826660156,92848476.0
2025-01-10,62.50748626438203,62.69705084312268,60.42232651627993,61.03839874267578,64530319.0
2025-01-13,60.991002683544515,62.36531869260175,59.00062171062083,59.52191162109375,139456381.0
2025-01-14,59.995815008115315,61.41752041826886,59.190185437417114,59.71147537231445,131704649.0
2025-01-15,59.80625302147776,60.94361877635186,59.332352431400835,59.90103530883789,82878907.0
2025-01-16,61.03839912356393,61.22795647233815,59.28496472280503,60.801448822021484,107524559.0
2025-01-17,60.94361911218254,62.8866072035153,60.70666881583836,62.55487823486328,89903240.0
2025-01-20,63.360508433637015,63.64485168457031,61.84402796800767,63.64485168457031,77100736.0
2025-01-21,63.502684033119245,65.35089358639941,63.40790535392662,64.9717788696289,120771667.0
2025-01-22,65.01915596385822,66.0617357588981,64.78220568175148,65.96695709228516,106457903.0
2025-01-23,66.2039104683541,66.2513034194498,64.07135782973114,64.5926513671875,102087833.0
2025-01-24,64.64003630965611,64.73482221070743,62.744433987013416,62.98138427734375,75476621.0
2025-01-27,61.98619896986709,63.170950451587984,61.55968409775806,62.55487823486328,77948259.0
2025-01-28,63.21833596659449,63.69223655774182,62.79182832702155,63.59745788574219,94405944.0
2025-01-29,63.88180134062053,64.07135868523619,62.46009956255545,62.55487823486328,76913164.0
2025-01-30,62.74443248342385,63.076168666855885,61.98619591122633,62.08097457885742,61541114.0
2025-01-31,62.50748851138292,63.40790402268297,61.464908599853516,61.464908599853516,109025124.0
2025-02-03,60.70666903116746,61.27534829818078,58.38455178006835,60.4697151184082,126671721.0
2025-02-04,60.896225699448294,63.26572864495212,60.28015348738747,62.27053451538086,106971884.0
2025-02-05,62.36532109992114,62.744435790427076,60.51710444353329,61.512298583984375,85561138.0
2025-02-06,62.17575774662869,62.36532232675994,60.137987320475844,61.085784912109375,125920258.0
2025-02-07,60.943619053655915,61.038397725872734,58.95323439693151,60.18537521362305,167653441.0
2025-02-10,60.232765034580986,60.46971533260497,59.4271354675293,59.4271354675293,91025885.0
2025-02-11,59.47452405465374,60.32754656302203,59.332352431400835,59.90103530883789,89657621.0
2025-02-12,59.99581285138095,60.42232409753729,59.2375726446444,59.56930160522461,110641971.0
2025-02-13,60.13798597283375,61.13317649498604,59.521913755724206,60.706668853759766,113560016.0
2025-02-14,60.991007982690185,61.93880921701684,60.37493934972273,61.464908599853516,104854218.0
2025-02-17,61.51230064529724,61.70185799690238,60.61188876287391,61.1331787109375,72150044.0
2025-02-18,61.18057218359528,62.223152088569854,60.65927861553324,61.70185852050781,76126788.0
2025-02-19,61.74924833128939,62.412706264916324,60.75405419969984,60.94361877441406,87123352.0
2025-02-20,61.22795338868394,62.69704807671809,61.13317471907022,62.17575454711914,87059681.0
2025-02-21,62.22315202751203,62.93400294809027,60.51710692566444,61.41752243041992,95491578.0
2025-02-24,62.22315202751203,62.50748805705362,60.94362181670109,61.41752243041992,62767270.0
2025-02-25,61.51229673712309,62.886605526817505,61.0857818763859,62.69704818725586,96236948.0
2025-02-26,62.74443710998166,64.1661389227258,61.9862004818744,63.97658157348633,73360666.0
2025-02-27,63.69223877884118,65.11394060186129,63.55007438145869,64.26092529296875,64519911.0
2025-02-28,64.02397575834367,65.11394138416821,63.45528923738365,63.787025451660156,76126762.0
2025-03-03,64.68743533304293,70.13729252227365,64.640042378068,69.18949127197266,189115602.0
2025-03-04,69.1894872972963,70.61118909107635,67.9573428502272,68.38385772705078,89272803.0
2025-03-05,69.37904228096718,70.61118668606962,67.43605423433522,69.28426361083984,152425896.0
2025-03-06,69.75816894490409,69.94773352922188,68.00473811907423,69.61599731445312,88047637.0
2025-03-07,69.52121529995495,70.70596677824713,69.04731470863808,69.90033721923828,81465821.0
2025-03-10,69.85294640531076,71.13248382594249,69.42643875253312,70.04251098632812,65581069.0
2025-03-11,70.18467790625667,70.2320636249703,67.67300341766952,68.14690399169922,73305987.0
2025-03-12,68.43124743818179,70.61119320821058,68.43124743818179,69.71078491210938,110555600.0
2025-03-13,69.94773705417414,71.51160337449582,69.66339377894299,70.89553833007812,65910258.0
2025-03-14,70.9429177169244,71.65376861034278,70.51641007333306,70.99031066894531,71228697.0
2025-03-17,71.17987060546875,72.2224505075327,70.08989774965892,71.17987060546875,68606367.0
2025-03-18,70.7533604941814,71.13248241756035,69.09470840665406,69.42643737792969,56440539.0
2025-03-19,64.45047973218568,65.35088795363158,62.507484436035156,62.507484436035156,108314114.0
2025-03-20,60.991006034474445,62.365322119038495,56.29939296688,56.58373260498047,368315029.0
2025-03-21,55.96766273400145,56.25200238408098,50.94431686401367,50.94431686401367,216452516.0
2025-03-24,52.2238460397008,53.36120823256379,47.95874052814566,51.13387680053711,320436194.0
2025-03-25,53.076866149902344,54.6407395451918,51.13387445145834,53.076866149902344,327099500.0
2025-03-26,52.80750090382516,53.72799936524827,51.01495418649993,52.27458190917969,174001338.0
2025-03-27,52.90439378252617,53.19508022995671,50.6758210950263,51.16029357910156,137011552.0
2025-03-28,51.111845208126965,51.45097445613375,49.51308459042277,50.62737274169922,128162225.0
2025-04-02,50.385138487589785,51.79010943466315,49.803772983533364,51.208740234375,119712929.0
2025-04-03,51.59631869367922,52.41992042438144,50.724266758391984,50.91805648803711,83226815.0
2025-04-04,50.91805548230955,51.20873822291988,49.80377102726469,50.62737274169922,109948487.0
2025-04-07,48.93172226191493,51.11184850130718,48.19532569183999,50.482032775878906,158254026.0
2025-04-08,51.547874043716256,51.547874043716256,49.99755984689538,50.336692810058594,105625239.0
2025-04-09,49.60998117685295,50.094453642063954,48.1953224655324,48.23407745361328,120588860.0
2025-04-10,50.38513831057102,50.627374552448764,47.865882873535156,47.865882873535156,119834868.0
2025-04-11,47.88525709790505,48.38910890959307,46.60625007447838,48.33097457885742,149545571.0
2025-04-14,48.834826300126984,49.51308479899774,48.44724684685947,48.54413986206055,85256100.0
2025-04-15,48.6410374277708,49.4161926516882,48.44724769773353,48.786376953125,117217121.0
2025-04-16,48.73793114693697,49.56153658740475,48.17594498758609,48.980167388916016,130823493.0
2025-04-17,49.31929908786719,50.385137046905236,49.22240237580725,49.70687484741211,192376661.0
2025-04-18,49.852218207171376,49.94911122327138,47.94339548090179,48.00153350830078,101035688.0
2025-04-21,48.02091208235792,50.19134665661352,47.05196715193591,48.23407745361328,150006455.0
2025-04-22,48.544140978344856,49.07706366290028,48.311596258022206,48.8348274230957,94162055.0
2025-04-24,49.17395579257858,51.88700089016418,49.077062776898664,51.83855438232422,137574079.0
2025-04-25,51.93544821431679,52.032344927751346,49.900665283203125,49.900665283203125,105000684.0
2025-04-28,50.28824672395489,50.385139744971724,47.78836686241694,47.827125549316406,135445485.0
2025-04-29,47.84650417263871,48.1953249570202,47.22637997650797,47.420166015625,90830204.0
2025-04-30,47.57519714532182,47.74960753780828,46.39308678053023,46.993831634521484,117050993.0
2025-05-02,47.30389330646075,48.21470025082817,47.12948291554737,47.96277618408203,76343374.0
2025-05-05,48.68948648114685,49.07706596147957,47.07135009765625,47.07135009765625,64057251.0
2025-05-06,47.07134923357259,48.54414236084456,47.07134923357259,47.730228424072266,109155346.0
2025-05-07,47.730228441999536,48.156566601945784,47.400786998510064,47.943397521972656,84243888.0
2025-05-08,48.38911204658972,48.83482955643732,47.924018889395214,48.35035705566406,45378543.0
2025-05-09,48.35035392117984,48.737929678933355,47.18761925545607,48.33097457885742,142020138.0
2025-05-12,49.75532345652881,50.72426844065776,49.27085096446434,50.288246154785156,117215443.0
2025-05-13,49.99755705685052,51.16029171552342,49.561534794050814,50.62737274169922,166915762.0
2025-05-14,50.38513876403365,51.16029400577243,50.04600950084535,50.191349029541016,180394564.0
2025-05-15,50.33669239305754,50.62737514748093,49.02861445380462,49.125511169433594,97368465.0
2025-05-16,49.22240459660083,50.53048254669018,48.73793210313777,50.336692810058594,162478877.0
2025-05-20,50.28824448698002,51.64476520203259,49.949111536043134,50.91805648803711,180165844.0
2025-05-21,50.82116332455023,51.5963185446603,50.43358386637937,50.86960983276367,102916902.0
2025-05-22,51.20873924411408,52.807499893700424,51.111846227388945,51.9838981628418,149130710.0
2025-05-23,51.88700316085885,52.516818879035384,49.949113192600954,50.288246154785156,150177253.0
2025-05-26,50.82116530352166,50.86961181362161,49.07706506630099,50.336692810058594,113854673.0
2025-05-27,50.33669325600838,50.7727192432344,49.222405032678765,49.36774826049805,84875574.0
2025-05-28,49.41619335617868,50.38513832394689,49.319300337894546,50.0460090637207,85748391.0
2025-05-29,50.53048156754275,51.59631955401564,50.385138343827485,51.16029357910156,86026847.0
2025-05-30,51.06340200264113,51.25719174098957,49.27085154320792,49.36774826049805,96666805.0
2025-06-02,49.464641128101114,51.06340184422603,49.31930159696454,50.43358612060547,89954105.0
2025-06-03,51.45097471382129,54.45470623845617,51.2571886832649,53.92178726196289,154539428.0
2025-06-04,53.82489238983914,54.60004762724929,53.58265614713398,54.454708099365234,77849769.0
2025-06-05,54.11557528677966,54.64849797914374,54.01868226793078,54.50315475463867,27098461.0
2025-06-10,55.27831067620204,58.378935368637435,54.98762791983692,57.991355895996094,131249675.0
2025-06-11,57.99135644882966,58.81496191198603,57.65222717920939,58.13669967651367,95399025.0
2025-06-12,57.167752018905944,58.378933205747174,57.11930551067863,57.361541748046875,86668958.0
2025-06-13,55.22986307865432,57.652225494384766,54.35781113049867,57.652225494384766,122185155.0
2025-06-16,58.08825287620915,58.6211718813386,57.264647417162,58.0398063659668,82820940.0
2025-06-17,58.18514521328814,58.42738145788653,56.780174255371094,56.780174255371094,82694480.0
2025-06-18,56.58638736948635,57.55533233337323,55.42365267357576,56.53793716430664,75596185.0
2025-06-19,57.36154242424113,57.5553321556665,54.745390290577795,55.375205993652344,109589773.0
2025-06-20,56.15036137151773,56.78017338002507,55.32675593484117,55.42365264892578,61392803.0
2025-06-23,54.60004583956442,56.29569948298234,54.55159933185595,56.10191345214844,65149202.0
2025-06-24,59.105644371109506,59.541670355716505,57.31309761867513,59.154090881347656,121576604.0
2025-06-25,59.34788032703377,59.541670063266366,58.23359211587022,59.05719757080078,76102839.0
2025-06-26,58.76651426165006,59.78390574700907,58.621171036785164,58.9118537902832,67990726.0
2025-06-27,58.96030056985206,60.89819053035641,58.18514532489667,60.074588775634766,105749680.0
2025-06-30,60.94664240807075,66.08204650878906,60.70440615636336,66.08204650878906,181852024.0
2025-07-01,66.13049642712421,67.43857070213502,65.54913090405982,65.98515319824219,121101939.0
2025-07-02,66.17894644639794,67.87460019612666,65.93671019643669,67.00254821777344,108603506.0
2025-07-03,68.5044034506413,69.90937803167871,66.1789415374788,66.66341400146484,108444178.0
2025-07-04,66.66341686709075,67.53546142578125,65.7913649159368,67.53546142578125,75862399.0
2025-07-07,66.13049204151379,67.24478019909421,65.74291258768626,65.83980560302734,84094277.0
2025-07-08,66.37273126927211,66.66341772086749,64.28949807940809,65.59757232666016,119840078.0
2025-07-09,65.5006773284154,67.24478120037757,65.11309786881678,67.14788818359375,87400206.0
2025-07-10,68.26216858998156,68.79509126805746,67.77769611626285,68.16527557373047,76512950.0
2025-07-11,68.64974601315936,69.32801189174455,66.85719939201108,67.58390808105469,85433702.0
2025-07-14,67.43856660393035,67.535459619809,64.77396800871968,64.82241821289062,89913681.0
2025-07-16,64.62862736438638,65.21000026775486,62.06092907518427,63.41744613647461,100313981.0
2025-07-17,64.09570886168896,65.93670571475565,63.80502242450779,65.74291229248047,94074629.0
2025-07-18,65.88825760281034,66.08204363877441,65.0646558612679,65.20999908447266,55596842.0
2025-07-21,65.50067483509508,67.0025424116966,65.45223202477884,66.46961975097656,81161207.0
2025-07-22,66.46962399384414,66.7603104441488,65.50067901611328,65.50067901611328,71079028.0
2025-07-23,65.69446859105396,65.93670482126808,64.72552367019749,65.45223236083984,65856876.0
2025-07-24,65.88826046440865,67.58391422636035,65.30689493880368,66.08204650878906,133795924.0
2025-07-25,66.03360311594032,66.22738915862455,65.40378738852108,65.88825988769531,47837585.0
2025-07-28,66.37273340805557,66.51807663853677,64.91931588817114,65.06465911865234,43729270.0
2025-07-29,65.06465911865234,65.9851539242603,65.01620891100401,65.06465911865234,42197495.0
2025-07-30,64.82241909294892,65.64602082779389,64.62862566609735,65.11309814453125,87762619.0
2025-07-31,65.4037857055664,66.08204422997207,65.11309925655628,65.4037857055664,65151987.0
2025-08-01,65.35533619738652,65.452236609733,64.09571215398128,64.48329162597656,67032652.0
2025-08-04,64.96776499245547,66.90565498605636,64.77397155761719,64.77397155761719,119780173.0
2025-08-05,65.01620751594051,65.16155074330305,64.33794897820012,64.67707824707031,64184213.0
2025-08-06,64.7255243695054,65.20999683516797,63.99881567101153,64.62862396240234,62955664.0
2025-08-07,64.9193130629252,67.34167549064628,64.9193130629252,66.42118072509766,103053560.0
2025-08-08,66.42118230179913,66.76031157123762,65.54913032862613,65.79136657714844,44365359.0
2025-08-11,66.37272940275871,66.66341584617948,65.8882569253663,66.1304931640625,40565358.0
2025-08-12,66.1304931640625,66.51807262446908,65.93670713009088,66.1304931640625,47787595.0
2025-08-13,66.22738647460938,66.8572021765039,65.93670742236347,66.22738647460938,45283465.0
2025-08-14,66.13049573576852,66.51807521124744,64.62862804046159,64.67707824707031,51928070.0
2025-08-15,64.58018285373197,65.45223479340567,64.3863894268804,65.11309814453125,41335094.0
2025-08-18,65.20999623623439,65.45223246684081,64.0472578938457,64.4348373413086,34848810.0
2025-08-19,64.62862491867953,65.306890816121,63.369000924796715,63.805023193359375,57276455.0
2025-08-20,63.805023931252386,65.69447103262262,63.61123789686417,65.11309814453125,69912998.0
2025-08-21,65.50067746495972,66.27583638577289,65.01620498756732,66.1304931640625,85706056.0
2025-08-22,66.7603066717566,67.72925159473576,65.98514777638803,67.68080139160156,98409817.0
2025-08-25,68.60130924153535,68.84354549254012,66.95409829922471,67.09944152832031,71331928.0
2025-08-26,66.90565586217237,68.31062316894531,66.37273314996814,68.31062316894531,68803350.0
2025-08-27,68.0199315894439,68.11683199707034,66.8572006225586,66.8572006225586,75024312.0
2025-08-28,66.95409534170741,68.4075127835352,66.90565252912451,67.3416748046875,68689946.0
2025-08-29,67.39012456226807,68.11683327835668,65.79136390838049,66.1304931640625,74843072.0
2025-09-01,66.3242785348304,67.5839099204404,66.17894270703663,67.05098724365234,61462013.0
2025-09-02,67.24478157521098,68.01993310626574,60.946639347132184,63.998817443847656,195347696.0
2025-09-03,64.09571162863053,64.09571162863053,58.9118537902832,58.9118537902832,238502747.0
2025-09-04,59.20253542529831,60.413716622184374,58.52427691202745,59.687007904052734,225698329.0
2025-09-05,60.21992974385972,62.642292103689456,59.15408808779567,60.51061248779297,222024322.0
2025-09-08,59.44477151850769,60.413716473634025,58.62116978514298,59.6385612487793,85842924.0
2025-09-09,60.07458765885891,61.38266187938977,59.29943242831352,60.8497428894043,113444254.0
2025-09-10,61.3342153691393,62.15782080476343,60.60750664747596,61.915584564208984,97477938.0
2025-09-11,61.964032677893016,63.46589666898133,59.008751205835665,59.10564422607422,279575856.0
2025-09-12,59.202536814915106,60.31682502069781,58.42738156995972,60.074588775634766,116877780.0
2025-09-15,59.88079916871132,64.38639111880401,59.250987147936264,63.41744613647461,225592296.0
2025-09-16,63.611235928302726,64.82241708690535,62.98142024733673,64.53173065185547,139190101.0
2025-09-17,64.4832941577843,65.64602522695891,64.09571467057148,65.2584457397461,107131487.0
2025-09-18,65.35533489499008,65.59757113610192,62.496950206855686,63.02987289428711,103300265.0
2025-09-19,63.22366047466623,65.11310024450991,62.787638186998805,64.58018493652344,168004241.0
2025-09-22,66.42118147535919,66.6149675147804,65.59757232666016,65.59757232666016,104159330.0
2025-09-23,64.43483945095177,65.11309796187119,63.80502375226184,63.95036697387695,77666838.0
2025-09-24,64.09571259215149,65.01620737602737,61.77024313674598,63.514347076416016,134901660.0
2025-09-25,63.90191601271013,63.99881642094866,62.545399006929806,62.64229202270508,81998160.0
2025-09-26,62.4485002897356,62.78763694282742,59.49322257001585,59.88079833984375,165377284.0
2025-09-29,59.15408762821474,60.46216551009903,59.008748105493105,59.29943084716797,91622028.0
2025-09-30,59.63856139915976,60.99508581824981,59.44477166839951,60.75284957885742,121790011.0
2025-10-01,60.60750776055225,62.739187455826695,59.977695741283014,62.25471496582031,144114140.0
2025-10-02,62.15781963172351,62.545399087788915,60.07458652377729,60.51061248779297,85094072.0
2025-10-03,61.04353272147173,61.140425739362335,57.40998910709841,57.60377883911133,127994750.0
2025-10-06,57.94290852180079,58.42738100726105,56.24725482268988,56.63483428955078,95526811.0
2025-10-07,56.828622355666496,57.50688085842581,56.48948940805521,57.264644622802734,80150817.0
2025-10-08,57.313095226945606,58.233589971752856,56.24725356502575,56.29570007324219,87488015.0
2025-10-09,57.07086027695415,57.26464631419105,55.2298633533498,55.568992614746094,82498198.0
2025-10-10,55.71433639526367,56.489491640647074,55.084520679259285,55.71433639526367,60948273.0
2025-10-13,54.890733216507584,55.42365220287304,54.01868127792289,54.21247100830078,80296118.0
2025-10-14,54.260916736638436,54.40625995638994,51.547871639052836,51.83855438232422,98138435.0
2025-10-15,52.080790913447785,52.85594613198301,51.49942542360428,51.935447692871094,114118711.0
2025-10-16,52.032346364895695,54.3578121080795,51.8870031388453,53.58265686035156,123768038.0
2025-10-17,53.24352604679023,53.67955201603465,51.40252915275009,53.146629333496094,103779268.0
2025-10-20,53.631101041412734,56.63483257824306,52.565263084098774,56.150360107421875,171472391.0
2025-10-21,56.15036266859313,56.537938445189496,55.22986419280011,55.81122970581055,147773980.0
2025-10-22,56.24725297527387,56.82862215647041,55.859677217374454,56.10191345214844,107375413.0
2025-10-23,56.19880860259526,57.5553330473575,55.76278262419084,56.731727600097656,149438380.0
2025-10-24,57.7491171141705,61.96402983321962,56.48948942773793,58.33048629760742,417538800.0
2025-10-27,58.23359243932274,58.766515140980374,56.63483542304526,56.97396469116211,136831864.0
2025-10-28,57.02241035362335,57.40998982247878,56.48949135612096,56.731727600097656,49490310.0
2025-10-30,57.16775301123867,57.7491185125213,56.537937304656076,57.652225494384766,110517855.0
2025-10-31,57.70067257051491,58.9118537902832,57.11930706351883,58.9118537902832,140413207.0
2025-11-03,59.34788076392343,61.140427520749206,58.8634082678914,59.202537536621094,141234115.0
2025-11-04,58.960300999484595,60.365271970334355,58.814961469126764,59.10564422607422,121773694.0
2025-11-05,59.05719461306698,60.02613954947093,58.76651187139212,59.29943084716797,103469653.0
2025-11-06,59.68700706771188,60.84974173967648,59.59011405181135,60.51061248779297,110806492.0
2025-11-07,60.55906140910779,60.55906140910779,57.942909216987985,59.008750915527344,125949127.0
2025-11-10,59.29943411342689,59.638563381355134,57.555333871079704,58.0398063659668,106712931.0
2025-11-11,57.8944614422762,58.42738043178722,55.036073066967695,56.4894905090332,140154959.0
2025-11-12,56.87707207771026,57.458437597566395,56.15036332977418,57.07086181640625,97514970.0
2025-11-13,57.26464715702518,57.50688340336832,56.489491907973495,56.877071380615234,76597097.0
2025-11-14,56.634833731732435,57.26464573888847,56.0050180283447,56.4894905090332,73427462.0
2025-11-17,56.828623610458074,57.45843561924552,56.29570092333493,56.53793716430664,108194045.0
2025-11-18,56.295702601852774,57.3615443116466,56.00501984326603,57.02241134643555,106742003.0
2025-11-19,57.313094893995455,59.687007048894884,56.92551543805224,59.44477081298828,126977080.0
2025-11-20,59.73545922120019,60.36527123756917,58.62117102082406,59.97769546508789,115990105.0
2025-11-21,59.63856209761442,60.07458807287355,58.81496035252739,59.88079833984375,96592433.0
2025-11-24,59.54166907067354,61.14042605141872,59.39632584686411,60.94664001464844,122292540.0
2025-11-25,61.140427741124924,61.86713648779233,60.31682597339459,61.431114196777344,148040826.0
2025-11-26,61.479557184871204,61.91558314713615,61.09197773036201,61.52800369262695,79768119.0
2025-11-27,62.012477022058825,62.73918573716108,61.47955803689684,61.770240783691406,112590595.0
2025-11-28,61.5764506573276,62.88452855382937,61.52800414921234,62.73918533325195,98579659.0
2025-12-01,62.690736409078156,64.72552675378667,61.964031380046386,64.1926040649414,156666165.0
2025-12-02,64.28949649581944,64.48328992293064,63.369001742547105,63.998817443847656,139090446.0
2025-12-03,64.24105190384282,66.03359854830171,63.61123621998883,64.62862396240234,288126298.0
2025-12-04,64.82242121791573,65.01620725865652,61.96403276220752,62.40005874633789,154221145.0
2025-12-05,62.351605932450674,65.06465474414681,62.20626271174137,64.9193115234375,174274956.0
2025-12-08,65.59757452604718,67.6323649705111,65.5006815030879,66.17894744873047,129704282.0
2025-12-09,66.2273860429891,67.34167421716141,65.74291356660663,67.14788818359375,111936685.0
2025-12-10,67.29322558043914,67.39012599194403,65.59757187359259,66.51807403564453,123335569.0
2025-12-11,66.66341459223212,67.72925254395417,66.08204171632626,66.8572006225586,181861925.0
2025-12-12,67.19633564990198,68.1168378542624,66.3242836535209,67.39012908935547,79782866.0
2025-12-15,67.58390856460787,68.79508972167969,67.24477931912037,68.79508972167969,80518973.0
2025-12-16,68.74664063923505,69.18267029836768,68.01993193314394,69.08577728271484,71275588.0
2025-12-17,68.94043948345457,69.03733250672563,67.58391498026825,68.50440979003906,78876952.0
2025-12-18,68.6497508637528,69.37645960414355,67.72925608290997,68.94043731689453,79132589.0
2025-12-19,69.0373287769486,69.71558729566658,68.64974931233971,69.57025146484375,85809859.0
2025-12-22,69.76404114682042,71.07211543983054,69.32801884663832,70.63609313964844,66552845.0
2025-12-23,70.29695666527405,71.36279459517728,69.42490476173032,69.71558380126953,78667504.0
2025-12-24,69.81248465763356,70.20005671285475,67.63235858093046,67.68080139160156,60517161.0
2025-12-25,67.97148752703721,68.50440279685802,67.43856486475336,67.58390808105469,29010795.0
2025-12-26,67.58391403032985,67.92304330324377,66.56651881912434,67.09944152832031,48721582.0
2025-12-29,67.14789283438648,68.21373087775723,66.46962688499505,67.39012908935547,65331759.0
2025-12-30,67.53545787813322,67.77769410781443,66.85719939201108,67.58390808105469,41656445.0
2025-12-31,67.7292553849502,68.74664317553477,67.5354619540316,67.63236236572266,74571658.0
2026-01-02,67.92303873246479,71.21745300292969,67.92303873246479,71.21745300292969,87346615.0
2026-01-05,71.60503132380977,71.94416056853584,70.39385016945731,70.92676544189453,96172422.0
2026-01-06,71.07211286972166,72.71932377271123,70.49074735968092,72.08950805664062,107913405.0
2026-01-07,72.18640166533953,72.38018770611339,69.90938242016047,70.05472564697266,93336994.0
2026-01-08,70.10316961598645,70.78143555479758,69.47335388439886,70.44229888916016,80616052.0
2026-01-09,70.9267676775797,71.9926130409769,70.68453143907368,71.50814056396484,96406766.0
2026-01-12,71.79881848772627,72.86465644193053,70.9267665642998,71.21745300292969,81393710.0
2026-01-13,71.2659065886182,72.76776687957147,70.63609087000907,72.1864013671875,83494226.0
2026-01-14,72.5739791293155,72.76776516472219,71.41124073948517,71.7019271850586,63952882.0
2026-01-15,71.65348024135182,72.23485315896042,70.34540596165989,71.55658721923828,73254946.0
2026-01-16,71.75038046430853,73.25224078421654,71.45969400628054,72.57398223876953,146855379.0
2026-01-19,72.91311198253115,75.23858148438703,72.81621896005043,74.89945220947266,131731832.0
2026-01-20,75.19012651387405,76.69199414080998,74.41497499066783,75.77149200439453,96843898.0
2026-01-21,75.96528378088534,77.418701171875,75.48081131722213,77.418701171875,102660384.0
2026-01-22,77.80628109527972,77.95161692129354,74.41497382897796,75.38391876220703,146538041.0
2026-01-23,75.86839087701681,77.2733580666988,75.67459745579173,76.40130615234375,112988522.0
2026-01-26,75.77149326160325,77.27336091345833,74.75410548442761,77.17646789550781,93416787.0
2026-01-27,77.37025363770908,78.48454182106879,76.35286586439548,77.07957458496094,110809029.0
2026-01-28,77.3218133057895,83.42616231890112,77.07957705782958,82.21498107910156,172690992.0
2026-01-29,83.0870282033856,88.70691178520629,82.45721251693726,86.23609924316406,190801344.0
2026-01-30,86.23610116339447,90.06343078613281,85.17026318930586,90.06343078613281,154140709.0
2026-02-02,88.31933511565964,90.45101108354281,85.8969727010363,88.12554168701172,193525093.0
2026-02-03,88.12553903365958,88.17398923747864,84.1528662717823,85.21870422363281,268386545.0
2026-02-04,85.60628356138287,85.9938630140232,82.9901351928711,82.9901351928711,131179438.0
2026-02-05,82.94168451100141,83.2323709469218,81.43982430531439,81.7789535522461,121806464.0
2026-02-06,81.77895539522007,82.74790034684005,80.32553796779008,81.24603271484375,97424846.0
2026-02-09,82.16653265466121,83.66839285398757,82.11808245139196,82.79634094238281,126338000.0
2026-02-10,82.94168547691424,82.99013568095293,80.71311654793617,80.95535278320312,100678699.0
2026-02-11,80.56777449677213,82.16653515121382,80.08330201921183,81.34292602539062,99579681.0
2026-02-12,81.58516392670538,88.36777875076518,81.43982809444633,88.3193359375,229968914.0
2026-02-13,88.2708888108101,88.85225433751584,85.7031830593574,85.94541931152344,118646606.0
2026-02-16,86.42988698196586,87.44728214114738,85.46094202749332,86.72057342529297,87548193.0
2026-02-17,86.47833518032189,88.1739888113086,86.13920593261719,86.13920593261719,93633091.0
2026-02-18,86.42989034277068,89.43362573240574,86.18765409473325,87.68952178955078,137839259.0
2026-02-19,88.17398992078057,88.2224401249751,83.76528746775624,84.29821014404297,103799361.0
2026-02-20,84.29821088752182,85.60628509521484,82.89324366304845,85.60628509521484,93436385.0
2026-02-23,86.96280870654527,88.27088290219008,85.99386376273976,87.54417419433594,134597261.0
2026-02-24,87.10815609677216,89.23983211820958,86.23610412710646,88.70691680908203,98805414.0
2026-02-25,88.85224683408671,89.96653497844339,86.96280718373728,88.17398834228516,111915545.0
2026-02-26,88.3677766694855,90.20877355686297,86.96280944600609,88.85224914550781,78520727.0
2026-02-27,89.48206347824747,90.5963516345988,86.38144263597376,87.35038757324219,114684024.0
2026-03-02,82.45721793865287,84.00752845860235,79.5503829415737,80.1801986694336,98769212.0
2026-03-03,79.21125215283814,81.39137835887955,75.626158682111,76.44976043701172,106917553.0
2026-03-04,76.4982054140896,77.75783688130178,75.28702415425623,76.01373291015625,122155687.0
2026-03-05,76.83734217300385,78.6783317761884,76.83734217300385,77.12802124023438,52412668.0
2026-03-06,76.54665634715114,77.75783761846682,70.82987926804836,71.75038146972656,118526833.0
2026-03-09,68.9888769722023,71.60503275330956,67.14788749480414,71.31434631347656,168363803.0
2026-03-10,74.46342170918712,75.77149597959962,73.10689723182968,74.70565795898438,95851404.0
2026-03-11,74.56031258905395,75.28702131757285,72.96155930028314,75.14168548583984,96519339.0
2026-03-12,74.07584154396855,76.25596777192338,72.81621749218394,73.3975830078125,145752390.0
2026-03-13,72.96155752992117,73.01000034183558,69.47334980369862,70.29695892333984,124021617.0
2026-03-16,70.53919930360726,71.16900764273112,69.57025429884597,70.44229888916016,81045986.0
2026-03-17,71.02366730470531,74.12428816644722,70.92676689639949,73.44602966308594,105162072.0
2026-03-18,73.88205139511093,74.80254612763852,72.62242002089754,73.34912872314453,91425442.0
2026-03-19,72.28329125630223,73.15534318333799,71.07211007777015,71.31434631347656,38275313.0
2026-03-23,69.08577571186363,71.21745157760958,65.88825452078164,70.82987213134766,265710458.0
2026-03-24,69.7155898860133,70.68453488730586,68.11683654785156,68.11683654785156,103386429.0
2026-03-25,69.47334791283566,70.20005660394258,68.69819641113281,68.69819641113281,107675770.0
2026-03-26,68.5999984741211,69.9000015258789,66.75,67.25,90829385.0
2026-03-27,67.75,68.30000305175781,66.0999984741211,66.9000015258789,78516965.0
2026-03-30,66.75,66.8499984741211,65.05000305175781,65.5999984741211,92947863.0
2026-03-31,65.9000015258789,67.69999694824219,65.6500015258789,66.0,120022442.0
2026-04-01,69.0,69.0,67.5999984741211,68.25,119338472.0
2026-04-02,66.6500015258789,69.4000015258789,66.44999694824219,69.25,95329896.0
2026-04-03,69.30000305175781,70.25,68.25,68.75,77195433.0
2026-04-06,69.0,71.4000015258789,68.94999694824219,70.30000305175781,96991162.0
2026-04-07,70.0,70.69999694824219,68.5,69.25,87632891.0
2026-04-08,75.0,76.1500015258789,73.75,75.75,159266547.0
2026-04-09,75.3499984741211,76.05000305175781,74.4000015258789,75.30000305175781,121611302.0
2026-04-10,76.0,78.5,75.8499984741211,78.4000015258789,121958318.0
2026-04-13,76.5999984741211,77.69999694824219,75.30000305175781,77.4000015258789,128526158.0
2026-04-14,78.94999694824219,81.0999984741211,77.1500015258789,78.44999694824219,163378836.0
2026-04-15,78.8499984741211,79.25,78.0999984741211,78.9000015258789,72630584.0
2026-04-16,79.5999984741211,80.5,77.5,78.0999984741211,84412322.0
2026-04-17,78.19999694824219,83.8499984741211,77.4000015258789,83.55000305175781,171211565.0
2026-04-20,81.6500015258789,83.0,81.30000305175781,81.8499984741211,121572943.0
2026-04-21,82.19999694824219,82.6500015258789,80.75,80.75,64597825.0
2026-04-22,81.69999694824219,82.0999984741211,78.69999694824219,79.25,97886805.0
2026-04-24,78.69999694824219,79.1500015258789,77.5999984741211,77.9000015258789,92696662.0
2026-04-27,78.0,79.3499984741211,77.19999694824219,77.69999694824219,85905779.0
2026-04-28,77.80000305175781,78.44999694824219,75.94999694824219,75.94999694824219,83163069.0
2026-04-29,76.3499984741211,76.9000015258789,73.6500015258789,73.69999694824219,112160625.0
2026-04-30,73.0999984741211,74.05000305175781,72.8499984741211,73.19999694824219,119107754.0
2026-05-04,73.3499984741211,73.5999984741211,70.4000015258789,70.6500015258789,153716653.0
2026-05-05,70.75,71.5,70.19999694824219,70.69999694824219,113971461.0
2026-05-06,72.5,75.44999694824219,72.1500015258789,74.3499984741211,263674524.0
2026-05-07,74.75,76.44999694824219,74.5,75.19999694824219,156929000.0
2026-05-08,74.6500015258789,76.1500015258789,73.9000015258789,75.25,131973117.0
2026-05-11,74.9000015258789,76.0999984741211,74.19999694824219,75.8499984741211,142376341.0
2026-05-12,75.75,76.19999694824219,72.75,72.75,122754063.0
2026-05-13,73.5,73.69999694824219,71.05000305175781,71.55000305175781,104825683.0
2026-05-14,72.0999984741211,73.44999694824219,71.30000305175781,72.3499984741211,130258986.0
2026-05-15,71.3499984741211,71.44999694824219,69.75,70.25,105928792.0
2026-05-18,69.80000305175781,71.1500015258789,69.0,70.0999984741211,104054753.0
2026-05-20,69.25,69.80000305175781,68.75,69.0999984741211,183781142.0
2026-05-21,69.0999984741211,69.5,62.20000076293945,62.20000076293945,97702960.0
2026-05-22,60.849998474121094,64.44999694824219,60.650001525878906,63.599998474121094,406472082.0
2026-05-25,64.19999694824219,66.05000305175781,63.70000076293945,65.4000015258789,125346119.0
2026-05-26,65.0999984741211,65.5999984741211,64.0,64.0,72536655.0
2026-05-27,64.0,64.0,64.0,64.0,0.0
2026-05-28,64.0,64.0,64.0,64.0,0.0
2026-05-29,64.0,64.0,64.0,64.0,0.0
2026-06-01,64.55000305175781,66.1500015258789,63.400001525878906,63.70000076293945,205912090.0
2026-06-02,64.5,66.55000305175781,64.5,65.94999694824219,230426736.0
2026-06-03,65.69999694824219,66.5,64.8499984741211,64.8499984741211,169675801.0
2026-06-04,65.5999984741211,67.25,64.6500015258789,67.1500015258789,177397473.0
2026-06-05,67.44999694824219,67.55000305175781,64.4000015258789,64.5,152389168.0
2026-06-08,63.650001525878906,67.4000015258789,63.45000076293945,66.9000015258789,170008643.0
2026-06-09,66.94999694824219,68.25,66.69999694824219,67.1500015258789,122734065.0
2026-06-10,67.0,67.44999694824219,65.5999984741211,66.0999984741211,99313495.0
2026-06-11,66.3499984741211,67.5,64.8499984741211,66.80000305175781,137050859.0
2026-06-12,69.0,72.5999984741211,68.4000015258789,72.5999984741211,247723163.0
2026-06-15,77.80000305175781,78.1500015258789,75.5,76.75,175534688.0
2026-06-16,76.9000015258789,77.6500015258789,76.05000305175781,77.0999984741211,116731723.0
2026-06-17,77.4000015258789,78.5,76.6500015258789,78.0,112738906.0
2026-06-18,78.30000305175781,81.5,78.0999984741211,81.0999984741211,139070596.0
2026-06-19,79.9000015258789,83.0,79.80000305175781,81.8499984741211,136887074.0
2026-06-22,82.5,82.9000015258789,81.55000305175781,82.0,71939721.0
2026-06-23,81.69999694824219,81.8499984741211,79.69999694824219,80.5,84757120.0
2026-06-24,80.55000305175781,81.6500015258789,79.69999694824219,80.94999694824219,77633485.0
2026-06-25,82.4000015258789,83.0,77.0999984741211,77.19999694824219,114519923.0
2026-06-26,77.25,77.9000015258789,76.44999694824219,77.25,66354920.0
2026-06-29,77.55000305175781,78.6500015258789,76.30000305175781,77.19999694824219,83449915.0
2026-06-30,77.4000015258789,78.05000305175781,76.5999984741211,77.0,108359556.0
2026-07-01,76.69999694824219,78.25,75.6500015258789,77.8499984741211,138758867.0
2026-07-02,78.0999984741211,78.8499984741211,77.0999984741211,77.94999694824219,95377409.0
2026-07-03,78.69999694824219,78.69999694824219,73.44999694824219,73.75,192059490.0
2026-07-06,74.25,74.75,73.05000305175781,73.5,104545434.0
2026-07-07,73.30000305175781,75.1500015258789,73.19999694824219,73.5999984741211,101711621.0
2026-07-08,73.05000305175781,73.55000305175781,70.6500015258789,70.6500015258789,145917996.0
2026-07-09,71.19999694824219,71.5,70.05000305175781,70.19999694824219,84840566.0
2026-07-10,70.19999694824219,71.0999984741211,68.5999984741211,68.75,147110522.0
2026-07-13,67.75,68.0,66.9000015258789,67.6500015258789,155690527.0
2026-07-14,67.5999984741211,69.55000305175781,67.44999694824219,69.0999984741211,114435800.0
2026-07-16,69.30000305175781,69.75,67.1500015258789,68.5999984741211,165218737.0
2026-07-17,68.30000305175781,68.4000015258789,66.5,66.5,152675856.0
2026-07-20,66.5999984741211,67.75,66.1500015258789,66.8499984741211,106779859.0
2026-07-21,67.05000305175781,67.5,66.25,66.69999694824219,94739634.0
2026-07-22,66.80000305175781,67.1500015258789,65.94999694824219,66.55000305175781,115581013.0
2026-07-23,66.6500015258789,67.1500015258789,66.1500015258789,67.05000305175781,124594164.0
2026-07-24,67.05000305175781,68.30000305175781,66.80000305175781,67.5999984741211,130918130.0
2026-07-27,69.05000305175781,69.6500015258789,66.25,66.44999694824219,172388887.0
2026-07-28,66.80000305175781,67.30000305175781,65.80000305175781,65.80000305175781,124096174.0
2026-07-29,66.0,66.3499984741211,62.900001525878906,63.29999923706055,194948481.0
2026-07-30,63.29999923706055,63.54999923706055,61.29999923706055,61.599998474121094,168767186.0
2026-07-31,62.0,63.849998474121094,61.349998474121094,63.400001525878906,181079262.0
2026-08-03,64.19999694824219,66.5999984741211,63.900001525878906,66.0,221170129.0
2026-08-04,66.0,68.30000305175781,65.3499984741211,68.0999984741211,235067903.0
2026-08-05,67.5,68.05000305175781,66.5,67.55000305175781,127280890.0
2026-08-06,67.80000305175781,68.8499984741211,66.6500015258789,67.0999984741211,129735618.0
2026-08-07,67.25,67.94999694824219,66.55000305175781,67.4000015258789,118586545.0
2026-08-10,67.9000015258789,67.9000015258789,66.44999694824219,66.80000305175781,93235544.0
2026-08-11,66.44999694824219,67.0,64.4000015258789,66.1500015258789,168547581.0
2026-08-12,66.0,69.19999694824219,65.8499984741211,68.80000305175781,230729455.0
2026-08-13,69.0,70.05000305175781,68.19999694824219,69.05000305175781,145657147.0
2026-08-14,69.0,69.6500015258789,68.55000305175781,68.80000305175781,128800446.0
2026-08-17,68.94999694824219,69.19999694824219,68.0,68.0,83855483.0
2026-08-18,67.5999984741211,68.80000305175781,67.19999694824219,67.6500015258789,88354193.0
2026-08-19,67.6500015258789,70.44999694824219,67.30000305175781,70.30000305175781,150170756.0
2026-08-20,70.6500015258789,71.75,68.8499984741211,69.19999694824219,133413019.0
2026-08-21,69.4000015258789,71.5,69.30000305175781,69.69999694824219,166762304.0
2026-08-24,72.5999984741211,73.3499984741211,71.3499984741211,72.0999984741211,182768779.0
2026-08-25,72.1500015258789,72.9000015258789,71.44999694824219,72.0,147641236.0
2026-08-26,72.5,74.8499984741211,72.4000015258789,73.1500015258789,206790108.0
