Date,open,high,low,close,volume AAA
2018-01-01,14.843894958496094,14.843894958496094,14.843894958496094,14.843894958496094,0
2018-01-02,14.843891853500022,15.195507446528401,14.83438959156366,15.157495498657227,2444680
2018-01-03,15.16700036399077,15.16700036399077,14.653830328330091,14.672836303710938,3467656
2018-01-04,14.672836842998214,14.672836842998214,14.397246564689436,14.444762229919434,4150164
2018-01-05,14.53979246753327,14.644327503207368,14.321220133891101,14.568302154541016,4084420
2018-01-08,14.587309225609427,14.625321177768216,14.435258516848224,14.444762229919434,3073228
2018-01-09,14.406750827279701,14.568303805211233,14.283209802956856,14.48277473449707,3861104
2018-01-10,14.406750277760645,14.501781608220641,14.37824058861004,14.444762229919434,3656176
2018-01-11,14.473269035832894,14.473269035832894,14.216684784717964,14.3782377243042,2548332
2018-01-12,14.492276721194912,14.492276721194912,14.283208101131239,14.330723762512207,2186008
2018-01-15,14.31172293088403,14.45426996625115,14.2451998209953,14.425760269165039,1947612
2018-01-16,14.254699028156423,14.530289296008926,14.254699028156423,14.473271369934082,3154524
2018-01-17,14.406749799113866,14.701346043714436,14.31171847181117,14.644328117370605,3389492
2018-01-18,14.710849962225003,14.729855937938776,14.501781329247505,14.69184398651123,2859324
2018-01-19,14.577804340435755,14.61581773960117,14.29271037197824,14.397245407104492,2324848
2018-01-22,14.39724676255669,14.49227809432274,14.178674409482165,14.359234809875488,3805596
2018-01-23,14.36873385117507,14.577802444169224,14.216684624480559,14.53028678894043,4143296
2018-01-24,14.511282573179297,14.634823581739024,14.378239302461374,14.52078628540039,3348028
2018-01-25,14.501781608220641,14.501781608220641,14.397246564689436,14.444762229919434,6225980
2018-01-26,14.482773241143802,14.577804565429688,14.397245629311678,14.577804565429688,3743052
2018-01-29,14.587309225609427,14.65383086691882,14.359234612530647,14.444762229919434,4708808
2018-01-30,14.34973104367501,14.49227804079761,14.34973104367501,14.38774299621582,4239692
2018-01-31,14.321220798110613,14.444761814165414,14.283208847045898,14.283208847045898,2653080
2018-02-01,14.283206135980539,14.359231473742744,14.273702424986746,14.292708396911621,3562856
2018-02-02,14.292707925141478,14.321217607119104,13.941092380917866,14.0646333694458,3428628
2018-02-05,14.064634535047745,14.121653903728456,13.922087563408747,14.112150192260742,3212520
2018-02-06,13.969606141857811,14.045631499309112,13.703518115809809,13.751033782958984,2961104
2018-02-07,13.751031865739606,13.779541552066803,13.541963249444962,13.684510231018066,6570484
2018-02-08,13.627492758358509,13.855568830712405,13.570474827817348,13.751033782958984,3107680
2018-02-09,13.646497438756239,13.722521330843783,13.494446754455566,13.494446754455566,2263612
2018-02-12,13.589478829985646,13.646498202304441,13.465937823336839,13.513453483581543,1926276
2018-02-13,13.532460078685187,13.874573428172141,13.522957816237902,13.656001091003418,2983180
2018-02-14,13.779542161959597,13.808051849548654,13.636995174077256,13.694014549255371,1542200
2018-02-15,13.874573850548236,13.874573850548236,13.703517170597372,13.817554473876953,1574256
2018-02-16,13.874574462582103,14.045631150078602,13.77954313064661,13.960102081298828,1484688
2018-02-19,13.922087010613769,14.15016157615505,13.922087010613769,14.074137687683105,1902332
2018-02-20,14.083642606680234,14.140661983858035,13.931593350977758,14.02662467956543,1747328
2018-02-21,14.007614610176068,14.074137687683105,13.874571355287443,14.074137687683105,3798252
2018-02-22,14.036127490448813,14.093146869853024,13.779543183255967,13.931593894958496,3583912
2018-02-23,13.998114520994132,14.007616783496065,13.893579483032227,13.893579483032227,2471244
2018-02-26,13.931590580150887,14.292708396911621,13.922086869157095,14.292708396911621,2097252
2018-02-27,14.29271016507263,14.378239224409485,14.178672869353045,14.349729537963867,2320916
2018-02-28,14.273704388829882,14.397245398432979,14.17867306606795,14.330723762512207,2773520
2018-03-01,14.207183910238333,14.283209264653552,13.760536946885585,13.779542922973633,4073300
2018-03-02,13.751033292507568,13.893580288870943,13.675007937767829,13.884078025817871,2437012
2018-03-05,13.931593360016809,14.159667968749998,13.779542654152683,14.15966796875,1939156
2018-03-06,14.178673877717364,14.492277550796375,13.941095557212506,13.988611221313477,4533164
2018-03-07,13.846064623416485,13.903084001987047,13.779542981792849,13.884078025817871,2237260
2018-03-08,13.874571788781285,14.273703015980248,13.85556581606948,14.23569107055664,2543436
2018-03-09,14.23569202057195,14.919917234297877,14.23569202057195,14.79637622833252,2883372
2018-03-12,14.853395921659844,14.96743321807066,14.539792268982927,14.587307929992676,1019620
2018-03-13,14.53979626568881,14.777374636043202,14.463770897162744,14.634827613830566,1635332
2018-03-14,14.577805452242531,14.577805452242531,14.321221151074413,14.340227127075195,1697308
2018-03-15,14.33072206853985,14.406747407775356,14.27370270159754,14.3782377243042,1375980
2018-03-16,14.425755093962826,14.435257356206996,14.235692448324482,14.397245407104492,1507872
2018-03-19,14.4542660882568,14.473272064527205,14.235693735989539,14.38774299621582,2029104
2018-03-20,14.463766387093601,14.473270098969662,14.083641113056645,14.121654510498047,3603692
2018-03-21,14.102648794844148,14.23569352690903,14.083642818852885,14.207183837890625,3095056
2018-03-22,14.216689413408554,14.254701370370926,14.064638685432648,14.10265064239502,1572412
2018-03-23,14.074139450193776,14.074139450193776,13.741529821256638,13.798547744750977,3819208
2018-03-26,13.827053457235538,13.893575073890153,13.760531840580922,13.789041519165039,2043744
2018-03-27,13.846065929567663,13.893581599504452,13.722524897719378,13.741532325744629,2436112
2018-03-28,13.67500862644665,13.741531721483446,13.570475027220308,13.665506362915039,4989164
2018-03-29,13.684513043862667,13.684513043862667,13.560972011092938,13.579977989196777,1957172
2018-03-30,13.598984717941349,13.76053769860977,13.598984717941349,13.665506362915039,569800
2018-04-02,13.827057765746895,13.827057765746895,13.617989141088396,13.656001091003418,472504
2018-04-03,13.61799124808505,13.694016609740794,13.560971864327449,13.570475578308105,2255564
2018-04-04,13.57997587560335,13.608485563353442,13.494448262416038,13.53246021270752,3353896
2018-04-05,13.513453691745521,13.646498412517868,13.446932056390796,13.560969352722168,2542732
2018-04-06,13.484943797422146,13.551466881815031,13.465937823336839,13.513453483581543,1714900
2018-04-09,13.49444811438151,13.665504788942595,13.49444811438151,13.522957801818848,4283140
2018-04-10,13.541963769429362,13.551467481924313,13.32339143261195,13.456436157226562,3638036
2018-04-11,13.437429625947804,13.437429625947804,13.171343059147281,13.35190200805664,6243644
2018-04-12,13.218858724656378,13.46593931526587,13.218858724656378,13.35190200805664,2469968
2018-04-13,13.351900299014618,13.399415958441715,13.30438463958752,13.332894325256348,2155592
2018-04-16,13.380409043752577,13.465936644681783,13.323389676424608,13.399415016174316,1974384
2018-04-17,13.456437862691082,13.579977440405173,13.275877452843428,13.475443840026855,4396080
2018-04-18,13.513456145066819,13.57997779249832,13.351903158429415,13.465940475463867,4933176
2018-04-19,13.465936644681783,13.475440355924025,13.380409043752577,13.399415016174316,2333056
2018-04-20,13.408918316225881,13.456433970854516,13.351898950646438,13.370904922485352,2941628
2018-04-23,13.370904922485352,13.370904922485352,13.370904922485352,13.370904922485352,0
2018-04-24,13.304385610832712,13.541963925311869,13.304385610832712,13.53246021270752,3161988
2018-04-25,13.589475219138707,13.941090721509518,13.513449892935224,13.789041519165039,4601912
2018-04-26,13.836564370325569,13.865072613689055,13.627494251905052,13.722525596618652,2718204
2018-04-27,13.694013862549147,13.751031784805068,13.513453483581543,13.513453483581543,2488384
2018-04-30,13.513453931629952,13.598982992943924,13.08581297524886,13.114322662353516,4863772
2018-05-01,13.114322662353517,13.114322662353517,13.114322662353517,13.114322662353516,0
2018-05-02,13.123826374742709,13.313889022023195,13.028795051102467,13.114322662353516,5712756
2018-05-03,13.133330197720575,13.152336174694545,13.009789172295125,13.123827934265137,3536968
2018-05-04,13.104817708652396,13.11432142014138,12.8862468450336,12.962270736694336,3526340
2018-05-07,12.981281427587943,13.0858150299682,12.924262044425513,12.99078369140625,1915196
2018-05-08,12.962273851345927,13.076312616364508,12.876746227645123,13.047802925109863,2388576
2018-05-09,13.028795601034695,13.23786423185522,12.97177622441865,13.152335166931152,5538488
2018-05-10,13.171341477381626,13.256869085001654,12.92425946638154,13.076310157775879,3656256
2018-05-11,13.04780312216507,13.199852394380956,13.04780312216507,13.161840438842773,4492796
2018-05-14,13.133331309789929,13.171344717019764,12.981282031060246,13.000288009643555,2508160
2018-05-15,12.86724055799672,12.95276961875987,12.848234583403656,12.876744270324707,5281656
2018-05-16,12.924258058988723,13.560967540999892,12.848232721570366,13.370904922485352,5730980
2018-05-17,13.389915308032018,13.656003351675318,13.304387681533148,13.579977989196777,3440892
2018-05-18,13.608485414067921,13.71302045131718,13.475442139444265,13.522957801818848,3779248
2018-05-21,13.703515357821896,13.779540699972234,13.351899781697233,13.494446754455566,3310632
2018-05-22,13.589479439130676,13.68451076387984,13.427926477069683,13.522957801818848,2501500
2018-05-23,13.513454773943522,13.5799764146255,13.228360785252466,13.304386138916016,4729928
2018-05-24,13.37090743533441,13.551467826894292,13.304385796365178,13.380411148071289,4066576
2018-05-25,13.408922541978221,13.627493462101272,13.218859863566415,13.465940475463867,2949480
2018-05-28,13.513455104585674,13.789046837101244,13.513455104585674,13.760537147521973,1632232
2018-05-29,13.77954423531403,13.77954423531403,13.560971864327449,13.570475578308105,2503232
2018-05-30,13.551467347607092,13.551467347607092,13.237863689200257,13.247365951538086,3653172
2018-05-31,13.285380360543092,13.36140571533699,12.981280391430538,13.21885871887207,3683716
2018-06-01,13.142831104545548,13.161837077460733,12.78171181890591,12.962270736694336,4275504
2018-06-04,12.962274152793775,13.019293536629096,12.772211473426927,12.867242813110352,3277648
2018-06-05,12.829229491097587,12.848235466997721,12.62016085607008,12.639166831970215,2710532
2018-06-06,12.75512254774047,12.75512254774047,12.088377358026973,12.60051441192627,4761656
2018-06-07,12.552198466632507,13.189955128563776,12.300962110759833,13.045010566711426,5348872
2018-06-08,13.054675060673219,13.151304775483673,12.590852134692557,12.793773651123047,3847892
2018-06-11,12.648830570827121,13.01602382530749,12.387930604956436,12.938719749450684,5542972
2018-06-12,12.88074305279928,12.88074305279928,12.339615985566695,12.764787673950195,3733544
2018-06-13,12.706806377690803,12.80343608398503,12.51354696510235,12.523210525512695,4153160
2018-06-14,12.503885969318913,13.721421108131329,12.484560318986716,13.315576553344727,3370772
2018-06-15,13.315576553344727,13.315576553344727,13.315576553344727,13.315576553344727,0
2018-06-18,13.054673485594959,13.054673485594959,12.610176261315576,12.64882755279541,6490512
2018-06-19,12.590851177691917,12.697142971232969,12.494221470226059,12.55219841003418,3442032
2018-06-20,12.503883955607236,12.590851579775176,12.271973240064137,12.300962448120117,4502712
2018-06-21,12.677816776684669,12.677816776684669,12.378265581158747,12.542535781860352,3082148
2018-06-22,12.861416756480036,13.189957225803267,12.61017888620752,13.083663940429688,3840280
2018-06-25,13.189955908053035,13.199619469195213,12.755122196798538,12.880741119384766,3644068
2018-06-26,13.045010349967264,13.045010349967264,12.697142817520547,12.755121231079102,3196656
2018-06-27,12.871077929578457,12.900067139388923,12.677818496778624,12.851752281188965,2569284
2018-06-28,12.890402804788899,13.18995549744216,12.822762302256592,13.131977081298828,2616772
2018-06-29,13.045010371722253,13.112650871351832,12.938717104838407,12.996695518493652,2892436
2018-07-02,12.948381784600747,13.016022290077577,12.784111564313463,12.793773651123047,2920376
2018-07-03,12.851750937493378,13.006359057349409,12.822761730713834,12.871076583862305,3235492
2018-07-04,12.919390932914647,13.344562508702992,12.764784293543451,13.334898948669434,4295444
2018-07-05,13.354225179208365,13.62478865302413,13.267259032906159,13.595799446105957,3891148
2018-07-06,13.586134843176033,13.73107937646261,13.23826737350743,13.450852394104004,2758104
2018-07-09,13.45085659130958,13.470182240221092,13.122316136456384,13.180293083190918,3710620
2018-07-10,12.958042502192452,13.276919311526797,12.890400537107361,13.035345077514648,5407900
2018-07-11,12.929057121276855,13.286586798416462,12.851753048650105,12.929057121276855,6809480
2018-07-12,12.755123552956292,12.98703430050174,12.339615445355838,12.619842529296875,8408832
2018-07-13,12.600513497102694,12.92905539324193,12.571525763888003,12.735795974731445,3309744
2018-07-16,12.78411119429435,12.900066553820233,12.677817921298395,12.822762489318848,2869496
2018-07-17,12.832425140521813,13.07399940342903,12.755121081501047,12.958044052124023,2777652
2018-07-18,12.948379053266915,13.43152752540374,12.784108867630819,13.412201881408691,6582484
2018-07-19,13.489510077173232,14.059624859710352,13.489510077173232,13.982320785522461,6318812
2018-07-20,14.059622374417389,14.175577727975728,13.663439985769717,14.078948020935059,3388972
2018-07-23,14.10793898560083,14.204568704680288,13.76007140713378,13.92434310913086,4287452
2018-07-24,14.04995995565807,14.175578879909429,13.566811381193178,13.644115447998047,4496648
2018-07-25,13.731080587526678,13.750406232112311,13.547483277832738,13.624787330627441,4581516
2018-07-26,13.663442278487869,13.750409914088983,13.373553108722616,13.46052074432373,3305500
2018-07-27,13.528159141540527,13.731082118444569,13.470180726867277,13.528159141540527,2811372
2018-07-30,13.605463202954082,13.624788849694388,13.35422537197311,13.528159141540527,2427464
2018-07-31,13.508833705073721,13.740744418471891,13.42186608171014,13.702093124389648,3558560
2018-08-01,13.682768056338972,13.682768056338972,13.450855858675013,13.489508628845215,2690708
2018-08-02,13.402538322185105,13.537820779054691,13.160964086116692,13.412201881408691,2485048
2018-08-03,13.334902203676926,13.566812956568524,13.228608915170922,13.315576553344727,2871328
2018-08-06,13.218945679002141,13.38321590423584,13.006360594908385,13.38321590423584,2449464
2018-08-07,13.373552349320395,13.518496925972505,13.16096726512113,13.508834838867188,2383536
2018-08-08,13.392879472435995,13.644115853961498,13.286586193110121,13.508834838867188,2272552
2018-08-09,13.325236012619229,13.85669940140241,13.189955012528072,13.847037315368652,5697040
2018-08-10,13.808384484605128,13.856699337909488,12.590851066006646,13.47018051147461,9551444
2018-08-13,13.41220630350202,13.537825242565416,12.977372535211302,13.199621200561523,12604272
2018-08-14,13.218945707294727,13.363890284185125,12.764786327928645,12.784111976623535,9035032
2018-08-15,12.938718634056823,12.948382195625596,12.223659311542074,12.658493041992188,11027168
2018-08-16,12.890404345867479,12.938719206945622,12.600515179398624,12.67781925201416,6178568
2018-08-17,12.687482833862305,12.726134133004276,12.349278805786133,12.687482833862305,5938684
2018-08-20,12.561861604286396,12.784110219868072,12.561861604286396,12.697142601013184,3460720
2018-08-21,12.697142601013184,12.697142601013184,12.697142601013184,12.697142601013184,0
2018-08-22,12.697142601013184,12.697142601013184,12.697142601013184,12.697142601013184,0
2018-08-23,12.697142601013184,12.697142601013184,12.697142601013184,12.697142601013184,0
2018-08-24,12.697142601013184,12.697142601013184,12.697142601013184,12.697142601013184,0
2018-08-27,12.735797676936253,13.21894628778776,12.726134114938203,12.929057121276855,3647092
2018-08-28,12.822763803859665,13.67310565164393,12.784112504872784,13.537824630737305,7393368
2018-08-29,13.69243314514289,14.214234598453775,13.605466973484111,13.895356178283691,5106884
2018-08-30,13.89535617828369,13.89535617828369,13.89535617828369,13.895356178283691,0
2018-08-31,14.098271967619425,14.185239578141703,13.692427541871872,14.02096939086914,4411508
2018-09-03,13.972656248113596,14.465466870063896,13.962992687614596,14.204566955566406,3468784
2018-09-04,14.156255002503032,14.35917801894112,13.760072532105857,13.97265911102295,4871080
2018-09-05,13.914675689747131,14.117598633336781,13.837371641024784,13.905012130737305,3265668
2018-09-06,13.827712415300695,14.098274430088571,13.827712415300695,14.030633926391602,3755832
2018-09-07,13.8663648586223,14.252883739698879,13.8663648586223,14.088613510131836,2793140
2018-09-10,14.301197408507191,14.301197408507191,13.972656976741362,14.146589279174805,3755780
2018-09-11,14.059622760627038,14.214230885920031,13.934003843133027,14.175578117370605,3174868
2018-09-12,14.20457033741291,14.533110830265882,14.185244686266147,14.465470314025879,4212712
2018-09-13,13.953328651619106,14.94861489655402,13.953328651619106,14.794008255004883,6951704
2018-09-14,14.938955488099651,14.977606786800704,14.533109479475927,14.610413551330566,3816672
2018-09-17,14.591086959838869,14.987269380979706,14.5331085410784,14.977605819702148,2703360
2018-09-18,14.996929579810399,15.074233636941575,14.900299877009491,14.98726749420166,2633656
2018-09-19,15.093561570950255,15.103225132476343,14.658727842420912,14.832661628723145,3986896
2018-09-20,14.823001363334301,15.335139274597166,14.716709535173994,15.335139274597168,4583540
2018-09-21,15.431761556523027,15.509065605208878,15.199850884917561,15.499402046203613,2995568
2018-09-24,15.518733956347397,15.528396043884191,15.064573082994189,15.257832527160645,4109232
2018-09-25,15.228845183026896,15.460755932229302,15.0549113838988,15.238507270812988,4510148
2018-09-26,15.354462847852869,15.451092573703303,15.170866958518086,15.422104835510254,2091400
2018-09-27,15.402778946492896,15.876265525817871,15.344801991002896,15.876265525817871,3643988
2018-09-28,15.847275577579941,15.866601228515727,15.518735088313614,15.683005332946777,4941924
2018-10-01,15.557386962735336,15.847276160798728,15.509072096391439,15.711995124816895,2741696
2018-10-02,15.518734722603648,15.63469009993845,15.335137356908646,15.58637523651123,2984440
2018-10-03,15.731319034331053,15.895589266817995,15.460755517877685,15.75064468383789,2690084
2018-10-04,15.856938115982638,16.040533999692066,15.422104362978937,16.03087043762207,4887860
2018-10-05,15.84727247017152,15.93423861955615,15.567046900418944,15.62502384185791,4398896
2018-10-08,15.451096153562652,15.5477259018012,15.296489441052742,15.480085372924805,3080488
2018-10-09,15.460752465406253,15.538056522623735,14.861648602262212,15.451088905334473,8001812
2018-10-10,15.441429711560275,15.460755360870857,14.92929189534092,15.093562126159668,4553380
2018-10-11,15.045244469199133,15.509067338705062,14.919625560350323,15.460752487182617,5787880
2018-10-12,15.557382190227507,15.769967242035817,15.10322288080697,15.460752487182617,5226960
2018-10-15,15.499407987623869,15.52839720130007,15.190193148800585,15.306148529052734,3632124
2018-10-16,15.267496294873895,15.489744953550549,15.083900410222896,15.44143009185791,4093188
2018-10-17,15.460752487182617,15.557382190227507,15.364122784137725,15.460752487182617,3012024
2018-10-18,15.383447637099403,15.528392184197298,15.219177445278893,15.267492294311523,3670668
2018-10-19,15.2095146480625,15.58637137407813,15.170863356679886,15.451088905334473,2810944
2018-10-22,15.547719976370352,15.692664543487984,15.364124114468972,15.55738353729248,2854508
2018-10-23,15.460754981437344,15.65401441870531,15.22884424649678,15.615363121032715,4671860
2018-10-24,15.615361212652138,15.856935479713883,15.509067945364045,15.847271919250488,2877708
2018-10-25,15.7603041087631,16.021203994750977,15.56704471551991,16.021203994750977,3466872
2018-10-26,15.963230008357383,15.963230008357383,15.422104442071367,15.44143009185791,4276172
2018-10-29,15.44143009185791,15.44143009185791,15.44143009185791,15.44143009185791,0
2018-10-30,15.267496294873895,15.586374676935826,14.996932774504605,15.44143009185791,6005836
2018-10-31,15.460752831005315,15.489742037453908,15.064570449929889,15.190189361572266,5363516
2018-11-01,15.248169683265283,15.480080414980488,15.190191263110245,15.43176555633545,3960504
2018-11-02,15.518734522103234,15.538060172333912,15.325475070891251,15.402777671813965,4915988
2018-11-05,15.315812312777734,15.451093345948642,15.074237986077769,15.373790740966797,4225948
2018-11-06,15.383451855466328,15.489745142266159,15.190192406341243,15.364126205444336,5153340
2018-11-07,15.344602802450215,15.461736879373838,15.286036508708701,15.403170585632324,4648852
2018-11-08,15.520303223767892,15.520303223767892,15.16889953613281,15.168899536132812,4163832
2018-11-09,15.139621335849416,15.295799637440322,15.002963646336394,15.032247543334961,3810912
2018-11-12,15.325082443221708,16.03765026872463,15.325082443221708,15.949798583984375,14633124
2018-11-13,15.783854103122911,16.04740610506619,15.725287819046821,15.803376197814941,3902524
2018-11-14,15.617913078073823,15.861942969918726,15.491017236426421,15.686241149902344,5332680
2018-11-15,15.520301384840183,16.301197052001953,15.520301384840183,16.301197052001953,6576628
2018-11-16,16.320720641288545,16.320720641288545,15.959556660020208,16.20358657836914,3721160
2018-11-19,16.04740681721792,16.232870448623586,16.02788472165954,16.193824768066406,4298532
2018-11-20,16.076691807614512,16.20358767160555,15.852183969698139,16.008363723754883,2794888
2018-11-21,15.940034564440378,16.20358657836914,15.930272771930253,16.20358657836914,2762656
2018-11-22,16.066931550211667,16.330483582681858,16.037647660061527,16.242631912231445,1645236
2018-11-23,16.262153127262245,16.262153127262245,15.91074947558366,16.027883529663086,2580496
2018-11-26,16.184062169826234,16.193822471501036,15.930270495238092,16.115734100341797,2671800
2018-11-27,16.066930419869905,16.301198545708715,15.99860085117987,16.20358657836914,8234568
2018-11-28,16.22310867394897,16.369526624958333,16.193824785859015,16.20358657836914,2924324
2018-11-29,16.10597504752496,16.418333053588867,16.10597504752496,16.418333053588867,4209924
2018-11-30,16.398815139990987,16.50618893013631,16.262158942934064,16.389053344726562,3403784
2018-12-03,16.49642244827081,16.525706336303752,16.07669069163974,16.08645248413086,4438488
2018-12-04,15.949795630277595,16.291437532304453,15.949795630277595,16.271915435791016,4806028
2018-12-05,16.164545813658865,16.496425977186924,16.164545813658865,16.340246200561523,3023316
2018-12-06,16.37928886137105,16.52570681634855,16.291437194720274,16.418333053588867,2970904
2018-12-07,16.594035284859796,16.594035284859796,16.369527450764767,16.39881134033203,2690384
2018-12-10,16.320718470611993,16.48665849513095,16.20358442327157,16.476898193359375,2680988
2018-12-11,16.545228682529356,16.935676557043323,16.428094618063252,16.925914764404297,3910172
2018-12-12,16.955193099243843,17.238268609209957,16.77949131537521,17.17970085144043,4955020
2018-12-13,17.472540968555514,17.579914721121646,17.121137314193913,17.27731704711914,4790228
2018-12-14,17.17970729913748,17.316363465968053,16.974721559451112,17.01376724243164,4289044
2018-12-17,17.17970686738024,17.17970686738024,16.87710916200815,16.90639305114746,1768428
2018-12-18,16.81854216241446,17.16018404590745,16.779496482065298,17.07233238220215,3073700
2018-12-19,17.08209228515625,17.13089826311384,16.925912559915865,17.08209228515625,3484116
2018-12-20,17.101614397397167,17.12113649071378,16.935674370045575,17.091854095458984,3290340
2018-12-21,16.92591597607792,17.12113992731038,16.867349684372513,17.111379623413086,2513408
2018-12-24,17.121139888649996,17.374931620455335,16.81854365858729,16.98448371887207,1497568
2018-12-25,16.838064528348156,16.925914704024233,16.691646575927734,16.691646575927734,562664
2018-12-26,16.691646527672315,16.818542383957908,16.55499036825117,16.56475067138672,370256
2018-12-27,16.56475341084295,17.043053026798354,16.49642531983237,17.00400733947754,2776480
2018-12-28,16.9942454109929,17.130901579957087,16.613557815551758,16.613557815551758,2330312
2018-12-31,16.886869794108836,16.994243550425562,16.603795693914375,16.857585906982422,1878296
2019-01-01,16.857585906982422,16.857585906982422,16.857585906982422,16.857585906982422,0
2019-01-02,16.906392903513865,16.906392903513865,16.281676891386052,16.418333053588867,2987460
2019-01-03,16.35000880374465,16.79902456666859,16.3109646023777,16.789262771606445,5437364
2019-01-04,16.789255949492702,17.004001948633057,16.5842702520077,16.867345809936523,4091900
2019-01-07,16.818540994169574,16.935675048199897,16.66236126250227,16.916152954101562,2797984
2019-01-08,17.101615560894103,17.199227523558385,16.89663133296332,17.140661239624023,3726260
2019-01-09,17.25780066891136,17.53111454733609,17.199232877305775,17.39445686340332,3008748
2019-01-10,17.472541046909466,17.550630913722266,17.22851114401967,17.511585235595703,2930164
2019-01-11,17.492066600104497,17.726336246866985,17.40421641346895,17.550634384155273,2705616
2019-01-14,17.472541372848482,17.687287393509386,17.335885220457094,17.36516761779785,2296752
2019-01-15,17.472540968555514,17.60919711778485,17.228511066760046,17.27731704711914,2162304
2019-01-16,17.248034368194062,17.46278039891594,17.0040044493191,17.453020095825195,4335028
2019-01-17,17.49206816210406,17.941083908081055,17.443262167517027,17.941083908081055,3688148
2019-01-18,17.931319517911845,18.233917236328125,17.55063341101185,18.233917236328125,4425156
2019-01-21,18.233913240076077,18.312003100885693,17.775137355799856,17.862987518310547,2399628
2019-01-22,17.872752717292837,18.155826841081893,17.570155007498606,17.765378952026367,4066176
2019-01-23,17.687287287955016,18.028929156334986,17.687287287955016,18.019168853759766,2981468
2019-01-24,18.058216112314522,18.224156178701726,17.921559937511084,18.175350189208984,3623872
2019-01-25,18.048451250925773,18.27295906232068,17.941078985956274,18.019168853759766,2322180
2019-01-28,17.99964680224314,18.253438521852573,17.941080513484366,18.14606475830078,1973260
2019-01-29,18.087499273760354,18.24367754016832,17.75561766494241,18.233917236328125,5368672
2019-01-30,18.224158038198137,18.312009721913352,17.658008204427286,17.687292098999023,5990888
2019-01-31,17.76537276657797,17.80441694611314,17.365163223862584,17.65799903869629,3767640
2019-02-01,17.59943962464239,17.931319748283606,17.482305550971404,17.706811904907227,4021532
2019-02-04,17.706806959809832,17.78489681692867,17.433494694054115,17.67752456665039,1643084
2019-02-05,17.726333715085477,18.09725799629403,17.638482051556814,18.077735900878906,2283240
2019-02-06,18.09725728789098,18.312004797372428,17.989885022590606,18.243675231933594,2513228
2019-02-07,18.20463096804735,18.28272083577155,17.7068093645659,18.00940704345703,2258512
2019-02-08,18.087497693306673,18.126541884136916,17.80442209674597,18.077735900878906,1384400
2019-02-11,18.29248277658396,18.458424318899482,18.136304516588822,18.28272247314453,2104812
2019-02-12,18.38033629837026,18.38033629837026,17.999648679257767,18.028932571411133,2009032
2019-02-13,18.15582663943344,18.399856567382812,17.902034918589898,18.399856567382812,3232508
2019-02-14,18.516989698436202,18.516989698436202,17.81418383937365,17.95083999633789,2929260
2019-02-15,17.911796685315302,18.341288762102533,17.658004964842547,18.28272247314453,2507864
2019-02-18,18.370572237176617,18.370572237176617,17.960602265950616,18.185110092163086,1998096
2019-02-19,18.155826095436453,18.155826095436453,17.697050142525878,17.823945999145508,1372244
2019-02-20,17.843471151405335,17.999649433701684,17.423739318122646,17.980127334594727,3438868
2019-02-21,17.999649047851562,18.155828816240646,17.70681309920252,17.999649047851562,2482324
2019-02-22,17.98988658867062,18.03869257426688,16.984482987499504,17.04305076599121,6499280
2019-02-25,17.199226442559517,17.443256333882555,17.101614486030304,17.326122283935547,4321844
2019-02-26,17.17970575867205,17.2870795154399,16.88686986505832,16.994243621826172,3877484
2019-02-27,16.9844818979755,17.296839887866284,16.857586045677262,17.228511810302734,3071288
2019-02-28,17.169942726413794,17.199226611548333,16.740450709241433,16.818540573120117,3674120
2019-03-01,16.730690890980668,17.08209457516014,16.652602507332293,17.062572479248047,3366364
2019-03-04,17.101617747247673,17.21875181953173,16.750215530395508,16.750215530395508,3356636
2019-03-05,16.759975339820294,16.877109408648852,16.359767147202678,16.39881134033203,4771756
2019-03-06,16.35000195929544,16.613553931796044,15.920509966290021,16.486658096313477,5017888
2019-03-07,17.5701535794102,17.5701535794102,16.955197906242766,16.974720001220703,7290472
2019-03-08,16.964958342665504,17.374928262200154,16.350002718643402,17.326122283935547,5257764
2019-03-11,17.277318735038286,17.443258786582764,16.515945069165454,16.545228958129883,5419808
2019-03-12,16.584274726589076,16.89663425264167,16.525708432534667,16.7014102935791,2434232
2019-03-13,16.623316997750063,16.808779124990608,16.564749226284473,16.779495239257812,3201840
2019-03-14,16.867346010787607,17.101614105468457,16.447614309164212,16.476898193359375,2526700
2019-03-15,16.69164507149972,16.799018822706543,16.584271320292903,16.779495239257812,1860004
2019-03-18,16.69165190922482,16.78926390869397,16.59403990975567,16.71117401123047,1795092
2019-03-19,16.613554361539183,16.691644223043806,16.398808359481635,16.584270477294922,2915136
2019-03-20,16.428096693456045,16.437856997887668,15.900991102607671,16.057170867919922,5363048
2019-03-21,15.940035907456238,15.949796211348291,15.530065907976399,15.608154296875,5625236
2019-03-22,15.510541796954517,15.813139506748746,15.188423480036104,15.715527534484863,6969264
2019-03-25,15.77409123671324,16.30119515492891,15.77409123671324,15.97907543182373,4867260
2019-03-26,15.910751912607902,16.086453765359163,15.647199878201278,15.93027400970459,5471776
2019-03-27,15.774095656433905,16.008363799182312,14.8663039967629,14.87606430053711,9018324
2019-03-28,14.963915292879397,15.578871001520557,14.963915292879397,15.168899536132812,10002964
2019-03-29,15.012722382853026,15.129856457539411,14.807736635071427,14.983438491821289,5986844
2019-04-01,14.934634384067738,15.071290573505127,14.671082310472341,14.856544494628906,7323712
2019-04-02,14.96391589526437,15.422691874660469,14.934632005209188,15.31531810760498,5285980
2019-04-03,15.256749953399792,15.37388400987266,15.051764237492021,15.334839820861816,4289312
2019-04-04,15.539824555733015,15.852182546359934,15.471496478008437,15.676482200622559,6145432
2019-04-05,16.223108346715588,16.23287013902881,15.59839236411952,15.79361629486084,11524764
2019-04-08,15.871710151032184,15.871710151032184,15.451978296639725,15.471500396728516,3959092
2019-04-09,15.45197427877963,15.559346546069166,15.325078427037107,15.422690391540527,2600792
2019-04-10,15.520306189054251,15.520306189054251,15.276276217528242,15.305560111999512,3185384
2019-04-11,15.383648886652583,15.539827163453952,15.237230914340945,15.50078296661377,2248820
2019-04-12,15.422690391540527,15.50078026103134,15.412928599314036,15.422690391540527,2014520
2019-04-15,15.422689990856382,15.56910793380755,15.295794142410635,15.334839820861816,3026840
2019-04-16,15.315318164827467,15.588631990629468,15.315318164827467,15.45197582244873,2455620
2019-04-17,15.520302665788963,15.832660660545692,15.432452491758774,15.725288391113281,3294592
2019-04-18,15.617914389818697,15.764332337223246,15.549586312251316,15.65695858001709,2694484
2019-04-19,15.656957494678707,15.832659317272617,15.588629421847822,15.7448091506958,625092
2019-04-22,15.793620293514092,15.98884427368252,15.696008303429878,15.949798583984375,965960
2019-04-23,15.949798583984375,15.949798583984375,15.949798583984375,15.949798583984375,0
2019-04-24,15.852183656446146,16.184065254898346,15.578871326408498,15.588631629943848,7211472
2019-04-25,15.559349245429459,15.76433500222536,15.383648870393696,15.491021156311035,5138364
2019-04-26,15.461737353956826,15.969320851939973,15.461737353956826,15.871708869934082,3910864
2019-04-29,15.93027156969018,16.12549548963599,15.842421401490688,16.027883529663086,3865836
2019-04-30,15.979077291409665,16.36952512499055,15.979077291409665,16.301197052001953,4561016
2019-05-01,16.301197052001953,16.301197052001953,16.301197052001953,16.301197052001953,0
2019-05-02,16.193823420046247,16.213347003419848,15.627675248778894,15.666719436645508,4535552
2019-05-03,15.715529028116048,15.72529082204641,15.412931289562403,15.50078296661377,3088764
2019-05-06,15.432453725485843,15.5203039065391,15.168900203445023,15.45197582244873,3428092
2019-05-07,15.168900146769596,15.39340798460529,15.061527869154625,15.31531810760498,5106224
2019-05-08,15.334841693935447,15.588631932385802,15.286035706990319,15.31531810760498,3550316
2019-05-09,15.325078774957035,15.53006450084409,15.217705015789452,15.28603458404541,3456464
2019-05-10,15.354360532126572,15.412926810366729,15.081046765351894,15.237226486206055,4719056
2019-05-13,14.983438315456862,14.983438315456862,14.134214422175756,14.251348495483398,8552796
2019-05-14,14.300150989686083,14.573464753588599,14.08540499284846,14.544180870056152,6008308
2019-05-15,14.544183686794183,14.612511768642705,14.036601735210267,14.417287826538086,3930316
2019-05-16,14.485618003682507,14.485618003682507,14.153737849875496,14.231827735900879,3855484
2019-05-17,14.095167880185127,14.134213561871457,13.929227828979492,13.929227828979492,4384204
2019-05-20,13.929230546137479,14.407530186373238,13.929230546137479,14.368484497070312,2327176
2019-05-21,14.485617186705655,14.49537898044853,13.899945308707736,14.143975257873535,4021060
2019-05-22,14.085408031147633,14.4172881442632,13.870661987988118,14.153736114501953,3295576
2019-05-23,14.153733061464042,14.739404774352208,14.104927085390027,14.544180870056152,4309284
2019-05-24,14.602750904518523,14.622273000091324,14.29039141759202,14.407526969909668,5054440
2019-05-27,14.37823903425474,14.524656943993708,14.319671274583152,14.348955154418945,1160328
2019-05-28,14.348961691770434,14.837021613259225,14.348961691770434,14.778453826904297,4400100
2019-05-29,14.651557415694223,15.032243506111772,14.456333474056407,14.973675727844238,4641196
2019-05-30,15.12985492138607,15.617914757559815,14.973675178034306,15.530064582824707,5472780
2019-05-31,15.461735014208049,15.539824885883931,15.139616713885712,15.530064582824707,3995356
2019-06-03,15.559345475705594,15.647197131379379,15.305555279119744,15.617913246154785,1582576
2019-06-04,15.617913246154785,15.617913246154785,15.617913246154785,15.617913246154785,0
2019-06-05,15.617913246154785,15.617913246154785,15.617913246154785,15.617913246154785,0
2019-06-06,15.617913246154785,15.617913246154785,15.617913246154785,15.617913246154785,0
2019-06-07,15.559349709016875,16.057171424959048,15.159141466861634,15.959559440612793,6738412
2019-06-10,15.998601076911607,15.998601076911607,15.55934721768589,15.696004867553711,4070492
2019-06-11,15.637436415559979,15.774094059528995,15.40316829652792,15.422690391540527,6243844
2019-06-12,15.373134052540706,15.779515138226184,15.36322169164504,15.571369171142578,4185948
2019-06-13,15.660576471967522,15.660576471967522,15.293841755803006,15.402870178222656,6236936
2019-06-14,15.363223294871453,15.660576003804449,15.363223294871453,15.640752792358398,3567124
2019-06-17,15.640751426965187,15.858809758664025,15.402868373136853,15.72995662689209,2989076
2019-06-18,15.700217680229583,16.106600197880006,15.581276935097195,15.92818832397461,4553608
2019-06-19,15.898456709523664,16.017398996620624,15.720046303706237,15.878633499145508,4719484
2019-06-20,15.868720740954998,16.03722027751772,15.551543363408909,15.591191291809082,5339552
2019-06-21,15.472248899505386,15.601100494077349,15.383042204324415,15.492072105407715,5069524
2019-06-24,15.501985418359716,15.848896870288351,15.254191524124977,15.293839454650879,3615404
2019-06-25,15.204632485497052,15.412779958063462,14.996486525344524,15.046045303344727,6229852
2019-06-26,15.075781834192487,15.234369026459834,15.006398330635673,15.016310691833496,4129356
2019-06-27,15.075783687731358,15.313665261586452,15.075783687731358,15.303752899169922,3975044
2019-06-28,15.234369331164332,15.908369070919747,15.234369331164332,15.878633499145508,5076412
2019-07-01,16.255275226963033,16.58236338462243,15.739864363712758,16.512981414794922,5066196
2019-07-02,16.443600528206893,16.988747039553775,16.413866473882607,16.959012985229492,6316064
2019-07-03,16.959016382464796,17.087868010118296,16.790515307999666,17.048221588134766,3056532
2019-07-04,16.988747995873666,17.31583622357679,16.988747995873666,17.2464542388916,2344312
2019-07-05,17.226631716116884,17.325749273157356,16.94910225392078,17.05813217163086,4770712
2019-07-08,16.88963126202491,17.068043168736466,16.59227858831029,16.9491024017334,4821340
2019-07-09,16.88963374749829,17.583456754935188,16.88963374749829,17.39513397216797,6150032
2019-07-10,17.444688666041742,17.444688666041742,17.087864883816287,17.434776306152344,6278236
2019-07-11,17.514073594269846,17.9997505746899,17.29601525174498,17.821338653564453,4758124
2019-07-12,17.831244954726927,17.900628443100224,17.32574640495204,17.345569610595703,4111152
2019-07-15,17.345569610595703,17.345569610595703,17.345569610595703,17.345569610595703,0
2019-07-16,17.385217397205672,17.80151231072345,17.35548334259477,17.48433494567871,2615544
2019-07-17,17.662748060496916,18.019571864714578,17.603278434736552,17.761865615844727,2401992
2019-07-18,17.702391438251897,18.287184259470102,17.633007957417973,18.059213638305664,3147160
2019-07-19,18.237632913734696,18.356573695471884,17.989838988276343,18.128602981567383,1909300
2019-07-22,18.15833308779675,18.207891857966725,17.920451595946314,18.148422241210938,2745088
2019-07-23,18.23762487463049,18.554800656923987,18.128594990523304,18.336742401123047,2507668
2019-07-24,18.634101573635,18.832336696758777,18.285207333461244,18.79269027709961,2333972
2019-07-25,18.87198064264616,18.887839813396567,17.92838266920349,18.237628936767578,3516580
2019-07-26,18.2534910460158,18.61031337085959,17.975961562861286,18.45965576171875,2292726
2019-07-29,18.52309093339696,18.554807767574253,18.15833750966705,18.32485580444336,2017806
2019-07-30,18.31692251621973,18.626168770920827,18.158333840139644,18.610309600830078,3315858
2019-07-31,18.67375019936732,18.73718538576445,18.118692696495927,18.634103775024414,4596980
2019-08-01,18.47550834481364,18.76096733616455,18.277273270245193,18.546873092651367,2585916
2019-08-02,18.50722711633968,18.745108606430097,18.443791951487995,18.562732696533203,3505702
2019-08-05,18.49137182728335,18.570666178090622,18.047325580142147,18.19798469543457,1989910
2019-08-06,18.182124984576898,18.396219271694896,17.9680306974589,18.27727699279785,2873524
2019-08-07,18.23763363565353,18.673750356757846,18.15833927388525,18.5548095703125,3411958
2019-08-08,18.57066473490194,19.086075706473977,18.57066473490194,18.998851776123047,5372998
2019-08-09,19.03849983215332,19.173299765228503,18.990923830013212,19.03849983215332,2730612
2019-08-12,19.03849983215332,19.03849983215332,19.03849983215332,19.03849983215332,0
2019-08-13,19.03849983215332,19.03849983215332,19.03849983215332,19.03849983215332,0
2019-08-14,19.03849983215332,19.03849983215332,19.03849983215332,19.03849983215332,0
2019-08-15,18.82440355965832,19.843331779329723,18.47550938529348,19.61734390258789,9784338
2019-08-16,19.66492228913732,20.001922883278933,19.617346286256502,19.90280532836914,4735994
2019-08-19,20.001920586623047,20.0613902052922,19.649062373646206,19.656991958618164,3046482
2019-08-20,19.7838683682298,19.88298594219405,19.17330374963063,19.498409271240234,3896026
2019-08-21,19.450824544203343,19.752141168586466,19.228800733532875,19.276376724243164,3082806
2019-08-22,19.308101803161108,19.41911299106111,18.84026677927681,19.22880744934082,3134812
2019-08-23,19.419112145235534,19.882983111810596,19.18123060654992,19.720430374145508,3313414
2019-08-26,19.276381136777548,19.498404998271244,19.189158719244947,19.347745895385742,2030108
2019-08-27,19.26845197167937,19.28431114336375,18.51515946563745,18.594453811645508,5843892
2019-08-28,18.832334053176655,18.92748756438107,18.507228617883335,18.68167495727539,4884548
2019-08-29,18.5944526796178,18.871980605129362,18.52308792379661,18.602380752563477,1826310
2019-08-30,18.602380752563477,18.602380752563477,18.602380752563477,18.602380752563477,0
2019-09-02,18.61030808122915,18.737178406768304,18.308991436177052,18.49136734008789,2981654
2019-09-03,18.54687548465538,18.54687548465538,17.99181811172574,18.07904052734375,3800004
2019-09-04,18.245559714299517,18.412076480817614,18.086971021260872,18.380359649658203,3041296
2019-09-05,18.45172519975122,18.816477091966796,18.404147682355678,18.776830673217773,2755104
2019-09-06,18.82440859282571,19.331890064015873,18.8164790057866,18.911632537841797,3612746
2019-09-09,19.165372417999254,19.30017236681917,18.92749086710012,19.149513244628906,2605864
2019-09-10,19.20502016557472,19.268455351023796,19.04643295815908,19.212949752807617,3358532
2019-09-11,19.27638197751999,19.27638197751999,18.99092444305076,19.244665145874023,3100192
2019-09-12,19.35567437326867,19.434968713007713,19.006780185865125,19.10986328125,19713834
2019-09-13,19.189161028637677,19.28431304329082,19.0305723209971,19.22880744934082,2805018
2019-09-16,19.18915716213097,19.656992091749178,19.109862824288044,19.57769775390625,4568820
2019-09-17,19.609416468298583,19.752145987665713,19.403251775036487,19.442899703979492,4317528
2019-09-18,19.442903089133324,19.561843871843124,19.29224395774672,19.427043914794922,3821530
2019-09-19,19.625279056782624,19.625279056782624,19.36360872985542,19.427043914794922,3522614
2019-09-20,19.41911300059346,19.522196114334637,19.29224263938432,19.36360740661621,6379172
2019-09-23,19.387395297316427,19.61734724954346,19.157441832675456,19.585630416870117,2478424
2019-09-24,19.728356959072958,19.775934473150464,19.38739384933377,19.482545852661133,2170748
2019-09-25,19.506335368652273,19.656994477598573,19.387394603658407,19.609416961669922,1922762
2019-09-26,19.6728510361494,19.6728510361494,19.308099175593405,19.37153434753418,2228926
2019-09-27,19.387394603658407,19.656994477598573,19.331887501741644,19.609416961669922,2369928
2019-09-30,19.625273144337832,19.641132313898392,19.371532481023486,19.506332397460938,2933970
2019-10-01,19.506332306613157,19.704567387955947,19.427037971593315,19.601484298706055,2571456
2019-10-02,19.76800342824441,19.76800342824441,19.42703883126058,19.633203506469727,3437002
2019-10-03,19.656994892715424,19.768006074065518,19.427041431445755,19.490476608276367,2402596
2019-10-04,19.434971901362434,19.54598308776051,19.292242368899775,19.40325355529785,1803916
2019-10-07,19.316028845030417,19.4984047761005,18.89576988383892,19.022640228271484,8904974
2019-10-08,18.903698474074826,19.14950956441842,18.77682813632241,19.070215225219727,2947836
2019-10-09,19.006778677265984,19.125720933640775,18.83233235361717,18.990921020507812,2733764
2019-10-10,19.149509260201345,19.506333024719947,18.84026300589436,19.094003677368164,3401586
2019-10-11,19.046431005848508,19.086077425535024,18.848195882588005,18.927490234375,1765810
2019-10-14,18.80854230500947,19.109860448875107,18.5389424973038,18.943342208862305,5127736
2019-10-15,19.228804888321612,19.411180819128443,18.85612344114064,18.887840270996094,2934832
2019-10-16,18.967135858262317,18.990924616524506,18.24556016086217,18.27727699279785,5176102
2019-10-17,18.253491626188495,18.88784345434917,18.253491626188495,18.531021118164062,5004382
2019-10-18,18.634101145859006,18.816477091966796,18.562736382179626,18.776830673217773,3427052
2019-10-21,18.816477695540552,18.982995986938477,18.784760862006745,18.982995986938477,1594214
2019-10-22,19.09400479019218,19.09400479019218,18.776828932364495,18.832334518432617,1744096
2019-10-23,18.784757614135742,18.85612236776537,18.523087354965014,18.784757614135742,2263976
2019-10-24,18.943346745304115,19.101935439254817,18.705465216791936,19.054359436035156,4379150
2019-10-25,19.117794177329397,19.117794177329397,18.943346315459262,19.03849983215332,1378806
2019-10-28,18.982993149077917,19.070215562567068,18.68167495727539,18.68167495727539,831008
2019-10-30,18.689603331864642,18.840262418006212,18.57859216966225,18.657886505126953,3124790
2019-10-31,18.74511275861185,18.85612545600266,18.57066639473195,18.79269027709961,2587370
2019-11-01,18.816473663642704,18.832332833218377,18.610308996399937,18.657886505126953,912918
2019-11-04,18.71339478181978,18.935417138206017,18.697535609959655,18.919559478759766,1022230
2019-11-05,18.911629027698037,19.022640200812837,18.824405098871377,18.887840270996094,1566302
2019-11-06,18.92749143374995,18.95127868210359,18.745113959358992,18.816478729248047,1992728
2019-11-07,18.87991320924762,19.395324240711492,18.848196375152337,19.36360740661621,2461834
2019-11-08,19.34774789085415,19.42704224330964,18.943348054503744,18.982995986938477,2171132
2019-11-11,18.903703383288363,18.911632970508883,18.071116386517012,18.25349235534668,9287250
2019-11-12,18.237634529714025,18.316928895369543,17.777729023809112,17.91252899169922,5703468
2019-11-13,17.928384384918754,18.308995444869723,17.84116044985811,18.182125091552734,3891032
2019-11-14,18.19005418090592,18.22177101216201,17.73014878458864,17.761865615844727,4572636
2019-11-15,17.920453083828285,18.24555852214278,17.920453083828285,18.237628936767578,3202600
2019-11-18,18.47865709334719,18.542930621941025,18.317972505661714,18.406349182128906,2894186
2019-11-19,18.398315789131246,18.42241893830109,18.173359193153548,18.37421417236328,3076484
2019-11-20,18.35011003828582,18.35011003828582,18.197459833207105,18.245664596557617,3002794
2019-11-21,18.221561458210562,18.35010850466976,18.052842501981818,18.10908317565918,3207922
2019-11-22,18.165321626407827,18.165321626407827,17.980533913295695,18.04480743408203,2438702
2019-11-25,18.109082824859108,18.237629868828158,17.940363871898708,17.99660301208496,3628078
2019-11-26,17.980535865075634,18.044809392838836,17.723441754022815,17.79574966430664,4263922
2019-11-27,17.81985027895198,18.22156015347334,17.739507997567394,18.213525772094727,3974582
2019-11-28,18.22156110029582,18.719680512440547,18.18138919131535,18.70361328125,3986016
2019-11-29,18.67951206175314,18.719682442473612,18.32600688828617,18.406349182128906,3734698
2019-12-02,18.470621437534806,18.583099721720387,18.390279149230096,18.558998107910156,4187886
2019-12-03,18.567034737102592,18.567034737102592,18.261734311075283,18.326007843017578,3270868
2019-12-04,18.245664307089775,18.317972217169274,18.101050019332554,18.205493927001953,2853138
2019-12-05,18.277799941913713,18.317970317836394,18.197457657666735,18.229595184326172,3871728
2019-12-06,18.197462131843224,18.2617356685633,18.076949442043336,18.084983825683594,2589764
2019-12-09,18.109086976604367,18.109086976604367,17.787717760602003,18.084983825683594,3347730
2019-12-10,18.093014741291586,18.093014741291586,17.803783115289587,17.90019416809082,3071928
2019-12-11,17.88397881543317,17.981263154446758,17.770481708485743,17.875871658325195,4923634
2019-12-12,17.940728365117796,18.362291280448325,17.883979808492956,18.34607696533203,3970500
2019-12-13,18.41904116425851,18.500111199399303,18.127191202546886,18.24068832397461,5806456
2019-12-16,18.240684393403665,18.321754411075187,18.013688653179795,18.208255767822266,4933400
2019-12-17,18.248789817030694,18.313645515753308,18.192041273933636,18.25689697265625,3742872
2019-12-18,18.24068587823125,18.53253734709322,18.175830168071045,18.50010871887207,5713386
2019-12-19,18.573069729683798,18.670354058341452,18.427144009838287,18.516321182250977,4247856
2019-12-20,18.62981913365711,18.646033446892528,18.524429190190936,18.589284896850586,2782226
2019-12-23,18.581175591489288,18.637924134968777,18.51631989232961,18.6217098236084,1342166
2019-12-24,18.73521113516076,18.921671103615186,18.73521113516076,18.873029708862305,1526234
2019-12-25,18.84871098086767,18.945995330810547,18.743321019188315,18.945995330810547,810698
2019-12-26,18.848710785384775,19.027063621100993,18.824389311580727,18.99463653564453,1054468
2019-12-27,19.01084604225365,19.116235976179016,18.929776029697738,19.08380889892578,1266092
2019-12-30,19.027060783880664,19.116237961582254,18.913563682283762,19.00274085998535,1443416
2019-12-31,19.043274982339707,19.205415023312234,18.970312118530273,18.970312118530273,1027924
2020-01-02,18.945991659930417,19.002740208784164,18.767637310639234,18.783851623535156,1852116
2020-01-03,18.832497068457865,19.26216717496753,18.8000699819701,19.213525772094727,4108226
2020-01-06,19.221631044133293,19.44051967261406,19.16488248407138,19.327022552490234,3067690
2020-01-07,19.33512948170062,19.61076666698102,19.205418047013637,19.47294807434082,2405072
2020-01-08,19.497265576724228,19.740475646222006,19.39187562900598,19.63508415222168,3034112
2020-01-09,19.7161521227255,19.845863527773805,19.302696439278307,19.797222137451172,5390650
2020-01-10,19.594550027033915,19.764795685012487,19.521587160391075,19.667512893676758,2569606
2020-01-13,19.659408514883065,19.80533426879046,19.52969707725034,19.6431941986084,3098412
2020-01-14,19.578335523550674,19.837758359644436,19.570228366637483,19.716154098510742,3157562
2020-01-15,19.82154628311959,20.032326185082432,19.781010497140485,19.951257705688477,2718142
2020-01-16,19.98368399486604,20.449835464286387,19.894508361816406,19.894508361816406,3759944
2020-01-17,19.910720864495204,20.21878663648125,19.683726660170795,20.024219512939453,2104328
2020-01-20,20.105289847186228,20.26742990493861,19.99179273452887,20.008007049560547,1215286
2020-01-21,19.99989782720083,20.307962049586344,19.68372644813648,20.287694931030273,3414636
2020-01-22,20.348495114570458,20.409296462116046,19.837755136009296,20.016109466552734,2700358
2020-01-23,20.06475459773366,20.77411460876465,20.032325969299688,20.77411460876465,3628570
2020-01-24,20.91598556220609,20.956521346914716,20.267428469688877,20.409299850463867,3045040
2020-01-27,20.42956701175674,20.42956701175674,19.959362767731765,19.999897003173828,1886168
2020-01-28,19.94315347262143,20.0647577558245,19.635087639139133,19.862083435058594,2955174
2020-01-29,19.926934002251432,20.21067828719684,19.80532975049825,20.162036895751953,2467042
2020-01-30,20.170144548956255,20.328231793159496,19.98368457429452,20.097183227539062,3163328
2020-01-31,20.105288255411587,20.105288255411587,19.716154003153004,19.894508361816406,3129914
2020-02-03,19.77290369135383,19.935043745587592,19.5702293967027,19.740476608276367,1625576
2020-02-04,19.740475823406925,20.072861529716747,19.570228618602183,20.032325744628906,2755048
2020-02-05,20.06475317317197,20.07286032970487,19.724260330200195,19.724260330200195,2600536
2020-02-06,19.78101098630244,19.983685282363492,19.635085245733336,19.675621032714844,2520408
2020-02-07,19.618874503982866,19.789120188046223,19.48105590657249,19.497268676757812,2710434
2020-02-10,19.35944575933184,19.54590726453672,19.14866587741673,19.31080436706543,5041052
2020-02-11,19.33512753179442,19.594550375006143,19.302698903251894,19.45673179626465,3868298
2020-02-12,19.448626720532605,19.61887394603658,19.27838104131091,19.294593811035156,4520392
2020-02-13,19.254058948375075,19.3189146640341,19.10002604382905,19.286487579345703,2489492
2020-02-14,19.31080745093302,19.399984639564373,19.100025989074872,19.270273208618164,3218350
2020-02-17,19.359448906465158,19.440518937609497,19.18109607497339,19.286487579345703,1556706
2020-02-18,19.156775664747084,19.286488649545092,19.1162414200668,19.213525772094727,2129680
2020-02-19,19.254057832152046,19.359447784132314,19.132453565626463,19.34323501586914,2694624
2020-02-20,19.375659743868972,19.635082559936667,19.375659743868972,19.52158546447754,10548082
2020-02-21,19.5378016644197,19.643191613772224,19.286485980362066,19.618871688842773,5502234
2020-02-24,19.667517057325107,19.691838533448983,19.254061240913703,19.554019927978516,4463030
2020-02-25,19.618872482459214,19.626978093575513,19.108132390331026,19.116239547729492,4074426
2020-02-26,19.116236927801275,19.5783340122071,18.897348346888425,19.52158546447754,4959088
2020-02-27,19.416196633735066,19.5945494433929,19.302697985514587,19.4648380279541,5336812
2020-02-28,18.727103716436844,19.408089418582332,18.64603369546104,19.00274085998535,3126986
2020-03-02,19.472944047096078,19.513478282196928,18.88924116543934,19.075702667236328,4418606
2020-03-03,19.148666646107294,19.57833512989254,19.148666646107294,19.4648380279541,4230128
2020-03-04,19.554017352623905,19.837760138620148,19.399984450024366,19.7810115814209,2809370
2020-03-05,20.04043312640818,21.138928947236284,19.862080308867665,20.77411460876465,4325802
2020-03-06,21.159195739026732,23.22647283491674,20.510637096935017,21.54427719116211,4024596
2020-03-09,21.341605304313426,21.341605304313426,20.571442313473437,21.037593841552734,4138718
2020-03-10,21.483476503726575,21.524010746541464,20.733582187675434,20.855186462402344,3013378
2020-03-11,20.855186462402344,20.855186462402344,20.855186462402344,20.855186462402344,0
2020-03-12,22.456304618486826,23.93582552465117,20.226888156395525,21.0781192779541,8335784
2020-03-13,21.179461081266172,21.726680988298067,20.186356855280554,20.510635375976562,4942588
2020-03-16,20.591704408961487,20.591704408961487,18.540641897121606,18.905454635620117,3724418
2020-03-17,19.683729600862915,19.69994237053534,18.240687952822455,18.45146942138672,4497552
2020-03-18,18.273112184203633,20.105286149957085,17.746157866552892,19.845863342285156,7017454
2020-03-19,20.024221874768156,21.483476246589653,20.024221874768156,21.118661880493164,7473554
2020-03-20,21.48347348122266,22.537379108958504,20.20257210532557,20.287694931030273,6872536
2020-03-23,20.194464466840444,21.746950142451617,19.740474527631434,21.321332931518555,9512912
2020-03-24,21.807753946940213,21.86855685427147,21.301068206786947,21.605079650878906,8338024
2020-03-25,21.686147533177177,21.76721755283798,20.77411329112767,20.976787567138672,6347962
2020-03-26,20.997057523378412,21.24026761523232,20.409301734250917,21.199731826782227,5859146
2020-03-27,21.098393562637682,21.159196468965792,20.348499298095703,20.348499298095703,3842918
2020-03-30,20.368766498565673,20.97678937911987,20.235000722628318,20.26742935180664,4926666
2020-03-31,20.51063617883528,20.571439080344177,20.24310619550376,20.4498348236084,3712040
2020-04-01,20.389033305991923,20.632243382253225,20.243107569491567,20.611974716186523,3854902
2020-04-02,20.794380475406776,20.99705475206041,20.267427665363723,20.4498348236084,4802288
2020-04-03,20.67277785718731,20.67277785718731,20.28769639176759,20.348499298095703,3029428
2020-04-06,20.530901447151418,20.530901447151418,20.328227204025666,20.389028549194336,3080136
2020-04-07,20.449836075704766,20.733580389649273,20.226894666991978,20.328231811523438,7839120
2020-04-08,20.26742935180664,20.40930073875643,20.170145010553824,20.26742935180664,3143402
2020-04-09,20.389028549194336,20.47009855570099,20.307958542687683,20.389028549194336,3890100
2020-04-10,20.895720897828387,21.48347670175551,20.855186654639866,21.037593841552734,6551570
2020-04-13,20.956525439210985,21.17946688665615,20.895722523415767,20.93625831604004,3935964
2020-04-14,20.997059685552877,21.199734009827097,20.774118238107707,20.93625831604004,5681708
2020-04-15,21.07812527830109,22.294170967433846,20.530905336704173,22.050962448120117,19419948
2020-04-16,22.294169713019702,22.65898401774554,21.88882117278298,22.172565460205078,9793060
2020-04-17,22.537379559119625,22.577915343323454,22.050962518930184,22.415775299072266,5163876
2020-04-20,22.780590345943065,23.003531754127525,22.436043127583343,22.881927490234375,5448136
2020-04-21,22.962998491085607,23.226474149674154,22.49684698901654,22.658987045288086,3449258
2020-04-22,22.638716328602573,22.82112348882052,22.31443779170513,22.3955078125,4943064
2020-04-24,22.49684400451611,22.699518274827067,22.415773987135335,22.61844825744629,5292306
2020-04-27,22.800855409982542,23.0035296802935,22.49684400451611,22.61844825744629,4200392
2020-04-28,22.577915048103478,22.618449285495235,22.132030705383954,22.314437866210938,4065180
2020-04-29,22.92246033476243,22.92246033476243,22.47657754552244,22.740053176879883,9334458
2020-04-30,22.780590291998347,22.780590291998347,22.091497403192793,22.53738021850586,4495938
2020-05-04,22.132029729046128,22.29416976402455,21.625344052591025,21.645612716674805,4251380
2020-05-05,21.726680418185424,21.80775043280262,20.855182013325823,21.179460525512695,5578400
2020-05-06,21.138927755489938,21.1794619924651,20.794380556072966,20.814647674560547,4779916
2020-05-07,20.83491655710778,20.936253696886936,20.5309051377703,20.551172256469727,6119590
2020-05-08,20.591703352493983,20.79437760113326,20.348494872639577,20.672773361206055,9801748
2020-05-11,20.814644716740826,20.936250502949836,20.591703352493983,20.672773361206055,4739060
2020-05-12,20.733577899352337,21.19972778043881,20.652507884208013,21.01732063293457,11812012
2020-05-13,20.976393986071695,21.856379919291037,20.85360565061603,21.447084426879883,12365698
2020-05-14,21.488011704945265,22.224743222561447,21.44708278337592,22.122419357299805,12916582
2020-05-15,23.207057080584683,23.88239377460559,22.756831056565524,23.329845428466797,20769282
2020-05-18,23.432170832615896,25.376324744492322,23.432170832615896,25.33539581298828,14365004
2020-05-20,25.437716384098945,26.276770299826758,24.496335468946185,24.7828426361084,14159934
2020-05-21,24.98748472774026,25.62189230756129,24.598653771934433,25.212596893310547,7553708
2020-05-22,25.35585614260685,26.3177014894389,25.151208395792167,25.867475509643555,7754728
2020-05-27,26.276768030433022,26.604205656818365,25.45817864848462,25.847009658813477,8153708
2020-05-28,25.826549949616588,25.887944909906786,25.130748726800725,25.294466018676758,5061052
2020-05-29,25.25353176298408,25.990263324481226,25.13074342962428,25.887939453125,5020654
2020-06-01,27.013503671207474,27.913952544510284,26.072124310084604,26.25630760192871,12134980
2020-06-02,26.399557939309517,26.440486861966917,25.519572050130538,26.010726928710938,5775224
2020-06-03,25.82654199102249,26.767922764907375,25.82654199102249,26.358627319335938,6456164
2020-06-04,26.747459669850457,28.220922810575832,26.399559127588137,28.11859893798828,10898510
2020-06-05,28.548360413335068,28.957655903131986,27.21815007149508,27.525121688842773,12315112
2020-06-08,27.17722339097731,27.238618344051364,26.522351177767128,26.56328010559082,6287612
2020-06-09,26.481419815610234,26.72699963428992,26.072125842718787,26.624675750732422,6197614
2020-06-10,26.70653029482337,26.74745921863258,26.35862975842998,26.501882553100586,5152820
2020-06-11,26.440487188507873,26.56327708067317,25.703755642207774,25.744686126708984,5700268
2020-06-12,25.51957358588657,26.460954477041827,25.273996912486837,26.113052368164062,6651722
2020-06-15,25.8470120917589,26.50188428349521,25.601433848853937,26.25630760192871,8823928
2020-06-16,26.604205721550002,26.788387435167003,26.338163039799177,26.440486907958984,5441190
2020-06-17,26.42002610655596,27.279546042837296,26.317702230268253,27.218151092529297,8519974
2020-06-18,27.300007227402876,27.709302706810274,27.17722045718667,27.463726043701172,5441890
2020-06-19,27.750234579014425,28.036740163733736,27.11582534083737,27.48419189453125,5588816
2020-06-22,27.62744474277429,28.241387959280384,27.62744474277429,28.077669143676758,4408554
2020-06-23,27.954883940817734,28.56882719173458,27.954883940817734,28.44603729248047,4440238
2020-06-24,28.241390914298663,29.059981955292827,28.220924889203005,28.896263122558594,5300172
2020-06-25,29.100910882807135,29.46927747578991,28.323248769327275,28.896263122558594,8434448
2020-06-26,29.039513999139288,29.059980022874004,28.54836065627411,28.630218505859375,3350262
2020-06-29,28.527895124281862,28.630218999365624,27.852560046870522,27.913951873779297,4500510
2020-06-30,27.89348949275823,28.220924025528873,27.668375714303423,27.995813369750977,10667186
2020-07-01,27.83209435025552,27.89348930056352,27.136293240569888,27.218151092529297,8381164
2020-07-02,27.21814711909703,27.402328820456436,27.13628927908761,27.300004959106445,6704356
2020-07-03,27.56605078640315,28.2004600486432,27.340940139207202,27.504655838012695,11588944
2020-07-06,27.873022801209604,28.77347477080159,27.83209387592743,28.527894973754883,12537506
2020-07-07,28.650687110309182,29.305559334009406,28.302786534219415,29.22370147705078,10389602
2020-07-08,29.22370096424936,29.469277653493066,28.67115263278177,28.81440544128418,6075482
2020-07-09,28.937191164478104,29.1418389184636,27.852560566496514,27.995813369750977,6945208
2020-07-10,28.20046391534168,28.20046391534168,27.688844479731987,28.036745071411133,5685868
2020-07-13,28.077669544055816,28.834865564008716,28.077669544055816,28.773473739624023,6148814
2020-07-14,28.855334195044286,29.059981955292827,28.609757507281437,28.896263122558594,7970796
2020-07-16,29.019054061178156,29.264630757686255,28.630221429252977,29.12137794494629,6834298
2020-07-17,29.059978822094813,29.223697637177157,28.793936137920582,28.95765495300293,3797892
2020-07-20,28.998584071957506,29.387416650738793,28.85533127879669,29.203231811523438,4884732
2020-07-21,29.428344150122566,29.61252585774895,28.44603442320326,29.0190486907959,7059572
2020-07-22,29.182772899742595,29.285096783510728,28.875801248438194,29.12137794494629,4057466
2020-07-23,29.162303291635702,30.22647092756706,29.059979420436978,29.96042823791504,7503474
2020-07-24,29.837638043046656,30.1446096214264,29.632990324126823,30.124143600463867,4137308
2020-07-27,30.574367836993748,31.065524234070477,30.390186139762697,30.41065216064453,5350466
2020-07-28,30.43111187450078,30.922268220182303,30.103677433389134,30.20600128173828,6188500
2020-07-29,30.410656270170065,30.451585194788272,29.10090882364989,29.510204315185547,7707980
2020-07-30,29.510204299729153,29.59206527159948,29.182769780278196,29.24416160583496,2385066
2020-08-04,29.28509387886624,29.530670551016794,26.62467316476881,26.89071273803711,21750598
2020-08-05,26.726995565921996,27.361401673803297,25.396783720820018,26.010726928710938,15252364
2020-08-06,26.010727423950712,26.379092418895876,25.437714689145448,25.724220275878906,14274578
2020-08-07,25.662826555039842,26.031191545166593,25.028418882039617,25.8265438079834,16634252
2020-08-10,25.62189680597407,26.665601544626224,25.560503419860538,26.481416702270508,17950932
2020-08-11,26.911177381103297,27.340938877324657,26.297234170888014,26.972572326660156,17091644
2020-08-12,26.95210445505177,27.484189783142288,26.788385652356503,27.300004959106445,14081962
2020-08-13,27.791162120733038,27.913948884076454,27.177218935986403,27.627443313598633,13853370
2020-08-14,27.48419189453125,27.852558448225132,26.972572548477714,27.48419189453125,8868894
2020-08-17,27.54558526096196,27.627443102565632,27.34093753427629,27.381866455078125,4081438
2020-08-18,27.832092943260697,28.036740685490557,27.34093961097973,27.36140251159668,7260628
2020-08-19,28.118598473780306,29.059979335115294,28.03674062613236,28.83486557006836,21832864
2020-08-20,28.69161236018285,28.753007306368797,27.995811297213283,28.077669143676758,6996082
2020-08-21,28.302784297161566,28.405108171610685,27.627446101262016,27.934417724609375,6515750
2020-08-24,27.770700783628076,28.589291834716168,27.566053020856053,28.46650505065918,7281132
2020-08-25,28.486965850042203,28.548360798876224,27.873022607055617,28.01627540588379,6262670
2020-08-26,28.36417846831482,29.346485137939453,28.01627480658962,29.346485137939453,11152190
2020-08-27,29.366947118905568,29.735313630646612,28.99858060716452,29.10090446472168,6071398
2020-08-28,29.14183575654461,29.223696722862954,28.52789256120159,28.65068244934082,3975802
2020-08-31,28.650685023453118,28.732542874449386,27.586517347117372,27.913951873779297,10206918
2020-09-01,27.91395308737471,28.282319678226838,27.54558961919957,27.791166305541992,8327008
2020-09-02,27.934417368932678,27.934417368932678,27.72976962264013,27.77069854736328,4404636
2020-09-03,27.913948884076454,27.995809848981917,27.545585471369687,27.627443313598633,4442130
2020-09-04,27.586517857169866,27.97534734060656,27.48419398019422,27.72977066040039,3953994
2020-09-07,27.87301788243837,27.913946800497786,27.54558341528674,27.709299087524414,3139582
2020-09-08,27.70930376723633,27.811627641004083,27.50465601970083,27.688840866088867,3870462
2020-09-09,27.64791281251102,28.07767122227441,27.60698076357239,27.995813369750977,4465338
2020-09-10,27.95488339263265,28.0776701668021,27.504655852647613,27.77069854736328,4572392
2020-09-11,27.709303277518433,28.405107480447995,27.709303277518433,28.13906478881836,6216778
2020-09-14,28.364179283463198,28.875798656377924,28.139065510309983,28.79393768310547,5498808
2020-09-15,28.732544463084928,29.407882700512882,28.26185710981659,28.81440544128418,7761280
2020-09-16,28.773474426648782,29.244161745779248,28.486965707746762,28.630218505859375,4790572
2020-09-17,29.18276956794867,29.18276956794867,28.159530847090394,28.67115020751953,4751644
2020-09-18,28.69161345438672,28.7939373277067,28.486965707746762,28.630218505859375,2873988
2020-09-21,28.609755760713433,28.753008559606716,28.17999424135677,28.282318115234375,4494384
2020-09-22,28.057207634209426,28.60975593191968,28.057207634209426,28.20046043395996,5976224
2020-09-23,28.48696955021222,28.48696955021222,27.975350114602527,28.036745071411133,3762966
2020-09-24,27.954881013348313,28.323244427181468,27.89348607015061,28.22092056274414,3895782
2020-09-25,28.323247393226357,28.834866768990395,28.323247393226357,28.44603729248047,5708984
2020-09-28,28.241390049998188,28.4869667302454,27.975347345281666,27.995813369750977,5795618
2020-09-29,28.077674001724468,28.24139284565501,27.83209729716726,28.036745071411133,5339564
2020-09-30,28.22092335012333,28.609755946996064,28.159531523538487,28.527894973754883,5403626
2020-10-01,28.650681907929147,28.99858242084727,28.364176337920462,28.507429122924805,4701432
2020-10-02,28.56882544891797,28.56882544891797,28.282316742362212,28.425569534301758,2439188
2020-10-05,28.405107179932234,28.81440266343939,28.405107179932234,28.773473739624023,3099874
2020-10-06,28.896262599885773,28.957657551385232,28.486967086791992,28.486967086791992,5831732
2020-10-07,28.302781527899917,28.425568291618795,28.159528742222964,28.22092056274414,4161682
2020-10-08,28.200460265203017,28.46650296182015,28.15953134018734,28.282318115234375,5950034
2020-10-09,28.36417979086974,28.65068539575655,28.282318816132875,28.609756469726562,4132730
2020-10-12,28.671149874772468,29.059979335115294,28.5892889044478,28.83486557006836,5973352
2020-10-13,28.65068960880888,28.69161854085742,28.20046511092021,28.24139404296875,5524390
2020-10-14,28.53125713896082,28.655484226717025,28.282799804141995,28.57266616821289,4573136
2020-10-15,28.55195490042703,28.9867575270552,28.48984294745659,28.717594146728516,6680026
2020-10-16,28.779717903679114,28.90394816554721,28.572669573436816,28.82112693786621,3889384
2020-10-19,28.966059539777397,29.007471732417205,28.344914561861025,28.469144821166992,5827308
2020-10-20,28.551963476689867,28.945357199734307,28.36562124319452,28.82112693786621,10470660
2020-10-21,28.80041997963581,29.131695366190467,28.67618973511134,29.110992431640625,5405886
2020-10-22,29.152401035929962,30.270460583158936,29.131694942375002,30.042709350585938,13698398
2020-10-23,30.20834677654633,30.20834677654633,29.04887815105065,29.173105239868164,8350536
2020-10-26,28.92464836688165,29.711432579238462,28.696897120743163,28.945354461669922,9143386
2020-10-27,28.924652177810977,29.83566676031394,28.80042507063347,29.13170051574707,6626436
2020-10-28,29.214515100882462,29.214515100882462,28.365615844726562,28.365615844726562,2591466
2020-10-30,28.36561946162471,28.676191937481917,27.371786907020336,27.951522827148438,8529654
2020-11-02,27.82729206234679,28.572667254446266,27.703064969867903,27.806589126586914,6426842
2020-11-03,27.93081774118944,28.386326583021813,27.889408708106508,28.241390228271484,6370274
2020-11-04,28.324208751573405,28.696896332378266,28.282799722440956,28.551959991455078,4330600
2020-11-05,28.572667482174076,28.717600670874514,28.30350404069808,28.407028198242188,4325138
2020-11-06,28.614078607623917,28.862535972053312,28.489851505062617,28.82112693786621,5686190
2020-11-09,29.690725563609835,29.690725563609835,28.551959890316052,29.048877716064453,8479686
2020-11-10,29.152396773356685,29.3387389508797,28.61407001270332,28.717594146728516,6557666
2020-11-11,28.57266717353022,28.96605770422578,28.448436922096608,28.676191329956055,6754154
2020-11-12,28.59337217989394,28.862532448908063,28.386323874925285,28.551959991455078,7459372
2020-11-13,28.42773189553337,28.63478019315662,28.3035016532369,28.448434829711914,4039516
2020-11-16,28.614078017486133,28.77971731012518,28.427735787833914,28.469144821166992,4164462
2020-11-17,28.717601632300628,29.483679791912973,28.717601632300628,29.214519500732422,13576876
2020-11-18,29.214518003090678,29.276629969067233,28.614076004429755,29.152402877807617,7272198
2020-11-19,29.193810372500252,29.525088917045487,28.77971377147188,28.90394401550293,7613528
2020-11-20,28.986766233921408,29.193814564163702,28.80042400042606,28.82112693786621,5702234
2020-11-23,28.841829708120542,29.06958094953514,28.634781401758307,28.779714584350586,5433662
2020-11-24,28.75900551889771,28.945350870956233,28.448433091439608,28.489845275878906,6071720
2020-11-25,28.48984294745659,28.862527302502624,28.48984294745659,28.717594146728516,5734446
2020-11-26,28.800423594744103,29.173108056485173,28.67619333462591,29.069583892822266,6003560
2020-11-27,29.110993248498666,29.297335461207798,28.779714693341937,28.98676300048828,4613154
2020-11-30,29.069583892822266,29.75284400485882,29.028174859218453,29.069583892822266,15612846
2020-12-01,29.400862480266277,29.44227151387009,28.945356792010827,29.069583892822266,8585670
2020-12-02,29.21451301397556,29.235215945996693,28.82111939390239,28.841825485229492,5319794
2020-12-03,28.88323195265877,29.400852596971653,28.67618369493362,29.33873748779297,8117230
2020-12-04,29.46297194123589,29.504380966872024,28.986760248154972,29.276626586914062,6854922
2020-12-07,29.27662939353598,29.400859641659938,29.09028718065649,29.173105239868164,3929238
2020-12-08,29.04887263933149,29.29732992913079,28.676185124979607,28.717594146728516,5451646
2020-12-09,28.67619456818125,29.173109311416145,28.46914623194889,28.510555267333984,11517122
2020-12-10,28.57266385793152,28.779712146757113,28.531254832027635,28.63477897644043,4454322
2020-12-11,28.98676582561464,29.23522318654427,28.759011401833536,29.069583892822266,7671422
2020-12-14,29.069581086200348,29.27662939353598,28.883238873320856,29.173105239868164,6200306
2020-12-15,29.44226878029787,30.02200467484584,29.255926566728306,29.38015365600586,7783298
2020-12-16,29.483672896294863,29.545788010234737,29.028167326245672,29.090282440185547,5012456
2020-12-17,29.090280210383924,29.628606944191596,29.069574120889133,29.33873748779297,7046896
2020-12-18,29.525092263176496,29.918482815014563,29.297337843076544,29.835664749145508,5124446
2020-12-21,30.249752026869515,30.76737267647847,30.084112787133506,30.415388107299805,9481394
2020-12-22,30.477510208170454,30.498216302626748,29.773547226946647,29.877071380615234,8237248
2020-12-23,29.835664627216552,30.78808501804525,29.814958531180558,30.70526695251465,8776544
2020-12-24,30.643145895898776,31.05724246205957,30.229049329737983,30.477506637573242,5463596
2020-12-25,30.436101314604198,30.498216438944272,30.208346911792738,30.270462036132812,1707402
2020-12-28,30.31187076727915,30.643149320958024,30.31187076727915,30.53962516784668,2421860
2020-12-29,30.477510391455226,31.40922778007564,30.35328330188972,31.34711265563965,6873596
2020-12-30,31.471336514342067,31.740499892707472,31.05723998125862,31.67838478088379,8569394
2020-12-31,31.781916486767965,31.80262258207807,31.26429569708119,31.657686233520508,6512102
2021-01-04,31.34711549332584,32.21672099553745,31.34711549332584,32.154605865478516,4900610
2021-01-05,31.885441720927357,31.906147816936347,31.347114817760456,31.5955753326416,6460078
2021-01-06,31.864733206390518,31.864733206390518,31.32640950338898,31.636981964111328,4674240
2021-01-07,31.69908912378014,32.00966150647176,31.47133477941736,31.88543128967285,9373014
2021-01-08,31.92794802472507,32.50188520170183,31.906693014350612,32.4168586730957,6606866
2021-01-11,32.331842791330445,32.778237078841016,32.24681299116994,32.501895904541016,6798958
2021-01-12,32.416859899550644,32.56565795201806,32.183032071705945,32.35308837890625,4034146
2021-01-13,32.43811570458421,32.629427008515464,32.16177463169706,32.480628967285156,5427000
2021-01-14,32.71445476677131,33.09708063260721,32.374345408792635,32.4168586730957,6996926
2021-01-15,32.3956012087857,32.45937272857176,31.6303527020157,31.694124221801758,4552524
2021-01-18,31.502811488504538,31.842924118041992,31.098930579038928,31.842924118041992,4411652
2021-01-19,32.01298019593439,32.1405199984014,31.545324522892145,31.587841033935547,3819368
2021-01-20,31.630361352472395,32.03424234898279,31.162708818735336,31.92795753479004,7985664
2021-01-21,32.05549263805331,32.183032437236406,31.29024086873747,31.332754135131836,6534596
2021-01-22,31.290243073055432,31.481557650639175,30.907617161442488,31.439041137695312,4805784
2021-01-25,31.60909878224735,31.757896853117252,31.183959583444953,31.226472854614258,4780366
2021-01-26,31.332752931806027,32.05549140697093,31.162699872759404,31.885435104370117,8772510
2021-01-27,31.88544638673831,32.0129894697074,31.35402228029267,31.63036346435547,6653838
2021-01-28,31.290245926963237,31.67287187347457,31.183961122018694,31.609100341796875,6893310
2021-01-29,31.375272350363115,31.46029888777314,30.588762283325195,30.588762283325195,7581314
2021-02-01,30.695051381679924,30.71630964079103,30.376196956342994,30.3974552154541,4153778
2021-02-02,30.503733598271683,30.67378990467325,30.26990577152525,30.333677291870117,4679268
2021-02-03,30.43995984583278,30.461218098907008,29.802251176254355,30.22739028930664,9355482
2021-02-04,30.43996190487885,30.695044741253948,30.291163853956228,30.4187068939209,5812660
2021-02-05,30.418713280252067,30.673796170181166,30.142372131347656,30.142372131347656,4916422
2021-02-08,30.227396388848895,30.439965988269147,30.014826789428643,30.18488311767578,5393492
2021-02-09,30.184882902342995,30.227396173212828,29.929800033569336,29.929800033569336,4690582
2021-02-10,30.014827082237524,30.5887643575603,30.014827082237524,30.291168212890625,9863992
2021-02-11,30.269909526341415,30.291167783611428,29.75974378740772,29.781002044677734,4993244
2021-02-12,29.717229119709355,29.717229119709355,29.2708316864571,29.313344955444336,4792516
2021-02-15,29.419635959563003,29.75974867036063,29.419635959563003,29.4621524810791,3011526
2021-02-16,29.48339636007338,29.568426127427923,28.69688966247919,28.93071746826172,5965942
2021-02-17,29.079524231937395,29.270835589668224,28.7819248222334,29.16455078125,10262630
2021-02-18,29.292090773720332,29.63220017882135,29.07952117919922,29.07952117919922,10528452
2021-02-19,29.185808370628283,29.504662788566197,29.03701029096823,29.100778579711914,6207048
2021-02-22,29.100772032811335,29.122030286646602,28.48432159423828,28.48432159423828,6128152
2021-02-23,28.61186599175635,28.803177311161534,28.122955322265625,28.122955322265625,6805062
2021-02-24,28.03792846117081,28.335527842193883,27.80410385131836,27.80410385131836,8305374
2021-02-25,27.995413647254924,28.29301301187167,27.54901946566149,27.76158905029297,7735602
2021-02-26,27.081366745484893,28.548097276322245,27.06011011032612,28.101699829101562,11971220
2021-03-01,28.165470723355753,28.50558336536149,27.995414402352885,28.378040313720703,5036904
2021-03-02,28.569348992960236,29.164544439387374,28.52683572754849,28.951974868774414,7084310
2021-03-03,29.05825876869494,29.14328854048187,28.399295066005497,28.48432159423828,6371568
2021-03-04,28.463065490840666,28.718151581919535,28.207982643316182,28.25049591064453,6601302
2021-03-05,28.22924035315779,29.0795186575086,28.20798209812729,28.8669490814209,7487324
2021-03-08,28.973235432462353,29.07952022623987,28.42055320739746,28.42055320739746,7153018
2021-03-09,29.015750885009766,29.7384862396687,28.718154737457205,29.015750885009766,22496622
2021-03-10,29.10077488964388,29.377115998860145,28.97323508477408,29.292089462280273,11479060
2021-03-11,29.355865480911365,30.078600883155307,29.355865480911365,29.908544540405273,12536584
2021-03-12,29.90854228149054,30.35493974204976,29.4834030785026,30.291168212890625,8913992
2021-03-15,30.312426470461908,30.546251085972447,30.036085339808807,30.291168212890625,7248596
2021-03-16,30.312423868307032,30.716304779052734,30.184880820937636,30.716304779052734,7224478
2021-03-17,30.73756664906779,30.865106467879492,30.41871223670632,30.461225509643555,7898126
2021-03-18,30.26991091609378,31.311503942607477,30.26991091609378,30.461225509643555,9562470
2021-03-19,30.376195632721647,31.035162713792587,30.2486558142773,30.610023498535156,13438488
2021-03-22,29.334604065054243,29.419630605502125,27.549020767211914,27.549020767211914,17108090
2021-03-23,27.081366276789055,29.207060569645495,25.146983318827825,28.78192138671875,16484030
2021-03-24,28.9519783415951,29.674716914504973,28.378041080806568,29.334604263305664,9875444
2021-03-25,29.3346072217345,30.099859142332168,29.143295863362564,29.908544540405273,13506562
2021-03-26,30.163626025092928,30.610023498535156,28.909466637505425,30.610023498535156,13357794
2021-03-29,30.48248157006815,30.546253103439156,29.99357404918526,30.142372131347656,6405760
2021-03-30,30.09985904922828,30.822594449236675,29.929802707004256,30.3974552154541,7411718
2021-03-31,30.291166939963258,30.461223262723088,29.65345816227982,30.01482582092285,7653092
2021-04-01,30.09985665749527,30.376194542652193,29.993571857495013,30.03608512878418,4664972
2021-04-02,30.206141375039678,30.439965988269147,30.09985657532955,30.18488311767578,4686172
2021-04-05,30.206141643145553,30.22739665714343,29.90854225518294,29.9510555267334,3321686
2021-04-06,29.8872877699455,30.121112389387154,29.27083396911621,29.27083396911621,7112816
2021-04-07,29.292089942727976,29.48340127494779,28.696894446243142,29.313344955444336,7040778
2021-04-08,29.313343181166882,29.82351210879775,29.24957490332305,29.504657745361328,6998910
2021-04-09,29.568431056476776,29.802255657683826,28.84569250947572,29.313344955444336,9324522
2021-04-12,29.35586166381836,29.908540651448355,29.35586166381836,29.35586166381836,8291466
2021-04-13,29.738479346578526,29.738479346578526,29.249571966573967,29.483396530151367,5567230
2021-04-14,29.717235392399726,29.908546765001393,29.27083786492224,29.4621524810791,3888928
2021-04-15,29.525910532431514,29.653453565619248,29.207056193016253,29.39837074279785,5270878
2021-04-16,29.29208964088227,29.717228813482727,29.16454659168034,29.207059860229492,4694226
2021-04-19,29.20706133482098,29.33460439046224,28.54809753015353,28.696895599365234,4778530
2021-04-20,28.48432426750551,28.78192038780394,27.91038703918457,27.91038703918457,3598126
2021-04-21,28.03792578585951,28.441809926520037,27.485246834217037,27.889127731323242,7300966
2021-04-22,27.889131460479515,28.314270669461077,27.187652738726364,28.03792953491211,5416662
2021-04-26,27.93164112979523,28.1867272171247,27.804101329684833,28.080442428588867,4935904
2021-04-27,29.058267333188585,29.207065423229064,28.250502102683722,28.399303436279297,7183902
2021-04-28,28.505583821805402,28.569352105092342,27.867875040499282,28.186729431152344,6171202
2021-04-29,28.207985974226105,28.569353654520373,28.080446157180653,28.229244232177734,3886666
2021-04-30,28.080442050478172,28.186726837582853,27.634044647216797,27.634044647216797,6172364
2021-05-03,27.634047446595396,27.974160097206113,27.48524937828619,27.95290184020996,6048434
2021-05-04,27.952905378522935,28.1654750011733,27.506507873535156,27.506507873535156,7105754
2021-05-05,27.655305782584136,27.931643662995704,27.187651697547288,27.80410385131836,8054148
2021-05-06,27.804103693324183,28.165471356355177,27.697818895753034,28.101699829101562,9719238
2021-05-07,27.846620567197753,27.931647118835887,27.378968046077958,27.506507873535156,12267244
2021-05-10,27.52776143700048,28.101698671532063,27.506503180940076,28.016672134399414,8213026
2021-05-11,27.84661459732374,27.889127864028634,27.485246965000634,27.59153175354004,7970494
2021-05-12,27.50650282921606,27.84661546050662,27.400218037382064,27.570274353027344,2306354
2021-05-17,27.69781641028437,28.03792578585951,27.65530314378177,27.889127731323242,5300982
2021-05-18,27.995413575397137,28.293012939250012,27.91038703918457,27.91038703918457,5993522
2021-05-20,28.063858274429563,28.151556493348114,27.537660597236748,27.6253604888916,8046910
2021-05-21,27.691136901816062,27.99808402543069,27.581512451171875,27.581512451171875,5693494
2021-05-24,27.603438937757748,27.647288051988347,27.099165760423407,27.40611457824707,8341836
2021-05-25,27.537662374575547,27.581513159601347,26.55104229343659,26.901840209960938,9986310
2021-05-26,26.92376642456648,27.186864443636136,26.572966835491723,27.077239990234375,9849504
2021-05-27,27.033392256756436,27.05531681400773,26.375645502798726,26.50719451904297,13035566
2021-05-28,26.397572548399317,28.17348861694336,26.397572548399317,28.17348861694336,21532542
2021-05-31,27.822689849391207,28.283112272772744,27.647290034418905,28.04193878173828,8662182
2021-06-01,28.063860590182774,28.23926038796599,27.84461167932197,28.085786819458008,4364692
2021-06-02,27.866537365659916,27.866537365659916,27.493814871179758,27.603439331054688,5441572
2021-06-03,27.58151424131068,27.69113869906988,26.836067594000784,27.03339195251465,8143474
2021-06-04,26.989542378316933,27.274566650390625,26.901842473622217,27.274566650390625,3541360
2021-06-07,27.121090999649766,27.47189061326333,27.09916644198305,27.164941787719727,4893012
2021-06-08,27.143015739979035,27.44996287593559,27.01146505572744,27.186864852905273,4910834
2021-06-09,27.09916533972981,27.581513952460764,27.09916533972981,27.47188949584961,6590452
2021-06-10,27.406112665956822,27.713061462362813,27.20878832021466,27.493812561035156,8746016
2021-06-11,27.537663327153496,27.75691224165748,27.47188965644418,27.669212341308594,4141484
2021-06-14,27.66921309575443,28.239261627197266,27.559588635513347,28.239261627197266,8873738
2021-06-15,28.2392594912063,28.502357506789803,27.7130617873029,28.15155792236328,7867756
2021-06-16,28.37080805368404,28.61198319659547,28.041936356344692,28.480432510375977,7450858
2021-06-17,28.283109501043576,28.568133754257197,28.04193603364398,28.085786819458008,6190278
2021-06-18,28.107712075070022,28.370810121209377,27.844614028930664,27.844614028930664,5357616
2021-06-21,27.888461594893553,28.32695942923299,27.800763366214856,28.305036544799805,3557800
2021-06-22,28.30503591297538,28.34888502633593,27.80076274564681,28.107709884643555,4457124
2021-06-23,28.129635986151463,28.26118332563495,27.537662922057113,27.559587478637695,5451226
2021-06-24,27.559588531210768,27.932312698261732,27.559588531210768,27.691139221191406,3874636
2021-06-25,27.669214148775858,27.73498949651836,27.18686717445278,27.208791732788086,3594038
2021-06-28,27.23071394900839,27.471889088163024,27.18686483610924,27.36226463317871,3489588
2021-06-29,27.362267069355212,27.756914138793945,27.362267069355212,27.756914138793945,5950314
2021-06-30,27.64728679890574,27.756911252250124,27.077239976062238,27.252639770507812,7214054
2021-07-01,27.38419029130626,27.559588422695644,27.077241470454215,27.143016815185547,3568752
2021-07-02,27.164940692412927,27.38418960571289,26.98954089267837,27.38418960571289,4574640
2021-07-05,27.18686648449557,27.53766442716756,27.164941926716672,27.44996452331543,3588806
2021-07-06,27.340339245234528,27.581514391809943,27.31841468811035,27.31841468811035,4282628
2021-07-07,27.340340061684397,27.66921344657749,27.340340061684397,27.44996452331543,3141578
2021-07-08,27.34033966064453,27.603439368341665,27.25264143081533,27.34033966064453,3291444
2021-07-09,27.29648943663586,27.800762601347003,27.29648943663586,27.734987258911133,3673894
2021-07-12,27.75691282109913,27.844612723278807,26.792217242595715,26.87991714477539,5901668
2021-07-13,26.923765185591325,27.186863192553762,26.726440844001328,26.8360652923584,4012540
2021-07-14,26.9018416781869,27.23071505651553,26.857992563504354,27.055316925048828,4375590
2021-07-16,27.033390877968237,27.38418879430658,26.94569098069955,27.077239990234375,4185534
2021-07-19,26.96761705907686,26.98954161644751,26.792217254638672,26.792217254638672,1685742
2021-07-26,26.836068018069597,27.208790511246136,26.748368115929086,26.96761703491211,5040614
2021-07-27,26.81414197116472,27.077239990234375,26.66066673276041,27.077239990234375,3667504
2021-07-28,27.011466149614115,27.099166051754626,26.748368115929086,26.96761703491211,3175622
2021-07-29,27.143016680827607,27.84461254838524,27.143016680827607,27.778837203979492,4904484
2021-07-30,27.53766248352716,27.800762176513672,27.296489019508506,27.800762176513672,3351428
2021-08-02,27.75691224165748,28.020011942704148,27.603438670599278,27.669212341308594,3292172
2021-08-03,28.195411456837558,28.21733434078138,27.49381393391361,28.107709884643555,6189776
2021-08-04,28.085786425731623,28.370807329476737,27.75691139131438,27.800762176513672,7242396
2021-08-05,27.669211240080358,28.063859939575195,27.669211240080358,28.063859939575195,3976632
2021-08-06,27.97616085338611,28.458509463716485,27.691138271257497,28.283109664916992,8082500
2021-08-09,28.283110495366206,28.45851029931579,28.129636921462694,28.32695960998535,3351384
2021-08-10,28.326964304124942,30.3221311319142,28.326964304124942,30.015180587768555,17751862
2021-08-11,30.037106696297144,30.146731173290927,29.51091054491639,29.81785774230957,8380422
2021-08-12,29.817852282946713,31.308745566188637,29.817852282946713,30.738697052001953,12440330
2021-08-13,30.212508183142386,30.519455397345254,29.92748385825474,30.45368003845215,9221992
2021-08-16,30.431752225458467,31.001797437530076,30.365976877207423,30.672924041748047,6068512
2021-08-17,30.40982394512151,30.629072860869282,30.234424143428697,30.47559928894043,5279264
2021-08-18,30.47559524057113,30.870243905586698,30.409819905489783,30.56329345703125,6700390
2021-08-19,30.497523110131556,31.17719268798828,30.431747771507304,31.17719268798828,7247886
2021-08-20,31.177198624164483,31.527998266638022,30.95794968398685,31.26490020751953,6021250
2021-08-23,31.57184787198382,32.185745583033736,31.527998752367406,31.74724769592285,4613854
2021-08-24,31.83494559512664,32.22959435840587,31.70339823768246,32.18574523925781,6353230
2021-08-25,32.05418759156026,32.22958737562416,31.85686492540875,32.032264709472656,17185860
2021-08-26,32.185743082278385,32.36114289258927,31.92264503954862,32.273441314697266,7007240
2021-08-27,32.20766049215987,32.22958671927356,31.506064715664746,31.65953826904297,6130876
2021-08-31,31.834940636596965,31.878789748915196,31.155271031982288,31.506067276000977,7338194
2021-09-01,31.462219642268288,31.98841570576163,31.199121610521615,31.57184410095215,6097406
2021-09-02,31.418375352759753,31.747248779315914,30.694853145241506,31.703399658203125,3822892
2021-09-03,31.70339205150958,31.70339205150958,31.111417349364032,31.17719268798828,4596180
2021-09-06,31.0456533896095,31.396449710589998,31.001800922197575,31.111425399780273,2031294
2021-09-07,30.936020986481118,31.067568318594912,30.541372299194336,30.541372299194336,2751624
2021-09-08,30.47559928894043,30.738697318743167,30.25635037319266,30.47559928894043,3629048
2021-09-09,30.475605832584552,30.563304079524823,30.124806153876126,30.519454956054688,5109250
2021-09-10,30.431747681709876,30.541372130602582,30.059025224569208,30.168649673461914,3729508
2021-09-13,30.015176372455336,30.168653295710733,29.730155447490944,29.90555191040039,3062608
2021-09-14,29.861701581243217,29.949403154607275,29.51090532420584,29.576677322387695,4050592
2021-09-15,29.445130382330778,30.278276940556406,29.445130382330778,29.686302185058594,5755172
2021-09-16,29.708226074665895,30.015173197764863,29.642450735295338,29.927474975585938,3674546
2021-09-17,29.97132382361646,30.563295181810282,29.94940094100051,30.541372299194336,6035584
2021-09-20,30.059025246014702,30.30019702646711,29.6424503326416,29.6424503326416,2872836
2021-09-21,29.774002515442074,30.037100537184152,29.532827377319336,29.532827377319336,4204520
2021-09-22,29.620522410115928,29.861694149532287,29.467045531293017,29.839771270751953,2213666
2021-09-23,29.77400714497576,29.88363161653644,28.940860492019905,29.0285587310791,6768964
2021-09-24,28.80930569708815,28.80930569708815,28.173485190510913,28.45850944519043,7581160
2021-09-27,28.59006026219522,28.853161664957774,27.976164237608096,28.17348861694336,7068558
2021-09-28,27.998082937504346,28.12963361135478,27.581511379432328,27.6253604888916,5184624
2021-09-29,27.998086075929855,28.239261223199133,27.88846161725709,28.129636764526367,4144504
2021-09-30,28.28310800452415,28.30503423263922,27.625361306744516,28.020009994506836,8978858
2021-10-01,27.932311194223708,27.932311194223708,27.64728694492836,27.713062286376953,4650756
2021-10-04,27.669213040713565,27.73498838582198,27.31841510318723,27.34033966064453,4228250
2021-10-05,27.296490142109455,27.428039157644612,27.164941126574295,27.230714797973633,3884314
2021-10-06,27.186863192553762,27.471887427376682,26.81414073723425,26.8360652923584,7181808
2021-10-07,27.14301834228577,27.14301834228577,26.879918621294628,26.945693969726562,4572626
2021-10-08,26.967616364922154,27.537663205568336,26.7483674513862,27.121089935302734,10741030
2021-10-11,27.274564897617253,27.669211934277044,27.164940441977905,27.559587478637695,5918142
2021-10-12,27.493814490576746,27.581514391809943,27.25264101673782,27.31841468811035,4351692
2021-10-13,27.274566275603384,27.53766431333568,26.98954200744629,26.98954200744629,6176976
2021-10-14,27.033392256756436,27.09916592851031,26.4414191745526,26.50719451904297,13102578
2021-10-15,26.68259581599533,26.901844759997715,26.30987328028596,26.57297134399414,14351224
2021-10-18,26.616819381713867,26.87991741819257,26.55104403622593,26.616819381713867,13190398
2021-10-19,26.74836812787413,27.077241506495533,26.704519013152545,26.87991714477539,8147614
2021-10-20,27.05531721123111,27.05531721123111,26.660668483967694,26.704519271850586,7218220
2021-10-21,26.72644353493895,27.143016815185547,26.375645599423688,27.143016815185547,12539666
2021-10-22,27.099165771395604,27.493814490576746,27.03339210002307,27.31841468811035,10452782
2021-10-25,27.14301834228577,27.230716576546225,26.879918621294628,26.945693969726562,18009414
2021-10-26,27.055315419940644,27.38418877997379,27.03339086381905,27.252639770507812,21700026
2021-10-27,27.406114312998398,27.910387485452155,27.34033896955261,27.669212341308594,30146464
2021-10-28,27.669211355027336,27.69113758388534,27.252639770507812,27.252639770507812,9635900
2021-11-01,26.704517392846583,28.195410621231076,26.61681749598813,28.063859939575195,27633162
2021-11-02,28.173485045613177,28.370807727198745,27.64728732499996,28.085786819458008,15221974
2021-11-03,28.10771051206327,28.305036544799805,27.47188999046028,28.305036544799805,12504426
2021-11-04,28.502362220300828,29.094333689627796,28.436586869159317,28.918933868408203,10485654
2021-11-05,28.984707810648192,29.00663404178734,28.414662601235182,28.7435359954834,7940162
2021-11-08,28.940854535368715,29.467050552368164,28.743531865362094,29.467050552368164,10951180
2021-11-09,29.357429221248182,29.37935545156543,28.743534918041664,28.787384033203125,18637080
2021-11-10,28.809304336942787,29.554752609793013,28.809304336942787,29.116254806518555,18998702
2021-11-11,29.094334083110184,29.291660139203437,28.940860492019905,29.0285587310791,8679792
2021-11-12,29.050483240174017,29.423205752274065,29.050483240174017,29.291658401489258,9542782
2021-11-15,29.357426103370553,29.686299450363382,29.247801654372946,29.467050552368164,16861886
2021-11-16,29.598604939018312,29.90555209649296,28.89700904659546,29.094331741333008,15621632
2021-11-17,29.1169422245957,29.591672897338867,29.049122571503577,29.591672897338867,10370910
2021-11-18,29.614275586392214,30.45070863443843,29.252573130747777,30.26985740661621,18993412
2021-11-19,30.405500840604976,30.56374439300794,30.066406035691166,30.1794376373291,8570610
2021-11-22,30.202038890895384,30.789801024286014,30.202038890895384,30.563737869262695,13401762
2021-11-23,30.563735852161404,30.767194747924805,30.02118569569188,30.767194747924805,16342554
2021-11-24,30.94805491171681,31.422789076100226,30.88023870204874,31.196725845336914,15321164
2021-11-25,31.196716201116825,31.37756741970897,30.857621459800338,31.174108505249023,7240054
2021-11-26,31.17411607535829,31.37757503922482,30.948052859584987,31.24193572998047,10948258
2021-11-29,31.309756905728364,31.535820132484524,31.015874021055136,31.40018081665039,8548954
2021-11-30,31.4001753550303,31.76187783470752,31.15150791852139,31.37757110595703,16615884
2021-12-01,31.53581972105455,32.14618973544282,31.513212018893448,31.716670989990234,11710754
2021-12-02,31.71666707131611,31.920122567824407,31.51320812535719,31.694059371948242,6823982
2021-12-03,31.761879336762235,31.96533483529575,31.535816138635813,31.603635787963867,9937946
2021-12-06,31.694055264507504,33.140861600284204,31.490599794366336,33.00522232055664,17253390
2021-12-07,34.92676152923952,35.333675945683844,34.15814809219499,35.062400817871094,31432172
2021-12-08,35.49192451398053,35.65016807351574,34.42942810058594,34.42942810058594,20050314
2021-12-09,34.47463718074653,34.79112427344527,33.72862794858452,33.84165954589844,25796200
2021-12-10,33.84166537523756,34.90416188311686,33.57039018484621,34.83634567260742,30517396
2021-12-13,34.994580465764294,35.80840583274233,34.63287800302938,35.37888717651367,21388596
2021-12-14,35.537132871003585,36.44138563336729,35.537132871003585,36.28314208984375,17364302
2021-12-15,36.9839424742691,38.023831168869066,36.73527156390235,37.70734405517578,17011784
2021-12-16,38.00122745617979,38.7020213462763,37.11957885647977,38.45335388183594,25341068
2021-12-17,39.10893476665213,39.96797564216817,34.61027833223373,34.92676544189453,29631576
2021-12-20,33.90948615363417,35.717992081827994,31.51321441899683,32.39486312866211,26887242
2021-12-21,33.9094753403159,34.203358149822016,29.162148792671676,29.569063186645508,41947066
2021-12-22,29.16215188499847,30.495923343369334,28.868269044329303,29.817733764648438,35098876
2021-12-23,30.292465716600418,30.47331694808213,27.6249195382336,28.936086654663086,30011914
2021-12-24,29.252572680465768,29.569063186645508,28.73262842674932,29.569063186645508,20232640
2021-12-27,29.659486330647614,30.066400714416964,28.77784137368912,28.890872955322266,21586506
2021-12-28,29.162150917105652,29.501245695211534,28.077046937276744,28.303110122680664,18237872
2021-12-29,28.325718915932548,29.139544345174823,28.077048022595672,28.800451278686523,16941398
2021-12-30,29.02651259092166,29.184759585524887,27.828378703290163,27.873592376708984,17465376
2021-12-31,28.009228205092136,28.212685411006763,27.71534538269043,27.71534538269043,13631008
2022-01-03,27.986623344990548,29.207363179568524,27.941409672586577,29.139543533325195,26399264
2022-01-04,29.388215503696706,30.60895538330078,29.388215503696706,30.60895538330078,36482818
2022-01-05,30.970662488481597,31.513212860324177,30.699387302560307,31.332365036010742,24701394
2022-01-06,30.970653040239167,31.467991304279998,30.789801821647025,31.174108505249023,15151610
2022-01-07,31.467995835219618,32.91480234282605,31.40017618730125,32.86958694458008,24950392
2022-01-10,32.93740197918982,33.36692405621233,32.259212493896484,32.259212493896484,17355000
2022-01-11,32.553101607068974,32.59831355829975,31.55842488218884,32.055763244628906,17696172
2022-01-12,32.44007078530279,32.68874169723527,32.07836826784659,32.530494689941406,15690526
2022-01-13,32.3722524626364,32.48528407280584,31.829702113603506,31.852306365966797,13587138
2022-01-14,31.874902908488103,32.10096604968305,31.445384319997608,31.761871337890625,12085604
2022-01-17,31.874911096800528,32.64352459453176,31.874911096800528,32.41746139526367,12325088
2022-01-18,32.41746479759746,32.57571181325428,30.81241798400879,30.81241798400879,11169322
2022-01-19,30.812414336922878,31.9201226187014,30.405499893807082,31.784486770629883,21849622
2022-01-20,32.07836047477321,32.32703132629394,30.902832752797984,31.648841857910156,17052572
2022-01-21,31.716669359614723,31.784489013160762,30.993267770509043,31.535818099975586,12738890
2022-01-24,31.62623644110746,31.716663779743698,30.20204121445186,30.26985740661621,15808646
2022-01-25,30.69938041281551,30.94804784016457,29.930763534176613,30.83501625061035,14052546
2022-01-26,30.970659255981445,31.241934413588936,30.676776397968837,30.970659255981445,11240728
2022-01-27,30.315076447609194,32.50788879394531,30.315076447609194,32.50788879394531,18253618
2022-01-28,32.59831367315859,32.756557227749255,31.807092450754496,31.920124053955078,11660954
2022-01-31,32.19140522140814,32.304436845710065,31.784494133482344,31.807098388671875,8402014
2022-02-01,31.987942696434573,32.64352459453176,31.987942696434573,32.41746139526367,10790668
2022-02-02,32.553100042932236,32.598311991990634,31.76187886133319,31.897518157958984,7253834
2022-02-03,31.96533483529575,32.4400689311415,31.354964890244542,31.603635787963867,10217610
2022-02-04,31.784486167279088,31.874910064276953,30.993264995470792,31.038476943969727,10003908
2022-02-07,31.03847692195105,32.01054933651605,30.631562486848196,31.965333938598633,11048064
2022-02-08,31.942729533922662,32.46267556239221,31.37757155720588,32.168792724609375,13205684
2022-02-09,32.48528262252789,32.779165485738474,32.25921941228142,32.666133880615234,12268688
2022-02-10,32.733953533579346,32.91480479166669,32.41746296956378,32.666133880615234,10615672
2022-02-11,32.50789245028822,33.570388918074435,32.2592215229665,33.434749603271484,19315694
2022-02-14,33.05043597186601,33.79644515001733,32.1687909564283,33.118255615234375,25267600
2022-02-15,33.231291317019874,34.452031250926005,33.231291317019874,34.04512023925781,17295578
2022-02-16,34.361607348211024,34.40681929956852,33.84166128397294,34.04512023925781,11095254
2022-02-17,34.09033241842914,34.248575973963234,33.54777865016122,33.773841857910156,12405096
2022-02-18,33.909478518042235,34.248573303222656,33.61559568099576,34.248573303222656,8477916
2022-02-21,34.542462779078804,35.03980120303814,34.29379184237354,34.83634567260742,13260238
2022-02-22,34.022514223695254,34.38421675136874,33.54778008730517,34.15815353393555,15052508
2022-02-23,34.36160718757757,34.65549004420358,34.067724330951556,34.09033203125,12178294
2022-02-24,31.648846696139827,32.485279811790555,30.699381985145738,32.168792724609375,17299406
2022-02-25,32.46267408033505,33.50256264034833,32.28182284615219,33.02783203125,14125736
2022-02-28,32.553103352831954,33.25390070756913,32.236616227793135,33.05044174194336,14274414
2022-03-01,33.23129071390984,33.93208802031,33.050439462311346,33.208683013916016,14810298
2022-03-02,33.32171173400792,33.886869690483294,33.32171173400792,33.86426544189453,10126756
2022-03-03,34.36161008666071,34.745916878002895,34.36161008666071,34.45203399658203,12975336
2022-03-04,34.31639562617807,34.42942723005254,33.751237606805745,33.773841857910156,12422050
2022-03-07,33.38953259186602,34.406816950484185,33.344320643595324,34.11293411254883,16001050
2022-03-08,33.81905214746674,34.994579960196816,33.57038127674776,34.58766555786133,13068044
2022-03-09,34.72331572286404,35.44671741512134,34.72331572286404,34.949378967285156,12364310
2022-03-10,35.175437350222296,35.22064930296765,34.158152890922885,34.3390007019043,12568272
2022-03-11,34.20336135508871,34.67809198467098,33.93208621683448,34.248573303222656,13113486
2022-03-14,34.474638714415946,35.039796726127676,34.42942676336916,35.017189025878906,10970018
2022-03-15,34.70070492304223,34.97198010225724,34.45203399658203,34.45203399658203,9014592
2022-03-16,34.587669530585536,34.79112503039694,34.135543131492916,34.542457580566406,6979796
2022-03-17,34.70070123241746,35.53713438330872,34.587669632311865,35.424102783203125,12361578
2022-03-18,35.53713649239599,36.418785095214844,35.46931683841748,36.418785095214844,14124734
2022-03-21,36.39617270736221,36.893511023411236,36.01186598357208,36.780479431152344,12641784
2022-03-22,36.78048293969983,37.97861862182617,36.73527098837353,37.97861862182617,9209896
2022-03-23,37.91079881125086,38.13686201638586,37.32303654757029,38.02383041381836,9689064
2022-03-24,38.02383282638405,38.06904478038954,37.436070525410685,37.729949951171875,5804240
2022-03-25,37.345640954905576,38.295105730561076,37.277821303190734,37.97861862182617,9040766
2022-03-28,37.978621527844766,38.24989670601059,37.481283126298905,37.549102783203125,5810292
2022-03-29,37.75255541574387,38.06904252447878,37.52649220966157,37.97861862182617,6824456
2022-03-30,37.97861693626226,38.882869720458984,37.910797287557386,38.882869720458984,7304768
2022-03-31,38.79244898233443,38.79244898233443,38.046439684702825,38.27250289916992,9753804
2022-04-01,38.272501479623315,38.45335273437931,37.97861862182617,37.97861862182617,8762466
2022-04-04,37.97861473713446,38.11425402669011,36.84829882233879,36.96133041381836,17139416
2022-04-05,37.051761627197266,37.5943154431568,36.84830610211938,37.051761627197266,19069092
2022-04-06,37.00653749796646,37.09696482893848,36.260528402334714,36.53180694580078,11850490
2022-04-07,36.712661219364676,37.23260725394712,36.69005696970058,37.074363708496094,13102886
2022-04-08,37.18739437456278,37.684732697584764,37.16478667601385,37.66212844848633,12847462
2022-04-11,37.662131943482024,38.04643870832351,37.503884937855396,37.75255584716797,16078182
2022-04-12,37.75255541574387,38.47595698531707,37.45867255794673,37.97861862182617,21844668
2022-04-13,38.04643731108991,38.86026276272858,37.82037411072628,38.566383361816406,16655102
2022-04-14,38.882872399337344,39.01851170609212,38.408138275146484,38.408138275146484,8055450
2022-04-15,38.40813875817964,38.521170365413184,38.02383198347575,38.27250289916992,4905422
2022-04-18,38.29509735107422,38.5437682031325,38.00121800703264,38.29509735107422,5153446
2022-04-19,38.47595390295174,39.2897827594313,38.34031805983881,38.679412841796875,19132534
2022-04-20,38.81504954940742,39.42541948063613,38.4533505102666,39.244571685791016,12267904
2022-04-21,39.58366754510696,40.73658779093151,39.3576043459903,40.55573654174805,15025150
2022-04-22,40.42009212946209,40.71397491594852,38.882862011221484,39.01850128173828,11194532
2022-04-25,38.70201795290393,39.56105877622055,37.72994553308382,39.244571685791016,9451688
2022-04-26,39.24457898345677,39.7419174106638,37.300433782296004,37.3908576965332,13532098
2022-04-27,37.43606922472374,38.408138275146484,37.23261026459158,38.408138275146484,9835110
2022-04-28,38.362919494825825,38.63419461060259,37.68472998065878,37.95600509643555,7362692
2022-04-29,38.06904114082915,38.34031973782869,37.616914745097446,37.77516174316406,9875268
2022-05-05,38.069049061814376,38.90548582751502,38.001232847904696,38.4759635925293,12940656
2022-05-06,38.27250440812901,38.27250440812901,37.16479254389625,37.549102783203125,14959882
2022-05-09,37.54909353269348,37.82036864402859,36.82568863653295,37.30042266845703,13397282
2022-05-10,37.616912586657236,37.86558346982132,37.48127674539083,37.79776382446289,2818212
2022-05-11,38.38552790717082,38.928078148836356,37.300423974389425,37.63951873779297,12359776
2022-05-12,37.30043243129928,37.662134974049884,36.69006240867732,37.187400817871094,11834806
2022-05-13,37.368242797014965,37.50387862973003,36.62223364400627,36.938720703125,8341298
2022-05-16,36.93872091586545,37.07436019881194,36.23792715250928,36.98393630981445,6391606
2022-05-17,37.07436760117606,38.45335460514652,37.07436760117606,38.04644012451172,19865550
2022-05-18,37.75255328852956,37.97861648187405,36.75787661759404,37.074363708496094,19374580
2022-05-20,36.82569607602779,37.00654733660333,36.3283576965332,36.3283576965332,15649480
2022-05-23,36.5544154134714,36.87090593425298,35.22064403499655,36.305747985839844,17142650
2022-05-24,36.30575351354426,36.35096546641095,35.311073303222656,35.311073303222656,19099858
2022-05-25,35.31107024144677,36.50920586050517,35.31107024144677,36.01186752319336,11982518
2022-05-26,36.19271878747784,37.30042705977579,36.12489913929722,37.029151916503906,12971720
2022-05-27,37.05175430722184,37.210001294853576,36.57702369267792,36.96133041381836,10374572
2022-05-30,37.30042942983661,37.93340710399067,37.05175852052405,37.75255584716797,13879408
2022-05-31,37.752549003832264,37.88818828422492,37.27781497190819,37.30042266845703,16172348
2022-06-01,37.413456353117155,39.01850631360506,37.413456353117155,38.34031677246094,15326960
2022-06-02,38.88286807320335,40.239247192036025,38.15946656638268,39.7871208190918,11221438
2022-06-03,39.78711886457994,40.44270069336392,39.561055689213006,39.85493850708008,9255014
2022-06-06,40.239244752882655,40.44270022859465,39.8549380490654,39.99057388305664,6414808
2022-06-07,40.01318667843615,40.23924988000923,38.92808262099519,39.3123893737793,10769950
2022-06-08,39.357605889735595,39.80973230570291,37.8881950378418,37.8881950378418,10326274
2022-06-09,38.023828323240785,38.52116665730363,36.66744916700544,37.21000289916992,17136878
2022-06-10,37.07436796785132,37.48128245251062,36.39617830990282,36.848304748535156,10641312
2022-06-13,36.80308856637282,37.75255328852956,36.6674492705859,37.074363708496094,10185018
2022-06-14,37.323035191815144,38.430743476959,37.323035191815144,37.82037353515625,12898842
2022-06-15,38.30376922256842,38.833209062335115,37.88942835986258,38.48792266845703,9314742
2022-06-16,38.60301812693314,38.60301812693314,37.10677708703313,37.590179443359375,18250072
2022-06-17,37.7282952732663,38.395851135253906,37.383008848511196,38.395851135253906,10487400
2022-06-20,38.60301893119513,38.85623036358144,37.54414274220445,38.09659957885742,8512678
2022-06-21,38.46490702258947,38.67207746115741,38.07357961928456,38.34981155395508,6599038
2022-06-22,38.234718908358104,39.13246222501676,38.16566091959162,38.90227127075195,10584414
2022-06-23,38.994342286802464,39.36264918119106,38.71811387222845,39.06340026855469,8426720
2022-06-24,39.27057608729878,39.29359307402435,38.695098732633994,38.856231689453125,7054314
2022-06-27,38.119625091552734,38.119625091552734,38.119625091552734,38.119625091552734,50056
2022-06-28,38.21169649225777,39.06340227785121,38.05056353483767,38.695098876953125,16993830
2022-06-29,38.53396174335779,38.718115196852345,37.33696956429565,37.38300704956055,9271078
2022-06-30,37.52112316107761,37.705276615275416,36.646396887964265,37.22187423706055,14600706
2022-07-01,37.24489433293075,38.16565808152021,37.17583634929955,38.02754211425781,6330528
2022-07-04,38.119620077232504,38.74113489657583,37.79735066215585,38.09659957885742,5463196
2022-07-05,38.21169597999315,38.37282893525311,36.89960832654062,37.22187423706055,7412196
2022-07-06,37.49810534217813,38.58000564575195,37.29093488667072,38.58000564575195,7803254
2022-07-07,38.67207625383104,39.22453308105469,38.18867389568421,39.22453308105469,6385836
2022-07-08,39.22453376255869,39.66189864477499,38.971325842529694,39.316612243652344,2473954
2022-07-13,39.3166160027547,39.3166160027547,38.11962373357083,38.58000564575195,6604610
2022-07-14,38.37283093752389,39.24755725627992,37.06074321560743,37.75131607055664,10034022
2022-07-18,38.211696349741565,38.902269175339306,38.211696349741565,38.856231689453125,5833826
2022-07-19,38.76415189439516,39.316612243652344,38.51094397436617,39.316612243652344,5751412
2022-07-20,39.59284329706056,39.59284329706056,38.6720794994545,39.29359436035156,6187458
2022-07-21,39.3626481046668,39.3626481046668,38.55697986860637,38.87924575805664,7391354
2022-07-22,39.109447120783635,39.40869610510412,38.810201648898854,39.017372131347656,6996968
2022-07-25,39.13246176899343,40.05322557532269,39.13246176899343,39.70793914794922,9364866
2022-07-26,39.84605621912638,41.3422974455388,39.77699822926645,40.62870407104492,13705132
2022-07-27,40.9049318974899,41.84871621557544,40.191342046257006,41.59550476074219,10339078
2022-07-28,42.03286491941934,42.12493988578045,41.08908070826126,41.57248306274414,13183468
2022-07-29,41.664566042765536,42.67740491728398,41.15814660550631,42.40117645263672,9559654
2022-08-01,42.40117726318037,44.104592600532804,42.40117726318037,43.80534362792969,10322940
2022-08-02,43.78231682190215,44.012507765773805,42.90759053270284,43.02268600463867,7324962
2022-08-03,43.09174571250885,43.57514811893321,42.72344229505548,43.298919677734375,6600424
2022-08-04,43.87439727783203,44.63402461678434,43.73628130033058,43.87439727783203,6344616
2022-08-05,43.920424906390934,44.33476923344295,43.390985128070824,43.98948287963867,6043984
2022-08-08,44.15062162227873,45.66987967159895,44.12760112402021,45.41667175292969,8216198
2022-08-09,45.416669094201225,45.90006791741756,44.97930423993729,45.1174201965332,6142930
2022-08-10,45.577803195101545,47.60348403959301,45.43968723499096,47.41933059692383,11237028
2022-08-11,48.34009693940204,51.60880755376985,47.971790033937374,51.05635070800781,24948184
2022-08-12,51.05635339937287,51.51673529925462,49.629170212226484,50.135589599609375,13087478
2022-08-15,50.31974298537216,50.59597142239326,48.98463477526249,49.39897918701172,9919720
2022-08-16,49.58312389514033,51.10238540680297,47.879712453220804,50.91823196411133,16084880
2022-08-17,52.02315693529186,52.6676923254728,50.319745237075004,51.97711944580078,15657878
2022-08-18,50.64201390631845,50.96427986256628,47.87972223870108,49.260868072509766,27798388
2022-08-19,49.26085899810707,50.227660201190425,47.97178838570603,48.9846305847168,17106872
2022-08-22,48.98463492238593,51.10239096248851,48.432174534249285,50.87220001220703,14896998
2022-08-23,51.05635002676521,52.1152262190864,50.59596815729471,50.964271545410156,11548038
2022-08-24,51.24049689604276,51.79295366347942,49.813310474034864,51.14841842651367,14759806
2022-08-25,51.79296456672593,52.39146245113773,51.10239170583625,51.37862014770508,12012694
2022-08-26,51.56277501551051,52.25334789518253,50.82616464634742,51.97711944580078,12543580
2022-08-29,51.792960742384224,51.8389982272238,50.73408102889928,51.70088577270508,10511350
2022-08-31,51.70088415519907,51.70088415519907,50.36577606201172,50.36577606201172,13321646
2022-09-01,50.18162052383854,51.10238420317503,49.813313647130066,50.31973648071289,15396802
2022-09-02,50.50389195240396,52.43749799879835,49.95143508911133,49.95143508911133,23566334
2022-09-05,50.04350833147967,52.52957115518883,49.90539587665052,52.437496185302734,17307064
2022-09-06,53.312233768514794,53.864690730002074,51.470705880309595,52.023162841796875,17990954
2022-09-07,52.06919239876866,53.12807217803881,51.3325820582671,52.345420837402344,14061048
2022-09-08,52.713722689946486,55.476013835271196,52.713722689946486,55.24582290649414,18124764
2022-09-09,55.70621146038324,57.27151066671576,55.01563859103964,55.79828643798828,13601596
2022-09-12,56.074516291082176,56.719048134997394,55.52205590888113,55.75224685668945,9421808
2022-09-13,57.08735265935223,57.36358108263629,53.58845110207247,53.91071701049805,12943172
2022-09-14,53.910720219291434,55.429981906433476,52.52957450822965,55.199790954589844,8669292
2022-09-15,55.2458269168169,55.890362266666784,53.864681243896484,53.864681243896484,8441220
2022-09-16,54.14090306011622,55.79827696260694,53.91071214275822,55.42997360229492,9726020
2022-09-19,55.47601886344689,55.89036327528746,53.26618434192059,53.312225341796875,6715824
2022-09-20,53.68053190402235,54.78544922962797,52.52957708827387,53.54241943359375,8673232
2022-09-21,54.37110023164398,54.96959809059234,53.220145512462544,53.45033645629883,10111146
2022-09-22,53.68052609100033,55.19978768824283,53.634488605842826,54.23298645019531,8528072
2022-09-23,54.23299002434396,56.76509051166598,54.140911535525674,55.291866302490234,14061544
2022-09-26,56.71904912965321,57.54773796126956,54.78544653912862,54.87752151489258,14671840
2022-09-27,55.245827846839774,56.76508951760193,55.1537528720691,56.16659164428711,11906206
2022-09-28,56.12054635436895,57.82395773784433,55.29185764690626,55.42997360229492,13038386
2022-09-29,55.93640333171992,56.028478310830934,51.977119518546154,53.77260971069336,9600838
2022-09-30,53.772612524108155,53.81865001607237,52.069197221948265,53.26618957519531,9456752
2022-10-03,53.63448894319461,56.949237069473845,53.40429800352425,56.76508712768555,11997722
2022-10-04,57.31754331160332,57.31754331160332,55.936397689636976,56.995277404785156,10657572
2022-10-05,57.13339061506524,58.238307829736975,56.30470533838769,57.17942810058594,13109864
2022-10-06,57.63981422931622,59.25115092835788,57.22547331665371,58.97492599487305,14616624
2022-10-07,59.20511446197093,59.57341435779496,57.547736831281924,58.1922721862793,19861652
2022-10-10,58.65265399554269,58.65265399554269,56.85716390653356,57.45566177368164,8402546
2022-10-11,57.547729963388214,57.916036840127774,56.35073788263668,56.580928802490234,9743692
2022-10-12,56.626974534656156,57.31754739483489,55.06167534909732,55.291866302490234,12962404
2022-10-13,56.580941640965634,57.31755204915035,55.476024272470816,56.85717010498047,12646864
2022-10-14,57.96208094547033,58.97492321603356,57.40962056722627,58.5145378112793,13933136
2022-10-17,58.928877236186594,63.71684570167892,58.83680227047897,63.53269577026367,20587164
2022-10-18,63.80893603748727,64.86780881891366,62.56589925082062,63.302513122558594,14892980
2022-10-19,63.94703553259139,66.6172516415734,63.57873567607205,65.05195617675781,13983054
2022-10-20,65.09799672140466,66.29499245059966,64.08515796393897,64.54553985595703,11790376
2022-10-21,64.45345811440912,66.15686953103032,63.808926343212796,65.37422180175781,8851180
2022-10-24,65.51234331975293,66.89348896799142,64.77572949741105,65.65045928955078,8597136
2022-10-25,65.97273005247865,66.43311196906974,63.07232257298061,64.4534683227539,12993832
2022-10-26,64.77573023609867,64.77573023609867,62.70401174011553,62.98024368286133,12998336
2022-10-27,63.302501042683915,63.48665096304224,61.32285778692069,62.151546478271484,14274480
2022-10-28,62.15155254728128,62.15155254728128,60.77040693511947,61.13871383666992,4896222
2022-10-31,61.36891142867763,61.87532732647899,60.816454528862224,61.69117736816406,15181990
2022-11-01,62.151558397615396,64.59158394708847,62.10551739626155,63.716854095458984,12823202
2022-11-02,64.22327186902497,65.32818556435055,63.394583085095825,64.82176971435547,9679578
2022-11-03,64.91384782612964,65.05196380094652,62.88817027838293,64.40742492675781,11640430
2022-11-04,64.86780155731071,66.52517907075138,64.13119479290243,66.24894714355469,11877766
2022-11-07,66.75537086531956,68.04444150079624,66.47913893454962,67.72217559814453,10860846
2022-11-08,68.13650957527807,69.28746412891452,67.261786924462,67.90631866455078,11926468
2022-11-09,63.901011076003854,64.31535198870642,62.151558397615396,63.716854095458984,34700856
2022-11-10,64.82177329764049,66.24895298092329,63.670818541023536,65.55838012695312,19138336
2022-11-11,66.20291213420485,66.24894610476933,62.01343444500804,62.56589126586914,24475628
2022-11-14,62.7040175941914,63.164399525169124,62.01344469772482,62.289676666259766,15709262
2022-11-15,62.70401618863741,62.980248150980415,61.092679466334616,61.69117736816406,21162278
2022-11-16,61.737211421249846,62.65797515892773,59.527377045848965,59.66549301147461,22481878
2022-11-17,59.94171625147953,59.94171625147953,57.13338763212036,58.008113861083984,13336212
2022-11-18,57.77791767433634,60.17190170288086,57.77791767433634,60.17190170288086,12769420
2022-11-21,60.67832774667911,61.184743554336215,57.68584579507756,59.02095031738281,21764098
2022-11-22,58.560578873926886,60.77041349697274,58.42246640525858,60.63229751586914,21092760
2022-11-23,61.000594505896935,61.276826423041236,59.3892580472506,59.849639892578125,18315300
2022-11-24,60.4021072076798,61.414946038588575,59.66550034196009,61.04664611816406,25331896
2022-11-25,61.23079330246436,61.553059230661155,60.67833642200267,60.90852737426758,17638236
2022-11-28,61.04664200736098,62.15155574397241,60.77041006077302,61.3689079284668,19106976
2022-11-29,62.15154533706655,62.65796814605693,60.90851583529903,61.64512252807617,19436858
2022-11-30,62.151558603052756,62.24363358119428,61.04664481561336,61.92136764526367,32907406
2022-12-01,62.33569771290458,62.56588863064037,60.079829529041554,60.310020446777344,28104914
2022-12-02,59.80360441430703,59.80360441430703,56.580934712194086,56.62697219848633,36853922
2022-12-05,56.16659194372619,57.68585362258793,54.18694836368637,55.522056579589844,41244694
2022-12-06,55.56808538518961,58.836799182793975,55.33789447056591,58.422454833984375,27979634
2022-12-07,58.37642385807826,58.37642385807826,54.46317787344588,55.06167221069336,29999096
2022-12-08,55.061670272678654,56.25866241747789,54.50921344044359,56.07451248168945,20883944
2022-12-09,56.3507437682978,56.85716314238262,55.706208422901184,56.62697219848633,17538118
2022-12-12,56.67301287545691,58.284349573448814,56.67301287545691,57.59377670288086,18712282
2022-12-13,57.77792286767885,61.7832436057233,57.77792286767885,61.18474578857422,40401280
2022-12-14,61.69695198810555,62.11602278222619,58.716872087230435,59.461891174316406,22856400
2022-12-15,60.06722651381437,60.99850134348591,58.90313297672495,59.834407806396484,15450054
2022-12-16,60.30003696043987,61.09161903620542,59.78783303226457,59.88096618652344,4690798
2022-12-19,61.41756723666657,61.83664513936157,60.57942564140162,61.04506301879883,19555004
2022-12-20,61.2313154908045,63.60606897163639,60.99849680072539,63.047298431396484,26311142
2022-12-21,63.466376816677425,65.1892337152831,62.58166152464673,64.6304702758789,31188774
2022-12-22,64.95640908889013,65.32892038281372,63.88544178325804,64.30451965332031,16833674
2022-12-23,64.77016215816819,64.8167216329568,62.907612645123095,63.74575424194336,13682960
2022-12-26,64.211405115821,64.49079044352253,63.04731142550471,63.18700408935547,14553948
2022-12-27,63.51293821319744,64.58390564907079,63.280119514314656,63.838890075683594,15512864
2022-12-28,63.93202499340273,64.07171765310243,61.7900898248441,62.628238677978516,18547016
2022-12-29,62.72134918806479,64.30452043009878,62.44197104304377,63.55949783325195,10799550
2022-12-30,64.11826556556488,65.14266637672718,63.606068712515004,63.74575424194336,19365892
2023-01-02,64.21139228009181,65.28235968211136,64.16483280482473,64.86328887939453,13880730
2023-01-03,65.37547632754847,66.53956961760497,64.16482356892666,65.18922424316406,27983002
2023-01-04,65.42204271332535,66.02737264342893,63.23354875531539,63.60606002807617,20367576
2023-01-05,64.02513989930824,64.07170647944186,60.90537086704537,61.23131561279297,13968738
2023-01-06,60.06722687886525,61.277887006821125,57.73903979053714,60.25347900390625,20854578
2023-01-09,60.719113398797305,61.929773466482985,59.13594909957398,60.905372619628906,20519082
2023-01-10,60.81224124182392,61.97633462619986,59.74127390718562,60.53285598754883,14604386
2023-01-11,61.231313748604215,61.92976979896852,57.925289154052734,57.925289154052734,15435492
2023-01-12,59.83440055544415,60.25347133598657,56.43524641805238,58.67030715942383,21636928
2023-01-13,58.6703067741773,59.13594412952791,57.18026865806777,57.3199577331543,19071816
2023-01-16,57.64590817933505,59.69470977783203,57.50621554646879,59.69470977783203,13078106
2023-01-17,59.69471292622349,61.976340436542436,59.32220513981887,61.32444381713867,12292964
2023-01-18,61.790082863364916,62.95417638793872,60.99850068766733,62.5816650390625,16950432
2023-01-19,62.58167350677295,63.65264111530239,61.97635047614081,63.00075149536133,12482684
2023-01-20,63.14044415822412,63.65264111530239,62.34885477035629,63.00075149536133,11634672
2023-01-23,63.14043397903525,65.70143966674584,63.09386739723356,63.838890075683594,20583394
2023-01-24,63.7923208217945,64.39765083454667,62.721353430781065,63.74575424194336,18227930
2023-01-25,64.1648360857611,65.23580354254236,61.55726376534265,63.512939453125,21059502
2023-01-26,63.326672341705724,64.35107297327988,61.929760451815156,62.34883117675781,14850234
2023-01-27,61.92978273884634,62.5816723467034,60.06723288203894,62.162601470947266,12228688
2023-01-30,62.44197793226071,62.44197793226071,59.6947130202119,59.74127960205078,14404546
2023-01-31,59.64815653774076,59.694716016854066,57.971858978271484,57.971858978271484,13440790
2023-02-01,58.20467404516461,58.48405577007512,55.45741271972656,55.45741271972656,15499612
2023-02-02,56.57493889739562,57.506213611756046,53.408603447557745,56.62150192260742,20164400
2023-02-03,58.20467340664601,59.229074237590446,57.18027257570157,59.135948181152344,22191590
2023-02-06,58.43749556188917,60.39317128318679,57.73903943963552,59.834407806396484,4812720
2023-02-07,59.601582845052086,59.83440152804057,55.41084655125936,55.87648391723633,11532878
2023-02-08,54.619266510009766,54.619266510009766,54.619266510009766,54.619266510009766,200
2023-02-15,60.06722580302845,61.46413803100586,58.67031357505105,61.46413803100586,10597092
2023-02-16,65.18923230202434,65.18923230202434,61.83664463321843,62.44197463989258,17793886
2023-02-17,62.34885477035629,64.30453784030742,61.2313276775819,63.00075149536133,12013854
2023-02-20,63.00074948708036,64.3510952732263,62.30229330009513,62.6748046875,7004348
2023-02-21,62.674799305349346,63.885452329121584,62.4419805963474,62.53510665893555,7151964
2023-02-22,62.674798137278145,63.466380312119405,61.46413803100586,61.46413803100586,8195864
2023-02-23,61.69695964929913,62.39541579627233,61.32444828323409,62.209163665771484,7857624
2023-02-24,62.209155183954806,62.628225972975784,61.41756597459592,61.55725860595703,5662434
2023-02-27,61.929769446689434,63.04729627889048,60.486290775455956,62.95417022705078,12056620
2023-02-28,63.09386592775171,64.11826675796466,62.86104723429137,63.46637725830078,11504704
2023-03-01,63.93201843894751,65.14267145374382,63.652633148191306,64.81672668457031,10257296
2023-03-02,64.81672935659908,66.21364165784072,63.512943121094224,66.02738952636719,14472294
2023-03-03,65.8411224441191,66.07394113324973,62.58166079629017,63.74575424194336,14179804
2023-03-06,64.02513095310756,65.46860947480225,63.41980102126586,65.18922424316406,14726298
2023-03-07,65.70145161722414,66.58615999187373,64.49079132080078,64.49079132080078,10876218
2023-03-08,64.44420174956923,64.95640563964844,63.373241605868024,64.95640563964844,7324730
2023-03-09,64.95642246019482,65.98082340056155,64.77017032742393,65.09611511230469,9028382
2023-03-10,65.28236089590085,66.53958043248934,64.7235974468685,65.93425750732422,15019094
2023-03-13,66.72582996108041,68.44868663914868,66.12050001876948,67.19146728515625,23494128
2023-03-14,67.37773619448156,67.98306628792095,64.16484069824219,64.16484069824219,21775456
2023-03-15,64.16483373169929,65.23580114918919,62.395410229550244,63.88544845581055,16881472
2023-03-16,64.21140428667022,67.61055923951389,63.9785855516133,67.5174331665039,18022250
2023-03-17,68.58837913872811,69.8455984905456,66.67926327129518,67.6571044921875,22054422
2023-03-20,67.42429536733263,69.37997098067468,66.53958006494413,66.86553192138672,16852412
2023-03-21,67.00521639783932,67.75023905073151,65.18923345087568,65.32892608642578,14235064
2023-03-22,65.56174310806765,66.53957732189679,64.5839017891761,65.42205047607422,11834068
2023-03-23,65.65487994653476,66.35333611617875,64.95642377689077,65.70144653320312,7943804
2023-03-24,66.2602082432408,66.91209780846154,65.70144474375682,66.02738952636719,11847892
2023-03-27,66.63271039726827,66.77239592402599,65.14266513127022,65.65486907958984,8237848
2023-03-28,65.65487040127302,68.30900203903538,65.18923302254059,66.4930191040039,17133072
2023-03-29,66.63272115126426,68.63495647860216,65.98082446591353,68.40213775634766,14482686
2023-03-30,68.54182601308602,69.28684871852538,67.47085853841561,68.44869995117188,9929388
2023-03-31,68.21587928953353,69.70591755266094,67.37773054619221,69.24028015136719,12211692
2023-04-03,69.10058750996649,70.54406629600224,66.81896708565229,69.24028015136719,16622350
2023-04-04,69.24027322242412,72.2669160279543,68.9143284951487,72.17378997802734,16105908
2023-04-05,72.40661830304154,73.47758578255574,71.33565082352733,71.38221740722656,9968560
2023-04-06,71.24250759331944,72.87223815917969,71.00968894105368,72.87223815917969,11438640
2023-04-07,72.8256778286991,73.1516296538581,71.4753323718422,72.03409576416016,5772428
2023-04-10,72.17380253139207,74.50198970982407,72.17380253139207,74.36229705810547,8267708
2023-04-11,74.36228776387422,75.80576647611305,73.38445353418624,74.45541381835938,11067818
2023-04-12,74.59510785302786,76.13171264859926,74.50198179679438,75.06074523925781,8532524
2023-04-13,75.38670065601661,76.08515683419489,74.40886626960521,75.57295989990234,11647900
2023-04-14,75.71263838125448,77.66831389298964,75.61950522421664,77.10955047607422,14069478
2023-04-17,76.69047314613589,76.69047314613589,75.01418288311544,75.47982025146484,10581850
2023-04-18,75.43325805664062,76.36453284746335,75.06074671929898,75.43325805664062,8590284
2023-04-19,75.43326724325397,76.36454214749166,74.96762979113511,75.57295989990234,6785068
2023-04-20,75.43325873053035,75.43325873053035,73.24476437355841,73.80352783203125,5137270
2023-04-24,73.803528321095,74.36229178327052,72.40661611312476,72.63943481445312,8645922
2023-04-25,72.6859959902978,72.91881467430892,70.40436862395136,70.91657257080078,9056384
2023-04-26,70.31125146900608,72.26692724117109,68.77464653906813,71.52191162109375,10836150
2023-04-27,71.52190163297556,73.80352186435988,71.2425163737985,73.71039581298828,12293200
2023-04-28,73.57070021333975,74.17603018041127,71.47533216928893,72.73255157470703,12133946
2023-05-02,72.77911849702728,73.66382661114085,71.19594725984771,71.5684585571289,8234516
2023-05-03,71.66158263305144,73.10506120589316,68.26243578969313,72.82567596435547,9283220
2023-05-04,72.87224260261902,74.54853984317047,71.28907851270189,72.59285736083984,8876308
2023-05-05,72.59286046196755,73.5707017449057,71.61502628409153,73.10506439208984,10575496
2023-05-08,73.57071428161535,76.22484622392678,72.96538419879192,75.5263900756836,9004306
2023-05-09,73.10506321656379,77.38892537257296,72.63942587123536,77.06298065185547,21537128
2023-05-10,77.06297708968916,77.3423623259967,73.38444507365617,73.85008239746094,13357382
2023-05-11,73.75695550725402,81.2071533203125,73.61726998230903,81.2071533203125,19535782
2023-05-12,82.74375484268597,88.5642216592095,81.39340938327733,82.55750274658203,20191742
2023-05-15,74.31572723388672,75.0141832902012,74.31572723388672,74.31572723388672,25759752
2023-05-16,66.91208379656551,72.91880969708876,66.91208379656551,70.73030853271484,56565292
2023-05-17,70.96312959292948,71.66158562083258,67.84336075597476,68.30899810791016,22367492
2023-05-18,69.33339160543443,69.70590286901198,65.88767840373033,65.98080444335938,15380076
2023-05-22,66.39989298208265,66.91208983513252,63.14043133425373,63.74575424194336,13337464
2023-05-23,63.7457585636363,64.49078126138875,62.395412917155895,62.5816650390625,12227852
2023-05-24,62.72135788779853,63.55950664924069,62.11602783203125,62.11602783203125,11588796
2023-05-25,62.25572000248786,62.95417611419505,61.74352311694039,61.92977523803711,11050450
2023-05-26,62.16260121568871,62.95418348056861,61.5572710936992,62.628238677978516,22335234
2023-05-29,63.32668500909577,65.51517932001522,62.44197681055261,63.88544845581055,24758764
2023-05-30,64.77016421076664,66.26020244741025,64.77016421076664,65.46862030029297,23263688
2023-05-31,65.74799513244912,66.39989171258888,65.14266513127022,65.65486907958984,18955204
2023-06-01,66.02738155595834,67.70367185205909,65.79456286718914,66.95865631103516,14490464
2023-06-02,68.35557851387756,69.56623161079479,67.3777370349651,67.9365005493164,17221944
2023-06-05,68.86776517547517,72.77912340299545,68.5883870124782,71.75472259521484,21495858
2023-06-06,71.75472242661604,73.80352403736327,70.73031451617993,72.2203598022461,16094284
2023-06-07,73.19820324521436,75.57295700198372,73.19820324521436,74.82793426513672,21520122
2023-06-08,74.96760719015317,75.85231524043472,73.52412868173431,75.1072998046875,14654236
2023-06-09,75.47982001170621,76.78359895489326,74.36228606818,76.17827606201172,14953738
2023-06-12,78.7392892535642,79.11179349931406,76.6439208984375,76.6439208984375,16234798
2023-06-13,76.83016197919125,78.41332611128311,75.61950203931251,77.06298065185547,16550628
2023-06-14,77.58145738018212,78.00565443688583,74.23498836138683,75.97891998291016,14874742
2023-06-15,76.02604776542186,79.27824401855469,75.4604493551345,79.27824401855469,9837116
2023-06-16,79.18398960504663,84.88712506648581,78.66552012965218,83.37885284423828,23809156
2023-06-19,83.42599050831748,84.65145991234834,81.58779359424629,82.43618774414062,13818938
2023-06-20,81.0693250908909,81.91772644302782,77.62859066898713,78.24132537841797,13185666
2023-06-21,78.7126539442867,78.85405535982707,74.6591850559946,74.89485168457031,13863212
2023-06-22,75.55472880017435,78.66552423912353,74.0464636911103,78.38272857666016,18162088
2023-06-23,79.65531608036586,80.40945212714723,77.44005133191031,79.1839828491211,12923628
2023-06-26,79.51391948310815,81.5877901412368,78.94832100979117,81.06932067871094,10923778
2023-06-27,80.83366087524773,81.02219131828322,80.07952471915496,80.3623275756836,3139960
2023-07-03,81.16358651799338,84.32151794433594,80.97505608942585,84.32151794433594,11507432
2023-07-04,84.55718832951068,85.87692296399067,83.1431884765625,83.1431884765625,11560444
2023-07-05,84.93424986117904,85.31131789801823,81.8234547391985,85.12278747558594,18732310
2023-07-06,85.64125902339153,87.6208574415705,84.51006198213938,86.34825897216797,15992160
2023-07-07,86.44251798804657,87.52658593674211,84.6514573333038,85.40558624267578,13928926
2023-07-10,86.30112447600987,87.80938949920694,86.25398827229516,87.38518524169922,13138056
2023-07-11,89.17625491583897,89.4119215552529,86.77245950900185,87.5265884399414,11704498
2023-07-12,87.57371655017594,88.32784541141136,85.97117923509863,87.90364837646484,9897514
2023-07-13,88.13931091972019,88.61064413319463,86.25397806582244,86.72531127929688,13324988
2023-07-14,87.66799261798292,88.13932591162799,86.5839246042042,87.1023941040039,9246086
2023-07-17,88.13931532733552,92.1456478422144,87.80938349979921,91.72145080566406,16350058
2023-07-18,91.81571990469835,96.34051485684674,91.81571990469835,93.98384857177734,18135526
2023-07-19,93.93670209422494,95.02076982217511,91.39149866443235,94.21949768066406,10545824
2023-07-20,94.973653896312,96.1519870712042,92.71125276212396,95.02079010009766,11486806
2023-07-21,95.68065643310547,95.77492165129478,93.70105808322934,95.68065643310547,7865496
2023-07-24,96.52905157917515,96.85898341762858,92.38131751754356,93.46538543701172,9587274
2023-07-25,93.74818579806113,94.26665527888501,90.21318622510294,91.53292083740234,9164538
2023-07-26,91.72145026328536,96.52904781431626,91.06157942014032,95.91631317138672,10030394
2023-07-27,96.1519775390625,96.34050795156509,94.64371266311912,96.1519775390625,8335236
2023-07-28,96.57618768989198,103.1277246984733,96.52905867634765,102.37358856201172,17372682
2023-07-31,102.37358005561066,104.25891304813378,101.76084539464573,101.85511779785156,9207618
2023-08-01,101.99650708017383,103.26911254208873,100.72390881023318,101.24237823486328,6678660
2023-08-02,100.86531762431045,105.201582177241,100.6767871971297,103.78758239746094,11362690
2023-08-03,104.91878667980278,111.94164938551461,104.91878667980278,107.60538482666016,19805156
2023-08-04,107.60538872966183,111.18751732474234,106.33279031835723,108.78372192382812,10886750
2023-08-07,109.82064606665337,111.2817820026991,106.33278293102587,107.32257843017578,12638162
2023-08-08,108.3123881829686,109.584986588831,106.37991887600997,108.97225189208984,11237182
2023-08-09,109.44357873069981,119.86004638671875,109.44357873069981,119.86004638671875,26447668
2023-08-10,119.8600529349463,129.80518069438668,119.8600529349463,125.70458984375,30223826
2023-08-11,125.79882121730188,130.79495573664417,123.39501915400119,128.53256225585938,14464676
2023-08-14,130.18226293445042,131.03065711905103,124.90332423218894,128.43832397460938,14836596
2023-08-15,128.4383179605783,128.90965123749785,119.48298569910679,122.21671295166016,15694318
2023-08-16,122.21670221215209,123.53644390192767,117.55050605746965,120.66130828857422,19216184
2023-08-17,120.66130878712872,121.93391428182252,118.54030921860497,119.01164245605469,12340316
2023-08-18,119.10591854970963,119.10591854970963,109.91491957951555,110.76332092285156,26314586
2023-08-21,110.7633304612686,120.66133020461601,109.77352761014357,118.8702621459961,23547634
2023-08-22,120.1899824104461,120.89698230697815,114.91105128806855,118.30464935302734,18445600
2023-08-23,118.77598063151041,119.48298051622179,114.53398132324219,114.53398132324219,15028986
2023-08-24,115.47665205144595,118.25751548936424,113.16712188720703,113.16712188720703,19754004
2023-08-25,113.35565320619813,121.79251599423533,113.35565320619813,121.13265228271484,19068786
2023-08-28,123.01797446608543,125.37464064359665,120.28424026177754,120.66130828857422,16217080
2023-08-29,120.94411243239998,122.54664257388404,119.10590847860702,121.17977905273438,10376440
2023-08-31,121.27405776848074,121.50972442903664,118.8702621459961,118.8702621459961,12104702
2023-09-01,119.62438227420449,123.01798029214457,119.15304901638018,122.16958618164062,10962112
2023-09-04,124.43198493473669,126.41159044864209,122.87659087663252,123.67784881591797,12934652
2023-09-05,123.96064708236027,124.52625274658203,122.49951110307866,124.52625274658203,8644036
2023-09-06,124.7619264767383,124.95045691422575,121.32118486080307,121.98104858398438,9650450
2023-09-07,123.96063338618575,129.61663186768473,123.96063338618575,128.67396545410156,20091740
2023-09-08,128.7682359827096,129.47523578264992,126.55296418931749,127.25996398925781,9242734
2023-09-11,128.48543318594392,129.66376618584445,126.97716119249213,127.25996398925781,9735058
2023-09-12,127.25997699166403,128.5797043328127,126.2701742938279,127.49564361572266,13326376
2023-09-13,127.91982759241256,129.85229658903899,127.11856978284885,127.25996398925781,14070830
2023-09-14,127.30712948908828,129.0981903076172,124.66766008497903,129.0981903076172,15218568
2023-09-15,129.85229658903899,134.89556758219237,127.25996398925781,127.25996398925781,18864578
2023-09-18,127.25998835777168,127.91985208728114,125.79885228131828,126.31732177734375,11844270
2023-09-19,126.41158668235983,133.48158561573678,126.41158668235983,130.13511657714844,12678452
2023-09-20,130.18223558259024,130.98349339215395,127.25996398925781,127.25996398925781,7947906
2023-09-21,127.25998872277576,130.70071599762613,126.93004966509946,129.94659423828125,8595370
2023-09-22,131.03066983183297,131.21920029293005,127.87273066863598,128.86253356933594,6978740
2023-09-25,129.6166461567744,131.69050961849288,127.54278269505593,130.88925170898438,9040814
2023-09-26,131.0777967339806,133.67012994582723,128.9567968333788,129.80519104003906,9589474
2023-09-27,129.89943278582456,130.41790218257034,127.11856978284885,127.25996398925781,9063858
2023-09-28,127.54276678602349,128.29690278274938,126.88290318286874,127.25996398925781,8128630
2023-09-29,128.39117513277978,130.98350802210663,127.54278103167073,129.47525024414062,11868048
2023-10-02,129.66376919924454,137.3936309814453,129.33383019802545,137.3936309814453,16552496
2023-10-03,138.10063163341664,138.7604952558993,132.1618302631763,134.09429931640625,13632952
2023-10-04,134.23570857198632,137.39364721173652,132.8217087722086,136.63951110839844,31266082
2023-10-05,137.62931811304924,139.23184839237004,134.56565178519025,138.71337890625,22518472
2023-10-06,138.52482887783327,147.81009895793883,137.7235710434766,146.11329650878906,20565774
2023-10-09,144.03943501973598,150.44956969346305,141.35282991008725,147.5272979736328,18718732
2023-10-10,148.4699935913086,153.79605427449567,147.05599365234374,150.82666015625,18260804
2023-10-11,150.87378465574014,152.28778448497116,150.35531517489875,151.1094512939453,14195580
2023-10-12,151.76932678222656,155.72852373453787,147.5744631734211,150.82666015625,16183906
2023-10-13,151.3922658854164,153.27759913736955,149.97826594645156,150.82666015625,8695576
2023-10-16,151.43936337164368,153.0890297019838,149.6954390242249,150.68524169921875,10569508
2023-10-17,151.01516092752968,152.28776637608925,145.83049550353618,147.5272979736328,11730694
2023-10-18,147.48020037027987,147.48020037027987,140.45733642578125,140.45733642578125,13981964
2023-10-19,141.39997705210988,141.9655827138981,138.38344708512142,138.52484130859375,9960324
2023-10-20,138.10067227612922,140.74014192679795,131.87906626983528,134.23573303222656,12375580
2023-10-23,135.0841073166876,140.080242458177,134.424243667951,136.8751678466797,10594704
2023-10-24,137.20510155940198,143.52096375422693,136.45096553973298,142.10696411132812,9262830
2023-10-25,142.10695439517207,142.6254237722424,133.05735154578124,133.57582092285156,8988254
2023-10-26,135.03697863242135,137.0637058914747,130.70070689832397,130.88925170898438,22925822
2023-10-27,131.36058138271147,132.633172516241,128.43830950462296,130.6064453125,11320462
2023-10-30,130.55932067955686,132.58604806287957,129.71092651536375,131.40771484375,7516584
2023-10-31,131.97330250459558,133.71724118412857,128.1083643205245,128.20263671875,11722984
2023-11-01,128.7682565653819,130.7949838955894,126.64725682653452,130.0408477783203,10705096
2023-11-02,130.74785302879872,136.92232206407195,130.74785302879872,136.45098876953125,9907452
2023-11-03,136.45096630816693,136.5923605196738,132.20896735558142,134.80130004882812,9161646
2023-11-06,136.33315623175238,138.68982271804023,135.39048963723724,137.15798950195312,5785512
2023-11-07,137.39365885931733,140.57515867852965,136.45099224621737,139.6324920654297,7521308
2023-11-08,143.0496385832595,147.17380444027276,140.92863899965272,144.46363830566406,14727358
2023-11-09,144.46364820393083,145.52414806839687,140.92864865571065,144.2279815673828,7770214
2023-11-10,144.11014654930602,144.46364649995843,137.74714743756232,138.4541473388672,7121260
2023-11-13,138.4541417511416,138.57197506327023,133.38730932961047,133.858642578125,6825808
2023-11-14,134.68347747483736,136.6866438064841,133.269477711322,135.27264404296875,7160516
2023-11-15,136.5688072552874,138.21847360694747,135.39047414695878,136.80447387695312,5701722
2023-11-16,137.51146527190707,142.8139639327775,137.15796536118236,142.10696411132812,7358778
2023-11-17,142.1069979702469,145.52416458810526,141.04649798539432,145.2884979248047,7140766
2023-11-20,146.11331886410616,147.52731872408137,143.4031524658203,143.4031524658203,6401790
2023-11-21,145.17065702470322,148.94132344092927,143.16749049108313,147.64515686035156,9812656
2023-11-22,147.64513944462544,147.76297275623327,145.40630652407643,145.8776397705078,5647388
2023-11-23,145.8776397705078,149.05913918391954,144.4636400312137,145.8776397705078,7493910
2023-11-24,145.8776685765946,151.18016864601847,145.40633523709025,149.177001953125,7900278
2023-11-27,149.53048372789405,152.94765002270012,148.70565048432016,151.06231689453125,6566318
2023-11-28,151.06229850170067,151.88713164484568,147.4094660106299,148.58779907226562,5648912
2023-11-29,148.94131763164813,150.11965084075928,145.40631800431473,147.0559844970703,5025544
2023-11-30,146.938138701699,149.29480491984975,145.0528057271784,145.17063903808594,8026226
2023-12-01,147.64514230081963,148.4699754980309,142.34264317588995,143.9923095703125,5829028
2023-12-04,143.99229568741748,146.5846283430011,141.75346293941345,145.05279541015625,5777226
2023-12-05,145.05283657799848,145.99550326575152,142.814003194585,145.524169921875,3997030
2023-12-06,145.64196509218064,149.41263085508498,144.58146534636379,147.5272979736328,13588926
2023-12-07,147.8808188106767,152.476318359375,146.82031891482322,152.476318359375,10598078
2023-12-08,152.47630719093732,152.47630719093732,148.70564117075958,151.65147399902344,11623850
2023-12-11,151.65149151345958,154.12599137498455,147.99865838454176,149.0591583251953,10700526
2023-12-12,149.17696789727694,149.88396774513134,145.52413535002924,146.34896850585938,6566652
2023-12-13,146.11330196557455,146.58463519772155,141.6356362601779,142.34263610839844,7268442
2023-12-14,143.8744904441255,148.70565678991514,142.10699056151955,147.64515686035156,7739186
2023-12-15,147.64515059972516,153.41898330474234,147.17381731768293,151.06231689453125,9544548
2023-12-18,151.0623052824968,152.9476382657417,148.7056390534407,149.88397216796875,4696460
2023-12-19,149.88401220823096,150.00184555116195,143.87451171875,143.87451171875,8804522
2023-12-20,145.302518681476,146.8495561449151,143.75548121803683,144.70750427246094,6357374
2023-12-21,144.23150126550502,148.27759948582445,143.39848104367454,147.20657348632812,5655378
2023-12-22,148.27758453812854,149.22960755281957,145.54051837089182,147.3255615234375,5767998
2023-12-25,147.6825711956848,148.03957982871222,142.20843882259737,143.2794647216797,3846430
2023-12-26,143.75548080632717,145.7785297911844,140.542403006848,144.5885009765625,6605702
2023-12-27,144.5884895324707,147.325555589464,142.32743496365018,145.65951538085938,5334808
2023-12-28,145.65951791158537,149.94362137957316,145.65951791158537,146.37353515625,5462790
2023-12-29,146.37352351238601,149.46759799313566,142.5654318437711,143.1604461669922,6389998
2024-01-02,144.94550500914107,145.77852515287177,141.49442155654248,143.2794647216797,8118422
2024-01-03,143.39848396816856,143.51748685942846,137.9243509702136,139.1143798828125,7608890
2024-01-04,139.23335455271823,144.94549217539387,138.63834021702286,143.99346923828125,7067966
2024-01-05,144.11248013253518,146.25453186035156,142.68444564732428,146.25453186035156,7221038
2024-01-08,147.44456504654363,152.20468014086302,147.44456504654363,151.84767150878906,7816886
2024-01-09,152.3236838566119,153.51371263674167,149.70562054032638,152.08567810058594,8031230
2024-01-10,150.41962058283826,152.68067500615626,148.39657188829062,151.4906463623047,8706352
2024-01-11,152.68069187231131,156.96479546342837,152.08567748465614,156.2507781982422,8633094
2024-01-12,156.25077431522197,160.77288354902126,154.70373694576435,159.46385192871094,14574282
2024-01-15,160.17789020848238,163.03395957326958,159.58287575748506,161.12991333007812,5648504
2024-01-16,161.2488950473159,161.6059036710369,158.27382318297427,159.46385192871094,4254068
2024-01-17,159.22584321922767,159.22584321922767,156.1317685378376,158.63082885742188,4973768
2024-01-18,159.4638651301352,160.65389397438992,158.0358305170295,158.8688507080078,4351112
2024-01-19,159.46385192871094,160.53487779987393,156.60778293894296,159.46385192871094,5306574
2024-01-22,159.4638394964414,165.1759770306423,157.32178792111608,164.4619598388672,5530974
2024-01-23,168.03205698282764,171.84014892578125,167.55604548995845,171.84014892578125,8536750
2024-01-24,171.84014514998302,176.71926284468475,170.17410496154827,175.05322265625,6471734
2024-01-25,176.12424244353767,176.8382596426331,171.84013924896513,173.38717651367188,5090674
2024-01-26,173.3872016633708,177.0762910604638,172.31617570937607,176.24327087402344,5880242
2024-01-29,177.55230548817624,178.7423343453356,174.33922757384596,177.0762939453125,5936458
2024-01-30,177.67130506360854,177.79030794710727,175.4102502771326,176.124267578125,4805428
2024-01-31,176.24324361045217,185.04945564770634,175.52922641824236,181.36036682128906,8815212
2024-02-01,181.71742541267272,183.62147178241915,178.02833557128906,178.02833557128906,7769200
2024-02-02,179.45636098205193,180.0513754415415,174.22023373854378,175.291259765625,6814322
2024-02-05,175.767254070903,179.45634335742838,175.29124255006099,179.09933471679688,4756872
2024-02-06,179.93234337588754,181.12237210191856,177.55228592382554,180.17034912109375,6014742
2024-02-07,182.7884514956551,182.7884514956551,176.36229499776096,178.02833557128906,5831008
2024-02-08,178.02831012022148,186.59651755916263,177.43329571473947,183.8594512939453,8303930
2024-02-09,185.04948181883535,189.09557981358802,182.9074299392604,188.7385711669922,6110450
2024-02-12,190.40460519772438,192.30865124970163,184.9304727982898,186.95352172851562,5249252
2024-02-13,188.97656434711658,189.21457009566458,180.88436889648438,180.88436889648438,4293198
2024-02-14,182.31238974423545,183.74042412865506,178.98030951392306,181.36036682128906,8128430
2024-02-15,182.55041100699677,191.59462954450117,181.47938512755545,190.04759216308594,10030452
2024-02-16,190.04760790085044,190.4046165568946,185.64450114297225,185.7635040283203,5920866
2024-02-19,186.4775056007581,188.85756310683033,184.57345959590032,185.6444854736328,6419652
2024-02-20,186.23949390898463,189.33356856817542,185.28747093692593,188.26254272460938,5725244
2024-02-21,189.09558921041068,192.78467874189133,188.02456321740019,191.47564697265625,8785652
2024-02-22,192.07063331144985,192.42764192355293,186.83450700060487,187.90553283691406,7001924
2024-02-23,188.38156003348436,188.73856867536713,186.00150242093244,188.02455139160156,4147300
2024-02-26,188.50056291411195,191.35663204917424,185.88249954030485,188.02455139160156,6322478
2024-02-27,188.50054582868304,188.61954869852437,182.31239659693335,183.26441955566406,7911232
2024-02-28,183.26442766095647,183.26442766095647,178.98032415719385,181.2413787841797,7571844
2024-02-29,182.90741642781862,187.90553711094705,180.8843675798857,184.81146240234375,10137432
2024-03-01,184.93045278233805,186.00147857065275,179.93233243686944,181.36036682128906,4498696
2024-03-04,181.59837406761844,185.04945719210136,175.76723361590592,177.55227661132812,8423926
2024-03-05,177.4333026024603,180.64638051679057,173.1491987166866,177.0762939453125,9578766
2024-03-06,176.6002828112539,180.88438670694467,174.22022509142565,177.19529724121094,7660022
2024-03-07,177.1952731937557,183.6214281651881,177.1952731937557,183.26441955566406,8920860
2024-03-08,184.57347230653505,186.71552420951227,183.9784578890414,184.93048095703125,8226712
2024-03-11,189.92857469203605,190.28558329108122,185.64447150349386,186.00148010253906,6719874
2024-03-12,186.35851717862215,189.80960083007812,184.9304825642266,189.80960083007812,7341788
2024-03-13,189.45258670547634,189.45258670547634,183.6214455317525,183.8594512939453,6816678
2024-03-14,184.6924607931495,185.64448378692862,182.4314061829241,185.16847229003906,5101802
2024-03-15,185.16846977042397,186.00148987864566,180.17034912109375,180.17034912109375,7698228
2024-03-18,180.40837055873556,182.31241668600452,179.33734461214675,180.28936767578125,4614914
2024-03-19,179.45634509798472,185.525492047585,177.90930764024347,183.97845458984375,5435220
2024-03-20,183.97844788794424,184.4544593960631,181.36038459329043,182.07440185546875,5387032
2024-03-21,184.69246768951416,185.16847920417786,179.9323525428772,182.78842163085938,8561268
2024-03-22,183.38342846292556,186.83451180194234,176.3622589111328,176.3622589111328,10495658
2024-03-25,176.95726364650082,178.02828945202774,169.4600830078125,169.4600830078125,11798780
2024-03-26,169.698103383162,170.88813215863996,163.15294511803302,164.93798828125,9578674
2024-03-27,165.89000109234593,168.9840757181716,162.9149293367443,166.3660125732422,7846618
2024-03-28,167.55605996621622,167.91306861671242,164.69999076224664,167.31805419921875,8971890
2024-03-29,169.46009146143524,172.43516329186775,168.27006272926224,171.84014892578125,6973820
2024-04-01,173.74419745083512,175.52924057533002,168.0320594524515,172.55416870117188,6617748
2024-04-02,173.26818973156915,175.64824728282696,170.76912930274844,173.6251983642578,6824202
2024-04-03,172.55421212132686,177.7903399374223,171.245180167303,176.48130798339844,8580840
2024-04-04,176.48126254834628,182.0743976392244,175.88624817697627,180.88436889648438,8552350
2024-04-05,181.59839711130402,193.49868525752316,179.69435100790895,192.78466796875,12070274
2024-04-08,192.3086671894422,194.09371051112637,190.28561809153348,191.47564697265625,6399782
2024-04-09,191.47564697265625,191.47564697265625,191.47564697265625,191.47564697265625,0
2024-04-15,189.45258217173574,193.85568866693313,186.95352172851562,186.95352172851562,8098318
2024-04-16,185.6445040021624,188.02456174577986,183.5024520329067,186.59652709960938,5956024
2024-04-17,187.07254707144585,188.97659335207126,182.31243136988235,184.573486328125,7817808
2024-04-18,184.33544656324355,184.57345230444852,175.05322265625,175.05322265625,8451312
2024-04-19,175.05325918082113,180.4083894752718,173.26821574933757,176.8383026123047,9698326
2024-04-22,181.479397335568,181.479397335568,174.93423874313768,176.124267578125,5538410
2024-04-24,178.74232764866042,179.09933629243272,174.22021816087806,175.1722412109375,4732546
2024-04-25,174.696237442559,179.6943586772916,174.57723455601774,177.4333038330078,7541090
2024-04-26,178.02831052160818,185.6444949289497,178.02831052160818,183.97845458984375,7500142
2024-04-29,185.40650657589862,185.52550946843772,181.36040822956963,184.573486328125,7524116
2024-04-30,184.57346982734148,188.02455340244973,182.55042083503665,184.21646118164062,9812712
2024-05-02,185.1684815586905,192.1896514892578,185.04947867851138,192.1896514892578,8532358
2024-05-03,192.18964368158504,198.6157989501953,190.9996149281387,198.6157989501953,8313682
2024-05-06,198.61581462014937,200.75786654535167,195.75974538654626,198.7348175048828,5628890
2024-05-07,198.73480475887763,202.30489107191136,196.35474721685515,199.44882202148438,7144344
2024-05-08,200.28185912540982,202.06690243312292,196.8307753971645,199.9248504638672,6404728
2024-05-09,199.92484346277573,202.30490112304688,199.32982904770793,202.30490112304688,5644446
2024-05-10,202.0668949443779,203.73293530316548,200.63886035113143,202.18589782714844,11621618
2024-05-13,203.01892007460614,206.8270123620548,201.59088546681292,202.78091430664062,7012184
2024-05-14,203.4949060252781,219.67929621208387,203.3759031562575,216.94223022460938,15253148
2024-05-15,215.6332356489016,223.8444350196379,215.15722409117774,223.36842346191406,9546292
2024-05-16,223.2494011558692,223.2494011558692,217.6562658390644,222.17837524414062,6310784
2024-05-17,222.1783779557693,232.29362280110425,221.34535779203583,231.6986083984375,6960668
2024-05-20,231.6986092283152,231.93661499023438,226.81949110897216,231.93661499023438,4211224
2024-05-21,232.6506322759919,236.93473599053704,228.48553144240637,231.93661499023438,7553170
2024-05-22,232.88863427073684,233.95966018204837,228.72353350452542,230.86558532714844,5727742
2024-05-23,230.86558449256037,235.14968812231925,228.48552692047213,230.62757873535156,8011690
2024-05-24,229.43755215731534,229.79456079656427,222.17837649258698,222.53538513183594,5199742
2024-05-27,222.53538567565022,229.4375527179966,219.32230791455794,227.0574951171875,5188626
2024-05-28,227.0575180489224,231.81763373128973,225.03446888391628,229.31857299804688,6346202
2024-05-29,229.31854983795614,230.50857863836066,224.6774375163784,227.0574951171875,4394258
2024-05-30,226.93847315558764,227.05747602562204,222.5353669643151,225.9864501953125,3880878
2024-05-31,227.05751523971557,236.5777464866638,226.4625007867813,228.4855499267578,10501436
2024-06-03,230.2705751523698,237.41074802531148,229.31855210264422,236.45872497558594,7694620
2024-06-04,236.45873242665112,236.57773531161672,226.10548143464376,234.1976776123047,12280668
2024-06-05,234.19768197195873,244.1939244951521,232.8886502129691,239.90982055664062,8044370
2024-06-06,240.3858109358903,243.7178914835165,237.05373038826409,238.24375915527344,3616290
2024-06-07,236.5777224276928,240.62382029617447,234.31666773648246,234.91168212890625,4423802
2024-06-10,234.91168490751292,236.3397194662212,230.03256683192626,231.3415985107422,3590458
2024-06-11,231.93660341222642,242.05184778884995,231.93660341222642,237.29173278808594,5754232
2024-06-12,238.00576404270888,238.00576404270888,232.53163146972656,232.53163146972656,5961352
2024-06-13,244.90791729829158,255.61817607226934,244.19390004669305,250.38204956054688,12210268
2024-06-14,250.62006950723327,263.4723807640145,250.62006950723327,263.234375,10790406
2024-06-20,264.90041222040645,272.9926081013533,264.90041222040645,271.08856201171875,6498718
2024-06-21,272.75457933804717,277.5146941607007,268.470475997659,273.2305908203125,7558602
2024-06-24,274.6586644549544,277.75273953113674,264.66242190113456,266.8044738769531,5979814
2024-06-25,266.80445994210805,272.99260977127386,262.2823504515639,271.5645751953125,9342752
2024-06-26,271.3265508493214,272.2785738347576,264.18637845854977,266.32843017578125,6444192
2024-06-27,266.09042442942217,269.660510624808,264.4243842049088,266.32843017578125,9180028
2024-06-28,267.5184650946101,267.99447659833714,258.7122522756594,259.42626953125,13200208
2024-07-01,260.854288810427,264.9003863558442,259.90226585856414,263.7103576660156,7577434
2024-07-02,263.7104194991969,267.75651799331814,261.0923557677067,263.94842529296875,9190236
2024-07-03,264.1863930442116,264.4243988037109,255.1421741832386,261.80633544921875,7166726
2024-07-04,262.2823394020143,262.99635665991457,258.7122531125132,259.6642761230469,6571646
2024-07-05,260.37827649069135,263.47235107421875,257.9982191187472,263.47235107421875,5286260
2024-07-08,264.18637677827047,268.70848593033094,264.18637677827047,265.8524169921875,7245558
2024-07-09,266.5664265216042,268.47047242533,263.47235192804993,263.7103576660156,7055336
2024-07-10,265.1384354340218,267.51849320272936,258.4742736816406,258.4742736816406,9294008
2024-07-11,261.0922914739241,271.56454382110064,259.66425706294547,271.3265380859375,10452184
2024-07-12,271.56455818248804,275.3726501464844,269.89851794823966,275.3726501464844,6026574
2024-07-16,275.3726316691463,282.7508093543179,274.8966202055868,278.7047119140625,8257088
2024-07-17,279.42121876966235,285.63057918676594,277.9882894426384,284.67529296875,7434962
2024-07-18,285.15294409579917,295.899914350666,285.15294409579917,291.3623046875,10118480
2024-07-19,292.0787285478063,297.0939806324374,289.45169174157087,293.51165771484375,5807260
2024-07-22,294.2281403901807,297.09399890047473,289.6905310822153,293.98931884765625,4246102
2024-07-23,294.4669834788253,296.37755595881765,290.40701695884144,293.7505187988281,5159756
2024-07-24,295.6610794006299,301.39279661033515,295.4222578502255,298.2881164550781,8157992
2024-07-25,299.7210209210195,299.7210209210195,290.88462428828825,292.7951965332031,6068566
2024-07-26,293.03403958067605,295.18343351403064,291.60111029177295,292.556396484375,3385040
2024-07-29,292.7952186953842,295.183434182296,284.436464491193,286.10821533203125,5972022
2024-07-30,286.8246725719213,295.18342656027875,285.1529217742499,293.98931884765625,7349812
2024-07-31,293.9893462915215,299.482242282346,291.6011306433369,298.7657775878906,9030014
2024-08-01,299.4821808758904,301.3927530026903,292.3175354003906,292.3175354003906,8032492
2024-08-02,292.3175596898916,292.79520276128034,279.8988398337851,280.8541259765625,5468814
2024-08-05,262.7036877277186,276.79415825129627,262.7036877277186,266.2860107421875,8739200
2024-08-06,270.8236333526341,273.6894919066302,266.0472024293072,269.86834716796875,6840950
2024-08-07,271.06248165116943,275.12244833669354,265.569585547225,266.5248718261719,5345774
2024-08-08,266.5248290568071,267.00247211963296,260.5542907714844,260.5542907714844,5674596
2024-08-09,262.9425135326132,276.07769813233506,262.9425135326132,269.6295166015625,8373222
2024-08-12,273.211833984375,280.37647998046873,267.71893872070314,268.6742248535156,6770856
2024-08-13,269.6295332110419,272.97303495148,264.6142806003848,272.4953918457031,4162712
2024-08-14,273.45066339197297,275.12241417253523,267.2413033498845,271.30126953125,5879440
2024-08-15,272.25659723882075,274.167169851023,266.0472362491634,273.2118835449219,4998780
2024-08-16,273.68948183128305,277.9882695040257,265.5695495605469,265.5695495605469,5549378
2024-08-19,268.435388726365,276.3164988935981,265.0918874432964,273.92828369140625,4358414
2024-08-20,273.2118869116298,274.88363796790725,267.9578121633292,268.4354553222656,3708904
2024-08-21,268.435408009042,271.3012664575371,265.5695495605469,265.5695495605469,3186828
2024-08-22,268.4354553222656,270.5848495374795,264.8531316302425,268.4354553222656,4224140
2024-08-23,268.19662045209833,269.3907282902644,260.79315185546875,260.79315185546875,5265168
2024-08-26,261.7484122940078,263.6589846465188,256.4943383246025,257.6884460449219,5573854
2024-08-27,256.4943257135605,266.524830071074,253.62846732569946,264.6142578125,6692650
2024-08-28,265.09192241885796,270.34599655688936,263.89781466021446,264.3754577636719,4134890
2024-08-29,265.09189181857636,265.808356391059,257.92724609375,257.92724609375,8607348
2024-09-02,259.837828125,269.15186791992187,259.59900659179686,268.6742248535156,6258050
2024-09-03,268.67426789879056,269.8683757561185,263.8978364694787,268.1966247558594,4820950
2024-09-04,266.76365381078335,269.8683337566564,263.6589738649103,266.2860107421875,7577618
2024-09-05,266.7636874542933,267.48015214754565,259.8378620861872,261.5096130371094,6831566
2024-09-06,261.7484346015268,265.8084011966235,260.793148343857,261.5096130371094,4192804
2024-09-09,259.83781940804465,266.76364363859,259.83781940804465,261.9872131347656,6106898
2024-09-10,262.94252365657263,269.62952698298864,262.46488056182864,267.4801330566406,7034364
2024-09-11,267.2412956542969,272.9730124511719,266.28600952148435,268.6742248535156,7996190
2024-09-12,269.8683337566564,271.5400844967419,257.21079243886635,266.2860107421875,7297434
2024-09-13,266.52482985441907,271.3012604969714,262.226042276122,271.06243896484375,4860818
2024-09-16,271.0624479911697,273.9283064721336,269.1518756705271,271.30126953125,4712302
2024-09-17,272.7342119161055,291.12347138855745,272.7342119161055,285.3917541503906,11008198
2024-09-18,285.86938640182336,294.9446050177542,285.63056485929883,293.98931884765625,7708216
2024-09-19,295.89990519773187,297.5716560745552,289.69054479810234,291.12347412109375,7849022
2024-09-20,291.362284877844,293.5116787826806,272.2565612792969,272.2565612792969,9558328
2024-09-23,274.8835943238348,279.42120361328125,270.58480657593816,279.42120361328125,7560516
2024-09-24,279.18239247193117,283.4811803799678,276.07771231612696,277.2718200683594,6331430
2024-09-25,277.03303586362625,277.7495006115494,265.80842147949653,267.718994140625,9428844
2024-09-26,269.62950433219265,270.58479044142985,257.2107849121094,257.2107849121094,9999248
2024-09-27,256.25551551604366,256.4943370589291,237.8662567138672,237.8662567138672,20728460
2024-09-30,237.6274188063307,241.92620628222411,234.5227389626299,237.03036499023438,15438446
2024-10-01,237.98569658155157,239.2992152280127,226.88049347965278,230.94046020507812,10877332
2024-10-02,232.14450289353795,234.3118270906768,224.19764750402885,224.43846130371094,15196998
2024-10-03,225.8833383610111,232.74653147752372,225.52211767066834,229.9771728515625,16827248
2024-10-04,232.38531370420714,236.23833444956188,229.73636194177575,231.66287231445312,10517204
2024-10-07,232.62612750079182,232.62612750079182,221.90991355277396,222.7527618408203,12698550
2024-10-08,227.08742707024686,236.71997965010888,225.64254418326757,232.86695861816406,14973312
2024-10-09,233.4689790863352,236.96077918613082,226.48537888674394,233.58938598632812,10235730
2024-10-10,231.30165311272066,233.1077565987648,223.59561157226562,223.59561157226562,8638142
2024-10-11,223.95683370434676,230.8200269952864,222.7527647059363,224.43846130371094,11198284
2024-10-14,224.55885484392988,227.44862026819493,221.18746184895397,225.52210998535156,11427956
2024-10-15,226.36497314061666,230.82002846306494,223.716021327269,225.28131103515625,13600228
2024-10-16,227.56904561640852,227.68945251885106,222.8731764211493,227.32823181152344,10567842
2024-10-17,227.32823039191254,229.61596152403456,225.40171996486245,226.48538208007812,11389990
2024-10-18,226.7261882211019,229.01391927590856,221.66909852100298,222.0303192138672,9409688
2024-10-21,222.15072884294872,223.11398403576365,214.6855010986328,214.6855010986328,10398686
2024-10-22,215.6487680739611,222.5119616977555,215.16714045123868,221.78952026367188,9706214
2024-10-23,221.78951296378608,222.03032676722125,216.3712023864949,217.45486450195312,7735148
2024-10-24,219.14056515217328,230.82003483336052,219.14056515217328,229.01393127441406,17862026
2024-10-25,229.01393107374614,230.57922082346155,224.19765492077568,228.89352416992188,9145142
2024-10-28,229.49555666644633,229.7363704719725,226.96701170842147,227.689453125,2494602
2024-10-30,228.17107668148407,235.27508381826905,225.1609041658972,234.31182861328125,15506222
2024-10-31,233.10774268572482,235.27506673962102,224.67926025390625,224.67926025390625,10984964
2024-11-01,225.52212257795435,228.6527019623787,223.59561218753936,223.9568328857422,8321060
2024-11-04,223.11398253569732,223.95683082374367,218.05689280741925,222.7527618408203,10742174
2024-11-05,223.83642184216043,225.6425252997357,218.65892526377803,221.54869079589844,6706346
2024-11-06,222.27114313580662,237.8036336366295,221.78951552337801,237.20159912109375,19842706
2024-11-07,237.5628163718103,238.64647848399795,233.34857482441376,235.15467834472656,8310092
2024-11-08,235.0342605729958,239.24850192548294,233.9505985109277,237.68321228027344,9746636
2024-11-11,238.76687223508256,240.09134807703208,233.58937576200714,236.47914123535156,9439942
2024-11-12,233.70979680832784,233.8302037103414,226.36497578550043,226.8466033935547,13158130
2024-11-13,226.72619689585423,230.2179970604744,226.1241623847128,227.08741760253906,12555860
2024-11-14,229.25474488139466,230.4588139196373,226.6057929972609,228.89352416992188,7496302
2024-11-15,229.9771786963991,230.33839939592224,224.43846130371094,224.43846130371094,11719238
2024-11-18,225.16089750023366,226.4853733678821,220.22421472081678,221.42828369140625,9684236
2024-11-19,222.3915369836359,223.47519904798497,219.26095768662748,220.34461975097656,10333664
2024-11-20,221.3078948527843,222.39155701474027,213.60185281220856,213.84266662597656,7687128
2024-11-21,215.5283578533016,220.9466685255913,214.324288815015,219.7425994873047,9059810
2024-11-22,220.34461360021,226.24455134141783,218.65891710272206,225.52210998535156,11898968
2024-11-25,226.6057953662543,233.10776824073773,226.36498155608828,230.33840942382812,12244986
2024-11-26,229.49555788256333,230.94044072337695,227.80986123494745,228.41189575195312,5402856
2024-11-27,229.736374898413,231.90369918990746,228.89352656283182,230.33840942382812,7778034
2024-11-28,230.9404349935398,234.913862707193,230.45880739188487,234.07101440429688,9169602
2024-11-29,233.46896945586803,234.19141082602542,227.44862470455632,228.0506591796875,11739470
2024-12-02,226.60578756396006,235.75671203519332,225.4017185545873,234.6730499267578,8626392
2024-12-03,235.27506642132641,242.98110749142103,235.1546595296062,241.77703857421875,10506228
2024-12-04,241.77705749330963,247.3157749458456,240.57298848188876,243.9443817138672,8637928
2024-12-05,244.90762538126071,247.3157632906143,242.49948747190712,246.1116943359375,5328004
2024-12-06,247.79740945760486,250.44636135656856,245.14845755864116,248.03822326660156,8463570
2024-12-09,250.4463398864514,253.3361053466797,247.79738821457548,253.3361053466797,6752712
2024-12-10,253.09529155832732,255.5034294418509,251.40959503986082,253.3361053466797,7720850
2024-12-11,256.7074932679811,265.61760325945886,256.2258657008742,259.1156311035156,10055984
2024-12-12,260.5605428894954,262.96868099383454,257.42996335385453,258.15240478515625,6542430
2024-12-13,257.9115853264562,257.9115853264562,252.3728678077741,254.781005859375,7013192
2024-12-16,254.7810082686575,255.0218220760948,245.8708973934776,247.07496643066406,7524086
2024-12-17,247.79739709484426,251.65041784656196,244.18519014010892,249.72390747070312,9267282
2024-12-18,249.96659438755856,250.69465242946407,245.840932150094,246.0836181640625,6141518
2024-12-19,245.11286959705123,246.81167166356545,243.171381521035,243.65675354003906,4475796
2024-12-20,243.65676468149948,245.1128808050941,240.1378173828125,240.1378173828125,5470144
2024-12-23,240.50184691947737,242.07930605668886,236.0121555289523,238.3176727294922,5523354
2024-12-24,238.80304507672636,240.13781819453325,235.40544077685422,237.2255859375,4258416
2024-12-25,244.14212457167892,250.45196079321335,244.14212457167892,248.0251007080078,6430896
2024-12-26,249.23854007500017,254.8203184797957,248.99585405740038,251.42271423339844,5888194
2024-12-27,251.42272382129653,255.06301422411454,250.69466574073294,253.3642120361328,5768744
2024-12-30,254.3349761962891,260.1594413000209,250.6946855064567,254.33497619628906,7624784
2024-12-31,254.33496024457486,262.5862852906775,251.42272787536217,256.5191345214844,10475360
2025-01-02,257.2471719228166,263.55700821526307,255.3056838328331,257.7325439453125,9978764
2025-01-03,258.2179159678084,260.8874620915357,254.82031181033722,257.7325439453125,7841504
2025-01-06,258.21792582518157,260.4021000097931,256.76180970210726,258.94598388671875,6299950
2025-01-07,258.2179369700249,259.4313671249592,254.5776465052219,255.79107666015625,7450866
2025-01-08,256.0337415259429,260.15940371166903,253.84956742761733,259.18865966796875,11067282
2025-01-09,260.4020909525262,262.5862650611681,254.09225463867188,254.09225463867188,9020570
2025-01-10,255.30567964221962,258.2179117293932,253.36419158410388,253.8495635986328,9284158
2025-01-13,253.6069180583226,254.3349761962891,248.51051109255727,254.33497619628906,8050282
2025-01-14,256.27643497800364,257.97523710380483,249.7239124927706,249.9665985107422,8622240
2025-01-15,250.45196062785823,251.66539066965987,244.38481041885004,248.75315856933594,10488922
2025-01-16,250.93735446627178,252.87884270198762,243.17140152340843,244.6275177001953,11923762
2025-01-17,245.59825095305976,248.75316919652792,242.92870474704824,247.0543670654297,9932844
2025-01-20,249.96659277953515,253.84956897805222,248.02510468027663,252.63613891601562,10859294
2025-01-21,251.90807570021312,256.7617958485794,250.69464566312152,253.1215057373047,8584858
2025-01-22,253.1215057373047,254.5776217818146,249.48121562602992,253.1215057373047,9144256
2025-01-23,254.3349468342309,255.79106294206045,249.23854045682742,249.9665985107422,11930286
2025-01-24,250.45197578162998,251.66540589685107,248.02511555118784,249.48123168945312,8422250
2025-01-27,248.26779247249976,248.26779247249976,243.89944421785168,245.35556030273438,8670494
2025-01-28,245.84093527177876,254.09225985148308,243.89944713537773,253.6068878173828,13546590
2025-01-29,253.6068703249192,269.38146034512954,253.6068703249192,265.25579833984375,32254496
2025-01-30,265.49848378729496,270.35220378340637,265.01311178768384,268.16802978515625,13388328
2025-01-31,268.8961392489347,270.8376276189631,265.49853460138496,266.95465087890625,11831888
2025-02-03,265.4985162495458,269.6241787506813,257.9752493357104,260.8874816894531,10336152
2025-02-04,263.07162576067145,263.5569977639199,257.489847723314,257.9752197265625,6450356
2025-02-05,258.70326692512236,265.9838466697318,258.2178949421484,261.8581848144531,17348884
2025-02-06,264.04241859902004,267.9253953431233,262.8289883664878,266.2265930175781,8681196
2025-02-07,266.22657078838944,272.77909349694596,264.0423965522039,272.5364074707031,13371394
2025-02-10,272.7790743544576,273.2644463728819,266.2265521057295,267.1972961425781,11918216
2025-02-11,267.1973146807872,273.7498373841308,263.0716522379413,273.26446533203125,11401048
2025-02-12,273.2644250433541,276.66202890712583,268.65339122823536,270.5948791503906,13746086
2025-02-13,272.5364049429313,282.00115987861636,270.59491675099594,281.2731018066406,16610618
2025-02-14,279.08892008827496,279.5742921232111,271.3229675292969,271.3229675292969,12417638
2025-02-17,271.80831964265565,273.26443564074134,268.8960876464844,268.8960876464844,7329076
2025-02-18,268.8960967368268,275.93399096549825,267.19729468163024,273.74981689453125,10495272
2025-02-19,273.9925038930532,275.4486199456292,267.9253536739865,269.3814697265625,10350422
2025-02-20,262.10090195129965,263.79970409357657,251.6654030773127,259.6740417480469,32578744
2025-02-21,259.67405557632446,262.5862879753113,246.8116958141327,248.510498046875,14323674
2025-02-24,251.9080815885227,254.82031374561544,248.7531634183389,249.72390747070312,8966112
2025-02-25,250.69465794482954,251.9080880413679,244.62750746213763,244.8701934814453,9441972
2025-02-26,245.11287375057447,250.45196605009193,244.6275017233456,247.53973388671875,10709496
2025-02-27,247.53972804292718,253.36419223217254,246.08361199561585,250.9373321533203,11778162
2025-02-28,250.9373437632685,252.15077385883555,245.35556532366002,245.59825134277344,14079226
2025-03-03,248.51049595623215,256.2764489548644,248.2678099250249,255.06301879882812,14519380
2025-03-04,255.79105149551845,257.9752255595219,252.63613340306898,254.57762145996094,10344634
2025-03-05,257.24718056955646,266.7119353263609,256.76180853074595,263.3143310546875,14682790
2025-03-06,266.22658201801744,270.8376167111281,262.1009193978659,268.6534423828125,12226992
2025-03-07,267.92536385538773,273.50714226904165,266.9546197834479,269.1387939453125,11330280
2025-03-10,256.2764243267952,263.07163254758143,249.23853009812376,250.9373321533203,24615494
2025-03-11,251.90808646099612,254.57763265663286,247.29705212307806,250.6946563720703,18499954
2025-03-12,252.15078234075352,254.57764261352304,248.99586398615313,251.90809631347656,20516434
2025-03-13,252.87882406061345,259.43134637312454,252.87882406061345,256.27642822265625,23901682
2025-03-14,258.7032835808564,260.1593996235254,254.57762145996094,254.57762145996094,19269440
2025-03-17,255.54839763770855,256.03376971299383,250.2093048095703,250.2093048095703,13705626
2025-03-18,250.4519717250417,250.9373437632685,245.59825134277344,245.59825134277344,13830782
2025-03-19,228.12485427940192,237.22557984905893,221.0869598388672,221.0869598388672,32807602
2025-03-20,222.05771934337312,232.49321872235132,216.23325457371087,220.7229461669922,62773436
2025-03-21,220.96561180366263,222.5430708665114,198.7598419189453,198.7598419189453,36833758
2025-03-24,201.42940281669874,207.8605825451837,193.66344993701878,200.94403076171875,49168914
2025-03-25,205.7977456475666,220.9656219482422,203.6135714602693,220.9656219482422,44579592
2025-03-26,220.96561601472712,230.91574260078295,219.87352895040394,224.36322021484375,33418112
2025-03-27,228.00352083958995,232.37186929633572,222.66442828134518,224.12054443359375,18210404
2025-03-28,224.12053981350212,225.09128389498997,220.11622047736483,222.42173767089844,15543756
2025-04-02,220.23755479821176,222.54307190078256,215.7478635984686,216.47592163085938,12351994
2025-04-03,216.9612889176708,220.23754999193093,214.5344288626633,214.77711486816406,9825498
2025-04-04,215.01981169782366,216.96129983956473,211.0154924054827,212.3502655029297,12955612
2025-04-07,208.2245869167602,224.24186283343403,203.85623893948548,219.63082885742188,26154582
2025-04-08,223.14978951846854,228.36753881117878,220.35890036190258,226.9114227294922,14007886
2025-04-09,225.6979987438507,226.54739981439207,221.57233640122115,223.14979553222656,12826458
2025-04-10,231.03708588973333,234.67737610858418,223.27113342285156,223.27113342285156,16293656
2025-04-11,224.7272596048947,229.459637101974,221.57234127350847,223.7565155029297,13485358
2025-04-14,225.69799284054997,227.39679493719927,224.84859179222533,226.18336486816406,8162242
2025-04-15,226.91141802689125,229.58096412132528,224.3632149367497,225.21261596679688,8661912
2025-04-16,224.96995137087364,229.21695692533999,219.87354470551406,221.81503295898438,13172944
2025-04-17,221.81502762048706,227.63949224071868,220.11622543958617,222.6644287109375,15825566
2025-04-18,223.39246750516907,223.75649651251047,217.3253173828125,217.3253173828125,7698946
2025-04-21,217.68936208689595,218.90279219886304,214.5344437957815,215.8692169189453,9054984
2025-04-22,216.96131360577343,219.26683092037615,216.35459852298322,217.8107147216797,8899188
2025-04-24,218.4174078062812,225.57664506215377,217.56800677592344,224.8485870361328,15183508
2025-04-25,226.06203199289442,227.63949115333864,225.09128789415948,226.30471801757812,8389098
2025-04-28,227.15411416330645,229.33828833795363,224.84859697895664,225.697998046875,8855592
2025-04-29,225.6979879839667,227.2754470397686,223.99918592387232,225.21261596679688,7525694
2025-04-30,226.1833824952796,228.8529288552024,218.29608643187123,218.90280151367188,11520940
2025-05-02,220.116209151897,228.4888764239372,219.38815112824136,228.12484741210938,10249656
2025-05-05,229.216928948833,231.0370739643081,227.6394699354212,230.0663299560547,12409146
2025-05-06,229.58096313476562,230.9157361762468,228.97424811591054,229.58096313476562,7469220
2025-05-07,230.55172511509485,238.56036398751394,230.55172511509485,237.83230590820312,13604802
2025-05-08,240.7445432952663,241.95797345300454,234.6773925065751,238.0749969482422,5498548
2025-05-09,231.279754447439,233.22124241761688,225.94066252944987,232.37184143066406,19580284
2025-05-12,237.34693278403736,243.65676944291772,237.10424675869584,241.47259521484375,13156794
2025-05-13,241.47258535057608,245.59824761284722,240.01646925800978,240.2591552734375,11042362
2025-05-14,240.8658853782508,244.1421467914562,237.71096698034927,240.9872283935547,11621156
2025-05-15,241.10854606743897,243.8994351260958,239.2884010291845,240.5018310546875,7263074
2025-05-16,240.98723389166085,242.4433501085289,236.98291429527373,239.7738037109375,8858366
2025-05-20,238.19633256179884,239.04573364581952,227.76083352954478,228.4888916015625,15061896
2025-05-21,227.15409865793308,230.30901669484882,226.42604064941406,226.42604064941406,8924658
2025-05-22,228.124866785808,233.7066454412054,227.15412267182583,231.27978515625,12877358
2025-05-23,232.00784324173662,234.31336051244426,230.30904104226786,231.27978515625,11357706
2025-05-26,233.22126220387696,235.40543635563026,231.0370880521237,234.79872131347656,7436058
2025-05-27,234.92006996238277,236.74021513254584,232.00783769012182,232.85723876953125,6942118
2025-05-28,231.7651465733846,234.07066373825074,231.64380356470744,232.97857666015625,7934102
2025-05-29,234.07066335737335,235.1627504336908,233.09991928953562,234.4346923828125,10093662
2025-05-30,234.4346984414493,234.4346984414493,229.33829195359172,231.03709411621094,11630486
2025-06-02,232.8572328983511,238.07498225459346,231.40111679893462,235.89080810546875,10374782
2025-06-03,238.19633904156487,242.92871663841717,237.46828094974146,240.9872283935547,9436280
2025-06-04,241.47260745443498,250.2093048095703,236.37620066393936,250.2093048095703,12823206
2025-06-05,249.48121562602992,253.1215057373047,247.05435555184675,253.1215057373047,3977454
2025-06-10,254.82030746707244,258.7032835808564,251.18001736039997,254.57762145996094,8049998
2025-06-11,252.39346836803048,254.09227055896915,248.7531779588762,251.90809631347656,9384214
2025-06-12,249.96659457152958,251.90808268470653,243.17138617541033,245.35556030273438,10617212
2025-06-13,241.22989933514836,241.22989933514836,230.79440067175662,240.2591552734375,13497906
2025-06-16,239.28842617930002,243.41408869963277,236.3761938120063,240.9872283935547,9455592
2025-06-17,240.9872173665769,246.56899581514818,240.7445313470738,244.1421356201172,8132354
2025-06-18,243.65286834811866,243.89749974204247,233.8676125911661,235.5800323486328,9760850
2025-06-19,237.04780448648833,239.37180256968918,232.39980832008658,232.64443969726562,8506606
2025-06-20,237.78171480368857,237.78171480368857,228.60803753502773,229.58656311035156,9625172
2025-06-23,227.01793464781747,228.1187759257433,220.9021497704517,223.4707794189453,10176706
2025-06-24,233.867620862091,241.57351004321637,233.13372665436478,239.24951171875,14510866
2025-06-25,239.49412885667897,240.59497010270047,230.93203027651168,233.1337127685547,10112320
2025-06-26,233.2560273359166,233.745290109563,228.7303466796875,228.7303466796875,7919964
2025-06-27,229.7088684961876,231.66591955898792,225.79476637058696,229.0972900390625,10011540
2025-06-30,230.44278294899178,247.07771844849435,229.95352014018286,242.06277465820312,22105308
2025-07-01,242.3073998266651,244.6313981086977,239.86108584557812,242.67434692382812,12787354
2025-07-02,242.91897498071194,251.2364424020052,242.67434358596802,250.50254821777344,14320842
2025-07-03,254.1720108257726,255.3951677594866,245.60991228977448,248.3008575439453,9605166
2025-07-04,248.0562286376953,249.76864836201867,245.60991474580484,248.0562286376953,5703424
2025-07-07,244.63138064822635,246.58843169341216,242.79664529336463,244.38674926757812,6241676
2025-07-08,246.34381180122253,246.58844319327935,236.68087181497793,238.76023864746094,8591406
2025-07-09,239.24950704516553,242.42971521652254,237.292455862792,241.20655822753906,7441708
2025-07-10,243.1636100264494,247.81160659637146,243.1636100264494,244.1421356201172,8085670
2025-07-11,245.6099249627695,247.81160755705727,240.35034987641535,242.55203247070312,9176802
2025-07-14,242.552031530407,246.5884496042867,241.4511902375307,244.1421356201172,8650470
2025-07-16,243.77518727108685,244.019818668248,236.31392965767174,238.27098083496094,11203544
2025-07-17,240.3503486417955,245.8545550992412,237.65940326259982,242.67434692382812,12900262
2025-07-18,242.67434756253192,243.40824175878956,239.4941393787487,239.616455078125,7824920
2025-07-21,240.71729973363804,245.36529637483633,240.35035263038554,243.7751922607422,10479024
2025-07-22,244.0198254585266,248.79013783591134,243.4082469486055,246.5884552001953,14670984
2025-07-23,247.56695846993148,248.30085261559333,244.26443481445312,244.26443481445312,7221960
2025-07-24,245.85453877406837,252.21495470255172,244.63138186474464,248.7901153564453,14851194
2025-07-25,249.76865900565966,251.72571020256981,247.56697640913572,250.01329040527344,8211880
2025-07-28,251.23644272887591,253.68275667949788,248.30086598812957,251.9703369140625,7113104
2025-07-29,253.1934991980429,255.63981319995636,251.72571079689482,252.94886779785156,8098342
2025-07-30,253.43813089224008,256.86297049889197,253.19349949176495,254.41665649414062,7321416
2025-07-31,255.63982202240481,260.04318737781466,254.1720335706015,259.5539245605469,9305594
2025-08-01,260.77703262097907,260.77703262097907,255.15051127925062,258.3307189941406,7257084
2025-08-04,258.5754089355469,260.532460280376,258.0861460993396,258.5754089355469,7438228
2025-08-05,259.0646229733079,260.2877798334274,257.3522033691406,257.3522033691406,5521764
2025-08-06,257.35222462857706,261.75558968876186,257.35222462857706,261.2663269042969,7606522
2025-08-07,262.4894756140632,262.9787383831482,258.57537346138383,259.06463623046875,7047054
2025-08-08,259.5538891050351,261.5109401067696,258.3307322289511,260.04315185546875,4634232
2025-08-11,260.7770444168034,265.1804091442917,260.7770444168034,263.2233581542969,6151834
2025-08-12,263.4680225744913,264.4465481922239,261.5109713390262,262.978759765625,4822534
2025-08-13,262.7341298130581,262.7341298130581,254.41666201636906,256.86297607421875,8940370
2025-08-14,255.88442090855256,261.75557396955185,254.905895398386,259.79852294921875,8301716
2025-08-15,254.41664161463314,261.2663204273348,251.48106498061813,255.88442993164062,8328170
2025-08-18,255.88442498127012,259.06463293992834,255.63979359983486,256.3736877441406,10650560
2025-08-19,257.35224270024327,258.57539974729764,249.03477478027344,249.03477478027344,7671612
2025-08-20,249.76866426523665,253.43813533671417,248.5455072414108,250.9918212890625,7415534
2025-08-21,252.45962103283023,261.5109834148212,252.45962103283023,258.8200378417969,13359860
2025-08-22,259.55389821108116,260.0431609786798,255.39516468649268,256.1290588378906,6865608
2025-08-25,258.5753883876239,261.0217023742618,257.35223139430497,257.59686279296875,6893512
2025-08-26,258.0861090190375,262.9787366781662,256.8629521042553,262.2448425292969,10379038
2025-08-27,262.7341328727873,263.71265850732283,259.309293151913,259.5539245605469,6690456
2025-08-28,260.7770542315583,266.6482074225127,260.53242284860187,262.2448425292969,9629256
2025-08-29,262.24484172317216,262.7341044875811,255.639794403652,259.30926513671875,11188428
2025-09-01,259.3092676150112,259.3092676150112,254.41663992416196,259.06463623046875,7623074
2025-09-02,260.0431696748593,262.0002208107002,247.07770589991335,249.27938842773438,13062004
2025-09-03,249.76864624023438,251.48106595001073,245.3652812722381,249.76864624023438,9609198
2025-09-04,249.7686494339344,255.88443418990732,248.79012387297874,252.4595947265625,9168440
2025-09-05,253.4381252844357,255.63980783999546,250.01328575356493,251.9703369140625,7525590
2025-09-08,249.5240251043739,250.01328789869618,238.0263494377998,238.27098083496094,11459096
2025-09-09,238.6379163727356,244.87601669821458,236.43623390491948,237.90402221679688,16174566
2025-09-10,239.37181780888483,243.04128870018098,237.9040294523664,241.69581604003906,9081080
2025-09-11,241.69582574450408,246.58845379601226,237.90403900458526,239.24951171875,11351536
2025-09-12,239.24949894322344,241.45118144883594,236.80318504809847,239.00486755371094,7021840
2025-09-15,239.73878000439407,257.59687280063974,238.51562296355533,256.61834716796875,17848780
2025-09-16,257.1076074800037,261.5109727841332,255.15055623372396,256.86297607421875,14180248
2025-09-17,256.8629723885209,260.3141063745471,253.9048575433556,255.1374053955078,9528350
2025-09-18,256.86294930806974,258.3420065977515,251.68624879418348,252.6722869873047,9732664
2025-09-19,253.65832901000977,262.5326728820801,253.4118194580078,262.2861633300781,14871218
2025-09-22,268.4489174592979,269.1884461575329,265.24429310027966,267.21636962890625,7999398
2025-09-23,265.98379130877527,270.6674725273728,264.2582245440288,265.2442626953125,11018792
2025-09-24,265.4907989928573,266.9698563688621,260.06758861417313,264.5047607421875,8474202
2025-09-25,267.46286392211914,267.46286392211914,261.54663467407227,262.2861633300781,6891654
2025-09-26,263.27218604722407,265.4907718847006,258.83501437227085,259.3280334472656,9549558
2025-09-29,259.3280562071043,268.69541945412897,258.8350370888398,263.7652282714844,13064988
2025-09-30,264.99776082206347,268.2023849064233,262.2861558276051,266.72332763671875,11179840
2025-10-01,265.983795730658,284.22550183266793,265.24426710490087,279.788330078125,17164380
2025-10-02,279.5418395996094,281.7604256281777,277.81627268850065,279.5418395996094,7397642
2025-10-03,280.52788943787436,283.9790234028394,275.8442076282789,277.8162841796875,11243360
2025-10-06,278.0627784898848,283.48598870865914,274.36513515890226,276.8302307128906,7406052
2025-10-07,277.0767440123112,282.2534447456373,276.58372489485157,279.5418395996094,6632182
2025-10-08,273.62560272216797,277.5697555541992,268.6954116821289,274.1186218261719,24840034
2025-10-09,277.07675617291716,277.8162848815637,266.9698638214139,267.9559020996094,12402044
2025-10-10,269.1884614159079,272.63959553662465,266.4768560353447,268.2024230957031,7287854
2025-10-13,265.2442629188845,272.8860585977743,264.9977533808558,269.18841552734375,9596264
2025-10-14,269.681430729077,271.6535070049752,266.47680678074244,268.4488830566406,7705118
2025-10-15,269.4349365234375,274.8581465906979,267.7093696838546,269.4349365234375,9029110
2025-10-16,269.43492874555614,269.43492874555614,260.06756617251756,265.9837951660156,14291992
2025-10-17,264.7512666242625,265.2442857427434,255.63041293236518,259.8210754394531,10901138
2025-10-20,260.8070910145359,265.4907722331334,257.10944794722207,265.2442626953125,12124196
2025-10-21,265.4907875061035,266.4768257141113,257.35597229003906,258.3420104980469,9810776
2025-10-22,259.8210528632522,268.6953962248054,258.8350147119685,265.2442626953125,11780546
2025-10-23,265.49079501694257,272.63957222724093,264.99777589899094,269.68145751953125,9035246
2025-10-24,272.63958271543356,289.402233370632,270.17448703084557,285.70458984375,19523540
2025-10-27,285.7046059524981,287.67668261135924,276.0907322405504,278.8023376464844,11063522
2025-10-28,279.5418166844668,282.9929502237812,277.8162499148096,279.0487976074219,5113650
2025-10-30,280.03485107421875,281.51390838623047,260.56059646606445,262.2861633300781,26426174
2025-10-31,262.28617086038963,267.4628716010552,259.08154659235856,265.7373046875,19232432
2025-11-03,266.4768257141113,269.9279594421387,263.76522064208984,264.25823974609375,13740828
2025-11-04,264.25825126540497,265.49079907914285,259.57456957320096,262.5326843261719,11674648
2025-11-05,262.53267671839035,264.50475316322337,257.84899516191206,261.0536193847656,11157436
2025-11-06,263.7652391449279,273.3791123474066,263.27222000633924,271.9000549316406,21248458
2025-11-07,274.6116409301758,277.32324600219727,270.4209785461426,274.1186218261719,10664424
2025-11-10,276.09068259214746,279.54181612454926,266.2303010709993,269.18841552734375,10587432
2025-11-11,274.1186294693131,284.96505005982544,267.21636182080516,273.6256103515625,30985702
2025-11-12,274.8581542697,282.9929695978615,271.90003960491396,276.8302307128906,14742910
2025-11-13,277.07675588682145,279.04883244117605,269.927978377286,271.9000549316406,9087362
2025-11-14,270.91397840151336,271.4069974704879,263.0256732979206,268.4488830566406,9365332
2025-11-17,269.6814498901367,270.4209785461426,262.5326728820801,266.2303161621094,12431504
2025-11-18,264.7512889749863,272.8861051166759,263.27223149467915,268.2024230957031,9931116
2025-11-19,268.94190240229955,276.58369797926684,267.70935472859514,272.3930358886719,10951264
2025-11-20,274.6116601938782,276.33722717893846,269.6814688079917,271.9000549316406,6358390
2025-11-21,270.4209785461426,272.14654541015625,265.73729705810547,270.1744689941406,9641820
2025-11-24,269.43494813152563,269.9279672497901,262.5326804758232,263.7652282714844,13001164
2025-11-25,265.4907989928573,268.2024041821994,263.0257033661827,264.5047607421875,9043250
2025-11-26,264.99776087769675,269.9279517777469,263.5187036076817,268.6954040527344,7646358
2025-11-27,270.9140169341957,271.1605265037445,266.4768446823162,267.9559020996094,6389730
2025-11-28,268.69543491129104,270.66751149779594,264.75128173828125,264.75128173828125,8040716
2025-12-01,264.5047417876917,268.6954040527344,263.02568451767667,268.6954040527344,10533228
2025-12-02,268.6954154655866,273.87211613051994,266.23031991085645,270.91400146484375,10994036
2025-12-03,271.6535302757429,275.59768316540885,258.0955047175162,261.0536193847656,31605666
2025-12-04,261.54664616147187,263.0257035384453,259.0815505331828,260.56060791015625,14379018
2025-12-05,260.8071177846836,261.7931560371777,252.42579263848395,253.65834045410156,20198426
2025-12-08,255.13740503392515,262.77920170643887,252.91881890319536,260.0675964355469,17498852
2025-12-09,260.06756205975785,262.039638359737,258.0954857597786,259.3280334472656,8442486
2025-12-10,260.8070984459281,266.2303084325164,260.06756981139335,262.7791748046875,15501538
2025-12-11,264.25822498307764,273.87209697406644,261.7931296007728,273.132568359375,22994640
2025-12-12,273.6256255281678,275.35119253600305,270.9140202301409,274.6116638183594,9167330
2025-12-15,275.5976828564325,283.9790077375763,274.3651350797938,282.7464599609375,13001474
2025-12-16,282.74645228440636,283.2394713816765,278.55578995761044,279.2953186035156,12666932
2025-12-17,279.5440256597773,280.2901396072678,272.0828861848722,274.32122802734375,12048420
2025-12-18,275.31607005221787,276.55959340385385,269.5958626346921,270.8393859863281,12115434
2025-12-19,271.0880876020952,274.5699529474432,270.59067826704546,273.57513427734375,10829840
2025-12-22,274.8186604535138,275.31606979370116,267.85492969089086,268.6010437011719,7268796
2025-12-23,269.0984527844341,272.58031816242124,265.36788273659073,266.3627014160156,10832950
2025-12-24,270.59067170516306,281.28497214939284,270.34196704366934,274.5699462890625,26676182
2025-12-25,274.569928914091,275.8134521428686,272.5802917480469,272.5802917480469,4467326
2025-12-26,273.0777005614111,274.0725191426913,269.0984262362904,270.3419494628906,6080310
2025-12-29,270.34194799459203,270.8393572825306,263.12951331948335,263.6269226074219,9187112
2025-12-30,264.3730375045748,268.8497211123663,261.88599105580175,268.1036071777344,11306014
2025-12-31,268.6010400891193,272.33161009035706,266.11399342162747,266.860107421875,11517730
2026-01-02,266.86010112727325,270.59067104051564,266.3626918055076,270.09326171875,6487932
2026-01-05,270.34194717476146,280.29013290336354,270.0932425315464,275.3160400390625,17091928
2026-01-06,276.55958840487415,288.00000303313334,274.0725417465569,285.2642517089844,20283444
2026-01-07,287.5025945660203,293.72021123051036,285.7616618999631,291.9792785644531,14300116
2026-01-08,291.97926206846495,294.96371789880703,286.01035040778083,294.46630859375,11507298
2026-01-09,297.4507689117103,300.6839294433594,294.21760838006134,300.6839294433594,11064284
2026-01-12,304.4144971413065,314.36268332239496,300.4352226688712,307.8963623046875,16722608
2026-01-13,307.8963741225366,325.803109935802,307.39896479439034,319.8341979980469,24976112
2026-01-14,322.5699442267322,326.0518094689637,308.3937785976468,309.139892578125,20549430
2026-01-15,309.88599663910816,312.87045246548803,305.90672220393503,310.6321105957031,16927476
2026-01-16,311.129521907942,322.0725266752877,309.3885893313188,321.8238220214844,19027372
2026-01-19,325.305681164138,325.8030904625541,308.89117431640625,308.89117431640625,16874790
2026-01-20,308.8911842420263,311.1295261568236,305.16061438403085,307.3989562988281,16375824
2026-01-21,308.39376746144893,310.63210932205624,303.6683790890558,303.9170837402344,11516096
2026-01-22,309.3885975798098,318.0932606949974,306.9015509754705,311.37823486328125,25338884
2026-01-23,312.87046980269866,318.0932677882763,310.63212780887966,312.62176513671875,13941170
2026-01-26,310.88083276251484,316.6010400853451,309.38860476525474,314.860107421875,13844058
2026-01-27,315.8549221191406,317.0984454345703,310.8808288574219,310.8808288574219,11884592
2026-01-28,311.3782290184704,320.0828919702647,311.3782290184704,316.8497314453125,14208370
2026-01-29,321.0777072030527,337.98962361653645,318.590660671658,335.75128173828125,27239368
2026-01-30,336.74610625117657,336.74610625117657,326.3005106362952,330.27978515625,16458762
2026-02-02,324.5595881277954,338.48704938078896,317.34715283606664,331.0259094238281,24157040
2026-02-03,335.50259457457736,347.4404185475794,333.2642525796395,339.9792785644531,24217158
2026-02-04,343.21242255582786,344.7046504799836,338.4870341293346,342.46630859375,12439578
2026-02-05,340.72538523874897,347.19170641846245,336.4974060058594,336.4974060058594,16242180
2026-02-06,336.4973997727669,341.47149289579374,335.2538764920102,339.7305603027344,10275110
2026-02-09,343.2124172557484,352.41448931260544,342.4663033051924,350.1761474609375,12583698
2026-02-10,350.1761503444882,351.1709689534214,344.9533526475889,347.4403991699219,11474832
2026-02-11,345.20207411102035,353.65803269875425,340.72539015280825,347.19171142578125,13809828
2026-02-12,349.678761705873,352.414513042121,343.2124403656506,348.9326477050781,19109962
2026-02-13,349.1813325592149,355.1502442268938,347.4403999894752,351.9170837402344,17119542
2026-02-16,354.15544324480624,360.3730598748063,351.6683965928062,356.14508056640625,14119540
2026-02-17,356.1450759385618,356.1450759385618,347.6891174316406,347.6891174316406,11716404
2026-02-18,348.68391628400656,357.6372836065631,343.70982332703073,350.6735534667969,19178724
2026-02-19,353.16061932107675,353.16061932107675,340.22797692340356,343.2124328613281,13680448
2026-02-20,343.4611268071403,346.6942873056869,334.50775927270365,340.22796630859375,11256302
2026-02-23,346.1968921500816,349.43005278079363,341.968912863766,342.71502685546875,10350802
2026-02-24,341.9688927100069,346.4455763963924,340.7253694637887,343.46112060546875,9660366
2026-02-25,344.9533718865373,345.69948588484993,337.49223190341104,339.9792785644531,7824460
2026-02-26,340.72538188638725,340.72538188638725,329.2849676040706,336.99481201171875,10716394
2026-02-27,339.2331565828359,339.7305659033386,324.8082862882578,332.0207214355469,17585190
2026-03-02,313.36787874916024,339.73057331059755,312.3730600864645,335.5025939941406,13281000
2026-03-03,336.4974076882986,342.2176149143377,324.559583912217,324.80828857421875,11488690
2026-03-04,324.31087301281747,329.5336708144043,317.5958472679202,328.04144287109375,12220942
2026-03-05,330.279787048813,332.51812897911367,320.8290100097656,320.8290100097656,8187774
2026-03-06,320.828997478393,321.8238160752252,306.9015371227418,308.89117431640625,11017558
2026-03-09,302.6735727222195,318.34196637998434,302.17616339975075,318.09326171875,11671384
2026-03-10,325.30568426724136,327.29532147988505,320.5802958872126,324.5595703125,9140998
2026-03-11,330.7772001042651,346.94300311687954,330.7772001042651,345.4507751464844,20977320
2026-03-12,344.4559409303739,358.6321060083749,342.2175990759527,352.41448974609375,17486448
2026-03-13,352.41450999042775,355.64767063254175,346.69430270053374,351.66839599609375,8759726
2026-03-16,351.66838379799884,351.9170884541502,336.9948090850696,339.7305603027344,8827652
2026-03-17,341.72021151697913,344.20725818013034,338.98446018751275,342.2176208496094,6002502
2026-03-18,342.2176027199074,345.20205855758104,332.02071194118923,335.75128173828125,8860042
2026-03-19,334.01035394833957,344.2072448730469,329.7823747844365,344.2072448730469,5221776
2026-03-23,340.7253796792444,344.7046541864472,324.80828165043295,344.2072448730469,14796400
2026-03-24,342.7150124387762,342.96371709221506,334.75646352873207,337.9896240234375,8170950
2026-03-25,340.974072200694,352.16578135388966,340.974072200694,350.6735534667969,14077254
2026-03-26,350.67356784134705,350.67356784134705,334.7564697265625,334.7564697265625,10619588
2026-03-27,337.98962320417365,340.72537438537006,333.512939453125,333.512939453125,7222734
2026-03-30,332.7668193777696,339.233140232644,329.5336589503324,336.74609375,5661412
2026-03-31,338.735741678129,343.21242548885317,335.00517183585885,339.7305603027344,8328070
2026-04-01,345.202073494478,348.186529461289,342.4663221915678,342.71502685546875,8782760
2026-04-02,339.73056856655614,353.4093249876108,338.7357499177522,349.9274597167969,11682626
2026-04-03,351.6683879581788,352.16579727636577,341.4714969353462,343.7098388671875,8435422
2026-04-06,343.7098388671875,346.1968854581223,340.7253829580658,343.7098388671875,9360274
2026-04-07,343.7098418499413,346.9430024462143,339.9792719311648,340.9740905761719,8748508
2026-04-08,353.1606053813769,367.83417983032143,353.1606053813769,361.36785888671875,15830450
2026-04-09,361.1191587125497,371.06734490297805,360.1243400935069,367.5854797363281,9522176
2026-04-10,370.07251724263483,373.8030869729033,365.347128917628,373.55438232421875,9531852
2026-04-13,367.83419830568374,370.0725402832031,363.1088096864762,370.0725402832031,10411160
2026-04-14,372.3108861801472,379.77202618375736,369.8238395122772,374.05181884765625,11313430
2026-04-15,375.7927481764025,381.01554613252716,373.0569968660514,374.5492248535156,6987262
2026-04-16,377.28496878779924,380.5181293640955,370.07253365606147,371.0673522949219,6890688
2026-04-17,372.06216905381945,383.25387868444903,369.32641781077666,380.51812744140625,11981354
2026-04-20,375.7927382131102,380.2694220568137,373.0569869752914,376.04144287109375,6853456
2026-04-21,377.2849624583095,380.5181229803649,374.3005065917969,374.3005065917969,5825344
2026-04-22,377.0362688017079,383.2538853716569,374.3005175109303,379.5233154296875,8719812
2026-04-23,379.5233154296875,379.5233154296875,379.5233154296875,379.5233154296875,0
2026-04-24,378.5284761930767,378.7771808423494,371.5647460134406,378.03106689453125,7459866
2026-04-27,378.77719039156585,380.0207136692795,373.8030972807114,374.3005065917969,6016610
2026-04-28,374.05179995184074,374.30050460606407,362.611385857569,363.1087951660156,6961636
2026-04-29,364.35232841984936,367.58548901333603,358.88082587702564,361.6165771484375,5912010
2026-04-30,359.62693760898253,369.8238286476881,358.3834143115794,368.8290100097656,10873618
2026-05-01,368.8290100097656,368.8290100097656,368.8290100097656,368.8290100097656,0
2026-05-04,370.072525484268,370.8186394469379,360.8704532780059,363.1087951660156,8468556
2026-05-05,363.6062092608716,373.5543955607587,362.36268597338574,371.56475830078125,7269616
2026-05-06,376.0414513894446,390.4663218792513,375.5440420622099,388.4766845703125,15160486
2026-05-07,388.97408395883986,392.9533584750428,387.23315135800107,389.9689025878906,6647390
2026-05-08,390.96373182852057,399.1709857409513,386.4870478762856,392.953369140625,7895122
2026-05-11,393.4507531399416,393.9481624359466,383.7512718678444,385.2434997558594,8914592
2026-05-12,400.4145084239457,403.6476690509713,385.74093327052157,388.4766845703125,14140928
2026-05-13,391.21242161899767,405.1398822742195,391.21242161899767,404.3937683105469,15626826
2026-05-14,409.36787281865656,422.79792453931725,407.12953086521316,411.85491943359375,8115738
2026-05-15,410.8600821945125,410.8600821945125,395.93780318018395,403.1502380371094,6634672
2026-05-18,400.66319945511543,400.9119041102707,385.9896248009554,390.46630859375,8402236
2026-05-20,388.9740942087544,397.1813481146936,383.50259160479493,390.71502685546875,10839321
2026-05-21,390.71502805104456,397.6787586592108,373.0569968660514,374.5492248535156,8847731
2026-05-22,370.5699490863453,393.4507781574485,370.0725397587126,390.71502685546875,12459095
2026-05-25,390.96373303101797,395.44041699702194,373.80311116133583,376.7875671386719,10897046
2026-05-26,378.0310827669445,378.7771967460898,369.8238289963464,371.0673522949219,6394478
2026-05-27,371.0673522949219,371.0673522949219,371.0673522949219,371.0673522949219,0
2026-05-28,371.0673522949219,371.0673522949219,371.0673522949219,371.0673522949219,0
2026-05-29,371.0673522949219,371.0673522949219,371.0673522949219,371.0673522949219,0
2026-06-01,371.8134625881208,377.28496504761154,367.8341880721275,369.326416015625,10572396
2026-06-02,372.06216544879555,380.0207144423527,368.33159560806564,378.7771911621094,11495125
2026-06-03,377.5336814339705,383.2538887284246,372.310883469469,379.0259094238281,10514304
2026-06-04,380.5181293640955,383.5025852806766,368.0828963783407,371.0673522949219,9543504
2026-06-05,371.8134534872471,377.78236511513603,369.07770232446467,375.2953186035156,8120554
2026-06-08,370.32122558027487,378.5284790686221,368.3315883709786,375.2953186035156,7769593
2026-06-09,377.2849737807283,385.7409323229464,372.0621758575936,381.76165771484375,9422573
2026-06-10,380.5181100772652,385.49220301945167,377.78235895906266,378.5284729003906,11935037
2026-06-11,380.02070078304655,383.5025658425771,371.5647427813295,378.5284729003906,12160034
2026-06-12,383.0051598799856,387.97925286543995,373.80308785689505,378.03106689453125,12078529
2026-06-15,387.9792522294872,396.9326195886292,383.0051592521861,391.9585266113281,14450466
2026-06-16,392.20725388601034,395.68911917098444,383.2538860103627,384.0,10742628
2026-06-17,395.0,397.25,380.0,382.5,11927623
2026-06-18,383.0,391.75,378.5,391.75,10773997
2026-06-19,388.25,389.25,382.25,383.25,10485576
2026-06-22,386.25,387.0,377.75,379.0,7455805
2026-06-23,377.0,383.0,373.75,382.75,7361006
2026-06-24,383.0,384.5,373.0,374.0,6703810
2026-06-25,376.25,383.0,369.5,375.5,9885840
2026-06-26,374.5,378.0,368.5,374.5,7644194
2026-06-29,374.5,377.0,368.0,371.0,7486796
2026-06-30,371.5,373.5,364.25,365.25,13876620
2026-07-01,365.0,368.75,361.0,364.5,11455538
2026-07-02,364.75,365.5,353.25,357.5,13209936
2026-07-03,359.5,364.0,354.5,357.0,10601694
2026-07-06,364.0,371.25,362.0,371.0,13197769
2026-07-07,370.0,377.0,367.0,374.25,12619740
2026-07-08,374.5,377.0,365.0,375.75,12352951
2026-07-09,377.0,377.25,362.75,365.0,9660307
2026-07-10,367.0,375.0,365.25,372.5,12114097
2026-07-13,372.0,377.5,369.5,374.25,9633122
2026-07-14,374.25,384.5,373.5,384.5,13051019
2026-07-16,388.0,398.25,385.75,396.25,12996064
2026-07-17,392.5,396.5,383.75,386.0,10914531
2026-07-20,385.0,401.25,384.0,400.0,12564572
2026-07-21,402.0,408.25,390.0,393.0,11356312
2026-07-22,394.5,399.75,392.0,399.75,10418869
2026-07-23,399.0,401.75,388.75,390.5,9683297
2026-07-24,390.0,393.25,380.25,380.25,9471182
2026-07-27,386.0,387.25,379.0,383.25,8412127
2026-07-28,385.0,392.25,383.25,389.5,9304325
2026-07-29,388.75,393.0,383.5,386.5,8271235
2026-07-30,386.5,393.25,380.75,383.0,10230556
2026-07-31,384.25,390.25,379.25,390.25,10260904
2026-08-03,393.0,395.0,376.5,379.0,12448487
2026-08-04,379.5,385.75,377.5,385.75,8850984
2026-08-05,385.5,386.75,380.0,382.25,7635337
2026-08-06,382.25,385.75,377.5,382.25,8164971
2026-08-07,383.25,391.0,382.0,385.75,9082908
2026-08-10,387.0,391.0,383.5,384.25,6758927
2026-08-11,383.25,383.25,375.0,377.25,8316193
2026-08-12,375.75,386.25,370.25,384.0,13019609
2026-08-13,381.25,382.0,373.0,376.5,12428736
2026-08-14,377.0,378.5,374.25,374.75,8746367
2026-08-17,375.75,383.25,373.25,382.0,9447817
2026-08-18,393.5,409.5,393.0,405.0,22807179
2026-08-19,405.0,417.25,402.25,416.5,13254079
2026-08-20,418.0,419.75,403.5,411.0,9081013
2026-08-21,411.0,418.5,409.25,416.5,8340700
2026-08-24,417.0,417.5,406.5,412.25,8642282
2026-08-25,412.75,417.5,409.75,417.5,8502633
2026-08-26,419.0,422.75,413.5,418.25,10861972
