Date,open,high,low,close,volume
2018-01-02,1157.3388399224673,1177.235707178877,1156.2548612896364,1175.2357177734375,153932820000
2018-01-03,1177.383822418975,1183.9448230688722,1157.7959127426006,1160.515869140625,173540830000
2018-01-04,1160.679901125753,1172.582792322205,1151.5168636136214,1154.9058837890625,140244490000
2018-01-05,1161.5847423534392,1171.8387159425424,1159.5007691017734,1166.372802734375,108753330000
2018-01-08,1175.136653991959,1177.8307313678106,1162.279789219228,1163.038818359375,105440880000
2018-01-09,1163.1078417786614,1166.4658561863205,1149.4149212744505,1150.221923828125,116126060000
2018-01-10,1148.1170010388103,1148.55999187014,1128.8380498249082,1135.8890380859375,124323020000
2018-01-11,1143.2878625147978,1147.181884765625,1130.5700346714611,1147.181884765625,132936720000
2018-01-12,1150.6219259777781,1157.180851019746,1145.6098677004677,1146.43994140625,116939860000
2018-01-15,1142.8569422259359,1154.522895636127,1121.5860595703125,1121.5860595703125,148199600000
2018-01-16,1117.0780254210279,1144.748898321015,1111.0680477150975,1144.1778564453125,166953570000
2018-01-17,1144.2899104124674,1166.2957743544046,1137.0519119513933,1165.9188232421875,145810770000
2018-01-18,1171.4527433448316,1177.5827155696115,1161.5648565703996,1168.5538330078125,125881130000
2018-01-19,1167.2347796902911,1170.639790938383,1149.2548945266742,1151.46484375,142610080000
2018-01-22,1156.385826956285,1172.4558099783746,1152.8818172435017,1172.3487548828125,120065800000
2018-01-23,1178.429838831286,1189.5517285932474,1174.946824918827,1183.9947509765625,133769630000
2018-01-24,1184.7666636926915,1196.7236315075568,1181.4787172690003,1196.4776611328125,136146150000
2018-01-25,1196.7645910109636,1203.1985165375388,1185.866700117714,1186.03466796875,128574350000
2018-01-26,1189.464691893983,1207.0126953125,1188.7137192808334,1207.0126953125,122511260000
2018-01-29,1213.4054910290802,1215.3084349427475,1193.9735882267878,1208.446533203125,121156740000
2018-01-30,1202.1345950839811,1209.4795267073598,1193.024658203125,1193.024658203125,130203870000
2018-01-31,1196.7095871431877,1203.6045700579778,1192.3507235725956,1195.2816162109375,110752820000
2018-02-01,1200.153634715676,1208.9334951262317,1186.5876670131208,1190.4376220703125,109334210000
2018-02-02,1193.3386810742759,1195.8457479386166,1177.9207935860263,1181.187744140625,82569460000
2018-02-05,1177.2396996413802,1181.2057429644196,1165.8707416576538,1168.520751953125,90966000000
2018-02-06,1142.9609988535396,1158.9218519779033,1138.7509381018403,1154.56689453125,124198470000
2018-02-07,1162.5138800083093,1165.1508289725555,1153.9149263980696,1155.6959228515625,118230170000
2018-02-08,1158.7428338470274,1160.5458027318364,1138.9118850893747,1142.62890625,109566120000
2018-02-09,1131.4551015151576,1142.1159340488543,1125.0320396348127,1135.89697265625,91910330000
2018-02-12,1145.9249389036088,1154.1488942111346,1145.2358556524919,1148.2098388671875,82144620000
2018-02-13,1153.171831111042,1156.6948836191832,1144.2999301637701,1144.9388427734375,82156620000
2018-02-14,1153.2828601913288,1156.0599451595963,1132.4820665351654,1134.5440673828125,85831910000
2018-02-15,1146.4108514425875,1162.9797324180086,1146.4108514425875,1162.249755859375,95128690000
2018-02-16,1168.2227616543169,1175.1697460183514,1159.5978077406771,1165.103759765625,94816730000
2018-02-19,1170.7407819069304,1175.2137808084162,1154.567893457323,1158.8138427734375,93578350000
2018-02-20,1162.8638631718638,1169.2617786535022,1132.6740809605976,1134.322998046875,108257980000
2018-02-21,1150.2049032912216,1163.15380859375,1147.4798202205225,1163.15380859375,89103070000
2018-02-22,1161.3747933067843,1169.9288248768842,1154.0788116740578,1168.40283203125,88944150000
2018-02-23,1174.390751403551,1178.5357489769667,1170.3327895018822,1175.208740234375,74363850000
2018-02-26,1182.9407003956476,1189.1186458991854,1182.2036437872628,1187.91259765625,89354570000
2018-02-27,1190.3316542382427,1192.1616005178103,1184.5976760786723,1188.3096923828125,92783260000
2018-02-28,1184.274686096607,1192.4466395581117,1183.136630646288,1189.501708984375,94511060000
2018-03-01,1186.2907186874386,1191.1387154906013,1173.9808473133648,1176.3148193359375,106546790000
2018-03-02,1173.22373017454,1175.896689567287,1162.645783598365,1168.5858154296875,81480540000
2018-03-05,1170.3237258484119,1175.302703249127,1165.9127385880695,1169.455810546875,71746000000
2018-03-06,1175.7327419980274,1177.1957468892795,1166.6817648877425,1167.0927734375,96646260000
2018-03-07,1163.3017850713481,1169.8878095498776,1159.2908201145242,1168.417724609375,81265290000
2018-03-08,1169.6168001821814,1173.9486862261192,1165.1948267287576,1165.664794921875,69827590000
2018-03-09,1169.2667229515991,1172.3947580528336,1164.9477762231393,1169.1387939453125,82072250000
2018-03-12,1177.0338506686203,1187.8647263412054,1177.0338506686203,1184.1077880859375,99660520000
2018-03-13,1185.2717147817661,1186.1027650945825,1176.6808176217949,1182.6627197265625,101826710000
2018-03-14,1183.2137065067943,1189.77568348498,1174.0798437306814,1175.9207763671875,95922130000
2018-03-15,1179.7787673204525,1181.486766060245,1170.3027434373328,1172.0087890625,99472120000
2018-03-16,1176.1067905438285,1178.5247464515253,1168.287740275674,1172.15673828125,88040920000
2018-03-19,1171.7457584195433,1172.0727830578392,1153.904910356508,1154.4969482421875,76520380000
2018-03-20,1160.3268035342026,1167.2687830169357,1150.822826031747,1164.311767578125,90584100000
2018-03-21,1166.1268859804347,1177.9448166089062,1164.8048714916126,1176.5067138671875,127561040000
2018-03-22,1183.7456602973489,1185.8906684256708,1170.7137471535175,1171.0968017578125,126120750000
2018-03-23,1159.1367555100278,1168.7077493307586,1155.5888008203415,1166.021728515625,153145040000
2018-03-26,1171.2527698850029,1175.4906622617768,1163.485721575835,1164.19677734375,176120540000
2018-03-27,1175.9857661634935,1177.8718646546686,1161.9588623046875,1161.9588623046875,150673440000
2018-03-28,1156.865761411807,1160.2407433626593,1138.5809470882325,1141.286865234375,139448110000
2018-03-29,1138.0889221991774,1150.8348261392982,1134.2559347575282,1148.43994140625,100069380000
2018-03-30,1155.3378585382259,1158.7168689137752,1146.9509401876426,1149.2958984375,90003710000
2018-04-02,1152.1598708031618,1153.8988752003931,1144.4149169921875,1144.4149169921875,66050780000
2018-04-03,1142.8979653943636,1149.236920889427,1140.1899720052654,1145.9349365234375,94362250000
2018-04-04,1148.1168985528416,1148.9328121522633,1132.81290335938,1139.7498779296875,103799470000
2018-04-05,1143.0239600079694,1153.182841612679,1140.3149900172011,1149.4698486328125,132303810000
2018-04-06,1146.4509326175532,1152.7878129705389,1142.8409664694786,1147.368896484375,91169730000
2018-04-09,1154.2498800342396,1154.6439209200737,1125.1030614492395,1131.5550537109375,107597280000
2018-04-10,1134.7499758460358,1135.2399634871795,1100.0721808606554,1107.12109375,138244110000
2018-04-11,1102.9331728880043,1115.3411887830966,1066.2353675563995,1092.5262451171875,143053560000
2018-04-12,1092.1091852831087,1103.5411313541606,1083.0452686173205,1102.34814453125,112642400000
2018-04-13,1107.1470353174768,1107.9220555882978,1089.805209081192,1096.0341796875,84379980000
2018-04-16,1098.6031931813359,1111.152076947399,1098.5022415672997,1106.87109375,93046540000
2018-04-17,1114.5131628389959,1116.2040718865728,1080.0052882606262,1087.4422607421875,147542190000
2018-04-18,1086.17718767843,1120.9840087890625,1074.385258411346,1120.9840087890625,149942440000
2018-04-19,1121.1099859174685,1124.060043421737,1115.9680455751711,1121.216064453125,109312800000
2018-04-20,1119.561103128706,1119.7271178768233,1106.7741833639702,1109.319091796875,94066920000
2018-04-24,1106.2980652618037,1108.5070378764622,1097.8691550583235,1100.5802001953125,85685290000
2018-04-25,1103.756066674692,1105.1990521303903,1067.601352585008,1074.00830078125,115695300000
2018-04-26,1078.9181658569983,1082.2432212727686,1062.7743315095177,1070.145263671875,88781400000
2018-04-27,1072.2812705574922,1081.9892266131146,1066.694264211177,1076.13720703125,89586880000
2018-04-30,1079.3962917192193,1081.7023098454931,1037.4995397579871,1042.822509765625,89765870000
2018-05-02,1048.1484326899129,1053.3173502873053,1029.3384749528695,1047.2513427734375,110034640000
2018-05-03,1047.344384957345,1049.1463772915997,1026.2915188199952,1029.08544921875,107368620000
2018-05-04,1027.9365129968019,1034.2514205928358,1015.4805860338869,1025.9864501953125,110627570000
2018-05-07,1025.7464910277129,1027.5925505333885,1005.9856709610575,1008.6566162109375,78892690000
2018-05-08,1013.5416428749818,1015.3606640274313,989.0357908857397,993.6327514648438,113980920000
2018-05-09,987.2667109985871,1016.4676051765257,978.4867895296353,1007.8006591796875,121994450000
2018-05-10,1012.3626095214614,1023.8015747070312,993.1767371975657,1023.8015747070312,106289090000
2018-05-11,1024.6745887552358,1028.7685610612439,1012.3246180009489,1018.5195922851562,91375740000
2018-05-14,1017.376612614769,1037.624490855619,1015.6405988908789,1033.698486328125,82921780000
2018-05-15,1022.6435773994388,1030.261518060302,1012.2056443311031,1015.3986206054688,102277090000
2018-05-16,1016.1145920158037,1027.9415554941368,1006.5426214295537,1021.5735473632812,101585080000
2018-05-17,1026.105490234458,1027.1335609241742,1015.6056072599546,1018.6885375976562,90476770000
2018-05-18,1020.326497278273,1028.8415272880366,1018.8635534652115,1024.0975341796875,76040970000
2018-05-21,1021.6595507434164,1033.1734666297025,1018.9256175127747,1022.5715942382812,78750330000
2018-05-22,1027.1745929596777,1037.6924813795395,1022.6175493151196,1033.271484375,99824900000
2018-05-23,1028.0584839497972,1034.8974367470623,1014.1935676335282,1018.9115600585938,106965050000
2018-05-24,1030.2655246816812,1037.5805493104776,1008.8826426338887,1011.3756103515625,122262300000
2018-05-25,1017.8565816070043,1033.4864422591522,1013.210610243094,1031.9954833984375,97319230000
2018-05-28,1044.805527677224,1065.2474365234375,1044.1584363616712,1065.2474365234375,94808130000
2018-05-29,1059.2973196421508,1059.2973196421508,1042.8634474726214,1051.12841796875,89755360000
2018-05-30,1049.7864403096828,1057.846456277407,1036.3895385039975,1038.6844482421875,108692090000
2018-05-31,1042.6385423483923,1043.7475452867177,1005.7926673992549,1006.5177001953125,124665390000
2018-06-01,1007.0626628628944,1007.9196529558214,979.9008193236464,991.7067260742188,127622630000
2018-06-04,992.6387321380269,1005.0977116560379,989.3737957921036,992.4927368164062,89015140000
2018-06-05,995.9987460792333,999.0797233917323,976.648812079771,978.226806640625,83395970000
2018-06-06,982.6907714348313,983.6127636146532,951.2599689138436,966.5718994140625,109084900000
2018-06-07,964.4178407095955,987.9477447732098,960.696913247871,986.2317504882812,116009900000
2018-06-08,981.9017941832211,981.9017941832211,956.2449473287169,958.751953125,103582170000
2018-06-11,959.2179347098777,971.8598354298944,933.9600730736641,966.60888671875,115931370000
2018-06-12,964.729857429941,967.8268258316076,949.5009344714534,953.06494140625,87871140000
2018-06-13,948.2499912060647,956.0799668965228,933.368050848294,935.0430297851562,83180090000
2018-06-14,932.9540453959701,954.0569610226871,927.5040620406852,945.4030151367188,46424090000
2018-06-18,942.3540015725729,942.3540015725729,927.2040576580348,930.4280395507812,67864910000
2018-06-19,925.9711057783929,947.4269857201725,922.8810952991732,944.364013671875,92543630000
2018-06-20,942.9550306350977,952.4619383200593,937.1860182034227,945.5139770507812,88261220000
2018-06-21,945.897974101455,953.9778870953395,943.2379540979841,950.5669555664062,79776090000
2018-06-22,955.1669488522735,961.8628973497779,944.5100227540461,958.5159301757812,71539730000
2018-06-25,992.5526991455042,993.9356873880796,933.6500586358055,940.0780029296875,132181810000
2018-06-26,940.77400432656,951.0099730113219,938.0720533185179,944.0769653320312,104636140000
2018-06-27,944.3239939226515,961.8679076470108,942.9210472279625,959.5429077148438,134717420000
2018-06-28,958.0678934553865,969.9268390599157,954.8649075912269,962.264892578125,117791310000
2018-06-29,968.2668293906776,974.995797553815,962.295913841521,965.1958618164062,97767450000
2018-07-02,960.9388787514886,972.6678205187707,956.5439435393998,967.7298583984375,94886740000
2018-07-03,970.273841406729,974.4528353375705,964.4989086816355,965.8768920898438,91466140000
2018-07-04,967.9498522909242,974.5458253968297,963.9158772334275,972.2958374023438,79330910000
2018-07-05,975.5918172683082,992.642752342138,975.5918172683082,990.9647216796875,127477020000
2018-07-06,993.0097354493555,998.0587198375963,981.0937831738697,987.333740234375,112553810000
2018-07-09,995.9557313562511,1008.0726716695281,987.3247955562233,992.5227661132812,134110890000
2018-07-10,976.5048095198721,984.6567436468997,958.5078960826837,962.7418823242188,153786220000
2018-07-11,952.8119839620967,952.8119839620967,912.1541786922526,912.8901977539062,173158580000
2018-07-12,917.2891309018243,924.6600634045708,881.6843396746397,895.708251953125,185655850000
2018-07-13,899.9812568634608,910.2081924501465,893.1702577766349,898.9722290039062,97304960000
2018-07-16,906.8302113917433,910.4381634435741,891.6512758001485,897.4352416992188,107563190000
2018-07-17,898.1792346998894,916.3781123294907,897.6742325081768,916.2911376953125,130387160000
2018-07-18,917.2171337734922,924.5551076588339,904.2052397017587,923.215087890625,149465180000
2018-07-19,927.518079727545,932.9530483947814,921.9300967369876,930.0240478515625,112642160000
2018-07-20,932.6840642662706,941.6889602104543,927.8670732897233,940.8179931640625,100846080000
2018-07-23,941.7299795888399,960.3509133241694,941.7299795888399,953.0469360351562,109022980000
2018-07-24,955.2389560506226,955.673951303861,917.2221287207706,921.3331298828125,143518090000
2018-07-25,923.8201049085532,957.6308994279478,921.6481193757481,953.680908203125,157347480000
2018-07-26,957.7579449849998,966.8028801516738,935.3660343715911,948.16796875,162937480000
2018-07-27,949.023961921567,959.7679235338165,944.440001841317,955.8429565429688,116496780000
2018-07-30,953.3989083232223,962.6888368180994,949.2059375154337,961.5718994140625,103037680000
2018-07-31,959.4169235271182,972.3108372757272,957.9379274420253,969.516845703125,120456510000
2018-08-01,971.2128953083749,974.0908708523127,962.4489034445692,972.1008911132812,106661950000
2018-08-02,955.1769503442636,955.1769503442636,941.5280357821374,945.427978515625,110481450000
2018-08-03,944.8289781763538,960.6379154084203,944.8289781763538,956.0999145507812,120984200000
2018-08-06,952.8999650773956,955.0029202097624,935.679048297766,941.7349853515625,112130360000
2018-08-07,945.8469468088442,964.2008528582509,943.687961737794,961.6048583984375,138514760000
2018-08-08,963.267917486161,972.5988618060902,959.6909100305015,969.73388671875,126203560000
2018-08-09,956.6109812503363,987.4338166919724,954.081941857857,971.8458862304688,217969020000
2018-08-10,956.0288952441049,978.0957940974397,885.9762905268149,949.3909301757812,228279630000
2018-08-13,938.6900002733491,938.6900002733491,884.3212717260011,926.841064453125,250894330000
2018-08-14,946.888970838883,952.9859844709051,928.0950639517234,934.1820678710938,176702770000
2018-08-15,950.403983839068,952.4449886991375,901.3102486349372,902.625244140625,165088860000
2018-08-16,914.9231083127311,915.681099883355,871.4273681640625,871.4273681640625,148687360000
2018-08-17,866.0173858994746,887.6373275444015,846.5404993103648,887.3433227539062,128634100000
2018-08-20,889.8402733858461,904.7602385711695,889.3812914337348,901.855224609375,37728390000
2018-08-27,909.2082100764786,912.835205078125,899.9872504826424,912.835205078125,90112460000
2018-08-28,912.740128458432,939.7409610546109,909.9111640500607,938.6640014648438,121215350000
2018-08-29,933.1650371387383,942.7920002760237,927.5990876343449,932.8020629882812,105169830000
2018-08-31,934.4959939686576,936.5769765255113,921.3240671291026,927.2290649414062,93208580000
2018-09-03,922.9081065804601,946.5559297762555,922.0511165185882,939.1510009765625,100514920000
2018-09-04,942.5399825519845,945.8859731016342,929.1490623824865,931.8880615234375,84285650000
2018-09-05,930.9980303955913,937.1900140064677,923.7030863526584,927.905029296875,96934220000
2018-09-06,931.212017031861,941.6569686891024,927.6280517578125,927.6280517578125,75217230000
2018-09-07,931.7040460026988,936.7540070290266,925.3801049125251,932.737060546875,88550260000
2018-09-10,935.3239989896306,936.6209891536059,916.9780883789062,916.9780883789062,89105000000
2018-09-11,918.7391629442088,927.4791069872756,914.4981575262328,923.8861083984375,85237410000
2018-09-12,928.3580610246685,935.5200714463451,919.2331093353274,922.2691040039062,105121650000
2018-09-13,922.5740891736967,946.098988888558,912.057177147597,944.18701171875,155616300000
2018-09-14,953.1929635762403,962.983927488395,943.765034856021,947.5910034179688,150128790000
2018-09-17,944.7689750533854,951.0449427375096,937.8960256728184,943.4719848632812,123570790000
2018-09-18,947.3499835718482,953.7439928147254,945.3759949604207,948.864013671875,121977990000
2018-09-19,954.797911189093,967.2218564828993,952.7169285809905,966.0328979492188,177146270000
2018-09-20,970.1318493625957,973.8738337978452,955.2239088601735,961.2058715820312,212273520000
2018-09-21,965.9828616479896,979.8768310546875,965.9828616479896,979.8768310546875,124330120000
2018-09-24,982.8367373036061,995.6146842798213,977.8147914355686,995.4686889648438,181083250000
2018-09-25,1000.9627260358142,1001.8047015652189,986.3577617403638,992.9197387695312,168410990000
2018-09-26,995.1197317273553,997.72768911195,981.4708171697948,991.4837646484375,112538440000
2018-09-27,990.8337435137576,1006.3716861539955,989.3367421619472,1002.981689453125,189182040000
2018-09-28,1004.2686517631225,1004.7246429930692,991.7317310592792,999.5636596679688,196345470000
2018-10-01,1000.746683208264,1006.4646092919872,985.3667602539062,985.3667602539062,164248550000
2018-10-02,984.2707988820516,987.1318067101948,973.7328296752663,981.601806640625,125571920000
2018-10-03,982.0398023285743,986.9808163021698,969.4398932112839,971.8739013671875,125758460000
2018-10-04,970.4248529373978,970.7128763142604,944.9630126953125,944.9630126953125,124645500000
2018-10-05,943.5410435232457,950.2549973663351,931.6871021440936,948.8300170898438,122209020000
2018-10-08,941.3169988498013,962.3118819434878,938.1640005367013,960.8678588867188,137197120000
2018-10-09,964.5078884021038,970.997844238405,955.3639549332003,967.3128662109375,149770080000
2018-10-10,970.6968821338451,971.683876414962,944.4019775390625,944.4019775390625,140467590000
2018-10-11,939.2420478574281,951.1669726585839,934.799078162756,947.469970703125,132616570000
2018-10-12,956.9489035659526,971.6828342021015,933.8870752087853,966.56884765625,178803170000
2018-10-15,973.4647900284784,990.3737576579636,973.4647900284784,986.3077392578125,180657660000
2018-10-16,985.733758917788,992.2376915317502,979.0607598222738,984.6587524414062,146431950000
2018-10-17,992.2277098502111,995.5337225933368,980.6918213128539,989.9047241210938,154855720000
2018-10-18,989.8697303753404,991.7247009690549,971.9098040133165,974.5347900390625,123902310000
2018-10-19,978.1937750852641,979.329816409993,963.3488832891765,964.5408935546875,113159640000
2018-10-22,972.1528811839588,974.0578393759992,946.81201171875,946.81201171875,104143270000
2018-10-23,940.7990399268259,944.4240207531452,923.4440902187889,934.68505859375,121341540000
2018-10-24,938.8720065490081,941.5809764753209,926.9170532226562,926.9170532226562,96366550000
2018-10-25,922.7161422697809,937.6510610676653,919.5771207377709,937.4720458984375,102839940000
2018-10-26,939.7269900966742,940.359982331132,905.41015625,905.41015625,103710550000
2018-10-30,908.8321676051854,913.8651610014537,885.6392971255461,899.9942626953125,117171740000
2018-10-31,904.443224421338,919.2641300837395,892.7753172542191,902.0022583007812,133904210000
2018-11-01,902.5312407042785,924.4041109421181,899.4962225652009,923.869140625,113287720000
2018-11-02,924.7751118847972,945.7009649688429,924.7751118847972,941.2249755859375,145880470000
2018-11-05,945.2320087791095,959.471923828125,938.1250516742421,959.471923828125,136433320000
2018-11-06,961.4629377177779,962.8158968780529,941.633025398676,947.27197265625,131745030000
2018-11-07,946.4749593939484,960.4618847046569,942.6159710769215,954.9279174804688,122673210000
2018-11-08,955.2119295697275,956.4129730242402,932.5760629222938,935.0570678710938,126270130000
2018-11-09,932.9720214827298,936.9740143314705,921.266090166821,928.3870849609375,117241850000
2018-11-12,930.0530793383072,936.9480625131246,914.4481811523438,914.4481811523438,92692540000
2018-11-13,915.3181169274689,930.9440101617256,912.9721211371857,927.0810546875,115453000000
2018-11-14,925.3011265224368,936.9080596389248,919.4531350536738,932.8670654296875,134807280000
2018-11-15,935.2280153416391,940.0200431709478,926.9480909559171,932.9630737304688,129340710000
2018-11-16,937.8540559953015,943.078027431021,927.4341281126342,936.1600341796875,96432680000
2018-11-19,935.6770550179139,946.021970973366,935.6770550179139,945.7039794921875,114580820000
2018-11-20,942.7929527075041,943.9119653027934,915.4531324877659,916.859130859375,157340510000
2018-11-21,920.2101196168055,927.0750732421875,915.589111544583,927.0750732421875,116051810000
2018-11-22,927.4280334398306,929.3950639568301,918.8281037542697,926.2830810546875,87576950000
2018-11-23,925.8110575730975,930.028076171875,920.2820952647628,930.028076171875,80410940000
2018-11-26,935.2119985716581,944.3529410933447,934.5480006436007,939.6190185546875,137634860000
2018-11-27,939.0440468760326,941.0400080038631,930.4250738864461,935.1650390625,122122030000
2018-11-28,937.5580001416788,946.7289718566839,937.5580001416788,940.7050170898438,122226380000
2018-11-29,949.6269617734191,955.4408956548734,948.2679602217639,951.2509155273438,116592360000
2018-11-30,951.639966965915,954.1549072265625,945.2719587835489,954.1549072265625,160463590000
2018-12-03,963.6648427166227,968.2928087536828,949.7399291992188,949.7399291992188,140806830000
2018-12-04,946.4939775368802,955.4999109702178,935.2990298945977,938.7999877929688,135241010000
2018-12-05,930.4710574388203,941.9739868961829,928.4720446481825,939.697021484375,114802670000
2018-12-06,935.063013127311,938.6610164257019,923.7480709479696,928.26806640625,112197740000
2018-12-07,935.2070406577122,938.0650578044974,931.4880661395405,936.9900512695312,96852190000
2018-12-10,932.4540476346486,934.5320395627145,922.1701054994314,922.2681274414062,82152500000
2018-12-11,924.4910543633828,927.0350471796833,916.0951029272297,918.0040893554688,100213270000
2018-12-12,921.3561519788935,923.2601336122567,899.5632374072082,900.5062255859375,126157010000
2018-12-13,905.1842498780928,914.4262055095268,904.3182266154382,913.8601684570312,90104790000
2018-12-14,910.7161575752955,912.0051521745984,893.3702416636473,905.2811889648438,100707560000
2018-12-17,905.9511993751776,909.9491640578653,899.3252578770387,899.6142578125,75591660000
2018-12-18,896.9462400014139,910.7362060546875,895.6652409241261,910.7362060546875,100383560000
2018-12-19,913.1591838758278,925.8301375350029,910.8742227861537,925.5220947265625,116390780000
2018-12-20,918.6371454591243,924.2471009889302,913.3101474095303,918.5361328125,109080980000
2018-12-21,917.7701460290474,922.2190969901312,909.1581922939605,918.6030883789062,113599320000
2018-12-24,921.3840615890937,924.3520633333234,915.1511236495842,915.2640991210938,70024900000
2018-12-26,911.2071470150506,913.9341833469445,906.8701948969805,910.0171508789062,44336450000
2018-12-27,917.9271416822658,919.1111564029012,907.6231801815501,909.7431640625,69310900000
2018-12-28,911.7361666637723,914.9491011932981,901.0691703150957,904.3482055664062,62918650000
2018-12-31,906.7461862400702,913.3791468037375,903.2342419029786,912.7001953125,59775490000
2019-01-02,909.8562110658794,909.8562110658794,886.4993399625781,888.6453247070312,74791250000
2019-01-03,883.7542816475575,895.4412313378939,873.9853515625,873.9853515625,93099140000
2019-01-04,878.9373664463768,891.206283469352,878.9373664463768,888.3032836914062,89073780000
2019-01-07,894.4422875436735,902.2742163071158,892.8032581324914,899.5062255859375,94240720000
2019-01-08,902.4742060044949,907.7561603454587,893.619272611994,906.9651489257812,95220020000
2019-01-09,910.3111638543027,914.1891340641854,905.909209599661,911.5641479492188,109830730000
2019-01-10,912.2591536821634,918.4531516944869,906.9422262278357,911.9581909179688,98592590000
2019-01-11,915.0281469898849,920.2800721454863,912.6201397943203,916.8651123046875,88504670000
2019-01-14,908.2492106658509,920.5331420898438,903.8791776936087,920.5331420898438,90915210000
2019-01-15,926.2710860840149,933.027031681564,924.7790896061751,931.72802734375,124820820000
2019-01-16,933.6470202704124,954.4009383962452,930.2300462255916,954.1099243164062,162135410000
2019-01-17,954.9929286601931,973.5438558140999,951.6079368198442,968.1688842773438,178977770000
2019-01-18,971.9238343720709,986.616749201927,970.4548480632395,984.5437622070312,139406700000
2019-01-21,986.2698008187266,998.2817000905518,976.3438279991782,979.5468139648438,151343010000
2019-01-22,979.9037763516988,996.7656860351562,978.5557610720278,996.7656860351562,156660270000
2019-01-23,997.3697113371826,1004.8756529814123,990.5937462909216,1001.4046630859375,147142530000
2019-01-24,1004.5327234971677,1017.7376098632812,1003.1416785922909,1017.7376098632812,154950730000
2019-01-25,1021.223615849854,1023.193576159313,1011.9906323372413,1018.0086059570312,130864340000
2019-01-28,1018.2226279865212,1028.0694995993683,1012.3996608172549,1012.8926391601562,123873820000
2019-01-29,1013.5826640970646,1040.978515625,1010.765662360605,1040.978515625,149161850000
2019-01-30,1041.536500884697,1047.925505285826,1035.4935639949308,1041.8895263671875,159516390000
2019-01-31,1054.7754385954129,1059.296410826789,1034.082554651515,1040.7364501953125,181945750000
2019-02-01,1040.604432211313,1043.7093961105584,1026.4754792895426,1029.365478515625,138520460000
2019-02-04,1030.7795583034494,1035.5395427823044,1019.8816059434333,1022.5445556640625,108118620000
2019-02-05,1027.6454908314563,1038.5154276649946,1017.5505742563897,1024.478515625,149116440000
2019-02-06,1028.9864333335065,1030.8864475733556,1016.1995755351572,1025.8375244140625,141953600000
2019-02-07,1027.522462605008,1029.3664468906336,1019.4485311459957,1027.83447265625,137766120000
2019-02-08,1024.9434791290166,1027.4184414448498,1021.1865412649278,1024.511474609375,106586660000
2019-02-11,1032.8705416533726,1046.560533093938,1032.7985205479688,1043.9415283203125,125643070000
2019-02-12,1046.5224138054557,1049.7684903707063,1033.639547437117,1037.6195068359375,140605620000
2019-02-13,1043.3845012425286,1044.545505849787,1016.45263671875,1016.45263671875,150040780000
2019-02-14,1019.2306017982065,1026.1605576144814,1007.4906129721029,1021.2945556640625,158845430000
2019-02-15,1020.7035256574047,1029.7785503664034,1011.8606164062725,1027.14453125,125947210000
2019-02-18,1028.6625375559456,1031.306566564593,1017.2796020507812,1017.2796020507812,122679000000
2019-02-19,1018.4466498306276,1019.7836178702239,1007.1256646739752,1017.4156494140625,114221450000
2019-02-20,1019.8985585529454,1025.424591126694,1016.1756169598093,1019.7075805664062,108449900000
2019-02-21,1020.3335207525461,1028.929544017863,1016.9485291288757,1024.9344482421875,103899800000
2019-02-22,1028.3924744694855,1034.6755220757464,1026.114532494773,1031.8515625,115103400000
2019-02-25,1038.7445307978894,1051.4534482578433,1038.7445307978894,1043.2955322265625,165993900000
2019-02-26,1042.6074657461895,1050.8173828125,1039.4133910174355,1050.8173828125,147111300000
2019-02-27,1051.1695041561782,1052.6884170427074,1041.1665051618331,1041.404541015625,149966000000
2019-02-28,1042.4704738195487,1050.69052339547,1041.2745572526958,1045.29345703125,129260610000
2019-03-01,1046.893478976302,1048.323403010548,1029.5615399223168,1032.6605224609375,134414230000
2019-03-04,1035.6355312188216,1046.164528443087,1034.7464978199725,1041.927490234375,130387720000
2019-03-05,1039.3305556560147,1048.316469983963,1034.5925436374175,1037.300537109375,195291480000
2019-03-06,1040.2554627285213,1048.6604473961954,1033.6455124747977,1034.5235595703125,150494100000
2019-03-07,1038.5304951844846,1041.9364829549136,1022.6345835127313,1022.8215942382812,148327720000
2019-03-08,1023.3675724812668,1024.631542845961,1008.7306870161061,1015.3776245117188,113246730000
2019-03-11,1018.8645688163407,1023.4225279398566,1006.5116682972116,1008.4986572265625,107116010000
2019-03-12,1014.6456434001525,1020.6816222708998,1009.1866878497689,1017.2056274414062,113247050000
2019-03-13,1018.2025956587362,1025.3175480742952,1011.4246165496855,1021.9605712890625,118301550000
2019-03-14,1022.9765086562783,1027.8525201050786,1020.0905378049085,1024.3175048828125,118544800000
2019-03-15,1028.9035864246855,1033.7984578571552,1026.4296005566623,1033.0355224609375,146000250000
2019-03-18,1037.8455015037725,1048.822494635123,1037.8455015037725,1045.9415283203125,136386760000
2019-03-19,1046.6353865523606,1059.2853432267987,1041.5383679480979,1048.6103515625,162140610000
2019-03-20,1048.060467309145,1050.9824488427453,1031.8065254140256,1033.0965576171875,179822460000
2019-03-21,1038.3544694410225,1042.4774944138326,1025.335495631213,1034.072509765625,150372840000
2019-03-22,1036.5295210379277,1037.5524648157964,996.5186864861471,998.3477172851562,173205470000
2019-03-25,1000.2697383132628,1003.811711782583,983.6658221533187,993.2537231445312,157813770000
2019-03-26,999.8997021556785,1002.5956716791463,971.533825447835,973.7808227539062,142083090000
2019-03-27,978.2017702846388,979.9787994125165,905.234201623062,918.546142578125,194746970000
2019-03-28,911.8111459470819,937.4380242719176,907.763193770448,921.1981201171875,197751380000
2019-03-29,924.9850539374265,942.4649411226004,919.0391017820157,937.8369750976562,123921650000
2019-04-01,939.0789897518753,951.169928862491,918.6401336150441,941.0079956054688,156404160000
2019-04-02,936.3460639444544,953.5169326571462,931.3180753841466,935.3260498046875,120681630000
2019-04-03,941.5810086234262,948.9079961612185,940.4099943214079,944.406005859375,105119720000
2019-04-04,944.7740073014546,983.3638305664062,942.9680475909773,983.3638305664062,145159750000
2019-04-05,989.626760465369,992.1357193014886,974.2168081695121,987.8287353515625,140591220000
2019-04-08,989.7837687460711,990.7637440339572,967.3509039441155,969.7778930664062,106219520000
2019-04-09,979.5618380551463,987.4777507967677,974.9638399019614,981.3478393554688,124488430000
2019-04-10,984.0417966758376,984.5557710104036,969.1198784638229,970.1448974609375,117438280000
2019-04-11,972.2667841090724,975.303816241652,960.2128933570993,960.724853515625,101402930000
2019-04-12,957.2119275275096,961.6799215222161,950.2799572805997,959.762939453125,84160920000
2019-04-15,957.5979311658027,965.3088886645174,951.9119262695312,951.9119262695312,74241620000
2019-04-16,956.7639149361186,971.0158536183684,956.7639149361186,968.0848999023438,104191890000
2019-04-17,973.4688562462272,986.6147828908402,972.9718495945395,982.0267944335938,115360230000
2019-04-18,979.1138373402123,979.115790454877,966.2318864651601,968.85986328125,109200900000
2019-04-19,970.8148686945891,972.9258804699908,967.3698796050755,968.60888671875,0
2019-04-22,963.8929212641392,964.5179179643932,958.9899320133478,959.52294921875,69401650000
2019-04-24,958.2088794119575,965.3668612600788,958.2088794119575,961.4168701171875,108711880000
2019-04-25,963.5058833268606,964.5658752714355,938.9120194423355,944.97998046875,118979600000
2019-04-26,948.8629705985591,951.4429740650003,940.4570091258676,947.8259887695312,93475250000
2019-04-29,950.3929786512526,951.1339415252969,942.3620153096754,945.3460083007812,105250420000
2019-04-30,947.3559931079774,957.2969193320615,947.3559931079774,954.1509399414062,129734230000
2019-05-02,957.2928863587988,960.4999005659896,939.1920304024625,941.7890014648438,115892190000
2019-05-03,942.4489586645738,943.953955529626,934.752039220128,939.4559936523438,89082780000
2019-05-06,930.2590308584497,930.7570750853458,915.4071200800464,929.8180541992188,109238540000
2019-05-07,908.0081540344023,919.2621222871506,906.9771536779467,914.8201293945312,119470080000
2019-05-08,907.6722150793496,916.0011506464697,897.3392617606883,902.7172241210938,122743460000
2019-05-09,903.1202140950584,906.9611971585057,886.4713155061603,886.8543090820312,105519170000
2019-05-10,894.7992661355323,898.5502227863478,883.1503411566091,885.3292846679688,106341140000
2019-05-13,886.2822851926728,887.4022743678319,854.4614701291827,862.8204345703125,138535370000
2019-05-14,866.1493671413061,880.2243041992188,860.4383990982376,880.2243041992188,130885020000
2019-05-15,880.6953369271039,881.1523047160778,860.426462593332,873.7993774414062,108950900000
2019-05-16,876.6403563583992,885.3002834375895,870.8793396400872,872.0343627929688,113988100000
2019-05-17,869.4443891250526,875.1813583797671,865.5124640614007,867.9564208984375,108605120000
2019-05-20,868.9454280551387,871.1594056330352,865.2014292520473,867.71044921875,98064930000
2019-05-21,869.4294178951303,871.5323730698531,849.7614922397006,853.0914916992188,111882730000
2019-05-22,850.4144780120567,855.7984215112956,836.74853515625,836.74853515625,104967800000
2019-05-23,835.3485673834922,847.113458183539,835.3485673834922,845.9574584960938,97600940000
2019-05-24,849.8875087750214,864.9584125087903,849.8544889311025,860.7184448242188,125614680000
2019-05-27,865.0514629752407,869.4474358591357,853.0924807061118,855.449462890625,83524360000
2019-05-28,860.9904532511991,877.2833970884019,860.9904532511991,867.7714233398438,117637410000
2019-05-29,869.3224011876144,877.6893000313879,865.5834074088397,871.8583374023438,97075030000
2019-05-30,880.3173654333141,900.1112670898438,880.3173654333141,900.1112670898438,126744250000
2019-05-31,898.2432047754204,905.8921508789062,889.7462407247283,905.8921508789062,99224110000
2019-06-03,903.3511968226359,908.6661708976817,898.1952184810508,903.451171875,33812380000
2019-06-07,905.65916958587,938.0859985351562,902.9521527783646,938.0859985351562,98291310000
2019-06-10,937.6100035196757,944.4769713919754,930.1340300973328,941.0260009765625,138365360000
2019-06-11,943.3899950537897,945.8879675894784,926.5380950605999,928.2510375976562,128466760000
2019-06-12,927.3680960937495,936.1390459407955,924.0161240216435,926.0531005859375,113072390000
2019-06-13,921.7240930794061,921.7240930794061,905.0101928710938,905.0101928710938,107670870000
2019-06-14,908.4231537747823,913.2221395172807,900.2362465728033,907.8651733398438,96998500000
2019-06-17,904.7502159845005,925.6501297740391,903.9162360238075,922.4931030273438,116228260000
2019-06-18,923.0920813863956,942.512998730048,920.8251256550559,942.1820068359375,128594300000
2019-06-19,940.0600101763433,947.7389855098021,933.1660648536063,942.4359741210938,137744630000
2019-06-20,952.2619671038665,959.5428732267634,940.3779970694382,941.572021484375,176255070000
2019-06-21,940.3309930509631,943.7729913303942,930.2450482043887,940.218017578125,108304890000
2019-06-24,960.3899080009538,962.1128602565818,948.9699248367776,951.8199462890625,119255060000
2019-06-25,950.6599309352417,959.9399109643266,946.1869932564679,954.2059326171875,120492370000
2019-06-26,955.3379755879471,958.4709546584825,945.1859905928908,948.3070068359375,97805450000
2019-06-27,952.559953305121,959.8959129553126,952.559953305121,955.7259521484375,111191210000
2019-06-28,958.2068834331842,966.4978550020976,955.3169451762901,964.847900390625,96416650000
2019-07-01,986.6237753788092,999.700671087373,983.7397575306528,997.3516845703125,173885210000
2019-07-02,998.1737263566811,1003.4106981154093,991.7837455715303,1002.0046997070312,152178290000
2019-07-03,1004.5227085586175,1005.0026864917949,991.4217645831978,993.6277465820312,125465140000
2019-07-04,997.3047301128756,1000.0816929849053,985.2678063833828,993.8167724609375,102792460000
2019-07-05,994.2707019608525,1004.4696222145691,992.6137283699017,996.3427124023438,133800210000
2019-07-08,981.0547798817539,990.9967436076208,978.9047669023973,986.94873046875,122081410000
2019-07-09,987.2427575458563,991.1457520128844,967.8338637505024,968.1068725585938,140161460000
2019-07-10,968.400849729931,986.9857727494845,962.7048961706059,985.8477783203125,138162850000
2019-07-11,994.27477913286,997.2597487226027,989.3197882073277,994.0587768554688,108988360000
2019-07-12,994.6017429369708,998.7007203170052,968.5468878359258,970.9778442382812,127019600000
2019-07-16,978.5988248142071,987.5277936722184,976.333822152967,980.27978515625,97501200000
2019-07-17,984.2107670252541,999.1986633579035,980.389803467581,998.0567016601562,116072690000
2019-07-18,997.1617189056456,1018.4405980759482,993.8757255407488,1015.6576538085938,134018870000
2019-07-19,1023.8185140423961,1028.8134825187683,1016.6465552239428,1018.486572265625,139643270000
2019-07-22,1018.1175762996314,1021.4645433795511,1008.4626593371563,1010.8816528320312,99076180000
2019-07-23,1012.2315777197209,1029.1684376848132,1010.8595757911986,1025.5565185546875,124203870000
2019-07-24,1028.0925636763757,1034.5675048828125,1017.6875896259968,1034.5675048828125,121128180000
2019-07-25,1036.7574204861348,1041.5333960387643,1016.0406118225343,1020.444580078125,159265050000
2019-07-26,1022.715545321848,1032.5854266825197,1015.4565508936627,1028.366455078125,103810330000
2019-07-29,1031.461559881832,1035.2574381482298,1025.2355187479452,1033.7254638671875,91580990000
2019-07-30,1035.1874554280314,1035.5214380163911,1019.6905290515062,1026.85546875,111652940000
2019-07-31,1030.5815520571261,1030.657479387466,1015.3915694116386,1020.819580078125,109253830000
2019-08-01,1013.4165946927193,1021.8285371545556,1010.9246035826329,1018.99755859375,100760850000
2019-08-02,1015.0755861764567,1017.0635516604538,996.2926662166532,996.7886962890625,94142690000
2019-08-05,994.0647192706933,999.8007117065719,985.0367521593922,986.7277221679688,92918940000
2019-08-06,989.8367018942286,1000.5706534468582,988.2197061219712,995.8327026367188,91267720000
2019-08-07,1000.2816949710277,1001.7707007648064,977.221819418621,980.559814453125,117341460000
2019-08-08,991.2417646877483,993.3107234675973,978.5128281293953,992.0797729492188,110329400000
2019-08-09,992.8897766065555,998.7477168652839,987.7757899389338,994.0447387695312,97830190000
2019-08-15,985.0357864604122,985.3037904087793,965.0728797402595,965.7818603515625,110947330000
2019-08-16,971.9848468042737,975.7118168284451,957.3039552525323,957.3369140625,108722990000
2019-08-19,965.0088465264777,967.3168786892875,950.9889625678927,952.85693359375,104403740000
2019-08-20,954.6139827002373,965.822907945037,953.1349865961034,960.3129272460938,109319910000
2019-08-21,961.6319239811228,964.5258905667762,952.6099381371594,955.2159423828125,108079620000
2019-08-22,957.2978947492367,961.1659162001511,943.4879705287636,953.9369506835938,108898500000
2019-08-23,956.8779457394753,974.0338610595358,952.7019423874577,971.48486328125,109747420000
2019-08-26,956.4839634054674,974.4758728021325,956.4839634054674,971.0078735351562,101523240000
2019-08-27,973.5008458878784,973.5008458878784,959.1739561352014,960.2999267578125,120450130000
2019-08-28,964.9269100284923,965.9618777062562,952.9099446943004,959.0789184570312,124267010000
2019-08-29,961.2919013289024,972.5618611188806,957.8179207207942,967.1798706054688,118424120000
2019-09-02,967.371910852718,986.3027802224321,967.371910852718,983.423828125,139117420000
2019-09-03,983.1257596692482,994.7467306604441,979.5677951685902,988.2557373046875,184539130000
2019-09-04,996.5627054277509,1002.4046544109872,992.8837088351318,1000.7697143554688,181672800000
2019-09-05,1006.1757022264753,1008.7606494757891,998.148706157966,1002.7786865234375,181924580000
2019-09-06,1001.6516709219612,1004.017686207625,989.3547390591001,989.8697509765625,146763650000
2019-09-09,998.3597207381666,1011.649689654166,998.3597207381666,1006.044677734375,152143040000
2019-09-10,1006.1376660435411,1014.095631625056,1003.3566749422085,1012.1236572265625,166427430000
2019-09-11,1015.9715749119791,1021.8735820302101,1013.5226133548596,1019.216552734375,146463330000
2019-09-12,1023.1124950586216,1030.08444253853,1017.4555429691534,1024.467529296875,165817270000
2019-09-13,1027.0594677110882,1032.5794578236491,1023.0875650511477,1030.7125244140625,133474570000
2019-09-16,1025.5124532013815,1033.2014989442378,1022.4585144756553,1025.8914794921875,139974560000
2019-09-17,1026.5825774643808,1026.6255459868846,1009.759668486225,1014.4686279296875,163755060000
2019-09-18,1014.7015625688913,1020.9425571408092,1005.997629462548,1019.2955932617188,144172300000
2019-09-19,1020.9665817479763,1021.419582280314,1000.3017130823591,1003.3826904296875,147199940000
2019-09-20,1006.4056792603919,1009.6386333250707,999.3256996770756,1002.3616943359375,160527260000
2019-09-23,1004.4496844785399,1007.1566403221876,995.8257068256336,1000.20166015625,130154350000
2019-09-24,1013.7495978965443,1022.3535559122874,1013.7495978965443,1018.4635620117188,162318140000
2019-09-25,1016.9525640349713,1026.178466796875,1015.5505940006964,1026.178466796875,156000510000
2019-09-26,1029.1295257774948,1031.1915265083298,1019.1335463288641,1019.3975830078125,134474190000
2019-09-27,1022.1055647723091,1052.4154004724305,1022.1055647723091,1051.516357421875,202273350000
2019-09-30,1056.997400847985,1058.3343077631255,1049.7114290579932,1050.3243408203125,171995480000
2019-10-01,1052.744432886217,1052.969407282447,1031.8865109603325,1038.760498046875,181115660000
2019-10-02,1038.3184642936576,1044.456493242814,1031.834489914795,1035.0865478515625,161614760000
2019-10-03,1038.841493924876,1047.6694496745297,1020.6145405555641,1027.8375244140625,161021620000
2019-10-04,1031.764541578215,1038.746438102944,1028.2335544659286,1034.6295166015625,149336410000
2019-10-07,1032.935530826258,1051.7563532960319,1025.7115703321715,1029.926513671875,207722870000
2019-10-08,1022.6905298768046,1028.1665138569688,1006.5576203081633,1018.5875854492188,221447260000
2019-10-09,1021.4595836944975,1026.019556953874,996.2246717797537,996.481689453125,190558720000
2019-10-10,999.5736678985866,1002.589643083057,975.101813075293,987.7987670898438,185499060000
2019-10-11,992.3117567702849,997.8217373297981,987.7507457900542,990.2727661132812,135462200000
2019-10-14,979.790802705005,980.736781553984,933.8160109192343,939.8090209960938,197707520000
2019-10-15,955.9209416567435,958.723905265779,947.8939457713175,952.5709228515625,136315140000
2019-10-16,935.142000869364,943.9000109470503,930.9390202852921,941.3670043945312,102653470000
2019-10-17,941.3360387286215,950.8980000167438,930.3140631680872,948.9569702148438,100745590000
2019-10-18,984.0547490312696,987.3007644332549,980.0167456659094,984.1477661132812,121179680000
2019-10-21,985.2587249670012,985.2587249670012,971.7138142602206,973.2348022460938,108301490000
2019-10-22,975.3038518493064,983.6697743064803,972.6748374628683,978.8588256835938,118713940000
2019-10-23,987.9877233630464,998.5046962053848,986.3667603093421,997.8466796875,161574060000
2019-10-24,1004.4666694282954,1012.3826431635592,1000.5197298654846,1003.45068359375,212760230000
2019-10-25,1002.7156952694788,1006.7246461954527,1000.4276824904953,1002.1546630859375,111763510000
2019-10-28,1003.8486647492293,1005.4196402804207,998.377685546875,998.377685546875,57800010000
2019-10-30,989.2037231773006,996.6516816113226,985.0397438590763,986.9147338867188,152752680000
2019-10-31,989.1957156728686,992.0047216950193,981.7127843706567,984.6797485351562,118982930000
2019-11-01,986.8917115317172,988.1307185984394,976.7808035189547,984.6217651367188,114230160000
2019-11-04,992.6687446972719,1004.399700525929,991.4337658978013,1000.8726806640625,131152300000
2019-11-05,1001.4597368060769,1006.933706914151,998.4717154804422,1005.2476806640625,154007890000
2019-11-06,1006.7186529574774,1015.98361840536,1003.6796676308227,1011.431640625,157020910000
2019-11-07,1018.117584565839,1035.4384765625,1018.117584565839,1035.4384765625,176279440000
2019-11-08,1034.456527365486,1040.1724393094853,1030.2025216989312,1031.5264892578125,173196720000
2019-11-11,1029.2115583352709,1038.4054790851887,1023.6835726465099,1031.1795654296875,141486780000
2019-11-12,1034.5174835333453,1044.277441734002,1034.5174835333453,1039.718505859375,194758480000
2019-11-13,1040.4934498933758,1050.2463273382666,1036.8184207510424,1048.2763671875,164044340000
2019-11-14,1043.0634487054738,1051.6414062313227,1033.0794927623156,1037.800537109375,178480200000
2019-11-15,1044.7434564159144,1055.1733324798856,1044.0844023105635,1053.7913818359375,150963540000
2019-11-18,1059.0184822179356,1072.2183640183055,1059.0184822179356,1068.4564208984375,202702860000
2019-11-19,1071.960222797903,1077.692247877991,1066.3313465815131,1075.28125,192522330000
2019-11-20,1073.3993848566968,1081.4163104733584,1066.5333320944526,1067.8453369140625,220220680000
2019-11-21,1068.0234376206545,1073.0643046730754,1063.1434583942437,1068.04638671875,176576660000
2019-11-22,1071.083346602961,1074.9453868039311,1060.1924127673722,1065.87841796875,155649430000
2019-11-25,1071.9262951193514,1078.4542144371558,1052.2153405780755,1053.8193359375,224159720000
2019-11-26,1055.6754370268686,1061.6174221462286,1047.1774351765212,1059.825439453125,201955590000
2019-11-27,1059.352412132552,1064.3023370440033,1053.9404535394772,1058.4364013671875,175274090000
2019-11-28,1060.8413643724057,1072.1262160437352,1060.152281148852,1071.2562255859375,143554470000
2019-11-29,1072.9953405068354,1076.6913660148277,1065.6384455561883,1069.0313720703125,176737010000
2019-12-02,1073.4952740095803,1082.0963025384967,1073.175329420107,1080.0372314453125,218576060000
2019-12-03,1078.724308283088,1087.7662529259203,1067.8934326171875,1067.8934326171875,255835020000
2019-12-04,1072.5393304413399,1077.942255761081,1067.0103071605201,1077.0072021484375,192760340000
2019-12-05,1082.5952359061448,1090.313212732358,1081.507228955649,1086.584228515625,224042610000
2019-12-06,1090.0832445860574,1093.1462167256323,1083.5143094773794,1088.685302734375,215571250000
2019-12-09,1088.9592226931836,1091.2411930800386,1081.3793066146684,1087.855224609375,231961110000
2019-12-10,1089.118238279048,1093.7782477057822,1076.1722621233737,1080.1092529296875,207256050000
2019-12-11,1080.299310622186,1082.176253768978,1074.6433348311177,1079.2113037109375,161710800000
2019-12-12,1085.5531835321874,1101.14111328125,1085.5531835321874,1101.14111328125,205379440000
2019-12-13,1110.1011679615256,1119.0980684863737,1100.1742186584888,1104.7601318359375,255667590000
2019-12-16,1106.7341546659395,1114.4280838240873,1102.3391583085493,1111.2491455078125,217012560000
2019-12-17,1114.944069572978,1119.5511009338388,1109.3681712528116,1110.731201171875,252351600000
2019-12-18,1105.628174426464,1108.4761817956742,1101.0521488703553,1105.7410888671875,240933550000
2019-12-19,1108.5261096011584,1112.7371468619676,1104.8531554271583,1105.9881591796875,162260410000
2019-12-20,1110.4021067769356,1116.3571535167566,1108.583146636929,1111.7620849609375,216949330000
2019-12-23,1114.7870244116293,1121.7719725176066,1112.6560543292112,1121.7459716796875,290775810000
2019-12-24,1128.39100779915,1133.9489618173448,1127.8239941949128,1131.529052734375,265096540000
2019-12-26,1135.1359936333556,1145.3419946073977,1131.6560314793992,1136.5240478515625,210230260000
2019-12-27,1140.3510556930837,1142.9019455918578,1133.801041327939,1136.830078125,261655050000
2019-12-30,1140.5638798458433,1149.6088756825363,1140.5638798458433,1147.533935546875,264550790000
2019-12-31,1150.7148092334803,1153.113844288341,1144.1799319818183,1144.243896484375,222832780000
2020-01-02,1149.0189751042353,1159.31494140625,1145.6530260282764,1159.31494140625,240903190000
2020-01-03,1151.4219203159735,1155.7029036509798,1126.1660717541595,1136.833984375,292921630000
2020-01-06,1125.3180563474164,1129.7250155922534,1112.1141462971063,1114.12109375,203797380000
2020-01-07,1125.9339602747884,1133.86592497493,1123.46998410599,1125.9930419921875,177887140000
2020-01-08,1109.6021522751437,1133.4179440403727,1107.4501861396786,1128.7550048828125,233224820000
2020-01-09,1152.3589099591834,1181.4398112050076,1152.3589099591834,1179.8988037109375,343141350000
2020-01-10,1182.5006324441251,1191.3956043934033,1177.0046901639423,1186.630615234375,328211670000
2020-01-13,1195.9457132232806,1208.9905662372669,1195.9457132232806,1202.483642578125,287828890000
2020-01-14,1203.9205871395784,1215.037471265197,1195.7405770139408,1214.2265625,256939730000
2020-01-15,1212.3195643604467,1218.0344996080498,1204.4175070240449,1209.3814697265625,337796020000
2020-01-16,1213.7725628501155,1224.8174256696684,1207.6245244338158,1210.0025634765625,321423330000
2020-01-17,1216.1834640001828,1218.7365509883518,1205.9625711711417,1214.7415771484375,208611630000
2020-01-20,1218.7886132785827,1229.2535238831247,1218.7886132785827,1226.1915283203125,228175510000
2020-01-21,1218.861539253495,1238.033434039981,1215.0345333037371,1235.554443359375,280043970000
2020-01-22,1242.1525104728596,1245.3594027496415,1223.6805619364707,1227.4644775390625,261257130000
2020-01-23,1223.9174882722568,1234.5674564576311,1221.875506865816,1225.3955078125,215805460000
2020-01-24,1236.9304597893977,1239.3564723296133,1207.6076170634565,1221.4114990234375,236977230000
2020-01-27,1207.1105660119993,1216.7295337482278,1199.9956133669932,1201.4906005859375,235605750000
2020-01-28,1208.1555858901438,1211.0875771909202,1194.025655874791,1198.0096435546875,231326320000
2020-01-29,1205.8526135928682,1207.4005790161016,1195.0516454847912,1196.888671875,224870800000
2020-01-30,1192.3026450784234,1198.711668751015,1182.552696717811,1198.4906005859375,210244750000
2020-01-31,1200.9556375363966,1203.1725446702037,1191.3946533203125,1191.3946533203125,268771460000
2020-02-03,1194.3586322668234,1197.834565911712,1187.6096447564248,1192.421630859375,237923410000
2020-02-04,1204.7576562814338,1222.194575633881,1201.5856760136357,1221.3555908203125,236395030000
2020-02-05,1224.1605173887285,1236.2864298151599,1219.0575170356385,1223.2015380859375,282472760000
2020-02-06,1227.1144792982575,1238.4433988517285,1219.913589662139,1222.83251953125,265700260000
2020-02-07,1224.7563916080085,1228.1153824390901,1209.1215875001558,1210.14453125,213547890000
2020-02-10,1204.587657138658,1211.8905972355383,1166.4718908582704,1183.4088134765625,279408550000
2020-02-11,1195.0406649445415,1200.7686619375272,1174.5028099006643,1197.9716796875,269036930000
2020-02-12,1199.3936825055894,1213.6915805369024,1192.2856878632263,1200.480712890625,300302500000
2020-02-13,1199.997709105704,1208.109604864843,1194.7186841707914,1205.398681640625,220873490000
2020-02-14,1210.8135494692533,1215.798630554567,1200.4866997299087,1201.5076904296875,230637680000
2020-02-17,1209.8135886429861,1212.4175788651046,1205.6057250133852,1207.91259765625,255953370000
2020-02-18,1204.5076438573594,1204.5076438573594,1191.4426497374002,1195.734619140625,256963060000
2020-02-19,1200.3556681520274,1204.6415339998782,1185.699740341584,1191.9547119140625,207714330000
2020-02-20,1192.882742089149,1193.4967525202967,1149.2029189189147,1156.4139404296875,265069260000
2020-02-21,1150.8888866604277,1174.1466972942335,1144.5279586425565,1168.2877197265625,259726340000
2020-02-24,1149.8378802457798,1149.8378802457798,1134.6199435841615,1147.8858642578125,197345720000
2020-02-25,1156.254815482385,1159.9117783873219,1138.497952241628,1143.638916015625,250854370000
2020-02-26,1142.8119367876902,1153.5239161519507,1131.458969609432,1151.7069091796875,227626250000
2020-02-27,1139.7489567493276,1144.6299122936111,1104.1781005859375,1104.1781005859375,253773530000
2020-02-28,993.3147450071293,1077.5963419626964,993.3147450071293,1059.931396484375,179212280000
2020-03-02,1083.7871742701936,1094.0471291808592,1064.2473617478245,1073.09326171875,169630060000
2020-03-03,1089.969232642683,1112.067138671875,1088.8082280177175,1112.067138671875,183596640000
2020-03-04,1109.5861724482484,1128.9810894003751,1106.7771052740688,1107.84814453125,218963710000
2020-03-05,1125.0400021782311,1131.0599895059436,1114.0280981950825,1118.14501953125,156244160000
2020-03-06,1116.5310181632321,1123.4450436998197,1087.7411330157547,1095.9991455078125,150366880000
2020-03-09,1065.3933946582767,1065.8483482988881,1019.9455767315789,1035.2344970703125,158975800000
2020-03-10,1060.2054249452085,1068.5663424238867,1010.2176535035478,1010.61962890625,181574180000
2020-03-11,1004.1586596241908,1028.3805156340345,988.0537648289356,1009.6576538085938,185698840000
2020-03-12,984.4767968983542,990.2637536497143,928.5320849447725,936.3900756835938,174356790000
2020-03-13,936.5700494935244,988.5497545313182,916.4381371258795,956.0469360351562,225633090000
2020-03-16,922.6351450306294,922.6351450306294,868.5284359739727,878.8783569335938,138512320000
2020-03-17,889.2293179637059,889.4813307944545,819.3596914198539,867.7723999023438,206660950000
2020-03-18,847.7605402748013,878.2413364322382,843.0225281720591,855.761474609375,167162840000
2020-03-19,849.3985120589966,868.7853721703765,840.7155136582321,851.949462890625,177440150000
2020-03-20,872.1663670375352,880.9302973280988,850.0474664989167,857.9534301757812,161103750000
2020-03-23,830.4356104561456,865.8674299012405,825.2806084229051,842.45751953125,178720550000
2020-03-24,875.7093199488542,896.3782160893221,870.4993867908776,892.8572387695312,193808860000
2020-03-25,905.1842493463324,919.5901181527663,881.2283210709655,890.6253051757812,263906980000
2020-03-26,889.5942531925539,918.0660861635497,884.8072914254763,915.2711181640625,239213180000
2020-03-27,918.3340917551686,922.9880586346455,881.2453002929688,881.2453002929688,210789440000
2020-03-30,879.3653019478115,888.1142786920549,868.1463676825973,880.5902709960938,142756870000
2020-03-31,892.7822459468238,902.6811801923036,886.4142988084716,896.4322509765625,192649780000
2020-04-01,882.85331365187,903.9872353618688,878.8813497428953,890.8463134765625,253913630000
2020-04-02,897.4802119724651,904.0832041972402,880.8142849876228,895.104248046875,237591800000
2020-04-03,896.1362271993754,899.6832054133525,890.426296616831,895.521240234375,157430390000
2020-04-06,909.8861657802512,921.570124812402,906.3012238548973,920.7061157226562,178825080000
2020-04-07,931.7361031425673,947.7810012474441,923.8131103515625,923.8131103515625,281702880000
2020-04-08,924.8121121826173,932.7470676609382,918.0291281342795,932.2470703125,169094410000
2020-04-09,942.7490448127188,958.3389282226562,936.2880804311533,958.3389282226562,284964880000
2020-04-10,962.0078878684817,974.8237987618448,953.519956903627,964.7048950195312,223209680000
2020-04-13,954.62694183905,973.1198244412875,950.1849488623227,963.9808959960938,198910630000
2020-04-14,974.9058181077851,986.2987627967129,972.7218087443658,985.4927368164062,240109330000
2020-04-15,989.4437453855368,990.4367821295115,946.020024685187,958.5439453125,244009840000
2020-04-16,967.0548462676901,970.6438164078389,953.2989380971095,962.4859008789062,209437470000
2020-04-17,982.8668156136746,987.5798034046226,976.004852361934,981.7927856445312,233143610000
2020-04-20,986.610793890316,992.6617261457642,980.6747902243936,989.4537353515625,221393140000
2020-04-21,983.6797697379575,985.0277850347929,972.7538024139911,976.184814453125,223082880000
2020-04-22,981.2897971152088,989.6127511779995,978.9608299308495,981.704833984375,229136830000
2020-04-24,984.4897625437887,994.9657200475586,979.2878248601107,987.5847778320312,223963750000
2020-04-27,1000.8576676246922,1013.6006420294109,1000.8576676246922,1012.6686401367188,256329310000
2020-04-28,1015.4286053207393,1019.169552165691,1006.2056320495024,1007.0696411132812,248225560000
2020-04-29,1012.1196491439604,1017.4216230667046,1005.7856982551785,1015.9476318359375,213507810000
2020-04-30,1019.949598962529,1023.2785607707652,993.5896926036398,1011.0956420898438,231739590000
2020-05-04,1002.5327009156201,1002.5327009156201,983.0508097460124,988.416748046875,170088190000
2020-05-05,996.3377208794532,997.9077198572937,978.7997892116999,987.3697509765625,204478920000
2020-05-06,988.8557571730619,992.7957386335918,980.6897850328484,985.7097778320312,228480200000
2020-05-07,985.7937525461754,992.7296896677411,977.9907546202295,983.9827270507812,238786160000
2020-05-08,989.0207569225214,995.1387054405443,976.7128387839759,978.4468383789062,259502530000
2020-05-11,984.1927767636893,986.4057777187157,977.9168090820312,977.9168090820312,209128830000
2020-05-12,979.2587570516498,997.0776928284337,977.3978050575066,996.1536865234375,253824880000
2020-05-13,997.0457394012863,1008.6436393390404,994.423744024849,1001.585693359375,238757410000
2020-05-14,1000.0736873465306,1003.806699818903,984.9377811139241,991.9247436523438,233288990000
2020-05-15,996.7777147457011,1008.1196343596625,996.7777147457011,997.6766967773438,188248250000
2020-05-18,1008.9626433057051,1022.2395501248906,1008.9626433057051,1019.8245849609375,242038680000
2020-05-20,1024.9125188452372,1029.978531946109,1019.6745706234628,1021.569580078125,207180380000
2020-05-21,1022.2355574006847,1032.2674251024741,1021.4855614142425,1026.4835205078125,206473120000
2020-05-22,1024.5315245648,1033.061508380319,1020.1325612033993,1030.237548828125,156761220000
2020-05-27,1037.9744270563558,1054.9454055934837,1037.9744270563558,1049.5294189453125,255335930000
2020-05-28,1055.5554094598428,1062.9093741723448,1045.3403760113404,1053.5924072265625,268233170000
2020-05-29,1051.8233822229477,1056.6863934538494,1046.704390908929,1055.1993408203125,285369280000
2020-06-01,1064.8043632863626,1073.7092228836007,1063.5642576146147,1072.65625,284425740000
2020-06-02,1077.8733074371144,1084.8312783197282,1070.9813762430533,1080.96728515625,303372830000
2020-06-03,1089.2562353192798,1092.3022398104679,1083.2602951676881,1091.1072998046875,289627880000
2020-06-04,1093.832161510007,1098.5251295701944,1087.7881264582688,1095.3631591796875,291745640000
2020-06-05,1101.4201595821994,1106.0131526995249,1095.4502206730428,1100.212158203125,200333120000
2020-06-08,1103.3130732191255,1110.4220440152556,1092.4781701872987,1096.3651123046875,252043950000
2020-06-09,1099.444176655651,1103.2931554634279,1084.558268511503,1092.3592529296875,283749440000
2020-06-10,1095.9921970587745,1104.0921294116345,1093.910176921477,1097.7830810546875,351118970000
2020-06-11,1093.7342414396921,1101.5791709089533,1087.444235438197,1091.5482177734375,345027900000
2020-06-12,1084.842235141269,1101.2681729042652,1078.324203506833,1098.34912109375,288189060000
2020-06-15,1093.9242030536793,1100.6630586136826,1087.1551962877472,1095.55419921875,298001300000
2020-06-16,1108.1420964405743,1118.7440912261861,1107.0542115613616,1109.39111328125,373469780000
2020-06-17,1112.807110880439,1116.1451059458004,1104.1351596118948,1109.3941650390625,320484840000
2020-06-18,1111.163037121339,1126.7559717899037,1111.163037121339,1124.9400634765625,404874470000
2020-06-19,1135.608034885315,1143.3689803533587,1128.573037743712,1136.113037109375,489228860000
2020-06-22,1147.007960464599,1154.4678818744067,1142.665942455912,1151.8948974609375,430937180000
2020-06-23,1156.161850528802,1162.7858389132286,1150.5898585305058,1153.3829345703125,469964200000
2020-06-24,1153.688793678555,1156.2678814868061,1143.3249573472253,1144.48291015625,424831300000
2020-06-25,1143.9139269005054,1149.7458048944034,1134.1899798755778,1141.3839111328125,364319020000
2020-06-26,1151.16391655137,1153.547814995212,1143.8868556761997,1146.6778564453125,309253650000
2020-06-29,1147.7579907672255,1160.1398835371983,1144.315015743544,1158.4239501953125,374467370000
2020-06-30,1164.2547660157688,1169.7007818409886,1161.4618121877993,1165.2418212890625,539126540000
2020-07-01,1171.6748286749253,1173.5727678480068,1151.2198588167475,1153.1439208984375,528177730000
2020-07-02,1158.4298662410263,1171.7707375805182,1157.4537972200765,1169.07177734375,435468580000
2020-07-03,1173.1498197091416,1173.9057971681004,1153.1089097621016,1157.4788818359375,455603820000
2020-07-06,1166.7328832575406,1185.1157212381238,1166.7328832575406,1184.8458251953125,453968440000
2020-07-07,1187.9176316079563,1197.4456570998348,1170.7447493184777,1193.3826904296875,766805850000
2020-07-08,1196.02461058197,1202.0276302409645,1185.7627025629151,1187.11865234375,591750790000
2020-07-09,1193.4817461980797,1196.8577049657058,1156.3388755740484,1157.929931640625,526519920000
2020-07-10,1154.502895541349,1154.502895541349,1128.287947016756,1148.0799560546875,502818720000
2020-07-13,1162.614858439929,1183.9808349609375,1161.2488988255175,1183.9808349609375,445809330000
2020-07-14,1181.131694160972,1186.5697757584096,1170.0157861400096,1177.40478515625,517175780000
2020-07-16,1187.341678688528,1194.5065573999402,1186.841681359932,1188.068603515625,385690320000
2020-07-17,1188.6396442424575,1191.6045942186734,1183.599632112769,1187.8546142578125,283413660000
2020-07-20,1188.4386218563625,1197.4666499843966,1185.8216924233222,1192.8026123046875,354900210000
2020-07-21,1201.7026465102776,1205.849597295216,1171.5988013738354,1180.413818359375,473565610000
2020-07-22,1188.1497414844614,1193.7096486939647,1175.3497601426802,1180.792724609375,516305390000
2020-07-23,1187.1336839077078,1196.7176171735553,1185.8476800235155,1190.3056640625,350833490000
2020-07-24,1185.0017463026325,1192.0096435546875,1182.2017123851695,1192.0096435546875,316593300000
2020-07-27,1199.5936072254847,1203.393635880151,1194.3936836587814,1195.693603515625,2729247100
2020-07-28,1197.0936369733624,1198.1936067349584,1152.69384765625,1152.69384765625,4094110200
2020-07-29,1155.9939111034432,1159.6938427868927,1120.9940954558476,1135.593994140625,4345011800
2020-07-30,1137.193915055831,1137.193915055831,1124.5940063489984,1126.89404296875,1403498000
2020-08-04,1140.394006365222,1143.294015475454,1064.8944047891764,1087.1942138671875,4294044700
2020-08-05,1095.2942931312728,1100.5941920384778,1066.0943733326735,1091.7943115234375,4574041300
2020-08-06,1090.5941839729724,1093.6941430965414,1033.7945588502228,1034.39453125,5070717200
2020-08-07,1030.2945940135069,1062.0943524099712,985.394807317874,1060.5943603515625,6044999200
2020-08-10,1055.5943444388543,1078.894268971787,1038.9944574062572,1075.4942626953125,3799076400
2020-08-11,1082.1942390599227,1112.394152898851,1082.1942390599227,1110.0941162109375,4701037100
2020-08-12,1114.8941613575046,1119.2941626326385,1096.4942337058258,1114.194091796875,4620354200
2020-08-13,1119.4940383804224,1125.894028712742,1095.7942134167588,1100.294189453125,3870889800
2020-08-14,1093.4942113467491,1096.1941482259117,1077.2943459324417,1083.7943115234375,3143601500
2020-08-17,1085.4942663924523,1090.1941927392002,1077.2943585326934,1086.1942138671875,2790529200
2020-08-18,1087.794336205407,1100.5941957439247,1084.4943047076122,1092.4942626953125,2627158100
2020-08-19,1099.394177520306,1125.7940615322086,1099.394177520306,1124.6939697265625,3996964800
2020-08-20,1124.9940281099707,1131.693943716182,1113.894111446552,1126.7940673828125,4220804500
2020-08-21,1132.8940436176533,1141.2940236863765,1106.694108690675,1109.8941650390625,5659230900
2020-08-24,1111.1940769955213,1118.094064933736,1106.1941034272015,1108.3941650390625,3085298700
2020-08-25,1114.0941232408559,1118.194077289703,1083.0942860832413,1092.1942138671875,3133299100
2020-08-26,1090.0941636618752,1104.6940614072923,1085.9942099351683,1098.994140625,3168451200
2020-08-27,1107.5941230803337,1111.5941019445238,1101.994177084401,1108.8941650390625,2897594500
2020-08-28,1112.8940995560529,1113.5940470015273,1094.7942203307796,1100.5941162109375,2913086000
2020-08-31,1101.7941881172703,1102.3941605118089,1076.0942515792863,1078.59423828125,2918914900
2020-09-01,1081.694232371212,1086.2943057073708,1064.3943970757616,1085.1942138671875,2789563000
2020-09-02,1086.0942266364582,1091.2942723535934,1079.7943332254474,1083.894287109375,2613688100
2020-09-03,1085.8942359359266,1091.0941593890402,1074.2943221845997,1076.2943115234375,2352568600
2020-09-04,1075.594294793795,1089.994243153983,1072.794382823824,1086.2943115234375,2594136500
2020-09-07,1089.4941796236521,1097.7941841108795,1089.4941796236521,1096.794189453125,2272089100
2020-09-08,1101.5941750950735,1102.7942420182578,1085.1942370355807,1089.59423828125,2386368100
2020-09-09,1089.3942199186988,1099.794188919789,1087.4942056282664,1099.694091796875,3330318000
2020-09-10,1100.9941304958436,1105.9941038405113,1093.594145531803,1099.0941162109375,4097641300
2020-09-11,1100.7941995485642,1104.7941782939156,1096.7942208032127,1102.694091796875,2843845300
2020-09-14,1105.2942000362998,1110.294173578363,1103.3941856763827,1107.294189453125,3091678500
2020-09-15,1110.5941193746182,1118.6940522492557,1096.6941682556053,1111.194091796875,3417397000
2020-09-16,1113.494106752591,1116.5940659317723,1104.694104499109,1107.0941162109375,2147144900
2020-09-17,1105.6941181738232,1110.694091796875,1100.294244316662,1110.694091796875,2662498900
2020-09-18,1112.6940881086769,1115.7941694298236,1109.5941288571992,1111.994140625,2691021500
2020-09-21,1111.794180626072,1115.0940899665106,1085.6942207289871,1086.9942626953125,3285329700
2020-09-22,1088.6941318856493,1097.4941336760182,1084.894225439091,1096.194091796875,2923680200
2020-09-23,1100.994149657966,1109.7941517256047,1098.7942101758886,1102.694091796875,2989501500
2020-09-24,1098.8941535579145,1120.69396384996,1096.9941392947026,1119.593994140625,4087385500
2020-09-25,1128.9939930154324,1135.0939361456929,1123.7940695105426,1124.1939697265625,3987253400
2020-09-28,1124.6939510545508,1130.693919045388,1116.294093523108,1121.1939697265625,3340709300
2020-09-29,1123.6939675971278,1132.2940194588336,1112.3941010101432,1123.2940673828125,3802199200
2020-09-30,1128.9939828244546,1146.693839661774,1128.9939828244546,1145.19384765625,4309357400
2020-10-01,1150.0938368424559,1155.393857381179,1142.793949048541,1143.493896484375,3510659300
2020-10-02,1138.8939534148535,1150.3938921131682,1137.5939115167446,1144.993896484375,3450389800
2020-10-05,1150.7939973709226,1160.9938949065747,1150.7939973709226,1160.69384765625,2538804700
2020-10-06,1165.093811759807,1170.4938076056674,1153.69384765625,1153.69384765625,3714641900
2020-10-07,1150.0938842521796,1156.8938970648558,1147.3939473801952,1152.3939208984375,3248033900
2020-10-08,1156.6938147648993,1159.3938736829327,1143.293983508949,1150.493896484375,3163287900
2020-10-09,1152.7938921359457,1166.4937701412882,1150.9938529212368,1165.6937255859375,3660290600
2020-10-12,1169.1937741906943,1181.5937330943902,1169.0937991329363,1178.393798828125,4248628200
2020-10-13,1180.9937410255402,1181.5937134317726,1170.793843910595,1174.6937255859375,3910863500
2020-10-14,1177.0936930451908,1189.6936013812244,1172.59371706306,1189.293701171875,5858456600
2020-10-15,1188.3937566350662,1191.4937158713224,1175.1937530118119,1180.393798828125,4411621100
2020-10-16,1184.9936933235817,1193.7936953170565,1183.0936790216197,1192.693603515625,3948957700
2020-10-19,1195.4937044774406,1209.4936307532116,1195.4937044774406,1205.3936767578125,4244644000
2020-10-20,1208.1934932049555,1213.6934638068267,1202.393597448415,1210.3935546875,4244963400
2020-10-21,1220.8935044889135,1222.9934688604326,1209.2935908498766,1211.4935302734375,4128393000
2020-10-22,1213.5935468826444,1215.993558583255,1196.5936369353456,1198.293701171875,5673161500
2020-10-23,1200.3936245090788,1204.5935532890112,1179.4937115230132,1190.5936279296875,4404421800
2020-10-26,1183.5936635536573,1183.5936635536573,1141.593887535882,1144.493896484375,5592181900
2020-10-27,1143.8939669684435,1157.8938928323855,1133.6939477400576,1152.5938720703125,5145879700
2020-10-28,1150.0938715397015,1152.5938582711892,1126.9940185546875,1126.9940185546875,2517117400
2020-10-30,1120.8941202667806,1120.8941202667806,1095.6941797616264,1112.3941650390625,6603070600
2020-11-02,1119.6940430701031,1143.4939663171647,1117.694053623112,1133.593994140625,5573290300
2020-11-03,1138.5939362507186,1155.9938683719806,1122.5940211175423,1150.69384765625,4442168200
2020-11-04,1155.4938394580358,1170.8937817669519,1153.9938474552778,1167.6937255859375,4691755200
2020-11-05,1172.793861228556,1184.5937257308956,1165.793898159998,1179.9937744140625,4969504100
2020-11-06,1180.4937135837222,1192.193602450842,1177.0937072755205,1191.99365234375,4683698400
2020-11-09,1214.3935241474885,1235.2934366908926,1211.1934680341947,1231.493408203125,5964972600
2020-11-10,1226.6934458163603,1244.393425192669,1218.7935853668594,1242.993408203125,5130828600
2020-11-11,1249.8933450529194,1284.5931107911588,1248.3933530687939,1279.193115234375,8656772000
2020-11-12,1284.4932190894235,1303.7931660320637,1262.593310286188,1271.7933349609375,8861019200
2020-11-13,1277.0932148213712,1292.793204949863,1272.7933108266886,1291.293212890625,5389577500
2020-11-16,1304.6930533781222,1309.993074185518,1291.4931719928218,1292.9931640625,4343358100
2020-11-17,1291.6930667531608,1292.9931086523698,1259.6932373046875,1259.6932373046875,4561029500
2020-11-18,1264.0933012144594,1294.693115234375,1264.0933012144594,1294.693115234375,6305883900
2020-11-19,1293.6930954412069,1325.692925862951,1277.6931802303347,1312.9930419921875,9457914300
2020-11-20,1315.6929154781867,1328.2929457555274,1315.5929404268677,1323.992919921875,4814313900
2020-11-23,1329.293011409133,1336.0929021675984,1299.293170231492,1314.2930908203125,5836002400
2020-11-24,1323.1929815764188,1334.2930207659267,1308.6930579512205,1320.9930419921875,6986828400
2020-11-25,1330.0928709373209,1341.8928567361984,1323.3929555528302,1325.492919921875,5582814600
2020-11-26,1334.692912229657,1343.8929369524872,1326.0929819982812,1342.492919921875,4251432200
2020-11-27,1348.4928144158182,1351.6927485365113,1324.6928924080523,1328.69287109375,5611336000
2020-11-30,1314.3930244478831,1316.4929888501947,1283.5931396484375,1283.5931396484375,5118634800
2020-12-01,1302.2930916216449,1325.29296875,1287.5930969108563,1325.29296875,4606842500
2020-12-02,1326.7929618058677,1338.9928478124411,1318.392982260028,1325.492919921875,4573173200
2020-12-03,1327.5929130633035,1335.7929426830115,1315.4930018464177,1330.8929443359375,5744630100
2020-12-04,1331.5928917842352,1337.892907097568,1326.1928960970447,1330.8929443359375,5295296100
2020-12-07,1329.9929193896282,1336.692834892523,1326.0929157383878,1329.8929443359375,4879614200
2020-12-08,1331.5929393655579,1348.2929243639803,1331.5929393655579,1339.8929443359375,5310555900
2020-12-09,1342.3928644022956,1360.592718500376,1342.3928644022956,1350.2928466796875,5509428500
2020-12-10,1353.392822265625,1366.7927753711585,1346.4928345701965,1353.392822265625,5896164000
2020-12-11,1351.7928255993977,1370.9926741779645,1342.59280151702,1370.692626953125,5148070700
2020-12-14,1378.1926818084146,1394.5926197199794,1378.1926818084146,1388.5926513671875,4631732400
2020-12-15,1392.6925192912443,1399.8925541115987,1385.1925593135797,1395.392578125,5279954200
2020-12-16,1404.2925394391884,1409.792510028352,1384.9925938166236,1392.4925537109375,5024838600
2020-12-17,1403.0925096092192,1406.0924936460444,1392.4925904263694,1399.392578125,4448044900
2020-12-18,1398.2926554133705,1410.292591964201,1395.9926187465946,1408.2926025390625,4457054800
2020-12-21,1401.6925354272323,1401.6925354272323,1368.5927349579213,1384.3927001953125,5000977600
2020-12-22,1393.592589715293,1410.7925717996745,1391.6925753710746,1404.9925537109375,4513173800
2020-12-23,1409.1924281895592,1420.7924639189482,1409.1924281895592,1417.6923828125,5126165100
2020-12-24,1420.1924135957074,1432.2924470318399,1415.3925123130498,1425.992431640625,5263356100
2020-12-28,1431.692301350827,1442.7923396973308,1431.692301350827,1439.2923583984375,2977132100
2020-12-29,1442.9923975540107,1459.6922607421875,1436.1923845519455,1459.6922607421875,3420867100
2020-12-30,1463.0922517746187,1483.1921212513214,1463.0922517746187,1479.8922119140625,4193081700
2020-12-31,1480.7922146365058,1484.3921711767264,1470.2922701868904,1476.692138671875,3422723600
2021-01-04,1482.192086640955,1499.9920410222855,1478.692105211903,1495.39208984375,5172334300
2021-01-05,1492.1920027524154,1506.8919976925308,1474.792193091769,1489.592041015625,6659180300
2021-01-06,1501.59206104469,1509.492043819787,1497.0920847630143,1505.39208984375,5330873300
2021-01-07,1511.5919750484504,1522.6918918848694,1505.6919818618073,1522.19189453125,6175892400
2021-01-08,1526.491896142773,1542.791858437476,1519.7919805394847,1540.591796875,5500828100
2021-01-11,1539.9918010576462,1557.4917078878466,1522.2919441201084,1536.1917724609375,5408869300
2021-01-12,1548.9918239282079,1556.3918092827926,1537.3919095703097,1549.4918212890625,5168557400
2021-01-13,1559.791745385174,1567.8916778516839,1545.2918225745052,1559.291748046875,4878475300
2021-01-14,1567.0916884671526,1568.091683178965,1542.1917957290925,1546.591796875,4811686600
2021-01-15,1536.7919271845003,1547.791869051967,1516.091963337558,1524.491943359375,4762625400
2021-01-18,1525.49186610907,1558.7917373829735,1508.8919790333855,1556.791748046875,4677723000
2021-01-19,1569.5916504063546,1578.2916775032354,1560.9917204348044,1564.99169921875,4837702100
2021-01-20,1573.3917024762402,1574.291722129945,1552.0917663071207,1569.3917236328125,4559421500
2021-01-21,1577.9916821306635,1581.991661046077,1551.591796875,1551.591796875,5612415500
2021-01-22,1551.491773568869,1555.5917274157366,1525.8919337202412,1542.4918212890625,4687438600
2021-01-25,1556.591709788217,1560.0916912026507,1536.991838281321,1540.1917724609375,4811784700
2021-01-26,1537.9918111726959,1548.5917303208118,1516.791972876464,1536.091796875,5298756700
2021-01-27,1536.0917950944179,1540.9917934134287,1466.9921875,1466.9921875,5789300600
2021-01-28,1453.392327621491,1498.3920893143077,1431.2924690707296,1498.2921142578125,5830526400
2021-01-29,1485.19207663871,1495.4920708559553,1469.5921837638748,1473.4921875,4511590500
2021-02-01,1484.8921302474623,1500.892045186742,1471.492177071883,1492.4920654296875,3818595500
2021-02-02,1505.0919525282347,1517.4919108429597,1499.9920041281314,1511.3919677734375,4768154900
2021-02-03,1520.691841256955,1533.591796875,1509.191902586622,1533.591796875,5128373800
2021-02-04,1537.6917575415348,1544.5917451888345,1530.7918919638971,1534.891845703125,4217777700
2021-02-05,1544.7918993393687,1549.4918257169672,1527.19189453125,1527.19189453125,3818195700
2021-02-08,1540.191744220291,1542.3918057393937,1518.9919060123027,1534.891845703125,6523204300
2021-02-09,1538.4918509507308,1551.7918293318276,1535.5918418973715,1544.091796875,5427787600
2021-02-10,1553.3918123980516,1556.691721710872,1536.391902268188,1547.091796875,3953837000
2021-02-11,1548.6917560570785,1558.091730729886,1543.691782515124,1545.591796875,3343474000
2021-02-12,1542.491799492056,1548.6917177026676,1526.6918346629107,1538.391845703125,3016910100
2021-02-15,1551.0917353673171,1565.7917305153655,1547.3918038514328,1562.49169921875,2959156100
2021-02-16,1569.0916574534988,1575.6915980515632,1522.0919066104875,1542.7918701171875,5626114900
2021-02-17,1550.4917687319812,1553.3917777504435,1529.8919025068437,1540.591796875,5053711600
2021-02-18,1547.9918128269974,1562.7917833795666,1544.191784096842,1546.391845703125,4680451700
2021-02-19,1551.491746034925,1567.3916858610107,1550.091729068979,1560.291748046875,4235697200
2021-02-22,1563.0917309431748,1569.7917688455175,1547.4918376400265,1550.591796875,4048658800
2021-02-23,1557.9917305185506,1560.2917671385812,1515.292005987532,1517.8919677734375,5095610200
2021-02-24,1506.4920637011128,1523.1919268970144,1482.9921875,1482.9921875,4253745800
2021-02-25,1510.2919964276925,1514.7919724352403,1460.3922380633985,1488.1920166015625,4432962300
2021-02-26,1457.192214068144,1479.992141837836,1443.1922884021105,1471.3922119140625,3712196500
2021-03-01,1491.8921555418235,1527.491943359375,1491.0921109334734,1527.491943359375,3241634800
2021-03-02,1526.3919804213533,1537.4918975114042,1518.4919976397186,1528.7919921875,4695222600
2021-03-03,1538.7918289855343,1553.9916989634905,1526.4918458608547,1531.091796875,4182945000
2021-03-04,1527.0918548386858,1542.6917474677373,1523.1918511640072,1537.9918212890625,3296335100
2021-03-05,1534.3918860131143,1546.0917751288812,1528.4918928925629,1541.9918212890625,3402004700
2021-03-08,1549.5916937262598,1553.7917445210946,1526.5918166500953,1530.2918701171875,3557388400
2021-03-09,1541.991859299856,1553.1917513436867,1534.9918962550446,1549.1917724609375,3047242200
2021-03-10,1551.2918201859386,1565.9916933840918,1551.2918201859386,1564.8917236328125,3002423400
2021-03-11,1574.5915782779045,1579.991573893752,1551.8917481643841,1556.49169921875,3102707500
2021-03-12,1558.2917432498377,1561.6916274724595,1549.2917912189082,1557.3917236328125,2623930900
2021-03-15,1558.791730436471,1566.3916654658447,1553.4917098915641,1555.49169921875,2092203700
2021-03-16,1561.3917712047878,1572.891710418375,1557.491767405377,1570.3917236328125,21745900
2021-03-17,1574.7916805604582,1589.4915536188444,1562.0916748046875,1562.0916748046875,28549100
2021-03-18,1567.7917809944765,1574.5916718927015,1548.1917866998429,1550.891845703125,3571672900
2021-03-19,1548.4918406095437,1553.891836569678,1511.2920854524743,1528.991943359375,3191601500
2021-03-22,1491.9920773334386,1491.9920773334386,1378.5926550846452,1379.292724609375,1956226800
2021-03-23,1335.7929458140475,1402.9925396553476,1256.2933685491862,1377.3927001953125,5739708900
2021-03-24,1377.392770351852,1421.8925359930872,1371.692727129038,1413.892578125,4122592300
2021-03-25,1416.992433023941,1432.5923253038504,1394.1925059512314,1394.392578125,3506861700
2021-03-26,1409.1924838812733,1412.392540166409,1359.1927488291467,1382.192626953125,2953052300
2021-03-29,1385.6925417775255,1398.8925444383813,1382.4926077159205,1392.592529296875,2666302400
2021-03-30,1392.7926185434087,1400.7925758651522,1371.3927082938126,1395.7926025390625,3348091400
2021-03-31,1397.4926452568352,1403.7926609291528,1389.8927096679415,1391.692626953125,2339048400
2021-04-01,1399.2926252995787,1426.5924072265625,1399.2926252995787,1426.5924072265625,3171634700
2021-04-05,1428.9923794298527,1442.992304770663,1428.8924043770648,1442.09228515625,2562662100
2021-04-06,1442.8923372494035,1445.0922767008635,1419.6923876074518,1420.5924072265625,2647194900
2021-04-07,1420.8924400415146,1422.4924070872237,1402.3925387894137,1417.8924560546875,2778656400
2021-04-08,1422.1923528939426,1430.2924072744258,1415.0924152404968,1416.5924072265625,2096631700
2021-04-09,1413.1923979880476,1414.9924371953828,1373.6926091052082,1393.1925048828125,2874952000
2021-04-12,1393.492582092705,1398.09253319196,1374.6926333413792,1375.8927001953125,2304204000
2021-04-13,1380.0926423343858,1386.3926576867889,1352.6927635121463,1378.3927001953125,2863663700
2021-04-14,1380.6926554783602,1409.1925048828125,1380.6926554783602,1409.1925048828125,2625140600
2021-04-15,1409.7925919604452,1418.4924971155926,1398.2926527874954,1407.7926025390625,4190463300
2021-04-16,1405.4925674600818,1412.5925055000557,1400.4925939009922,1408.092529296875,2315175700
2021-04-19,1409.892526289926,1415.9924694350002,1377.192626953125,1377.192626953125,2490437900
2021-04-20,1376.3927637117035,1385.8927135978768,1357.2928888808049,1365.2928466796875,2563178700
2021-04-21,1363.8927666021666,1365.4927336740475,1308.493036991938,1330.492919921875,2306410700
2021-04-22,1320.193002674154,1345.4929183426532,1309.1930605695318,1345.19287109375,2092726700
2021-04-26,1343.8928606456805,1373.99267578125,1343.59281341699,1373.99267578125,1948162900
2021-04-27,1381.6926811483913,1397.592621902068,1381.6926811483913,1391.99267578125,1868473800
2021-04-28,1391.4926461864413,1394.5926053895957,1379.8927319041743,1385.8927001953125,1688653100
2021-04-29,1390.8926344435745,1406.4925271455108,1390.8926344435745,1401.4925537109375,1549958000
2021-04-30,1399.0925223719714,1405.8925349752235,1396.4925606364911,1397.7926025390625,1838903600
2021-05-03,1400.1924946444394,1421.1923828125,1400.1924946444394,1421.1923828125,1946216100
2021-05-04,1423.1923459411178,1428.092344170654,1410.9924599627834,1416.29248046875,2277662700
2021-05-05,1419.5924093586248,1424.9924049914723,1409.2925374976764,1419.992431640625,1787262500
2021-05-06,1422.5924342619687,1434.6923457049022,1422.5924342619687,1427.6923828125,2291622100
2021-05-07,1432.2924064202684,1444.792339723281,1423.3924294945912,1441.2923583984375,4002061800
2021-05-10,1448.9923722140934,1462.492301147765,1447.892402418617,1460.892333984375,2494390500
2021-05-11,1447.9922930708012,1455.892275437261,1438.392368580397,1444.892333984375,2484579100
2021-05-12,1441.3923334509293,1444.9922898282648,1437.692279951441,1441.2923583984375,922312200
2021-05-17,1446.9923481734277,1455.4923032248955,1445.5923311627819,1454.2923583984375,1993605300
2021-05-18,1461.1922523121382,1465.5922535430827,1459.59228515625,1459.59228515625,2164820700
2021-05-20,1451.892322845105,1454.7923318760572,1439.3923891510558,1449.7923583984375,2326522300
2021-05-21,1456.3923096175286,1462.2923027781667,1449.292371641359,1451.7923583984375,1965520800
2021-05-24,1453.6922527986226,1457.7923287419449,1441.6923163471417,1452.1922607421875,2019625100
2021-05-25,1457.4922489882251,1459.2922882436576,1400.1925048828125,1400.1925048828125,3335779500
2021-05-26,1413.0924814729594,1427.0924072265625,1392.8926374277696,1427.0924072265625,2647968000
2021-05-27,1426.5924682532204,1428.8925049775798,1411.4925721293205,1414.9925537109375,2540002900
2021-05-28,1413.0924551242038,1422.7924767429881,1401.292591165131,1422.0924072265625,2097371700
2021-05-31,1423.0923933740107,1427.3924192916713,1414.2925135018077,1420.492431640625,2036537300
2021-06-01,1424.4924712793786,1433.592398770424,1422.9924792071295,1431.992431640625,2077004600
2021-06-02,1420.3925105409878,1434.7924587793577,1418.7925434188726,1430.6923828125,2234180900
2021-06-03,1434.692347835266,1441.1923133878627,1411.4925196138643,1428.0924072265625,2642229900
2021-06-04,1428.8924771820773,1435.1923706646376,1427.3924851048487,1432.8924560546875,1873471800
2021-06-07,1433.992379188475,1450.592266555943,1432.592362214665,1447.09228515625,1965621500
2021-06-08,1447.4923101014367,1453.892300515127,1443.3923562967748,1447.59228515625,1951616100
2021-06-09,1449.8923302693156,1453.3923116959613,1445.6922793155418,1449.1922607421875,2037958700
2021-06-10,1453.1922792199143,1461.9922815894968,1449.59232263951,1456.6922607421875,2403240900
2021-06-11,1461.1922591633213,1464.4922906194201,1455.3923629373235,1460.892333984375,2225669800
2021-06-14,1466.5922201134674,1468.9922318360505,1450.6922797797292,1454.2923583984375,1846455100
2021-06-15,1451.0922398431671,1456.592210522937,1431.6923188496828,1442.59228515625,2805616500
2021-06-16,1441.3924026485236,1444.792409084101,1431.29248046875,1431.29248046875,1735503100
2021-06-17,1422.9925073754052,1429.19242590223,1413.5925324559698,1414.1925048828125,2114643000
2021-06-18,1417.992534151125,1422.292560339254,1388.692639589387,1391.0926513671875,2103404000
2021-06-21,1388.1925597252443,1398.4925537109375,1378.292710093353,1398.4925537109375,1858341000
2021-06-22,1402.8926150950138,1411.3925702028541,1394.29268492925,1409.892578125,1748724700
2021-06-23,1415.3925090992184,1419.7925101505791,1401.292608379576,1402.392578125,2100973900
2021-06-24,1405.2926315683992,1416.092501323537,1405.1925344404708,1410.7926025390625,1765543600
2021-06-25,1413.9925594905303,1414.892579168638,1391.6926280059163,1391.8927001953125,1498646600
2021-06-28,1395.192510154414,1397.5925217684307,1368.192654153467,1373.292724609375,2037697000
2021-06-29,1371.9926741791335,1374.6926109345663,1351.5927586914008,1371.692626953125,1946070000
2021-06-30,1374.892723497078,1376.6926406970204,1352.192770795546,1356.2928466796875,1849986800
2021-07-01,1358.1927048481607,1372.792724609375,1358.1927048481607,1372.792724609375,1346010600
2021-07-02,1376.8926991308974,1379.7927081164614,1367.6926748342692,1376.692626953125,1310982200
2021-07-05,1375.9926424716864,1392.592529296875,1375.6925952479348,1392.592529296875,1335786500
2021-07-06,1394.69256285442,1399.8926085496128,1382.5926513671875,1382.5926513671875,1792918700
2021-07-07,1384.59268296888,1392.7927130217022,1383.9927105429829,1390.5926513671875,1549805800
2021-07-08,1387.692548536768,1390.892604708281,1372.492678448482,1372.99267578125,1546486600
2021-07-09,1374.3927209198507,1381.692608886211,1371.4927119163754,1378.292724609375,1461975700
2021-07-12,1378.592658797684,1382.4926625127378,1355.1927585770254,1356.9927978515625,1641193500
2021-07-13,1358.2927851822833,1360.0927023148067,1341.4928261941056,1346.7928466796875,1382851100
2021-07-14,1349.1928443643176,1368.9927888971997,1349.1928443643176,1367.2928466796875,1149980200
2021-07-16,1370.2928096995383,1373.592719024239,1356.9928311339545,1363.2928466796875,999354700
2021-07-19,1357.892788695125,1357.892788695125,1348.3928393169151,1351.5927734375,498073000
2021-07-26,1355.4927636851355,1362.592701367968,1345.492817069974,1349.0927734375,1482276600
2021-07-27,1348.092834355938,1360.4927930839033,1341.8929160267885,1359.5927734375,1492338400
2021-07-28,1358.7928572648555,1367.5927374483172,1355.1927786624242,1360.7928466796875,1414616700
2021-07-29,1370.4927868338798,1393.3926907213604,1370.4927868338798,1391.5926513671875,1634795600
2021-07-30,1383.2926538594675,1392.892578125,1379.9926226730374,1392.892578125,1844733700
2021-08-02,1397.9925627545385,1405.5924979092285,1394.692531482403,1399.6925048828125,2217851800
2021-08-03,1402.292636895165,1409.3925749537964,1394.2926791795987,1408.7926025390625,2326902300
2021-08-04,1411.8925881321654,1422.2925577707397,1411.8925881321654,1413.7926025390625,1992079700
2021-08-05,1409.0925272169986,1431.79248046875,1407.5925351458563,1431.79248046875,2067903200
2021-08-06,1433.5924135567725,1440.4924015742204,1425.0924583930232,1434.79248046875,1874569400
2021-08-09,1436.8924333377286,1443.2924239407582,1431.792484694726,1432.5924072265625,1846778700
2021-08-10,1429.4924737601903,1441.7924578292266,1426.492489555027,1437.492431640625,1929244800
2021-08-11,1438.8924303497572,1439.4924027692111,1409.7926083443897,1410.892578125,2142439000
2021-08-12,1419.6923927761313,1447.5922686521697,1419.6923927761313,1444.4923095703125,2029626600
2021-08-13,1444.7923732731545,1449.292349366734,1440.092325000284,1447.59228515625,1385371700
2021-08-16,1451.2923795361532,1461.9922741648968,1451.2923795361532,1455.2923583984375,2053214400
2021-08-17,1454.0922037063187,1461.692138671875,1449.5922277579375,1461.692138671875,1876365800
2021-08-18,1465.792272453676,1467.1921673706527,1448.492315405912,1449.59228515625,2133101700
2021-08-19,1441.3923259729545,1445.692229765086,1433.8923660300568,1439.892333984375,1744778000
2021-08-20,1439.5923117741022,1449.2923333772667,1432.392398931674,1444.59228515625,1630931300
2021-08-23,1454.8923571722578,1463.0922651308483,1453.6922902543893,1459.2923583984375,1715242600
2021-08-24,1465.1921424029085,1472.4921523254939,1463.892222573043,1465.8922119140625,1664033700
2021-08-25,1465.2922948980224,1471.3922382047115,1451.892341392886,1453.2923583984375,1863153600
2021-08-26,1455.9922697510356,1463.7922771668534,1445.1922782629285,1448.4923095703125,1705162400
2021-08-27,1450.8923724836038,1458.1922607421875,1444.0923595183915,1458.1922607421875,1591599600
2021-08-31,1467.1921646765222,1474.4921747629637,1462.992235793975,1472.0921630859375,1885265000
2021-09-01,1475.5921551361714,1478.9921615306346,1468.392242122915,1474.0921630859375,1658639400
2021-09-02,1474.8922340979034,1484.9921563364942,1472.0922000594355,1479.0921630859375,1526001500
2021-09-03,1480.3921496775097,1482.0920918067832,1464.7922570729934,1468.692138671875,1772196800
2021-09-06,1469.792262286278,1478.6921174811237,1469.792262286278,1474.692138671875,1697623600
2021-09-07,1474.1921576533143,1476.2922442071692,1454.6922607421875,1454.6922607421875,1847168900
2021-09-08,1454.7923701549953,1457.2923569595855,1432.4924390301835,1433.8924560546875,1951801300
2021-09-09,1430.9924244474064,1452.6922607421875,1427.792490215712,1452.6922607421875,1692677500
2021-09-10,1455.4922197672968,1457.0921868007215,1437.5922910360619,1438.6922607421875,1509835900
2021-09-13,1439.792350378105,1447.992257705757,1433.7923824594347,1438.2923583984375,1604110300
2021-09-14,1440.6923495720448,1443.4923836262049,1428.9924601329037,1434.3924560546875,1744666800
2021-09-15,1433.8924034374525,1440.8923662334387,1420.3924751880504,1423.992431640625,1605647800
2021-09-16,1423.9923996165373,1434.69229367905,1412.7925082226986,1417.992431640625,1537059300
2021-09-17,1423.9924071131713,1427.0923661697802,1412.1924212038914,1419.3924560546875,1543991500
2021-09-20,1407.692543813447,1407.692543813447,1386.2927540766107,1391.8927001953125,1741753000
2021-09-21,1400.792644262476,1403.7926284046118,1383.392711824155,1385.5926513671875,1699234300
2021-09-22,1393.2926776629993,1407.4925537109375,1385.4926701005356,1407.4925537109375,1500384700
2021-09-23,1409.2925610967377,1417.4924687015725,1394.392615847776,1401.4925537109375,2679240200
2021-09-24,1397.392633019666,1397.392633019666,1375.992721798689,1384.692626953125,2025778000
2021-09-27,1393.1926190589463,1397.69259537641,1380.7927819732263,1391.692626953125,1675935800
2021-09-28,1391.3926599699319,1393.3926493842714,1379.0926762438773,1383.792724609375,1866974900
2021-09-29,1392.0926503150386,1396.6926016957696,1389.892710719371,1391.8927001953125,1717260700
2021-09-30,1393.5925970676813,1409.1924900583929,1386.0926367769866,1406.392578125,2070925300
2021-10-01,1398.892591938892,1407.7925690663656,1394.5925659572933,1401.4925537109375,1530063400
2021-10-04,1402.6924605600552,1407.7925309810782,1394.392578125,1394.392578125,1584796400
2021-10-05,1396.0926282108014,1396.3926754598338,1388.4926926219075,1391.692626953125,1666252300
2021-10-06,1390.692525502253,1392.3925896668661,1371.4926768488933,1371.692626953125,2269729400
2021-10-07,1385.0925921979938,1397.8925727944188,1385.0925921979938,1396.892578125,2045920900
2021-10-08,1397.9925537109375,1404.5924941428507,1393.592552733108,1397.9925537109375,1927529700
2021-10-11,1401.592485780141,1419.6923646442574,1401.592485780141,1416.29248046875,1704525000
2021-10-12,1409.392495584644,1422.992398521302,1407.9924786493275,1416.79248046875,2144789000
2021-10-13,1421.2925614485648,1432.0924313125843,1408.1925328033612,1413.4925537109375,2563662200
2021-10-14,1412.1925027735986,1422.392522217308,1407.8925986949873,1411.7926025390625,1775404100
2021-10-15,1417.4925119786258,1421.6924409640287,1397.1925703866204,1409.592529296875,2608280200
2021-10-18,1411.392489686705,1419.1923748047836,1407.8925083713766,1417.6923828125,2047698700
2021-10-19,1423.792512755488,1434.6923574068283,1423.792512755488,1429.8924560546875,1906715300
2021-10-20,1432.1923859823453,1437.8924291155147,1427.6924097523174,1432.79248046875,2208567700
2021-10-21,1433.2924751761657,1455.392333984375,1417.1924625938932,1455.392333984375,3429893000
2021-10-22,1456.0922887281286,1484.8921855186984,1453.992324228115,1479.8922119140625,2706668900
2021-10-25,1474.9921605659993,1495.0920293231693,1470.5921595374969,1492.89208984375,3060693400
2021-10-26,1501.1919372380662,1512.6918758470179,1501.1919372380662,1509.19189453125,2246666500
2021-10-27,1507.7920531704292,1520.6918871077592,1502.9920297963074,1519.2919921875,2927463700
2021-10-28,1518.891984183023,1524.691880239176,1516.491972473385,1521.991943359375,1095134000
2021-11-01,1522.2919446481708,1538.4918095773107,1516.1918794666547,1536.2918701171875,2569173400
2021-11-02,1538.7918397087,1545.8917774180159,1528.3918707762075,1533.091796875,2649191600
2021-11-03,1532.8919202471616,1546.9918212890625,1491.6920648223559,1546.9918212890625,4390871100
2021-11-04,1562.1917215085728,1577.391714676833,1562.1917215085728,1575.691650390625,3995947300
2021-11-05,1575.7916674628132,1586.591536777975,1568.791704694413,1583.591552734375,3136853600
2021-11-08,1589.3915809580249,1609.0914274767797,1589.1915087786972,1608.491455078125,3176989900
2021-11-09,1611.9914741184261,1631.491370982762,1605.3915334398152,1615.5914306640625,4438372300
2021-11-10,1618.091340612686,1627.1912676367008,1603.79149016628,1624.09130859375,3398869700
2021-11-11,1621.9913495406195,1643.7912821046032,1621.4913522072222,1625.09130859375,4057827400
2021-11-12,1631.3913949778305,1642.791359090445,1631.3913949778305,1638.4913330078125,2828953500
2021-11-15,1672.391150916778,1710.7909715862177,1672.391150916778,1702.490966796875,4669385500
2021-11-16,1715.390955739605,1724.990880574084,1681.7911577840955,1685.591064453125,4893366200
2021-11-17,1683.0910688583692,1712.890959988841,1683.0910688583692,1706.990966796875,3382413600
2021-11-18,1710.0909615766902,1759.1906783545812,1697.8910747112734,1736.890869140625,6133931600
2021-11-19,1748.6907358229064,1759.090705430623,1727.5908714302232,1737.2908935546875,3616528100
2021-11-22,1751.0907214951292,1759.1906542748816,1741.190749400024,1755.49072265625,2704386700
2021-11-23,1756.6905785441907,1791.790488928763,1746.3907067402013,1784.5904541015625,5636652900
2021-11-24,1798.9904272171188,1834.4902383156223,1798.9904272171188,1812.2904052734375,5032322400
2021-11-25,1816.3903957017494,1833.7903278785145,1805.9904264180777,1819.1903076171875,3397984700
2021-11-26,1811.090392565027,1811.090392565027,1760.7907319577619,1776.390625,3832466000
2021-11-29,1783.0904690502985,1811.8903643319627,1776.790575880327,1808.7904052734375,3044014500
2021-11-30,1807.4903681684434,1818.7903567807084,1797.1903742273644,1809.6903076171875,3357224800
2021-12-01,1823.090270483727,1857.79015900332,1823.090270483727,1857.39013671875,3828888300
2021-12-02,1864.0900510052772,1882.5899525101618,1864.0900510052772,1880.0899658203125,3626407700
2021-12-03,1896.7899891198674,1914.089824127252,1893.6899079050331,1910.389892578125,3682426400
2021-12-06,1917.289848654469,1928.0897179558972,1898.5898748980112,1927.3897705078125,3721283800
2021-12-07,1944.5896704361662,1983.9894860550226,1942.4897059787709,1980.989501953125,4351992900
2021-12-08,1989.9894572316368,2012.289387916923,1977.88954574984,2004.58935546875,5531176000
2021-12-09,2010.1893210918668,2053.4891409462607,2010.1893210918668,2031.3892822265625,4967184400
2021-12-10,2033.5892434256634,2042.889243173529,2000.5894175805088,2035.4892578125,4362181500
2021-12-13,2047.589033160271,2115.8885949215605,2047.589033160271,2101.48876953125,4768326800
2021-12-14,2124.088801730289,2157.6884765625,2124.088801730289,2157.6884765625,6273059200
2021-12-15,2190.5884728679,2195.0884489878918,2145.5887116679783,2162.28857421875,5558227600
2021-12-16,2183.1882552230963,2278.587890625,2175.488345301788,2278.587890625,5935348300
2021-12-17,2324.287798637193,2406.8872168114444,2071.2891320701583,2084.489013671875,8279014300
2021-12-20,2055.3889213581306,2149.3884191625984,1913.9897744441598,2056.388916015625,5040625000
2021-12-21,2077.188961592241,2103.588968404693,1884.689980027697,1891.989990234375,4367949500
2021-12-22,1832.4903291649543,1895.48999668877,1783.7906350021894,1804.1904296875,4583903100
2021-12-23,1835.2903691182344,1849.2902952796603,1726.2909440042747,1805.29052734375,3806386700
2021-12-24,1820.690315059511,1891.2900390625,1808.8904507531859,1891.2900390625,2530669100
2021-12-27,1898.689932964217,1942.4897506879042,1873.2901646392709,1897.0899658203125,3014802700
2021-12-28,1913.2899517890603,1916.189838829185,1830.8903622238163,1850.490234375,2584687100
2021-12-29,1847.2902935970367,1901.4899585495457,1828.5903191062869,1895.489990234375,2570994300
2021-12-30,1916.289882067645,1923.6897451518676,1860.6900793927973,1863.6900634765625,2341048300
2021-12-31,1867.6900102510924,1885.1899171065197,1845.5901522933138,1857.6900634765625,1586782500
2022-01-03,1871.2900897604172,1926.689697265625,1864.790124353448,1926.689697265625,2294101600
2022-01-04,1941.2897906879448,1978.089522989054,1925.1897781071877,1963.589599609375,3089629800
2022-01-05,1965.4895906648262,2006.7894207669015,1954.689599034019,2005.2894287109375,2388007800
2022-01-06,1993.089432173124,2021.7893535931632,1977.6894892245257,2007.58935546875,2926993600
2022-01-07,2020.2893753213086,2036.0892186060616,1994.489462798183,2033.289306640625,3497541200
2022-01-10,2049.4891129000007,2071.789043268569,2045.1890869140625,2045.1890869140625,3135730300
2022-01-11,2060.0891585269337,2068.1889690323455,2017.9892844221574,2045.9891357421875,3872105300
2022-01-12,2070.3888830175147,2074.789006082912,2055.689010083451,2064.18896484375,3254102400
2022-01-13,2057.489083705679,2086.9889271901593,2054.4890996225117,2070.68896484375,3395597800
2022-01-14,2071.388923965595,2081.0890678672536,2049.2891875787527,2072.888916015625,3212724900
2022-01-17,2088.4889994506893,2102.9889230762747,2083.58912291571,2085.7890625,3852414900
2022-01-18,2082.789004615576,2086.2889860565483,1979.78955078125,1979.78955078125,4150695000
2022-01-19,1978.7895213347863,2043.9891256337914,1959.38960013157,2042.089111328125,4919945200
2022-01-20,2056.1889849888007,2065.7890314455412,1984.3894411563651,2014.189208984375,5447906900
2022-01-21,2008.0893718381337,2021.08930319179,1986.489510310608,2011.1893310546875,3146605300
2022-01-24,2004.8893908394411,2013.089298520473,1910.2899169921875,1910.2899169921875,4236164800
2022-01-25,1927.7897651366052,1953.289629108943,1880.189921399179,1945.089599609375,2649415800
2022-01-26,1951.1895751953125,1975.2895446934779,1945.9896516754327,1951.1895751953125,2140896100
2022-01-27,1920.1897430580425,1997.6893310546875,1913.4898275042624,1997.6893310546875,2538193600
2022-01-28,2006.7894258543956,2019.3893347425026,1976.6894875326777,1983.189453125,2827846600
2022-01-31,2004.2894228786859,2009.3893714267142,1992.6893867212375,2003.1893310546875,2308574200
2022-02-01,2013.9892652747035,2034.889178290543,2008.6892446961158,2015.3892822265625,2297661700
2022-02-02,2028.8892626737038,2032.6891692758531,1994.2894706137897,2002.1893310546875,3063582100
2022-02-03,1995.6893748729524,2013.5893044250547,1949.18962130173,1957.8896484375,2542764700
2022-02-04,1969.68956063883,1974.1895369004944,1936.9897819652704,1943.789794921875,2068611600
2022-02-07,1943.1896202690652,1997.58935546875,1908.589828631766,1997.58935546875,2758457300
2022-02-08,1998.5894004445843,2019.2893641569992,1982.0894877506157,2007.08935546875,2394907100
2022-02-09,2022.4892442306705,2045.989119256342,2017.3892957666915,2042.88916015625,2515053800
2022-02-10,2048.388986394775,2054.888951756193,2029.58915982201,2038.6890869140625,2510270200
2022-02-11,2022.9891641847112,2052.489006173564,1992.289377451294,2051.089111328125,2477683500
2022-02-14,2024.9892573370087,2026.889271671406,1971.0895188635868,2001.889404296875,2989051200
2022-02-15,2008.2893439463578,2054.789096086481,2005.989307378229,2038.1890869140625,2593348500
2022-02-16,2049.8889928498916,2057.888950274178,2036.2892117121999,2041.38916015625,2123670900
2022-02-17,2049.689121294422,2059.0892181118033,2009.9893798828125,2009.9893798828125,2582485000
2022-02-18,2025.4892942823658,2032.3892822265625,2004.4894052772165,2032.3892822265625,1759402000
2022-02-21,2050.08916943081,2060.6889664430532,2015.3892811601875,2038.089111328125,2272313300
2022-02-22,2006.9893137197955,2032.7892251754486,1979.8894824277954,2017.4892578125,2679280300
2022-02-23,2034.2892091294366,2043.3891362264633,2015.9892578125,2015.9892578125,2272755900
2022-02-24,1953.189648580311,1953.189648580311,1826.790412961218,1851.3902587890625,2428056400
2022-02-25,1882.9899928479701,1964.9895570612116,1866.2901304275292,1952.3896484375,3298696000
2022-02-28,1920.1897138117947,1957.4895637783216,1912.1897564630199,1946.1895751953125,2813218200
2022-03-01,1969.0894818027054,1994.2894207479505,1946.4896266571964,1969.8895263671875,3185474100
2022-03-02,1974.1895160256674,1999.7894783659574,1961.5896070401711,1986.0894775390625,2514380700
2022-03-03,2009.2893809699983,2046.9891319837484,2009.2893809699983,2023.289306640625,2607235500
2022-03-04,2013.8892810678003,2024.0891778270402,1990.7894287109375,1990.7894287109375,2904339600
2022-03-07,1982.9894559195575,2011.5892794326542,1963.7896068383682,1997.2894287109375,3121038200
2022-03-08,1986.9895087140324,2032.089246173779,1985.989513993995,2011.389404296875,3045058300
2022-03-09,2036.2892186086885,2054.989070323426,2031.4891953099948,2042.6890869140625,3150905800
2022-03-10,2054.589166360872,2068.28904464352,2026.989215548195,2041.9891357421875,3284467800
2022-03-11,2045.689008705359,2067.688891027171,2042.8890969243785,2053.888916015625,2929252000
2022-03-14,2066.3890322707957,2092.589089760005,2066.1890821507423,2088.489013671875,2697172000
2022-03-15,2087.488970875715,2101.288946792485,2077.589120837236,2079.388916015625,2858433400
2022-03-16,2092.089093971069,2098.4889626536615,2078.189020596406,2088.7890625,2386829300
2022-03-17,2103.988925335035,2136.2888041478473,2103.988925335035,2133.5888671875,2751363800
2022-03-18,2141.0886401704997,2148.688453017679,2132.5886856558227,2144.28857421875,2219482900
2022-03-21,2160.388504759854,2176.2885673601054,2152.388546965314,2174.988525390625,2394237500
2022-03-22,2150.9884836299857,2188.788330078125,2146.2885576214658,2188.788330078125,2615868100
2022-03-23,2195.488460215402,2203.68836828745,2170.38849448797,2183.088623046875,2995233300
2022-03-24,2187.0885655728716,2199.18835528871,2171.488550172403,2176.1884765625,2710492500
2022-03-25,2179.4885042927453,2195.1883726556994,2173.5886330678527,2175.488525390625,2113966300
2022-03-28,2180.188435893256,2192.88831998712,2170.188488710791,2172.488525390625,2834935800
2022-03-29,2181.7884612598846,2220.488206895819,2181.7884612598846,2206.48828125,4036650100
2022-03-30,2212.788421507194,2233.48826390965,2212.788421507194,2230.188232421875,3579084100
2022-03-31,2236.187972747639,2244.98797443744,2220.788152894975,2233.2880859375,3140612800
2022-04-01,2238.688057347991,2255.0881167012376,2230.3880526165835,2251.68798828125,3586423400
2022-04-04,2264.488040657855,2311.3876953125,2264.488040657855,2311.3876953125,4602410700
2022-04-05,2317.4875959290657,2343.4874567679676,2303.6876209636307,2326.28759765625,4698457400
2022-04-06,2328.487729203305,2348.1875765598074,2308.2878844817174,2316.3876953125,3871056600
2022-04-07,2329.0877319619667,2350.787567924125,2329.0877319619667,2345.1875,3552944200
2022-04-08,2361.1874266575946,2394.987296200101,2360.987476546321,2393.38720703125,4827395300
2022-04-11,2402.187259508641,2450.1870059078387,2400.887217549129,2449.087158203125,6381746100
2022-04-12,2449.286942822696,2474.6867092536336,2421.487042750372,2463.786865234375,6202961500
2022-04-13,2482.68689444089,2497.786912684437,2435.0872912569575,2460.386962890625,5347242700
2022-04-14,2480.8866894578578,2485.286812507739,2461.486890434962,2475.38671875,4931704300
2022-04-15,2475.18686905518,2497.38670289417,2471.686887553649,2494.38671875,3444523700
2022-04-18,2502.6865640908445,2515.3864473299755,2490.586775298008,2510.28662109375,4574913600
2022-04-19,2523.9865466806054,2533.2865459379987,2490.986722575827,2519.1865234375,5163027000
2022-04-20,2525.886474609375,2536.486515915294,2502.3865995358447,2525.886474609375,4118388000
2022-04-21,2531.6864135136266,2562.286347543194,2531.186416187257,2556.786376953125,4768751800
2022-04-22,2550.0865002917567,2560.986344516241,2465.4868537308835,2472.48681640625,4807992100
2022-04-25,2471.286925242128,2498.786779206192,2427.587206134371,2482.5869140625,4142991500
2022-04-26,2498.0867312217865,2510.286617116114,2402.287194985241,2418.287109375,4188031800
2022-04-27,2422.8871133248376,2453.8869496946413,2398.8872400062796,2451.386962890625,3498374600
2022-04-28,2460.2869393986916,2477.8866991354957,2427.8869655548183,2428.386962890625,3187487100
2022-04-29,2433.2870950016395,2442.7870444277896,2404.6871495998157,2430.587158203125,2974407500
2022-05-05,2460.7868946345957,2491.586778821224,2460.086947204306,2466.286865234375,3101306800
2022-05-06,2460.886951312895,2470.5870955759683,2433.2872430476127,2458.68701171875,2943399300
2022-05-09,2461.886739068085,2480.5868343944617,2441.587042919492,2465.686767578125,3003128600
2022-05-10,2478.486878348024,2494.586890767285,2478.486878348024,2490.186767578125,3126942600
2022-05-11,2498.1867781238893,2500.886715058879,2428.787241726926,2453.886962890625,3155532400
2022-05-12,2428.987102921764,2430.0871947369083,2361.787508556405,2390.9873046875,3505163200
2022-05-13,2415.987077662293,2426.8869217062834,2397.2872265099063,2419.18701171875,2485823900
2022-05-16,2419.0872520685466,2424.4871257384443,2390.787353515625,2390.787353515625,2773491600
2022-05-17,2401.1872219322167,2416.787236889239,2380.087480271122,2394.787353515625,2865110400
2022-05-18,2390.7873683666835,2411.587306874325,2382.087463338105,2393.58740234375,2909913400
2022-05-20,2389.787260403036,2407.2871667561053,2372.38720703125,2372.38720703125,3083541800
2022-05-23,2392.287292728348,2397.8871163847207,2346.087587901486,2380.88720703125,3533172700
2022-05-24,2392.087310936978,2399.287223622272,2372.7873652752323,2374.9873046875,2748134500
2022-05-25,2386.6871797435247,2423.787078874091,2383.887145898692,2418.087158203125,2926991700
2022-05-26,2422.7872572061897,2455.686985848807,2421.187167997952,2450.787109375,3022204200
2022-05-27,2454.386880123047,2469.9868950104237,2434.187036125322,2438.787109375,3414820900
2022-05-30,2466.8867950007384,2539.0866066930016,2466.686844891261,2527.1865234375,3649923900
2022-05-31,2538.886517838946,2553.4865385267904,2527.686625710675,2547.086669921875,4558931000
2022-06-01,2554.2864541261956,2585.7862864743524,2554.2864541261956,2568.786376953125,3524793100
2022-06-02,2578.6861576496326,2603.2861237194243,2565.0863768799204,2601.586181640625,3270128600
2022-06-03,2611.1859821953485,2623.185917999683,2591.486136411096,2601.2861328125,2947918200
2022-06-06,2619.786040000412,2654.3857085006243,2619.786040000412,2648.0859375,4270946400
2022-06-07,2651.1857749743635,2656.185748238927,2619.485993304894,2648.185791015625,3767018100
2022-06-08,2658.586045153773,2684.785857841158,2532.686564136958,2540.386474609375,3906278400
2022-06-09,2546.2865114604715,2575.2863572823876,2511.3865505222243,2571.58642578125,3329038000
2022-06-10,2553.486517353462,2597.886185262832,2527.586751762886,2543.086669921875,3325290000
2022-06-13,2540.286459539666,2552.186298225107,2505.986594199022,2510.086669921875,2672736000
2022-06-14,2526.6864281709145,2533.386343484378,2489.786723316943,2508.886474609375,2474740900
2022-06-15,2514.086760108543,2533.786606770244,2501.786776533384,2531.086669921875,2613312700
2022-06-16,2535.7865978910568,2544.0866026922745,2469.1868535093968,2485.38671875,2792619400
2022-06-17,2491.486793826412,2533.28662109375,2485.7868728670774,2533.28662109375,2651804000
2022-06-20,2548.986520441249,2555.0865858391135,2511.2867686333234,2539.1865234375,2620212300
2022-06-21,2557.0865255633025,2582.1862458586656,2550.786510173387,2575.88623046875,2721684000
2022-06-22,2572.1862904503037,2586.886163552066,2552.086543683185,2574.286376953125,2424694900
2022-06-23,2576.0864962137766,2588.686283203965,2533.8865237123114,2543.1865234375,2624314200
2022-06-24,2554.786617413879,2570.586583176012,2525.1866753749637,2554.086669921875,2511887500
2022-06-27,2539.1864708801695,2548.6864204458698,2482.986818066734,2529.28662109375,2184404000
2022-06-28,2545.3864265109246,2561.086538703594,2471.48691540736,2490.186767578125,2781960000
2022-06-29,2492.586923494228,2494.2868656813357,2401.9873046875,2401.9873046875,2696174500
2022-06-30,2400.78737779291,2427.5872851747017,2367.787551961584,2405.38720703125,2941576100
2022-07-01,2408.5873445801235,2452.787061721724,2399.4872951071475,2443.787109375,2054072300
2022-07-04,2458.686977786911,2475.4869379692045,2405.5874044538436,2405.9873046875,2180474200
2022-07-05,2417.787104566939,2426.4870091615794,2359.087467659058,2371.287353515625,2531245300
2022-07-06,2389.087503032486,2411.087387055042,2370.087603194824,2408.187255859375,2262972700
2022-07-07,2412.3870333075533,2428.5871421995143,2403.4871784406605,2425.587158203125,1827890200
2022-07-08,2425.4871057339546,2439.7870785412038,2422.787168915363,2433.987060546875,609358100
2022-07-13,2435.4871602373905,2440.9871312418272,2387.8873135250756,2408.08740234375,1915980100
2022-07-14,2407.2872208279346,2421.187049102002,2374.987344120037,2382.38720703125,2251938700
2022-07-18,2401.887223654655,2451.287109375,2401.887223654655,2451.287109375,2153332200
2022-07-19,2449.386995911598,2501.98681640625,2447.9871009442445,2501.98681640625,3003006300
2022-07-20,2514.1865819299287,2527.4865600351304,2499.086808707677,2525.1865234375,2648672100
2022-07-21,2528.4864808363113,2535.8863436149077,2505.1865565868593,2511.386474609375,2872792000
2022-07-22,2524.4865301143946,2542.686384177432,2497.7867214045073,2516.586669921875,2913024600
2022-07-25,2520.7867670414003,2553.086645684524,2520.7867670414003,2548.486572265625,2931341800
2022-07-26,2558.186411765427,2565.586519084141,2535.2866306206024,2537.086669921875,3519164000
2022-07-27,2550.886438720075,2553.7865698975065,2531.6865888853467,2544.086669921875,2739557300
2022-07-28,2567.1863972543783,2574.38631041303,2537.1865556438815,2543.28662109375,3160271500
2022-07-29,2547.9865622825137,2593.586419451625,2538.4866123838933,2592.38623046875,2731198300
2022-08-01,2600.286187195662,2656.7858860064844,2600.286187195662,2656.285888671875,3034963600
2022-08-02,2661.9857628287705,2681.385561416047,2639.0859829605392,2647.5859375,3543233000
2022-08-03,2664.785992584852,2684.48583984375,2664.785992584852,2684.48583984375,3469885100
2022-08-04,2701.0858128787804,2733.4855438755317,2701.0858128787804,2723.685546875,3982537300
2022-08-05,2729.8853636169365,2762.985284990797,2707.1855333390135,2750.4853515625,5415724300
2022-08-08,2759.3851999799035,2802.7851152238754,2759.3851999799035,2795.085205078125,4664390900
2022-08-09,2795.384955226069,2807.18494095885,2762.285278696715,2785.18505859375,4149059200
2022-08-10,2779.685321225148,2829.585205078125,2764.3853529233043,2829.585205078125,4691920200
2022-08-11,2846.785026093101,2877.584912387516,2834.5851393011017,2868.384765625,4844400500
2022-08-12,2871.7848724747737,2896.684643232163,2840.984986413003,2864.284912109375,4547335700
2022-08-15,2875.384669206287,2885.2847632422036,2844.5850276883198,2857.184814453125,3581812800
2022-08-16,2862.1848400970753,2913.28466796875,2773.0854569869334,2913.28466796875,5573685100
2022-08-17,2928.684355215038,2983.184064990822,2919.784500265181,2979.984130859375,6197593400
2022-08-18,2979.084202597394,3033.783861916389,2924.7844434884605,3019.98388671875,6983716300
2022-08-19,3025.1838112147734,3051.783766954971,2999.483997156516,3020.183837890625,5087293100
2022-08-22,3017.7839301575837,3083.2835803090506,3010.6838704243683,3062.483642578125,5529636900
2022-08-23,3070.183622446462,3131.5834423768183,3070.183622446462,3121.4833984375,5847637200
2022-08-24,3133.1834540535465,3148.7834695711967,3056.7839539752918,3060.283935546875,5583312800
2022-08-25,3076.0838173491748,3145.883252620135,3074.783775401578,3136.783447265625,6171108100
2022-08-26,3149.3832833686083,3188.083274465193,3104.8835181893414,3146.08349609375,7918231300
2022-08-29,3145.1832108544513,3173.9831063944016,3110.583541496444,3164.983154296875,5179466500
2022-08-31,3178.2831654086344,3198.9830066204822,3159.983213792036,3171.18310546875,5650411500
2022-09-01,3168.3831650192133,3182.9831855492857,3125.48348929761,3142.683349609375,6456240300
2022-09-02,3166.4832081822524,3228.8827796219166,3159.78329253994,3222.682861328125,6328387400
2022-09-05,3247.8826664765315,3367.282179331444,3247.8826664765315,3358.382080078125,7199086300
2022-09-06,3381.6819364384633,3448.8815296278963,3298.582525606024,3391.3818359375,9055035100
2022-09-07,3401.7819877311517,3424.381721257906,3338.082374759929,3402.781982421875,7007008800
2022-09-08,3428.281786754893,3505.681276800225,3419.981782139963,3437.381591796875,7521136300
2022-09-09,3465.08159938199,3545.880972723525,3452.181521764442,3521.381103515625,6467120100
2022-09-12,3557.6811476672715,3650.0808057893323,3543.8811717765175,3649.1806640625,7363322300
2022-09-13,3684.1805282955374,3715.2804619939784,3426.8818359375,3426.8818359375,8391999700
2022-09-14,3419.081935314327,3446.981689453125,3277.3824927166715,3446.981689453125,4599603300
2022-09-15,3456.381585649219,3494.3813842736804,3355.182170771941,3363.082275390625,5313813100
2022-09-16,3349.5824215653447,3398.58216298867,3317.482493303717,3377.2822265625,5524003000
2022-09-19,3382.981930007374,3393.6818240264147,3199.48291015625,3199.48291015625,4208800900
2022-09-20,3221.083061958687,3280.3825530224226,3149.6832930941514,3277.482666015625,5632164100
2022-09-21,3269.4825394475747,3295.682350700312,3224.982777096935,3245.78271484375,4475482600
2022-09-22,3247.2827267496114,3319.982290118006,3236.982732865056,3295.282470703125,4658942200
2022-09-23,3303.482550336519,3330.3823105902907,3275.582795364922,3281.582763671875,3465169500
2022-09-26,3282.582644573723,3309.9824012363842,3222.1828192276867,3260.1826171875,4074039500
2022-09-27,3270.482640006675,3319.0824796909415,3256.4827143194425,3265.582763671875,6151073800
2022-09-28,3257.982839315359,3283.8826052379745,3198.18310546875,3198.18310546875,3757115200
2022-09-29,3218.8829209431433,3240.782951892655,3048.68386766609,3146.88330078125,4524171700
2022-09-30,3151.2833551598605,3180.0832514228687,3129.683371927772,3179.983154296875,3497637300
2022-10-03,3195.78302792063,3392.08203125,3195.78302792063,3392.08203125,4434928300
2022-10-04,3435.5819057196877,3480.8814705389987,3400.381896796669,3457.981689453125,5259512100
2022-10-05,3486.6813842364445,3508.4813169776953,3425.381661835619,3484.38134765625,4626678400
2022-10-06,3519.8812833631655,3565.4811398116094,3507.7814938513316,3553.881103515625,4330068800
2022-10-07,3563.8808791257293,3589.1807929084384,3546.081169449193,3567.5810546875,3741658300
2022-10-10,3574.0810966857116,3601.8807535812484,3564.78109729939,3581.98095703125,3453938700
2022-10-11,3590.2809061554394,3605.9807736187045,3563.1809529908173,3571.5810546875,3952792800
2022-10-12,3576.781182944267,3591.3809594527524,3510.881384051173,3517.781494140625,3562425800
2022-10-13,3529.781374852142,3577.7811209140054,3521.581467061107,3553.381103515625,3366837700
2022-10-14,3584.880839107876,3640.5807382263424,3584.880839107876,3626.980712890625,3475597600
2022-10-17,3641.3804935838634,3854.0795551985743,3641.3804935838634,3847.57958984375,5872901000
2022-10-18,3877.8794471976685,3927.1792359779,3805.4799267489175,3841.579833984375,6345757900
2022-10-19,3851.3795472717024,3916.879201096999,3844.479681394695,3880.279541015625,6032411700
2022-10-20,3889.7793559238467,3942.479026743253,3877.7794197612798,3900.879150390625,6564856700
2022-10-21,3905.2794514099523,3952.179106393221,3888.3793940606965,3934.579345703125,4590710500
2022-10-24,3946.0792673136734,4008.7788875102997,3939.6791546138556,3977.47900390625,4155465300
2022-10-25,3983.378861881412,4011.0789108804784,3928.1792022776754,3974.97900390625,5490367800
2022-10-26,3989.6788848515184,4015.5788945785457,3958.77914566471,3976.37890625,4121101000
2022-10-27,3977.979018612395,3990.079052448424,3906.279445611578,3934.479248046875,4149961700
2022-10-28,3929.479225199995,3929.7792724417973,3877.5795972448673,3878.9794921875,1623829100
2022-10-31,3884.579599684943,3982.2790353209207,3880.8794238973605,3978.97900390625,3727242300
2022-11-01,3987.378774567143,4100.178469848314,3987.378774567143,4054.678466796875,4480582500
2022-11-02,4059.178533805033,4098.578472404258,4040.078781065072,4071.87841796875,4348934400
2022-11-03,4078.178124625621,4116.477968471696,4055.878195147467,4105.47802734375,3875210400
2022-11-04,4131.078094245982,4233.577548301924,4131.078094245982,4216.9775390625,4863882700
2022-11-07,4230.077686711794,4338.876914981166,4230.077686711794,4331.67724609375,6205301000
2022-11-08,4336.377078915453,4412.176972930557,4297.477381310461,4360.27685546875,6696793100
2022-11-09,4369.677200310057,4426.576803225165,4332.977198127759,4360.97705078125,5651985600
2022-11-10,4367.776410758466,4498.2757118006675,4364.176820662969,4467.076171875,5621349600
2022-11-11,4541.376012979995,4552.375955116118,4428.376607399813,4455.4765625,5428750600
2022-11-14,4451.876120242789,4571.175775907988,4449.776033805284,4570.17578125,5476788500
2022-11-15,4632.175425580574,4686.575037032104,4534.675946941646,4656.97509765625,7228350200
2022-11-16,4702.274722051503,4783.9744815652775,4650.475193670427,4668.47509765625,7850253200
2022-11-17,4686.475122433225,4686.475122433225,4446.576493561328,4507.17626953125,5821944300
2022-11-18,4465.576494818316,4555.5760191251575,4456.576542387632,4526.67626953125,4802740600
2022-11-21,4503.076042567541,4570.275390625,4463.476156450862,4570.275390625,5158394700
2022-11-22,4566.775550102073,4780.6748046875,4566.775550102073,4780.6748046875,6382803400
2022-11-23,4803.874291600434,4864.773869272189,4727.774599652069,4854.17431640625,6513005600
2022-11-24,4880.474002306023,4939.673882267932,4794.174657324683,4858.17431640625,7264528500
2022-11-25,4857.074310067651,4891.373932648701,4807.57457287583,4874.27392578125,5819258800
2022-11-28,4906.374111748597,4970.373775331239,4854.274287957615,4923.17431640625,6204823300
2022-11-29,4942.773542172795,4988.173691572482,4817.274208990332,4962.4736328125,5434243800
2022-11-30,4925.473908795508,4988.67376932591,4922.8738249124135,4977.57373046875,5479948500
2022-12-01,5046.2729486886365,5091.6730976964345,5001.673576669145,5046.17333984375,5540902800
2022-12-02,5054.473146695705,5054.473146695705,4912.773704201181,4962.9736328125,4834622100
2022-12-05,4993.673637195078,5010.573449659666,4883.674222210759,4957.7734375,5491225600
2022-12-06,4946.574012592008,5032.573559085462,4910.273911046753,5000.07373046875,5371669700
2022-12-07,5001.973688853066,5014.573720231223,4773.374793661982,4826.974609375,5447953400
2022-12-08,4823.27409951936,4859.273907661899,4711.37479353203,4855.8740234375,4738327300
2022-12-09,4875.174513470719,5015.17377597119,4871.274143392407,5005.2734375,4459088100
2022-12-12,5057.473371262815,5222.572599634416,5057.473371262815,5193.2724609375,6912076100
2022-12-13,5212.57249649126,5299.271744440119,5179.772377202877,5256.17236328125,6523443000
2022-12-14,5274.871942231348,5302.071993366606,5041.673471297491,5066.47314453125,8355647600
2022-12-15,5174.372634477836,5247.772150021428,5050.373287928562,5188.7724609375,6520482200
2022-12-16,5211.771986000339,5258.971929375405,5154.57258428027,5214.27197265625,6291498000
2022-12-19,5270.571937159991,5403.971126756163,5267.672050310242,5391.87109375,7195195300
2022-12-20,5408.771050320228,5445.870950744214,5344.271393216389,5418.97119140625,6991291700
2022-12-21,5449.270888907449,5491.070960070074,5412.671473742035,5429.0712890625,5943969000
2022-12-22,5462.171307388288,5515.671024442975,5398.3713518399845,5447.17138671875,4755889800
2022-12-23,5415.371301833857,5457.171374041497,5370.771439725407,5454.77099609375,4070433500
2022-12-26,5516.870537338761,5549.370364349822,5480.470828742104,5504.07080078125,3819828400
2022-12-27,5512.870678147656,5513.570869748381,5428.471223212591,5434.47119140625,4017121300
2022-12-28,5443.770964125385,5450.270929689208,5258.472141132789,5345.57177734375,4132793700
2022-12-29,5347.671589548846,5476.87060546875,5331.771283977758,5476.87060546875,3544419500
2022-12-30,5510.7704993060825,5562.970417027908,5489.171004793682,5509.1708984375,4321634100
2023-01-02,5568.370124632084,5661.469724423972,5568.370124632084,5661.06982421875,4834734400
2023-01-03,5697.569936652053,5704.7696055706965,5610.37020294539,5626.5703125,5459192700
2023-01-04,5646.570147853184,5651.670218458303,5478.7707449042055,5523.470703125,4992602800
2023-01-05,5555.970306880248,5566.9702480925735,5116.37255859375,5116.37255859375,4510533000
2023-01-06,5120.972851306568,5420.371166398578,4961.27350263567,5341.9716796875,5331359700
2023-01-09,5401.571534515142,5416.67155232353,5123.673101679312,5170.97265625,4317306200
2023-01-10,5168.572775794204,5187.372481103602,4947.373749773409,4987.9736328125,3964871800
2023-01-11,5005.573738211796,5091.27299394917,4728.875,4728.875,3954341800
2023-01-12,4849.574372846857,4977.273402492228,4601.2753969924215,4970.673828125,5008515200
2023-01-13,4952.373707062127,5073.272969916528,4925.574044129826,4984.87353515625,3864299600
2023-01-16,5013.173402766987,5207.67236328125,4981.373279751713,5207.67236328125,4090424900
2023-01-17,5223.472167233802,5338.871454683611,5194.372224633781,5314.9716796875,5127613000
2023-01-18,5337.172122214933,5424.171664604312,5310.672261602075,5384.171875,4787154800
2023-01-19,5371.271267582755,5452.770834582528,5348.671778276908,5422.37109375,3950727200
2023-01-20,5443.970950186115,5507.670805587002,5426.571140690257,5490.2705078125,4789491200
2023-01-23,5513.970607174005,5568.970313992027,5351.571570516158,5404.37109375,4639095500
2023-01-24,5396.971518731657,5438.671493982187,5244.172520405513,5366.4716796875,4071939800
2023-01-25,5403.671308890998,5419.270834875567,5103.27252410866,5297.771484375,3918847000
2023-01-26,5291.871746288798,5315.871618594523,5200.472330246891,5230.97216796875,3376747600
2023-01-27,5198.2724267038275,5228.972460327029,5020.473558437913,5191.7724609375,3594118700
2023-01-30,5201.072689931726,5232.572523939281,5096.27294921875,5096.27294921875,2997771600
2023-01-31,5076.873003744502,5111.673112333187,4955.473744605736,4976.57373046875,3697029600
2023-02-01,4998.773394488142,5014.873407082616,4713.375,4713.375,3202000600
2023-02-02,4720.174975660937,4870.674171551492,4479.676260633173,4752.1748046875,5014254000
2023-02-03,4754.575012529427,4997.57373046875,4727.175254746736,4997.57373046875,4136725400
2023-02-06,4879.473903962048,4991.673499217051,4748.274410320882,4930.173828125,818423900
2023-02-07,4903.873859762474,4903.873859762474,4484.676378927244,4505.27587890625,2246091000
2023-02-08,4185.977769887764,4505.27587890625,4185.977769887764,4505.27587890625,0
2023-02-15,4769.174793757955,4950.973630149417,4769.174793757955,4950.4736328125,1366156900
2023-02-16,5311.371941102209,5320.371893722765,4943.473975524325,5008.57373046875,3220661600
2023-02-17,4937.673815854705,5081.772655383539,4897.373738188593,5026.77294921875,2361027300
2023-02-20,5051.573270626634,5173.37242848404,5014.373272869507,5148.87255859375,2795290300
2023-02-21,5150.172847312876,5264.771848154236,5136.372627624852,5149.37255859375,3373251500
2023-02-22,5163.272462565163,5174.872498793391,5047.473271092573,5071.373046875,3000149400
2023-02-23,5057.373198942425,5117.772782370752,5044.173561606489,5086.17333984375,3086219900
2023-02-24,5088.47298686289,5114.472848837625,5054.173364261531,5058.77294921875,3666107600
2023-02-27,5076.373195180084,5204.072718656227,4980.073897130102,5197.37255859375,3780474500
2023-02-28,5229.272015169808,5265.672212356042,5180.272275565352,5237.27197265625,3651685800
2023-03-01,5258.672215522654,5350.671726021338,5253.871948094662,5322.671875,3389485300
2023-03-02,5319.172057526205,5352.071785834313,5256.771996990089,5261.3720703125,3636998900
2023-03-03,5244.672190811221,5298.371611108538,5054.372913966291,5212.3720703125,3747489600
2023-03-06,5244.1721779472855,5428.270803762201,5221.872004118811,5392.27099609375,4322046300
2023-03-07,5438.571478979366,5497.77087449345,5377.371605710881,5381.87158203125,4190369200
2023-03-08,5378.871408936702,5442.171366587627,5341.171901610432,5438.37109375,4276210500
2023-03-09,5457.871031862428,5503.070988080877,5431.571366292177,5446.17138671875,4641697900
2023-03-10,5396.671811359517,5453.87121754882,5375.87162778994,5384.57177734375,3768780400
2023-03-13,5414.871094173521,5429.27091990739,5282.971893559241,5323.171875,3348659800
2023-03-14,5331.371407020981,5347.871318831606,5207.27197265625,5207.27197265625,3220818500
2023-03-15,5224.372009755085,5239.472026793308,5065.272761519565,5121.57275390625,3407563700
2023-03-16,5155.47256233088,5230.672357426509,5129.772503795309,5229.572265625,2408700100
2023-03-17,5277.672099346948,5291.871730785712,5136.37255859375,5136.37255859375,2931813200
2023-03-20,5119.572966824032,5137.0728740844515,4971.073753785612,4975.4736328125,2834484500
2023-03-21,4986.273505420673,5019.873425859755,4890.3741088822735,4906.57421875,2716626700
2023-03-22,4931.674194020543,5001.07373046875,4890.874116162259,5001.07373046875,2306010900
2023-03-23,4997.173683626668,5061.97314453125,4983.673755248325,5061.97314453125,2354594200
2023-03-24,5078.572993485698,5117.3725911010715,5000.173509557316,5031.97314453125,2101903200
2023-03-27,5064.773084024144,5073.9732307986305,4997.7734375,4997.7734375,1988283700
2023-03-28,5003.673790433508,5004.973588261847,4811.474609375,4811.474609375,2297360400
2023-03-29,4803.074477767139,4945.973617878252,4752.874550224082,4943.173828125,2403997700
2023-03-30,4926.37386328436,5000.173766173082,4880.774006652728,4896.07421875,2595119500
2023-03-31,4876.174470744548,4881.774050578609,4790.674921802845,4812.87451171875,2575164900
2023-04-03,4806.374200438084,4851.6742511665125,4680.474971335737,4839.47412109375,2497155100
2023-04-04,4842.374284787185,4988.573706662578,4830.5745425237255,4984.07373046875,2271301900
2023-04-05,4996.973715543589,5028.773352962612,4919.8740234375,4919.8740234375,2212695500
2023-04-06,4920.273886273881,4970.273622891418,4890.57433569027,4912.77392578125,1665310900
2023-04-07,4921.273455170358,4955.47346736891,4899.473767202901,4924.57373046875,1781919500
2023-04-10,4955.973863341078,5102.372993609704,4955.973863341078,5092.27294921875,2459728800
2023-04-11,5110.772532974781,5143.472553795936,5082.072979087891,5124.2724609375,3053840200
2023-04-12,5127.972752424683,5198.372280699275,5121.072886743493,5146.07275390625,2902601800
2023-04-13,5164.872402591234,5195.472337321749,5131.872578294898,5135.57275390625,2602989700
2023-04-14,5143.372780582476,5176.572800826385,5092.873046875,5092.873046875,2067327000
2023-04-17,5111.972865328122,5138.072824444156,5057.473154615997,5059.373046875,1914352500
2023-04-18,5076.173032156621,5105.072779854667,5011.873083263915,5018.67333984375,1915472700
2023-04-19,5026.373231530446,5093.07307292195,4975.473599269025,5061.17333984375,2115440800
2023-04-20,5037.373403117264,5037.473500246951,4997.473710666826,5012.2734375,1049019200
2023-04-24,5022.47314613422,5076.372760290664,5010.273016052662,5022.77294921875,1676860000
2023-04-25,5034.07346158909,5042.073419260067,4880.9741740050285,4890.97412109375,2030580100
2023-04-26,4885.8739681842,4901.373885910825,4749.074889624544,4783.474609375,1919644400
2023-04-27,4777.47467352003,4831.374290129652,4750.474816652412,4789.57470703125,1899706600
2023-04-28,4799.474625848233,4808.474578266741,4578.075894008644,4617.87548828125,1768195800
2023-05-02,4628.3753277401365,4660.275060710567,4498.976112448365,4506.17626953125,1761788500
2023-05-03,4517.375809093219,4534.475815547241,4311.3769077804545,4485.97607421875,2062108400
2023-05-04,4470.176345291461,4577.675771742817,4447.476271092136,4484.3759765625,1730186400
2023-05-05,4481.376035588871,4496.076152612004,4378.27648701657,4400.7763671875,1416981300
2023-05-08,4433.276078858168,4577.675696691078,4374.076688647843,4561.87548828125,2270213000
2023-05-09,4547.176211512737,4622.075718803666,4513.275999692308,4536.17626953125,2910741500
2023-05-10,4544.47580805142,4554.875655032885,4485.775925220405,4494.47607421875,2311022500
2023-05-11,4492.176215686322,4871.773798736507,4492.176215686322,4847.97412109375,4353882300
2023-05-12,4897.273875606608,4982.873520047425,4758.074905577504,4795.57470703125,3655138700
2023-05-15,4489.576233534422,4699.975017513775,4475.476210826149,4501.17626953125,2379215000
2023-05-16,4405.97656309676,4589.67578125,4405.97656309676,4589.67578125,4032864300
2023-05-17,4605.575494993702,4680.874897437055,4599.775233009546,4661.67529296875,2914998400
2023-05-18,4681.67531286145,4699.975020288559,4489.0762388424055,4501.67626953125,2637205400
2023-05-22,4532.575816165568,4556.775393557107,4415.676540063671,4466.17626953125,2316840400
2023-05-23,4467.275898707203,4499.275727464752,4436.476258839518,4470.97607421875,1929211000
2023-05-24,4476.876189413791,4524.076134719601,4416.176803892499,4424.87646484375,1934570100
2023-05-25,4440.376399210798,4471.476332253557,4404.076786658951,4427.9765625,1806193900
2023-05-26,4442.176519422662,4605.275259514826,4436.876254703236,4580.67578125,2576307800
2023-05-29,4696.175190184025,4799.974442184812,4622.275193044969,4768.57470703125,3189578800
2023-05-30,4840.374126253287,4972.773323541272,4830.774079719463,4951.37353515625,4367012700
2023-05-31,4956.273558269411,4982.473614837019,4867.97422117945,4886.8740234375,3946536500
2023-06-01,4928.573896332003,5007.073479011889,4928.573896332003,4959.7734375,2595881600
2023-06-02,5102.572820193607,5146.672682099701,5051.372898586941,5114.97265625,3855620400
2023-06-05,5233.172610325525,5374.571767329078,5204.472566296081,5372.671875,3985495300
2023-06-06,5372.3711814240905,5439.870820568214,5314.471588613971,5388.77099609375,3470806600
2023-06-07,5515.870844114541,5608.770257053715,5515.870844114541,5561.1708984375,5135817600
2023-06-08,5549.770529968171,5593.570591894121,5458.771009985388,5553.970703125,3575038400
2023-06-09,5603.4703365994765,5639.170342924881,5534.970699219792,5626.47021484375,3366808700
2023-06-12,5673.769567612225,5730.169657665665,5588.97021484375,5588.97021484375,3335117200
2023-06-13,5568.070551482706,5595.17050533691,5392.7711887150635,5429.0712890625,3280041000
2023-06-14,5437.071374260588,5490.870894731676,5321.9718846611295,5360.771484375,3562526600
2023-06-15,5397.771028658722,5495.470703125,5378.271132614515,5495.470703125,2789147400
2023-06-16,5518.470965167636,5566.070812382488,5466.971236127836,5475.47119140625,2959480100
2023-06-19,5485.471026016154,5485.471026016154,5269.072266679837,5269.27197265625,2641341700
2023-06-20,5264.972096952965,5315.471829316902,5200.272244533646,5251.572265625,2773703400
2023-06-21,5280.472162281693,5329.371806835138,5169.572844579595,5186.7724609375,2280250300
2023-06-22,5200.17259726887,5434.5712556261415,5152.772458203041,5428.27099609375,3804924300
2023-06-23,5509.770408998271,5593.970155088864,5478.870671510587,5582.77001953125,3404649500
2023-06-26,5644.2699991161,5749.669833158534,5632.070356507233,5732.86962890625,2815649300
2023-06-27,5725.069517545463,5766.56929587692,5692.86949422743,5759.0693359375,1229126700
2023-07-03,5867.169238443184,6018.268050577472,5867.169238443184,6015.26806640625,3725885300
2023-07-04,6049.66821491819,6076.668072188696,5980.068485187373,6003.8681640625,4768264400
2023-07-05,6026.068296959053,6121.5677929902295,5889.8688203968395,6106.767578125,4054640000
2023-07-06,6135.267120743048,6207.866831644349,6124.1675704978425,6141.0673828125,4105306400
2023-07-07,6139.767339948269,6223.266898434569,6117.067752943745,6187.0673828125,3663437400
2023-07-10,6264.266633863838,6290.266496188209,6228.167215644085,6270.36669921875,4124593200
2023-07-11,6371.166459956393,6386.765986731826,6234.466988468232,6362.8662109375,5496917600
2023-07-12,6360.666405096165,6410.566042354556,6287.3665015236575,6342.06640625,5762002600
2023-07-13,6354.86628235795,6436.765751418155,6315.366491328895,6368.3662109375,5232799800
2023-07-14,6415.4659381800175,6445.965776246339,6353.866167577222,6437.666015625,3424924800
2023-07-17,6501.765174144452,6603.964825107946,6476.565601334429,6600.46484375,4366785400
2023-07-18,6636.665065734741,6662.164930757386,6362.666516079645,6364.96630859375,5162380200
2023-07-19,6370.266197127182,6572.265131443087,6299.566863083819,6571.26513671875,4212504700
2023-07-20,6633.364517595443,6700.364160195291,6518.865128376301,6682.064453125,5594317800
2023-07-21,6688.064451524503,6724.364062741869,6617.664924397056,6687.76416015625,4725626500
2023-07-24,6729.964169662617,6807.963754392734,6626.264526447143,6695.064453125,5181916900
2023-07-25,6721.464223658687,6724.46420769067,6538.265003460777,6604.96484375,4848903300
2023-07-26,6606.1652785858705,6744.364255169776,6583.465203254069,6743.8642578125,4650554600
2023-07-27,6799.364068350914,6856.06396484375,6766.264145137802,6856.06396484375,5262101300
2023-07-28,6925.3630595873765,7096.962244340302,6911.963228530389,7067.26220703125,6446540500
2023-07-31,7143.062401707259,7256.561802739002,7117.062538915846,7216.9619140625,6521695800
2023-08-01,7209.561793355669,7296.561331128346,7113.262012026305,7168.4619140625,5805074100
2023-08-02,7180.0619400821215,7336.061111043322,7174.561969311053,7258.46142578125,5354725100
2023-08-03,7295.961521152115,7365.561251739893,7200.761827922103,7221.4619140625,5118646400
2023-08-04,7256.561795229748,7427.060895281614,7205.361870166634,7400.56103515625,4299741900
2023-08-07,7434.4606377050695,7493.860225553362,7398.960825661417,7470.060546875,3822805700
2023-08-08,7495.66019898335,7504.359859593807,7359.460730421881,7412.16064453125,4507561100
2023-08-09,7423.060517285808,7644.55933623585,7366.960718758307,7600.65966796875,5888600900
2023-08-10,7652.359230651944,7766.058821659995,7398.460677759178,7441.46044921875,7271931300
2023-08-11,7453.360274393522,7720.958949283855,7397.560766380279,7714.35888671875,5205759600
2023-08-14,7794.958679039353,7868.658483670279,7681.259086446712,7737.35888671875,5476968800
2023-08-15,7763.658790904128,7794.858331544949,7550.259538359773,7690.7587890625,4977818400
2023-08-16,7685.259155692427,7734.3589936490325,7588.859763225879,7662.25927734375,5200431800
2023-08-17,7675.0595542822475,7798.558901899005,7633.059776145375,7764.458984375,4725467900
2023-08-18,7803.658608679732,7815.758153574807,7423.960436824335,7513.259765625,4980347200
2023-08-21,7446.360263179013,7820.058469186103,7411.460546616713,7796.65869140625,5512184500
2023-08-22,7856.15873159739,7902.958289283321,7691.259211289165,7771.2587890625,5027274400
2023-08-23,7820.358211776946,7831.958247593053,7602.15966796875,7602.15966796875,5849648800
2023-08-24,7648.25942824942,7872.758243082705,7476.2603362613345,7491.8603515625,8173460100
2023-08-25,7545.160091240302,7747.55891779281,7407.860528046869,7716.6591796875,4832637800
2023-08-28,7837.058658547663,8008.757457707033,7837.058658547663,7941.658203125,5487016200
2023-08-29,7963.3576111652255,8013.457442755198,7865.558325862543,7907.05810546875,4693866900
2023-08-31,7964.457760671205,8005.757346327249,7880.558303286405,7917.85791015625,4424045500
2023-09-01,7966.65770339397,8060.856907993074,7930.057800951338,8056.05712890625,4229228600
2023-09-04,8141.2568359375,8238.85690675146,8125.957112000433,8141.2568359375,5212121500
2023-09-05,8161.056552518242,8236.0556640625,8090.15702847472,8236.0556640625,5547198400
2023-09-06,8291.555568613943,8298.455922587578,8127.8567310723,8181.65673828125,5981494100
2023-09-07,8218.456682953054,8357.955947693816,8218.456682953054,8337.65625,5098904900
2023-09-08,8371.2556165628,8398.356059449148,8295.656406242311,8325.255859375,4863767200
2023-09-11,8385.554876880766,8403.754975105381,8127.056744112652,8146.45654296875,5399368300
2023-09-12,8174.956462550433,8276.156118902883,8081.256766255367,8159.8564453125,4732159800
2023-09-13,8183.956617856414,8235.956342212296,7977.65790673291,8013.857421875,4573766200
2023-09-14,8035.657666367203,8118.7568359375,7797.05883150203,8118.7568359375,4404427900
2023-09-15,8128.456631186858,8139.2563782530615,7961.95751953125,7961.95751953125,4235100000
2023-09-18,7952.357939731311,7952.357939731311,7678.759285787022,7680.359375,3611908200
2023-09-19,7696.758765728415,7804.058486577265,7644.659434145977,7783.95849609375,3499804100
2023-09-20,7834.858275187031,7897.757843340923,7706.358957913001,7719.7587890625,3829158100
2023-09-21,7714.858938333474,8000.45751953125,7663.859209129538,8000.45751953125,4390353100
2023-09-22,8035.057638853097,8093.957229959983,7981.158021325381,8039.15771484375,4187860800
2023-09-25,8105.357012166982,8311.156216131976,8096.957154271785,8304.755859375,4864110600
2023-09-26,8368.455381828328,8389.655464108151,8240.755867372522,8242.255859375,5971775000
2023-09-27,8275.055336097474,8298.655795767576,8170.856186553476,8213.755859375,4426914800
2023-09-28,8235.75576794355,8288.455681468602,8187.956218841155,8218.65625,4126896600
2023-09-29,8239.05616916695,8379.356210688651,8239.05616916695,8334.8564453125,4682116600
2023-10-02,8374.555282437705,8511.554557293735,8367.25551638823,8486.955078125,4981075900
2023-10-03,8547.355289873027,8562.655013830403,8461.955349867123,8513.455078125,4885888200
2023-10-04,8523.655244851532,8533.454997858924,8328.95607630714,8333.0556640625,5140536000
2023-10-05,8386.255421050419,8496.355424291789,8179.856611057118,8487.955078125,5891414000
2023-10-06,8410.255172569094,8516.754607390594,8397.555044654502,8464.85546875,4537952300
2023-10-09,8300.655674497373,8383.455035088024,8193.3564453125,8193.3564453125,4371047200
2023-10-10,8304.755617073513,8450.754840246644,8304.755617073513,8442.7548828125,4401431900
2023-10-11,8482.355644537876,8518.855451994245,8315.656328596911,8330.5556640625,4038493900
2023-10-12,8440.455090574393,8471.054537137843,8054.55724149087,8259.255859375,4830174800
2023-10-13,8242.256152742144,8242.256152742144,8071.457252625445,8113.2568359375,3284940200
2023-10-16,8228.456452409624,8252.256131141708,7926.558147807053,7934.55810546875,3517496500
2023-10-17,7962.557935860446,8114.95703125,7908.058224436771,8114.95703125,3278573900
2023-10-18,7964.557948650481,8015.257387376704,7836.958526259428,7842.65869140625,2924773800
2023-10-19,7867.958461714828,7971.357818169581,7728.359101062731,7768.958984375,3087950100
2023-10-20,7690.95899977077,7711.15908739732,7446.960300519168,7510.66015625,3243363800
2023-10-23,7649.359421217379,7794.4587509943885,7520.060300792933,7750.35888671875,3186983100
2023-10-24,7797.058644854001,8014.757194498172,7765.458715197723,7990.357421875,3998729200
2023-10-25,8035.757000356154,8084.356839134043,7424.96044921875,7424.96044921875,3568977300
2023-10-26,7516.460242782603,7741.258858430696,7384.4609409736095,7662.0595703125,4032161400
2023-10-27,7671.859070337441,7740.458802884701,7500.460080232117,7706.35888671875,2892444400
2023-10-30,7688.359017004742,7786.358495860774,7660.85916324412,7712.85888671875,2697877700
2023-10-31,7749.258512357723,7775.0586678489935,7496.359957597166,7514.06005859375,2301878300
2023-11-01,7568.859648956359,7597.759397602877,7296.961192647335,7528.56005859375,2696169400
2023-11-02,7585.16008257021,7701.059372001605,7577.45992797858,7663.5595703125,2439676600
2023-11-03,7673.659351605054,7721.1590987835925,7581.559744156833,7705.958984375,2408234800
2023-11-06,7792.758697464252,7900.458324655398,7788.5590125865665,7867.95849609375,2262442400
2023-11-07,7874.158535859762,7919.25790662957,7818.558732362866,7844.75830078125,2262467100
2023-11-08,7912.358126528278,7942.757868366906,7821.458704116988,7860.8583984375,2403494900
2023-11-09,7801.258513554972,7885.658457461117,7738.659235510498,7841.45849609375,2569080800
2023-11-10,7838.258435447668,7855.158736875223,7765.358917857451,7771.2587890625,2331836000
2023-11-13,7784.258622906328,7785.558908996055,7568.259765625,7568.259765625,2581061300
2023-11-14,7601.359743234509,7689.059475216337,7519.960270936225,7671.0595703125,2790714000
2023-11-15,7716.0593049189265,7738.159285738501,7634.359541531177,7665.859375,2289050000
2023-11-16,7675.358960131613,7813.158518044353,7675.358960131613,7780.65869140625,2150293700
2023-11-17,7786.659043903056,7863.958440074005,7773.659112605885,7853.3583984375,2131782400
2023-11-20,7918.257960992976,7984.658000729814,7918.257960992976,7946.35791015625,2501373200
2023-11-21,7993.857700095487,8046.5576171875,7945.3579561418555,8046.5576171875,2779719300
2023-11-22,8054.756963611828,8060.25693435897,7984.857433044793,7986.95751953125,2524918600
2023-11-23,7991.857414136342,8062.057236235903,7898.55810546875,7898.55810546875,3069908100
2023-11-24,7902.3582140198305,7996.057915026279,7851.258385937058,7959.9580078125,2326065200
2023-11-27,8028.757251465267,8129.0570128351765,8023.357377741391,8107.1572265625,3281642100
2023-11-28,8115.956911796503,8149.356636818692,8046.057380554431,8093.45703125,2794079700
2023-11-29,8115.35685913144,8125.057002995142,7993.0577031090115,8009.25732421875,2351023100
2023-11-30,8007.757499749935,8049.2572805068285,7911.9582011695875,7948.55810546875,2475424100
2023-12-01,8071.457280302025,8090.1573766407655,7956.557986084289,8026.25732421875,2191777200
2023-12-04,8050.7570293393255,8108.157114985721,7962.257499555752,8087.1572265625,2382038700
2023-12-05,8094.657027646351,8120.456694747859,8023.357114909995,8057.35693359375,2294108500
2023-12-06,8066.457379122404,8112.357038945343,7855.05859375,7855.05859375,2989944300
2023-12-07,7867.6583063567095,7978.75732421875,7747.458751010215,7978.75732421875,2411775400
2023-12-08,7988.557708563596,7992.257395963468,7888.458142058269,7913.7578125,2123975900
2023-12-11,7920.257770624721,7924.658137896275,7723.159207283023,7728.35888671875,2326734600
2023-12-12,7727.359000520186,7790.7585672825435,7661.559544116978,7748.85888671875,2378235100
2023-12-13,7718.95895215605,7721.159135768424,7529.259765625,7529.259765625,2510676300
2023-12-14,7622.659704381761,7831.85830016757,7582.259528359117,7813.3583984375,2574908100
2023-12-15,7821.958433026355,7998.357397961502,7812.458483510407,7993.857421875,2699523100
2023-12-18,7957.457605856166,8010.4573234949185,7782.258343935093,7790.3583984375,2367046400
2023-12-19,7783.858578805591,7786.358565533472,7642.659621382064,7725.85888671875,2458469900
2023-12-20,7717.159380786787,7764.159132214421,7614.659922886095,7662.859375,1884819800
2023-12-21,7656.959554843448,7789.858755194597,7621.259548103495,7764.958984375,2157284500
2023-12-22,7769.758641421917,7794.958703227459,7553.859882884345,7557.56005859375,1874128000
2023-12-26,7303.261209330164,7405.060964320358,7202.861837564401,7299.26123046875,1937122200
2023-12-27,7282.1615052696525,7365.060967169486,7214.961666989144,7260.361328125,2146187500
2023-12-28,7278.061659411104,7444.860583169282,7278.061659411104,7396.2607421875,1715537400
2023-12-29,7415.260544574944,7510.360138726193,7415.260544574944,7470.16064453125,2664606500
2024-01-02,7542.259713218817,7634.059518218556,7542.259713218817,7624.25927734375,2397081700
2024-01-03,7624.559412430862,7624.559412430862,7411.760254974502,7411.96044921875,2169646100
2024-01-04,7421.8605311466135,7547.759765625,7386.960813937526,7547.759765625,2391591200
2024-01-05,7570.059881624551,7628.65966796875,7532.160180623406,7628.65966796875,2355101900
2024-01-08,7667.859199968396,7824.558563492498,7667.859199968396,7818.8583984375,2873781100
2024-01-09,7860.158522803448,7875.158443277785,7696.459195382058,7736.2587890625,2981854200
2024-01-10,7733.658952395046,7897.0579833462525,7709.258691894472,7874.158203125,2774720400
2024-01-11,7905.35786016607,7950.057817755802,7860.1583935140725,7895.9580078125,2458858000
2024-01-12,7854.158418550971,8081.6572084706295,7774.858547383212,7986.45751953125,3459555600
2024-01-15,7996.6579646346345,8094.557349967726,7978.957862797097,8043.95751953125,2354208000
2024-01-16,8063.057453764988,8090.057310968166,7994.95771627457,8032.15771484375,2362808800
2024-01-17,7998.45765664306,8052.75717387216,7982.757544446016,8024.357421875,2220438100
2024-01-18,8103.9570537150785,8116.856887697169,8016.0576171875,8016.0576171875,2735824100
2024-01-19,8040.257092606736,8044.757068701611,7937.057933798105,7996.65771484375,2138728500
2024-01-22,7996.057691434583,8069.857104734927,7970.0578293220215,8010.0576171875,2294889200
2024-01-23,8101.157405018869,8145.856875947622,7915.458190569166,7950.05810546875,2681121300
2024-01-24,7982.657801184139,8149.456720039508,7939.357738172438,8090.85693359375,2544940300
2024-01-25,8142.056788496699,8212.856704867134,8095.856838930579,8169.8564453125,2673145000
2024-01-26,8191.356772617171,8347.55565721871,8180.256733405654,8346.255859375,3419146700
2024-01-29,8400.055067167894,8502.454914806545,8399.355852125558,8471.6552734375,2943653200
2024-01-30,8512.55448447449,8516.554463270673,8438.855656400672,8474.2548828125,2779679600
2024-01-31,8480.25496952102,8577.355042089766,8438.755188930645,8496.6552734375,2698396400
2024-02-01,8514.454800168429,8682.35429948221,8514.454800168429,8646.0537109375,2950087900
2024-02-02,8711.753662080459,8762.853977360424,8622.154527275543,8665.654296875,2854310900
2024-02-05,8716.553055362945,8784.153280256158,8694.853952505122,8776.6533203125,2582745200
2024-02-06,8810.653628965312,8890.453011894571,8751.153943434945,8869.052734375,3552703200
2024-02-07,8912.05236809159,8939.652807723825,8842.953125,8842.953125,3312304200
2024-02-08,8862.353006357704,8990.352321984854,8862.353006357704,8949.751953125,2766683300
2024-02-09,8993.052037645171,9045.9521484375,8943.45269064236,9045.9521484375,3344741000
2024-02-12,9134.15158219717,9175.750970174942,9088.651824352663,9174.55078125,3654687400
2024-02-13,9217.45095933096,9217.45095933096,8993.9521484375,8993.9521484375,4550398000
2024-02-14,9014.852840764654,9076.952122589972,8917.653158142866,9072.0517578125,3513313700
2024-02-15,9113.5514606689,9282.851347473903,9112.55146595207,9242.1513671875,3758476500
2024-02-16,9274.451044665508,9306.250681498128,9216.151547712812,9250.3515625,4501954100
2024-02-19,9322.050113852225,9404.049678474676,9173.251099214653,9196.3515625,4222905800
2024-02-20,9238.550371754189,9351.450160670394,9200.250771187588,9344.9501953125,3359863100
2024-02-21,9393.449759951927,9396.749546990804,9246.050157680866,9312.0498046875,3753744000
2024-02-22,9359.5497386197,9406.249685099547,9282.250345808756,9347.150390625,3767427500
2024-02-23,9361.750065882696,9416.650164824487,9293.950621412389,9374.150390625,3432546300
2024-02-26,9411.04939383256,9450.449574225804,9319.049884724176,9334.0498046875,3008920700
2024-02-27,9351.350648117543,9351.350648117543,9179.451171875,9179.451171875,3244555900
2024-02-28,9184.551112572464,9236.751032255903,9062.3525390625,9062.3525390625,3285478300
2024-02-29,9100.251472615868,9214.55067025234,9089.151922191357,9193.6513671875,3539839200
2024-03-01,9218.2513161372,9226.951465686398,9090.751986791258,9097.15234375,2676107500
2024-03-04,9139.051516681622,9149.85224109466,8907.6533203125,8907.6533203125,2856168800
2024-03-05,8913.35323576429,8970.752346164749,8814.753171456774,8860.453125,3415499400
2024-03-06,8856.252330924048,8908.551855260994,8736.453168417562,8744.552734375,2884509000
2024-03-07,8797.453505101277,9054.15234375,8797.453505101277,9054.15234375,2654610700
2024-03-08,9084.151746384325,9174.151266385707,9023.852263294857,9155.2509765625,3312422100
2024-03-11,9337.150268902808,9368.449906228909,9131.7509765625,9131.7509765625,2855547900
2024-03-12,9147.451734241045,9192.651691059778,8986.052195227125,9068.9521484375,2683202300
2024-03-13,9089.551790586156,9091.85255973215,8910.1533203125,8910.1533203125,2514269000
2024-03-14,8941.452818955086,8972.452655379355,8848.552918531674,8883.453125,2093970000
2024-03-15,8901.853126976719,8907.952703966523,8795.853689771908,8828.6533203125,1786046100
2024-03-18,8844.453436098614,8862.853729850533,8718.0537109375,8718.0537109375,1981810800
2024-03-19,8702.353758138861,8934.251929550399,8695.353795648902,8929.8525390625,2407192200
2024-03-20,8932.452269198482,9027.651955808868,8905.052024987432,8955.0517578125,2891550500
2024-03-21,9035.852122323411,9192.450895168917,9020.152010878786,9140.6513671875,3758344400
2024-03-22,9162.35227174502,9223.151757125528,9080.852699764811,9111.4521484375,2774677900
2024-03-25,9113.251508497684,9335.950523604208,9029.3525390625,9029.3525390625,3551032800
2024-03-26,9029.451942935062,9048.751644904585,8760.552983459465,8807.353515625,3493996700
2024-03-27,8833.952979692642,8906.352984955562,8748.953432118058,8806.6533203125,2721398300
2024-03-28,8863.653483649077,9079.9521484375,8863.653483649077,9079.9521484375,2649284500
2024-03-29,9125.251067894043,9154.250913009597,9055.651830239629,9142.3515625,2738133300
2024-04-01,9234.450761308182,9258.550242183184,8961.45221695417,9157.451171875,3268696300
2024-04-02,9185.951380456134,9265.950957033154,8993.452399317684,9040.8525390625,3234371800
2024-04-03,8983.25175253549,9018.551368402444,8903.152571617593,8945.751953125,2755647600
2024-04-04,8949.051743480119,9168.651154843748,8938.952188124726,9128.951171875,3299084800
2024-04-05,9275.85141966955,9618.7490234375,9249.750971526828,9618.7490234375,3581621800
2024-04-08,9639.149060819651,9766.547799047612,9627.349318728324,9756.6484375,2960715100
2024-04-09,9807.64847177949,9849.247861767812,9746.748402329007,9814.1484375,1224479300
2024-04-15,9759.247621789133,9823.447473823699,9679.748046875,9679.748046875,3154321500
2024-04-16,9644.948703388498,9650.349065291699,9513.149599673872,9548.048828125,2715574600
2024-04-17,9617.148952098878,9716.848616180012,9503.548971458033,9530.44921875,2713296100
2024-04-18,9564.8493945078,9601.54841759265,9475.749283617999,9524.548828125,2098778800
2024-04-19,9431.14983803274,9714.747933146078,9420.850088340376,9693.4482421875,3215136000
2024-04-22,9794.648625885928,9831.448236821216,9644.94921875,9644.94921875,2943855900
2024-04-24,9716.248077751583,9766.848394305334,9667.548141705669,9722.0478515625,3290285500
2024-04-25,9753.948044035766,9826.848046347244,9664.44852076929,9716.748046875,3010022100
2024-04-26,9763.348465694813,9956.046659607864,9751.44813835995,9915.546875,3453799600
2024-04-29,9992.446770088332,10082.74609375,9942.046647945528,10082.74609375,2954709300
2024-04-30,10081.64629189526,10132.846213457755,10036.746141337357,10045.646484375,2842169700
2024-05-02,10097.347265268107,10208.746093225926,10097.347265268107,10208.646484375,3302799700
2024-05-03,10236.945524825947,10286.544870261576,10177.24564720208,10276.845703125,3153888700
2024-05-06,10282.245036223965,10325.645195677656,10201.945659251764,10267.044921875,2815713100
2024-05-07,10282.745401300055,10375.645300415346,10144.646522571056,10336.4453125,3423641400
2024-05-08,10358.04433325884,10383.244394090212,10233.745191898659,10247.7451171875,2354457600
2024-05-09,10274.345672231768,10304.244927058904,10187.74554750317,10268.544921875,2513814200
2024-05-10,10276.74480571398,10364.544140517935,10218.544921875,10218.544921875,3052480800
2024-05-13,10251.145441775012,10288.645241480644,10055.9462890625,10055.9462890625,2555246800
2024-05-14,10098.546293351681,10273.045372070867,10036.347402985331,10173.3466796875,2815967400
2024-05-15,10171.04583234702,10240.945853391993,10121.646679470998,10158.5458984375,2379755600
2024-05-16,10189.045615539255,10319.9453125,10145.045848703014,10319.9453125,2964017900
2024-05-17,10369.845206508642,10652.24311776383,10356.94488453393,10643.54296875,3252227500
2024-05-20,10660.743579652499,10774.943172673416,10633.84430745745,10739.54296875,3307518800
2024-05-21,10767.242864397389,11087.941363763599,10751.943140619247,10895.2421875,5625623300
2024-05-22,10930.342609029847,11024.441720964192,10800.843293608299,10899.2421875,3429268100
2024-05-23,10869.541580581046,10972.641616102444,10785.542029026148,10792.4423828125,2932761700
2024-05-24,10784.142984392645,10810.642843808331,10661.34383116651,10676.6435546875,2234118100
2024-05-27,10701.143319768978,10758.843208412141,10584.543353549041,10656.943359375,2655557300
2024-05-28,10678.743157167464,10721.14332287234,10589.64402043658,10677.443359375,2872255400
2024-05-29,10688.542833011767,10714.643280306562,10464.844802521086,10479.14453125,2505729800
2024-05-30,10501.144425563052,10550.043579930658,10413.744499103843,10481.244140625,2283454400
2024-05-31,10519.0442982592,10724.843997375627,10358.545142193987,10400.4453125,3243273800
2024-06-03,10443.145130239833,10564.844683849602,10334.745311190143,10556.744140625,2819200600
2024-06-04,10576.543803283792,10610.144211932045,10362.445323578324,10364.544921875,2628421000
2024-06-05,10403.145232022898,10434.64506559876,10239.545510437349,10350.9453125,2695925200
2024-06-06,10391.444717730532,10446.444425133233,10275.245140597362,10279.6455078125,2035557600
2024-06-07,10322.445316978761,10335.74505121109,10112.346820597842,10138.9462890625,1745750000
2024-06-10,10132.346946823705,10142.946500290589,9986.847714269994,9997.84765625,1778970100
2024-06-11,10003.34693618161,10165.245485113981,9958.046397002101,10051.3466796875,2069567800
2024-06-12,10062.74663638182,10231.74574344508,10040.847338028147,10165.4462890625,1947996300
2024-06-13,10319.945690876664,10449.544618232172,10319.945690876664,10391.845703125,2013177800
2024-06-14,10528.844420365307,10575.943779364934,10403.644890600697,10471.244140625,2203068600
2024-06-20,10588.144354731594,10739.84375,10569.144454934745,10739.84375,2071289200
2024-06-21,10754.342864372027,10792.842658432071,10708.142916188517,10771.3427734375,2671534800
2024-06-24,10791.64342949728,10824.143258542847,10668.443882234615,10767.84375,2421459800
2024-06-25,10780.542435227082,10792.54237158593,10645.043153841754,10679.943359375,2190245900
2024-06-26,10680.443307235979,10706.84355772605,10486.64453125,10486.64453125,2479075700
2024-06-27,10518.144417483745,10715.443175893886,10518.144417483745,10680.84375,2370467300
2024-06-28,10738.74268053059,10808.142701985953,10607.743377374249,10647.84375,3168817300
2024-07-01,10714.042961367744,10743.643390799865,10254.346173157466,10343.2451171875,2565441200
2024-07-02,10354.944821910703,10446.14453125,10264.544912997035,10446.14453125,2095203600
2024-07-03,10494.644548875682,10688.443325971311,10480.344820010565,10682.1435546875,2488573200
2024-07-04,10715.24302107915,10895.342652609277,10683.74318800716,10872.5419921875,2894427600
2024-07-05,10909.442076455673,10944.642084874175,10780.742564471599,10851.7421875,2670578600
2024-07-08,10901.842572963022,10962.842249452693,10834.542148639215,10864.0419921875,2517766800
2024-07-09,10888.941889708112,10900.541437180578,10772.24231717846,10796.5419921875,2380562800
2024-07-10,10817.542577027954,10826.542529578323,10708.943540209792,10743.2431640625,2818536100
2024-07-11,10832.842814155882,11024.2412109375,10832.842814155882,11024.2412109375,2995573100
2024-07-12,11035.04117343388,11113.54075774018,10995.041385252325,11064.841796875,2901991700
2024-07-16,11109.640783291634,11188.03977809281,11102.54023532637,11139.240234375,2519264400
2024-07-17,11152.24111515807,11169.24102569473,11045.541481360628,11134.041015625,2487761600
2024-07-18,11194.340526723612,11252.039436917528,11106.740409244685,11139.4404296875,2717956600
2024-07-19,11144.540101005681,11193.340621676118,11082.740626308108,11156.140625,2734966100
2024-07-22,11182.539986812622,11245.440042069944,11119.240519622366,11172.740234375,2557495200
2024-07-23,11185.940896371567,11187.341279597304,11039.141867332299,11089.44140625,2890740200
2024-07-24,11092.540477216673,11121.240519534875,10991.541015625,10991.541015625,3023325000
2024-07-25,10989.141954333047,11017.141805937585,10838.342948860063,10871.4423828125,2850698400
2024-07-26,10911.842664989339,10948.041692239889,10850.442599181873,10891.3427734375,2406029300
2024-07-29,10827.94286229493,10873.242427942268,10728.743190446738,10733.7431640625,2327571200
2024-07-30,10756.143212990646,10832.642807722286,10666.04310437232,10691.6435546875,2389298700
2024-07-31,10658.042864930678,10703.542622685596,10565.04336006898,10638.54296875,2472286600
2024-08-01,10751.942628793731,10879.94194580318,10751.942628793731,10798.0419921875,2380074800
2024-08-02,10661.44333676399,10686.04281539815,10415.544253038757,10473.4443359375,2179063900
2024-08-05,9769.648120291436,10117.745874205764,9733.348509091255,9893.34765625,2796453700
2024-08-06,10161.645963954148,10193.845987419389,9881.1474609375,9881.1474609375,2518096800
2024-08-07,9960.44760125371,10076.347382166832,9902.148103261325,10024.2470703125,2455179100
2024-08-08,10016.746528289197,10148.045634631833,10006.046389887873,10098.4462890625,2298653700
2024-08-09,10159.945921106559,10189.145960994429,9907.34765625,9907.34765625,2399290200
2024-08-12,9980.147639165038,10078.04653768517,9807.348744448464,9828.5478515625,2616142900
2024-08-13,9842.147877680869,9920.546875,9708.248198822666,9920.546875,2480962000
2024-08-14,9976.647669891881,9989.847795707876,9824.94827325193,9830.8486328125,2247376700
2024-08-15,9874.348229918489,9982.947265625,9763.248230860681,9982.947265625,2597400200
2024-08-16,10041.34747666464,10055.046623225515,9821.9482421875,9821.9482421875,2289150400
2024-08-19,9866.947289112011,10061.045861579869,9796.547274575702,10054.146484375,2687269500
2024-08-20,10038.147165627579,10109.946591011923,9950.847822126452,9982.2470703125,2766856300
2024-08-21,9966.546545970223,10080.64652442214,9897.546913334727,9904.7470703125,2568349600
2024-08-22,9979.446956813092,10031.04629192508,9869.547150332284,9921.34765625,2675534500
2024-08-23,9927.34724465539,9935.147007586924,9651.148527970387,9668.0478515625,2270981600
2024-08-26,9739.748099736642,9749.148440458486,9553.14948094911,9565.7490234375,2603634600
2024-08-27,9561.649430839354,9748.748046875,9523.249244087678,9748.748046875,2554173700
2024-08-28,9757.748043694326,9836.547430382254,9735.348748451226,9757.1484375,2246401400
2024-08-29,9762.349005472766,9888.348342261987,9705.44891434739,9833.1484375,2980109500
2024-09-02,9879.747317763447,10116.246061345524,9879.747317763447,10110.146484375,2599824100
2024-09-03,10130.446693648213,10159.146737941246,9983.747270267228,10021.7470703125,2707675800
2024-09-04,9929.747361321408,9988.347637765057,9879.04743377754,9984.84765625,2535020300
2024-09-05,10030.446768360152,10040.246521040308,9897.147671091743,9936.7470703125,2681390200
2024-09-06,9936.147563498967,9980.94713088298,9768.547865337741,9771.1484375,2350504700
2024-09-09,9795.14792736789,9837.947503672329,9699.5478515625,9699.5478515625,2226899900
2024-09-10,9737.148816759152,9788.348741912683,9587.9494087048,9623.94921875,2488146200
2024-09-11,9609.949189142228,9643.44901201801,9413.350619246394,9419.650390625,2621007200
2024-09-12,9532.349548569824,9559.949010739418,9274.550142327273,9520.94921875,3046973800
2024-09-13,9537.149229991197,9685.4482421875,9427.24942665687,9685.4482421875,3001871400
2024-09-16,9686.849029318766,9720.148657446025,9567.048883269332,9577.44921875,2305742600
2024-09-17,9611.548628611294,9786.047703048054,9611.548628611294,9758.0478515625,2471659300
2024-09-18,9753.148550286465,9827.247767290122,9736.048054899777,9774.4482421875,2265970500
2024-09-19,9872.848199152615,9980.747042822519,9851.94791901411,9975.546875,2806318100
2024-09-20,9984.946814465748,10008.646883538133,9887.347724959287,9900.2470703125,3128526900
2024-09-23,9959.14708013944,9980.847159718789,9857.647621467053,9887.7470703125,2669608900
2024-09-24,9911.348278249276,10108.1470481985,9878.547669459935,10029.6474609375,3609345900
2024-09-25,10033.646700124073,10064.045952110533,9886.447289616981,9890.947265625,3361262000
2024-09-26,9953.24739340125,10049.447082150493,9806.648555978692,9829.1484375,2992398200
2024-09-27,9814.64824057842,9820.44801456429,9695.948673612887,9777.4482421875,2207650200
2024-09-30,9747.647998944976,9757.848139638118,9643.248167356574,9665.748046875,2500820300
2024-10-01,9673.548087581488,9680.748244545597,9238.650989802349,9351.150390625,3495942200
2024-10-02,9320.45051532038,9339.15061134924,9012.8525390625,9012.8525390625,2883131000
2024-10-03,9026.452449126991,9159.251554235845,8869.753079298463,8898.1533203125,3048138700
2024-10-04,8953.153163748284,9109.251953125,8850.353899072792,9109.251953125,2824289000
2024-10-07,9155.75129508283,9195.451280054254,9005.352677872192,9031.5517578125,2360205300
2024-10-08,9040.751974818932,9152.65177344089,8978.052111218465,9044.8525390625,3157534000
2024-10-09,9043.852035149577,9132.2509765625,8901.152602819362,9132.2509765625,2601466900
2024-10-10,9137.251028559194,9176.351405772539,8964.0517578125,8964.0517578125,2465944300
2024-10-11,8986.952539868893,9080.652240352912,8836.95333201529,8876.1533203125,2506307200
2024-10-14,8885.453118613521,8887.153304955507,8680.6543944841,8699.154296875,2447452900
2024-10-15,8709.753725900682,8890.25277097391,8685.15424666876,8860.2529296875,2801284500
2024-10-16,8849.052328977163,8963.751911450945,8779.252897227327,8955.9521484375,2364218600
2024-10-17,8948.55204325492,9060.051450578678,8927.052157537784,9002.251953125,2702266100
2024-10-18,9018.551534994147,9069.951651625172,8783.453178836791,8793.552734375,2701251000
2024-10-21,8798.253143082367,8807.853678103353,8642.154361578489,8654.3544921875,2130735600
2024-10-22,8677.753782479931,8913.452727770125,8676.753787783373,8838.552734375,2881678500
2024-10-23,8853.753173642499,8867.05290828281,8663.954368589442,8714.654296875,2952799500
2024-10-24,8779.053229918896,8920.153070430471,8779.053229918896,8872.853515625,2020807300
2024-10-25,8843.553075869731,8921.552665447101,8782.553396841275,8908.453125,2001781600
2024-10-28,8935.95220085718,8954.152298815861,8915.551919354963,8945.751953125,797263500
2024-10-30,8960.952390705688,9050.751718291822,8917.552230664547,9006.5517578125,2114681200
2024-10-31,9004.551990314758,9051.551741764468,8846.052828510943,8863.853515625,2151342200
2024-11-01,8888.453106534891,8981.952613252673,8849.153509183163,8884.953125,2609629400
2024-11-04,8862.4530494484,8862.4530494484,8610.854772963718,8663.8544921875,2363159300
2024-11-05,8714.653785090379,8729.553119805902,8566.553987864014,8618.5537109375,2244331100
2024-11-06,8647.854649639054,8915.853232117612,8586.85497228386,8862.2529296875,3172929200
2024-11-07,8873.252342522006,8946.0517578125,8801.252727640958,8946.0517578125,2658268000
2024-11-08,8939.352867089487,9195.75091808443,8927.852928225653,9184.7509765625,3234512400
2024-11-11,9215.15169141498,9330.050500708263,9197.151786157378,9276.7509765625,3576132600
2024-11-12,9253.85141961785,9288.75064899504,9190.151561402421,9226.8515625,3008932000
2024-11-13,9195.950753855695,9415.749381477852,9128.550724171253,9300.25,3614076400
2024-11-14,9354.250349466996,9437.650299162713,9335.351035323754,9420.3505859375,2770728500
2024-11-15,9447.650082445562,9501.049213264767,9375.850658601441,9389.5498046875,2849117000
2024-11-18,9419.350458714343,9445.249735484958,9315.250424610393,9395.3505859375,2746161600
2024-11-19,9430.95012422669,9443.049669612996,9170.651696132769,9232.8515625,3431118700
2024-11-20,9272.750676277992,9307.650881996522,9023.352583563606,9031.751953125,2927162500
2024-11-21,9079.751531175976,9380.549736636272,9069.852169744534,9367.75,3731381000
2024-11-22,9377.450135482843,9550.54882440693,9337.150545088098,9549.849609375,4756313100
2024-11-25,9618.349828058246,9720.248706449978,9591.449578844786,9659.94921875,4345646800
2024-11-26,9654.048733266858,9691.54853564573,9576.549141683856,9636.048828125,3469068800
2024-11-27,9730.94873831887,9744.548276052843,9618.849719470478,9639.7490234375,3852893300
2024-11-28,9640.548825491145,9672.349439223848,9586.84988961306,9640.048828125,3334483300
2024-11-29,9650.649420901053,9734.148981589575,9575.850009751428,9651.94921875,3996106900
2024-12-02,9602.248468160358,9703.148319344209,9573.849205928911,9681.0478515625,2976017300
2024-12-03,9713.149037914207,9885.747738243086,9661.04872637962,9827.1484375,4414056700
2024-12-04,9858.647607091296,9940.246781198133,9853.047051028409,9886.046875,4485338800
2024-12-05,9912.147587252699,9965.447109056555,9849.447724715523,9935.947265625,3426956700
2024-12-06,10063.646576547279,10098.045807331851,10010.546273526379,10080.9462890625,3850853100
2024-12-09,10174.945751819047,10262.245091066194,10149.84627626303,10257.345703125,4643352200
2024-12-10,10257.145642996566,10276.645539286963,10078.74620118355,10098.9462890625,3625481600
2024-12-11,10132.346285070085,10171.445685658817,10008.84694454225,10058.4462890625,3666352000
2024-12-12,10109.146214177854,10155.245577390035,10026.046071981089,10058.5458984375,3508831600
2024-12-13,10028.147000503955,10125.4462890625,9962.546762546206,10125.4462890625,3544452300
2024-12-16,10146.54608960762,10157.746225843004,9997.6474609375,9997.6474609375,2916214600
2024-12-17,10012.546868153298,10055.847421317067,9912.348177201215,10011.2470703125,3309637800
2024-12-18,10007.246583695645,10052.846927119335,9912.546892019333,9915.7470703125,3623063300
2024-12-19,9851.247589989385,9897.447540427675,9754.34868952141,9765.0478515625,2835097200
2024-12-20,9790.947888246987,9814.848151664219,9699.8487637418,9724.4482421875,3050268300
2024-12-23,9756.548142362346,9778.548026310205,9605.349721202943,9626.548828125,2745098400
2024-12-24,9635.848830256156,9690.348538634202,9562.34922354448,9672.748046875,2394057200
2024-12-26,9962.447194068656,10050.54633647433,9890.847964205232,9948.947265625,3566484400
2024-12-27,9962.647791266007,10055.046719305332,9953.947641716748,10025.447265625,3100196100
2024-12-30,10040.646655767427,10061.246155300116,9889.6474609375,9889.6474609375,2297408400
2024-12-31,9857.34849170719,9942.547261885855,9780.64870021892,9830.5478515625,2930480100
2025-01-02,9858.047421334104,9961.2470703125,9826.947976598107,9961.2470703125,3622646300
2025-01-03,9990.34713175564,10097.045781691626,9990.34713175564,10075.146484375,6030811000
2025-01-06,10108.846555067312,10159.04550647835,10063.146603133953,10085.4462890625,6778737700
2025-01-07,10079.24650288489,10095.046224019157,9971.947265625,9971.947265625,5128720900
2025-01-08,9962.847271834238,10011.347013248762,9881.747118297435,9890.7470703125,3932950500
2025-01-09,9932.54723409904,10016.847570825264,9899.247605003684,10000.6474609375,3934677900
2025-01-10,10013.34710924627,10038.746388158297,9865.64769984762,9910.546875,4067234400
2025-01-13,9901.74715032024,9916.747070555397,9707.34877000699,9733.1484375,4224022900
2025-01-14,9780.547506901697,9851.547128675847,9679.748239187322,9715.8486328125,4041740200
2025-01-15,9731.148482669912,9784.348395270863,9659.448668379948,9739.6484375,4157898600
2025-01-16,9846.046985103581,9878.747005643936,9734.848360678045,9866.6474609375,4457760700
2025-01-17,9882.547378675818,9989.34759547115,9851.34832481735,9977.84765625,3536571300
2025-01-20,10035.747036135295,10048.8475531895,9923.547430774965,10029.2470703125,3757456400
2025-01-21,10008.747021793903,10076.446860079359,9966.247245923969,9999.546875,4168863600
2025-01-22,10014.146969110665,10121.746006585921,9984.046543159968,10105.3466796875,3559163500
2025-01-23,10141.545745476446,10151.545692364609,10069.546127881673,10112.74609375,4008788200
2025-01-24,10125.446179568662,10133.446137045976,10064.046115307348,10104.8466796875,3110050300
2025-01-27,10032.447083127805,10069.746691075808,9962.547061195557,9997.84765625,3432008500
2025-01-28,10031.546377081333,10139.646389387273,9977.046666283466,10121.74609375,3533420900
2025-01-29,10140.14614751465,10180.346128558005,10076.9462890625,10076.9462890625,3371837800
2025-01-30,10095.346608829499,10154.94590069614,10071.846734022372,10082.0458984375,3223926600
2025-01-31,10104.3471291382,10118.946661556936,9986.347751130124,10004.34765625,3182020200
2025-02-03,9918.347870297695,9918.347870297695,9749.848762545922,9774.3486328125,4216874600
2025-02-04,9818.148378915701,9905.147919765712,9782.74817511931,9807.0478515625,3470857200
2025-02-05,9821.547309479813,9841.647788381944,9619.74857937375,9719.748046875,4394277500
2025-02-06,9782.848944656205,9866.448114400551,9780.548175505472,9842.1484375,3172954400
2025-02-07,9839.447860177394,9962.64740264815,9800.948064190115,9951.6474609375,3626768600
2025-02-10,9962.047240727825,9983.147715744015,9830.648517404206,9845.8486328125,3052458800
2025-02-11,9839.947494003698,9888.347626365412,9788.447768806422,9882.7470703125,3217232000
2025-02-12,9895.647823046178,9904.147778060553,9756.648558693467,9779.5478515625,3600167500
2025-02-13,9855.7473835923,9930.64737583659,9845.547242532668,9914.6474609375,3454207200
2025-02-14,9929.94698587061,9954.147051983484,9855.04699512265,9877.546875,3211745400
2025-02-17,9890.148154939676,9899.247716434242,9836.4482421875,9836.4482421875,2658890700
2025-02-18,9829.84811888353,9944.147315767328,9811.447826104939,9916.84765625,4039966200
2025-02-19,9923.347786234604,9953.847624552736,9758.948267103446,9763.6484375,4271206200
2025-02-20,9764.548077963762,9852.948002067136,9754.248327632149,9807.4482421875,4390259900
2025-02-21,9815.848479221198,9829.848405182178,9473.949896736924,9602.1494140625,4099048700
2025-02-24,9694.348975057062,9705.948522911962,9546.649563092591,9574.7490234375,2670499500
2025-02-25,9583.649694528183,9605.449384342804,9437.650463867203,9451.5498046875,2797791200
2025-02-26,9467.949776786738,9629.248725855894,9422.150215045305,9573.1494140625,2901856700
2025-02-27,9565.54878405436,9782.148219118451,9563.248991586514,9741.0478515625,3429049800
2025-02-28,9696.649214275007,9749.648935624029,9623.849792337256,9658.6494140625,3139822500
2025-03-03,9747.948133435466,10029.746438739732,9747.948133435466,9911.046875,4464860400
2025-03-04,9901.847635469574,9958.746746384464,9859.547079588867,9897.947265625,3096365300
2025-03-05,9984.647560819318,10203.14640899337,9984.647560819318,10188.8466796875,4067928600
2025-03-06,10269.845733494027,10459.0439453125,10186.34617788689,10459.0439453125,5194444900
2025-03-07,10453.64481414713,10556.743877325433,10407.345254744752,10507.0439453125,4322849500
2025-03-10,10481.444019222414,10543.943685415363,10380.144755568337,10422.14453125,3491440900
2025-03-11,10421.544034369217,10522.04349843536,10357.044378326767,10438.244140625,4479643200
2025-03-12,10492.345189010499,10620.844512958576,10470.544522456687,10580.244140625,4553520700
2025-03-13,10625.344289601388,10743.94327278262,10625.344289601388,10727.54296875,4024056400
2025-03-14,10772.343135912577,10862.942263755662,10726.24279499714,10840.5419921875,3774862100
2025-03-17,10868.942346209898,10902.541777358307,10809.042273322,10862.0419921875,4653486100
2025-03-18,10832.742024286636,10872.14220475633,10751.942650572217,10802.142578125,4178140300
2025-03-19,10060.446194924069,10378.044105728313,9806.447553354494,9860.2470703125,4795426200
2025-03-20,9839.74789441494,10156.646613218769,9660.548644480514,9810.8486328125,6763324600
2025-03-21,9758.448371460006,9758.448371460006,8984.452466401848,9044.5517578125,4999930100
2025-03-24,9166.95090440769,9386.449728834163,8872.752284739658,9299.3505859375,6077570000
2025-03-25,9462.649784768411,9811.5473401427,9404.15009641485,9715.5478515625,5494342400
2025-03-26,9616.949389783797,9749.349083641364,9566.74945865376,9649.44921875,4418731600
2025-03-27,9774.547973390012,9830.74787181542,9593.649514959436,9612.7490234375,4645849700
2025-03-28,9567.749505517375,9669.14936306731,9415.950498861224,9659.44921875,4104856500
2025-04-02,9606.349166256363,9643.148774715653,9517.649443921391,9523.2490234375,3209925600
2025-04-03,9530.649165623512,9627.6486462619,9484.2490234375,9484.2490234375,3069845000
2025-04-04,9496.749378755565,9524.749230081683,9339.650603545164,9379.75,3136667000
2025-04-07,9117.35212022915,9506.64986384059,9050.551692643574,9407.150390625,4344745100
2025-04-08,9553.149990696113,9562.149943398712,9412.050146279846,9477.0498046875,2987299200
2025-04-09,9398.650718636529,9472.950132194692,9275.451171875,9275.451171875,3553300600
2025-04-10,9579.048522051147,9581.149096785788,9338.5498046875,9338.5498046875,3365247700
2025-04-11,9352.450346621912,9406.450059930396,9259.950837713863,9380.9501953125,3625978800
2025-04-14,9456.15021832757,9491.249642197545,9407.549889249136,9423.5498046875,3863736400
2025-04-15,9443.65012605971,9492.249477765992,9383.75005301868,9393.75,4103788500
2025-04-16,9369.351018151927,9398.6506684428,9245.251086167998,9266.05078125,3680631300
2025-04-17,9276.15102563903,9438.24977578453,9256.85132325259,9395.9501953125,4975285600
2025-04-18,9426.249416812794,9433.749376721871,9288.950346055415,9317.150390625,3193961800
2025-04-21,9343.049689814428,9477.749165432733,9268.050090534447,9321.5498046875,4667730300
2025-04-22,9378.650034419472,9409.049285894222,9286.350723386799,9312.0498046875,3659290300
2025-04-24,9353.549562755541,9493.749007924127,9301.350623298493,9490.849609375,3674589600
2025-04-25,9510.049395482885,9531.350064263492,9427.850610749654,9432.5498046875,3523022500
2025-04-28,9457.24919569842,9464.449352480407,9306.9501953125,9306.9501953125,3338854600
2025-04-29,9272.450919391353,9312.150904565298,9216.751018907593,9224.7509765625,3046991700
2025-04-30,9225.251178829289,9250.050852798891,9058.152450223703,9078.3525390625,3727542700
2025-05-02,9120.95142007209,9194.75083168984,9103.65170752616,9167.55078125,2829490500
2025-05-05,9217.751398582057,9240.651668948563,9087.752081260553,9112.15234375,3683513100
2025-05-06,9109.651500821128,9228.35106164012,9105.351719117567,9134.6513671875,3100768400
2025-05-07,9136.451822028563,9189.451542552562,9032.452370434303,9074.5517578125,3459697500
2025-05-08,9123.852379703867,9302.550658119828,9093.652343307964,9279.1513671875,3052819400
2025-05-09,9280.650972973646,9421.350422050135,9231.750841703171,9390.4501953125,3664624700
2025-05-12,9611.149159135837,9767.747936955448,9570.449179944355,9747.0478515625,4491760300
2025-05-13,9718.9481418765,9747.848378296334,9652.048108215049,9700.1484375,4159027300
2025-05-14,9700.248053809428,9771.648063514975,9658.548080966519,9701.5478515625,3673880400
2025-05-15,9730.648406024939,9761.047658293943,9518.44934009642,9541.2490234375,3420683000
2025-05-16,9542.748719252158,9677.547802316356,9516.849443836896,9668.3486328125,3783035600
2025-05-20,9666.148601689558,9683.2481197949,9513.94921875,9513.94921875,3300322700
2025-05-21,9494.049300227707,9530.049109464037,9398.8505859375,9398.8505859375,3201755900
2025-05-22,9451.250125628108,9520.949954574055,9353.85122352813,9475.150390625,3689453800
2025-05-23,9461.149830614007,9505.649593727667,9326.049963855907,9355.9501953125,3415316200
2025-05-26,9419.85018782726,9427.049368209453,9296.250260611718,9345.150390625,2468712900
2025-05-27,9344.45047815909,9390.95023172904,9213.55078125,9213.55078125,2587950500
2025-05-28,9210.651191617577,9247.950797858899,9116.051108983642,9177.6513671875,2526357600
2025-05-29,9237.151012578,9265.55027543009,9162.351606156086,9170.55078125,2948378600
2025-05-30,9161.451395615235,9176.151512938983,8985.452329345706,9019.5517578125,3052560700
2025-06-02,9012.85251781615,9083.75155529021,8964.952381618265,9008.8525390625,2776663000
2025-06-03,9076.952224545583,9299.250859190757,9076.952224545583,9276.951171875,3292121700
2025-06-04,9272.951257111643,9474.9501953125,9255.451349099192,9474.9501953125,2537960800
2025-06-05,9446.749236483682,9495.649365347559,9421.649761465522,9486.548828125,1046423000
2025-06-10,9554.850158227697,9679.04872403269,9546.54942061689,9659.2490234375,3511944800
2025-06-11,9658.848778151916,9733.547597745566,9630.448539284811,9686.0478515625,3285779500
2025-06-12,9614.748518838194,9651.248324145268,9510.249076246706,9520.1494140625,2971097100
2025-06-13,9166.750776070301,9311.8505859375,9065.151710100683,9311.8505859375,3438051400
2025-06-16,9308.750219461268,9434.04935671373,9218.750698864676,9349.9501953125,3041103000
2025-06-17,9355.74991361025,9419.44976923278,9328.5498633465,9339.5498046875,2600371700
2025-06-18,9310.650758697817,9330.550067101274,9143.75125425647,9196.05078125,3226657600
2025-06-19,9238.75123393313,9294.651330675353,9092.652392641472,9101.9521484375,2857735500
2025-06-20,9195.351604943551,9259.151071144763,9146.851862257583,9203.3515625,2684331700
2025-06-23,9116.951301672067,9175.250794951975,9077.751315746862,9141.2509765625,2492313200
2025-06-24,9419.049961765946,9483.049624425106,9302.851355496292,9448.8505859375,3762868800
2025-06-25,9473.549513322758,9483.949848950868,9394.95031957965,9418.4501953125,2669240800
2025-06-26,9426.749326911957,9464.64951459137,9301.0498046875,9301.0498046875,2552976900
2025-06-27,9310.050306715495,9431.350445603826,9235.250898138613,9404.8505859375,3237572100
2025-06-30,9452.850283292835,9949.447260324263,9450.749708489988,9948.447265625,5684934600
2025-07-01,9972.9468613191,10137.346375977,9940.347425643113,10080.3466796875,4937295200
2025-07-02,10103.646934029772,10306.945667029855,10103.646934029772,10188.9462890625,5177486400
2025-07-03,10315.244652568252,10379.24431038376,10180.34595976337,10228.345703125,3998486200
2025-07-04,10248.045069294612,10314.244912291648,10188.645971354023,10275.7451171875,3238914900
2025-07-07,10137.84651920779,10183.445886272697,10093.14656142602,10107.646484375,3585009800
2025-07-08,10173.646535282618,10203.545791644045,9957.747283399785,9998.1474609375,3494377700
2025-07-09,10008.447127956459,10171.946264232713,9986.647438431093,10167.24609375,3942213400
2025-07-10,10266.245461257226,10365.044742959775,10266.245461257226,10331.2451171875,4702200100
2025-07-11,10415.645205825178,10441.044485791963,10269.945779734035,10358.4453125,3970934000
2025-07-14,10358.544210038426,10358.544210038426,10225.4453125,10225.4453125,3816506800
2025-07-16,10210.745619870018,10306.645501588247,9990.046595729222,10121.4462890625,4947250800
2025-07-17,10199.246021028,10386.745032289917,10178.34671717375,10370.6455078125,4385813200
2025-07-18,10381.24503752862,10407.345485770942,10334.745282842112,10366.1455078125,4043577600
2025-07-21,10413.144637753632,10640.943227060574,10413.144637753632,10616.1435546875,4696216500
2025-07-22,10637.34363635284,10680.14321268833,10593.343871108314,10616.04296875,4589750100
2025-07-23,10645.042684800315,10673.042535070566,10571.643663240524,10591.943359375,4768832500
2025-07-24,10633.243459740896,10783.042470652037,10591.94387389753,10689.04296875,5054359700
2025-07-25,10707.943011309759,10722.942931478758,10622.843854840556,10642.54296875,4019066700
2025-07-28,10672.943644761379,10682.243400344341,10540.844732894577,10542.0439453125,4598116000
2025-07-29,10555.144170851074,10589.543402329766,10487.244140625,10487.244140625,4746573200
2025-07-30,10492.844422602006,10648.843590514472,10481.444092785485,10618.943359375,6994997000
2025-07-31,10650.443848111774,10747.843725219489,10640.743703940938,10743.1435546875,5169761000
2025-08-01,10755.042926062093,10774.843602954725,10702.443593906293,10746.943359375,5082905900
2025-08-04,10807.242432759622,10926.241801032962,10806.742435413937,10853.4423828125,4627162600
2025-08-05,10886.442188985095,10899.842508449467,10839.342829725028,10849.9423828125,4106860600
2025-08-06,10876.342903458626,10926.242053777994,10800.542522853322,10900.9423828125,5618364500
2025-08-07,10940.541098519749,11044.341324638157,10935.141713333576,10956.041015625,5866227400
2025-08-08,10966.441438821952,11015.641371405103,10938.34197949904,10972.541015625,6476361400
2025-08-11,11041.241195012833,11090.141326063685,11004.641779916697,11038.2412109375,5117157400
2025-08-12,11041.74074398575,11044.740727939263,10935.841896361135,10954.44140625,5536909400
2025-08-13,10960.142524453167,11026.441980281465,10911.042196875273,10949.9423828125,5286842000
2025-08-14,10908.041547733632,10963.04125497959,10823.541997510301,10824.5419921875,7416283200
2025-08-15,10796.343166713903,10905.342588983725,10786.742631662166,10870.5419921875,6560089100
2025-08-18,10911.242285024016,10942.541924712454,10850.142997739787,10929.7421875,7954065300
2025-08-19,10960.741217352746,10993.540846719727,10915.541263642961,10961.94140625,9390284400
2025-08-20,10961.9423150443,11157.241092012353,10933.5420738697,11134.6416015625,7883999600
2025-08-21,11195.941050460431,11334.440321225773,11186.94109784752,11313.8408203125,1046732400
2025-08-22,11347.400390625,11398.2998046875,11289.5,11372.2998046875,1133918500
2025-08-25,11468.0,11519.599609375,11447.2001953125,11477.7998046875,10165200000
2025-08-26,11489.099609375,11605.2998046875,11430.099609375,11529.7998046875,12266700000
2025-08-27,11561.7001953125,11565.0,11359.0,11359.0,7870100000
2025-08-28,11392.0,11478.2998046875,11347.599609375,11368.7998046875,6767600000
2025-08-29,11388.2998046875,11405.5,11262.7998046875,11288.099609375,7167500000
2025-09-01,11308.2001953125,11334.400390625,11244.2998046875,11280.0,6947600000
2025-09-02,11304.5,11331.599609375,10616.599609375,10877.5,11272000000
2025-09-03,10877.5,10877.5,10612.2998046875,10737.7001953125,8133000000
2025-09-04,10763.099609375,10870.7001953125,10763.099609375,10828.900390625,7515000000
2025-09-05,10879.5,10961.7001953125,10727.099609375,10729.5,9124700000
2025-09-08,10568.2998046875,10626.7001953125,10406.900390625,10449.400390625,7417400000
2025-09-09,10461.2001953125,10594.099609375,10398.7998046875,10486.099609375,7032000000
2025-09-10,10549.900390625,10590.599609375,10445.7998046875,10586.2998046875,5534800000
2025-09-11,10573.2998046875,10735.2001953125,10366.7001953125,10382.900390625,8218000000
2025-09-12,10375.7001953125,10435.5,10265.7001953125,10372.0,5939400000
2025-09-15,10357.7001953125,11008.400390625,10264.2998046875,11000.2998046875,9347500000
2025-09-16,11034.0,11194.900390625,11000.0,11183.0,9370400000
2025-09-17,11186.2998046875,11244.2001953125,11147.2001953125,11165.900390625,8496300000
2025-09-18,11229.2998046875,11288.2998046875,11023.0,11048.099609375,7521000000
2025-09-19,11077.5,11297.400390625,11040.2998046875,11294.5,8201200000
2025-09-22,11533.2001953125,11540.7001953125,11452.900390625,11468.099609375,7692500000
2025-09-23,11363.2998046875,11432.7998046875,11293.5,11331.7998046875,6541700000
2025-09-24,11354.599609375,11423.7001953125,11133.2001953125,11366.900390625,8781100000
2025-09-25,11442.400390625,11470.2001953125,11305.900390625,11377.599609375,5822900000
2025-09-26,11366.7998046875,11366.7998046875,11137.2001953125,11151.2001953125,5773000000
2025-09-29,11112.2998046875,11205.599609375,11048.099609375,11048.099609375,5908700000
2025-09-30,11056.2001953125,11070.2998046875,10943.5,11012.099609375,5808900000
2025-10-01,10992.7998046875,11259.2998046875,10896.400390625,11220.2001953125,8434700000
2025-10-02,11223.7001953125,11256.5,11051.599609375,11082.599609375,8344200000
2025-10-03,11116.900390625,11126.099609375,10831.0,10858.5,5868400000
2025-10-06,10884.900390625,10928.400390625,10706.099609375,10734.900390625,5704700000
2025-10-07,10741.7998046875,10847.400390625,10717.2998046875,10814.099609375,5732800000
2025-10-08,10787.5,10907.2998046875,10729.900390625,10756.2998046875,6148500000
2025-10-09,10856.7001953125,10862.7998046875,10684.0,10727.0,6344100000
2025-10-10,10737.900390625,10784.599609375,10654.2001953125,10720.400390625,5940500000
2025-10-13,10586.0,10683.0,10528.400390625,10556.2001953125,5756300000
2025-10-14,10567.7001953125,10594.2001953125,10301.2001953125,10316.400390625,6084200000
2025-10-15,10357.2001953125,10501.2998046875,10288.7001953125,10464.5,6591100000
2025-10-16,10437.7998046875,10562.2998046875,10335.2001953125,10370.7998046875,6570900000
2025-10-17,10338.2001953125,10344.900390625,10053.7001953125,10208.7998046875,6527400000
2025-10-20,10247.2998046875,10522.599609375,10109.0,10484.400390625,6695700000
2025-10-21,10487.400390625,10534.2001953125,10408.099609375,10467.2001953125,6689800000
2025-10-22,10512.400390625,10661.900390625,10502.2998046875,10551.2998046875,7417100000
2025-10-23,10584.599609375,10678.400390625,10563.900390625,10608.2998046875,12483400000
2025-10-24,10699.7998046875,11158.099609375,10662.2998046875,10941.7998046875,11807500000
2025-10-27,10928.400390625,10948.099609375,10823.2001953125,10853.400390625,6789400000
2025-10-28,10858.7001953125,10920.5,10847.400390625,10871.099609375,3265800000
2025-10-30,10907.400390625,10946.0,10824.599609375,10837.2998046875,6414800000
2025-10-31,10854.900390625,10994.400390625,10816.900390625,10971.5,8021200000
2025-11-03,11019.599609375,11152.2998046875,11011.900390625,11060.400390625,8573400000
2025-11-04,11049.900390625,11083.2998046875,10871.7998046875,10914.099609375,7816000000
2025-11-05,10927.7998046875,11000.099609375,10849.0,10970.400390625,8034600000
2025-11-06,11029.2998046875,11108.099609375,10969.400390625,11073.2998046875,7668900000
2025-11-07,11082.7001953125,11092.900390625,10869.0,10924.5,7431700000
2025-11-10,10974.2998046875,11044.5,10788.7001953125,10789.0,6249800000
2025-11-11,10810.599609375,10839.099609375,10373.7998046875,10576.5,8288600000
2025-11-12,10655.7001953125,10706.599609375,10581.0,10640.900390625,7125100000
2025-11-13,10675.400390625,10714.7001953125,10581.0,10628.599609375,5470900000
2025-11-14,10604.900390625,10607.400390625,10440.400390625,10565.7001953125,6635800000
2025-11-17,10634.0,10774.2001953125,10585.2998046875,10698.099609375,6280600000
2025-11-18,10669.5,10791.2001953125,10636.400390625,10728.599609375,6159700000
2025-11-19,10772.0,10933.2001953125,10758.599609375,10903.900390625,6535500000
2025-11-20,10959.0,11038.7998046875,10887.0,10979.7001953125,7649600000
2025-11-21,10936.7001953125,10945.2001953125,10815.7001953125,10922.900390625,6907200000
2025-11-24,10894.7001953125,10944.5,10816.400390625,10888.0,6108700000
2025-11-25,10928.2001953125,10998.2001953125,10832.7998046875,10857.2001953125,6386300000
2025-11-26,10874.2001953125,10953.0,10865.7001953125,10914.7001953125,5149100000
2025-11-27,10973.5,11032.5,10934.2001953125,10945.5,4966700000
2025-11-28,10934.400390625,10953.0,10879.599609375,10898.7001953125,4128400000
2025-12-01,10898.099609375,11125.7001953125,10870.099609375,11116.5,5268300000
2025-12-02,11151.7998046875,11184.099609375,11093.2001953125,11123.5,5284600000
2025-12-03,11118.5,11201.7001953125,11017.7998046875,11036.7998046875,6511600000
2025-12-04,11029.099609375,11077.7001953125,10896.7001953125,10918.5,4785400000
2025-12-05,10923.599609375,11015.5,10909.2998046875,11007.400390625,6036000000
2025-12-08,11082.099609375,11250.400390625,11074.7001953125,11189.5,5712400000
2025-12-09,11210.2998046875,11244.2001953125,11148.0,11238.400390625,5402600000
2025-12-10,11273.2998046875,11316.5,11170.7998046875,11193.900390625,5289900000
2025-12-11,11226.7001953125,11300.2998046875,11198.7998046875,11233.7001953125,5366200000
2025-12-12,11269.5,11331.0,11253.2998046875,11311.2998046875,4588100000
2025-12-15,11349.2001953125,11468.7998046875,11328.599609375,11456.2998046875,4697700000
2025-12-16,11470.0,11470.0,11309.0,11348.7998046875,4198800000
2025-12-17,11338.7001953125,11364.5,11250.5,11286.7998046875,3937600000
2025-12-18,11317.900390625,11385.2001953125,11307.7001953125,11335.099609375,4332300000
2025-12-19,11346.2001953125,11354.2998046875,11291.099609375,11341.900390625,3638800000
2025-12-22,11383.5,11402.400390625,11266.0,11311.099609375,5027700000
2025-12-23,11307.2001953125,11367.2998046875,11276.2001953125,11290.400390625,4885400000
2025-12-24,11317.0,11386.099609375,11313.7998046875,11340.099609375,7012400000
2025-12-26,11340.400390625,11352.2001953125,11228.599609375,11294.400390625,4823000000
2025-12-29,11305.099609375,11324.7998046875,11150.900390625,11150.900390625,4535300000
2025-12-30,11172.599609375,11235.5,11102.2001953125,11220.2001953125,5401300000
2025-12-31,11249.7001953125,11324.400390625,11238.599609375,11261.5,4050400000
2026-01-02,11296.5,11498.400390625,11296.5,11498.400390625,5742300000
2026-01-05,11547.7001953125,11726.2001953125,11510.2001953125,11702.0,6455800000
2026-01-06,11741.5,12032.400390625,11732.400390625,12023.7998046875,6199000000
2026-01-07,12071.400390625,12124.599609375,11990.2998046875,12028.7998046875,6120000000
2026-01-08,12034.900390625,12152.599609375,11907.7998046875,12088.0,5653900000
2026-01-09,12130.2001953125,12201.0,12066.0,12201.0,9496600000
2026-01-12,12268.0,12378.7998046875,12228.0,12254.7998046875,7846600000
2026-01-13,12261.400390625,12428.400390625,12236.0,12385.599609375,8717800000
2026-01-14,12425.900390625,12444.5,12323.7001953125,12369.900390625,6430600000
2026-01-15,12352.5,12472.900390625,12300.400390625,12456.7001953125,7258100000
2026-01-16,12486.5,12668.5,12449.5,12668.5,8709400000
2026-01-19,12740.7001953125,12837.900390625,12700.2998046875,12747.900390625,7847200000
2026-01-20,12760.7998046875,12914.099609375,12706.2998046875,12805.7998046875,6838900000
2026-01-21,12839.900390625,12847.2001953125,12575.7001953125,12728.2001953125,7685300000
2026-01-22,12771.5,12862.0,12682.599609375,12851.5,7587200000
2026-01-23,12924.2001953125,13030.7998046875,12904.599609375,12992.7001953125,6740800000
2026-01-26,12929.2998046875,13182.099609375,12886.2001953125,13177.2998046875,9555400000
2026-01-27,13225.0,13263.0,13053.900390625,13107.0,7475500000
2026-01-28,13150.099609375,13512.400390625,13144.2001953125,13407.400390625,12824200000
2026-01-29,13502.2998046875,13906.5,13480.599609375,13831.099609375,13974900000
2026-01-30,13827.400390625,13876.7998046875,13649.099609375,13838.2998046875,9811000000
2026-02-02,13598.400390625,13873.900390625,13393.7998046875,13621.0,8998400000
2026-02-03,13725.5,13926.599609375,13660.7998046875,13875.2998046875,9163600000
2026-02-04,13964.0,13998.2001953125,13835.0,13891.2001953125,8678100000
2026-02-05,13867.099609375,13977.900390625,13589.099609375,13589.099609375,7718500000
2026-02-06,13585.599609375,13628.0,13402.599609375,13522.0,6673000000
2026-02-09,13641.5,13858.2001953125,13620.599609375,13838.400390625,9204600000
2026-02-10,13855.7998046875,13888.2001953125,13726.2001953125,13797.0,7359800000
2026-02-11,13729.400390625,13912.900390625,13680.900390625,13787.7998046875,11761800000
2026-02-12,13795.0,14196.900390625,13784.7998046875,14180.5,12788600000
2026-02-13,14159.0,14320.900390625,14109.2001953125,14180.7001953125,9409300000
2026-02-16,14269.2001953125,14433.2001953125,14208.0,14339.2998046875,9800800000
2026-02-17,14314.099609375,14409.2998046875,14227.2998046875,14227.2998046875,10061600000
2026-02-18,14260.7998046875,14532.7001953125,14154.2001953125,14259.900390625,13066000000
2026-02-19,14340.2998046875,14343.099609375,13728.599609375,13804.2001953125,9025500000
2026-02-20,13782.5,13934.099609375,13718.099609375,13934.099609375,9226800000
2026-02-23,14092.2001953125,14190.099609375,14020.0,14061.7001953125,7659500000
2026-02-24,14011.2001953125,14093.0,13897.2001953125,14050.7998046875,6349300000
2026-02-25,14049.599609375,14068.2998046875,13752.7998046875,13809.900390625,6634000000
2026-02-26,13780.099609375,13906.099609375,13652.400390625,13878.5,8459100000
2026-02-27,13889.7001953125,13967.2001953125,13552.7998046875,13717.7998046875,8938500000
2026-03-02,12987.400390625,13456.599609375,12987.400390625,13346.400390625,6994500000
2026-03-03,13296.0,13380.0,12905.5,12933.400390625,6395900000
2026-03-04,12916.7001953125,13086.2001953125,12824.7998046875,12943.2001953125,5857700000
2026-03-05,13062.599609375,13202.599609375,13048.0,13078.900390625,4047300000
2026-03-06,13080.900390625,13148.7001953125,12746.2001953125,12792.7998046875,4944900000
2026-03-09,12602.7001953125,12717.599609375,12433.0,12702.0,6484000000
2026-03-10,12951.599609375,13199.5,12904.099609375,13175.7001953125,6231800000
2026-03-11,13188.7001953125,13269.5,13032.5,13200.400390625,5990400000
2026-03-12,13161.7001953125,13441.400390625,13156.5,13286.099609375,8463400000
2026-03-13,13253.2998046875,13259.099609375,12944.7001953125,13092.900390625,10364200000
2026-03-16,13119.900390625,13137.7001953125,12880.0,12956.7001953125,5958000000
2026-03-17,13008.2998046875,13253.599609375,12994.7998046875,13217.599609375,5805700000
2026-03-18,13260.099609375,13298.5,13062.2998046875,13115.099609375,5822700000
2026-03-19,13035.400390625,13109.7001953125,12981.0,13047.7001953125,2243800000
2026-03-23,12853.099609375,13168.2001953125,12632.400390625,13168.2001953125,11038400000
2026-03-24,13104.599609375,13136.599609375,12908.900390625,12930.2001953125,5722100000
2026-03-25,13029.2998046875,13100.400390625,12961.5,12963.900390625,6379900000
2026-03-26,12911.400390625,12978.400390625,12716.7998046875,12727.099609375,6734900000
2026-03-27,12803.0,12825.0,12601.599609375,12698.2001953125,4888600000
2026-03-30,12709.2998046875,12777.7998046875,12622.599609375,12626.400390625,4462800000
2026-03-31,12650.599609375,12848.7001953125,12634.900390625,12791.0,5176500000
2026-04-01,12996.2001953125,13031.599609375,12895.099609375,12937.900390625,6534700000
2026-04-02,12836.7998046875,13078.2998046875,12820.900390625,13051.7001953125,7942800000
2026-04-03,13073.5,13075.599609375,12916.400390625,12936.400390625,5735500000
2026-04-06,12969.0,13167.900390625,12960.2001953125,13112.2998046875,7806200000
2026-04-07,13108.5,13179.900390625,12876.2998046875,12921.599609375,7085600000
2026-04-08,13353.400390625,13679.900390625,13333.7001953125,13536.7998046875,9863100000
2026-04-09,13530.599609375,13712.5,13529.099609375,13689.0,8298400000
2026-04-10,13774.5,14073.7998046875,13763.7998046875,14073.7998046875,10909800000
2026-04-13,13924.2001953125,14099.2001953125,13842.7998046875,14058.5,10001000000
2026-04-14,14170.0,14356.2001953125,14098.400390625,14202.2001953125,11794500000
2026-04-15,14236.2001953125,14314.099609375,14181.599609375,14252.400390625,12480200000
2026-04-16,14349.2998046875,14431.7998046875,14124.7998046875,14201.099609375,13979500000
2026-04-17,14235.599609375,14601.099609375,14183.2001953125,14587.900390625,19679600000
2026-04-20,14462.400390625,14609.900390625,14414.7998046875,14484.900390625,12432000000
2026-04-21,14535.099609375,14616.099609375,14375.400390625,14375.400390625,11988700000
2026-04-22,14458.900390625,14498.5,14243.599609375,14335.5,8032300000
2026-04-24,14340.7001953125,14409.099609375,14212.2998046875,14409.099609375,9496300000
2026-04-27,14446.2998046875,14622.0,14423.900390625,14594.0,14002900000
2026-04-28,14608.5,14608.5,14329.2998046875,14329.2998046875,13263000000
2026-04-29,14421.7001953125,14476.2001953125,14246.2998046875,14311.2001953125,11515400000
2026-04-30,14284.0,14469.2998046875,14250.2998046875,14442.599609375,10710700000
2026-05-04,14506.7998046875,14544.599609375,14321.0,14369.599609375,11036400000
2026-05-05,14401.7001953125,14579.0,14358.0,14495.7998046875,12698400000
2026-05-06,14677.2998046875,15043.599609375,14625.7001953125,14917.400390625,16291700000
2026-05-07,14987.2001953125,15050.400390625,14909.7998046875,15040.2998046875,17513400000
2026-05-08,15033.2001953125,15167.099609375,14933.5,15062.7001953125,16960900000
2026-05-11,15026.0,15204.900390625,14991.7001953125,15133.5,16605600000
2026-05-12,15141.400390625,15141.400390625,14775.5,14779.900390625,18962500000
2026-05-13,14846.7001953125,14867.7998046875,14566.2001953125,14598.5,15384900000
2026-05-14,14612.0,14762.5,14604.400390625,14644.7001953125,11236200000
2026-05-15,14526.5,14538.400390625,14265.7001953125,14367.599609375,9282800000
2026-05-18,14333.7001953125,14342.5,14029.5,14029.5,10696300000
2026-05-20,14009.0,14089.7998046875,13856.099609375,14012.0,10129900000
2026-05-21,14040.099609375,14063.599609375,13163.900390625,13163.900390625,9593700000
2026-05-22,12966.2998046875,13865.0,12966.2998046875,13808.2001953125,12346900000
2026-05-25,13889.400390625,13936.900390625,13766.5,13890.900390625,8453000000
2026-05-26,13902.599609375,13920.900390625,13662.7998046875,13662.7998046875,3431900000
2026-06-01,13722.5,13922.5,13676.0,13704.0,8546900000
2026-06-02,13798.5,14200.2001953125,13798.5,14200.2001953125,8531000000
2026-06-03,14191.2001953125,14220.0,13940.5,13965.7001953125,9905000000
2026-06-04,14061.7998046875,14189.0,13680.2998046875,13872.2998046875,9828300000
2026-06-05,13889.400390625,13903.400390625,13661.7998046875,13694.2001953125,8744300000
2026-06-08,13590.2001953125,13922.900390625,13580.400390625,13860.599609375,9281100000
2026-06-09,13900.2998046875,13935.099609375,13714.2001953125,13741.900390625,8539700000
2026-06-10,13725.2001953125,13835.5,13600.2998046875,13744.599609375,6846000000
2026-06-11,13785.900390625,13889.599609375,13567.400390625,13743.5,12496400000
2026-06-12,13912.099609375,14125.7998046875,13801.2998046875,13938.5,9534100000
2026-06-15,14359.5,14508.599609375,14251.5,14446.400390625,8754000000
2026-06-16,14482.900390625,14575.2998046875,14417.900390625,14493.099609375,9631500000
2026-06-17,14583.2001953125,14604.599609375,14375.400390625,14421.2001953125,9958800000
2026-06-18,14454.2998046875,14827.400390625,14454.2998046875,14827.400390625,9232300000
2026-06-19,14711.0,14876.099609375,14657.7998046875,14734.5,8297900000
2026-06-22,14791.2998046875,14871.5,14697.7998046875,14729.7001953125,8207800000
2026-06-23,14649.099609375,14649.099609375,14467.2998046875,14539.599609375,7815800000
2026-06-24,14552.5,14557.099609375,14323.5,14331.2001953125,7495600000
2026-06-25,14450.099609375,14583.099609375,14212.099609375,14259.7998046875,8846000000
2026-06-26,14262.2998046875,14358.599609375,14147.099609375,14274.0,6552700000
2026-06-29,14321.400390625,14366.0,14113.900390625,14183.2001953125,6389500000
2026-06-30,14220.099609375,14297.099609375,14059.2001953125,14121.7998046875,7972100000
2026-07-01,14110.5,14395.0,14031.7001953125,14350.599609375,7354100000
2026-07-02,14382.099609375,14487.2001953125,14379.2001953125,14455.0,6639100000
2026-07-03,14511.7001953125,14511.7001953125,14372.099609375,14417.900390625,7583300000
2026-07-06,14491.2001953125,14629.7001953125,14417.2001953125,14424.5,6707800000
2026-07-07,14407.900390625,14611.400390625,14397.400390625,14497.400390625,7336500000
2026-07-08,14456.7998046875,14461.599609375,14179.0,14190.0,7591100000
2026-07-09,14253.099609375,14275.099609375,14053.5,14105.400390625,8738500000
2026-07-10,14109.2001953125,14379.7001953125,14092.7998046875,14321.2001953125,9505200000
2026-07-13,14265.5,14265.5,14033.099609375,14092.0,8336800000
2026-07-14,13988.400390625,14115.599609375,13942.0,14080.0,7636300000
2026-07-16,14029.2001953125,14254.599609375,14029.2001953125,14251.2998046875,7269800000
2026-07-17,14145.7998046875,14153.7001953125,13962.599609375,13981.099609375,6522600000
2026-07-20,13936.2001953125,14194.0,13910.5,14071.0,9012300000
2026-07-21,14038.2001953125,14127.7998046875,13916.099609375,13974.099609375,7354500000
2026-07-22,14010.400390625,14143.7001953125,13929.900390625,14138.900390625,11605900000
2026-07-23,14150.5,14228.0,14031.900390625,14077.7001953125,10757400000
2026-07-24,14053.099609375,14188.599609375,13875.599609375,13943.900390625,9392500000
2026-07-27,14028.400390625,14085.400390625,13774.0,13774.7998046875,7484400000
2026-07-28,13786.5,13872.900390625,13635.400390625,13687.900390625,7604600000
2026-07-29,13692.2998046875,13721.900390625,13449.0,13501.599609375,6969800000
2026-07-30,13484.5,13489.099609375,13223.7001953125,13292.900390625,7911200000
2026-07-31,13310.2998046875,13458.099609375,13216.2001953125,13458.099609375,6451200000
2026-08-03,13544.2998046875,13588.5,13376.0,13410.5,8016200000
2026-08-04,13399.400390625,13687.900390625,13395.900390625,13687.900390625,7674700000
2026-08-05,13707.7001953125,13779.7001953125,13564.7998046875,13703.099609375,8222200000
2026-08-06,13728.7001953125,13805.400390625,13667.7998046875,13798.7998046875,6905700000
2026-08-07,13827.099609375,13956.2001953125,13698.7998046875,13779.400390625,7361000000
2026-08-10,13825.099609375,13910.900390625,13779.099609375,13811.599609375,8986300000
2026-08-11,13790.5,13794.599609375,13562.5,13704.5,8079500000
2026-08-12,13705.0,14131.0,13701.0,14110.099609375,10561100000
2026-08-13,14124.2001953125,14228.7998046875,14064.7998046875,14132.2001953125,8086700000
2026-08-14,14137.400390625,14250.0,14092.7998046875,14172.2998046875,6398400000
2026-08-17,14192.900390625,14236.900390625,14053.2998046875,14132.099609375,6927800000
2026-08-18,14115.2001953125,14209.2001953125,14043.7998046875,14128.0,7608000000
2026-08-19,14103.599609375,14485.900390625,14071.599609375,14459.0,7424900000
2026-08-20,14469.099609375,14562.5,14268.7998046875,14396.5,7051300000
2026-08-21,14396.7001953125,14601.0,14383.5,14514.7998046875,8127100000
2026-08-24,14637.7001953125,14650.2001953125,14477.7001953125,14501.5,8263700000
2026-08-25,14457.7998046875,14541.7001953125,14341.900390625,14473.400390625,6093900000
2026-08-26,14522.599609375,14730.2001953125,14515.5,14610.900390625,7271000000
