Date,open,high,low,close,volume
2018-01-01,2.1834864616394043,2.1834864616394043,2.1834864616394043,2.1834864616394043,0.0
2018-01-02,2.191256916014662,2.230108952861156,2.191256916014662,2.2145681381225586,36192471.0
2018-01-03,2.2223386712316824,2.2223386712316824,2.136864185333252,2.136864185333252,64887977.0
2018-01-04,2.1368641394180337,2.167945769985969,2.0980121012081137,2.1057825088500977,58143108.0
2018-01-05,2.1135529164920817,2.1213233241340657,2.0902416935661297,2.1057825088500977,37414103.0
2018-01-08,2.1213233697153555,2.1601754087600966,2.1135529619064073,2.136864185333252,43521111.0
2018-01-09,2.136864030499346,2.1524048449911786,2.1057824015156803,2.1135528087615967,54971667.0
2018-01-10,2.1135529619064073,2.1524050009511484,2.105782554097459,2.136864185333252,65019194.0
2018-01-11,2.152405023574829,2.1834866551373175,2.136864207793585,2.152405023574829,74401637.0
2018-01-12,2.1601755182326894,2.1679459264354235,2.129093885421753,2.129093885421753,46984578.0
2018-01-15,2.121323364316414,2.136864179894758,2.043619286424695,2.051389694213867,77238161.0
2018-01-16,2.0436193526517012,2.105782616979584,2.020307943267604,2.0980122089385986,64017646.0
2018-01-17,2.098011994269764,2.121323216007513,2.074700772532015,2.1135528087615967,61964343.0
2018-01-18,2.1213231676218407,2.12909357469052,2.0824711322784424,2.0824711322784424,54150419.0
2018-01-19,2.0980121409488985,2.1057825487380706,2.043619286424695,2.051389694213867,52072036.0
2018-01-22,2.0669303777622465,2.0747007850550654,2.0280781560370276,2.043619155883789,60207224.0
2018-01-23,2.0591601020030392,2.066930509792211,2.0358486933743882,2.051389694213867,58982822.0
2018-01-24,2.051389609956892,2.08247123983696,2.0436192024868753,2.0747008323669434,77833242.0
2018-01-25,2.074700922861666,2.175716224377993,2.066930515052718,2.136864185333252,153135442.0
2018-01-26,2.1524051765707264,2.199027627228446,2.0824715005841465,2.0902419090270996,159802244.0
2018-01-29,2.105782571827304,2.113552979701676,2.0436193088323287,2.0669305324554443,94534124.0
2018-01-30,2.0591599704694272,2.0747007850550654,2.035848563329847,2.043619155883789,56325167.0
2018-01-31,2.0513895867432796,2.066930401507453,2.0436191793611926,2.059159994125366,40463799.0
2018-02-01,2.0669305424633273,2.0824713582873184,2.0203079097302163,2.028078317642212,71654521.0
2018-02-02,2.035848617553711,2.090241655313301,2.028078210053931,2.035848617553711,102053286.0
2018-02-05,2.0358488343854764,2.0747010612835326,2.0125376094033314,2.020308017730713,100205476.0
2018-02-06,1.9814560413360596,1.989226449919293,1.950374407003126,1.9814560413360596,79578285.0
2018-02-07,1.9969968585025264,2.012537675668993,1.9814560413360596,1.9814560413360596,68230388.0
2018-02-08,1.9892263959670118,1.9969968043394943,1.9426039457321167,1.9426039457321167,57668340.0
2018-02-09,1.9115221614011533,1.9270629769197696,1.895981345882537,1.9192925691604614,72995390.0
2018-02-12,1.9270629769197696,1.942603792438386,1.9192925691604614,1.9192925691604614,51346996.0
2018-02-13,1.9270630745875623,1.9270630745875623,1.9037518501281738,1.9037518501281738,39866375.0
2018-02-14,1.9192926664344327,1.9192926664344327,1.8882110338219147,1.9037518501281738,37710853.0
2018-02-15,1.9192924734491226,1.934833288192749,1.9115220660773093,1.934833288192749,47319063.0
2018-02-16,1.9503741029363755,1.9581445103081887,1.9192924734491226,1.934833288192749,51200519.0
2018-02-19,1.9426035385968659,1.950373945340809,1.9115219116210938,1.9115219116210938,49826323.0
2018-02-20,1.9348333846790777,1.9736854234756187,1.9115221614011533,1.9192925691604614,102963105.0
2018-02-21,1.9503740072250366,1.9581444142155302,1.927062786253556,1.9503740072250366,51659415.0
2018-02-22,1.9503743004538843,1.9892263412475584,1.9426038922951494,1.9892263412475586,77733307.0
2018-02-23,1.996996533750947,2.0203077557097764,1.9892261264313371,2.0047669410705566,69196152.0
2018-02-26,2.0203077557097764,2.0358485703489957,1.9892261264313371,2.0047669410705566,56965362.0
2018-02-27,2.0358488343854764,2.0513898363013876,2.0125376094033314,2.020308017730713,149607684.0
2018-02-28,2.028078179335894,2.0824712162716263,2.028078179335894,2.059159994125366,142876696.0
2018-03-01,2.0513895631766084,2.0669303777622465,2.0203077487442083,2.043619155883789,79625477.0
2018-03-02,2.0358487255542075,2.0669305424633273,2.004767093906225,2.028078317642212,82553313.0
2018-03-05,2.0358487255542075,2.043619318727341,2.0125375018182208,2.028078317642212,45488385.0
2018-03-06,2.0358488013752907,2.0436193948378243,1.9969967603683472,1.9969967603683472,55778194.0
2018-03-07,1.996996526865751,2.043619155883789,1.9814557122801126,2.043619155883789,67959074.0
2018-03-08,2.043619427974006,2.0513898363013876,1.996996792748568,2.020308017730713,62032336.0
2018-03-09,2.020308017730713,2.0280784260580944,2.0047672010759494,2.020308017730713,35427211.0
2018-03-12,2.035848617553711,2.05916002531418,2.028078210053931,2.035848617553711,46068573.0
2018-03-13,2.0436192103146196,2.0513896178144,2.01253739505437,2.035848617553711,46510210.0
2018-03-14,2.020308017730713,2.0358488343854764,2.0047672010759494,2.020308017730713,37545787.0
2018-03-15,2.0203077557097764,2.028078163029386,1.996996533750947,2.0047669410705566,43792751.0
2018-03-16,2.0125373483901665,2.0125373483901665,1.996996533750947,2.0047669410705566,31036325.0
2018-03-19,1.989226066725769,1.9969964738121542,1.9581444383802287,1.9659148454666138,69104988.0
2018-03-20,1.9659149761935997,1.989226199002876,1.9581445685905077,1.973685383796692,32237977.0
2018-03-21,1.9736856327528263,1.989226449919293,1.9659152241695927,1.9814560413360596,35717056.0
2018-03-22,1.981455659639384,1.9969964738121542,1.9581444383802287,1.9659148454666138,42261496.0
2018-03-23,1.942603600234543,1.9659148212060238,1.927062786253556,1.9503740072250366,38356129.0
2018-03-26,1.9736852525529989,1.981455659639384,1.9581444383802287,1.9659148454666138,32827643.0
2018-03-27,1.9736854622582432,2.043619318727341,1.9736854622582432,2.028078317642212,130628130.0
2018-03-28,2.0203079286422776,2.028078336627012,1.9581446647644043,1.9581446647644043,74523722.0
2018-03-29,1.9736853837966917,1.981455791399784,1.9581445685905077,1.973685383796692,48514736.0
2018-03-30,1.9736852525529989,1.9969964738121542,1.9581444383802287,1.9659148454666138,42766440.0
2018-04-02,1.9736854807338726,1.9814558887186067,1.9581446647644043,1.9581446647644043,22716367.0
2018-04-03,1.9659148454666138,1.981455659639384,1.9581444383802287,1.9659148454666138,43984482.0
2018-04-04,1.973685535764181,2.0358488013752907,1.973685535764181,1.9969967603683472,117387264.0
2018-04-05,2.0047670715751935,2.0280782950515173,1.9969966637497523,2.0125374794006348,59153847.0
2018-04-06,1.9969968585025264,1.9969968585025264,1.9736856327528263,1.9814560413360596,53894570.0
2018-04-09,1.981455659639384,1.9969964738121542,1.9503740312938436,1.9659148454666138,62056674.0
2018-04-10,1.981455931659469,1.981455931659469,1.8959814419750443,1.9037518501281738,77393989.0
2018-04-11,1.9115219116210938,1.9270627251089798,1.82604725217661,1.9115219116210938,119371932.0
2018-04-12,1.9115221614011533,1.9270629769197696,1.895981345882537,1.9192925691604614,79824130.0
2018-04-13,1.934833471548286,1.934833471548286,1.880440614791025,1.8959814310073853,50566038.0
2018-04-16,1.8959812397742069,1.9348332763963987,1.8959812397742069,1.9270628690719604,50231356.0
2018-04-17,1.9503743885629992,1.9581447970727661,1.872670303465331,1.8804407119750977,96159466.0
2018-04-18,1.8804405303639207,1.9270629769197696,1.849358899326688,1.9192925691604614,80311064.0
2018-04-19,1.9270631289871518,1.9503743541045993,1.9192927206146693,1.9426039457321167,67614390.0
2018-04-20,1.9426036837208371,1.9426036837208371,1.9115220544230835,1.9270628690719604,30322324.0
2018-04-23,1.9270628690719604,1.9270628690719604,1.9270628690719604,1.9270628690719604,0.0
2018-04-24,1.9270628690719604,1.9503740910452756,1.919292461747522,1.9270628690719604,51354935.0
2018-04-25,1.9270629067708802,1.9348333142473302,1.87267005443573,1.87267005443573,77217770.0
2018-04-26,1.8959812768650801,1.90375168434153,1.86489964695928,1.87267005443573,46198242.0
2018-04-27,1.8804404851050192,1.8882108926773074,1.8571292623881548,1.8882108926773071,33815341.0
2018-04-30,1.8882108693886301,1.9348333142473302,1.85712923948283,1.87267005443573,76248700.0
2018-05-01,1.87267005443573,1.87267005443573,1.87267005443573,1.87267005443573,0.0
2018-05-02,1.911521995861918,1.9736852525529989,1.903751588775533,1.9659148454666138,69466695.0
2018-05-03,1.9736852525529989,2.0203076950713093,1.9426036242074585,1.9659148454666138,70230046.0
2018-05-04,1.9581445685905077,1.996996606605968,1.9581445685905077,1.973685383796692,51587715.0
2018-05-07,1.9892260421775043,2.0047668561584913,1.942603600234543,1.9503740072250366,40992954.0
2018-05-08,1.9659150157163106,1.9736854234756187,1.9115221614011533,1.9192925691604614,57981391.0
2018-05-09,1.9037516470986453,1.9581444983697138,1.8882108324497684,1.9270628690719604,52603276.0
2018-05-10,1.9426036837208371,1.9503740910452756,1.8959812397742069,1.9270628690719604,55599664.0
2018-05-11,1.934833482740692,1.934833482740692,1.8959814419750443,1.9037518501281738,32073488.0
2018-05-14,1.9115222168559993,1.9659150727491383,1.9037518088712653,1.9581446647644043,37999902.0
2018-05-15,1.9503742877646464,1.9659151039810068,1.8959814310073853,1.8959814310073853,69948161.0
2018-05-16,1.9037517078218835,1.9037517078218835,1.872670077532731,1.8882108926773071,52567272.0
2018-05-17,1.8804405703735045,1.8959813862227783,1.857129346599594,1.864899754524231,30405177.0
2018-05-18,1.8648996311043742,1.8726700385147623,1.7871953717393685,1.8182770013809204,65639866.0
2018-05-21,1.8027361150650683,1.8182769292695078,1.763884079553969,1.771654486656189,32258354.0
2018-05-22,1.7794249528196167,1.8105065822601318,1.7716545454594879,1.8105065822601318,65693151.0
2018-05-23,1.802736031551513,1.810506438293761,1.7716544045825213,1.7949656248092651,51438803.0
2018-05-24,1.810506583934693,1.810506583934693,1.7250321028942197,1.7328025102615356,50412488.0
2018-05-25,1.7405729640214145,1.7716545943191153,1.7328025564469893,1.76388418674469,47653785.0
2018-05-28,1.7949657791497564,1.8260474087913083,1.7949657791497564,1.8182770013809204,31206541.0
2018-05-29,1.8338177971528944,1.857129204403037,1.818276982493549,1.8493587970733643,27520623.0
2018-05-30,1.8571292116820295,1.8804404337624159,1.802736174900003,1.8105065822601318,47126789.0
2018-05-31,1.815145764224475,1.8403560970166868,1.7311111212298544,1.7479180097579956,48122617.0
2018-06-01,1.739514200686185,1.7479176431879009,1.6722866606724576,1.7059004306793213,70867001.0
2018-06-04,1.6974972024215464,1.7311109766708606,1.6974972024215464,1.7143040895462036,36428566.0
2018-06-05,1.722707352462052,1.739514237824306,1.6470763683319092,1.6470763683319092,56579723.0
2018-06-06,1.6638834248927767,1.6638834248927767,1.5966557763497027,1.6218661069869995,46357986.0
2018-06-07,1.6218659401115894,1.6554798110130362,1.6050590547493355,1.6470763683319092,39195421.0
2018-06-08,1.6386730939192329,1.6890937551834804,1.6302696503751914,1.672286868095398,43929177.0
2018-06-11,1.672286771496425,1.6806902145550446,1.6218660129677631,1.6638833284378052,28754394.0
2018-06-12,1.6554800050459706,1.6638834487120353,1.6050592428726314,1.6134626865386963,44455712.0
2018-06-13,1.6050590950025339,1.6218659807862867,1.5798487663269043,1.5798487663269043,31465606.0
2018-06-14,1.588252378515146,1.605059266090393,1.563042047152275,1.605059266090393,21658332.0
2018-06-15,1.605059266090393,1.605059266090393,1.605059266090393,1.605059266090393,0.0
2018-06-18,1.5966557264328003,1.6218660562819363,1.588252283149755,1.5966557264328003,31059642.0
2018-06-19,1.6050590547493355,1.6554798110130362,1.5882521693870815,1.6470763683319092,39321515.0
2018-06-20,1.6386728906655936,1.7059004306793213,1.6134624629835093,1.7059004306793213,48012249.0
2018-06-21,1.6974970325038676,1.7059004752250202,1.6554798188981044,1.6890935897827148,32775665.0
2018-06-22,1.689093804858417,1.714304136231957,1.680690361067237,1.6974972486495972,13803129.0
2018-06-25,1.8067420607882276,1.823548946905467,1.6470764423205655,1.6638833284378052,37880095.0
2018-06-26,1.672286868095398,1.6974971987275218,1.6638834245513565,1.672286868095398,15363011.0
2018-06-27,1.6806901764448718,1.7311108336532863,1.6722867335768028,1.7227073907852173,33094762.0
2018-06-28,1.7143039257150499,1.7479176967519914,1.7059004829558144,1.7311108112335205,23595497.0
2018-06-29,1.739514200686185,1.7479176431879009,1.6974969881776054,1.7059004306793213,26973467.0
2018-07-02,1.6890937551834804,1.7143040858156042,1.672286868095398,1.672286868095398,37572450.0
2018-07-03,1.6806901618593126,1.689093604654454,1.638672947883606,1.638672947883606,26019351.0
2018-07-04,1.6470763683319092,1.663883253694163,1.6302694829696551,1.6470763683319092,35971912.0
2018-07-05,1.6554800271987915,1.6722869147558226,1.647076583420276,1.6554800271987915,43177520.0
2018-07-06,1.6638834709773072,1.6806903585343382,1.6386731396417604,1.6554800271987915,40755884.0
2018-07-09,1.663883253694163,1.67228669637529,1.6386729256507822,1.6470763683319092,39727861.0
2018-07-10,1.6470764569392924,1.6554799000724973,1.554638482297093,1.5630419254302979,83806215.0
2018-07-11,1.5462350308397228,1.5462350308397228,1.4537970566951637,1.4706039428710938,58211549.0
2018-07-12,1.4706039135502615,1.4958142423115144,1.4117797129303968,1.4369901418685913,70958322.0
2018-07-13,1.4369902843834144,1.453797171891088,1.4117798529449523,1.4285868406295776,38370479.0
2018-07-16,1.436990187344704,1.4453936305310635,1.4117797576086806,1.4201833009719849,22575265.0
2018-07-17,1.4117798529449523,1.4285868406295776,1.4033764091911156,1.4285868406295776,18321193.0
2018-07-18,1.4285867710771514,1.4369902144218567,1.378166010831973,1.4033763408660889,38964461.0
2018-07-19,1.4033763408660889,1.4117797842107942,1.3949728975213835,1.4033763408660889,23641435.0
2018-07-20,1.4117797576086806,1.4285867441583444,1.4033763144223212,1.4201833009719849,15255678.0
2018-07-23,1.4285866767373627,1.4453935623168945,1.4285866767373627,1.4453935623168945,22836775.0
2018-07-24,1.445393557972482,1.4537970007369898,1.3865693584439884,1.394972801208496,45491659.0
2018-07-25,1.4033762266245116,1.4537969827651978,1.3949727839638868,1.4537969827651978,34685158.0
2018-07-26,1.4537970051066604,1.49581421905549,1.4201832339475968,1.4453935623168945,57390744.0
2018-07-27,1.4537970051066604,1.4622004478964263,1.4201832339475968,1.4453935623168945,32270915.0
2018-07-30,1.4369900974439485,1.4537969827651978,1.4201832121226992,1.4537969827651978,32925916.0
2018-07-31,1.4537970566951637,1.479007385959059,1.4453936136071988,1.4706039428710938,39717465.0
2018-08-01,1.4874108290470238,1.4874108290470238,1.4622004997831288,1.4706039428710938,19294282.0
2018-08-02,1.4201833046997543,1.4285867479081718,1.3865694316891402,1.411779761314392,35016081.0
2018-08-03,1.4033762266245116,1.4706038680864468,1.4033762266245116,1.4537969827651978,39225230.0
2018-08-06,1.4453936305310635,1.453797073717423,1.4201833009719849,1.4201833009719849,30441721.0
2018-08-07,1.4285866767373627,1.4453935623168945,1.411779690980891,1.4453935623168945,23727700.0
2018-08-08,1.4369901927685569,1.4706039656408685,1.428586749550479,1.4622005224227905,44324962.0
2018-08-09,1.4369902643454084,1.5210247007119646,1.4285868207087529,1.4790074825286865,73164644.0
2018-08-10,1.4790074071586756,1.4874108503670929,1.3193418860218018,1.411779761314392,60966214.0
2018-08-13,1.3529556248555599,1.3949728398417496,1.2773245377034759,1.336148738861084,55737015.0
2018-08-14,1.3781659061494913,1.5042176469224013,1.3697624634430932,1.4958142042160034,113934799.0
2018-08-15,1.5126211664541236,1.596655697963118,1.4874108370545085,1.5630419254302979,121356234.0
2018-08-16,1.5714453043403231,1.5966556327096209,1.4453935623168945,1.4453935623168945,44878482.0
2018-08-17,1.420183327732446,1.4622005444559725,1.3697625674872678,1.4033763408660889,48512581.0
2018-08-20,1.4033762481911252,1.4453935623168945,1.3865693626115934,1.4453935623168945,9953408.0
2018-08-21,1.4453935623168945,1.4453935623168945,1.4453935623168945,1.4453935623168945,0.0
2018-08-22,1.4453935623168945,1.4453935623168945,1.4453935623168945,1.4453935623168945,0.0
2018-08-23,1.4453935623168945,1.4453935623168945,1.4453935623168945,1.4453935623168945,0.0
2018-08-24,1.4453935623168945,1.4453935623168945,1.4453935623168945,1.4453935623168945,0.0
2018-08-27,1.479007414129523,1.5210246303696449,1.45379708438545,1.5042177438735962,31018480.0
2018-08-28,1.5126211417741087,1.529428127943239,1.4958142557819207,1.5210245847702026,31119013.0
2018-08-29,1.5126211643218994,1.5378315938629215,1.4958142780791808,1.5126211643218994,19264450.0
2018-08-30,1.5126211643218994,1.5126211643218994,1.5126211643218994,1.5126211643218994,0.0
2018-08-31,1.5126213045133314,1.5546386241912842,1.4790075289125317,1.5546386241912842,23805381.0
2018-09-03,1.5378316904903797,1.5798489087372685,1.5378316904903797,1.5714454650878906,23199640.0
2018-09-04,1.5714453162907869,1.5714453162907869,1.5126211161381418,1.5378315448760986,22105183.0
2018-09-05,1.5294281020224265,1.5546384305834429,1.5294281020224265,1.5378315448760986,17298736.0
2018-09-06,1.5378316872688587,1.5462351309006326,1.5126212561965873,1.529428243637085,18688242.0
2018-09-07,1.5294281977741317,1.563041971293251,1.5210246542174048,1.5462350845336914,34778834.0
2018-09-10,1.537831664187827,1.546235107693475,1.4790074594713418,1.4874109029769897,23084776.0
2018-09-11,1.487410926165342,1.4958143698019977,1.470604038892031,1.4790074825286865,9062169.0
2018-09-12,1.4874108573775475,1.5294281737946147,1.479007414129523,1.5042177438735962,19254162.0
2018-09-13,1.5210246303696449,1.5546385035386878,1.479007414129523,1.5042177438735962,30149917.0
2018-09-14,1.5210245847702026,1.5630418999276148,1.5126211417741087,1.5210245847702026,28147002.0
2018-09-17,1.5210246542174048,1.5546385279134711,1.5042177674578452,1.5462350845336914,21573286.0
2018-09-18,1.5462349877297707,1.5630418734371148,1.5294281020224265,1.5378315448760986,15964664.0
2018-09-19,1.546235115075109,1.6218661069869995,1.5294282279835778,1.6218661069869995,49204591.0
2018-09-20,1.6302697194700368,1.6302697194700368,1.5378317363908844,1.5546386241912842,32333567.0
2018-09-21,1.5546386241912842,1.5714455119916841,1.5378317363908844,1.5546386241912842,17595913.0
2018-09-24,1.554638482297093,1.579848811696708,1.5378315960306828,1.5630419254302979,39236567.0
2018-09-25,1.5714453429237087,1.5882522289158967,1.5210245847702026,1.5210245847702026,34236807.0
2018-09-26,1.529428243637085,1.5462351309006326,1.5126212561965873,1.529428243637085,23891775.0
2018-09-27,1.5210246074432587,1.5378315938629215,1.5126211643218994,1.5126211643218994,30560783.0
2018-09-28,1.5294281507415621,1.5378315938629215,1.4958142780791808,1.5126211643218994,19422699.0
2018-10-01,1.504217789988286,1.5126212334939342,1.4790074594713418,1.4874109029769897,25939146.0
2018-10-02,1.4874109029769897,1.495814346482638,1.4790074594713418,1.4874109029769897,16410132.0
2018-10-03,1.4958141960683207,1.5042176387289454,1.4369900974439485,1.4537969827651978,27563824.0
2018-10-04,1.4453935812354355,1.4453935812354355,1.3781659378604356,1.3865693807601929,31438434.0
2018-10-05,1.3865693584439884,1.4033762439730038,1.3613590301504652,1.394972801208496,24191851.0
2018-10-08,1.3781659412487264,1.4537970277094265,1.369762498328309,1.4369901418685913,29918163.0
2018-10-09,1.4453935623168945,1.4790073334759581,1.4369901195271286,1.4453935623168945,34955387.0
2018-10-10,1.4537970277094265,1.4537970277094265,1.4117797129303968,1.4369901418685913,22680476.0
2018-10-11,1.4369901927685569,1.4706039656408685,1.428586749550479,1.4622005224227905,22071565.0
2018-10-12,1.4958143006255717,1.5042177438735962,1.4201833113933526,1.5042177438735962,37037768.0
2018-10-15,1.529428243637085,1.5378316872688587,1.5042178125648134,1.529428243637085,29497203.0
2018-10-16,1.5378315448760986,1.5462349877297707,1.5126211161381418,1.5378315448760986,24917126.0
2018-10-17,1.5462351802910843,1.5714455119916841,1.5294282924906843,1.5546386241912842,42359097.0
2018-10-18,1.5462349877297707,1.5546384305834429,1.5042176732844696,1.5378315448760986,23868953.0
2018-10-19,1.5294281020224265,1.5546384305834429,1.5210245589918137,1.5378315448760986,50596262.0
2018-10-22,1.5546385035386878,1.579848833282761,1.4874108573775475,1.5042177438735962,41716419.0
2018-10-23,1.4958143006255717,1.5126211871216204,1.45379708438545,1.5042177438735962,24010705.0
2018-10-24,1.5126211417741087,1.5378315709393329,1.4958142557819207,1.5210245847702026,38544857.0
2018-10-25,1.5042176469224013,1.5126210896287995,1.4874107615096053,1.4958142042160034,18460484.0
2018-10-26,1.4958143698019977,1.5042178134386532,1.470604038892031,1.4790074825286865,14104384.0
2018-10-29,1.4790074825286865,1.4790074825286865,1.4790074825286865,1.4790074825286865,0.0
2018-10-30,1.462200470629844,1.4790073564706792,1.3949728270895616,1.4369901418685913,28737046.0
2018-10-31,1.4369901152079743,1.4790073290305128,1.3865693584439884,1.394972801208496,31581040.0
2018-11-01,1.4117798332584917,1.4790074825286865,1.403376389621836,1.4790074825286865,19665914.0
2018-11-02,1.4790074088589464,1.4790074088589464,1.4453936359866346,1.4622005224227905,20583481.0
2018-11-05,1.4706038680864468,1.4874107534076961,1.4201832121226992,1.4537969827651978,45489573.0
2018-11-06,1.4537970051066604,1.4622004478964263,1.4285866767373627,1.4453935623168945,41462805.0
2018-11-07,1.4453937079820642,1.4790074825286865,1.4369902643454084,1.4790074825286865,35668916.0
2018-11-08,1.4790075031525984,1.4874109469064352,1.4201833968757407,1.4285868406295776,36009683.0
2018-11-09,1.4285867710771514,1.4369902144218567,1.4033763408660889,1.4033763408660889,21198274.0
2018-11-12,1.4033763144223212,1.4285867441583444,1.3949728712359617,1.4201833009719849,28584426.0
2018-11-13,1.4201832339475968,1.4537970051066604,1.4201832339475968,1.4453935623168945,14603224.0
2018-11-14,1.436990187344704,1.436990187344704,1.3781659848632426,1.4201833009719849,49313743.0
2018-11-15,1.4117797576086806,1.436990187344704,1.3949728712359617,1.4201833009719849,30750350.0
2018-11-16,1.4201833046997543,1.4285867479081718,1.3865694316891402,1.411779761314392,42830675.0
2018-11-19,1.411779761314392,1.436990191116589,1.4033763181059749,1.411779761314392,26798084.0
2018-11-20,1.4117796328737486,1.4201831754945748,1.3613589782104065,1.3697624206542969,25158429.0
2018-11-21,1.3697624949606784,1.3949728236599503,1.3697624949606784,1.3865693807601929,16889085.0
2018-11-22,1.3865693055420776,1.394972747985968,1.3697624206542969,1.3697624206542969,15355010.0
2018-11-23,1.3781659156794805,1.4033762439730038,1.3697624729149729,1.394972801208496,10371167.0
2018-11-26,1.4033763408660889,1.420183327732446,1.3949728975213835,1.4033763408660889,23966219.0
2018-11-27,1.3949728236599503,1.4033762665597076,1.3697624949606784,1.3865693807601929,46056998.0
2018-11-28,1.3865694033485458,1.3949728463852022,1.3697625172752335,1.3781659603118896,34221597.0
2018-11-29,1.3865693807601929,1.3949728236599503,1.3781659378604356,1.3865693807601929,22375584.0
2018-11-30,1.3865693807601929,1.3865693807601929,1.3781659378604356,1.3865693807601929,16082346.0
2018-12-03,1.3697625627308079,1.3781660060463323,1.3529556760997588,1.3613591194152832,28452610.0
2018-12-04,1.3529555357665162,1.3781658630981872,1.3361486508787352,1.3697624206542969,50099627.0
2018-12-05,1.3529555357665162,1.3697624206542969,1.3445520933226256,1.3697624206542969,20313133.0
2018-12-06,1.3529556760997588,1.3697625627308079,1.344552232784234,1.3613591194152832,28496934.0
2018-12-07,1.3697625627308079,1.3697625627308079,1.3529556760997588,1.3613591194152832,31145790.0
2018-12-10,1.3529555797576904,1.3613590224748175,1.344552137040563,1.3529555797576904,15795808.0
2018-12-11,1.3529555797576904,1.3613590224748175,1.344552137040563,1.3529555797576904,22023606.0
2018-12-12,1.3529557228275408,1.3529557228275408,1.2857280738045194,1.2941315174102783,50465540.0
2018-12-13,1.3025349844762046,1.3193419721673856,1.2773246532048603,1.285728096961975,34548576.0
2018-12-14,1.285728046693464,1.2941314901220267,1.2353073861220878,1.2605177164077759,24343191.0
2018-12-17,1.2605177164077759,1.2689211598363386,1.2437108295506505,1.2605177164077759,19367686.0
2018-12-18,1.2437108781764012,1.285728096961975,1.2353074344192867,1.285728096961975,33982255.0
2018-12-19,1.2857279332747626,1.302534818649292,1.2689210479002333,1.302534818649292,15710544.0
2018-12-20,1.285728096961975,1.2941315407190899,1.2773246532048603,1.285728096961975,16685097.0
2018-12-21,1.2857280283802783,1.3277453451015684,1.2689211417625408,1.3109383583068848,27014451.0
2018-12-24,1.3193418979644775,1.3277453412489628,1.3025349112185611,1.3193418979644775,9732332.0
2018-12-25,1.3025349610160373,1.3025349610160373,1.2857280738045194,1.2941315174102783,7099934.0
2018-12-26,1.2941314716891472,1.3361487884104373,1.2857280283802783,1.3109383583068848,10277473.0
2018-12-27,1.327745392010264,1.336148835616023,1.2857280738045194,1.2941315174102783,17804109.0
2018-12-28,1.2857281204241338,1.2941315643345959,1.2605177886927477,1.2773246765136719,18692735.0
2018-12-31,1.2773247001312091,1.2857281441970496,1.2521143679336877,1.2689212560653687,24654128.0
2019-01-01,1.2689212560653687,1.2689212560653687,1.2689212560653687,1.2689212560653687,0.0
2019-01-02,1.260517642169158,1.277324528036436,1.2185004275009628,1.2437107563018799,47419837.0
2019-01-03,1.2353073333390918,1.2437107764085868,1.1848865747451782,1.1848865747451782,26601646.0
2019-01-04,1.193289969661659,1.2100969552993774,1.1596761987401005,1.2100969552993774,38892308.0
2019-01-07,1.2100969585718393,1.2269038440780693,1.2016934156417847,1.2016934156417847,20756166.0
2019-01-08,1.2016934123920486,1.2100969552993774,1.1848865269312694,1.2100969552993774,26765485.0
2019-01-09,1.2100969552993774,1.218500398029767,1.193289969661659,1.2100969552993774,16310777.0
2019-01-10,1.2100969552993774,1.218500398029767,1.2016934123920486,1.2100969552993774,20145786.0
2019-01-11,1.2100969552993774,1.2353072834905463,1.193289969661659,1.2100969552993774,38093070.0
2019-01-14,1.201693602263133,1.226904034614563,1.1932901582049749,1.226904034614563,27768742.0
2019-01-15,1.2353073133682408,1.252114199235519,1.2269038704346018,1.2437107563018799,23124813.0
2019-01-16,1.2521143428579604,1.2605177867555075,1.226904011165319,1.2353074550628662,25659090.0
2019-01-17,1.2353072911847214,1.268921062315645,1.2185004056192597,1.252114176750183,73876470.0
2019-01-18,1.2521143447822858,1.2857281204241338,1.2437109008718237,1.2773246765136719,37894625.0
2019-01-21,1.2773246765136719,1.302535008245058,1.2689212326032098,1.2773246765136719,44883505.0
2019-01-22,1.2689211865930015,1.3025349610160373,1.2689211865930015,1.2941315174102783,47731834.0
2019-01-23,1.2941313759620272,1.3277452468880249,1.2857279332747626,1.302534818649292,35039473.0
2019-01-24,1.3025347718701636,1.3445520839744194,1.3025347718701636,1.3277451992034912,38982051.0
2019-01-25,1.3361486895752894,1.3529555749498188,1.2941313759620272,1.302534818649292,38214095.0
2019-01-28,1.3025349112185611,1.336148784533448,1.294131467934076,1.3193418979644775,80740072.0
2019-01-29,1.3193418979644775,1.3277453412489628,1.3025349112185611,1.3193418979644775,55567458.0
2019-01-30,1.319341948404505,1.327745392010264,1.2773246301987604,1.2941315174102783,66602577.0
2019-01-31,1.3025348666951897,1.3613590678527978,1.2941314236979518,1.336148738861084,171395936.0
2019-02-01,1.3277452468880249,1.3445521322625542,1.2857279332747626,1.302534818649292,85325572.0
2019-02-04,1.3025350323287304,1.3109384763945708,1.2605178119995282,1.2689212560653687,74864712.0
2019-02-05,1.2689212094477456,1.3025349844762046,1.2605177656906308,1.285728096961975,77227711.0
2019-02-06,1.2941315643345959,1.2941315643345959,1.2689212326032098,1.2773246765136719,47835204.0
2019-02-07,1.2689211598363386,1.2773246032649013,1.2437108295506505,1.2605177164077759,63700580.0
2019-02-08,1.252114199235519,1.260517642169158,1.2353073133682408,1.2437107563018799,33900249.0
2019-02-11,1.2437108295506505,1.2605177164077759,1.2437108295506505,1.2605177164077759,70168120.0
2019-02-12,1.260517642169158,1.268921085102797,1.2353073133682408,1.2437107563018799,45426702.0
2019-02-13,1.2521143704262407,1.2521143704262407,1.1764832735061646,1.1764832735061646,145432192.0
2019-02-14,1.1848865301355547,1.2016934156417847,1.1680796446293245,1.2016934156417847,102092550.0
2019-02-15,1.1932900178146733,1.2016934608841683,1.1596762455366931,1.1848865747451782,113762723.0
2019-02-18,1.1848865747451782,1.2016934608841683,1.1764831316756832,1.1848865747451782,63058089.0
2019-02-19,1.1764832269033865,1.2016935581524633,1.1680797831536942,1.193290114402771,81266159.0
2019-02-20,1.1932900178146733,1.1932900178146733,1.1764831316756832,1.1848865747451782,44024684.0
2019-02-21,1.1848866211846132,1.2185004949569702,1.1848866211846132,1.2185004949569702,62960043.0
2019-02-22,1.2185005672677718,1.2437108989604133,1.2100971233702247,1.2353074550628662,55033647.0
2019-02-25,1.2437107339674522,1.260517619532914,1.2353072911847214,1.252114176750183,53949525.0
2019-02-26,1.2521143447822858,1.2857281204241338,1.2353074569613616,1.2773246765136719,71043535.0
2019-02-27,1.294131467934076,1.336148784533448,1.294131467934076,1.3193418979644775,101769824.0
2019-02-28,1.319341948404505,1.319341948404505,1.2857280738045194,1.2941315174102783,54836924.0
2019-03-01,1.2773247001312091,1.2857281441970496,1.235307479802007,1.2689212560653687,112069617.0
2019-03-04,1.2689212326032098,1.2941315643345959,1.2689212326032098,1.2773246765136719,33209147.0
2019-03-05,1.2773246765136719,1.2857281204241338,1.2605177886927477,1.2773246765136719,44331000.0
2019-03-06,1.2773247001312091,1.2857281441970496,1.2521143679336877,1.2689212560653687,39275840.0
2019-03-07,1.2605177164077759,1.285728046693464,1.2605177164077759,1.2605177164077759,48577368.0
2019-03-08,1.268921062315645,1.268921062315645,1.2437107339674522,1.252114176750183,31525682.0
2019-03-11,1.2605177886927477,1.302535008245058,1.2521143447822858,1.2773246765136719,65713223.0
2019-03-12,1.2857280738045194,1.3025349610160373,1.2605177429872425,1.2941315174102783,51593737.0
2019-03-13,1.3025347718701636,1.3277451992034912,1.2941313294846994,1.3277451992034912,60513780.0
2019-03-14,1.3193417659909545,1.3781658630981872,1.3109382233701283,1.3697624206542969,99395268.0
2019-03-15,1.3949729654372789,1.445393728137251,1.386569521683442,1.4285868406295776,105927360.0
2019-03-18,1.4285866989481737,1.445393584789009,1.4117797129303968,1.4369901418685913,60614674.0
2019-03-19,1.428586749550479,1.4706039656408685,1.420183306332401,1.4622005224227905,65226262.0
2019-03-20,1.4622004435014975,1.4874107717950205,1.3865693584439884,1.394972801208496,110841275.0
2019-03-21,1.3949728926773817,1.4117797793084308,1.3529556760997588,1.3613591194152832,60371420.0
2019-03-22,1.3949727933433265,1.3949727933433265,1.3277452516063086,1.3529555797576904,99854575.0
2019-03-25,1.3277453451015684,1.3445522317193062,1.2941314716891472,1.3109383583068848,71039714.0
2019-03-26,1.3277452468880249,1.3361486895752894,1.2941313759620272,1.302534818649292,55299085.0
2019-03-27,1.2941314901220267,1.327745364013225,1.2521142729792132,1.2605177164077759,115837696.0
2019-03-28,1.2689212560653687,1.3025350323287304,1.2269040357361665,1.2689212560653687,108885634.0
2019-03-29,1.2941315407190899,1.3025349844762046,1.2773246532048603,1.285728096961975,23195733.0
2019-04-01,1.277324505098376,1.2941313906638376,1.2437107339674522,1.252114176750183,38195478.0
2019-04-02,1.2437107339674522,1.268921062315645,1.2437107339674522,1.252114176750183,38212725.0
2019-04-03,1.2521143667890375,1.2773246989635123,1.2185005905564046,1.226904034614563,50535581.0
2019-04-04,1.2353072911847214,1.260517619532914,1.2269038484019905,1.252114176750183,49865884.0
2019-04-05,1.2689212560653687,1.2773247001312091,1.2605178119995282,1.2689212560653687,39762330.0
2019-04-08,1.268921085102797,1.268921085102797,1.2437107563018799,1.2437107563018799,17833899.0
2019-04-09,1.2521142729792132,1.2941314901220267,1.2521142729792132,1.2605177164077759,41590005.0
2019-04-10,1.268921062315645,1.268921062315645,1.252114176750183,1.252114176750183,22793913.0
2019-04-11,1.252114176750183,1.260517619532914,1.2269038484019905,1.252114176750183,52040706.0
2019-04-12,1.2353074550628662,1.2437108989604133,1.2185005672677718,1.2353074550628662,21027653.0
2019-04-15,1.2269038407601567,1.2269038407601567,1.2100969552993774,1.2100969552993774,26077231.0
2019-04-16,1.2185004056192597,1.260517619532914,1.2185004056192597,1.252114176750183,49551347.0
2019-04-17,1.2521142729792132,1.285728046693464,1.2437108295506505,1.2605177164077759,49142450.0
2019-04-18,1.2605177867555075,1.2773246745506017,1.226904011165319,1.2353074550628662,38844932.0
2019-04-19,1.2437108989604133,1.2521143428579604,1.2353074550628662,1.2353074550628662,3716617.0
2019-04-22,1.2353074550628662,1.2437108989604133,1.226904011165319,1.2353074550628662,5414813.0
2019-04-23,1.2353074550628662,1.2353074550628662,1.2353074550628662,1.2353074550628662,0.0
2019-04-24,1.2353073133682408,1.260517642169158,1.2353073133682408,1.2437107563018799,26331498.0
2019-04-25,1.2521143428579604,1.2521143428579604,1.2185005672677718,1.2353074550628662,32573968.0
2019-04-26,1.252114176750183,1.252114176750183,1.2269038484019905,1.252114176750183,32140901.0
2019-04-29,1.252114199235519,1.268921085102797,1.2437107563018799,1.2437107563018799,32603960.0
2019-04-30,1.2521142729792132,1.2773246032649013,1.2437108295506505,1.2605177164077759,35504295.0
2019-05-01,1.2605177164077759,1.2605177164077759,1.2605177164077759,1.2605177164077759,0.0
2019-05-02,1.2689212306530546,1.2773246745506017,1.2353074550628662,1.2353074550628662,21058612.0
2019-05-03,1.2353073133682408,1.252114199235519,1.2269038704346018,1.2437107563018799,15469144.0
2019-05-06,1.2269038407601567,1.2269038407601567,1.1848865269312694,1.2100969552993774,25458145.0
2019-05-07,1.1848865301355547,1.2016934156417847,1.1680796446293245,1.2016934156417847,48404091.0
2019-05-08,1.2016935581524633,1.2100971020791071,1.1764832269033865,1.193290114402771,27383200.0
2019-05-09,1.193290111601801,1.193290111601801,1.1512728929519653,1.1512728929519653,38892907.0
2019-05-10,1.15967638428,1.1680798283548806,1.1344660520553589,1.1344660520553589,23092940.0
2019-05-13,1.1344657951447563,1.142869237316597,1.0252209467338942,1.0420278310775757,68624562.0
2019-05-14,1.042027973156197,1.058834859791467,1.025221086520927,1.033624529838562,34114388.0
2019-05-15,1.0420280440511231,1.0420280440511231,0.991607280537964,1.0084142684936523,48312575.0
2019-05-16,1.0084141755856815,1.025221061815952,0.9832037460633315,0.9916071891784668,45222168.0
2019-05-17,0.9832037316693254,0.9832037316693254,0.9663968456851059,0.9748002886772156,19513712.0
2019-05-20,0.9832037316693254,0.9916071746614351,0.9663968456851059,0.9748002886772156,25572484.0
2019-05-21,0.9748002739054994,0.983203716770267,0.9327830595816619,0.9579933881759644,54487307.0
2019-05-22,0.9411866544309377,0.9579935428744792,0.9159763217656255,0.9243797659873962,54778384.0
2019-05-23,0.9075727239257761,0.9411864951233063,0.9075727239257761,0.9159761667251587,71483828.0
2019-05-24,0.9159761667251587,0.9243796095245412,0.9075727239257761,0.9159761667251587,41909769.0
2019-05-27,0.9243797659873962,0.9579935428744792,0.9159763217656255,0.9243797659873962,53443107.0
2019-05-28,0.9243798014957704,0.941186690584918,0.9243798014957704,0.9327832460403442,20048588.0
2019-05-29,0.9411866419266466,0.949590086036772,0.907572865486145,0.907572865486145,50496594.0
2019-05-30,0.9159762174841745,0.9411865472793578,0.9075727742191133,0.9411865472793579,70578964.0
2019-05-31,0.9432201245684363,0.9778336730513659,0.9345667374477039,0.9691802859306335,46711024.0
2019-06-03,0.9778338396053977,0.9864872282000582,0.9605270624160767,0.9605270624160767,18919397.0
2019-06-04,0.9605270624160767,0.9605270624160767,0.9605270624160767,0.9605270624160767,0.0
2019-06-05,0.9605270624160767,0.9605270624160767,0.9605270624160767,0.9605270624160767,0.0
2019-06-06,0.9605270624160767,0.9605270624160767,0.9605270624160767,0.9605270624160767,0.0
2019-06-07,0.9691801828494695,0.986486955250201,0.9432200242483721,0.9778335690498352,61634160.0
2019-06-10,0.9778336742460394,1.0037938356399536,0.9691802871147347,1.0037938356399536,43217580.0
2019-06-11,1.0037938507072497,1.0297541156473482,0.9864870761848595,1.0124472379684448,74324048.0
2019-06-12,1.0124472379684448,1.02110062522964,0.9864870761848595,1.0124472379684448,51298405.0
2019-06-13,0.9951404472928308,0.9951404472928308,0.960526898809901,0.9691802859306335,59214061.0
2019-06-14,0.9605270624160767,0.9691804510107371,0.9432202852267557,0.9605270624160767,50999791.0
2019-06-17,0.951873410448738,0.9778335690498352,0.9432200242483721,0.9778335690498352,49523610.0
2019-06-18,0.9778337178811949,0.9951404929161072,0.9605269428462825,0.9951404929161072,30731492.0
2019-06-19,0.9864870761848595,1.0297541156473482,0.9691803016624694,1.0124472379684448,64140720.0
2019-06-20,1.021100609902563,1.0384074873216842,0.9951404485086489,1.0037938356399536,62978753.0
2019-06-21,0.9951404929161072,1.0037938804335633,0.986487105398651,0.9951404929161072,26813515.0
2019-06-24,1.0124472679510197,1.0124472679510197,0.986487105398651,0.9951404929161072,36101055.0
2019-06-25,0.986487105398651,0.9951404929161072,0.9778337178811949,0.9951404929161072,50247761.0
2019-06-26,0.9864869713783264,0.9951403577201668,0.977833585036486,0.9864869713783264,19001068.0
2019-06-27,0.9951403577201668,1.0037937440620073,0.977833585036486,0.9864869713783264,52062108.0
2019-06-28,0.977833585036486,0.9864869713783264,0.9691801986946456,0.9864869713783264,30273984.0
2019-07-01,0.9951405221484381,1.038407564163208,0.9864871343767879,1.038407564163208,147746862.0
2019-07-02,1.029754088511414,1.0643676366440633,1.029754088511414,1.0557142496109009,98702083.0
2019-07-03,1.064367651939392,1.0730210390969064,1.0470608776243633,1.064367651939392,96476564.0
2019-07-04,1.0730210236772255,1.0816744107103877,1.0470608625777387,1.0557142496109009,71107128.0
2019-07-05,1.0730211152498086,1.0730211152498086,1.0297541763915579,1.038407564163208,70791091.0
2019-07-08,1.0470608924283007,1.0730210542678833,1.0384075051484398,1.0730210542678833,96811717.0
2019-07-09,1.073021035846903,1.073021035846903,1.0037938356399536,1.0037938356399536,119315924.0
2019-07-10,1.003793779526223,1.0297540426254272,0.9778336195835247,1.0297540426254272,60330264.0
2019-07-11,1.0384074292729932,1.0470608159205594,1.0211005528213553,1.0297540426254272,77754063.0
2019-07-12,1.021100609902563,1.0297541001903794,0.9864870613773442,1.0037938356399536,99887500.0
2019-07-15,1.0037938356399536,1.0037938356399536,1.0037938356399536,1.0037938356399536,0.0
2019-07-16,1.0124472529080522,1.0297541308423346,1.0037938655191683,1.021100640296936,74865335.0
2019-07-17,1.0211006854633884,1.038407564163208,1.0037939099200883,1.038407564163208,60758804.0
2019-07-18,1.0384074755445765,1.0643676366440633,1.0211005983217414,1.0557142496109009,109510846.0
2019-07-19,1.064367651939392,1.0730210390969064,1.0470608776243633,1.064367651939392,70206684.0
2019-07-22,1.0643677107119969,1.107634648888697,1.055714323076657,1.098981261253357,100056839.0
2019-07-23,1.098981261253357,1.1422483025865746,1.098981261253357,1.098981261253357,132834313.0
2019-07-24,1.1162879467010498,1.1249413336400882,1.0903277858839346,1.1162879467010498,84342779.0
2019-07-25,1.116288021481049,1.142248287193749,1.0730210838874101,1.0903278589248657,118605168.0
2019-07-26,1.090327873618017,1.098981261253357,1.081674485982677,1.098981261253357,33090308.0
2019-07-29,1.0989811575537503,1.1076345443725586,1.0903277707349417,1.1076345443725586,24595687.0
2019-07-30,1.107634618797124,1.107634618797124,1.064367681795875,1.0816744565963745,53866774.0
2019-07-31,1.081674426254421,1.081674426254421,1.0470608776243633,1.064367651939392,54006949.0
2019-08-01,1.0470608924283007,1.098981216107466,1.0384075051484398,1.0730210542678833,93893238.0
2019-08-02,1.0643676366440633,1.0730210236772255,1.0384074755445765,1.0557142496109009,42369644.0
2019-08-05,1.0470608776243633,1.0730210390969064,1.0384074904668488,1.064367651939392,44621355.0
2019-08-06,1.0643676669880224,1.0730210542678833,1.0557142797081616,1.0730210542678833,32531394.0
2019-08-07,1.0730209758632578,1.0730209758632578,1.0211005528213553,1.0297540426254272,44914074.0
2019-08-08,1.0384074292729932,1.0384074292729932,1.012447166173789,1.0297540426254272,81049370.0
2019-08-09,1.0211006854633884,1.0470609519348582,1.0124472976917382,1.038407564163208,76945345.0
2019-08-12,1.038407564163208,1.038407564163208,1.038407564163208,1.038407564163208,0.0
2019-08-13,1.038407564163208,1.038407564163208,1.038407564163208,1.038407564163208,0.0
2019-08-14,1.038407564163208,1.038407564163208,1.038407564163208,1.038407564163208,0.0
2019-08-15,1.0297541308423346,1.0384075182312187,1.0124472529080522,1.021100640296936,44684179.0
2019-08-16,1.02110062522964,1.0297541156473482,1.0037938507072497,1.0124472379684448,36214954.0
2019-08-19,1.0124472679510197,1.0211006554684758,0.986487105398651,0.9951404929161072,71756265.0
2019-08-20,1.0037938356399536,1.0124472227712584,0.9951404485086489,1.0037938356399536,59111912.0
2019-08-21,0.9951404929161072,1.0037938804335633,0.9691803303637386,0.9951404929161072,91855586.0
2019-08-22,0.986486955250201,0.9951403414505667,0.9691801828494695,0.9778335690498352,43482401.0
2019-08-23,0.9864870761848595,1.0124472379684448,0.9864870761848595,1.0124472379684448,56722551.0
2019-08-26,0.9951404781302843,1.021100640296936,0.9864870907414003,1.021100640296936,56312828.0
2019-08-27,1.02110062522964,1.02110062522964,0.9951404634460547,1.0124472379684448,45393535.0
2019-08-28,1.0124472379684448,1.0124472379684448,0.9951404634460547,1.0124472379684448,42849147.0
2019-08-29,1.0124472529080522,1.0384075182312187,1.0037938655191683,1.021100640296936,52526484.0
2019-08-30,1.021100640296936,1.021100640296936,1.021100640296936,1.021100640296936,0.0
2019-09-02,1.021100699659315,1.0470609664916992,1.0124473117673607,1.0470609664916992,76247009.0
2019-09-03,1.0470609664916992,1.0557143543836538,1.0297541907077903,1.0470609664916992,32928064.0
2019-09-04,1.0470609213312267,1.0989812464435935,1.0470609213312267,1.0903278589248657,108221752.0
2019-09-05,1.0989812005694497,1.1162879748844785,1.064367651939392,1.064367651939392,109349513.0
2019-09-06,1.0643676366440633,1.0730210236772255,1.0470608625777387,1.0557142496109009,67341621.0
2019-09-09,1.073021098347337,1.098981261253357,1.0643677107119969,1.098981261253357,77048971.0
2019-09-10,1.0989812026620656,1.1335947513580322,1.0989812026620656,1.1335947513580322,118525511.0
2019-09-11,1.133594856213243,1.1422483473441771,1.1162880802644182,1.1249414682388306,77043648.0
2019-09-12,1.1249413336400882,1.1335947205791266,1.1076345597620114,1.1162879467010498,72745813.0
2019-09-13,1.1249414682388306,1.1249414682388306,1.1076346922900058,1.1249414682388306,18489571.0
2019-09-16,1.1162880802644182,1.1422483473441771,1.1076346922900058,1.1249414682388306,62715661.0
2019-09-17,1.1422482106746743,1.1422482106746743,1.098981172822973,1.1162879467010498,105371609.0
2019-09-18,1.116287977010049,1.1509016288625278,1.081674428314082,1.1335947513580322,97529712.0
2019-09-19,1.1422483473441771,1.1509017353185895,1.0989813043155934,1.1249414682388306,145349935.0
2019-09-20,1.1249413949184777,1.142248272895813,1.098981232687247,1.142248272895813,64978865.0
2019-09-23,1.1335947513580322,1.142248241688536,1.116287977010049,1.1335947513580322,56357760.0
2019-09-24,1.150901704397441,1.1682084798812866,1.1335948257570765,1.1682084798812866,112138133.0
2019-09-25,1.1682084060719091,1.1941685676574707,1.1595550188767219,1.1941685676574707,62681070.0
2019-09-26,1.1941685676574707,1.2114753420478452,1.1768617932670964,1.1941685676574707,64774336.0
2019-09-27,1.194168612091428,1.254742427868149,1.194168612091428,1.2201287746429443,129930489.0
2019-09-30,1.237435519202201,1.237435519202201,1.194168582681902,1.202821969985962,79371012.0
2019-10-01,1.2028220457573084,1.2201288214556623,1.168208494360601,1.1768618822097778,89851672.0
2019-10-02,1.1855152553651322,1.1855152553651322,1.1595550921393638,1.1682084798812866,70232447.0
2019-10-03,1.185515209947864,1.1941685973582743,1.1335947823288879,1.142248272895813,39919150.0
2019-10-04,1.1595550160365193,1.1595550160365193,1.1335947513580322,1.1335947513580322,40860049.0
2019-10-07,1.1509016752243042,1.1768618377920326,1.1335947970226357,1.1509016752243042,94581173.0
2019-10-08,1.142248272895813,1.1509016603062232,1.098981232687247,1.142248272895813,69389680.0
2019-10-09,1.1422483025865746,1.1595550778572548,1.081674485982677,1.098981261253357,88109938.0
2019-10-10,1.0989812464435935,1.116288021481049,1.0730210838874101,1.0903278589248657,112020597.0
2019-10-11,1.107634648888697,1.107634648888697,1.090327873618017,1.098981261253357,42301491.0
2019-10-14,1.081674518059517,1.0903279059514717,1.021100699659315,1.0470609664916992,95281387.0
2019-10-15,1.0557143397065083,1.0643677274781584,1.0297541763915579,1.038407564163208,78930212.0
2019-10-16,1.0124471304038476,1.0211005167456881,0.9691801986946456,0.9864869713783264,106419424.0
2019-10-17,0.9864869713783264,0.9864869713783264,0.934566653327284,0.9864869713783264,130525601.0
2019-10-18,1.0297541907077903,1.0557143543836538,1.0124473117673607,1.0470609664916992,120806667.0
2019-10-21,1.0470609664916992,1.0557143543836538,1.0297541907077903,1.0470609664916992,72529471.0
2019-10-22,1.0470609664916992,1.0643677422756082,1.0384075785997449,1.0470609664916992,80915778.0
2019-10-23,1.0643676669880224,1.0816744415477442,1.0557142797081616,1.0730210542678833,79897470.0
2019-10-24,1.0730210542678833,1.1162879906671876,1.0730210542678833,1.0730210542678833,116008511.0
2019-10-25,1.0816744415477442,1.098981216107466,1.0557142797081616,1.0730210542678833,79229937.0
2019-10-28,1.0643676366440633,1.0730210236772255,1.0470608625777387,1.0557142496109009,27058612.0
2019-10-30,1.038407564163208,1.0470609519348582,1.0211006854633884,1.038407564163208,60670389.0
2019-10-31,1.0470609519348582,1.0557143397065083,1.0297541763915579,1.038407564163208,56629087.0
2019-11-01,1.0470608159205594,1.0470608159205594,1.0211005528213553,1.0297540426254272,21648714.0
2019-11-04,1.0470608776243633,1.064367651939392,1.0384074904668488,1.064367651939392,26689454.0
2019-11-05,1.0557142647818776,1.064367651939392,1.0470608776243633,1.064367651939392,28799837.0
2019-11-06,1.0643676669880224,1.0816744415477442,1.0557142797081616,1.0730210542678833,49684939.0
2019-11-07,1.0730210120058576,1.1162879467010498,1.0730210120058576,1.1162879467010498,69527409.0
2019-11-08,1.0989812464435935,1.1076346339623213,1.081674471406138,1.0903278589248657,57842609.0
2019-11-11,1.098981261253357,1.107634648888697,1.073021098347337,1.098981261253357,57280189.0
2019-11-12,1.1076345597620114,1.1249413336400882,1.098981172822973,1.1162879467010498,73791852.0
2019-11-13,1.1335947513580322,1.142248241688536,1.1249413641840404,1.1335947513580322,34281358.0
2019-11-14,1.1162879311913672,1.1335947048289838,1.0989811575537503,1.1076345443725586,76375966.0
2019-11-15,1.1162880075080674,1.1595550477166334,1.1076346200976572,1.142248272895813,70800619.0
2019-11-18,1.1509016169900785,1.1855151653289795,1.1509016169900785,1.1855151653289795,94694383.0
2019-11-19,1.185515168706268,1.2547423687377948,1.176861781596891,1.246088981628418,236589361.0
2019-11-20,1.246088996742573,1.280702545599918,1.2374355063717242,1.2547423839569092,169469809.0
2019-11-21,1.2547424283802708,1.2807025909423828,1.2287821626616429,1.2807025909423828,145913262.0
2019-11-22,1.280702560921116,1.2893559482389738,1.2547423989675426,1.2633957862854004,81918342.0
2019-11-25,1.280702560921116,1.2893559482389738,1.2374355211753132,1.2633957862854004,131311295.0
2019-11-26,1.2633958159009748,1.2893559784630868,1.246089040859567,1.2807025909423828,118760798.0
2019-11-27,1.2807025760338624,1.3066627382937748,1.2633958011939208,1.2720491886138916,119524431.0
2019-11-28,1.2720492034216788,1.2807025909423828,1.2547424283802708,1.2807025909423828,63655283.0
2019-11-29,1.280702560921116,1.2893559482389738,1.2547423989675426,1.2633957862854004,53489117.0
2019-12-02,1.2720492034216788,1.2893559784630868,1.2633958159009748,1.2807025909423828,54691840.0
2019-12-03,1.2720492034216788,1.3066627535044948,1.2633958159009748,1.2807025909423828,96497045.0
2019-12-04,1.2893559784630868,1.2893559784630868,1.2720492034216788,1.2807025909423828,46644970.0
2019-12-05,1.2893558740615845,1.3066626477016312,1.2547423267814908,1.2893558740615845,193689725.0
2019-12-06,1.2893559634538332,1.298009350873804,1.2720491886138916,1.2720491886138916,159086161.0
2019-12-09,1.2893559196687243,1.3239694681731695,1.280702532542613,1.315316081047058,202233874.0
2019-12-10,1.315316081047058,1.3412762424253921,1.2893559196687243,1.315316081047058,178405857.0
2019-12-11,1.3239694213416782,1.3239694213416782,1.2720491004215375,1.2893558740615845,107208743.0
2019-12-12,1.2980094101129582,1.3153161857427547,1.2893560222980602,1.3066627979278564,249819052.0
2019-12-13,1.315316050236902,1.3326228240837281,1.2980092763900757,1.2980092763900757,162702005.0
2019-12-16,1.3066627979278564,1.3153161857427547,1.2980094101129582,1.3066627979278564,99566655.0
2019-12-17,1.3153161857427547,1.3239695735576527,1.2980094101129582,1.3066627979278564,96242686.0
2019-12-18,1.2980093355568316,1.3066627228746892,1.2547423989675426,1.2633957862854004,142468788.0
2019-12-19,1.2720491429565488,1.2807025300659258,1.2374354913625296,1.246088981628418,115866513.0
2019-12-20,1.2460889501378385,1.254742337028531,1.220128686309252,1.2374354600906372,126035158.0
2019-12-23,1.2460889501378385,1.254742337028531,1.220128686309252,1.2374354600906372,139413750.0
2019-12-24,1.246088996742573,1.2720491583855817,1.246088996742573,1.2547423839569092,120691715.0
2019-12-25,1.2547423839569092,1.2547423839569092,1.2374355063717242,1.2547423839569092,78850433.0
2019-12-26,1.246088981628418,1.2633957558471718,1.2287821042531526,1.246088981628418,85727138.0
2019-12-27,1.2460889501378385,1.254742337028531,1.2374354600906372,1.2374354600906372,61329828.0
2019-12-30,1.2460890116496848,1.280702560921116,1.2460890116496848,1.2633957862854004,145410775.0
2019-12-31,1.2720491886138916,1.2893559634538332,1.2633958011939208,1.2720491886138916,149464420.0
2020-01-02,1.2720491004215375,1.3066626477016312,1.2547423267814908,1.2893558740615845,168494610.0
2020-01-03,1.2893559328142543,1.2980093200285905,1.2374355063717242,1.2547423839569092,246103134.0
2020-01-06,1.2460890403509768,1.254742427868149,1.2114753871257722,1.2201287746429443,118543682.0
2020-01-07,1.2287821769714355,1.2374355645929127,1.2201287893499586,1.2287821769714355,118132968.0
2020-01-08,1.2114753572900216,1.2201287445940814,1.194168582681902,1.202821969985962,127777493.0
2020-01-09,1.2374355357774933,1.2720491886138916,1.2287821483575223,1.2720491886138916,415198571.0
2020-01-10,1.280702634483162,1.3153161857427547,1.280702634483162,1.3066627979278564,246917252.0
2020-01-13,1.341276215626573,1.3758898665959458,1.341276215626573,1.3585830926895142,305978088.0
2020-01-14,1.375889882068533,1.375889882068533,1.341276230709912,1.3672364950180054,226288237.0
2020-01-15,1.358582982869078,1.436463459152588,1.3499294934588535,1.4278100728988647,501946315.0
2020-01-16,1.4364635944366455,1.4710772458679036,1.419156820299272,1.4364635944366455,344563833.0
2020-01-17,1.4451169504274384,1.4537703373100301,1.4018500160144796,1.419156789779663,192975329.0
2020-01-20,1.4364635068027933,1.4537702798843384,1.4278101202620208,1.4537702798843384,111505330.0
2020-01-21,1.4451169850404424,1.505690797825939,1.4364635979505873,1.497037410736084,255401253.0
2020-01-22,1.5056907510343633,1.5056907510343633,1.4624238169296722,1.4710772037506104,133789660.0
2020-01-23,1.4710772458679036,1.488384020005277,1.4278102073679588,1.4364635944366455,177416435.0
2020-01-24,1.4451169967651367,1.4537703839251994,1.401850060964823,1.4451169967651367,209148720.0
2020-01-27,1.4278100728988647,1.4537702316600347,1.4191566866451413,1.4278100728988647,116846957.0
2020-01-28,1.4364635944366455,1.4451169815053324,1.4105034332305852,1.4364635944366455,135609878.0
2020-01-29,1.4451169967651367,1.4624238742417741,1.436463609605074,1.4451169967651367,91300121.0
2020-01-30,1.4451168454063112,1.4451168454063112,1.4191566866451413,1.4278100728988647,163100360.0
2020-01-31,1.4364635944366455,1.453770368574019,1.4278102073679588,1.4364635944366455,77801627.0
2020-02-03,1.4451168933435659,1.4624237695816154,1.4364635068027933,1.4537702798843384,125167315.0
2020-02-04,1.4797306214063342,1.4970373954088512,1.4710772344050758,1.4883840084075928,92638711.0
2020-02-05,1.4883839208706393,1.531650853332255,1.4883839208706393,1.5056906938552856,276187287.0
2020-02-06,1.5229975564126264,1.531650943413885,1.4883840084075928,1.4883840084075928,150648839.0
2020-02-07,1.4970373483388297,1.4970373483388297,1.445116924807257,1.4624238014221191,114333601.0
2020-02-10,1.4537703373100301,1.4710772142317223,1.3931966291318878,1.419156789779663,249752408.0
2020-02-11,1.4364635635448466,1.4364635635448466,1.384543242249296,1.419156789779663,222306475.0
2020-02-12,1.4191566866451413,1.4537702316600347,1.4018499141376948,1.4278100728988647,265888873.0
2020-02-13,1.4278102073679588,1.4364635944366455,1.419156820299272,1.4364635944366455,81984937.0
2020-02-14,1.4364635944366455,1.453770368574019,1.419156820299272,1.4364635944366455,90969024.0
2020-02-17,1.4451169967651367,1.4537703839251994,1.427810222445011,1.4451169967651367,97388067.0
2020-02-18,1.4278101610268352,1.436463547814667,1.40185000066334,1.4105033874511719,269157578.0
2020-02-19,1.4191567742390034,1.4278101610268352,1.3931966138755083,1.4105033874511719,119245384.0
2020-02-20,1.4105034587867937,1.4105034587867937,1.2980093216991297,1.3239694833755493,262153325.0
2020-02-21,1.3066627237334065,1.3499296603511297,1.2893559490863173,1.3326228857040405,241954204.0
2020-02-24,1.306662693920947,1.315316081047058,1.280702532542613,1.315316081047058,95576182.0
2020-02-25,1.3239695735576527,1.341276349187449,1.2980094101129582,1.3066627979278564,83665758.0
2020-02-26,1.2980094101129582,1.3153161857427547,1.280702634483162,1.3066627979278564,108066369.0
2020-02-27,1.3066627382937748,1.3412762879736582,1.2720491886138916,1.2720491886138916,254352357.0
2020-02-28,1.090327831876671,1.237435519202201,1.0557142826604318,1.202821969985962,168250691.0
2020-03-02,1.2287820731999446,1.254742337028531,1.2114752994185594,1.2374354600906372,111014273.0
2020-03-03,1.2547424283802708,1.2893559784630868,1.2547424283802708,1.2807025909423828,77635879.0
2020-03-04,1.2893559784630868,1.3153161410251988,1.2720492034216788,1.2807025909423828,145551936.0
2020-03-05,1.2893558740615845,1.2980092608816078,1.2720491004215375,1.2893558740615845,59959764.0
2020-03-06,1.2633957558471718,1.2807025300659258,1.2287821042531526,1.246088981628418,91739935.0
2020-03-09,1.2201287136678804,1.2201287136678804,1.133594739664117,1.1855151653289795,76406902.0
2020-03-10,1.2114753061869818,1.237435467004097,1.1076345597620114,1.1162879467010498,109038249.0
2020-03-11,1.1162879467010498,1.1162879467010498,1.1162879467010498,1.1162879467010498,0.0
2020-03-12,1.0211006554684758,1.0384075336599043,0.986487105398651,0.9951404929161072,100542267.0
2020-03-13,0.9951403928786569,1.0643675892156916,0.9605268462883924,1.0297540426254272,148747858.0
2020-03-16,0.9951403414505667,1.0124471138512983,0.951873410448738,0.9778335690498352,89473190.0
2020-03-17,0.9864870601720983,0.9951404472928308,0.8999530858082627,0.9691802859306335,109742849.0
2020-03-18,0.9345668246270452,0.9778337642667839,0.9259134366990975,0.9518736004829407,70431535.0
2020-03-19,0.9432201245684363,0.9778336730513659,0.9432201245684363,0.9691802859306335,90185975.0
2020-03-20,0.9778338396053977,0.9864872282000582,0.9518736738214162,0.9605270624160767,67586278.0
2020-03-23,0.9432201685458562,0.9518735560700508,0.925913393497467,0.925913393497467,78176080.0
2020-03-24,0.9605269428462825,1.0037938804335633,0.9518735553288262,0.9951404929161072,108742230.0
2020-03-25,0.9951403577201668,1.038407392585871,0.977833585036486,0.9864869713783264,116187986.0
2020-03-26,0.9951404634460547,1.02110062522964,0.9778336889236644,1.0124472379684448,83946132.0
2020-03-27,1.0124471138512983,1.021100500051664,0.9691801828494695,0.9778335690498352,83748022.0
2020-03-30,0.9778335690498352,0.9951403414505667,0.9691801828494695,0.9778335690498352,54260060.0
2020-03-31,0.9951404485086489,1.0124472227712584,0.9864870613773442,1.0037938356399536,51430206.0
2020-04-01,0.986487105398651,1.0211006554684758,0.986487105398651,0.9951404929161072,70106181.0
2020-04-02,1.0037938356399536,1.0124472227712584,0.9864870613773442,1.0037938356399536,33213081.0
2020-04-03,0.9951404929161072,1.0037938804335633,0.986487105398651,0.9951404929161072,26280235.0
2020-04-06,1.0037938655191683,1.021100640296936,0.9951404781302843,1.021100640296936,51925408.0
2020-04-07,1.0297541308423346,1.0557142930089864,1.021100640296936,1.021100640296936,99415121.0
2020-04-08,1.0297541308423346,1.0384075182312187,1.0124472529080522,1.021100640296936,52707832.0
2020-04-09,1.0384074904668488,1.064367651939392,1.0211006129953082,1.064367651939392,114013775.0
2020-04-10,1.064367651939392,1.064367651939392,1.0470608776243633,1.064367651939392,63148691.0
2020-04-13,1.0470608776243633,1.0730210390969064,1.0470608776243633,1.064367651939392,88324965.0
2020-04-14,1.064367651939392,1.081674426254421,1.0557142647818776,1.064367651939392,86639693.0
2020-04-15,1.0643675892156916,1.0730209758632578,1.0211005528213553,1.0297540426254272,113844020.0
2020-04-16,1.0297540426254272,1.0384074292729932,1.012447166173789,1.0297540426254272,69445041.0
2020-04-17,1.0470609664916992,1.0557143543836538,1.0297541907077903,1.0470609664916992,109273849.0
2020-04-20,1.0470608625777387,1.0643676366440633,1.0470608625777387,1.0557142496109009,80833487.0
2020-04-21,1.0470608625777387,1.0557142496109009,1.0384074755445765,1.0557142496109009,39860860.0
2020-04-22,1.0557142496109009,1.0730210236772255,1.0470608625777387,1.0557142496109009,105584051.0
2020-04-24,1.0557142496109009,1.0730210236772255,1.0470608625777387,1.0557142496109009,85729497.0
2020-04-27,1.0730210838874101,1.0903278589248657,1.0643676963686823,1.0903278589248657,72980587.0
2020-04-28,1.090327873618017,1.107634648888697,1.081674485982677,1.098981261253357,104750816.0
2020-04-29,1.0989812464435935,1.0989812464435935,1.0730210838874101,1.0903278589248657,92996127.0
2020-04-30,1.098981231396874,1.098981231396874,1.064367681795875,1.0816744565963745,78370241.0
2020-05-04,1.064367651939392,1.0730210390969064,1.0470608776243633,1.064367651939392,60212269.0
2020-05-05,1.064367651939392,1.0730210390969064,1.0470608776243633,1.064367651939392,59164281.0
2020-05-06,1.064367651939392,1.0730210390969064,1.0557142647818776,1.064367651939392,38105920.0
2020-05-07,1.0557142797081616,1.0730210542678833,1.0557142797081616,1.0730210542678833,61572839.0
2020-05-08,1.0730210236772255,1.0816744107103877,1.0557142496109009,1.0557142496109009,37157320.0
2020-05-11,1.0643676669880224,1.0730210542678833,1.0557142797081616,1.0730210542678833,33168501.0
2020-05-12,1.0643676539660987,1.1768617903845027,1.0643676539660987,1.1335947513580322,333574514.0
2020-05-13,1.1335947048289838,1.159554968441917,1.0989811575537503,1.1076345443725586,165797074.0
2020-05-14,1.0989812464435935,1.1076346339623213,1.0730210838874101,1.0903278589248657,105539601.0
2020-05-15,1.0989812464435935,1.1076346339623213,1.081674471406138,1.0903278589248657,41182763.0
2020-05-18,1.0989812026620656,1.1509016288625278,1.0903278154880738,1.1335947513580322,184037365.0
2020-05-20,1.1422482299053534,1.1941685524137047,1.1422482299053534,1.1855151653289795,220767557.0
2020-05-21,1.1941685524137047,1.2201287136678804,1.1768617782442543,1.1855151653289795,219784958.0
2020-05-22,1.168208494360601,1.1855152700589549,1.159555106511424,1.1768618822097778,80983497.0
2020-05-27,1.2028219429250218,1.2633957558471718,1.1941685558156447,1.246088981628418,257231997.0
2020-05-28,1.2547423687377948,1.2720491429565488,1.2114753300343988,1.246088981628418,208193998.0
2020-05-29,1.2547424283802708,1.2893559784630868,1.2374355501823469,1.2807025909423828,233096129.0
2020-06-01,1.298009338159656,1.393196702003479,1.289355950824446,1.393196702003479,472285906.0
2020-06-02,1.4278101962422736,1.5229975564126264,1.4191568092410152,1.4883840084075928,708418293.0
2020-06-03,1.505690810042088,1.5489577458424018,1.436463609605074,1.4451169967651367,384179244.0
2020-06-04,1.4451169815053324,1.4710772458679036,1.4018500461618983,1.4364635944366455,380102707.0
2020-06-05,1.4451169504274384,1.4537703373100301,1.4018500160144796,1.419156789779663,163002208.0
2020-06-08,1.4278102108607322,1.5489577332752145,1.4191568237708772,1.497037410736084,617553721.0
2020-06-09,1.5316509360060155,1.6268382957159924,1.5143441620872033,1.6095315217971802,829949394.0
2020-06-10,1.652798491038127,1.7220256913125636,1.6268383296189053,1.687412142753601,808521281.0
2020-06-11,1.6701052653176083,1.7479858527317853,1.652798491038127,1.687412142753601,679595533.0
2020-06-12,1.670105218887329,1.7047188696405156,1.6614518319881597,1.670105218887329,344889893.0
2020-06-15,1.644145042921221,1.6874120801717711,1.644145042921221,1.661451816558838,378624109.0
2020-06-16,1.713372256539685,1.7306790303380237,1.670105218887329,1.670105218887329,353828118.0
2020-06-17,1.6787586616805563,1.696065434991654,1.6268382385907578,1.6441450119018555,259068168.0
2020-06-18,1.6527983985574042,1.6701051718685016,1.6354916252463065,1.6441450119018555,289867436.0
2020-06-19,1.6614518435536167,1.6614518435536167,1.592224747878368,1.6095315217971802,251994357.0
2020-06-22,1.609531540777014,1.6874121274865581,1.6008781537155659,1.6787587404251099,590181776.0
2020-06-23,1.7047189016094544,1.7220256757323507,1.661451863145703,1.6787587404251099,339541277.0
2020-06-24,1.6701053081631119,1.678758798681364,1.6441451460778984,1.6527985334396362,211376330.0
2020-06-25,1.6527983827186106,1.670105155863857,1.6095314498554945,1.6354916095733643,287453023.0
2020-06-26,1.6441449961459875,1.6614517692912338,1.626838223000741,1.6354916095733643,177202054.0
2020-06-29,1.6441450581898207,1.6787587089430072,1.6354916712906513,1.670105218887329,321530329.0
2020-06-30,1.6787585609132147,1.7912525806829045,1.670105071620585,1.7739458084106445,66326934.0
2020-07-01,1.782599372515535,1.7999061465156454,1.7306790505152037,1.7393324375152588,471177479.0
2020-07-02,1.7652927037510349,1.8172130288465285,1.7566393162351195,1.7999062538146973,443514520.0
2020-07-03,1.799906193402625,1.8085595806280983,1.747985870049786,1.7652926445007324,356149110.0
2020-07-06,1.7912528680125395,1.8604801745191286,1.7825994804883447,1.851826786994934,650132540.0
2020-07-07,1.851826715118212,1.99028091013137,1.8345197344285427,1.9470139741897583,881378615.0
2020-07-08,1.947014004203309,2.00758771545532,1.9383606168815932,1.9643207788467407,1072731021.0
2020-07-09,1.9989344681733066,2.016241244029202,1.9037472009658813,1.9037472009658813,599464756.0
2020-07-10,1.851826786994934,1.8604801745191286,1.7393325428673718,1.851826786994934,36133636.0
2020-07-13,1.91240023836377,1.9729739427566528,1.895093465680089,1.9729739427566528,726730324.0
2020-07-14,1.9989343289641361,2.050854652916003,1.9729741669882026,2.033547878265381,948586198.0
2020-07-16,2.0335476471495357,2.0335476471495357,1.9729739427566528,1.9729739427566528,455165530.0
2020-07-17,1.972973958673493,1.998934117908446,1.9470137994385397,1.981627345085144,389412197.0
2020-07-20,1.9729739900937493,2.0248943093905036,1.9729739900937493,1.9989341497421265,602387313.0
2020-07-21,2.00758771545532,2.0162411027770357,1.9210538422381618,1.9643207788467407,517533244.0
2020-07-22,1.9556674932102756,2.0941219038697163,1.9556674932102756,2.076815128326416,963354237.0
2020-07-23,2.08568970651649,2.08568970651649,2.0246024131774902,2.0246024131774902,456245057.0
2020-07-24,2.0246025214932626,2.0595094292335907,2.0071490676230987,2.0333292484283447,622859509.0
2020-07-27,2.0507825925821024,2.059509319050307,2.015875686709286,2.0246024131774902,412266226.0
2020-07-28,2.0246028958777784,2.042056352975392,1.9373356103897095,1.9373356103897095,547301831.0
2020-07-29,1.9460623515589457,1.9460623515589457,1.8762485227157404,1.9286088943481445,601419778.0
2020-07-30,1.9547889232635496,1.963515651168501,1.9286087395486957,1.9547889232635498,225932928.0
2020-08-04,1.9722422563784434,1.9896957111025506,1.780254046351672,1.8413411378860474,690795532.0
2020-08-05,1.87624863312873,1.87624863312873,1.7889811338776065,1.832614779472351,759706597.0
2020-08-06,1.8151610819898154,1.850067993864757,1.6493531465530396,1.6493531465530396,144848251.0
2020-08-07,1.5882662087282744,1.7191672453084894,1.4922720874945665,1.7104405164718628,657259154.0
2020-08-10,1.6755332410861112,1.745347165142915,1.614446148563356,1.7278937101364136,873374520.0
2020-08-11,1.7278938279861342,1.8326145651675436,1.7278938279861342,1.815161108970642,894485092.0
2020-08-12,1.7977075810960956,1.8326144920981011,1.7453472145930873,1.7802541255950928,766374969.0
2020-08-13,1.7802540751559182,1.788980802659169,1.710440255129912,1.7278937101364136,507694826.0
2020-08-14,1.7104404218875517,1.7540740636578227,1.675533404440527,1.6929869651794434,618237790.0
2020-08-17,1.7017136906378056,1.7191671473162147,1.6668066732501798,1.6842601299285889,378944163.0
2020-08-18,1.6842601206083747,1.719167137802835,1.666806664026548,1.7017136812210083,309600914.0
2020-08-19,1.6755333892415332,1.8151611456706258,1.6755333892415332,1.7889809608459473,956707778.0
2020-08-20,1.7889808533455942,1.8064343088465968,1.7540739423435887,1.7802541255950928,451298027.0
2020-08-21,1.7977076924210547,1.7977076924210547,1.6842601206083747,1.7017136812210083,404781610.0
2020-08-24,1.7104404189770102,1.7278938756554192,1.6755334015893844,1.6842601299285889,327818001.0
2020-08-25,1.6929869151748047,1.7017136432711033,1.623172986373611,1.6318997144699097,368862597.0
2020-08-26,1.6318997388400196,1.6580799235198793,1.6057195541601599,1.6144462823867798,199099871.0
2020-08-27,1.6406264305114746,1.6493531585436523,1.6144462464149414,1.6406264305114746,245802312.0
2020-08-28,1.640626369636228,1.6493530973446016,1.5882660033859868,1.5969927310943604,182880062.0
2020-08-31,1.5969929241785605,1.6144463817055155,1.5184522612764508,1.5359057188034058,432469111.0
2020-09-01,1.5359055876175771,1.5533590436537854,1.5009986755451608,1.5446323156356812,272267760.0
2020-09-02,1.5359055876175771,1.5620857716718894,1.527178859599473,1.5446323156356812,246183365.0
2020-09-03,1.5446323772591515,1.5533591056254104,1.4922720070615976,1.5009987354278564,228112960.0
2020-09-04,1.5009985932227254,1.5271787758411826,1.4922718656832397,1.5184520483016968,171609487.0
2020-09-07,1.5533589999320871,1.605719470597749,1.5533589999320871,1.5882660150527954,426226378.0
2020-09-08,1.6057195882781703,1.6144463166902139,1.562085842187143,1.5795392990112305,341273203.0
2020-09-09,1.5795391915788712,1.5882660234281682,1.5359055524863947,1.570812463760376,244089770.0
2020-09-10,1.5708125954783618,1.5882661566096945,1.544632409827578,1.5620858669281006,205164464.0
2020-09-11,1.5708125954783618,1.579539324028623,1.5533591383778393,1.5620858669281006,109751410.0
2020-09-14,1.5708125705991869,1.6057195882781703,1.5533591137750993,1.5795392990112305,150650268.0
2020-09-15,1.6057195882781703,1.6231730451022577,1.5708125705991869,1.5795392990112305,245428413.0
2020-09-16,1.5795391915788712,1.5882660234281682,1.5533590081233855,1.570812463760376,133689159.0
2020-09-17,1.5620857596280664,1.5708124875788865,1.5446323037264258,1.553359031677246,130779735.0
2020-09-18,1.5620858669281006,1.5708125954783618,1.544632409827578,1.5620858669281006,75652462.0
2020-09-21,1.5533590929445116,1.5620858212395297,1.5097254514694214,1.5097254514694214,162191057.0
2020-09-22,1.5097254514694214,1.5271789080594576,1.5009987231744033,1.5097254514694214,166943876.0
2020-09-23,1.5184520483016968,1.5359055033806683,1.509725320762211,1.5184520483016968,120852016.0
2020-09-24,1.509725320762211,1.5271787758411826,1.5009985932227254,1.5184520483016968,197329852.0
2020-09-25,1.5271789900399284,1.5446324475668831,1.5184522612764508,1.5359057188034058,195623631.0
2020-09-28,1.5271787758411826,1.5359055033806683,1.5009985932227254,1.5184520483016968,93810311.0
2020-09-29,1.509725355659409,1.5184520834006126,1.4835451724357986,1.492271900177002,119850660.0
2020-09-30,1.5009987354278564,1.5184521921603744,1.4922720070615976,1.5009987354278564,134775420.0
2020-10-01,1.5184521797644395,1.5359056363544756,1.5009987231744033,1.5097254514694214,182557124.0
2020-10-02,1.5009985932227254,1.5184520483016968,1.4922718656832397,1.5184520483016968,109048727.0
2020-10-05,1.527178859599473,1.5533590436537854,1.5184521315813688,1.5446323156356812,188564203.0
2020-10-06,1.5620857596280664,1.5795392155297068,1.5446323037264258,1.553359031677246,227624424.0
2020-10-07,1.5533590436537854,1.5533590436537854,1.5359055876175771,1.5446323156356812,124629105.0
2020-10-08,1.5533591763303607,1.5533591763303607,1.5184522612764508,1.5359057188034058,166878283.0
2020-10-09,1.5359055524863947,1.570812463760376,1.5271788246678994,1.570812463760376,203944490.0
2020-10-12,1.5882661097595288,1.6231730229309007,1.5795392774358787,1.6057195663452148,285987390.0
2020-10-13,1.623172939416951,1.675533306480013,1.5882660280415763,1.6668065786361694,538928747.0
2020-10-14,1.6842600463124873,1.6929868782492505,1.631899678876722,1.6580798625946045,375436999.0
2020-10-15,1.675533404440527,1.7453473353037685,1.6668066760864728,1.6929869651794434,689306322.0
2020-10-16,1.7104404218875517,1.719167150241606,1.675533404440527,1.6929869651794434,228928714.0
2020-10-19,1.6929869622986011,1.7017136906378056,1.6668066732501798,1.6842601299285889,135498199.0
2020-10-20,1.6842600343238567,1.6842600343238567,1.6580798507923258,1.6668065786361694,217342327.0
2020-10-21,1.6842601299285889,1.7104404189770102,1.6755334015893844,1.6842601299285889,202736133.0
2020-10-22,1.6929868782492505,1.6929868782492505,1.6493531346886436,1.6580798625946045,212493337.0
2020-10-23,1.6580798250529751,1.6668065527613485,1.579539171646813,1.5969927310943604,337378662.0
2020-10-26,1.5620857433313702,1.5708124711911475,1.4486381771234629,1.4660916328430176,314657553.0
2020-10-27,1.4660917059635241,1.5271789080594576,1.422458064488434,1.5097254514694214,341052649.0
2020-10-28,1.5009986397554866,1.5097253675655113,1.4573648966745611,1.483545184135437,81177597.0
2020-10-30,1.4486383073663698,1.4748185973302983,1.431184850077625,1.4573650360107422,146124183.0
2020-11-02,1.5097254514694214,1.5533590929445116,1.4922719948793854,1.5097254514694214,295164891.0
2020-11-03,1.5271789080594576,1.5359056363544756,1.4748185382893493,1.5097254514694214,209840613.0
2020-11-04,1.5184521553975725,1.53590561170753,1.5009986990876152,1.5271788835525513,130335016.0
2020-11-05,1.5271788478247854,1.6057195034129705,1.5184521198739651,1.553359031677246,571255716.0
2020-11-06,1.5533591137750993,1.5795392990112305,1.5446323853630557,1.5795392990112305,303896233.0
2020-11-09,1.6057195541601599,1.6231730106133997,1.59699282593354,1.6144462823867798,231752828.0
2020-11-10,1.6057195183827637,1.6580798865758302,1.596992790350586,1.6406264305114746,341537811.0
2020-11-11,1.6493531346886436,1.6842600463124873,1.6406264067826828,1.6580798625946045,290990393.0
2020-11-12,1.666806626855104,1.710440371367402,1.623172986373611,1.6318997144699097,455078398.0
2020-11-13,1.649353122948482,1.675533306480013,1.6406263951046383,1.6668065786361694,293677186.0
2020-11-16,1.6842600463124873,1.6929868782492505,1.6493531346886436,1.6580798625946045,188121448.0
2020-11-17,1.6580798507923258,1.6929868661985021,1.649353122948482,1.6668065786361694,534889913.0
2020-11-18,1.684259968589362,1.745347165142915,1.6580797860796097,1.7278937101364136,543567520.0
2020-11-19,1.7278938756554192,1.7366206039946237,1.6580799449109753,1.6842601299285889,531445342.0
2020-11-20,1.675533404440527,1.7017136935334976,1.6668066760864728,1.6929869651794434,131384509.0
2020-11-23,1.692986915592331,1.8326145651675436,1.6755333553646246,1.815161108970642,337418799.0
2020-11-24,1.82388792467426,1.893701960876791,1.7715275535685768,1.8587950468063354,557128616.0
2020-11-25,1.858794847266226,1.8849750300086463,1.7977075461389809,1.8064342737197876,387589315.0
2020-11-26,1.806434486999214,1.8326146728326378,1.7889810297769315,1.8238879442214966,379912217.0
2020-11-27,1.8238876469809173,1.9547887628765879,1.8151609197919787,1.8937016725540161,437416316.0
2020-11-30,1.8762484423197614,1.9722424528658902,1.858794985856829,1.9024286270141602,56399790.0
2020-12-01,1.9198820834770927,1.9373355399400252,1.858794985856829,1.9024286270141602,462995288.0
2020-12-02,1.9111551269318936,1.946062035687649,1.8849749453650773,1.8937016725540161,595822040.0
2020-12-03,1.902428399742955,1.946062035687649,1.8849749453650773,1.8937016725540161,463898066.0
2020-12-04,1.9024285552476605,1.911155283149923,1.8587949157363484,1.8675216436386108,262762454.0
2020-12-07,1.8500680587701972,1.8587949951067042,1.7889809608459473,1.7889809608459473,333872458.0
2020-12-08,1.7802542325710544,1.8238878739455187,1.7715275042961616,1.7889809608459473,421689817.0
2020-12-09,1.8064342853150452,1.8238877405886902,1.7889808300414003,1.7977075576782227,311211991.0
2020-12-10,1.7977077139490718,1.80643444234449,1.7278938867857268,1.7715275287628174,201137078.0
2020-12-11,1.754074001476659,1.754074001476659,1.6929869051637907,1.736620545387268,230616074.0
2020-12-14,1.7540740719719812,1.7889809855536536,1.7540740719719812,1.7715275287628174,134852746.0
2020-12-15,1.7802543011657903,1.841341401443779,1.7540741153323665,1.8238879442214966,677069784.0
2020-12-16,1.8500679116238217,1.8675215748470329,1.7889808185581741,1.8064342737197876,378258251.0
2020-12-17,1.8064344676390325,1.8675217753239493,1.7889810106038047,1.8587950468063354,365316751.0
2020-12-18,1.8675217819992547,1.9460623389385165,1.8587950534504478,1.9373356103897095,620780652.0
2020-12-21,1.9024284374820146,1.9024284374820146,1.8151609557998865,1.8413411378860474,567213262.0
2020-12-22,1.8587950098980235,1.911155379964037,1.8500680734920723,1.8849751949310303,365682210.0
2020-12-23,1.893701898782694,1.9198820834770927,1.8849751705512277,1.9024286270141602,323544232.0
2020-12-24,1.9024285552476605,1.9024285552476605,1.8587949157363484,1.8675216436386108,254144655.0
2020-12-25,1.8762483596801758,1.9024285432214654,1.858794903985983,1.8762483596801758,187774555.0
2020-12-28,1.8762483596801758,1.8937018153743688,1.8762483596801758,1.8762483596801758,97041075.0
2020-12-29,1.8937018153743688,1.9024285432214654,1.8500679680772827,1.8762483596801758,159007958.0
2020-12-30,1.8849750875272724,1.9111552710685618,1.8762483596801758,1.8762483596801758,341966459.0
2020-12-31,1.8675217753239493,1.8762485038415633,1.850068110227102,1.8587950468063354,168033094.0
2021-01-04,1.937335456790126,2.0507829189300537,1.9111552732193733,2.0507829189300537,1002299799.0
2021-01-05,2.050783031611761,2.1904108930559953,2.015876118266106,2.076963424682617,371609203.0
2021-01-06,2.0944168813554445,2.120597066364686,2.0420563032753467,2.076963424682617,464134930.0
2021-01-07,2.08569012354105,2.268951416015625,2.08569012354105,2.268951416015625,356717437.0
2021-01-08,2.234044336471528,2.2776779742812066,2.172957243537977,2.2165908813476562,121256935.0
2021-01-11,2.2165911703997154,2.26022481389939,2.1555040695001706,2.1816842555999756,800437318.0
2021-01-12,2.1991375206346264,2.207864248571208,2.1380504250785553,2.1467771530151367,257786477.0
2021-01-13,2.155504013126263,2.181684198541365,2.1118703707677593,2.1380505561828613,397726732.0
2021-01-14,2.1380502950358213,2.1816839320647983,2.1118701128184347,2.155503749847412,480331145.0
2021-01-15,2.1555038809517186,2.207864248571208,2.129323697141974,2.1467771530151367,601136311.0
2021-01-18,2.14677747107913,2.1991378464562703,2.1031438249315126,2.1729576587677,454418143.0
2021-01-19,2.1991373868763895,2.2253175690937756,2.1467770224416167,2.155503749847412,704714794.0
2021-01-20,2.146777284654562,2.155504013126263,2.1118703707677593,2.1380505561828613,313944532.0
2021-01-21,2.2078641769178935,2.2602245428380967,2.1904107216111592,2.1991374492645264,1033784440.0
2021-01-22,2.190411117226747,2.1991378464562703,2.1380507418496064,2.1729576587677,321957506.0
2021-01-25,2.190410659470594,2.1991373868763895,2.1380502950358213,2.155503749847412,309661881.0
2021-01-26,2.14677706085217,2.234044336471528,2.1380503332902343,2.2165908813476562,914546350.0
2021-01-27,2.2165909562730906,2.242771139843843,2.042056191073136,2.0507829189300537,722966160.0
2021-01-28,2.0158762168525945,2.1031437125461667,1.9722425730366215,2.0682365894317627,922358579.0
2021-01-29,2.033329424026646,2.120596908975467,2.0246026963379236,2.1031434535980225,732323275.0
2021-02-01,2.1118702648638434,2.155503905034252,2.1118702648638434,2.129323720932007,317390802.0
2021-02-02,2.1380504250785553,2.1729573368248816,2.1118702412688104,2.1467771530151367,516134572.0
2021-02-03,2.146777083344323,2.2165909045712606,2.138050355690956,2.1991374492645264,39603061.0
2021-02-04,2.190410768620229,2.207864224301537,2.1642305850982666,2.1642305850982666,464325266.0
2021-02-05,2.181684198541365,2.1991376554847664,2.1380505561828613,2.1380505561828613,328870583.0
2021-02-08,2.164230714356944,2.347492218017578,2.155503985995086,2.347492218017578,71791478.0
2021-02-09,2.3649456344210624,2.3998525472733623,2.234044503163325,2.268951416015625,840806728.0
2021-02-10,2.2776782564207076,2.338765564982834,2.2514980704919205,2.2951319217681885,688869119.0
2021-02-11,2.2864051662754026,2.2864051662754026,2.225318060933368,2.2340447902679443,422484998.0
2021-02-12,2.2340443598779953,2.2514978151847296,2.1904107216111592,2.1991374492645264,331815350.0
2021-02-15,2.2165908813476562,2.234044336471528,2.1991374262237846,2.2165908813476562,289517206.0
2021-02-16,2.2165911703997154,2.27767827129926,2.1729575269000407,2.1816842555999756,657924110.0
2021-02-17,2.190410659470594,2.207864114282185,2.1467770224416167,2.155503749847412,332114143.0
2021-02-18,2.1642306088883,2.190410792698045,2.1467771530151367,2.1467771530151367,193703438.0
2021-02-19,2.1467771770001702,2.155503905034252,2.1118702648638434,2.129323720932007,255602183.0
2021-02-22,2.1467770684597345,2.1555037960525953,2.1031434304954306,2.1205968856811523,238895736.0
2021-02-23,2.129323565720487,2.1380502931184564,2.02460262888326,2.042056083679199,461814440.0
2021-02-24,2.024602710129078,2.0769632846796795,1.972242343640078,1.9809690713882446,487622366.0
2021-02-25,2.0769636048993902,2.085690333993017,1.9373357313397364,2.015876293182373,594075584.0
2021-02-26,1.9460620880126953,1.9984224525541756,1.9373353605891153,1.9460620880126953,409212375.0
2021-03-01,1.9809690960747135,2.0507829189300537,1.972242368217796,2.0507829189300537,327367460.0
2021-03-02,2.0420562557217203,2.1467772013816497,2.01587607132214,2.111870288848877,811397033.0
2021-03-03,2.138050340866874,2.1555037960525953,2.1031434304954306,2.1205968856811523,313551651.0
2021-03-04,2.1031434304954306,2.1555037960525953,2.1031434304954306,2.1205968856811523,379903115.0
2021-03-05,2.103143513332229,2.1555038809517186,2.0856900574590655,2.1467771530151367,329436786.0
2021-03-08,2.129323898835751,2.155504085125335,2.059509860668568,2.0682365894317627,325577722.0
2021-03-09,2.08569012853179,2.1118703132336605,2.068236464002264,2.094416856765747,245784265.0
2021-03-10,2.0944168813554445,2.1031436096918585,2.068236488284588,2.076963424682617,192787178.0
2021-03-11,2.094416432984694,2.1118698859211023,2.0246024131774902,2.0246024131774902,445491374.0
2021-03-12,2.0246026864091515,2.033329414055077,1.9984225034713745,1.9984225034713745,376688856.0
2021-03-15,1.9984224525541756,2.007149179977756,1.9460620880126953,1.9460620880126953,195043934.0
2021-03-16,1.9547891488118316,1.989696064459281,1.9373356909881068,1.9635158777236938,211979178.0
2021-03-17,1.9722424528658902,1.9722424528658902,1.9024286270141602,1.9024286270141602,265196759.0
2021-03-18,1.902428399742955,1.9286085813097713,1.8762482181761384,1.8937016725540161,311157007.0
2021-03-19,1.8849753622476788,1.8849753622476788,1.8064345921155043,1.832614779472351,271880384.0
2021-03-22,1.7017136183962553,1.7540739862086676,1.6493531465530396,1.6493531465530396,216935312.0
2021-03-23,1.553359080769634,1.6580799235198793,1.4922719831832945,1.6144462823867798,311845615.0
2021-03-24,1.649353122948482,1.6842600343238567,1.623172939416951,1.6668065786361694,214938815.0
2021-03-25,1.6668066024905104,1.69298689042752,1.6493531465530396,1.6493531465530396,200357520.0
2021-03-26,1.6668066517464992,1.6755333799731191,1.58826609770692,1.6144462823867798,165474684.0
2021-03-29,1.7104404299948903,1.7715275287628174,1.7017137015994723,1.7715275287628174,572004903.0
2021-03-30,1.7628007890122372,1.7628007890122372,1.6493532165717708,1.6842601299285889,456646290.0
2021-03-31,1.6842600343238567,1.6929868661985021,1.6580798507923258,1.6668065786361694,143407531.0
2021-04-01,1.6668065668953609,1.6755332946777344,1.649353111330614,1.6755332946777344,195176761.0
2021-04-02,1.6929868542732827,1.7017135820556561,1.6580798391129874,1.6755332946777344,213060794.0
2021-04-05,1.6842601525812615,1.7977077265475556,1.6668066956681098,1.7628008127212524,786329743.0
2021-04-06,1.7540739487498973,1.7540739487498973,1.6755332946777344,1.6755332946777344,504183083.0
2021-04-07,1.666806524695459,1.754073904340576,1.666806524695459,1.7191669940948486,572866442.0
2021-04-08,1.7191671473162147,1.7191671473162147,1.6842601299285889,1.6842601299285889,169472204.0
2021-04-09,1.6842600706723632,1.692986902735345,1.6144462464149414,1.6406264305114746,273392837.0
2021-04-12,1.6318996539151795,1.6406263816876563,1.5882660150527954,1.5882660150527954,176178442.0
2021-04-13,1.5882661566096945,1.5969928851599557,1.5271789527270558,1.5620858669281006,329346130.0
2021-04-14,1.5795392418613132,1.6493531706625069,1.5795392418613132,1.6318997144699097,182588564.0
2021-04-15,1.6406264795165866,1.6493532078094297,1.596992838052372,1.6057195663452148,218111205.0
2021-04-16,1.6057195067093626,1.658079874521775,1.5969927787406273,1.6493531465530396,220005566.0
2021-04-19,1.6493531829116714,1.6580799110727804,1.6231729984283447,1.6231729984283447,211618212.0
2021-04-20,1.6231730229309007,1.6406264795165866,1.5795392774358787,1.6057195663452148,373066863.0
2021-04-21,1.6057195882781703,1.6144463166902139,1.5533591137750993,1.5795392990112305,150121558.0
2021-04-22,1.5620857359418807,1.5882660234281682,1.5446322803048902,1.570812463760376,172679324.0
2021-04-26,1.562085727704564,1.5969927428252724,1.562085727704564,1.5882660150527954,106858221.0
2021-04-27,1.5969928598661265,1.6057195882781703,1.5795392990112305,1.5795392990112305,65922220.0
2021-04-28,1.579539171646813,1.605719458802734,1.5708124439384394,1.5969927310943604,91124737.0
2021-04-29,1.605719458802734,1.605719458802734,1.5882660033859868,1.5969927310943604,56908729.0
2021-04-30,1.5969927428252724,1.6144461983702258,1.5795391832495176,1.5882660150527954,136201215.0
2021-05-03,1.58826609770692,1.6144462823867798,1.58826609770692,1.6144462823867798,131112387.0
2021-05-04,1.6144461865111073,1.6231729142194808,1.579539171646813,1.5969927310943604,85948993.0
2021-05-05,1.607325553894043,1.6161570043045161,1.589662547793903,1.607325553894043,139656832.0
2021-05-06,1.5984941720962524,1.6161571801178594,1.5984941720962524,1.5984941720962524,59520474.0
2021-05-07,1.6073256539873313,1.642651457829075,1.5984940977476956,1.6249885559082031,159047469.0
2021-05-10,1.6426512682705652,1.695639967918396,1.6338198183292603,1.695639967918396,219139246.0
2021-05-11,1.6779772930976746,1.6956401953493552,1.6338200374684735,1.6514829397201538,175891395.0
2021-05-12,1.6514827697205365,1.6603142199372887,1.633819869287032,1.6426513195037842,40497537.0
2021-05-17,1.6603143340169733,1.7133031442375224,1.6514828831934147,1.7044715881347656,194408188.0
2021-05-18,1.7133031890469366,1.7397975422105405,1.6956401816586664,1.7309660911560059,189430561.0
2021-05-20,1.7221346401014712,1.7486289932650751,1.7133031890469366,1.7309660911560059,165307399.0
2021-05-21,1.7397975422105405,1.7662918953741444,1.7221346401014712,1.7309660911560059,205926404.0
2021-05-24,1.7397974043966147,1.7574603051065592,1.7221345036866702,1.748628854751587,127725355.0
2021-05-25,1.7574603511973668,1.7662918017839508,1.6249884871194096,1.6338199377059937,416171859.0
2021-05-26,1.6514829696740405,1.6868087748181257,1.6249886158159765,1.6779773235321045,257881423.0
2021-05-27,1.6779771537079455,1.6779771537079455,1.6426513521391024,1.6691457033157349,222416948.0
2021-05-28,1.6691457722750187,1.6691457722750187,1.6249885184896469,1.6603143215179443,206842736.0
2021-05-31,1.7662918441407658,1.7662918441407658,1.704471583272992,1.7221345901489258,261786724.0
2021-06-01,1.722134595061081,1.7309660458846394,1.695640137311207,1.7044715881347656,99931357.0
2021-06-02,1.7044715881347656,1.7309660458846394,1.7044715881347656,1.7044715881347656,117680170.0
2021-06-03,1.7044716519178924,1.7309661106592167,1.6956402007638516,1.7133032083511353,167694209.0
2021-06-04,1.7221345901489258,1.7221345901489258,1.704471583272992,1.7221345901489258,39977320.0
2021-06-07,1.7221345533206462,1.7662918063681723,1.713303102711141,1.757460355758667,196148149.0
2021-06-08,1.757460355758667,1.7751232569776776,1.748628905149162,1.757460355758667,140463695.0
2021-06-09,1.7574603689953818,1.8104490730515095,1.7397974676433392,1.8016176223754883,375553577.0
2021-06-10,1.8104492201539324,1.9605841044034307,1.801617768760339,1.9075953960418701,501048505.0
2021-06-11,1.91642678883867,1.9782469467036066,1.8811009843444204,1.960584044456482,513001295.0
2021-06-14,1.9694154134129536,1.978246864168054,1.9075952581272504,1.9252581596374512,252275604.0
2021-06-15,1.92525820965997,2.004741268521022,1.9164267586754087,1.9340896606445312,639324786.0
2021-06-16,1.9517525933329194,1.9782469467036066,1.942921142209357,1.960584044456482,272712412.0
2021-06-17,1.9605839922464825,1.969415443134865,1.8722692728042603,1.8722692728042603,442824287.0
2021-06-18,1.8899323204266423,1.9075952215986154,1.8104490545943723,1.8192805051803589,497913268.0
2021-06-21,1.810449191635672,1.8899324634843995,1.792786289126712,1.8811010122299194,383734449.0
2021-06-22,1.8899323252171285,1.9164266770422447,1.8811008746087565,1.8987637758255005,254072449.0
2021-06-23,1.9164265636615547,1.9340894638333164,1.8369433023302482,1.8634376525878906,539845349.0
2021-06-24,1.8811009342510405,1.9075952869161878,1.8634378219158778,1.8722692728042603,298731662.0
2021-06-25,1.8722692798333376,1.8811009413132747,1.8104491233825684,1.8104491233825684,250793911.0
2021-06-28,1.8192806221996238,1.8192806221996238,1.7044716519178924,1.7133032083511353,453525662.0
2021-06-29,1.7133029730801939,1.7133029730801939,1.6779770680357857,1.695639967918396,336728999.0
2021-06-30,1.6956401953493552,1.7044716464751954,1.6426514885943135,1.6514829397201538,206656301.0
2021-07-01,1.6514828025313133,1.6779771537079455,1.6426513521391024,1.6691457033157349,152428718.0
2021-07-02,1.6779771537079455,1.6779771537079455,1.6514828025313133,1.6691457033157349,115584081.0
2021-07-05,1.6603144209600618,1.6868087748181257,1.6514829696740405,1.6779773235321045,70823759.0
2021-07-06,1.677977223032093,1.6868086737891674,1.65148287076087,1.6603143215179443,86825817.0
2021-07-07,1.6603144209600618,1.6779773235321045,1.6514829696740405,1.6779773235321045,43736413.0
2021-07-08,1.6779771203707932,1.6868085705875455,1.6426513195037842,1.6426513195037842,150988471.0
2021-07-09,1.6514828388791618,1.6603142894657459,1.6161570365328253,1.6338199377059937,135287171.0
2021-07-12,1.6338200828602614,1.6426515342314623,1.5808312693538504,1.5984941720962524,140739631.0
2021-07-13,1.589662620898703,1.5984940717153138,1.5719997192654815,1.5808311700820923,62501108.0
2021-07-14,1.5808312693538504,1.6073257287466582,1.5808312693538504,1.5984941720962524,67577947.0
2021-07-16,1.6073256785592667,1.616157129654713,1.5896626710891724,1.5896626710891724,51484111.0
2021-07-19,1.5808311700820923,1.589662620898703,1.5719997192654815,1.5808311700820923,36908367.0
2021-07-26,1.5896627207250513,1.5984941720962524,1.5719998179826493,1.5984941720962524,125035486.0
2021-07-27,1.5984939982043762,1.607325553894043,1.5808310973834296,1.607325553894043,90121786.0
2021-07-28,1.6073257287466582,1.6073257287466582,1.5896627207250513,1.5984941720962524,37021920.0
2021-07-29,1.6161571049477672,1.6249885559082031,1.6073256539873313,1.6249885559082031,95188748.0
2021-07-30,1.6161570043045161,1.6249884547149895,1.607325553894043,1.607325553894043,81472762.0
2021-08-02,1.6073257287466582,1.6161571801178594,1.5896627207250513,1.5984941720962524,214123916.0
2021-08-03,1.5984941221846187,1.616157129654713,1.5896626710891724,1.5896626710891724,130780730.0
2021-08-04,1.5984941720962524,1.6073257287466582,1.5984941720962524,1.5984941720962524,89205879.0
2021-08-05,1.5984941720962524,1.6073257287466582,1.5896627207250513,1.5984941720962524,61368113.0
2021-08-06,1.607325553894043,1.6249884547149895,1.5984939982043762,1.607325553894043,132457804.0
2021-08-09,1.6073255186367752,1.6426513195037842,1.6073255186367752,1.6426513195037842,111889905.0
2021-08-10,1.6426513882925777,1.6514828388791618,1.6249884871194096,1.6338199377059937,133371338.0
2021-08-11,1.6338199562750375,1.651482857648952,1.6073256042141657,1.616157054901123,143444361.0
2021-08-12,1.6249885559082031,1.633820006868639,1.6161571049477672,1.6249885559082031,63842089.0
2021-08-13,1.6249885559082031,1.633820006868639,1.6161571049477672,1.6249885559082031,37296925.0
2021-08-16,1.6249884190702797,1.6426513195037842,1.6249884190702797,1.6426513195037842,73539665.0
2021-08-17,1.6426513882925777,1.6426513882925777,1.6249884871194096,1.6338199377059937,64032180.0
2021-08-18,1.642651457829075,1.642651457829075,1.6161571049477672,1.6249885559082031,97033711.0
2021-08-19,1.633820006868639,1.6514829087895109,1.6249885559082031,1.6249885559082031,226553747.0
2021-08-20,1.6338199377059937,1.6426513882925777,1.6249884871194096,1.6338199377059937,84443121.0
2021-08-23,1.6426513195037842,1.669145670154041,1.633819869287032,1.6426513195037842,122098207.0
2021-08-24,1.6514829397201538,1.6691458419718344,1.6426514885943135,1.6514829397201538,127694491.0
2021-08-25,1.6514829087895109,1.6603143597499468,1.6249885559082031,1.6249885559082031,89847646.0
2021-08-26,1.6249884547149895,1.633819905125463,1.607325553894043,1.607325553894043,97876716.0
2021-08-27,1.6161570043045161,1.6249884547149895,1.607325553894043,1.607325553894043,55349817.0
2021-08-31,1.6249885559082031,1.6249885559082031,1.6073256539873313,1.6249885559082031,67167437.0
2021-09-01,1.6338199562750375,1.6338199562750375,1.616157054901123,1.616157054901123,68585482.0
2021-09-02,1.6161569688535276,1.6426513195037842,1.6161569688535276,1.6426513195037842,64894550.0
2021-09-03,1.6514827697205365,1.6514827697205365,1.6249884190702797,1.6426513195037842,50736486.0
2021-09-06,1.6426514200037956,1.6691457722750187,1.6426514200037956,1.6603143215179443,42819029.0
2021-09-07,1.6603142894657459,1.6691457400523302,1.6249884871194096,1.6338199377059937,77152328.0
2021-09-08,1.6338199562750375,1.6426514069619946,1.6073256042141657,1.616157054901123,93827269.0
2021-09-09,1.6073256840909527,1.6514829397201538,1.6073256840909527,1.6514829397201538,62200284.0
2021-09-10,1.6514827697205365,1.6514827697205365,1.6249884190702797,1.6426513195037842,102140890.0
2021-09-13,1.633820006868639,1.642651457829075,1.6161571049477672,1.6249885559082031,80019735.0
2021-09-14,1.6249884871194096,1.6426513882925777,1.6161570365328253,1.6338199377059937,104000778.0
2021-09-15,1.6338199562750375,1.651482857648952,1.616157054901123,1.616157054901123,96912445.0
2021-09-16,1.616157054901123,1.6338199562750375,1.616157054901123,1.616157054901123,99417019.0
2021-09-17,1.6161570043045161,1.6249884547149895,1.5984939982043762,1.607325553894043,70219219.0
2021-09-20,1.5984940206789384,1.5984940206789384,1.554336768005728,1.5719996690750122,132343032.0
2021-09-21,1.5896626400461782,1.5896626400461782,1.5543368363542363,1.5631682872772217,182250445.0
2021-09-22,1.5719997192654815,1.5808311700820923,1.5543368176322603,1.5808311700820923,76433832.0
2021-09-23,1.5808310973834296,1.633819905125463,1.5543367461520097,1.607325553894043,309466201.0
2021-09-24,1.5984940717153138,1.6073256278111228,1.5719997192654815,1.5808311700820923,180419898.0
2021-09-27,1.5896625701442963,1.5896625701442963,1.554336768005728,1.5719996690750122,117403916.0
2021-09-28,1.5719996690750122,1.5808311196096543,1.554336768005728,1.5719996690750122,83965882.0
2021-09-29,1.5719996690750122,1.5896625701442963,1.5719996690750122,1.5719996690750122,84906262.0
2021-09-30,1.5808311700820923,1.589662620898703,1.5719997192654815,1.5808311700820923,88004949.0
2021-10-01,1.571999738200207,1.5808311891231928,1.5631682872772217,1.5631682872772217,37090794.0
2021-10-04,1.5719997192654815,1.589662620898703,1.563168268448871,1.5808311700820923,92467532.0
2021-10-05,1.5896625701442963,1.5896625701442963,1.5631682185403701,1.5719996690750122,74074837.0
2021-10-06,1.5631682369085587,1.5719996875469757,1.5366738849933077,1.5543367862701416,90948775.0
2021-10-07,1.5631682185403701,1.5719996690750122,1.554336768005728,1.5719996690750122,84296361.0
2021-10-08,1.5631682185403701,1.5896625701442963,1.554336768005728,1.5719996690750122,251803201.0
2021-10-11,1.5719997192654815,1.5984940717153138,1.5719997192654815,1.5808311700820923,129741083.0
2021-10-12,1.5808311468740974,1.6249885055880802,1.5719996961871403,1.616157054901123,219606028.0
2021-10-13,1.6249884547149895,1.642651355535936,1.5984939982043762,1.607325553894043,365682600.0
2021-10-14,1.6073256539873313,1.6249885559082031,1.5984940977476956,1.6249885559082031,117214939.0
2021-10-15,1.6249885184896469,1.677977223032093,1.6249885184896469,1.6603143215179443,438656479.0
2021-10-18,1.6603141681531755,1.695639967918396,1.6514827182118703,1.695639967918396,180564730.0
2021-10-19,1.704471607174313,1.730966065220139,1.686808705329895,1.686808705329895,310659662.0
2021-10-20,1.6868085179770909,1.7309658729628041,1.6779770680357857,1.695639967918396,350190296.0
2021-10-21,1.6868087496098108,1.7397975618132573,1.6779772984557701,1.7133032083511353,394207425.0
2021-10-22,1.7133031890469366,1.7397975422105405,1.6956401816586664,1.7309660911560059,189835978.0
2021-10-25,1.7133031208448628,1.7662918250627302,1.7133031208448628,1.7397974729537964,223116926.0
2021-10-26,1.7486289236567745,1.775123275765708,1.7309660222508185,1.7397974729537964,133368296.0
2021-10-27,1.7397974729537964,1.7574603743597523,1.7309660222508185,1.7397974729537964,200524173.0
2021-10-28,1.7397974729537964,1.7397974729537964,1.7221345715478407,1.7397974729537964,27935639.0
2021-11-01,1.7397975344857621,1.8016176915930204,1.7309660834704395,1.7927862405776978,190751987.0
2021-11-02,1.783954789562375,1.8104491426083429,1.76629188753173,1.7927862405776978,161100419.0
2021-11-03,1.792786158196688,1.801617608806193,1.70447154682244,1.757460355758667,472624058.0
2021-11-04,1.7662918687748763,1.8104491233825684,1.7662918687748763,1.8104491233825684,273504341.0
2021-11-05,1.8104490545943723,1.8634377581102917,1.8104490545943723,1.8192805051803589,290663798.0
2021-11-08,1.828112154569517,1.8634379607550666,1.8104492514767418,1.8546065092086792,112957780.0
2021-11-09,1.8546063710274954,1.8987638360278054,1.8546063710274954,1.8722692728042603,305816647.0
2021-11-10,1.8722691026737717,1.898763663489793,1.8546062025020098,1.8634376525878906,259530533.0
2021-11-11,1.854606326431616,1.8634377771076374,1.7927861716994669,1.8016176223754883,189623786.0
2021-11-12,1.8104490545943723,1.8457748569383186,1.8016176040083858,1.8192805051803589,92217476.0
2021-11-15,1.8457748922831523,1.9340896103925518,1.836943441528052,1.9252581596374512,298607546.0
2021-11-16,1.9164267054655424,1.9252581562048972,1.8457748889923096,1.8457748889923096,168699039.0
2021-11-17,1.8457748922831523,1.9252581596374512,1.836943441528052,1.9252581596374512,299166454.0
2021-11-18,1.9164266770422447,1.9605839300841046,1.8546063122252492,1.8987637758255005,369102263.0
2021-11-19,1.9164267088823508,1.960583962657853,1.9164267088823508,1.9252581596374512,167013214.0
2021-11-22,1.9429211116290925,1.960584013598215,1.92525820965997,1.9340896606445312,99016866.0
2021-11-23,1.934089439369429,1.9517523393177765,1.863437629017663,1.9164265394210815,342142546.0
2021-11-24,1.9340896910857948,1.987078397827169,1.9340896910857948,1.960584044456482,261845030.0
2021-11-25,1.9694155655331982,1.987078468407705,1.9517526626586916,1.9517526626586914,137428307.0
2021-11-26,1.9340896910857948,1.9694154955800443,1.8899324354679827,1.960584044456482,411385769.0
2021-11-29,1.9870781217510853,2.0224039213373204,1.9694152219579677,1.995909571647644,300780975.0
2021-11-30,1.9870781388151724,2.0224039387047688,1.9694152388703743,1.9782466888427734,175418569.0
2021-12-01,2.004741479376235,2.031235835116549,1.9959100274627968,2.013572931289673,282405915.0
2021-12-02,2.0400669713561466,2.1018873357427377,2.0400669713561466,2.084224224090576,402184360.0
2021-12-03,2.101887386415849,2.110718837175647,2.084224274337858,2.0930557250976562,171906283.0
2021-12-06,2.1018872261047363,2.1195501262771814,2.093055565460135,2.1018872261047363,147758120.0
2021-12-07,2.110718777608334,2.1548760301611467,2.0842242155182573,2.1195502281188965,272904882.0
2021-12-08,2.1372131212278678,2.2608534279180157,2.1107187697942646,2.2431905269622803,787506148.0
2021-12-09,2.252022166814805,2.278516520476343,2.207864910712241,2.2343592643737793,516419283.0
2021-12-10,2.2431906148310414,2.2785164181262707,2.1372132049453527,2.216696262359619,494760382.0
2021-12-13,2.2343592643737793,2.296179422917368,2.2166963619327538,2.2343592643737793,599228629.0
2021-12-14,2.2520220443114205,2.3756625652313232,2.243190593571313,2.3756625652313232,665011403.0
2021-12-15,2.410988167806205,2.4551454178366825,2.2961791071685873,2.3050105571746826,609459952.0
2021-12-16,2.331505467564513,2.4728086888628167,2.3226740162333686,2.4463143348693848,523283642.0
2021-12-17,2.499303112362213,2.5522920323811147,2.207864999771118,2.207864999771118,709666700.0
2021-12-20,2.0753929116294794,2.2961794005499945,1.9870784002846351,2.066561460494995,404299735.0
2021-12-21,2.163707540583558,2.1902018928488594,1.89876380737215,1.9252581596374512,368983578.0
2021-12-22,1.8899324634843995,2.022404232301601,1.8811010122299194,1.8811010122299194,296970343.0
2021-12-23,1.9164267378045703,1.9605839922464825,1.828112018362348,1.8722692728042603,194762037.0
2021-12-24,1.8987638865915453,1.960584044456482,1.8722693226624545,1.960584044456482,171786902.0
2021-12-27,1.960584044456482,2.004741300074294,1.9252582399622324,1.960584044456482,299386805.0
2021-12-28,1.9959097464627797,2.0488984504832377,1.9340895917722456,1.9429210424423218,470299461.0
2021-12-29,1.9517524931123982,1.9694153944525508,1.8987637890919404,1.9429210424423218,310132243.0
2021-12-30,1.960584013598215,1.9694154645827766,1.92525820965997,1.9340896606445312,185411273.0
2021-12-31,1.9429210996072086,1.9429210996072086,1.8811009430977934,1.88993239402771,131070538.0
2022-01-03,1.9075951550981813,1.969415307044983,1.8899322545419524,1.969415307044983,166473217.0
2022-01-04,1.9782466718545266,2.0224039213373204,1.9517523221648503,1.995909571647644,273350002.0
2022-01-05,1.9959096053229022,2.031235405505159,1.9694152551862096,2.0224039554595947,166360497.0
2022-01-06,2.004741021544203,2.040066821130438,1.995909571647644,1.995909571647644,189706095.0
2022-01-07,2.0135727536880883,2.0753929116294794,2.004741302553604,2.066561460494995,240845338.0
2022-01-10,2.0842243140073253,2.1725390338446116,2.0753928630794367,2.1372132301330566,341521866.0
2022-01-11,2.1548760909746365,2.172538992494232,2.0753928235780603,2.0930557250976562,367398640.0
2022-01-12,2.1195501262771814,2.137213026449626,2.0842241153739125,2.1018872261047363,173810505.0
2022-01-13,2.0930557250976562,2.110718837175647,2.084224274337858,2.0930557250976562,158657571.0
2022-01-14,2.101887241957406,2.1548759428743876,2.0930555812461953,2.1460444927215576,429876051.0
2022-01-17,2.163707557416775,2.234359164007234,2.1548761065929676,2.216696262359619,330163626.0
2022-01-18,2.207864627139406,2.2431904274842958,2.1018872261047363,2.1018872261047363,314809864.0
2022-01-19,2.1018872082311866,2.1990331583535463,2.066561197628315,2.181370258331299,538121874.0
2022-01-20,2.1990332827139594,2.207864733224522,2.09305566602882,2.1195502281188965,384094081.0
2022-01-21,2.119550241895885,2.1637074947357178,2.093055679633595,2.1637074947357178,241893593.0
2022-01-24,2.1637076749997215,2.172539126303459,2.0224042435815166,2.031235694885254,393172008.0
2022-01-25,2.0488986474112374,2.0665615504490433,2.022404292854528,2.040067195892334,133600808.0
2022-01-26,2.0488985974927285,2.0753929514039404,2.031235694885254,2.031235694885254,192648007.0
2022-01-27,1.995909522000956,2.0577296697391394,1.9870780723240726,2.048898220062256,160715306.0
2022-01-28,2.0577298724499182,2.128381687383395,2.0488984219030324,2.084224224090576,379548073.0
2022-01-31,2.1107188276857936,2.154876081286251,2.1018873769657023,2.1283817291259766,192100886.0
2022-02-01,2.1460447418663753,2.1990334489350745,2.1372132906882584,2.190201997756958,145638237.0
2022-02-02,2.199033193638539,2.2166960939441998,2.1372130425687272,2.1460444927215576,234146358.0
2022-02-03,2.137213026449626,2.172538826794516,2.093055565460135,2.1018872261047363,152861010.0
2022-02-04,2.1195503778603055,2.1195503778603055,2.066561460494995,2.066561460494995,148316825.0
2022-02-07,2.0665611194160225,2.0665611194160225,1.9870780723240726,2.048898220062256,305585664.0
2022-02-08,2.0577300989301404,2.0753930019679463,2.031235744373431,2.040067195892334,115307975.0
2022-02-09,2.0577300093605104,2.0930558138984483,2.048898558226026,2.066561460494995,190488455.0
2022-02-10,2.06656117096652,2.084224070760889,2.040066821274967,2.057729721069336,172397442.0
2022-02-11,2.0312353207084892,2.0665611194160225,1.995909522000956,2.048898220062256,230548673.0
2022-02-14,2.0135724714407615,2.031235371233879,1.9782466718545266,1.995909571647644,289020984.0
2022-02-15,2.0047413898167217,2.0577300989301404,1.9959099382978185,2.040067195892334,228102804.0
2022-02-16,2.0488984219030324,2.093055674637462,2.0488984219030324,2.084224224090576,205442293.0
2022-02-17,2.093055854011415,2.1018875158735604,2.0135727922777793,2.031235694885254,192423204.0
2022-02-18,2.040066821274967,2.06656117096652,2.040066821274967,2.057729721069336,79888780.0
2022-02-21,2.0753929514039404,2.093055854011415,2.0135727922777793,2.031235694885254,114261938.0
2022-02-22,1.9959096578793263,2.004741108157441,1.9605838567668683,1.969415307044983,178920444.0
2022-02-23,1.987078468407705,1.9959099198449584,1.9517526626586916,1.9517526626586914,76721345.0
2022-02-24,1.7839547075871827,1.8281119606347087,1.757460355758667,1.757460355758667,132088535.0
2022-02-25,1.766291819671403,1.8369434250795733,1.7309660169673178,1.8016176223754883,322090178.0
2022-02-28,1.757460355758667,1.7839547075871827,1.7397974545396566,1.757460355758667,177793332.0
2022-03-01,1.7751232385635376,1.8104490406351084,1.7574603375277524,1.7751232385635376,167976710.0
2022-03-02,1.7751232569776776,1.7839547075871827,1.757460355758667,1.757460355758667,65473196.0
2022-03-03,1.7751232888027788,1.8104490918741345,1.76629183803494,1.7839547395706177,130420627.0
2022-03-04,1.7751232703474242,1.828111974403552,1.7751232703474242,1.8016176223754883,177348634.0
2022-03-07,1.792786348383967,1.8634379607550666,1.7839548968375794,1.8546065092086792,302295828.0
2022-03-08,1.8369435453991123,1.8987639147388797,1.8369435453991123,1.8811010122299194,266293025.0
2022-03-09,1.89876380737215,1.9340896103925518,1.89876380737215,1.9252581596374512,169713191.0
2022-03-10,1.9429210904697176,1.9517525413581,1.8722692728042603,1.8722692728042603,237951281.0
2022-03-11,1.8634376525878906,1.8899322134039123,1.8546062025020098,1.8634376525878906,148305697.0
2022-03-14,1.8722693799090864,1.9164268474354635,1.863437928515493,1.9075953960418701,103036966.0
2022-03-15,1.898763639472734,1.934089439369429,1.8811007395243868,1.9164265394210815,137592614.0
2022-03-16,1.934089505932525,1.9959096578793263,1.9252580556544103,1.969415307044983,376859305.0
2022-03-17,1.987078309059143,2.0135726612462577,1.978246858330105,1.987078309059143,167843157.0
2022-03-18,1.9870781388151724,1.9959095887875715,1.9605837888979754,1.9782466888427734,58487882.0
2022-03-21,1.9870784002846351,2.066561460494995,1.9870784002846351,2.066561460494995,231686109.0
2022-03-22,2.0577300093605104,2.0753929116294794,2.0312356559570572,2.066561460494995,129960278.0
2022-03-23,2.084224362763964,2.1018874755913366,2.066561460494995,2.066561460494995,178605858.0
2022-03-24,2.0753926207166726,2.0842240706132316,1.9782466718545266,1.995909571647644,237857971.0
2022-03-25,1.9959100274627968,2.031235835116549,1.9959100274627968,2.013572931289673,109714698.0
2022-03-28,2.022404204822573,2.084224362763964,2.0135727536880883,2.066561460494995,252652483.0
2022-03-29,2.084224274337858,2.1372131894550406,2.084224274337858,2.0930557250976562,226697070.0
2022-03-30,2.101887386415849,2.128381738695243,2.0665613728182626,2.0930557250976562,210420303.0
2022-03-31,2.1018872846383667,2.1107187349705283,2.0665612727513345,2.075392723083496,82573501.0
2022-04-01,2.0842244010814484,2.1195504168272423,2.066561498487755,2.1107189655303955,138233618.0
2022-04-04,2.1283817541215453,2.234359164007234,2.1283817541215453,2.216696262359619,732716227.0
2022-04-05,2.225527871824341,2.296179483451015,2.1990335174643385,2.2873480319976807,458743877.0
2022-04-06,2.296179281349467,2.331505294611945,2.243190577293339,2.2520220279693604,325488573.0
2022-04-07,2.2608537673950195,2.2873481228068653,2.2431908637871225,2.2608537673950195,150758014.0
2022-04-08,2.2785164921573444,2.3579997627124913,2.2696850410465954,2.313842296600342,510262770.0
2022-04-11,2.322673968897239,2.4463142850134636,2.322673968897239,2.4374828338623047,672336649.0
2022-04-12,2.4374826315059215,2.4463140819239055,2.340336676908094,2.4021568298339844,528906070.0
2022-04-13,2.4286513716898086,2.4551457250230526,2.3668312139122394,2.3933255672454834,416693535.0
2022-04-14,2.44631400074358,2.631774663925171,2.44631400074358,2.631774663925171,883026835.0
2022-04-15,2.667100745170286,2.667100745170286,2.543460430406801,2.596449136734009,580160040.0
2022-04-18,2.6141118348988965,2.6141118348988965,2.534628571050699,2.5611231327056885,272718561.0
2022-04-19,2.578786033436758,2.6141118348988965,2.534628571050699,2.5611231327056885,382581361.0
2022-04-20,2.578786084252329,2.59644898533145,2.5257971704565767,2.5699546337127686,333804530.0
2022-04-21,2.5787860891584535,2.7995725636258997,2.5787860891584535,2.7377521991729736,973511384.0
2022-04-22,2.7377521939644174,2.7995725582997304,2.5346286209961373,2.5699546337127686,619954723.0
2022-04-25,2.5724264363016043,2.6090445720372233,2.499190164830366,2.52665376663208,488735580.0
2022-04-26,2.544962653046696,2.5724262528902844,2.361871769161485,2.380180835723877,537223490.0
2022-04-27,2.398489996784569,2.435108349613373,2.352717328575188,2.407644748687744,475627970.0
2022-04-28,2.4259538650512695,2.5174992033220973,2.407644797397104,2.4259538650512695,410655182.0
2022-04-29,2.4442627178367853,2.4625717838814496,2.3710262353968448,2.435108184814453,430028266.0
2022-05-05,2.4900355092097946,2.544962710128961,2.462571908750211,2.4808809757232666,269001678.0
2022-05-06,2.462571859359741,2.4717263926626614,2.41679919284514,2.462571859359741,184131104.0
2022-05-09,2.462571834388067,2.490035434018334,2.425953701547712,2.4534173011779785,333966974.0
2022-05-10,2.6273535702506674,2.645662855894381,2.572426368103426,2.59073543548584,217367823.0
2022-05-11,2.5358080359892483,2.5358080359892483,2.444262706201698,2.5174989700317383,295828603.0
2022-05-12,2.4808811174528533,2.4900356514623683,2.3984900931059143,2.444262981414795,456855998.0
2022-05-13,2.462571859359741,2.4808809259655815,2.42595372614806,2.462571859359741,199505573.0
2022-05-16,2.462571904647633,2.4991900385327392,2.3984899520874023,2.3984899520874023,398140242.0
2022-05-17,2.425953815971497,2.4534174168971257,2.389335463142693,2.407644748687744,340284441.0
2022-05-18,2.4076447038199733,2.4442628377050797,2.380180885144849,2.3984899520874023,286059904.0
2022-05-20,2.398489996784569,2.435108349613373,2.389335463142693,2.407644748687744,258529336.0
2022-05-23,2.425953643364098,2.435108176354626,2.3435626281880606,2.352717161178589,223122498.0
2022-05-24,2.3710264428857455,2.3710264428857455,2.3160992399450646,2.3435628414154053,202740086.0
2022-05-25,2.352717235880289,2.398489902286269,2.3344081693178964,2.380180835723877,240948695.0
2022-05-26,2.3893353939056396,2.4076446789201325,2.3710263271524386,2.3893353939056396,176739335.0
2022-05-27,2.398490093828014,2.4167993801138627,2.3618719577789307,2.3618719577789307,147518519.0
2022-05-30,2.3893353746750887,2.4808809259655815,2.3801808413721686,2.462571859359741,305273979.0
2022-05-31,2.4717263653635015,2.6548172476610365,2.4717263653635015,2.6273534297943115,582960517.0
2022-06-01,2.5998899196730054,2.66397187255258,2.5541172520885205,2.5724263191223145,395962347.0
2022-06-02,2.5724263191223145,2.6273535202236964,2.5632717856054175,2.5724263191223145,256225045.0
2022-06-03,2.5907353108306745,2.618198910582864,2.5449626445770264,2.5449626445770264,202849429.0
2022-06-06,2.563271697381625,2.645662714459224,2.563271697381625,2.6273534297943115,383299554.0
2022-06-07,2.6365081052620645,2.6548171711379442,2.5815806893731437,2.5998897552490234,317139231.0
2022-06-08,2.6181988989595775,2.6365081836410433,2.435108234757801,2.4534173011779785,381306568.0
2022-06-09,2.462571834388067,2.4717263675981562,2.371026284025891,2.4534173011779785,304925147.0
2022-06-10,2.416799161728677,2.4717263608390065,2.352717211172004,2.3710262775421143,366887310.0
2022-06-13,2.343562677986949,2.3984898770972793,2.343562677986949,2.3710262775421143,269294399.0
2022-06-14,2.398490093828014,2.407644846101592,2.35271742376666,2.3618719577789307,202739645.0
2022-06-15,2.3710263024426808,2.398489902286269,2.352717235880289,2.380180835723877,125529498.0
2022-06-16,2.3893354856011872,2.398490019329111,2.2977901483219463,2.3344082832336426,214255057.0
2022-06-17,2.35271728473102,2.3984899520874023,2.3344082177884666,2.3984899520874023,125593943.0
2022-06-20,2.41679923729125,2.4259537707625265,2.380180885144849,2.3984899520874023,152132953.0
2022-06-21,2.416799331224187,2.444262932705435,2.3984900453087183,2.4259538650512695,155739284.0
2022-06-22,2.4076447731346766,2.416799306869507,2.389335487403715,2.416799306869507,114803373.0
2022-06-23,2.416799161728677,2.4351082280987866,2.3618717443570594,2.3710262775421143,144924886.0
2022-06-24,2.3710263024426808,2.389335369005073,2.3344081693178964,2.380180835723877,137397547.0
2022-06-27,2.3069446086883545,2.3069446086883545,2.3069446086883545,2.3069446086883545,1319392.0
2022-06-28,2.371026351673573,2.435108304233803,2.371026351673573,2.3984899520874023,221138190.0
2022-06-29,2.3893354351470233,2.3984899686816368,2.306944633335504,2.316099166870117,227468922.0
2022-06-30,2.4076447731346766,2.4991901104829797,2.3710264199340547,2.416799306869507,424094649.0
2022-07-01,2.407644715818168,2.5998899196730054,2.3984899640399755,2.5724263191223145,274953038.0
2022-07-04,2.6090445028682536,2.6548173895855878,2.5541173007210123,2.59073543548584,329739716.0
2022-07-05,2.5815808027790537,2.663971821101138,2.544962669418701,2.554117202758789,419372636.0
2022-07-06,2.5724264363016043,2.618199105971128,2.490035630896461,2.52665376663208,325273701.0
2022-07-07,2.5358080246834445,2.6090442881869635,2.499189892931685,2.5998897552490234,246448482.0
2022-07-08,2.59073543548584,2.6090445028682536,2.581580901794633,2.59073543548584,46647669.0
2022-07-13,2.5907353861561084,2.645662805518786,2.5449627185716235,2.5724263191223145,195905484.0
2022-07-14,2.581580974087357,2.7372082694572475,2.572426440139793,2.700590133666992,282317022.0
2022-07-18,2.7280535449199403,2.7555171448439446,2.7005899449959356,2.7188990116119385,232253064.0
2022-07-19,2.7188991339216604,2.8836809591396912,2.7097446002018417,2.764671802520752,470195077.0
2022-07-20,2.7738263116160886,2.7921353788931875,2.7097445761462415,2.7555172443389893,342365512.0
2022-07-21,2.7555172688009337,2.8287535385594804,2.737208201361297,2.764671802520752,392540839.0
2022-07-22,2.773826455336749,2.938608287629803,2.764671921223874,2.8928356170654297,520809862.0
2022-07-25,2.892835165725449,2.947762361832959,2.8562168167258335,2.901989698410034,535191464.0
2022-07-26,2.9202990531921387,3.002689855518651,2.911144519600304,2.9202990531921387,546387939.0
2022-07-27,2.9386081939164934,2.95691726155836,2.8928355248118276,2.9477627277374268,329415131.0
2022-07-28,2.9660716199813257,3.0118442863792354,2.856217002365052,2.883680820465088,426435893.0
2022-07-29,2.892835424152547,2.892835424152547,2.8104444043697288,2.8287534713745117,274290815.0
2022-08-01,2.8379079112209347,2.8836807954836012,2.8104443116201074,2.874526262283325,405031484.0
2022-08-02,2.8745260889245134,2.901989686869048,2.810444142125992,2.81959867477417,326977237.0
2022-08-03,2.8379081941268716,2.8928356170654297,2.819599125901122,2.8928356170654297,260217963.0
2022-08-04,2.9111443817095286,2.9843806469752594,2.9111443817095286,2.9569170475006104,291055510.0
2022-08-05,2.966071562641933,3.249862307084088,2.929453430231498,3.204089641571045,571849016.0
2022-08-08,3.194935197690341,3.4146442165498394,3.1308534641825307,3.149162530899048,734460884.0
2022-08-09,3.1491625802590795,3.240707915276549,3.0850806274855556,3.1674716472625732,515922340.0
2022-08-10,3.158316851885696,3.387180388714206,3.1491623191430067,3.323098659515381,553137155.0
2022-08-11,3.3505625478327676,3.423798816115026,3.259016994218648,3.3414080142974854,508963462.0
2022-08-12,3.341407959805264,3.3871806267352076,3.194935207368152,3.2407078742980957,380493550.0
2022-08-15,3.2590168909149853,3.2956350238954006,3.1857806249541554,3.2223987579345703,374329523.0
2022-08-16,3.2407078742980957,3.2864805412280393,3.0850805884749954,3.2407078742980957,486107838.0
2022-08-17,3.286480626039072,3.506189651233912,3.286480626039072,3.442107915878296,731977528.0
2022-08-18,3.3688715899860115,3.4146442573238733,3.231553369711133,3.3322534561157227,771010953.0
2022-08-19,3.350562334060669,3.432953130621524,3.2956349180921505,3.350562334060669,616686119.0
2022-08-22,3.4054898546897494,3.597735283155822,3.3963353208704747,3.5519626140594482,821790442.0
2022-08-23,3.5702716628795765,3.6984351356738907,3.5428078433052077,3.6343533992767334,839734610.0
2022-08-24,3.6709717966237485,3.6892808643852524,3.4512625469630906,3.4787261486053467,628167666.0
2022-08-25,3.4970348387109893,3.5702713201092706,3.478725772926739,3.5153439044952393,688329828.0
2022-08-26,3.55196233781789,3.7258986851181164,3.55196233781789,3.6251986026763916,41868203.0
2022-08-29,3.6251987949559457,3.7350531980703456,3.5794261269916126,3.6892807483673096,528464744.0
2022-08-31,3.7167440810936343,3.7625169667060727,3.661816880272261,3.670971632003784,704967927.0
2022-09-01,3.69843496883567,3.7533621689840118,3.6618168354034424,3.6618168354034424,734785648.0
2022-09-02,3.6984348749253635,3.753362073678999,3.680125808674152,3.707589626312256,548368059.0
2022-09-05,3.7350529080696853,4.0554617772038135,3.7258985934488846,4.0096893310546875,31662477.0
2022-09-06,4.110389322001515,4.275171364332731,3.908989581568759,4.128698825836182,605799574.0
2022-09-07,4.156162184293908,4.5406530321266425,4.110389298019499,4.467416763305664,283366342.0
2022-09-08,4.504034902165141,4.705434641621771,4.412489566048491,4.476571083068848,1048953157.0
2022-09-09,4.549807453131864,4.769516701219883,4.485725934686587,4.677971363067627,24074983.0
2022-09-12,4.796980190144254,4.952607486694889,4.732898670286427,4.897680282592773,53758327.0
2022-09-13,5.007534296759165,5.044152866468378,4.412489414215088,4.412489414215088,46951786.0
2022-09-14,4.073771424927146,4.165317203348304,3.9730717671000675,4.0463080406188965,689424165.0
2022-09-15,4.092080065733631,4.165316768122728,3.643507719039917,3.643507719039917,623603432.0
2022-09-16,3.570271701176839,4.000535011291504,3.5244988135694326,4.000535011291504,688826200.0
2022-09-19,4.064616840511741,4.220244129720657,3.6068897247314453,3.6068897247314453,681341089.0
2022-09-20,3.7716712819150073,3.7991351005869882,3.4237987917850154,3.670971632003784,659397943.0
2022-09-21,3.6343532253345643,3.680125891998971,3.5153440737458155,3.5702714920043945,595260705.0
2022-09-22,3.5611170598058792,3.789980399627545,3.533653240765982,3.6892807483673096,866319937.0
2022-09-23,3.6984351356738907,3.780826157874394,3.625198865505711,3.6343533992767334,379428591.0
2022-09-26,3.616043993962913,3.6435075927106277,3.515343913626679,3.5977349281311035,331626475.0
2022-09-27,3.616044119339972,3.780825935800928,3.6068895861066577,3.643507719039917,600740819.0
2022-09-28,3.634353128183499,3.7075896111501327,3.533653045952359,3.5428075790405273,420786944.0
2022-09-29,3.5794260452662403,3.625198712185493,3.2590169403088862,3.497035026550293,406185516.0
2022-09-30,3.506189446687853,3.5702713965663184,3.46041678124701,3.5428075790405273,403467701.0
2022-10-03,3.570271611217679,3.8906805068284434,3.551962543940567,3.881525754928589,567808876.0
2022-10-04,3.899835204620893,3.9181442716439805,3.799135117732618,3.85406231880188,431131291.0
2022-10-05,3.872371151365032,3.991380298070763,3.7899801364883614,3.8632164001464844,751898501.0
2022-10-06,3.908989286860329,3.9822255505871396,3.872371154996923,3.936453104019165,625703810.0
2022-10-07,3.945607418723734,3.9730712358825704,3.8815254697014923,3.936453104019165,537922822.0
2022-10-10,3.963916774174457,4.009689660608185,3.936453391532298,3.9547624588012695,577406128.0
2022-10-11,3.9639167292624538,4.009689615177565,3.918144279869934,3.9456076622009277,459270337.0
2022-10-12,3.9547624532412144,3.9639167686015315,3.789980411529541,3.789980411529541,427835914.0
2022-10-13,3.799135019525031,3.854062219174425,3.7258987533258385,3.817444086074829,344596705.0
2022-10-14,3.8906802172795625,3.89983496849811,3.81744395362144,3.8632164001464844,430222135.0
2022-10-17,3.8815256779491762,4.119543984353793,3.8723713627534693,4.110389232635498,962032300.0
2022-10-18,4.1561623556160905,4.247707695415927,3.982225991735095,4.018844127655029,885208952.0
2022-10-19,4.055462408133006,4.110389613970803,4.000535202295209,4.0737714767456055,515408148.0
2022-10-20,4.092080210304327,4.201935049507787,4.082925895008884,4.11954402923584,796287687.0
2022-10-21,4.128698652667748,4.3575622027307706,4.101234834590251,4.247707366943359,685376324.0
2022-10-24,4.311789313274615,4.33925269479874,4.238553047180176,4.238553047180176,462663206.0
2022-10-25,4.247707106929928,4.311789054173077,4.128698399939156,4.147007465362549,545239538.0
2022-10-26,4.156161881024432,4.266016276239975,4.156161881024432,4.1836256980896,427544742.0
2022-10-27,4.201934615298735,4.229397994869713,4.09207978744718,4.137852668762207,380937348.0
2022-10-28,4.119544314137725,4.137853382517433,4.0371532881677314,4.0463080406188965,141747402.0
2022-10-31,4.064616584468119,4.092079965232275,4.000534635147477,4.0371527671813965,376586887.0
2022-11-01,4.055462120065309,4.156162208542986,4.03715305275324,4.128698825836182,628384999.0
2022-11-02,4.1378527196789365,4.220243732450796,4.1378527196789365,4.156161785125732,391566123.0
2022-11-03,4.156161779812968,4.192779910659753,4.110388897993212,4.147007465362549,397388373.0
2022-11-04,4.174471001994455,4.247707266438162,4.165316687200276,4.211089134216309,441155621.0
2022-11-07,4.2660168166024235,4.449107935009113,4.2660168166024235,4.385025978088379,1018342025.0
2022-11-08,4.311789322407857,4.778670738010146,4.220243989595896,4.760361671447754,535641494.0
2022-11-09,4.732898565958981,4.778671016773806,4.5955803404692945,4.677971363067627,591076044.0
2022-11-10,4.641352968067665,4.9983799851428445,4.613889149897613,4.925143718719482,847717920.0
2022-11-11,4.980071203681698,5.108234677260857,4.73289857208916,4.851907730102539,680106840.0
2022-11-14,4.879371040900554,5.190625622924187,4.870216725470646,5.18147087097168,532756664.0
2022-11-15,5.181470621661349,5.199779688162809,5.025843338137656,5.089925289154053,449512377.0
2022-11-16,5.089925713645805,5.2363982578730575,5.062462329864502,5.062462329864502,592830877.0
2022-11-17,5.080770674364127,5.135697870627423,4.851907138339123,4.989224910736084,371730275.0
2022-11-18,4.961762102208787,5.089925574914401,4.915989215124053,5.025843620300293,429533083.0
2022-11-21,5.062462014780734,5.3187889512248345,5.025843444480418,5.291325569152832,761206354.0
2022-11-22,5.291325863541213,5.593425702276405,5.2547072912035855,5.5751166343688965,863171123.0
2022-11-23,5.54765277000705,5.648352860956628,5.465261746818978,5.565961837768555,495374492.0
2022-11-24,5.602579658114682,5.904679477445977,5.575116276278702,5.794825077056885,880875869.0
2022-11-25,5.803979873762523,6.371561383370396,5.77651605519065,6.325788497924805,778032437.0
2022-11-28,6.325788542762105,6.499724897556591,6.179316006734154,6.3349432945251465,602071109.0
2022-11-29,6.389870603857894,6.66450705008858,6.307479582684168,6.545497894287109,554165372.0
2022-11-30,6.417333733322196,6.518033374463484,6.179315447302676,6.307478904724121,501365879.0
2022-12-01,6.426488694554491,6.756052340473914,6.389870560177066,6.536343097686768,479320673.0
2022-12-02,6.563806916731134,6.710279454240836,6.389870560177066,6.536343097686768,523824764.0
2022-12-05,6.6004249151959975,6.774361268168458,6.518033896282047,6.6553521156311035,612945689.0
2022-12-06,6.701125387498694,6.820134110378883,6.59127054376855,6.6278886795043945,582212197.0
2022-12-07,6.664506937110627,6.72858845336156,6.316634227521653,6.3349432945251465,418635560.0
2022-12-08,6.344097356980494,6.655351920160318,6.298324909556889,6.5912699699401855,600818216.0
2022-12-09,6.61873377637771,7.204624332672379,6.554651826266351,6.920833587646484,750277217.0
2022-12-12,7.003225100932514,7.3236340011796015,6.98491603339047,7.268706798553467,683311893.0
2022-12-13,7.27786054095296,7.488415455889798,7.204624276551923,7.241242408752441,565825882.0
2022-12-14,7.305324459270514,7.6440428415877655,7.158851928445264,7.277860641479492,714470430.0
2022-12-15,7.460951638000752,7.525034027880722,6.929988690061818,7.213779449462891,702405347.0
2022-12-16,7.296169774668336,7.506724257919679,7.287015459669188,7.47010612487793,266417886.0
2022-12-19,7.589115574941996,7.772206247374304,7.515879305969072,7.579960823059082,643140025.0
2022-12-20,7.63488821569519,7.735587864032129,7.433488045976146,7.497569561004639,546522776.0
2022-12-21,7.561652076650797,7.579960707091323,7.259551816975504,7.3602519035339355,499995393.0
2022-12-22,7.387715065956053,7.634888117389378,7.387715065956053,7.607424736022949,719736515.0
2022-12-23,7.607425223735462,7.790515899658203,7.488416066124379,7.790515899658203,562202405.0
2022-12-26,7.854596558834102,7.936987572248708,7.772205545419495,7.8271331787109375,441155202.0
2022-12-27,7.83628828451522,7.900369798718606,7.525033718878507,7.607424736022949,407417767.0
2022-12-28,7.62573340856665,7.6348881600883765,7.177161060543943,7.47010612487793,415726147.0
2022-12-29,7.424333459549049,7.891215324401855,7.424333459549049,7.8912153244018555,425495673.0
2022-12-30,7.927833234502261,8.20246966918714,7.882060349880588,7.991914749145508,547621436.0
2023-01-02,8.092615817370211,8.77920651400621,8.065152433957433,8.696815490722656,864570906.0
2023-01-03,8.861596357606503,9.081305141750853,8.422177916272698,8.623578071594238,907171967.0
2023-01-04,8.879904986429315,8.94398736992191,8.458796046963425,8.623578071594238,824975830.0
2023-01-05,8.696815471992263,8.770051742965423,8.22077883762151,8.330634117126465,378165853.0
2023-01-06,7.781361480723108,8.504570336362622,7.625734181265027,8.440488815307617,637037084.0
2023-01-09,8.486260855405387,8.522878988493694,7.936987986035628,7.991914749145508,420042277.0
2023-01-10,7.982760792763764,8.239087721880745,7.634888095296715,7.781360626220703,488473378.0
2023-01-11,7.808824366694902,8.028534046232156,7.396870136260986,7.396870136260986,400684717.0
2023-01-12,7.6531972379322415,7.799670651715643,7.094770458106579,7.790515899658203,574397892.0
2023-01-13,7.57080691406779,7.6531970615502845,7.195470382292583,7.213779449462891,554478069.0
2023-01-16,7.250397413919035,7.515879099929283,7.204624528804474,7.488415718078613,560196419.0
2023-01-17,7.671506467182971,7.900370022147696,7.561652065565325,7.8637518882751465,624851213.0
2023-01-18,7.8545971737884575,7.936988193653645,7.6165788659657325,7.70812463760376,463391222.0
2023-01-19,7.689814703585862,7.900369617348486,7.616578439593245,7.717278957366943,389389308.0
2023-01-20,7.735587613099757,8.037687421356017,7.735587613099757,7.900369644165039,517379610.0
2023-01-23,7.973605891701138,8.083460287832796,7.662351332805539,7.7355875968933105,459797305.0
2023-01-24,7.744742652456916,7.808824167790199,7.387715196217547,7.488415718078613,414788012.0
2023-01-25,7.5433420680243355,7.63488783323213,7.168006002153591,7.534187316894531,465433702.0
2023-01-26,7.543342818904715,7.671506728344312,7.415179782510324,7.442643165588379,384030368.0
2023-01-27,7.406024501237619,7.506724147357998,7.067306120806342,7.415179252624512,352512366.0
2023-01-30,7.406025023380105,7.525034180664698,7.259552046521143,7.268706798553467,359435333.0
2023-01-31,7.2687065559496045,7.396870024466273,7.076461134913308,7.186315536499023,428397754.0
2023-02-01,7.222933772047386,7.250397591091753,6.536343097686768,6.536343097686768,364749709.0
2023-02-02,6.527188966990528,6.664507193051539,5.996225566975722,6.426488876342773,487349862.0
2023-02-03,6.426488562223538,6.673661182442805,6.289170342874481,6.6553521156311035,534868596.0
2023-02-06,6.362406610121289,6.72858838287791,6.270861276062779,6.6553521156311035,61959699.0
2023-02-07,6.572961187884964,6.609579322016265,5.996225357055664,5.996225357055664,163306034.0
2023-02-08,5.474416255950928,5.474416255950928,5.474416255950928,5.474416255950928,10000.0
2023-02-15,6.4081793072006255,6.5912699699401855,6.316633975830846,6.5912699699401855,62864155.0
2023-02-16,7.0489968724578045,7.222933215612291,6.618733608408068,6.691969871520996,202497566.0
2023-02-17,6.591270453195805,6.8933707236491815,6.472261731950953,6.765206813812256,121847740.0
2023-02-20,6.875061593507263,7.433488368988037,6.792670571721779,7.433488368988037,334727277.0
2023-02-21,7.753896965051912,8.175005912780762,7.689814580301898,8.175005912780762,425067780.0
2023-02-22,8.303169506918277,8.31232425866113,7.3602519035339355,7.3602519035339355,417274791.0
2023-02-23,7.442643067497859,7.598270357964417,7.259551957792605,7.406024932861328,258750128.0
2023-02-24,7.424333998443699,8.037688444308994,7.3877158616627225,7.9278340339660645,748456569.0
2023-02-27,7.872906975456703,8.248243081904102,7.799670704591125,7.817979335784912,666630085.0
2023-02-28,7.799670354553974,7.882060500796297,7.579960678772252,7.680661201477051,344684116.0
2023-03-01,7.698969454846222,7.882060114827765,7.698969454846222,7.717278957366943,363290370.0
2023-03-02,7.708124715314004,7.753897601594482,7.387715384395853,7.396870136260986,243879093.0
2023-03-03,7.3877154290204645,7.607425109884848,7.168006621201276,7.406024932861328,352332829.0
2023-03-06,7.488415683897951,7.662351598885153,7.4609514291274746,7.64404296875,309467219.0
2023-03-07,7.680660931528369,7.72643294237254,7.415179252624512,7.415179252624512,212311144.0
2023-03-08,7.5341874925337775,7.644042762562159,7.396869714566011,7.424333095550537,260741955.0
2023-03-09,7.442642469595387,7.644042630439484,7.4243329672254115,7.543342113494873,252761845.0
2023-03-10,7.506724584850491,7.589115606043985,7.378561550145228,7.406024932861328,182103635.0
2023-03-13,7.460951789483636,7.4792612935482845,7.259552046521143,7.268706798553467,237366978.0
2023-03-14,7.277860597643892,7.323633481512373,6.920833587646484,6.920833587646484,181641020.0
2023-03-15,6.939142713189662,6.957451779589006,6.499724683082853,6.600424766540527,241442366.0
2023-03-16,6.646197650800174,6.710279164936586,6.508879434543812,6.600424766540527,179244622.0
2023-03-17,6.6461977860665735,6.774361253470415,6.453952366699518,6.481415748596191,182874769.0
2023-03-20,6.417334504940925,6.4539526400357214,6.17931619030214,6.234243392944336,173324303.0
2023-03-21,6.234242791074116,6.252551856853909,6.023688316345215,6.023688316345215,200753316.0
2023-03-22,6.041997729888173,6.206779767913338,6.041997729888173,6.151852130889893,191258291.0
2023-03-23,6.133542805395033,6.490570248378085,6.115233739333535,6.3898701667785645,246875867.0
2023-03-24,6.408179512463728,6.481415779905414,6.316634178161621,6.316634178161621,163135832.0
2023-03-27,6.371561328664165,6.499724795679786,6.298325061798096,6.298325061798096,177364910.0
2023-03-28,6.298325174168809,6.307479489429102,5.8314433097839355,5.8314433097839355,166306829.0
2023-03-29,5.794824994571716,5.941297526338906,5.675815844249584,5.932143211364746,239295287.0
2023-03-30,5.9046791922674675,6.0603064702303024,5.822288614216161,5.8589067459106445,150664879.0
2023-03-31,5.813133787384071,5.831442852993054,5.6483521969032235,5.666661262512207,134823259.0
2023-04-03,5.6025798827541475,5.739898107007677,5.5110345454259955,5.703279972076416,172961684.0
2023-04-04,5.703279847482658,5.996225357055664,5.694125095688536,5.996225357055664,177196142.0
2023-04-05,6.005379711037302,6.069461664441443,5.831443354531146,5.840598106384277,157813249.0
2023-04-06,5.8405981597458645,5.950452563851547,5.730743755640183,5.868061542510986,113609010.0
2023-04-07,5.868061781715602,6.124389171600342,5.868061781715602,6.124389171600342,234129076.0
2023-04-10,6.179315987885589,6.719434117625039,6.151852169202825,6.673661231994629,457204249.0
2023-04-11,6.664506912231445,6.856751896789169,6.600424959697145,6.664506912231445,295038571.0
2023-04-12,6.777142960669412,6.796073509948493,6.606768017157687,6.625698566436768,205128143.0
2023-04-13,6.654094616025336,6.739281862111251,6.531045820041364,6.625698566436768,180265595.0
2023-04-14,6.644629616897359,6.710886770041638,6.4931852112417845,6.502650260925293,144001611.0
2023-04-17,6.521580509520817,6.56890710976575,6.42692776037086,6.4363932609558105,167795966.0
2023-04-18,6.407996996562067,6.521580291749189,6.294413701374945,6.351205348968506,133388307.0
2023-04-19,6.360670610295935,6.512115460275775,6.29441391156092,6.4363932609558105,149574012.0
2023-04-20,6.389066616778524,6.398532117298388,6.256552768879772,6.360670566558838,61393895.0
2023-04-24,6.407997030997341,6.445858129596506,6.275483185900262,6.3038787841796875,113116121.0
2023-04-25,6.303878720811707,6.341739819030285,6.067246631275654,6.076712131500244,142906536.0
2023-04-26,6.076712496623642,6.095643046870387,5.840080392869388,5.896872043609619,122209177.0
2023-04-27,5.859011057811628,5.982059862494214,5.821149956576976,5.877941608428955,151657730.0
2023-04-28,5.887406372273835,5.915802422491353,5.62237867649657,5.68863582611084,142238943.0
2023-05-02,5.688635860311953,5.754892558984664,5.433072760837525,5.442538261413574,169311727.0
2023-05-03,5.39521197793158,5.442538580910251,5.120718763871127,5.234302520751953,158812051.0
2023-05-04,5.186975955963135,5.328955314604559,5.1112537517116925,5.186975955963135,156313218.0
2023-05-05,5.186975673982366,5.2343022747366605,4.988204672958195,4.9976701736450195,164372898.0
2023-05-08,5.026065442298848,5.2626975278195465,4.9503432471466065,5.253232479095459,193550466.0
2023-05-09,5.205906197354657,5.3384200469121454,5.13018399760752,5.196440696716309,148290611.0
2023-05-10,5.196440447576163,5.347885291149418,5.130183751644012,5.158579349517822,131169060.0
2023-05-11,5.149114442091228,5.669704780361135,5.1396489416467315,5.612913131713867,359471272.0
2023-05-12,5.6223787102993334,5.792753658609043,5.442538261413574,5.442538261413574,270828774.0
2023-05-15,5.3478854380266165,5.982059524930963,5.3478854380266165,5.612913131713867,379765850.0
2023-05-16,5.679170094010623,6.124038219451904,5.650774044951019,6.124038219451904,307792514.0
2023-05-17,6.133504064548866,6.256552865161245,5.991524713945345,6.067246913909912,224397250.0
2023-05-18,6.0672469608280375,6.247087412804552,5.74542760848999,5.74542760848999,302918321.0
2023-05-22,5.840080279766984,6.190295678219225,5.840080279766984,6.1145734786987305,307970900.0
2023-05-23,6.105108058837797,6.133504109703518,5.859010907141193,5.9441986083984375,178875115.0
2023-05-24,5.94419851091063,6.010455209610807,5.830614760650495,5.840080261230469,174552510.0
2023-05-25,5.868475878917214,6.1145734786987305,5.859010829647108,6.1145734786987305,239926389.0
2023-05-26,6.105108012054771,6.701421013606143,6.095642962732005,6.663559913635254,370773383.0
2023-05-29,7.146289320261325,7.155754369193356,6.862330630862108,6.871796131134033,405671753.0
2023-05-30,6.947518482200232,7.127358929300609,6.900191882469642,7.004310131072998,319294704.0
2023-05-31,6.99484510308375,7.023241155108202,6.7298173904418945,6.7298173904418945,298828074.0
2023-06-01,6.80553954470901,6.956983950834851,6.748747892411819,6.852865695953369,194931562.0
2023-06-02,7.070566926689928,7.127359027686555,6.881261427834206,6.9096574783325195,284034917.0
2023-06-05,7.004310409620263,7.240942515003787,6.947518758489009,7.193615913391113,448624479.0
2023-06-06,7.174685016197627,7.212546115121634,7.032705669562655,7.051636219024658,315189441.0
2023-06-07,7.155754838610376,7.600622999756582,7.146289789057438,7.5438313484191895,702494158.0
2023-06-08,7.477574099367318,7.685810139005848,7.32612925556304,7.439713001251221,363784688.0
2023-06-09,7.496505327221328,7.695276335999161,7.449178724620918,7.60062313079834,380436470.0
2023-06-12,7.657414553855459,7.69527565203468,7.316664218902588,7.316664218902588,284058832.0
2023-06-13,7.278803501107926,7.363991202132959,7.01377534866333,7.01377534866333,300451386.0
2023-06-14,7.023240953089785,7.108428655372844,6.691956096146666,6.720351696014404,253112714.0
2023-06-15,6.7392820954774235,6.824469795853092,6.701420995608218,6.786608695983887,127382918.0
2023-06-16,6.796073798671561,7.070567000549693,6.796073798671561,6.815004348754883,257591585.0
2023-06-19,6.824469880061183,6.833934929475319,6.4174628257751465,6.4174628257751465,130489424.0
2023-06-20,6.407997344785989,6.502650095918885,6.209226341736947,6.294414043426514,171933119.0
2023-06-21,6.360670272486803,6.445857967867481,6.105107637684652,6.171364784240723,136263941.0
2023-06-22,6.152434688081428,6.568907244204652,6.1240386370853335,6.493185043334961,234431043.0
2023-06-23,6.616233388231896,6.90965759335255,6.616233388231896,6.8907270431518555,258443458.0
2023-06-26,6.909657323729586,7.1462894176745735,6.862330724404629,7.051636219024658,175422467.0
2023-06-27,7.0516362794636835,7.16522002854912,6.994844630590918,7.004310131072998,98353424.0
2023-07-03,7.240942249177032,7.3450604980986105,7.193615649301795,7.27880334854126,231273059.0
2023-07-04,7.2882686082725545,7.591158314616757,7.2882686082725545,7.3639912605285645,315056492.0
2023-07-05,7.382921749044008,7.524900648904922,7.184150747630829,7.411317348480225,301072289.0
2023-07-06,7.439713494396712,7.676345147637629,7.439713494396712,7.515435695648193,476965492.0
2023-07-07,7.515435413267706,8.026560252510501,7.496504863666122,7.998164653778076,693764347.0
2023-07-10,8.02656042939972,8.140144632192204,7.884581529928854,7.931908130645752,546304407.0
2023-07-11,8.026560964063142,8.073887567932548,7.846720952575264,7.960304260253906,419510985.0
2023-07-12,7.941373967426331,8.244262780545855,7.941373967426331,7.950838565826416,625203448.0
2023-07-13,7.979234571456009,8.111747967591914,7.856185773129948,7.875115871429443,454887772.0
2023-07-14,7.950838050615865,7.960303551082457,7.7331369559631025,7.799393653869629,220187110.0
2023-07-17,7.837254947722393,7.998164848931992,7.742602648744871,7.808859348297119,395359439.0
2023-07-18,7.856186002600375,8.073887104142345,7.8088594014495625,7.837255001068115,669602683.0
2023-07-19,7.8751157826813,7.998164579620671,7.780463486890877,7.894046783447266,286779117.0
2023-07-20,7.988699783985348,8.206401798600194,7.950838681793186,8.054957389831543,604683253.0
2023-07-21,8.054957005289921,8.102283606440734,7.770998301064879,7.837255001068115,313219927.0
2023-07-24,7.865651839153083,7.969769643985817,7.752067630470259,7.8277907371521,380696102.0
2023-07-25,7.827790190474295,7.903512389187968,7.7142059897239745,7.7520670890808105,249072145.0
2023-07-26,7.752067073103382,7.9224424711979,7.752067073103382,7.875115871429443,322012251.0
2023-07-27,7.931907867863695,8.11174786141406,7.912976867132184,8.017095565795898,400908523.0
2023-07-28,8.054956718996596,8.282123313230628,8.045491218566895,8.045491218566895,639778983.0
2023-07-31,8.102283410197487,8.357845605934235,8.08335240912375,8.22533130645752,648662519.0
2023-08-01,8.234796536598667,8.386240929496514,8.064422045928481,8.111747741699219,385353936.0
2023-08-02,8.102283584243674,8.291589085648468,8.102283584243674,8.159074783325195,354523847.0
2023-08-03,8.187469967115845,8.461963155884312,8.187469967115845,8.38624095916748,658990378.0
2023-08-04,8.45249855830455,8.5660818533798,8.3389152632293,8.38624095916748,495670319.0
2023-08-07,8.443033688241298,8.670200295347735,8.433568187275233,8.641804695129395,505734674.0
2023-08-08,8.745922066890087,8.783783166209444,8.414637673515653,8.471428871154785,307505266.0
2023-08-09,8.480894022580385,8.660734011275158,8.452498424929583,8.575547218322754,393156028.0
2023-08-10,8.613408606831774,8.641804205441076,7.979234520918587,8.045491218566895,374239053.0
2023-08-11,8.045492192865106,8.253728714136697,7.818325571121506,8.19693660736084,486388826.0
2023-08-14,8.282123849125664,8.471429356569706,8.15907504361707,8.272658348083496,264135666.0
2023-08-15,8.282123368789224,8.386241166174985,7.95083807296573,8.07388687133789,168234676.0
2023-08-16,8.064422718988883,8.471429333200863,8.054957217972827,8.395707130432129,351942136.0
2023-08-17,8.60394282721598,8.66073402259179,8.376776240353193,8.452498435974121,305216819.0
2023-08-18,8.471428272978006,8.480893772809429,8.045490710041186,8.092817306518555,232558683.0
2023-08-21,8.04549174480266,8.641804770680206,8.01709614433607,8.547151565551758,347367403.0
2023-08-22,8.556617090212653,8.622873792377483,8.282123877798524,8.424102783203125,297834962.0
2023-08-23,8.452498826486048,8.868970921642488,8.414637726926372,8.499824523925781,737580389.0
2023-08-24,8.537687202636864,8.86897162436293,7.875116553824952,7.960304260253906,629670623.0
2023-08-25,8.017096262694185,8.196936271877416,7.714206543419446,8.178006172180176,291957662.0
2023-08-28,8.178006250029409,8.272658554776392,8.017096339011662,8.083353042602539,316829815.0
2023-08-29,8.111747403501653,8.244261693102334,8.036025210209763,8.092817306518555,304345938.0
2023-08-31,8.140144631232427,8.376776732109187,8.111748129197741,8.1306791305542,345686664.0
2023-09-01,8.196936071158577,8.41463807976516,8.168540470968102,8.367311477661133,503814995.0
2023-09-04,8.414637349483577,8.52822064306777,8.272657555493502,8.329449653625488,315316487.0
2023-09-05,8.3389153167982,9.029880591947988,8.301054218196565,8.935227394104004,826939617.0
2023-09-06,8.887901888433309,9.010950687196942,8.556616591555844,8.745922088623047,783914340.0
2023-09-07,8.764852990196175,9.228651678417059,8.708060890380649,9.08667278289795,738020586.0
2023-09-08,9.124534527469656,9.171860227537925,8.906832515900179,8.973089218139648,324741574.0
2023-09-11,8.992020185367679,9.133999090380486,8.547151565551758,8.547151565551758,417546657.0
2023-09-12,8.575548039017766,8.641804740770443,8.291589327295085,8.395707130432129,318522681.0
2023-09-13,8.405172053993892,8.46196325082883,7.988699064698632,8.017095565795898,308207628.0
2023-09-14,8.026560759876585,8.149609565734863,7.780464050839891,8.149609565734863,234040236.0
2023-09-15,8.121213575949477,8.15907467573116,7.903512477874756,7.903512477874756,165707487.0
2023-09-18,7.912976967590223,7.998164666603914,7.600622672993228,7.676344871520996,207336227.0
2023-09-19,7.666880587130225,7.761532887819333,7.42078298051482,7.468109130859375,279237063.0
2023-09-20,7.4965049953133915,7.619553795554525,7.3829216957092285,7.3829216957092285,210251333.0
2023-09-21,7.33559541998785,7.629019633966505,7.326129918931795,7.60062313079834,280725934.0
2023-09-22,7.600622382655745,7.657414480722064,7.430247442476449,7.487039089202881,186942975.0
2023-09-25,7.515435767886892,7.752067423402322,7.505970266969514,7.742602825164795,364028397.0
2023-09-26,7.7615328924593525,7.789928492415076,7.572227388288119,7.591158390045166,257722119.0
2023-09-27,7.619553849092149,7.780463750331946,7.543831197484074,7.610088348388672,361482703.0
2023-09-28,7.629019490879412,7.723671791625105,7.5249007865753486,7.591158390045166,318969619.0
2023-09-29,7.6290195962485035,7.704741798962843,7.562761991863561,7.647949695587158,322589333.0
2023-10-02,7.723671955986774,7.950838565826416,7.714206454906822,7.950838565826416,513578980.0
2023-10-03,7.979234426448516,8.036025622994742,7.799393531132614,7.8656511306762695,310155356.0
2023-10-04,7.865651194665418,7.894046793169537,7.5722270011901855,7.5722270011901855,231519489.0
2023-10-05,7.600622794146177,7.799393794119903,7.468108944610329,7.780463695526123,520573552.0
2023-10-06,7.761533146682363,8.319985079289047,7.714206543419446,8.178006172180176,804374876.0
2023-10-09,8.102283386481313,8.159074584176661,7.723671490233136,7.7520670890808105,351243751.0
2023-10-10,7.875116362546535,7.998165168546309,7.7993941592666545,7.950838565826416,358379401.0
2023-10-11,7.950838429268015,7.988699530257678,7.733137324247417,7.742602825164795,277332541.0
2023-10-12,7.827790250918645,7.903512450217027,7.297733953150153,7.505970001220703,452044059.0
2023-10-13,7.49650493192783,7.524900530918821,7.231476783752441,7.231476783752441,318002039.0
2023-10-16,7.345060391940657,7.363990941349169,6.975914001464844,6.975914001464844,342085007.0
2023-10-17,7.004310023167055,7.23147661515847,6.938052874832945,7.222011566162109,407732263.0
2023-10-18,7.042171381948673,7.127359082761977,6.928588081757545,6.938053131103516,272261348.0
2023-10-19,6.956983528087743,7.127358925966238,6.786608581549152,6.805539131164551,319319799.0
2023-10-20,6.720351781097337,6.767678383262642,6.474254623321567,6.549976825714111,256779508.0
2023-10-23,6.663559651531704,6.777142946976701,6.559441405037176,6.7487473487854,310883836.0
2023-10-24,6.75821251602374,7.0421712109462105,6.729816917335435,6.928587913513184,268892194.0
2023-10-25,6.928588423008237,6.994845125713082,6.332275390625,6.332275390625,212019565.0
2023-10-26,6.389066774852903,6.512115576616095,6.1902957724169525,6.4174628257751465,312178120.0
2023-10-27,6.4269273489932,6.436392848972278,6.161899668337331,6.341739654541016,191214082.0
2023-10-30,6.322809467159195,6.493184865797496,6.294413868279416,6.360670566558838,204716115.0
2023-10-31,6.389066578170729,6.398532078633395,6.12403843263483,6.209226131439209,174443151.0
2023-11-01,6.256552711469081,6.2849483100883,5.944198418618263,6.1335039138793945,222936192.0
2023-11-02,6.190295904994572,6.2849486578626985,6.171365354420947,6.27548360824585,179699021.0
2023-11-03,6.275483165384055,6.284948214332954,6.133503820431405,6.228156566619873,171556773.0
2023-11-06,6.294413833771427,6.445858230539733,6.294413833771427,6.407997131347656,214045863.0
2023-11-07,6.407997341686597,6.512115593552384,6.341740190255657,6.493185043334961,230385583.0
2023-11-08,6.57837183283335,6.673025028629998,6.455323490709505,6.568906784057617,190567528.0
2023-11-09,6.483719463714034,6.587837714313738,6.3890667137779,6.464788913726807,210449742.0
2023-11-10,6.474254378749597,6.616233277202248,6.455323828866582,6.512115478515625,230079226.0
2023-11-13,6.521580510526878,6.862330858859199,6.4931849114474645,6.635164260864258,355310331.0
2023-11-14,6.862330503165715,7.174684784888531,6.786608307758958,7.089497089385986,541725186.0
2023-11-15,7.004309845223328,7.108428089577562,6.928587649816571,7.089497089385986,262810018.0
2023-11-16,7.098963030954068,7.269337981214597,7.061101930896172,7.136824131011963,223698852.0
2023-11-17,7.1462899411073675,7.24094269535026,7.0705672863731195,7.127359390258789,178210293.0
2023-11-20,7.165220277056678,7.3166646793031855,7.165220277056678,7.240942478179932,196086730.0
2023-11-21,7.269337998795975,7.316664599652763,7.146289648980172,7.212546348571777,190798717.0
2023-11-22,7.203081166175372,7.269337864543326,7.146289517000023,7.155754566192627,228023857.0
2023-11-23,7.165219869465281,7.20308096787319,6.871796131134033,6.871796131134033,218087443.0
2023-11-24,6.87179626479667,7.0232406613740395,6.862330764340633,6.928587913513184,170801935.0
2023-11-27,6.95698380800759,7.193615913391113,6.95698380800759,7.193615913391113,189333064.0
2023-11-28,7.184150481648006,7.212546080032917,7.032705635348854,7.098962783813477,141836146.0
2023-11-29,7.108428379676354,7.16522002854912,6.975914080966663,7.004310131072998,191467850.0
2023-11-30,7.032705649690377,7.117893347698626,6.909657304205005,6.975914001464844,161508575.0
2023-12-01,7.070566864600188,7.108428415378765,6.890726867936461,6.95698356628418,131860308.0
2023-12-04,6.975913796275851,7.127358638429252,6.919122149720783,7.089497089385986,227530892.0
2023-12-05,7.080032445564335,7.1084284961358915,6.947518596023534,6.985379695892334,144201722.0
2023-12-06,6.994844745189578,7.184150695873492,6.975914195255178,6.985379695892334,336038398.0
2023-12-07,7.004310536413274,7.250407695770264,6.956983933943888,7.250407695770264,342771374.0
2023-12-08,7.231477212301303,7.534366477974317,7.212546661405486,7.477574825286865,312627683.0
2023-12-11,7.4775744267024296,7.496504976589173,7.108428478240967,7.108428478240967,320282597.0
2023-12-12,7.098962879194274,7.127358929300609,6.909657382951722,7.004310131072998,301635665.0
2023-12-13,6.966449146111712,7.032705845213619,6.5878376960754395,6.5878376960754395,249779476.0
2023-12-14,6.68249018775459,6.900191729270018,6.6162330398708,6.871796131134033,201192996.0
2023-12-15,6.871796448741495,7.051636448821141,6.824469847874274,7.01377534866333,170148002.0
2023-12-18,6.956983317168633,7.146289258923224,6.8907266211934335,6.919122219085693,145088037.0
2023-12-19,6.9001921500897945,6.928588201297455,6.691956096146666,6.720351696014404,175894832.0
2023-12-20,6.710886531812625,6.843400382057158,6.691955981777692,6.739282131195068,135836653.0
2023-12-21,6.7392821484215935,6.862330949633147,6.663559948088304,6.815004348754883,207384012.0
2023-12-22,6.833934629354395,6.947518376715276,6.6730251856612846,6.701420783996582,156852795.0
2023-12-25,6.682490482243072,6.682490482243072,6.4269278310574265,6.540511131286621,105768131.0
2023-12-26,6.597302475184125,6.597302475184125,6.4174624838385546,6.474254131317139,122949960.0
2023-12-27,6.455323561050213,6.55944135541723,6.389066413538563,6.398531913757324,208754449.0
2023-12-28,6.40799689281118,6.5973023817247025,6.398531844035448,6.568906784057617,159781045.0
2023-12-29,6.578372177436219,6.635164278425172,6.483719428021148,6.512115478515625,146116252.0
2024-01-02,6.5594417566517835,6.796073860516652,6.549976707193947,6.767678260803223,213947879.0
2024-01-03,6.758212626994809,6.767678127606272,6.512115478515625,6.512115478515625,121974696.0
2024-01-04,6.540510843054981,6.890726680337988,6.531045794122951,6.871796131134033,205923756.0
2024-01-05,6.862330837490211,7.231476783752441,6.843400287716248,7.231476783752441,238688261.0
2024-01-08,7.316664691693096,7.5627618457604076,7.278803591067356,7.515435695648193,241733309.0
2024-01-09,7.515435804137653,7.752067460794478,7.4397136017930805,7.695276260375977,299807878.0
2024-01-10,7.666880448490922,7.865651449827497,7.534366146706596,7.808859348297119,245821506.0
2024-01-11,7.808859330821797,7.894047031586807,7.657414930652813,7.733137130737305,146372254.0
2024-01-12,7.676344890367138,7.884581388169645,7.562761592296629,7.7520670890808105,190460527.0
2024-01-15,7.752067630470259,7.92244304081462,7.704741929978937,7.8277907371521,144623604.0
2024-01-16,7.846720621330164,8.007630526085487,7.837255120419886,7.941373825073242,179431780.0
2024-01-17,7.884581612871699,8.329450220002661,7.884581612871699,8.310519218444824,275627572.0
2024-01-18,8.329450027247146,8.537686526165274,8.168540128448567,8.499824523925781,278558894.0
2024-01-19,8.499824720624009,8.509290221402928,8.253728019130987,8.310519218444824,224712665.0
2024-01-22,8.471428810256098,9.08667279812262,8.452498712072407,8.963624000549316,406488494.0
2024-01-23,8.973088722888415,9.181325221879105,8.850040826286452,8.897366523742676,374615948.0
2024-01-24,8.925763008676725,9.058276405593105,8.755387609578733,9.020415306091309,258429552.0
2024-01-25,9.058276898924495,9.493680018247964,9.02041579736071,9.096138000488281,457771011.0
2024-01-26,9.077207840701023,9.834430769622584,9.001485638076852,9.739777565002441,542880606.0
2024-01-29,9.749242855592476,9.843895155489975,9.588332952818902,9.654589653015137,320682437.0
2024-01-30,9.664054710868534,9.834430106626856,9.484214717430147,9.60726261138916,285667401.0
2024-01-31,9.578867133478699,9.664054832429407,9.38956163729924,9.51261043548584,248031296.0
2024-02-01,9.559938066766199,9.919618096978555,9.550472565265899,9.692451477050781,347416404.0
2024-02-02,9.711381156218806,9.787103352539127,9.342234772147407,9.399026870727539,229801582.0
2024-02-05,9.455818597616156,9.701916200816616,9.436888498812953,9.62619400024414,285553882.0
2024-02-06,9.654589890536949,10.099458509307338,9.569402186657529,9.89122200012207,405611112.0
2024-02-07,9.910152684161496,9.938548283650142,9.68298518021282,9.749242782592773,181379057.0
2024-02-08,9.768173217773438,9.891222023368474,9.730312116258032,9.768173217773438,175287054.0
2024-02-09,9.815498626082581,10.241436191976897,9.787103029070893,9.929081916809082,348644255.0
2024-02-12,10.02373635937533,10.108924063704505,9.796569749617444,9.919617652893066,179551326.0
2024-02-13,9.966944157832165,10.364486172348991,9.938548557560923,10.137319564819336,468633008.0
2024-02-14,10.18464575881161,10.37395125749811,9.806033858758795,9.843894958496094,325709650.0
2024-02-15,9.881756162966177,10.004804964086501,9.616728461996157,9.872291564941406,312584797.0
2024-02-16,9.910152979456685,10.213041790173726,9.900687478451813,10.014270782470703,275367362.0
2024-02-19,10.08052737797667,10.317159484527108,9.862826273236596,9.957479476928711,203830209.0
2024-02-20,10.004804806715386,10.250902405085029,9.9196171070736,10.213041305541992,241332087.0
2024-02-21,10.288764154911366,10.430743964181199,10.0899931440775,10.345556259155273,270492822.0
2024-02-22,10.4212780144556,10.828284617078303,10.383416914149306,10.695771217346191,314350024.0
2024-02-23,10.724166607094139,11.386736300831428,10.676840006967227,11.008125305175781,416608326.0
2024-02-26,10.979729706171563,11.036520904180001,10.62004880895879,11.008125305175781,254399690.0
2024-02-27,11.027055619356307,11.055452121595904,10.695771217346191,10.695771217346191,217320511.0
2024-02-28,10.620048646377851,10.941868439098362,10.43074315144808,10.553791046142578,296111018.0
2024-02-29,10.58218715334316,10.941868031656194,10.478068457998999,10.506464958190918,249781079.0
2024-03-01,10.57272218918296,10.790423285610414,10.55379118809545,10.73363208770752,213761126.0
2024-03-04,10.75256201156914,10.932402908261855,10.534860918675621,10.799888610839844,310800052.0
2024-03-05,11.083848038535475,11.140640141961043,10.544327118051944,10.563257217407227,357316337.0
2024-03-06,10.487534922631484,10.591652724871887,9.985875107938854,10.10892391204834,234787322.0
2024-03-07,10.165714672715522,10.478068968609923,10.165714672715522,10.459138870239258,190406204.0
2024-03-08,10.497000215068189,10.77149341795878,10.364485912656242,10.695771217346191,215377082.0
2024-03-11,10.922937382016823,10.941868382752215,10.449673195789613,10.525395393371582,164522911.0
2024-03-12,10.506465156943117,10.544326255235461,10.099457673290575,10.194110870361328,189139014.0
2024-03-13,10.184645264205212,10.364485253553692,10.014269872321552,10.165714263916016,155008233.0
2024-03-14,10.20357540486062,10.373950797463046,10.052131012627257,10.317158699035645,172578332.0
2024-03-15,10.355020490323657,10.364485991141867,10.16571498735866,10.20357608795166,97159216.0
2024-03-18,10.203575550016778,10.231972050974338,9.966943458115871,9.976408958435059,126197725.0
2024-03-19,9.9764095044331,10.184646009452798,9.843895200751502,10.080527305603027,149747951.0
2024-03-20,10.080526672804508,10.733631746697183,10.033200976948919,10.194110870361328,324381656.0
2024-03-21,10.2698330933152,10.534860782042104,9.872291108884948,9.948013305664062,290906240.0
2024-03-22,9.957478621670157,9.976408719174744,9.49367904663086,9.49367904663086,144260449.0
2024-03-25,9.484215049639928,9.635659449983269,9.162395247570414,9.20025634765625,189606868.0
2024-03-26,9.24758230397787,9.32330449887253,8.783782731898373,8.821643829345703,181253877.0
2024-03-27,8.812179830136328,9.162395230965572,8.63233892804466,8.925763130187988,197079105.0
2024-03-28,8.935227314012415,9.209720502083776,8.935227314012415,9.152929306030273,138623602.0
2024-03-29,9.190791086452682,9.607263198249038,9.190791086452682,9.436888694763184,196735609.0
2024-04-01,8.916298170391913,8.944693771457398,8.50929064350714,8.755388259887695,336049523.0
2024-04-02,8.840575266528388,8.887901866347539,8.471428871154785,8.471428871154785,166826826.0
2024-04-03,8.47142931050712,8.689131319893932,8.47142931050712,8.518755912780762,116035588.0
2024-04-04,8.53768627055431,8.916297254815786,8.518755270001341,8.783782958984375,170415481.0
2024-04-05,8.850040076587376,9.370629925944494,8.84057457682604,9.351699829101562,198794630.0
2024-04-08,9.389561529984565,10.004804611206055,9.389561529984565,10.004804611206055,193857128.0
2024-04-15,10.175180591590358,10.43074370020035,10.08999288872036,10.231972694396973,181316425.0
2024-04-16,10.241437654172072,10.260368656669192,9.910153234591428,10.127854347229004,152781053.0
2024-04-17,10.089992000899189,10.089992000899189,9.588332231414647,9.616727828979492,216103015.0
2024-04-18,8.660735130310059,8.660735130310059,8.660735130310059,8.660735130310059,18705174.0
2024-04-19,8.187469901798407,8.651269481338677,8.102283108181409,8.480894088745117,537696916.0
2024-04-22,8.622872521870242,8.793247905396283,8.509289233746124,8.556615829467773,177321134.0
2024-04-24,8.632339451697417,8.887902569326428,8.62287395044896,8.755388259887695,232088119.0
2024-04-25,8.793248688559801,8.916297487323435,8.670199889796166,8.745922088623047,188149873.0
2024-04-26,8.774318966015091,9.285444281328989,8.726992364051242,9.162395477294922,252855230.0
2024-04-29,9.20972115507033,9.380096560670347,9.077207753096848,9.285444259643555,174340133.0
2024-04-30,9.26651338534147,9.370631188707604,9.152930080938452,9.219186782836914,151201027.0
2024-05-02,9.389561969183465,9.682985272963037,9.380096468369972,9.531540870666504,166199796.0
2024-05-03,9.550471556519737,9.938548050243325,9.531540555518678,9.787103652954102,236678253.0
2024-05-06,9.862826399722216,9.995340706054634,9.597798689737242,9.89122200012207,204745609.0
2024-05-07,9.89122148807075,10.042665885936437,9.682984989665524,9.93854808807373,197411937.0
2024-05-08,9.966943130296752,10.099457422367506,9.834429740905762,9.834429740905762,143486672.0
2024-05-09,9.862825676418833,9.929082373386088,9.777637978786764,9.853360176086426,134327196.0
2024-05-10,9.85336028842557,9.85336028842557,9.361166000366211,9.361166000366211,241294027.0
2024-05-13,9.36116581095126,9.436888007582066,9.02988052368164,9.02988052368164,199422276.0
2024-05-14,9.048811488652808,9.228651479274959,8.149608827502702,8.234796524047852,349491981.0
2024-05-15,8.301054513508479,8.490360013251241,8.178005713005728,8.253727912902832,297004178.0
2024-05-16,8.253727895015384,8.414637795117965,8.225331393105641,8.376776695251465,243192006.0
2024-05-17,8.471428656143864,8.480894156403416,8.357845361068614,8.38624095916748,261254489.0
2024-05-20,8.376777261824886,8.726992684947207,8.338916159397606,8.632339477539062,337286898.0
2024-05-21,8.764852644616084,8.859504937003612,8.632338352057824,8.69859504699707,360157029.0
2024-05-22,8.76485368433544,8.86897148911649,8.651270378388874,8.850041389465332,284412991.0
2024-05-23,8.85004000079821,8.916296693200678,8.537685732786953,8.556615829467773,234345351.0
2024-05-24,8.547151247756288,8.594477848560839,8.386241346628708,8.405172348022461,171589855.0
2024-05-27,8.594478401584176,8.850041520765414,8.490360595258425,8.50929069519043,347737967.0
2024-05-28,8.518755270001341,8.840575057963491,8.414637474999383,8.783782958984375,278869112.0
2024-05-29,8.906831947972611,9.03934624668189,8.594477653503418,8.594477653503418,271656197.0
2024-05-30,8.679666081243134,8.679666081243134,8.499825167703635,8.632339477539062,182679657.0
2024-05-31,8.670199993546882,8.736456692643301,8.357845693978303,8.376776695251465,209879437.0
2024-06-03,8.471428817021906,8.49035981790052,8.310518920272903,8.443033218383789,188585638.0
2024-06-04,8.405171450739674,8.708060219266596,8.37677585436021,8.43356704711914,260419098.0
2024-06-05,8.443033178864999,8.461963276975203,8.225331183178941,8.29158878326416,175567579.0
2024-06-06,8.319984489931795,8.52822098792999,8.310518989413737,8.348380088806152,149658659.0
2024-06-07,8.41463794193869,8.433568040862326,8.140144737447184,8.187470436096191,116002249.0
2024-06-10,8.149609069923864,8.187470169216851,8.054956773031302,8.07388687133789,91528350.0
2024-06-11,8.045490979473014,8.206400871276855,7.960303283496888,8.206400871276855,139897379.0
2024-06-12,8.19693660736084,8.348381021856573,8.130679901688936,8.19693660736084,128116879.0
2024-06-13,8.32944995876467,8.670199852000204,8.31051895780057,8.594477653503418,154931686.0
2024-06-14,8.632339037203026,8.755387839484936,8.509290234921117,8.585012435913086,125576878.0
2024-06-20,8.660733894243789,8.726991491440026,8.49982400526398,8.670199394226074,165743516.0
2024-06-21,8.67966567141326,8.831110073971598,8.660734669753547,8.736456871032715,186633892.0
2024-06-24,8.812179726713582,8.906832024305848,8.708061025878328,8.897366523742676,240266243.0
2024-06-25,8.916296894916316,9.13399797640938,8.821643701331656,9.010950088500977,279829565.0
2024-06-26,8.992019584098673,9.19079057943331,8.954158485114924,9.08667278289795,212889019.0
2024-06-27,9.096137194869026,9.30437368636686,8.897366203593771,9.275978088378906,222977062.0
2024-06-28,9.304374433822096,9.417957737578272,9.18132562908294,9.190791130065918,209813168.0
2024-07-01,9.24758230397787,9.408491291119196,8.660733939524611,8.821643829345703,190250278.0
2024-07-02,8.935227367289286,9.266512656069247,8.774318375725073,9.18132495880127,222920956.0
2024-07-03,9.190790927548035,9.77763843536377,9.190790927548035,9.77763843536377,298496034.0
2024-07-04,9.758708029204156,10.430743217468262,9.711381429502215,10.430743217468262,323785835.0
2024-07-05,10.38341733667827,10.818820459258285,10.298229631852635,10.468605041503906,321725025.0
2024-07-08,10.506465092007131,10.610582885997623,10.241436502918962,10.317158699035645,176372528.0
2024-07-09,10.36448561681362,10.534861014668687,10.241436818660496,10.430743217468262,188946976.0
2024-07-10,10.430743606632099,10.638979208802075,10.411812604973097,10.478069305419922,226998761.0
2024-07-11,10.572721910716911,10.79988850170497,10.449673114928432,10.743097305297852,199524638.0
2024-07-12,10.752561971584752,10.960798465993625,10.638978675365312,10.648444175720215,185337623.0
2024-07-16,10.676840181532713,10.724166782433409,10.459139081141275,10.544326782226562,140102942.0
2024-07-17,10.610583324880439,10.979729723228008,10.468604426958969,10.885076522827148,273551330.0
2024-07-18,10.922937898991705,11.377272008666631,10.922937898991705,11.273153305053711,288684088.0
2024-07-19,11.263687610228063,11.509785211118112,11.197430911019136,11.462458610534668,170447501.0
2024-07-22,11.500320174184317,11.63283448062527,11.339410267320252,11.386736869812012,151256172.0
2024-07-23,11.348875145691412,11.415132746616557,10.866145451584485,10.979729652404785,197280710.0
2024-07-24,10.951332740008839,11.367805720246006,10.894541544409085,11.20689582824707,180893057.0
2024-07-25,11.13117463834478,11.689626560733076,11.13117463834478,11.509785652160645,221928260.0
2024-07-26,11.547646328069945,11.784278428656132,11.273153127497162,11.73695182800293,221353482.0
2024-07-29,11.689625647633846,11.860000139202775,11.462458154408958,11.538180351257324,176894961.0
2024-07-30,11.57604255789393,11.7558834696354,10.941869324247332,11.045987129211426,202641074.0
2024-07-31,10.970264151889792,11.197430748170765,10.762027653958993,10.979729652404785,195568510.0
2024-08-01,11.112243048895445,11.18796524765577,10.93240305250963,10.979729652404785,184001822.0
2024-08-02,10.743097912566904,10.771493512375567,10.222507101782282,10.478069305419922,141699160.0
2024-08-05,9.720846702694445,10.260367579714481,9.720846702694445,10.071062088012695,190064845.0
2024-08-06,10.326625360049345,10.487535270555329,10.127854347229004,10.127854347229004,171298292.0
2024-08-07,10.194111121638363,10.743097511749344,10.184645621162012,10.430743217468262,255536897.0
2024-08-08,10.41181176291073,10.62004825091928,10.298228470182368,10.506464958190918,166597863.0
2024-08-09,10.601118040303422,10.78095894419337,10.156249433642843,10.175180435180664,201668005.0
2024-08-12,10.269833335835987,10.610583229388771,10.146784537494195,10.307694435119629,214816954.0
2024-08-13,10.326624779155292,10.544326782226562,10.01427047696246,10.544326782226562,148886676.0
2024-08-14,10.601117767398598,10.686305466766129,10.440207869188779,10.459138870239258,184259784.0
2024-08-15,10.515930549088896,10.979730166564496,10.49700044985226,10.932403564453125,218982801.0
2024-08-16,10.94186903444891,11.15957013979338,10.705236927241518,10.780959129333496,154576115.0
2024-08-19,10.885076611703534,11.083847612024444,10.591652410208924,11.064916610717773,162539406.0
2024-08-20,11.083847045898438,11.216361340237263,10.932402653899654,11.083847045898438,148846055.0
2024-08-21,11.074381882386058,11.282618379054595,11.045986283693015,11.102777481079102,133762971.0
2024-08-22,11.1595702610674,11.538181275641753,11.1595702610674,11.386736869812012,240501883.0
2024-08-23,11.405667357519272,11.46245855580438,10.932403159304197,11.036520957946777,158273662.0
2024-08-26,11.178500903302334,11.187965501352132,10.780958899456131,10.818819999694824,166739170.0
2024-08-27,10.76202752179209,11.206896111055489,10.75256202139334,11.197430610656738,222118132.0
2024-08-28,11.187965570088906,11.594973077165319,11.0270556674159,11.121708869934082,242601741.0
2024-08-29,11.1406400498962,11.197431250172594,10.979730144646664,11.055452346801758,149750368.0
2024-09-02,11.112243585594188,11.481389999389648,11.112243585594188,11.481389999389648,163373550.0
2024-09-03,11.481389506996667,12.115563602056254,11.320479608090215,11.80320930480957,376019372.0
2024-09-04,11.680160370727428,12.020910263061523,11.54764607236871,12.020910263061523,205202183.0
2024-09-05,12.058771362209757,12.172354659654456,11.85053576823438,12.020910263061523,190049932.0
2024-09-06,12.030375548593709,12.210215540664988,11.860000154130544,11.935722351074219,167242348.0
2024-09-09,11.897861361161505,11.954653460727343,11.434062674979732,11.443528175354004,141242739.0
2024-09-10,11.5097851935141,11.538180792748804,10.771493294652982,10.790423393249512,219431884.0
2024-09-11,10.762027344746494,10.818819443524905,10.194110870361328,10.194110870361328,247119703.0
2024-09-12,10.336089952643293,10.582187547391896,10.146784457713522,10.553791046142578,363559063.0
2024-09-13,10.55379118809545,10.752562186115213,10.421277791202153,10.73363208770752,203755148.0
2024-09-16,10.705236451185403,10.828284347103102,10.563256651566823,10.58218765258789,109418695.0
2024-09-17,10.638978286874497,10.714700481589068,10.468603800106596,10.629512786865234,156605723.0
2024-09-18,10.591652461660496,10.847215564463053,10.53486126282426,10.667375564575195,146590376.0
2024-09-19,10.856680942770524,11.15956974029541,10.75256224161148,11.15956974029541,231828427.0
2024-09-20,11.159569550542194,11.434062744301695,11.093312852880185,11.348875045776367,161425608.0
2024-09-23,11.396201630131817,11.471923828125,11.187965134310659,11.471923828125,152485258.0
2024-09-24,11.48138974979044,11.793744053642394,11.386736547486281,11.64229965209961,219171611.0
2024-09-25,11.59497258545173,11.708555882048865,11.197430596021858,11.320479393005371,166239934.0
2024-09-26,11.358341217041016,11.57604232374797,11.27315351348443,11.358341217041016,166664080.0
2024-09-27,11.34887496276585,11.566576957702637,11.244757166818568,11.566576957702637,174829871.0
2024-09-30,11.538180647648018,11.623368346960662,11.311014051267504,11.37727165222168,143853899.0
2024-10-01,11.386736126513371,11.481389325318158,10.392881149782323,10.553791046142578,253678666.0
2024-10-02,10.553791515306077,10.620049118486799,10.033201606776597,10.080527305603027,114242485.0
2024-10-03,10.089992994333736,10.11838859469434,9.33277006417206,9.342235565185547,255601314.0
2024-10-04,9.323305197954243,9.645124099047342,9.11506869504002,9.62619400024414,239883766.0
2024-10-07,9.68298466847221,9.69245016869479,9.23811699016837,9.275978088378906,197918232.0
2024-10-08,9.238117657790232,9.49367986351041,9.238117657790232,9.285444259643555,155249625.0
2024-10-09,9.304374720273138,9.455819129943848,9.048812504623784,9.455819129943848,179682002.0
2024-10-10,9.436888430035786,9.578867329404458,9.294908627987287,9.323305130004883,157166347.0
2024-10-11,9.294908665577308,9.370630865904142,9.058276563885993,9.077207565307617,126773387.0
2024-10-14,9.058276296827378,9.19079059483243,8.935227499254074,8.963624000549316,148365029.0
2024-10-15,8.99201945340394,9.313839241428214,8.973088452847316,9.304373741149902,158258304.0
2024-10-16,9.238116965903126,9.569401348705195,9.238116965903126,9.522075653076172,127917633.0
2024-10-17,9.493679717134814,9.645124118586562,9.39902741756739,9.503145217895508,155919950.0
2024-10-18,9.522075912940048,9.739777007350064,9.22865171756154,9.238117218017578,178599113.0
2024-10-21,9.228652040109392,9.257047639790143,8.95415883604923,8.98255443572998,123622379.0
2024-10-22,9.001485175231382,9.313839470665169,8.954158575354787,9.266512870788574,156274939.0
2024-10-23,9.238117057873186,9.313839254849212,8.96362386816514,9.18132495880127,186947668.0
2024-10-24,9.228652209132246,9.522076420140202,9.228652209132246,9.31383991241455,139976105.0
2024-10-25,9.323305465838432,9.399027668586614,9.16239555932858,9.342235565185547,126234037.0
2024-10-28,9.41795711759091,9.692450309268322,9.399027019550985,9.60726261138916,78385465.0
2024-10-30,9.673519861167579,9.7776376533189,9.541005568964271,9.711380958557129,186757399.0
2024-10-31,9.701916274590024,9.824965077125919,9.484215171958718,9.531540870666504,166331958.0
2024-11-01,9.569401828731927,9.768172829455963,9.313839629332351,9.323305130004883,250798158.0
2024-11-04,9.257047877931885,9.266513378962253,8.906832463927044,8.944693565368652,152800872.0
2024-11-05,9.001485383932858,9.020415482714506,8.793248881255717,8.954158782958984,184075273.0
2024-11-06,8.992020071297006,9.257047778542768,8.982554570368265,9.162395477294922,192302808.0
2024-11-07,9.152929746878998,9.20025634765625,9.010950847227074,9.20025634765625,147605559.0
2024-11-08,9.190791290904821,9.815499923836128,9.190791290904821,9.79656982421875,256208529.0
2024-11-11,9.853360460288902,10.36448575814401,9.84389495968348,10.241436958312988,249711210.0
2024-11-12,10.317159607029529,10.638979420188079,10.18464620350297,10.563257217407227,233052536.0
2024-11-13,10.515929851328305,11.017590536670477,10.430743056396041,10.89454174041748,235872381.0
2024-11-14,10.932402825261562,11.197430515413659,10.828284127120536,11.017590522766113,215710139.0
2024-11-15,11.017591016582847,11.197431017290956,10.904007715712487,11.093313217163086,156899140.0
2024-11-18,11.140640258789062,11.282619164822076,11.017591452309844,11.140640258789062,158350539.0
2024-11-19,11.206896584823534,11.405667588201243,11.017591082244726,11.396202087402344,296627024.0
2024-11-20,11.452994928191021,11.462459526920513,10.582188657484933,10.610584259033203,265250607.0
2024-11-21,10.65790933582415,11.434062286551743,10.601117238187605,11.424596786499023,431329670.0
2024-11-22,11.367806031554323,11.66122932310796,11.254222734564548,11.471923828125,214097964.0
2024-11-25,11.557111486586019,11.708555882048865,11.206896096408236,11.320479393005371,155831674.0
2024-11-26,11.301549113776673,11.566577725437128,11.216362312899946,11.358341217041016,189360103.0
2024-11-27,11.471924520889843,11.632834427012313,11.244757913192188,11.358341217041016,189859438.0
2024-11-28,11.358340531135225,11.604438125952974,11.358340531135225,11.471923828125,157945007.0
2024-11-29,11.481389593738196,12.001980393975657,11.377271794762635,11.983049392700195,198065148.0
2024-12-02,11.736951490932002,11.860000288024587,11.557111496830409,11.718021392822266,177400833.0
2024-12-03,11.92625870143054,12.882251739501953,11.774813392825696,12.882251739501953,424135833.0
2024-12-04,13.15674458728681,13.35551559023971,12.957973584333908,12.986370086669922,373557312.0
2024-12-05,12.986370598981892,13.166210607472136,12.607758677017365,12.66455078125,209559820.0
2024-12-06,12.74973819179179,12.806529392032905,12.342730678451103,12.39952278137207,161763117.0
2024-12-09,12.844389591250968,12.929577288311258,12.550966304354182,12.702410697937012,296982599.0
2024-12-10,12.636154421293204,12.844390018049028,12.371125821036996,12.475244522094727,219750366.0
2024-12-11,12.503640104098222,12.721341201140293,12.390056805291948,12.59829330444336,189328972.0
2024-12-12,12.683480366896129,12.929577970798372,12.588828067250539,12.71187686920166,239968442.0
2024-12-13,12.683480380511314,12.986370086669922,12.617223680420294,12.986370086669922,222753475.0
2024-12-16,12.995833971552315,13.033695972589117,12.797063882187832,12.825459480285645,153254950.0
2024-12-17,12.853856139060985,12.99583504394569,12.550967327211021,12.882251739501953,218667632.0
2024-12-18,12.92957715636124,13.128348146580137,12.78759826449622,12.920111656188965,233794197.0
2024-12-19,12.797064665347657,12.825460265183235,12.418452755927285,12.49417495727539,144635639.0
2024-12-20,12.465779557916903,12.645619563340915,12.125029646370422,12.304869651794434,217087262.0
2024-12-23,12.295403496472323,12.371125695008457,11.907327003304683,12.172354698181152,164246719.0
2024-12-24,12.18182068227873,12.655084893257763,12.18182068227873,12.64561939239502,154581814.0
2024-12-25,12.948508079201714,13.213535763680644,12.89171598118777,13.137813568115234,144326518.0
2024-12-26,13.21353643669401,13.270328537600582,12.70241113925415,12.749737739562988,296969582.0
2024-12-27,12.759201948937646,13.393376026796691,12.721340850379484,13.251397132873535,283534261.0
2024-12-30,13.298723718183044,13.49749471108069,13.223001521143923,13.374445915222168,159391406.0
2024-12-31,13.364981166542133,13.412307768023087,12.891716957092285,12.891716957092285,163318262.0
2025-01-02,12.957973792845127,13.11888369795244,12.740272687511618,13.071557998657227,263264128.0
2025-01-03,13.156744108438707,13.336585005968681,12.99583421177707,13.185140609741211,315032460.0
2025-01-06,13.223001263796263,13.317653556913136,13.09995247033253,13.137813568115234,191043602.0
2025-01-07,13.1378142195315,13.223001919436417,12.825459921666686,12.872786521911621,215191404.0
2025-01-08,12.853855750378564,12.976904552141756,12.778133549705807,12.834925651550293,148221039.0
2025-01-09,12.901182449832492,13.383912159811718,12.882251448180046,13.28925895690918,256373812.0
2025-01-10,13.270328362670142,13.506960458415216,13.024230766452108,13.213536262512207,182905190.0
2025-01-13,13.204070707929743,13.289258406477645,13.043160811268105,13.185140609741211,147949003.0
2025-01-14,13.204070692792964,13.440702787297067,13.04316079631579,13.308189392089844,200507934.0
2025-01-15,13.346051112271791,13.554286715197904,13.204071307353248,13.317654609680176,157957563.0
2025-01-16,13.478564432277887,13.809849739074707,13.383912132250108,13.809849739074707,211669416.0
2025-01-17,13.866640090942383,13.942362287407942,13.677334599778487,13.866640090942383,163909174.0
2025-01-20,13.970758708814845,14.1789942965736,13.885571012604546,14.084342002868652,196545567.0
2025-01-21,14.037015985641599,14.122203685377656,13.79091838699962,13.942362785339355,149582104.0
2025-01-22,13.942362996301627,14.093808299612704,13.828779695828194,14.02755069732666,165831439.0
2025-01-23,14.084342039466682,14.112737637383974,13.582682263755535,13.715195655822754,291167961.0
2025-01-24,13.734127256510009,14.018085956133502,13.734127256510009,13.819314956665039,202703273.0
2025-01-27,13.630008360604597,13.809849258960742,13.393376264742157,13.611078262329102,153267649.0
2025-01-28,13.648940179644956,14.377766609191895,13.488030272599554,14.377766609191895,333971657.0
2025-01-29,14.330440255802397,14.548141353829998,14.207391455868606,14.216856956481934,176195014.0
2025-01-30,14.207392253985384,14.254718857030825,14.046482345238804,14.160065650939941,137296802.0
2025-01-31,14.178995197174197,14.52921150443435,13.942363093862106,14.453489303588867,191961682.0
2025-02-03,14.311508738386712,14.311508738386712,13.658404565180321,13.743592262268066,223846246.0
2025-02-04,13.828779325658255,14.065411420980345,13.686800429536923,13.857175827026367,196639722.0
2025-02-05,13.876106770456055,13.904502370873944,13.308190248698972,13.55428695678711,149032303.0
2025-02-06,13.630008145916566,13.790918040782897,13.317653856512464,13.525890350341797,219389067.0
2025-02-07,13.516425078766922,13.64893937757006,13.204070784076496,13.488029479980469,232071553.0
2025-02-10,13.535355823399641,13.724661316190446,13.175674935757211,13.251397132873535,179080566.0
2025-02-11,13.251398056213313,13.260863557182345,13.03369695000471,13.099953651428223,150254577.0
2025-02-12,13.118883381449853,13.185140983688374,12.872786681940507,12.95797348022461,158057109.0
2025-02-13,13.043161570616498,13.1851413773554,12.872787066281614,12.97690486907959,180808160.0
2025-02-14,13.014765197725643,13.450168287720384,13.014765197725643,13.308189392089844,233731976.0
2025-02-17,13.308189728624976,13.478564227154063,13.166209926724273,13.327119827270508,194041484.0
2025-02-18,13.34605100621622,14.43455832187591,13.175675602739808,14.330440521240234,511753299.0
2025-02-19,14.33043987003874,14.368300968793038,13.147279405617173,13.156744003295898,536146767.0
2025-02-20,13.19460547298827,13.45016857377424,13.118883273350907,13.298724174499512,247737348.0
2025-02-21,13.29872437090781,13.488029872797064,12.84439026369376,13.109418869018555,241436192.0
2025-02-24,13.260863037002851,13.298724136713957,12.730806738367525,12.749737739562988,198605671.0
2025-02-25,12.749738022780651,12.901182424989209,12.636154721124234,12.740272521972656,185342521.0
2025-02-26,12.75920207892862,13.109418372509364,12.75920207892862,13.033696174621582,209545059.0
2025-02-27,12.976904098712179,13.43123728687375,12.957973097865546,13.308189392089844,264620466.0
2025-02-28,13.317654395464988,13.639474198221386,13.289258796009962,13.630008697509766,219267635.0
2025-03-03,13.819314839532227,14.62386342851963,13.800383838467203,14.311509132385254,291769296.0
2025-03-04,14.23578690114668,14.633328895810974,14.122203603053999,14.55760669708252,224623655.0
2025-03-05,14.642794417456415,14.832099914550781,14.188460321750117,14.832099914550781,271408842.0
2025-03-06,14.955148675187823,14.964614175688352,14.264182484205977,14.680655479431152,251256812.0
2025-03-07,14.671190208335608,14.82263460799288,14.53867590729558,14.642794609069824,147904770.0
2025-03-10,14.955149457387002,15.00247605968516,14.396697536164421,14.472419738769531,208950713.0
2025-03-11,14.510280043359757,14.803704239353483,14.453488845864072,14.529211044311523,212978609.0
2025-03-12,14.576536779284952,14.832099876720376,14.576536779284952,14.680655479431152,167775013.0
2025-03-13,14.765844117971568,15.314830544411139,14.765844117971568,15.078198432922363,278128377.0
2025-03-14,15.144454302553484,15.144454302553484,14.936217803143025,15.011940002441406,118039036.0
2025-03-17,14.983544628979597,15.532531033498786,14.784773627158524,15.371621131896973,278719554.0
2025-03-18,15.24857369148775,15.437878295593737,15.030871681674128,15.295899391174316,174940667.0
2025-03-19,14.434558590701407,14.614398595635928,13.771988868713379,13.771988868713379,178718612.0
2025-03-20,13.440703091400522,13.582682892923238,12.456313592098281,12.778133392333984,484576818.0
2025-03-21,12.664549860217113,12.683479958464712,11.500319480895996,11.500319480895996,277911916.0
2025-03-24,11.632833274260001,11.765347566958761,10.733631530886367,11.424596786499023,367648335.0
2025-03-25,11.718021728014701,12.333264828396771,11.67069512736689,12.134493827819824,361414395.0
2025-03-26,11.926258194233462,12.238612493839973,11.878931593724634,11.983049392700195,215515906.0
2025-03-27,12.106098628948413,12.390057339548237,11.70855661464463,11.75588321685791,224504387.0
2025-03-28,11.765347987589097,12.276473273872496,11.462458293831668,12.238612174987793,204318851.0
2025-04-02,12.1060984583037,12.276473862797994,11.935723053809404,12.096632957458496,159413699.0
2025-04-03,12.125029176296295,12.484709173199917,12.106098175048828,12.106098175048828,229066936.0
2025-04-04,12.115563431549884,12.408986723534687,12.049305831198634,12.267007827758789,224472680.0
2025-04-07,11.793744261827776,12.494175082667214,11.736952158906808,12.39952278137207,242264975.0
2025-04-08,12.579362355849701,12.579362355849701,12.181820357027197,12.229146957397461,167545567.0
2025-04-09,12.106098084261337,12.342730182001144,11.916792586605455,11.926258087158203,181390643.0
2025-04-10,12.304869674512508,12.418452978571041,12.13449426708478,12.1818208694458,194546555.0
2025-04-11,12.134493490764575,12.19128559050042,11.95465349651403,12.11556339263916,146211968.0
2025-04-14,12.219681204155526,12.2859379016962,11.973583609461876,11.992514610290527,129007408.0
2025-04-15,12.020910948579504,12.077703051880446,11.594973333201935,11.632834434509277,156449486.0
2025-04-16,11.594973132370889,11.632834233022457,11.131174423719216,11.150104522705078,149551613.0
2025-04-17,11.131174194785276,11.59497289389804,10.762027794014806,10.790423393249512,340096713.0
2025-04-18,10.809354358327207,10.970264257918053,10.392881358440373,10.638978958129883,253932287.0
2025-04-21,10.66737613311925,11.21636256542155,10.56325742523717,10.922938346862793,246545197.0
2025-04-22,10.97026374032861,11.320479122126358,10.81881934848956,11.20689582824707,193916845.0
2025-04-24,11.61390432771077,11.623368926021612,11.26368801249373,11.358341217041016,227053433.0
2025-04-25,11.386736090350416,11.59497258545173,11.216361596794615,11.320479393005371,165312236.0
2025-04-28,11.339409703725424,11.55711170329528,11.235291905562338,11.405667304992676,199557686.0
2025-04-29,11.358340288224104,11.434062484597883,11.055451502728992,11.112242698669434,166989561.0
2025-04-30,11.112243515680333,11.273153420475216,10.875611408944314,10.904007911682129,195262097.0
2025-05-02,11.102778135298694,11.509785652160645,11.064917033917107,11.509785652160645,199932701.0
2025-05-05,11.585506676676173,11.604437676781611,11.197430201312377,11.424596786499023,169903266.0
2025-05-06,11.452993783937094,11.699090477234733,11.443528283473391,11.500319480895996,151716915.0
2025-05-07,11.490854719857207,11.519250318165083,11.216361529068285,11.415132522583008,119565404.0
2025-05-08,11.452994169633376,11.576042069086109,11.41513306918334,11.519250869750977,69168426.0
2025-05-09,11.746417550304546,12.134494058159467,11.670695348902603,12.096632957458496,190289185.0
2025-05-12,12.863321092556426,13.20407099138315,12.645619091296151,13.175675392150879,239840257.0
2025-05-13,13.06209186566413,13.573217156366299,13.024230766452108,13.213536262512207,230047138.0
2025-05-14,13.194605348427519,13.336585148417115,12.976904252195213,12.995834350585938,162387538.0
2025-05-15,13.099953174781476,13.46909867234367,13.099953174781476,13.298724174499512,254557558.0
2025-05-16,13.327119588233355,13.913967078596265,13.099952992482514,13.885571479797363,309039421.0
2025-05-20,13.876106747085917,13.942363448842688,13.620544538395611,13.677335739135742,136690220.0
2025-05-21,13.630008398433255,13.923432595296163,13.50696050260151,13.76252269744873,189796728.0
2025-05-22,13.84771140512917,13.895038008415684,13.118884061484534,13.24193286895752,289787468.0
2025-05-23,13.21353608856567,13.52589037862287,13.090487292076501,13.279792785644531,238333240.0
2025-05-26,13.42177356395953,13.431238162319945,12.844390638020707,12.882251739501953,156194874.0
2025-05-27,12.863321092711649,13.147279793077258,12.730806791826412,12.778133392333984,171303812.0
2025-05-28,12.749737154901897,13.08102153651252,12.749737154901897,13.043160438537598,180867053.0
2025-05-29,13.137814274600158,13.459634074398867,13.128348773975532,13.298724174499512,179773509.0
2025-05-30,13.232466697692871,13.592147600704871,13.081022296988834,13.232466697692871,302194247.0
2025-06-02,13.298724449878655,13.790918757713479,13.251397848455348,13.686800956726074,199170348.0
2025-06-03,13.847710037592591,14.595467407098804,13.75305684036708,14.538675308227539,344199569.0
2025-06-04,14.472418544873545,14.652258535554894,14.462953044658795,14.633328437805176,131214605.0
2025-06-05,14.548140741231984,14.661724035769645,14.510279643052765,14.633328437805176,37051859.0
2025-06-10,14.813169385688498,15.106593592547867,14.53867618048192,15.030871391296387,176213666.0
2025-06-11,15.002475699327356,15.343224700185742,14.888891495468112,15.248573303222656,244935850.0
2025-06-12,15.049801510818176,15.191780412688598,14.869961508270318,14.907822608947754,191397478.0
2025-06-13,14.169530391622416,14.481884691206814,14.027550590105985,14.368301391601562,245675134.0
2025-06-16,14.465515104778298,14.902980090531544,14.261364654478843,14.815486907958984,214077426.0
2025-06-17,14.873815929859402,14.951587441282468,14.640501395590203,14.689107894897461,178916908.0
2025-06-18,14.6210579388152,14.747436875657902,13.87250691549709,13.969720840454102,272810960.0
2025-06-19,14.144707938115682,14.64050204061331,13.785014450159437,13.940557479858398,305367126.0
2025-06-20,14.251643159083033,14.727993906606484,14.14470756079498,14.718273162841797,197524064.0
2025-06-23,14.562729519911285,14.94186634808464,14.53356543377782,14.757159233093262,145205294.0
2025-06-24,15.55431750750592,16.098718101087268,15.457102652240179,16.030668258666992,229672446.0
2025-06-25,16.04039076861392,16.419526684340095,15.982062594091259,16.370920181274414,202783880.0
2025-06-26,16.370920219975712,16.526463255216683,15.875126099812904,16.137605667114258,182377360.0
2025-06-27,16.08899648855496,16.44869089807844,15.612645735664346,16.273704528808594,235679635.0
2025-06-30,16.497297753281195,17.537494320268806,16.370919736214596,17.498607635498047,326637404.0
2025-07-01,17.401391608953038,17.663871150867575,17.245848588756065,17.352785110473633,193368000.0
2025-07-02,17.3722300692414,17.809694158949547,17.129193845774907,17.556936264038086,318397324.0
2025-07-03,17.838857720680906,18.0430072417438,17.2847354729741,17.381948471069336,242019243.0
2025-07-04,17.391671223980605,17.40139289523891,17.002813644744382,17.275014877319336,150935495.0
2025-07-07,16.91532004167307,17.411114138339347,16.91532004167307,17.22640609741211,181443409.0
2025-07-08,17.36250740895664,17.60554361858159,17.177799370460317,17.430557250976562,262133966.0
2025-07-09,17.537493836612292,17.702756679672774,17.35278579748351,17.673593521118164,245653019.0
2025-07-10,17.83885891504293,18.509639401281387,17.790250558521763,18.470752716064453,236692099.0
2025-07-11,18.723509859597108,18.791559701789975,18.324930623136755,18.616573333740234,160329610.0
2025-07-14,18.61657397327567,18.61657397327567,17.965236833281313,17.98468017578125,146134793.0
2025-07-16,18.043007948160472,18.451308860491068,17.780530247120137,18.169387817382812,244883558.0
2025-07-17,18.47075206279358,18.69434493222533,18.09161616643373,18.62629508972168,229316224.0
2025-07-18,18.645739023196718,18.995711771997737,18.606852338121403,18.937381744384766,155039935.0
2025-07-21,18.99571109445248,19.812311055496103,18.98598942353041,19.792869567871094,219703919.0
2025-07-22,19.79286905600638,21.09554325836942,19.433174658068314,19.734539031982422,523534642.0
2025-07-23,19.753983641380277,19.831755157518813,19.00543163965986,19.180418014526367,256001967.0
2025-07-24,19.30679648296098,19.75398220467908,19.14153179140884,19.238746643066406,365660954.0
2025-07-25,19.28735420158572,19.48178391558436,18.88877495668577,18.898496627807617,160921893.0
2025-07-28,19.00543078808574,19.04431747152222,18.75267476262511,18.840166091918945,139604537.0
2025-07-29,18.8498879653195,19.559555111907628,18.801281464720745,19.335960388183594,255676339.0
2025-07-30,19.37484773198231,19.50122575037523,19.073483338722884,19.180418014526367,189433901.0
2025-07-31,19.229025430092417,19.433174954634502,19.151253917759366,19.297075271606445,134852650.0
2025-08-01,19.34568183318573,19.598439712629094,19.238747162273665,19.540111541748047,189435593.0
2025-08-04,19.71509868957153,20.006741409748535,19.345682599513516,19.404010772705078,153420381.0
2025-08-05,19.442897425949464,19.559555626361604,18.966546661520006,19.394290924072266,187706099.0
2025-08-06,19.50122479614853,19.598439650119623,19.26791025914938,19.297075271606445,97554110.0
2025-08-07,19.365125113120474,19.617882991757664,19.26791025914938,19.297075271606445,176103561.0
2025-08-08,19.32623842984439,19.41373161299646,19.112367234483283,19.297075271606445,144301823.0
2025-08-11,19.52066859954088,19.676211627886293,19.31651907016971,19.355403900146484,123933489.0
2025-08-12,19.374847098721098,19.442896941340727,19.09292420304647,19.102645874023438,95462257.0
2025-08-13,19.131810035859115,19.40400939422861,18.98598868612988,19.22902488708496,190152173.0
2025-08-14,19.229026003348128,19.287354175782017,18.42214584350586,18.42214584350586,151809061.0
2025-08-15,18.383258794413624,18.811003043621977,18.101337754726142,18.616573333740234,151385913.0
2025-08-18,18.70406631443008,18.811002839124427,18.198550557608403,18.58740997314453,139203861.0
2025-08-19,19.345682001586834,19.773426251615906,19.102645790877904,19.559555053710938,296269153.0
2025-08-20,19.578996541361107,19.9678559618707,19.44289685671423,19.559555053710938,144202516.0
2025-08-21,19.734539046218508,20.60947086501819,19.734539046218508,20.201169967651367,189643268.0
2025-08-22,20.2206121958506,21.367743418789853,20.2206121958506,20.7650146484375,216970058.0
2025-08-25,21.076099718391006,21.114984546488078,20.590027314753645,20.64835548400879,100263742.0
2025-08-26,20.59002767582948,20.881670381438642,20.41504131077634,20.453927993774414,98184982.0
2025-08-27,20.959442827065327,21.076101027038167,20.512257077977665,20.570585250854492,202895020.0
2025-08-28,20.628912819211404,20.959442212859408,19.9289692025434,20.259498596191406,176434281.0
2025-08-29,20.278942766780283,20.376155771292886,19.948413359623654,20.12339973449707,92789139.0
2025-09-01,20.18172784087809,20.648356936174654,19.792870261464284,20.590028762817383,137066247.0
2025-09-02,20.706685178449515,20.823343379771526,19.15125485561739,20.12339973449707,194201852.0
2025-09-03,19.987296826775015,19.987296826775015,18.431864755856775,18.54852294921875,290330723.0
2025-09-04,18.616572771238655,18.985988838008197,18.344373410691706,18.781837463378906,263380090.0
2025-09-05,18.976268683728193,19.374847939994826,18.665182615834162,18.9665470123291,288628771.0
2025-09-08,18.49991727288153,18.77211664579774,18.217994374682124,18.412424087524414,148228321.0
2025-09-09,18.480474450834492,19.326239460796064,18.41242460569037,19.190139770507812,238950631.0
2025-09-10,19.46233936988574,19.948411770606846,19.2970746794718,19.92896842956543,161974573.0
2025-09-11,19.94841316073677,20.065069506676505,18.665182230084554,18.68462371826172,265498787.0
2025-09-12,18.704065782432263,18.90821715520399,18.354093060091632,18.762393951416016,153513221.0
2025-09-15,18.66518241617755,20.181727908048472,18.606852388406942,20.12339973449707,252402862.0
2025-09-16,20.084511911329088,20.259498276287783,19.773425864388784,19.98729705810547,168301276.0
2025-09-17,20.045627942247677,20.06506943035089,19.617883682250977,19.617883682250977,126425160.0
2025-09-18,19.773426040112955,20.162283602244067,18.93738089086673,19.06376075744629,187950360.0
2025-09-19,19.15125362549552,19.734539031982422,18.98598893253248,19.734539031982422,195846613.0
2025-09-22,20.181726611737343,20.220611440200898,19.676210862177548,19.734539031982422,126163888.0
2025-09-23,19.394291245660384,19.540112607929114,19.03459682145957,19.199861526489258,137405898.0
2025-09-24,19.229025022046436,19.96785530064175,19.102645158300106,19.715097427368164,336696953.0
2025-09-25,19.8900826535736,19.928969337427915,19.20958237409535,19.335960388183594,142857604.0
2025-09-26,19.30679772882998,19.30679772882998,18.344374529174903,18.451309204101562,200938009.0
2025-09-29,18.529079488974894,19.258188093702973,18.46102964920866,19.005430221557617,240789963.0
2025-09-30,19.3845686256834,19.559554993530494,18.94710270606566,19.316518783569336,254836245.0
2025-10-01,19.355404063708676,20.278942424755655,19.267910877747628,20.08451271057129,252938037.0
2025-10-02,20.02618487576526,20.220612739009674,19.734540299569833,20.12339973449707,145781056.0
2025-10-03,20.18172812392718,20.18172812392718,18.879053823956504,18.9665470123291,216117662.0
2025-10-06,19.05403972041111,19.083202879654053,18.499917444165092,18.674901962280273,179614138.0
2025-10-07,18.684622928426837,19.063760672252066,18.5290799042695,19.054039001464844,154252217.0
2025-10-08,18.96654644159475,19.61788357198029,18.82072508343483,19.131811141967773,198437764.0
2025-10-09,19.355404597196642,19.481784471165607,18.801282306982994,18.9665470123291,148124343.0
2025-10-10,19.06376048182699,19.462339709026203,19.005430457686305,19.26791000366211,185463616.0
2025-10-13,18.95682354942337,19.102644898190505,18.480472821200554,18.5096378326416,160834764.0
2025-10-14,18.51935948645909,18.606852675244568,17.304178369126625,17.556936264038086,226255680.0
2025-10-15,17.69303673044237,18.13050079345703,17.38194882584328,18.13050079345703,236010144.0
2025-10-16,17.936073673750602,18.354094412184093,17.712478943439702,17.98468017578125,211855191.0
2025-10-17,17.858301365079534,18.27632208495333,17.343063937022368,17.88746452331543,208536708.0
2025-10-20,17.936073691596725,18.60685232053924,17.595822614386048,18.461030960083008,230226028.0
2025-10-21,18.441586240676788,18.956823653653938,18.101337043089018,18.762393951416016,199914815.0
2025-10-22,18.830445987473396,19.151253704044624,18.62629461099038,18.801280975341797,170490859.0
2025-10-23,18.859609433637186,19.112367313316938,18.548523383021838,18.840166091918945,294235191.0
2025-10-24,19.054039124561374,20.142840300696815,19.054039124561374,19.540111541748047,298506918.0
2025-10-27,19.50122407198631,19.83175345068261,18.95682350587084,19.20958137512207,160418011.0
2025-10-28,19.15125329181365,19.520667499766805,19.10264493930728,19.219303131103516,59038945.0
2025-10-30,19.248467541583747,19.501225428415832,19.131811196411505,19.374847412109375,151629099.0
2025-10-31,19.36512607662342,19.812311831233195,19.14153319931853,19.656768798828125,152271418.0
2025-11-03,19.75398205326862,20.667798685094986,19.676210543382485,20.162282943725586,202310085.0
2025-11-04,20.10395640765711,20.45392915767812,19.540112451633924,19.656768798828125,136878633.0
2025-11-05,19.676211225210196,19.94841244635362,19.180417137173496,19.540111541748047,179783252.0
2025-11-06,19.715097694142255,20.006740399594012,19.374846634969135,19.98729705810547,147159027.0
2025-11-07,19.94841311680909,19.967856459162626,19.16097443946352,19.38456916809082,192064625.0
2025-11-10,18.85960883550861,18.94710201624674,18.286043252544903,18.295764923095703,247064601.0
2025-11-11,18.295765295500765,18.373536807271112,17.129192618945563,17.401391983032227,283043134.0
2025-11-12,17.576378411905015,17.71247809444264,17.25557069290982,17.644428253173828,185366337.0
2025-11-13,17.69303660709377,18.004122655304975,17.576378411905015,17.644428253173828,150680614.0
2025-11-14,17.57637808934693,18.111056993120233,17.4305567387014,18.072172164916992,160706919.0
2025-11-17,18.21799451241695,19.151254545208914,18.120779655260826,18.66518211364746,291156789.0
2025-11-18,18.577687875585298,18.95682375738285,18.31520833239357,18.538801193237305,277718980.0
2025-11-19,18.636017565956063,19.35540456013847,18.636017565956063,19.199861526489258,247108702.0
2025-11-20,19.297075897254825,19.394290754377806,18.947103153299754,19.374847412109375,150407660.0
2025-11-21,19.229025658809263,19.63732656696903,19.122089132747213,19.559555053710938,184891429.0
2025-11-24,19.55955454190389,19.773425734212573,19.30679666687412,19.501224517822266,129595104.0
2025-11-25,19.63732685459627,19.83175471347971,19.46234048364776,19.598440170288086,121637267.0
2025-11-26,19.63732618240718,20.123398594306178,19.578996157941546,19.98729705810547,111254847.0
2025-11-27,20.162283097239456,20.551140649630856,19.98729673510856,20.415040969848633,161569966.0
2025-11-28,20.434485278024322,20.803899506722814,20.084512537201107,20.531700134277344,141855985.0
2025-12-01,20.551142177675466,21.173316161981443,20.53170068927466,21.076101303100586,123518013.0
2025-12-02,21.095543822067977,21.270528336158396,20.842785940534082,21.212200164794922,97396087.0
2025-12-03,21.348299559935693,21.445514413702835,20.88167048691635,21.173315048217773,213335198.0
2025-12-04,21.173315563757026,21.387186763876898,20.123399196790018,20.298383712768555,144542402.0
2025-12-05,20.415042422110453,20.628913627585078,20.006741499499476,20.356714248657227,119022672.0
2025-12-08,20.628912160109135,20.784455181065695,20.259497948892076,20.415040969848633,144377260.0
2025-12-09,20.47336944869633,20.570584301818773,20.084511890425667,20.220611572265625,109904755.0
2025-12-10,20.317826446534315,20.590027664716633,19.75398252290024,19.98729705810547,162933234.0
2025-12-11,20.103956083549317,20.3761554587603,19.695655166513664,19.851198196411133,189370416.0
2025-12-12,19.98729720566867,20.278941767492697,19.520668131813164,20.240055084228516,183299624.0
2025-12-15,20.37615522683207,20.687243137305277,20.162284026712197,20.298383712768555,159370578.0
2025-12-16,20.298383770148398,20.317827112274028,19.792869854416143,19.831754684448242,108988418.0
2025-12-17,19.831754684448242,19.94841288298286,19.695654998007154,19.831754684448242,94341976.0
2025-12-18,19.928968770742646,20.142839963202476,19.831753918090328,19.96785545349121,101094549.0
2025-12-19,19.98729661438249,20.162282975456446,19.695653915405273,19.695653915405273,128277582.0
2025-12-22,19.734540027746963,19.89008305788773,19.462340652110207,19.617883682250977,128629658.0
2025-12-23,19.559555794239362,20.00674154884914,19.481784278036827,19.656768798828125,144517545.0
2025-12-24,19.715098340132784,20.00674105514059,19.617883483723794,19.831754684448242,134568606.0
2025-12-25,19.98729705810547,20.162283423064164,19.948412229347483,19.98729705810547,67346314.0
2025-12-26,19.987296567739033,20.45392748092031,19.773425379269447,20.395597457885742,128233765.0
2025-12-29,20.434485340722446,20.453928682876537,19.57899682813399,19.598440170288086,121447999.0
2025-12-30,19.637327479464663,19.753983827662946,19.46234110294801,19.676212310791016,89627767.0
2025-12-31,19.734540165387216,20.10395625521245,19.715098677148408,19.870641708374023,95372556.0
2026-01-02,19.94841345723242,20.609472274780273,19.94841345723242,20.609472274780273,155662189.0
2026-01-05,20.706685279768546,20.823343481661375,20.31782769715781,20.609472274780273,166487357.0
2026-01-06,20.66780037917634,21.134429476741417,20.609472205535507,21.076101303100586,168405210.0
2026-01-07,21.173315560768096,21.173315560768096,20.628913108181198,20.7650146484375,103640126.0
2026-01-08,20.70668399519461,20.78445550689207,19.967855561178286,20.68724250793457,171191718.0
2026-01-09,20.80389947835419,21.056657362579717,20.59002827826451,20.7650146484375,125604788.0
2026-01-12,20.862226997715666,21.17331489841335,20.72612731593606,20.920557022094727,147000508.0
2026-01-13,20.940000534057617,21.114985045962303,20.667799314062922,20.940000534057617,136857223.0
2026-01-14,20.998329369141732,21.095544226088794,20.259499052250874,20.317827224731445,193260585.0
2026-01-15,20.18172720065652,20.86222747948848,19.948412660409634,20.74557113647461,219230083.0
2026-01-16,20.78445656469522,22.281560558838745,20.628913533384097,22.242673873901367,382153865.0
2026-01-19,22.43710218274677,22.65097337382935,22.10657279838882,22.301002502441406,187087904.0
2026-01-20,22.37877434536252,22.55376071076316,21.756600395691443,21.873258590698242,176714215.0
2026-01-21,22.164901733398438,23.0787184072544,21.42607328260841,22.164901733398438,467285457.0
2026-01-22,22.359330500659876,22.748188051566668,22.009357777734227,22.281558990478516,358488945.0
2026-01-23,22.417658637449403,22.903731038937494,22.417658637449403,22.748188018798828,188844670.0
2026-01-26,22.514874254682027,23.078718185424805,22.3204445457835,23.078718185424805,188272803.0
2026-01-27,23.137046380699527,23.234261235250862,22.631532474627015,22.84540367126465,166679352.0
2026-01-28,22.845403456790912,23.60367709010966,22.825960115219353,23.29258918762207,188286239.0
2026-01-29,23.448134974537442,24.109191925612862,23.234261917401437,23.875877380371094,205839752.0
2026-01-30,23.97309200487507,25.02300837537255,23.642562605438904,24.78969383239746,251561168.0
2026-02-02,24.284178289086856,24.789694064032677,23.70089099908931,24.34250831604004,183015383.0
2026-02-03,24.536935612419374,25.35353742879722,24.0703065328375,25.217437744140625,192976342.0
2026-02-04,25.314653149369384,25.37298132202982,24.575822830200195,24.575822830200195,112267626.0
2026-02-05,24.459164436166734,24.673035637033806,23.312033209057844,23.370363235473633,174796478.0
2026-02-06,23.37036292100788,23.467575921954463,22.767632302355736,23.098161697387695,117986853.0
2026-02-09,23.46757629025571,24.361949634222213,23.292589919055,24.32306480407715,133726287.0
2026-02-10,24.148078849181463,24.264735195846942,23.29259032061168,23.428691864013672,144748455.0
2026-02-11,23.214818438914957,23.89532058254316,23.02039057946345,23.623119354248047,154110861.0
2026-02-12,23.72033434140704,25.178551639291314,23.70089099908931,24.34250831604004,279041182.0
2026-02-13,24.42027834477662,25.023007086188247,24.42027834477662,24.867464065551758,188023689.0
2026-02-16,25.761839148402558,26.36456978584427,25.100780337730743,25.314653396606445,242683344.0
2026-02-17,25.159107976562712,25.995153143385814,24.731365576335264,25.48963737487793,282076237.0
2026-02-18,25.62573847934998,26.07292421404255,25.06189454843984,25.197994232177734,232443258.0
2026-02-19,25.314651974194323,25.43130831409969,24.186962278388172,24.439720153808594,144557096.0
2026-02-20,24.43971986349668,24.809135928653387,23.31203203530508,23.700889587402344,238878373.0
2026-02-23,24.031419444615157,24.381392175520624,23.895319762249304,24.225849151611328,166136883.0
2026-02-24,24.225850434530194,24.420280151822702,23.89532102766445,24.14807891845703,105324968.0
2026-02-25,24.26473533525363,24.26473533525363,23.37036382494924,23.68144989013672,110360410.0
2026-02-26,23.73977743599931,23.798105608124654,23.059275295733375,23.60367774963379,124368096.0
2026-02-27,23.642561821322058,23.91476303954156,22.767631850628156,23.039833068847656,147668424.0
2026-03-02,21.678829220981118,22.456546206612824,21.445514681557345,21.912145614624023,97980469.0
2026-03-03,21.83437144604231,22.184344169445144,20.97888483288092,21.1149845123291,103211101.0
2026-03-04,21.095544018588495,21.38718673234186,20.70668459462514,20.998329162597656,91189858.0
2026-03-05,21.192757191695758,21.659388133380492,20.959442647962973,21.017772674560547,61260588.0
2026-03-06,20.88167163733535,21.13442952936728,20.25949950569934,20.376155853271484,74912245.0
2026-03-09,19.355402980695153,20.415040969848633,18.840165564889634,20.415040969848633,160026553.0
2026-03-10,21.28997187635102,21.28997187635102,20.667799764760296,20.998329162597656,101764703.0
2026-03-11,20.765014040882615,20.90111372293768,20.31782645750025,20.453927993774414,81201320.0
2026-03-12,20.18172630044669,20.70668352903158,19.92896842956543,19.92896842956543,137625732.0
2026-03-13,19.773427207511123,20.02618510137363,19.44289779663086,19.44289779663086,76267072.0
2026-03-16,19.3942906403276,19.773426541236596,19.28735411269925,19.598440170288086,80618603.0
2026-03-17,19.69565558227121,20.27894288380898,19.617884065680787,20.142841339111328,79428816.0
2026-03-18,20.240055130838286,20.415041497491845,19.71509788509672,19.773426055908203,61677870.0
2026-03-19,19.695655026839386,19.812311371325617,19.57899682813399,19.598440170288086,24425601.0
2026-03-23,19.01515302004785,19.87064153870311,18.470752415406707,19.851198196411133,141369501.0
2026-03-24,19.59844040348067,19.89008312238553,19.112367969159784,19.151254653930664,64700541.0
2026-03-25,19.442897113031446,19.9095261987316,19.306797426590357,19.831754684448242,110540159.0
2026-03-26,19.637325986039606,19.79286900795437,19.258188247680664,19.258188247680664,79947997.0
2026-03-27,19.44289782372219,19.462341166558527,18.577689463916705,18.733232498168945,103986018.0
2026-03-30,18.655460187712627,18.8887747291692,18.334652461432444,18.636016845703125,86318299.0
2026-03-31,18.704066975742393,19.034596378103032,18.412424257997912,18.674901962280273,103237749.0
2026-04-01,19.248467859370187,19.355404389392877,19.04431832483873,19.180418014526367,74391014.0
2026-04-02,18.77211611129273,19.151253855117957,18.636016428709834,19.054039001464844,82406805.0
2026-04-03,19.054040200701703,19.481784471165607,18.90821883815378,18.9665470123291,107346272.0
2026-04-06,18.976267718779887,19.423453455083237,18.976267718779887,19.316518783569336,102114348.0
2026-04-07,19.229026615180167,19.34568296375973,18.587411135334875,18.733232498168945,79342944.0
2026-04-08,19.676211513163313,20.337270306886563,19.559555169694,20.04562759399414,164070757.0
2026-04-09,19.96785574097904,20.084512082466116,19.773426032875097,20.00674057006836,66312008.0
2026-04-10,20.24005506956243,20.97888536307451,20.103955386674638,20.940000534057617,135977737.0
2026-04-13,20.395597628674295,20.59002733197953,20.181726438413794,20.415040969848633,80015171.0
2026-04-14,20.70668493897349,20.920557996553836,20.317827362762657,20.570585250854492,101034538.0
2026-04-15,20.706685279768546,20.823343481661375,20.609472274780273,20.609472274780273,60907382.0
2026-04-16,20.78445677821242,21.192757703153354,20.35671436482227,20.376155853271484,90746871.0
2026-04-17,20.395598620403653,21.717716217041016,20.240055591883866,21.717716217041016,157130981.0
2026-04-20,21.192756822934054,21.698272586001842,20.99832896698277,21.212200164794922,121394903.0
2026-04-21,21.328858239201896,21.406629751979423,20.667799453483354,20.72612762451172,83370578.0
2026-04-22,20.862227969457823,21.01777285416134,20.41504222037016,20.570585250854492,65243485.0
2026-04-24,20.41504238852637,20.803899967940175,20.25949935676085,20.590028762817383,67073159.0
2026-04-27,20.60947067315387,20.920556715066986,20.356712800544692,20.415040969848633,80713840.0
2026-04-28,20.317827597741484,20.41504245647329,20.02618487576526,20.12339973449707,63770591.0
2026-04-29,20.181727630066057,20.415042175277208,19.50122548253581,19.617883682250977,103039751.0
2026-04-30,19.42345329997564,20.00674057006836,19.219303775263704,20.00674057006836,107389060.0
2026-05-04,20.045626581521294,20.162282919098477,18.99571027223137,19.219303131103516,150138716.0
2026-05-05,19.24846634219194,19.851196935422333,19.24846634219194,19.695653915405273,113208633.0
2026-05-06,20.16228291343024,20.88166984235081,20.006739893891684,20.6289119720459,152788722.0
2026-05-07,20.72612684524663,21.38718560611055,20.609470507575967,21.095542907714844,117164002.0
2026-05-08,20.978885151647443,21.542729073353257,20.745570617240116,21.38718605041504,104281791.0
2026-05-11,21.387186030386363,22.009358121556584,21.289971177586242,21.620500564575195,120038123.0
2026-05-12,21.114985567042112,21.114985567042112,20.0650691986084,20.0650691986084,157498954.0
2026-05-13,20.22061116089164,20.317826012036313,19.462339401245117,19.462339401245117,95261375.0
2026-05-14,19.59843985786791,20.06506893681259,19.59843985786791,19.792869567871094,101866603.0
2026-05-15,19.423453155164335,19.87064073878176,19.404009813655076,19.753982543945312,81796250.0
2026-05-18,19.57899639484468,19.65676790752078,19.297075356725987,19.30679702758789,83958086.0
2026-05-20,19.073482321208232,19.481783222708685,19.063760650432137,19.287353515625,90573844.0
2026-05-21,19.190138836782307,19.433175045739862,17.897186279296875,17.897186279296875,135433112.0
2026-05-22,17.527771430921025,18.995710303052228,17.527771430921025,18.752674102783203,196670431.0
2026-05-25,18.849887454636367,19.41373137571423,18.781837613954067,19.034595489501953,115497698.0
2026-05-26,19.034595530481212,19.12208871275227,18.56796646118164,18.56796646118164,39150674.0
2026-05-27,18.56796646118164,18.56796646118164,18.56796646118164,18.56796646118164,0.0
2026-05-28,18.56796646118164,18.56796646118164,18.56796646118164,18.56796646118164,0.0
2026-05-29,18.56796646118164,18.56796646118164,18.56796646118164,18.56796646118164,0.0
2026-06-01,18.694345304588353,19.180417736975272,18.577688959178232,18.674901962280273,96848838.0
2026-06-02,18.8596102453998,19.501225715965397,18.8596102453998,19.413732528686523,87417480.0
2026-06-03,19.297074844719013,19.676210727178045,19.141531823493818,19.24846649169922,87104046.0
2026-06-04,19.355403314101032,19.753982543945312,19.122088778647242,19.753982543945312,112887718.0
2026-06-05,19.812311708035004,19.831755050519536,18.694345474243164,18.694345474243164,150443949.0
2026-06-08,18.324930928826248,19.024874558482274,18.295765915591726,18.888774871826172,106979631.0
2026-06-09,18.898496658290657,19.034596345777725,18.66518211364746,18.66518211364746,75270394.0
2026-06-10,18.616572875039896,18.93738059048688,18.558244705200195,18.558244705200195,86055728.0
2026-06-11,18.63601676068208,18.830446471451772,18.208272509520235,18.62629508972168,117611094.0
2026-06-12,18.95682465823397,19.695654969984258,18.849888130914312,19.355403900146484,208541364.0
2026-06-15,20.298383595893867,20.453928477344448,19.987297541430994,20.278942108154297,117603328.0
2026-06-16,20.434484109895138,20.978884677884793,20.41504076891217,20.862226486206055,122316768.0
2026-06-17,20.95944247851366,21.36774339029986,20.765014620751135,20.998329162597656,136032131.0
2026-06-18,21.13442876755259,21.75660087676169,21.114985425585015,21.698272705078125,115687551.0
2026-06-19,21.367742249664126,21.639943461064217,21.076099551478997,21.328857421875,69526519.0
2026-06-22,21.38718605041504,21.542729073353257,21.23164302747682,21.38718605041504,68329356.0
2026-06-23,21.1927565582152,21.348299582720994,20.803898996950714,20.940000534057617,74529168.0
2026-06-24,21.0,21.100000381469727,20.6200008392334,20.860000610351562,76463396.0
2026-06-25,21.100000381469727,21.6200008392334,20.719999313354492,20.799999237060547,99793437.0
2026-06-26,20.81999969482422,21.0,20.6200008392334,20.959999084472656,54578731.0
2026-06-29,20.940000534057617,20.959999084472656,20.540000915527344,20.799999237060547,74272221.0
2026-06-30,20.81999969482422,21.040000915527344,20.559999465942383,20.68000030517578,77212903.0
2026-07-01,20.65999984741211,21.479999542236328,20.479999542236328,21.31999969482422,106560070.0
2026-07-02,21.600000381469727,22.0,21.440000534057617,22.0,118172236.0
2026-07-03,22.020000457763672,22.040000915527344,20.700000762939453,20.799999237060547,157544462.0
2026-07-06,20.81999969482422,21.040000915527344,20.459999084472656,20.5,110603353.0
2026-07-07,20.399999618530273,21.15999984741211,20.34000015258789,20.940000534057617,110008624.0
2026-07-08,20.719999313354492,20.84000015258789,20.299999237060547,20.399999618530273,123200325.0
2026-07-09,20.579999923706055,20.84000015258789,20.139999389648438,20.360000610351562,93921781.0
2026-07-10,20.31999969482422,20.719999313354492,20.280000686645508,20.479999542236328,99462473.0
2026-07-13,20.200000762939453,20.8799991607666,20.059999465942383,20.84000015258789,96925522.0
2026-07-14,20.739999771118164,21.31999969482422,20.6200008392334,21.020000457763672,96037056.0
2026-07-16,21.020000457763672,21.34000015258789,20.719999313354492,20.760000228881836,116501949.0
2026-07-17,20.760000228881836,20.780000686645508,20.280000686645508,20.3799991607666,147605052.0
2026-07-20,20.399999618530273,20.8799991607666,20.200000762939453,20.200000762939453,141384033.0
2026-07-21,20.299999237060547,20.479999542236328,19.719999313354492,19.799999237060547,138705501.0
2026-07-22,19.959999084472656,20.040000915527344,19.540000915527344,19.6299991607666,176193002.0
2026-07-23,19.649999618530273,19.719999313354492,19.09000015258789,19.170000076293945,298989867.0
2026-07-24,19.200000762939453,19.34000015258789,18.520000457763672,18.6200008392334,179513470.0
2026-07-27,18.84000015258789,19.3799991607666,18.84000015258789,18.90999984741211,156543113.0
2026-07-28,18.90999984741211,19.040000915527344,18.149999618530273,18.200000762939453,158982857.0
2026-07-29,18.260000228881836,18.290000915527344,17.920000076293945,17.989999771118164,118784773.0
2026-07-30,17.989999771118164,18.139999389648438,17.649999618530273,17.729999542236328,108956803.0
2026-07-31,17.8799991607666,17.979999542236328,17.559999465942383,17.90999984741211,95983304.0
2026-08-03,18.100000381469727,18.520000457763672,17.93000030517578,18.190000534057617,146936073.0
2026-08-04,18.1299991607666,18.549999237060547,17.889999389648438,18.5,156908977.0
2026-08-05,18.479999542236328,18.510000228881836,18.100000381469727,18.280000686645508,94529503.0
2026-08-06,18.299999237060547,18.479999542236328,18.1200008392334,18.190000534057617,98668672.0
2026-08-07,18.18000030517578,18.270000457763672,17.690000534057617,17.940000534057617,147138889.0
2026-08-10,18.0,18.079999923706055,17.799999237060547,17.81999969482422,75603859.0
2026-08-11,17.81999969482422,18.25,17.469999313354492,17.950000762939453,127248922.0
2026-08-12,17.899999618530273,18.610000610351562,17.84000015258789,18.510000228881836,158784331.0
2026-08-13,18.450000762939453,18.81999969482422,18.309999465942383,18.399999618530273,138645257.0
2026-08-14,18.3700008392334,18.56999969482422,18.219999313354492,18.299999237060547,144760487.0
2026-08-17,18.0,18.860000610351562,18.0,18.610000610351562,143366863.0
2026-08-18,18.5,18.780000686645508,18.360000610351562,18.700000762939453,103651351.0
2026-08-19,18.6299991607666,19.479999542236328,18.6200008392334,19.40999984741211,149163407.0
2026-08-20,19.40999984741211,19.6200008392334,19.149999618530273,19.299999237060547,100333167.0
2026-08-21,19.299999237060547,19.700000762939453,19.299999237060547,19.450000762939453,94305890.0
2026-08-24,20.299999237060547,20.799999237060547,20.139999389648438,20.719999313354492,161429043.0
2026-08-25,20.579999923706055,20.65999984741211,19.84000015258789,20.040000915527344,202074088.0
2026-08-26,20.15999984741211,21.079999923706055,20.15999984741211,20.600000381469727,186246457.0
