Date,open,high,low,close,volume
2018-01-01,3.2788548469543457,3.2788548469543457,3.2788548469543457,3.2788548469543457,0.0 
2018-01-02,3.2842919838754896,3.2842919838754896,3.2244789600372314,3.2244789600372314,3847614.0
2018-01-03,3.2353539937903513,3.25710439949269,3.2244789600372314,3.2244789600372314,1887214.0
2018-01-04,3.2353534639483335,3.257103866088688,3.202728029835823,3.2081658840179443,1940759.0
2018-01-05,3.219041104964573,3.2625422545653486,3.2136042644802103,3.2244789600372314,2813913.0
2018-01-08,3.2353537046327068,3.251666253804463,3.2353537046327068,3.2407915592193604,1303419.0
2018-01-09,3.24079184886301,3.251666544420031,3.219041104964573,3.2244789600372314,1416303.0
2018-01-10,3.229916292048683,3.235353469848633,3.1972908578766734,3.235353469848633,1842021.0
2018-01-11,3.2407916057330595,3.246229460397761,3.1918532811232625,3.197291135787964,980980.0
2018-01-12,3.1972918118401665,3.2081668470768965,3.1483538150787354,3.1483538150787354,2056366.0
2018-01-15,3.142915054674219,3.1592276028342563,3.0613512992858887,3.0613512992858887,1066480.0
2018-01-16,3.0450390299882604,3.104852726640901,3.039601851633029,3.0885398387908936,1141630.0
2018-01-17,3.2081668470768965,3.316917875836489,3.1429159592642253,3.1483538150787354,7873243.0
2018-01-18,3.175540681444218,3.1809785360228306,3.115727663040161,3.115727663040161,3618550.0
2018-01-19,3.110290101788028,3.1266026524740718,3.0722274835205923,3.093977212905884,4007118.0
2018-01-22,3.0885395493152084,3.0994145813985567,3.0613512927147433,3.0722270011901855,3645686.0
2018-01-23,3.088539788805604,3.1266024040487608,3.088539788805604,3.1048526763916016,3551856.0
2018-01-24,3.1266024112701416,3.1537906700416243,3.1211652329903488,3.1266024112701416,3736180.0
2018-01-25,3.1374781171202843,3.142915295394023,3.099414825439453,3.099414825439453,1892218.0
2018-01-26,3.099415484916222,3.1809792639063197,3.099415484916222,3.142915964126587,4614395.0
2018-01-29,3.164665469363358,3.1972909040060755,3.159227615092864,3.186415195465088,1951385.0
2018-01-30,3.1864161199957453,3.219041564104654,3.077665090560913,3.077665090560913,7083960.0
2018-01-31,3.0885395493152084,3.1211649837613007,3.0504765988274416,3.0722270011901855,6641671.0
2018-02-01,3.0885397924998292,3.1102898583790775,3.0831022760300173,3.099414825439453,2939231.0
2018-02-02,3.1048524423007984,3.1102896201580963,3.050476605375245,3.0613512992858887,2953692.0
2018-02-05,3.0504767931063865,3.0722271968543713,3.045038938522339,3.045038938522339,2583633.0
2018-02-06,2.979788303375244,3.0613517320989416,2.936287830602345,2.979788303375244,5443432.0
2018-02-07,3.006976563877937,3.0341641479884394,2.979788303375244,2.979788303375244,3682475.0
2018-02-08,2.9906632459769305,3.0994145813985567,2.9852257299352565,3.0722270011901855,5634037.0
2018-02-09,3.0504770342753336,3.061351729714971,2.9961008515083876,3.012413740158081,2852891.0
2018-02-12,3.0287267650906498,3.0559150298314717,3.0178520679473877,3.0178520679473877,2357540.0
2018-02-13,3.0069766072784225,3.03416419178133,2.974351167678833,2.974351167678833,1820268.0
2018-02-14,2.9906637183805773,3.0015387521817405,2.963475457485469,2.974351167678833,1255848.0
2018-02-15,2.9961004280113466,3.0341637167483757,2.985225734108841,3.0287258625030518,1292649.0
2018-02-16,3.0341637125063716,3.077664179035813,3.0341637125063716,3.0722270011901855,1848219.0
2018-02-19,3.0831020375839575,3.0831020375839575,3.0178511686005467,3.0287258625030518,1555036.0
2018-02-20,3.0450392269295175,3.061351777638478,3.0015387535095215,3.0015387535095215,1282358.0
2018-02-21,3.0341637167483757,3.039601570993699,3.0178511686005467,3.0287258625030518,1231585.0
2018-02-22,3.023288684649823,3.0450387488469284,3.0178511686005467,3.0287258625030518,948597.0
2018-02-23,3.0341641456256405,3.0396020006396016,3.012413740158081,3.012413740158081,1671099.0
2018-02-26,3.012413356360394,3.034163759056835,3.012413356360394,3.0232887268066406,795241.0
2018-02-27,3.0287265731896285,3.0450394633613023,3.0287265731896285,3.0341644287109375,900407.0
2018-02-28,3.0287261443290823,3.034163999080404,2.98522601188714,2.990663528442383,1576593.0
2018-03-01,2.9906639149652907,3.0015389494813003,2.941725921447125,2.9526009559631348,2113382.0
2018-03-02,2.9471631005090075,2.968913507737149,2.936288065992998,2.9526009559631348,1306904.0
2018-03-05,2.9797880646891732,3.0178513557871334,2.94172544998335,2.947162628173828,2335456.0
2018-03-06,2.952600533172429,2.9689130826106065,2.898224353790283,2.898224353790283,2968589.0
2018-03-07,2.887349843978882,2.9036623944619717,2.8655991002759045,2.887349843978882,1716281.0
2018-03-08,2.898224303764765,2.919975045699048,2.8764745764186856,2.8819117546081543,1609075.0
2018-03-09,2.892786934271957,2.9254123686236886,2.8873494182460098,2.9036619663238525,2520516.0
2018-03-12,2.9199752848365197,2.947162868990788,2.9091002511748125,2.9145374298095703,1516882.0
2018-03-13,2.914537425742358,2.9308499762121545,2.8927873584492954,2.9199752807617188,2850190.0
2018-03-14,2.914537524542823,2.9308500755656017,2.892787456512451,2.892787456512451,2053499.0
2018-03-15,2.898224353790283,2.9091000631412163,2.8873496590275725,2.898224353790283,1780091.0
2018-03-16,2.9036626242488466,2.9634756522830217,2.9036626242488466,2.9526009559631348,3006787.0
2018-03-19,2.9308502105388707,2.9634756522830217,2.9199755142189834,2.9526009559631348,3060982.0
2018-03-20,2.96891288547766,2.979787917714353,2.9526003371226204,2.958037853240967,2202741.0
2018-03-21,2.9526007730686454,2.9580382899898314,2.930850028991699,2.930850028991699,1695050.0
2018-03-22,2.9417255002136447,2.9471626784969627,2.892787175506965,2.898224353790283,2973199.0
2018-03-23,2.881912084301158,2.898224635323937,2.865599195082272,2.892787456512451,1468572.0
2018-03-26,2.8982245370764654,2.9308499762121545,2.88734984162603,2.9199752807617188,2736323.0
2018-03-27,2.9254128461169024,2.9580382857938394,2.91997532920343,2.9362878799438477,3086883.0
2018-03-28,2.9417257350534216,2.952600768880367,2.9308500248342737,2.9362878799438477,2652077.0
2018-03-29,2.936287595400736,2.9526004827564427,2.936287595400736,2.947162628173828,1882410.0
2018-03-30,2.9526002436173115,3.0015382253286753,2.941725211725018,2.9852256774902344,2976408.0
2018-04-02,2.9906639149652907,3.01241398399731,2.9526009559631348,2.9526009559631348,1483199.0
2018-04-03,2.9634750311632616,2.96891288547766,2.941725304885927,2.958037853240967,3914200.0
2018-04-04,2.9580380453650807,2.97978811125113,2.952600528893568,2.9689130783081055,2324857.0
2018-04-05,2.9689133138954995,3.0178516424145827,2.9580382800895255,3.0015387535095215,6560935.0
2018-04-06,3.001538233827472,3.088539503800288,3.001538233827472,3.083101987838745,4653647.0
2018-04-09,3.0831025202787647,3.1157279598783543,2.952600761880406,2.974351167678833,7468466.0
2018-04-10,2.9852262085573043,2.9852262085573043,2.8655991454803993,2.9362878799438477,6283321.0
2018-04-11,2.9308500755656017,2.9634755158072665,2.8329737548406073,2.892787456512451,2994818.0
2018-04-12,2.8927871683093325,2.914537234172785,2.8655989095878702,2.876474618911743,1919852.0
2018-04-13,2.8927876641867427,2.898224843388566,2.805786371231079,2.805786371231079,3190652.0
2018-04-16,2.832973285962139,2.871036575107742,2.8275362771485724,2.860161542892456,3422156.0
2018-04-17,2.9158061922797622,2.9213709998461495,2.7766936171362744,2.7933871746063232,6071903.0
2018-04-18,2.782258394684973,2.8545972763020777,2.726613593648505,2.8490326404571533,4196230.0
2018-04-19,2.843468427658081,2.8601619885369867,2.8267748667791754,2.843468427658081,1260074.0
2018-04-20,2.843468243396598,2.843468243396598,2.78782275566307,2.804516315460205,2889004.0
2018-04-23,2.804516315460205,2.804516315460205,2.804516315460205,2.804516315460205,0.0
2018-04-24,2.798952157097907,2.8156457197395803,2.732177906531213,2.74330735206604,5141255.0
2018-04-25,2.732177727079633,2.7433071718834694,2.6987906039891785,2.704355239868164,3893550.0
2018-04-26,2.687661976051663,2.7266139123819118,2.6765332221984863,2.6765332221984863,2100709.0
2018-04-27,2.6820971965789795,2.698790759083554,2.665403634074405,2.6820971965789795,2261931.0
2018-04-30,2.682097042443951,2.7210488014133913,2.682097042443951,2.704355239868164,2079359.0
2018-05-01,2.704355239868164,2.704355239868164,2.704355239868164,2.704355239868164,0.0
2018-05-02,2.7154841114446415,2.737742308425493,2.6765328723886666,2.6987905502319336,2884494.0
2018-05-03,2.6932261852809694,2.715483861072038,2.6542742576329874,2.6709678173065186,3174929.0
2018-05-04,2.665403363569689,2.7154840460008574,2.6598392470732266,2.7099199295043945,3732857.0
2018-05-07,2.7210488319396973,2.7377423936722027,2.6987906342657793,2.7210488319396973,2251674.0
2018-05-08,2.7210487705078767,2.7266135793695225,2.6654034506252255,2.687661647796631,3512462.0
2018-05-09,2.6765329557294613,2.7321777577307897,2.6598393939969562,2.7210488319396973,3112091.0
2018-05-10,2.709920025609677,2.726613587012091,2.693226464207263,2.715484142303467,2906419.0
2018-05-11,2.726613196243834,2.743306755253788,2.70991963723388,2.7377419471740723,2028179.0
2018-05-14,2.73217776467162,2.7989520117712745,2.7266136478536724,2.748871326446533,3038332.0
2018-05-15,2.732177727079633,2.754435924503846,2.6987906039891785,2.704355239868164,2962262.0
2018-05-16,2.6987906039891785,2.7154841655344057,2.6765329257025603,2.704355239868164,1970315.0
2018-05-17,2.704355216732433,2.737742339537261,2.704355216732433,2.715484142303467,1203639.0
2018-05-18,2.7377420445770473,2.798951647760692,2.721048484973172,2.787822723388672,4843333.0
2018-05-21,2.78782275566307,2.82120987525734,2.7766940042080583,2.804516315460205,2179088.0
2018-05-22,2.8100810912702467,2.821209842596422,2.782258088156817,2.787822723388672,1855473.0
2018-05-23,2.7822582388941886,2.8490324809273875,2.7822582388941886,2.8100812435150146,6455258.0
2018-05-24,2.8185501098632812,2.8669375407141726,2.7943567405295653,2.8185501098632812,3769818.0
2018-05-25,2.8064531656276257,2.8366953531708994,2.800405039601528,2.8185501098632812,1409551.0
2018-05-28,2.8366954299870333,2.8729857445391263,2.818550186188052,2.8245983123779297,2014978.0
2018-05-29,2.830647212872973,2.836695338868577,2.782259782266046,2.8004050254821777,1213949.0
2018-05-30,2.80040492692026,2.824598122234638,2.7520174980163574,2.7520174980163574,2396793.0
2018-05-31,2.7580659957540314,2.7883074863857793,2.6975816301238322,2.7036304473876953,2404885.0
2018-06-01,2.6854859001129823,2.709679270350218,2.649195585188321,2.6612918376922607,2979099.0
2018-06-04,2.673388798265311,2.7157274127393944,2.673388798265311,2.6915340423583984,795513.0
2018-06-05,2.6975828021657406,2.703631622057687,2.6310509747317283,2.6431472301483154,761541.0
2018-06-06,2.6491954982240635,2.661291750330923,2.5826628237648857,2.594759941101074,3062766.0
2018-06-07,2.588710949818316,2.6189533105441223,2.576614697711456,2.594759941101074,2032312.0
2018-06-08,2.588710614029638,2.588710614029638,2.54637217973467,2.558469295501709,2007533.0
2018-06-11,2.570565955046691,2.6129050882616838,2.5282275140151813,2.6008081436157227,1736870.0
2018-06-12,2.59475982417539,2.643146387835214,2.4798398968710678,2.516130208969116,6235450.0
2018-06-13,2.516130054760238,2.5403241138137025,2.485888562479954,2.5040338039398193,4845947.0
2018-06-14,2.504033643014371,2.564517315871256,2.4495980951790037,2.5100817680358887,6720129.0
2018-06-15,2.5100817680358887,2.5100817680358887,2.5100817680358887,2.5100817680358887,0.0
2018-06-18,2.5100818707086137,2.6068558550655876,2.5100818707086137,2.558469295501709,4357581.0
2018-06-19,2.552420339011955,2.6491951898875707,2.552420339011955,2.6370980739593506,4711251.0
2018-06-20,2.6552431205850517,2.733871859189564,2.6431460055436533,2.7278237342834473,5648907.0
2018-06-21,2.739921264511538,2.818550015030849,2.7338722734596383,2.782259702682495,4220307.0
2018-06-22,2.794356664534491,2.8245981590718596,2.770162603675295,2.812501907348633,3726336.0
2018-06-25,2.8790338636152883,2.909276224948648,2.758066494832279,2.776211738586426,2987611.0
2018-06-26,2.7822592203375955,2.8185495263945,2.7701621055603027,2.7701621055603027,2094032.0
2018-06-27,2.794356628091666,2.80040492692026,2.7399212464508844,2.7520174980163574,2220985.0
2018-06-28,2.7459689742309625,2.7883074059862776,2.7217756093773304,2.7278237342834473,3194396.0
2018-06-29,2.7580664882540717,2.854840486877187,2.7520176699100882,2.806453227996826,4289286.0
2018-07-02,2.8366955240878102,2.8790339662342603,2.8125021532963927,2.87298583984375,3356313.0
2018-07-03,2.8790337144684246,2.8790337144684246,2.8004049634419648,2.812501907348633,1947787.0
2018-07-04,2.8366955088196555,2.848792453719067,2.8125021381584556,2.8427436351776123,1486528.0
2018-07-05,2.8306471595483567,2.8971789668887484,2.8245981684373853,2.8608884811401367,3094199.0
2018-07-06,2.8608883272233925,2.8729854435652022,2.836695132814882,2.84879207611084,2280530.0
2018-07-09,2.8427434822133457,2.8548404264618368,2.8004050425729528,2.8306472301483154,4321876.0
2018-07-10,2.8004044598889624,2.8245976511685735,2.7701621055603027,2.7701621055603027,1861670.0
2018-07-11,2.8004047449448044,2.8004047449448044,2.6552433328952416,2.6975817680358887,3046086.0
2018-07-12,2.709678745514045,2.7278238129389316,2.6189528892520975,2.7036304473876953,1852222.0
2018-07-13,2.7459692184310396,2.770162412390349,2.71572703379851,2.7399210929870605,2890859.0
2018-07-16,2.7580662350503964,2.7762114770954454,2.7278240496114132,2.733872175216675,3158256.0
2018-07-17,2.7338722554388584,2.7520174980163574,2.727824129656122,2.7520174980163574,3335555.0
2018-07-18,2.733872175216675,2.745969291656462,2.7157271062174786,2.733872175216675,2984332.0
2018-07-19,2.727823976869861,2.7459692184310396,2.71572703379851,2.7399210929870605,2078471.0
2018-07-20,2.733872291092872,2.8245981590718596,2.733872291092872,2.812501907348633,1710259.0
2018-07-23,2.8487923607166783,2.854840486877187,2.794356802629941,2.806453227996826,2734033.0
2018-07-24,2.8004048827081864,2.8729855057805826,2.7883077661044102,2.8366951942443848,4022003.0
2018-07-25,2.8487923113759073,2.897179050280609,2.8487923113759073,2.8911309242248535,1966371.0
2018-07-26,2.8911309100478886,2.8971790360739864,2.7943567405295653,2.8185501098632812,1987797.0
2018-07-27,2.8185494205725856,2.891130203007191,2.8185494205725856,2.879033088684082,2538406.0
2018-07-30,2.879033817493412,2.9516146183013916,2.879033817493412,2.9516146183013916,2082295.0
2018-07-31,2.963711097379727,2.9879042900773722,2.92137266406717,2.9274206161499023,2545847.0
2018-08-01,2.9576634163201514,2.9576634163201514,2.8669377134532397,2.87298583984375,3210716.0
2018-08-02,2.8729852857159197,2.897178651841035,2.830646851735507,2.8669371604919434,3075750.0
2018-08-03,2.8669371769138143,2.9032274858781224,2.860888186425979,2.885082244873047,1966983.0
2018-08-06,2.8729852837934176,2.9213727081946375,2.8729852837934176,2.8971786499023438,1361565.0
2018-08-07,2.9032279899231512,2.9939538646082497,2.9032279899231512,2.975808620452881,2626769.0
2018-08-08,2.9939537948750643,3.0362922354624784,2.9939537948750643,3.0181469917297363,2436091.0
2018-08-09,3.0181466572823625,3.066534083905005,3.000001761652034,3.0241949558258057,2818299.0
2018-08-10,2.981856459717094,3.0846792633378106,2.8911305990306877,3.0362918376922607,5031628.0
2018-08-13,3.012098758451585,3.229840624717037,3.006049767617059,3.145163059234619,7336419.0
2018-08-14,3.0786302968834196,3.0786302968834196,2.93346905708313,2.93346905708313,7294883.0
2018-08-15,2.957663219951802,2.963711518986622,2.7883079051971436,2.7883079051971436,5332736.0
2018-08-16,2.8366954299870333,2.9213731767003224,2.7217761870950072,2.8245983123779297,5134443.0
2018-08-17,2.818550033210246,2.860888471654283,2.758066351952068,2.812501907348633,3482327.0
2018-08-20,2.8306471002109066,3.108872652053833,2.8306471002109066,3.108872652053833,2522355.0
2018-08-21,3.108872652053833,3.108872652053833,3.108872652053833,3.108872652053833,0.0
2018-08-22,3.108872652053833,3.108872652053833,3.108872652053833,3.108872652053833,0.0
2018-08-23,3.108872652053833,3.108872652053833,3.108872652053833,3.108872652053833,0.0
2018-08-24,3.108872652053833,3.108872652053833,3.108872652053833,3.108872652053833,0.0
2018-08-27,3.108872442331792,3.108872442331792,3.042340121736719,3.060485363006592,2263310.0
2018-08-28,3.0604858661913186,3.1088729534720017,3.0604858661913186,3.096776008605957,2122559.0
2018-08-29,3.078630208969116,3.151211172888312,3.072582256764764,3.078630208969116,2821465.0
2018-08-30,3.078630208969116,3.078630208969116,3.078630208969116,3.078630208969116,0.0
2018-08-31,3.066534588996575,3.1391152217478075,3.066534588996575,3.1149213314056396,2798488.0
2018-09-03,3.120970256954851,3.1995988414868277,3.120970256954851,3.1814539432525635,2984891.0
2018-09-04,3.2056468676953984,3.241937353254551,3.1814536721115902,3.2298407554626465,3138038.0
2018-09-05,3.229840514233374,3.272179295526293,3.2116956189007175,3.2600820064544678,2500807.0
2018-09-06,3.2661311437397287,3.284276385978847,3.217743715738177,3.235888957977295,1736587.0
2018-09-07,3.2358895078342673,3.2600827068084963,3.181454117958715,3.1935510635375977,3231548.0
2018-09-10,3.187501413567508,3.21774359822549,3.120969784031716,3.1270177364349365,2042727.0
2018-09-11,3.157260572892717,3.223792562255384,3.1512119270573913,3.1935510635375977,1723823.0
2018-09-12,3.1935507993926584,3.2056470517874995,3.078630691127962,3.1028249263763428,3491657.0
2018-09-13,3.12097019029111,3.1875018284873824,3.1028249463526776,3.16935658454895,3485326.0
2018-09-14,3.1814540107089657,3.1995989093279564,3.0725828885362385,3.1149213314056396,5176497.0
2018-09-17,3.1209699602109358,3.1572600993207227,3.078630483989654,3.1391148567199707,4494443.0
2018-09-18,3.15121185017046,3.1875019938381226,3.133066605290748,3.175405740737915,1815117.0
2018-09-19,3.193550183324921,3.211695423646134,3.1270175201165826,3.157259702682495,2381677.0
2018-09-20,3.175405576014664,3.1814538752968944,3.1391150881378,3.16935658454895,2281144.0
2018-09-21,3.2056468361032,3.2177437798676065,3.139114856719971,3.1391148567199707,1981412.0
2018-09-24,3.169355952743849,3.193550183324921,3.145162760437796,3.157259702682495,1752112.0
2018-09-25,3.157260002628553,3.1693562538390747,3.145163059234619,3.145163059234619,1203459.0
2018-09-26,3.169355952743849,3.1754049430037083,3.133065818193096,3.157259702682495,1272790.0
2018-09-27,3.1512114677177085,3.2177437934739888,3.1512114677177085,3.199598550796509,1745926.0
2018-09-28,3.2056466401320014,3.2056466401320014,3.1512112617492676,3.1512112617492676,774153.0
2018-10-01,3.1572600993207227,3.211695827122978,3.1270179129555644,3.1391148567199707,2040375.0
2018-10-02,3.1451629632826736,3.1693561571490485,3.13911466481608,3.1512112617492676,904635.0
2018-10-03,3.151211487269218,3.151211487269218,3.0907278060913086,3.0907278060913086,1688126.0
2018-10-04,3.1088723926326765,3.1149206909287144,3.078630208969116,3.078630208969116,1029476.0
2018-10-05,3.0846797634932788,3.102825007791001,3.006050140808651,3.0665345191955566,3775750.0
2018-10-08,3.066534476538869,3.090728019902041,2.993953846449355,3.000002145767212,4286505.0
2018-10-09,3.000002145767212,3.0302443345399843,2.97580860240404,3.000002145767212,3520182.0
2018-10-10,3.03024407504853,3.036292027756734,2.9576631050826596,2.969759702682495,3004953.0
2018-10-11,2.975808347574127,2.9879045990822486,2.9516144601910272,2.969759702682495,1875259.0
2018-10-12,2.975808347574127,2.9879045990822486,2.939518208682906,2.969759702682495,2511453.0
2018-10-15,2.9939537948750643,3.066534423714294,2.9576633074095806,3.0181469917297363,3674564.0
2018-10-16,3.0241952743297174,3.048389163234954,2.963711590341834,2.9879047870635986,5848397.0
2018-10-17,2.9939538572755713,3.0181470546344817,2.96975996773317,3.0060501098632812,2055929.0
2018-10-18,3.006049841573716,3.018146785265266,2.9576631050826596,2.969759702682495,1743158.0
2018-10-19,2.9697600380694023,2.975808683644132,2.93951854065452,2.963711738586426,1210321.0
2018-10-22,2.9637114879903947,2.9697597869619585,2.891130862056457,2.9032278060913086,4018784.0
2018-10-23,2.8729856667402704,2.903227854283544,2.8125019838371834,2.8185501098632812,1472641.0
2018-10-24,2.8125020463408097,2.866937604427547,2.806453227996826,2.806453227996826,1714043.0
2018-10-25,2.7883079082616495,2.8608885350344484,2.7883079082616495,2.8004050254821777,1857781.0
2018-10-26,2.812501966565745,2.848792279912259,2.782259779208187,2.7883079051971436,1697893.0
2018-10-29,2.7883079051971436,2.7883079051971436,2.7883079051971436,2.7883079051971436,0.0
2018-10-30,2.770162603675295,2.818550033210246,2.7399212821837864,2.812501907348633,2172740.0
2018-10-31,2.830647290051678,2.8487923607166783,2.794356802629941,2.806453227996826,2300290.0
2018-11-01,2.8427434018860014,2.860888471654283,2.782259720627823,2.812501907348633,3817312.0
2018-11-02,2.818550186188052,2.8366954299870333,2.8125020599981743,2.8245983123779297,2315056.0
2018-11-05,2.860888613037695,2.860888613037695,2.806453227996826,2.806453227996826,1693019.0
2018-11-06,2.8185495263945,2.8245976511685735,2.758065856012155,2.7701621055603027,1609817.0
2018-11-07,2.776211670267812,2.824598235889379,2.7641145529862916,2.8185501098632812,4139148.0
2018-11-08,2.830647212872973,2.830647212872973,2.79435672644071,2.8004050254821777,2331881.0
2018-11-09,2.8185501098632812,2.8548404234326523,2.800405039601528,2.8185501098632812,4924286.0
2018-11-12,2.8245983123779297,2.8487923745502672,2.8064532416248182,2.8245983123779297,1915429.0
2018-11-13,2.8245975451195835,2.879033088684082,2.8185494205725856,2.879033088684082,2146685.0
2018-11-14,2.872985521012718,2.872985521012718,2.842743335003431,2.8548402786254883,2265791.0
2018-11-15,2.854840355258469,2.872985598132775,2.8427434113116914,2.8608884811401367,1426715.0
2018-11-16,2.866936839590086,2.9032271442844775,2.8608878498139747,2.879033088684082,3765828.0
2018-11-19,2.8911311769741594,2.927421320848186,2.879034058575762,2.9213733673095703,1239130.0
2018-11-20,2.927420679095975,2.927420679095975,2.860888186425979,2.885082244873047,2680841.0
2018-11-21,2.8911309242248535,2.9092761676214485,2.8669375547725027,2.8911309242248535,998434.0
2018-11-22,2.885082542079553,2.885082542079553,2.848792229376802,2.8608884811401367,1305287.0
2018-11-23,2.8548403457926694,2.8548403457926694,2.8004049634419648,2.812501907348633,1003989.0
2018-11-26,2.8125020463408097,2.830647290051678,2.8004051018363176,2.806453227996826,1383128.0
2018-11-27,2.8004048642253463,2.8064529898726787,2.7580662542354806,2.7641143798828125,2254657.0
2018-11-28,2.7641146210072125,2.788307990936293,2.752017676473869,2.776211738586426,1878477.0
2018-11-29,2.782259720627823,2.8245981590718596,2.782259720627823,2.812501907348633,3399525.0
2018-11-30,2.8125018411775677,2.8608884043448044,2.8125018411775677,2.8548402786254883,1925097.0
2018-12-03,2.848792381450454,2.8669376252933856,2.7822598783749948,2.7943568229675293,2937424.0
2018-12-04,2.776211738586426,2.8245983053987174,2.752017676473869,2.776211738586426,3054293.0
2018-12-05,2.770162572364703,2.7822596891805005,2.715727190629271,2.721776008605957,4385747.0
2018-12-06,2.7096790648360183,2.733872260192462,2.685485696433716,2.721776008605957,1484391.0
2018-12-07,2.715727125108052,2.8004048642253463,2.7036307007675338,2.7641143798828125,4678946.0
2018-12-10,2.758065856012155,2.7822592203375955,2.7399207895066175,2.7701621055603027,2141135.0
2018-12-11,2.7762117220273956,2.7822598481662544,2.745969533920288,2.745969533920288,1910453.0
2018-12-12,2.7520715251060315,2.7581734121617143,2.6910502103725316,2.715458631515503,2562728.0
2018-12-13,2.7520710046301438,2.800888536019831,2.7154581179639004,2.7886838912963867,3198165.0
2018-12-14,2.8130925098139445,2.843603512769309,2.794785977874337,2.806990623474121,1667749.0
2018-12-17,2.7825823789568007,2.8313992185640964,2.7764797938997834,2.81919527053833,1470430.0
2018-12-18,2.8313992023468018,2.8680120937186246,2.7947861363909414,2.8313992023468018,4242623.0
2018-12-19,2.8375018269279404,2.8558083601610913,2.8069908218166626,2.8130927085876465,1240015.0
2018-12-20,2.8130924100763792,2.831398941366933,2.745969218541774,2.7703776359558105,1958035.0
2018-12-21,2.776479395934128,2.776479395934128,2.6971515628365923,2.7276625633239746,3020147.0
2018-12-24,2.6971515628365923,2.7276625633239746,2.6971515628365923,2.7276625633239746,695279.0
2018-12-25,2.7093561327754685,2.758172789456152,2.7032533741773506,2.752070903778076,537297.0
2018-12-26,2.752071102772316,2.7581729888916016,2.7459692166530303,2.7581729888916016,223978.0
2018-12-27,2.770377495458713,2.776479381272744,2.7398664951324463,2.7398664951324463,1629703.0
2018-12-28,2.752070979629051,2.758172865475304,2.7154580932954167,2.7276625633239746,826286.0
2018-12-31,2.7398665344907145,2.7947857771980718,2.7398665344907145,2.7886838912963867,935231.0
2019-01-01,2.7886838912963867,2.7886838912963867,2.7886838912963867,2.7886838912963867,0.0
2019-01-02,2.8008889120395843,2.8252973318432324,2.7703779071789194,2.81919527053833,2148208.0
2019-01-03,2.8191948664500677,2.8252969268803336,2.7093562074491637,2.7276625633239746,1950208.0
2019-01-04,2.7581733075688737,2.770377954137666,2.727663000527203,2.745969533920288,699365.0
2019-01-07,2.7703774337323464,2.7825819034245316,2.752070903778076,2.752070903778076,594999.0
2019-01-08,2.745969533920288,2.764276067313373,2.733765061935537,2.745969533920288,644216.0
2019-01-09,2.7520709065537816,2.764275550842285,2.7337645511650566,2.764275550842285,1121090.0
2019-01-10,2.7520709065537816,2.78258190623101,2.7459690208695515,2.764275550842285,678045.0
2019-01-11,2.7703774337323464,2.7764793194104223,2.7459690181000003,2.752070903778076,444976.0
2019-01-14,2.752070903778076,2.758172789456152,2.7337645484078146,2.752070903778076,249461.0
2019-01-15,2.758172865475304,2.758172865475304,2.7093562074491637,2.7276625633239746,1187769.0
2019-01-16,2.733765125274658,2.7459695975421767,2.7215604784230947,2.733765125274658,663635.0
2019-01-17,2.7642757105770963,2.788683953060492,2.7520710655833422,2.776479482650757,2008880.0
2019-01-18,2.776479620518757,2.819195094489878,2.776479620518757,2.806990623474121,10341894.0
2019-01-21,2.8252966718904418,2.831398557185984,2.776479145350136,2.794785499572754,1733918.0
2019-01-22,2.7886841310066415,2.813092549631559,2.7886841310066415,2.800888776779175,855524.0
2019-01-23,2.8191952484241942,2.8985230922698975,2.8008888900690465,2.8985230922698975,2862976.0
2019-01-24,2.904624939926806,2.92293147262009,2.8802165206424846,2.9168295860290527,1267039.0
2019-01-25,2.9046252699393804,2.947340925106316,2.880216847881866,2.9412381649017334,1030324.0
2019-01-28,2.9412381649017334,2.9534426378065723,2.9168299174282737,2.9412381649017334,886514.0
2019-01-29,2.9290341762852607,3.1487118791738884,2.922931591110697,3.142609119415283,3538775.0
2019-01-30,3.203630721646228,3.203630721646228,3.0266681696247693,3.0510764122009277,3060310.0
2019-01-31,3.0510766896250607,3.0754856327567195,3.0144636240956424,3.0327701568603516,1322673.0
2019-02-01,3.008361577987671,3.032769820072665,2.983952986734645,3.008361577987671,931719.0
2019-02-04,3.0022600333734135,3.0205665672509774,2.9595445548803707,2.990055561065674,1019487.0
2019-02-05,2.9534417620653524,3.051076119681528,2.9534417620653524,2.983952760696411,1536452.0
2019-02-06,2.9900553793001245,3.038872916395372,2.977850907734295,3.0327701568603516,1359256.0
2019-02-07,3.051076810402839,3.0754857545007335,2.9900554976623566,3.0022599697113037,788775.0
2019-02-08,2.9961572422969707,3.044974426994789,2.965646938320893,3.014463424682617,595163.0
2019-02-11,3.020566035922239,3.1059955812085853,3.020566035922239,3.0876893997192383,1452247.0
2019-02-12,3.0571793093450443,3.1120985559594603,3.0388727774175543,3.081587553024292,1647119.0
2019-02-13,3.087689474401243,3.1120984153134787,3.044974351556888,3.0510764122009277,1553961.0
2019-02-14,3.0449746574472294,3.0632811903864146,2.886318446003713,2.8985230922698975,2792491.0
2019-02-15,2.8985228754811687,2.9839531233624124,2.8985228754811687,2.9595441818237305,1372486.0
2019-02-18,2.9595441442453425,2.990055146197262,2.947340371967053,2.9778506755828857,846007.0
2019-02-19,2.9778507547959125,2.983953164849451,2.9473404503684826,2.965646982192993,549608.0
2019-02-20,2.971748886467692,3.0632812023531133,2.9595444147378673,3.0388729572296143,1649037.0
2019-02-21,3.038872916395372,3.081587693955599,3.020566383630663,3.0327701568603516,1175482.0
2019-02-22,3.0266681328034193,3.069382905960083,3.020566072233615,3.069382905960083,700664.0
2019-02-25,3.0571791711810445,3.087689474401243,3.044974351556888,3.0510764122009277,1299751.0
2019-02-26,3.044974351556888,3.0815874137572035,3.038872640080887,3.0510764122009277,1338574.0
2019-02-27,3.0510764122009277,3.0693829433010853,3.038872640080887,3.0510764122009277,565023.0
2019-02-28,3.0510766265787703,3.063281097892411,3.026668382287615,3.0449745655059814,548677.0
2019-03-01,3.0571791094936764,3.0693828813674706,3.026668108553048,3.0632808208465576,896725.0
2019-03-04,3.081587455476796,3.099893986824794,3.0571792125701904,3.0571792125701904,618859.0
2019-03-05,3.051076916289426,3.05717967627782,2.9534425331818177,2.9717490673065186,3228297.0
2019-03-06,2.9717486939104267,3.032770001101391,2.959544222971402,2.965646982192993,2890845.0
2019-03-07,2.971748577587469,3.020566110264652,2.95344204647953,2.996157169342041,1850029.0
2019-03-08,2.977850638234102,3.0266681709112855,2.977850638234102,2.996157169342041,937899.0
2019-03-11,3.0022594562746456,3.026668047030178,2.9961570467097443,3.020565986633301,400991.0
2019-03-12,3.0266682106008465,3.06938298485545,3.0266682106008465,3.0571792125701904,1515051.0
2019-03-13,3.0510766265787703,3.081587630278841,3.008361849901185,3.0449745655059814,2256891.0
2019-03-14,3.038872681222193,3.06938298485545,3.0144633908114566,3.0571792125701904,2550323.0
2019-03-15,3.0754853531131636,3.0754853531131636,3.044974351556888,3.0510764122009277,341853.0
2019-03-18,3.0205661838139273,3.0266682446091426,2.977850710743277,3.014463424682617,2887521.0
2019-03-19,2.990055181501755,3.0266682446091426,2.977850710743277,3.014463424682617,2173748.0
2019-03-20,3.0083615166715227,3.0327697582590303,2.9961570467097443,3.020565986633301,1370228.0
2019-03-21,3.0266684854997896,3.0571794902403138,3.0083619524890906,3.0388729572296143,1584507.0
2019-03-22,3.051076451765015,3.051076451765015,2.8558080644473804,2.9778506755828857,6587634.0
2019-03-25,2.9778503514693964,2.9961568808144303,2.965646580519382,2.983952760696411,1062301.0
2019-03-26,2.9290341849218735,3.0266685646411133,2.9290341849218735,3.0022599697113037,2618597.0
2019-03-27,3.0022594232779367,3.0022594232779367,2.880216121673584,2.880216121673584,1392593.0
2019-03-28,2.916829181988494,2.9290336518161375,2.837501350196883,2.880216121673584,1313523.0
2019-03-29,2.8741142359277827,2.90462453757684,2.8436032359426844,2.880216121673584,1242955.0
2019-04-01,2.8008887947090724,2.8863183477351764,2.7764796775917806,2.849705457687378,906455.0
2019-04-02,2.9107271612070003,2.9412374632706033,2.8497051604076913,2.8741142749786377,2526863.0
2019-04-03,2.8741142385635494,2.9107271243280257,2.8558078829733167,2.892420768737793,757358.0
2019-04-04,2.9229312091630604,2.929033793540182,2.8924209060377333,2.9107272624969482,495832.0
2019-04-05,2.941237967058339,2.959544500600147,2.9290341933106085,2.947340726852417,565634.0
2019-04-08,2.9717486939104267,2.9778507547959125,2.9107273867194623,2.965646982192993,705359.0
2019-04-09,2.996157206920429,3.0083616775348054,2.9595441442453425,2.9778506755828857,650098.0
2019-04-10,2.98395349949585,3.0022600333734135,2.965647314786378,2.990055561065674,438548.0
2019-04-11,3.0022596522602334,3.038872715367621,2.965646938320893,3.014463424682617,2778773.0
2019-04-12,3.026668047030178,3.026668047030178,2.9961570467097443,3.020565986633301,242403.0
2019-04-15,3.044974351556888,3.0815874137572035,3.0083616385246117,3.0510764122009277,1066703.0
2019-04-16,3.063281021096802,3.099894084951782,3.0510765500891237,3.081587553024292,587470.0
2019-04-17,3.1193217021793207,3.175922155380249,3.0815878268074317,3.175922155380249,2643255.0
2019-04-18,3.1759217911347655,3.2702561088884092,3.106742907601438,3.2576780319213867,2610905.0
2019-04-19,3.245100641884666,3.2702560758508517,3.1759217590502145,3.194788694381714,498772.0
2019-04-22,3.2010775924856345,3.2010775924856345,3.13818828000836,3.175922155380249,314884.0
2019-04-23,3.175922155380249,3.175922155380249,3.175922155380249,3.175922155380249,0.0
2019-04-24,3.175921804564657,3.289123058319092,3.1696329459829844,3.289123058319092,2616970.0
2019-04-25,3.301701121377533,3.307989979932612,3.2262337391459908,3.2576780319213867,3115026.0
2019-04-26,3.270256331943054,3.2954117678791497,3.201077443691237,3.226233959197998,2911048.0
2019-04-29,3.245100672102299,3.251389170795542,3.182210647173776,3.2010772228240967,1453349.0
2019-04-30,3.213655730570588,3.421190946159787,3.213655730570588,3.3583016395568848,3350418.0
2019-05-01,3.3583016395568848,3.3583016395568848,3.3583016395568848,3.3583016395568848,0.0
2019-05-02,3.3708789263030137,3.4463463004996195,3.2954111922495817,3.3142781257629395,2960201.0
2019-05-03,3.3268563747406006,3.4086126110827233,3.2010770513355498,3.3268563747406006,2289869.0
2019-05-06,3.333145414152929,3.333145414152929,3.238811096399285,3.2576780319213867,1059221.0
2019-05-07,3.2262340559677534,3.263967570860589,3.1318997289503154,3.219944477081299,4026575.0
2019-05-08,3.2136559623663126,3.226234040508252,3.1696332286548703,3.188500165939331,1572314.0
2019-05-09,3.1947887241308535,3.2136556596380372,3.1256098406522237,3.2010772228240967,1417522.0
2019-05-10,3.3331452533197488,3.3960352752633844,3.2513890164780843,3.2765448093414307,2539101.0
2019-05-13,3.3017011353393024,3.320568070941186,3.245100688390518,3.289123058319092,1024261.0
2019-05-14,3.2954116603991244,3.307990097670703,3.1381880317850523,3.144476890563965,1748469.0
2019-05-15,3.157054967978666,3.1633438267575786,3.119321455448315,3.144476890563965,1243154.0
2019-05-16,3.138188191197559,3.169633206403207,3.113032754804073,3.125610113143921,1472597.0
2019-05-17,3.144476970653606,3.1570550483886706,3.1004545982230947,3.106743097305298,548258.0
2019-05-20,3.1381878516374706,3.1381878516374706,3.056431972491049,3.075298547744751,835485.0
2019-05-21,3.0752985699277366,3.175921744767396,3.056431994537945,3.163343667984009,1663904.0
2019-05-22,3.150766469056631,3.169633045393368,3.1318995328630166,3.144476890563965,691597.0
2019-05-23,3.1318995328630166,3.1633438267575786,3.1318995328630166,3.144476890563965,547226.0
2019-05-24,3.1759217590502145,3.2136556297132133,3.157054823718715,3.194788694381714,652697.0
2019-05-27,3.238810920272683,3.3017009418309704,3.2136554874203194,3.245100498199463,598487.0
2019-05-28,3.2891232687520144,3.3017013465769507,3.201077443691237,3.226233959197998,1294276.0
2019-05-29,3.2388113173091573,3.2576782541181175,3.1885000855800776,3.226233959197998,1880317.0
2019-05-30,3.1884997391024554,3.289122911340197,3.1884997391024554,3.282834053039551,694953.0
2019-05-31,3.3017013861005657,3.326856822337789,3.257678293114746,3.320568323135376,757246.0
2019-06-03,3.3017009418878036,3.3394348108806877,3.3017009418878036,3.3268563747406006,81445.0
2019-06-04,3.3268563747406006,3.3268563747406006,3.3268563747406006,3.3268563747406006,0.0
2019-06-05,3.3268563747406006,3.3268563747406006,3.3268563747406006,3.3268563747406006,0.0
2019-06-06,3.3268563747406006,3.3268563747406006,3.3268563747406006,3.3268563747406006,0.0
2019-06-07,3.3268569297723,3.3583019457980714,3.2702564766969577,3.345723867416382,696175.0
2019-06-10,3.352012421011097,3.38345743416942,3.018698232359221,3.3583016395568848,2528037.0
2019-06-11,3.3457231349041447,3.358301210531992,3.282833836335386,3.3142781257629395,590714.0
2019-06-12,3.3017013765195706,3.307990235560627,3.1947889735371495,3.232522487640381,1565960.0
2019-06-13,3.2199443011606275,3.2576781738487837,3.182210788329351,3.207366943359375,1428201.0
2019-06-14,3.2199443011606275,3.2576781738487837,3.1885000070152967,3.207366943359375,333027.0
2019-06-17,3.201077225355082,3.2765449674434883,3.201077225355082,3.2576780319213867,548210.0
2019-06-18,3.2702560424804688,3.289122977619446,3.2451006087709744,3.2702560424804688,610978.0
2019-06-19,3.282834053039551,3.289122911340197,3.257677900123266,3.282834053039551,401332.0
2019-06-20,3.2639670728387356,3.289122865547944,3.2199439857765655,3.245100498199463,533667.0
2019-06-21,3.2576781012498714,3.3645904982458004,3.238811165326252,3.3583016395568848,919495.0
2019-06-24,3.3834576517717796,3.3960357298154245,3.276545247899928,3.2954118251800537,699493.0
2019-06-25,3.295411369422947,3.396035260141981,3.2891228710561693,3.3834571838378906,3449708.0
2019-06-26,3.364590749581001,3.452636217230314,3.3583018904223065,3.4463469982147217,1423973.0
2019-06-27,3.4652133080342504,3.5343918258230853,3.414902084018628,3.4400575160980225,1577477.0
2019-06-28,3.402323836311268,3.4777912083089935,3.3331449621590004,3.4274792671203613,1975721.0
2019-07-01,3.49037017097184,3.5092371087322585,3.4023247013278257,3.4652140140533447,1064527.0
2019-07-02,3.4715025424000183,3.647593086790015,3.4274794564814752,3.6350150108337402,3616389.0
2019-07-03,3.635015390195541,3.710482774238699,3.5532591474463375,3.5847041606903076,3354950.0
2019-07-04,3.603570665865932,3.704193472704023,3.5155248552226324,3.5406806468963623,2847856.0
2019-07-05,3.5658377209406575,3.7230613696124113,3.546970782340109,3.6475939750671387,3467685.0
2019-07-08,3.565837006980534,3.729349482494651,3.565837006980534,3.6161482334136963,4334700.0
2019-07-09,3.609859404672394,3.7293495130545407,3.609859404672394,3.6790382862091064,2227267.0
2019-07-10,3.716771364212036,3.7607937233038196,3.660170571339554,3.716771364212036,4037495.0
2019-07-11,3.7419273853302006,3.754505461247372,3.6979050192621847,3.7419273853302,754582.0
2019-07-12,3.723060654680968,3.7607945246361103,3.6475932746275364,3.6790382862091064,2587787.0
2019-07-15,3.6790382862091064,3.6790382862091064,3.6790382862091064,3.6790382862091064,0.0
2019-07-16,3.666459674849936,3.7293489691269306,3.6224373127987604,3.691615104675293,3681952.0
2019-07-17,3.7041944310118624,3.7041944310118624,3.64130511548593,3.6475939750671387,953204.0
2019-07-18,3.6979053548679697,3.6979053548679697,3.6413045478891055,3.6538822650909424,2241694.0
2019-07-19,3.6664600207960087,3.6664600207960087,3.6350150108337402,3.6350150108337402,2505783.0
2019-07-22,3.6413043358097235,3.6664601286051215,3.6350151177182393,3.6601712703704834,556930.0
2019-07-23,3.6853272778092663,3.7230607892716425,3.6413045478891055,3.6538822650909424,930087.0
2019-07-24,3.647593406490024,3.6853272778092663,3.6413045478891055,3.6538822650909424,526831.0
2019-07-25,3.6538822767320425,3.6727488525949052,3.6224379836272713,3.6287264823913574,1216043.0
2019-07-26,3.622438536742304,3.6727494133919736,3.61614895744725,3.6475939750671387,874693.0
2019-07-29,3.660172054086479,3.660172054086479,3.6035715981417553,3.6475939750671387,2232757.0
2019-07-30,3.6350150431455805,3.748216288330962,3.6161481089718777,3.6979050636291504,3499840.0
2019-07-31,3.7293493619640157,3.873995617693974,3.6916154935376198,3.836261749267578,3418262.0
2019-08-01,3.798528150839042,3.886573970044507,3.7607946395874023,3.7607946395874023,3281469.0
2019-08-02,3.7545048662702474,3.804816802109157,3.71048178746491,3.716771364212036,768941.0
2019-08-05,3.6916157883146354,3.7230608011331423,3.6161484052925816,3.6287264823913574,1007908.0
2019-08-06,3.660171544733466,3.6727489022886837,3.5532591474463375,3.5847041606903076,1638153.0
2019-08-07,3.5847037321464272,3.609859163963328,3.5406806468963623,3.5406806468963623,827875.0
2019-08-08,3.5595474322419736,3.578414005318227,3.5155247086837536,3.5343916416168213,839512.0
2019-08-09,3.6475934913679167,3.653882350115174,3.4715029274465903,3.4777917861938477,1661103.0
2019-08-12,3.4777917861938477,3.4777917861938477,3.4777917861938477,3.4777917861938477,0.0
2019-08-13,3.4777917861938477,3.4777917861938477,3.4777917861938477,3.4777917861938477,0.0
2019-08-14,3.4777917861938477,3.4777917861938477,3.4777917861938477,3.4777917861938477,0.0
2019-08-15,3.4589248180070262,3.4715028952417297,3.352012421011097,3.3583016395568848,1037657.0
2019-08-16,3.3897456976559006,3.427479566883327,3.364590264646745,3.4149022102355957,1181726.0
2019-08-19,3.4086125062851127,3.49665831784716,3.3897455723687338,3.4400575160980225,1107638.0
2019-08-20,3.446346771936569,3.490369862727683,3.4086128997481144,3.4211909770965576,541324.0
2019-08-21,3.427479566883327,3.44634650149704,3.4086126322696138,3.4149022102355957,427295.0
2019-08-22,3.4463470762929265,3.49037017097184,3.4211912792313375,3.4652140140533447,964157.0
2019-08-23,3.446346566139314,3.4903696543016056,3.4400577077690664,3.4840800762176514,415972.0
2019-08-26,3.4903703997106197,3.6601721309683986,3.4903703997106197,3.5784151554107666,2683178.0
2019-08-27,3.5909929051884433,3.6853272222064017,3.5532590344385158,3.6413044929504395,2108950.0
2019-08-28,3.679038805656257,3.691616164322358,3.597281835972198,3.6035714149475098,2783164.0
2019-08-29,3.5909929708087645,3.6727488525949052,3.5909929708087645,3.6287264823913574,765331.0
2019-08-30,3.628726482391358,3.628726482391358,3.628726482391358,3.6287264823913574,0.0
2019-09-02,3.622437654591136,3.6916154529948875,3.622437654591136,3.6350150108337402,672907.0
2019-09-03,3.635015341012312,3.647593418111088,3.597281469572851,3.6287264823913574,513169.0
2019-09-04,3.628726851993521,3.653882648896437,3.597281835972198,3.6035714149475098,725920.0
2019-09-05,3.6035710966653154,3.622438032640323,3.5784145822705176,3.5847041606903076,2714902.0
2019-09-06,3.5909926071029017,3.603570682927735,3.5658368153100666,3.5721256732940674,515576.0
2019-09-09,3.5721256654997786,3.5972810973808937,3.509236366083329,3.5155248641967773,1323041.0
2019-09-10,3.5029470111852468,3.5218139461528426,3.4777915777042576,3.4840800762176514,4088903.0
2019-09-11,3.5532585745498895,3.5658366497908727,3.5281031437815518,3.5343916416168213,1147315.0
2019-09-12,3.5406809107333603,3.5847039992638448,3.521813975607969,3.5469701290130615,2717372.0
2019-09-13,3.559548151442388,3.6035712437522105,3.559548151442388,3.5909931659698486,1281316.0
2019-09-16,3.584704811411042,3.6098602508016135,3.565837872011175,3.5972821712493896,974141.0
2019-09-17,3.5972813562526786,3.5972813562526786,3.5343920523105155,3.5469701290130615,2870387.0
2019-09-18,3.5343917065297323,3.5658367152813053,3.515524773250153,3.5218136310577393,1766291.0
2019-09-19,3.521814467477693,3.5281040464926767,3.458925154752174,3.4652140140533447,1625036.0
2019-09-20,3.471502704400108,3.5218139310025087,3.4463465513136295,3.5092365741729736,1614448.0
2019-09-23,3.521813566375838,3.578414005318227,3.5092362108484836,3.5343916416168213,2532538.0
2019-09-24,3.546969716857805,3.5595474322419736,3.5281031437815518,3.5343916416168213,1407035.0
2019-09-25,3.534392007545748,3.5532589424321808,3.4966584976297344,3.5092365741729736,2169359.0
2019-09-26,3.515525153322894,3.5595478824490527,3.509236654692263,3.5281035900115967,2711391.0
2019-09-27,3.528103290844742,3.5909925901006523,3.5218137131768574,3.5406806468963623,2496062.0
2019-09-30,3.5532590426330266,3.5847040549494387,3.5406809657350897,3.5595479011535645,1749083.0
2019-10-01,3.5595483205462766,3.660171868014844,3.5595483205462766,3.6035714149475098,2829825.0
2019-10-02,3.616147899656581,3.6790379164998566,3.6035705440301977,3.6224374771118164,3169582.0
2019-10-03,3.6350158960477987,3.660172054086479,3.6287270364665902,3.6475939750671387,1536310.0
2019-10-04,3.641304559490134,3.647593418111088,3.6035710479075407,3.6287264823913574,2757811.0
2019-10-07,3.6224378411332463,3.7104825780769692,3.6161482630459667,3.6790382862091064,5826897.0
2019-10-08,3.716772156164249,3.723060654680968,3.6475932746275364,3.6790382862091064,1973669.0
2019-10-09,3.685326954802003,3.7167719647642716,3.5909926446288676,3.6350150108337402,2730761.0
2019-10-10,3.6224378411332463,3.685327144582679,3.5972813280683953,3.6790382862091064,4729251.0
2019-10-11,3.622437654591136,3.6664600207960087,3.622437654591136,3.6350150108337402,1177245.0
2019-10-14,3.647594129601347,3.647594129601347,3.578415231849523,3.5972821712493896,1429953.0
2019-10-15,3.609860173691158,3.609860173691158,3.5721266555543907,3.5784151554107666,422462.0
2019-10-16,3.5721264214577775,3.5784149209020413,3.458925154752174,3.4652140140533447,1035686.0
2019-10-17,3.4337694151061724,3.48408028508423,3.421190977897908,3.4777917861938477,883640.0
2019-10-18,3.5155250726593152,3.6475932570074927,3.5092365741729736,3.5092365741729736,1204946.0
2019-10-21,3.5281037357425302,3.546970311984302,3.4715029274465903,3.4777917861938477,961111.0
2019-10-22,3.4715028474166463,3.4966586416826235,3.4589247703552246,3.4589247703552246,705081.0
2019-10-23,3.484079854631722,3.5218137221670562,3.477791356518274,3.5155248641967773,651599.0
2019-10-24,3.546970275609838,3.57841456902366,3.5218141211650376,3.5532591342926025,1738918.0
2019-10-25,3.5595480061523825,3.6035710966653154,3.5469702887402925,3.5847041606903076,870338.0
2019-10-28,3.5909933365675997,3.609859914352108,3.5847044773060968,3.6035714149475098,209457.0
2019-10-30,3.584703610948578,3.6413040503366183,3.565836677866959,3.6224374771118164,926188.0
2019-10-31,3.622437477111817,3.672748339044621,3.584703610948578,3.6224374771118164,945526.0
2019-11-01,3.635015711255024,3.647593789634934,3.597281835972198,3.6035714149475098,424562.0
2019-11-04,3.6098600978660413,3.6538828346483476,3.6098600978660413,3.6475939750671387,1476795.0
2019-11-05,3.6538822767320425,3.6727488525949052,3.6098595466716272,3.6287264823913574,690117.0
2019-11-06,3.628726309914625,3.635015168236664,3.603570876626469,3.6161482334136963,1035333.0
2019-11-07,3.61614833921258,3.653882209962508,3.61614833921258,3.6413044929504395,1125304.0
2019-11-08,3.635015341012312,3.6664603538308187,3.6161484052925816,3.6287264823913574,811181.0
2019-11-11,3.647593406490024,3.691615776553318,3.6287264708304026,3.6538822650909424,1938022.0
2019-11-12,3.6664602096051078,3.6790382862091064,3.641304416253964,3.6790382862091064,4018206.0
2019-11-13,3.737026878132889,3.737026878132889,3.679038673682004,3.7241404056549072,1851647.0
2019-11-14,3.717697353755923,3.743469930031873,3.7048108812779414,3.7241404056549072,831001.0
2019-11-15,3.737026878132889,3.74991335061087,3.717697353755923,3.7241404056549072,1964845.0
2019-11-18,3.737027435871452,3.7563569631332836,3.7176979086096202,3.7305843830108643,7258115.0
2019-11-19,3.7370266635893206,3.749913135327487,3.7241401918511547,3.743469715118408,2280405.0
2019-11-20,3.7499139102726957,3.7563569631332836,3.7112552244291,3.7305843830108643,1704959.0
2019-11-21,3.724139902702143,3.7370263734397797,3.698367329906832,3.704810380935669,764725.0
2019-11-22,3.7112552244291,3.74347048873204,3.7112552244291,3.7305843830108643,818397.0
2019-11-25,3.749912871905761,3.769242393815165,3.698367357254028,3.6983673572540283,3368357.0
2019-11-26,3.704810408330508,3.724139930239912,3.659708682115185,3.6983673572540283,4389399.0
2019-11-27,3.717696802136074,3.7434693745879732,3.691924598364133,3.711254119873047,1480375.0
2019-11-28,3.698367329906832,3.724139902702143,3.698367329906832,3.704810380935669,1678825.0
2019-11-29,3.711254119873047,3.717696802136074,3.6983672806271604,3.711254119873047,1016254.0
2019-12-02,3.730583826233904,3.74991335061087,3.7241404056549072,3.7241404056549072,4616685.0
2019-12-03,3.7305833224109426,3.7370263734397797,3.704810380935669,3.704810380935669,2513042.0
2019-12-04,3.7048108812779414,3.743469930031873,3.7048108812779414,3.7241404056549072,6945421.0
2019-12-05,3.7305836120602334,3.7950148647110895,3.7241401918511547,3.743469715118408,16499389.0
2019-12-06,3.769243147728642,3.8401174611059306,3.769243147728642,3.814344882965088,16984873.0
2019-12-09,3.846561302824359,3.981867629371379,3.846561302824359,3.917436361312866,11310272.0
2019-12-10,3.9238777716847135,3.9496503442762085,3.840116634252385,3.885219097137451,7037509.0
2019-12-11,3.865890410274495,3.943208144743977,3.833674411068848,3.91099214553833,5110239.0
2019-12-12,3.930321268685574,3.968980316299924,3.923878216976516,3.9432077407836914,4385076.0
2019-12-13,3.9496511971130905,3.988309880007812,3.904549461849256,3.91099214553833,3937998.0
2019-12-16,3.930320685863587,3.9432071560507866,3.8916616439819336,3.8916616439819336,2425426.0
2019-12-17,3.8981056927228734,4.033411979675293,3.8981056927228734,4.033411979675293,4917582.0
2019-12-18,4.046298627384166,4.059185101343886,3.917436099867291,3.994753837585449,4501911.0
2019-12-19,4.0527422402313595,4.072071767744402,3.968981077234871,3.981867551803589,3738430.0
2019-12-20,3.9947540263723074,4.039855765662641,3.968981077234871,3.981867551803589,2948548.0
2019-12-23,3.975425004959107,3.9883107438081264,3.94965205254059,3.9754250049591064,2111518.0
2019-12-24,3.975423253476402,4.033411817849419,3.975423253476402,4.020524978637695,1936803.0
2019-12-25,4.026968029563601,4.039854500095368,4.007638508105928,4.020524978637695,811187.0
2019-12-26,4.020525975574856,4.072071501803293,4.020525975574856,4.059185028076172,2188406.0
2019-12-27,4.065628029885275,4.104286713224316,4.033412767669444,4.046298503875732,3492419.0
2019-12-30,4.059185006849075,4.1751617950664865,4.052741954359232,4.136502742767334,3156611.0
2019-12-31,4.14938876202799,4.188047810093595,4.117172765746651,4.155831813812256,1589175.0
2020-01-02,4.142945289611816,4.168718233785702,4.110730031094464,4.142945289611816,1182277.0
2020-01-03,4.1236162185668945,4.136502692068686,4.059184957098064,4.1236162185668945,2602071.0
2020-01-06,4.097844080577488,4.097844080577488,4.001196818004246,4.059185028076172,1252443.0
2020-01-07,4.078513255596691,4.155830967298823,4.078513255596691,4.130058765411377,1618352.0
2020-01-08,4.1107306480407715,4.123616384701627,4.046298646615982,4.1107306480407715,1840432.0
2020-01-09,4.149388311836328,4.188047355707585,4.136501840985921,4.175160884857178,2782199.0
2020-01-10,4.2073772813665276,4.220263016093468,4.142945289611816,4.142945289611816,1600646.0
2020-01-13,4.149388734012369,4.188047781816958,4.149388734012369,4.1622748374938965,1630763.0
2020-01-14,4.168717879937756,4.297580377789103,4.149388357788067,4.2911376953125,2720266.0
2020-01-15,4.297580836133757,4.297580836133757,4.213820056125157,4.246036052703857,1654467.0
2020-01-16,4.226706897172648,4.271808628758811,4.213820056125157,4.246036052703857,1463296.0
2020-01-17,4.246036114078073,4.252479166014941,4.1944909612231065,4.2073774337768555,3144230.0
2020-01-20,4.1816040551500615,4.284695096621512,4.1816040551500615,4.271808624267578,1236278.0
2020-01-21,4.239592580268262,4.278251259537331,4.2138200045288805,4.233149528503418,2945423.0
2020-01-22,4.246035677384516,4.362012443720294,4.246035677384516,4.3233537673950195,4171786.0
2020-01-23,4.329796880552511,4.329796880552511,4.271808675958153,4.284695148468018,1223419.0
2020-01-24,4.284695171819959,4.316910431570164,4.265365647289821,4.304024696350098,2249283.0
2020-01-27,4.3040240567339305,4.355568833354262,4.284694535076331,4.3169097900390625,1861685.0
2020-01-28,4.342683376730358,4.342683376730358,4.2718086992398625,4.304024696350098,3039729.0
2020-01-29,4.297579899106215,4.310466368663981,4.265364646911621,4.265364646911621,2340769.0
2020-01-30,4.278250855639413,4.316909899938793,4.258921702169693,4.2911376953125,1728397.0
2020-01-31,4.271808679644148,4.555307388305664,4.271808679644148,4.555307388305664,4003358.0
2020-02-03,4.587521573583063,4.587521573583063,4.452215671539307,4.452215671539307,2493711.0
2020-02-04,4.471545382651996,4.497318693565328,4.445773177778585,4.458659648895264,2271723.0
2020-02-05,4.477989196777344,4.503761401797786,4.45221625439695,4.477989196777344,2394154.0
2020-02-06,4.510205296689764,4.542421296351292,4.4006722988247375,4.4071149826049805,3616623.0
2020-02-07,4.413556709996494,4.432886230254159,4.362011937109278,4.381341457366943,1706444.0
2020-02-10,4.387786309564383,4.387786309564383,4.1300604959036855,4.239593505859375,3142097.0
2020-02-11,4.342684179745143,4.342684179745143,4.168719164165697,4.220263957977295,2346646.0
2020-02-12,4.233148602962873,4.310466313276183,4.194489932146181,4.252478122711182,2775326.0
2020-02-13,4.239592257430322,4.368455494994511,4.233149206156106,4.3233537673950195,3287294.0
2020-02-14,4.329796314239502,4.362012306960487,4.310466792342904,4.329796314239502,2604431.0
2020-02-17,4.349126310864879,4.3813423071024005,4.342683259089377,4.355569362640381,1627960.0
2020-02-18,4.342683310752203,4.4006718834616,4.329796838367889,4.36845588684082,2403296.0
2020-02-19,4.452216207112512,4.47154536067256,4.368455435645722,4.387784957885742,3362105.0
2020-02-20,4.413557478939318,4.426443950916191,4.181603932795588,4.200933456420898,4675372.0
2020-02-21,4.200932667802718,4.310466368663981,4.142944476492592,4.265364646911621,2832809.0
2020-02-24,4.246036000713111,4.2589221042427985,4.168718273494967,4.233149528503418,1774869.0
2020-02-25,4.27180769735054,4.310466368663981,4.22670597559818,4.265364646911621,2277850.0
2020-02-26,4.278251243058054,4.381342282978495,4.278251243058054,4.336239814758301,3798156.0
2020-02-27,4.310467177844326,4.329796701469637,4.1944907734524595,4.200933456420898,3261670.0
2020-02-28,3.8207875650333722,4.246035984843838,3.7756858341680237,4.1622748374938965,2286236.0
2020-03-02,4.1751622066166645,4.246036897031273,4.02052635085748,4.104287147521973,2169935.0
2020-03-03,4.117172185578276,4.188047219937916,4.117172185578276,4.18160343170166,483733.0
2020-03-04,4.168717879937756,4.316909899938793,4.149388357788067,4.2911376953125,2152402.0
2020-03-05,4.452216602262984,4.690613572808533,4.246035996550084,4.258922100067139,5027423.0
2020-03-06,4.284695171819959,4.3491264286804,4.252479174709724,4.304024696350098,3057668.0
2020-03-09,4.252479147369305,4.252479147369305,3.9883095949558647,4.014082908630371,3089036.0
2020-03-10,4.130059664852487,4.207377393392812,3.795015068471045,3.8014581203460693,3432394.0
2020-03-11,3.8014581203460693,3.8014581203460693,3.8014581203460693,3.8014581203460693,0.0
2020-03-12,3.5437324047088623,3.6661518666491153,3.530845932110932,3.5437324047088623,1995747.0
2020-03-13,3.537289397488491,3.8658902130715838,3.530845976768023,3.853003740310669,2253971.0
2020-03-16,3.7627984459252533,3.7692422340885994,3.640379005939963,3.6532654762268066,2388130.0
2020-03-17,3.640380214132596,3.7692434850491976,3.6017211591216007,3.6725962162017822,3413409.0
2020-03-18,3.6597088658722057,3.7048105943521232,3.582391143032367,3.685481071472168,1206903.0
2020-03-19,3.653266495258091,3.724140811225377,3.6146078109741215,3.614607810974121,2641528.0
2020-03-20,3.6274925356531194,3.7048102513343313,3.6274925356531194,3.6532654762268066,1242501.0
2020-03-23,3.6597084207771906,3.788571645184515,3.5952771772534673,3.782127857208252,2003554.0
2020-03-24,3.7950152665639765,3.9109920497682475,3.7950152665639765,3.878776788711548,2289514.0
2020-03-25,3.8787758285336538,3.904548399679131,3.769242124655422,3.782127857208252,2976877.0
2020-03-26,3.782127991534837,3.8530030255520304,3.7692422585243555,3.827230453491211,1276139.0
2020-03-27,3.820787833845006,3.8465607799813237,3.6339367394569226,3.666152000427246,1270504.0
2020-03-30,3.646822816190187,3.704811022857088,3.6081637659589023,3.691925287246704,1418083.0
2020-03-31,3.6983671719335622,3.8981054320954542,3.6983671719335622,3.8916616439819336,2148401.0
2020-04-01,3.99475310638382,4.078513881410196,3.8658898650940277,3.8981058597564697,1482530.0
2020-04-02,3.9109918746765198,3.936765188408122,3.7756859408957584,3.7950150966644287,846303.0
2020-04-03,3.7950135473196767,3.8658885642562284,3.7885708667070768,3.8465590476989746,487334.0
2020-04-06,3.8658905727084636,4.142945891701878,3.8658905727084636,3.994753837585449,661846.0
2020-04-07,4.078514356703329,4.10428656554869,3.878776788711548,3.878776788711548,1424030.0
2020-04-08,3.885220099308017,4.001196890225282,3.885220099308017,3.994753837585449,1412038.0
2020-04-09,3.9754237487114983,4.0656275789511085,3.968980328302952,4.039855003356934,1222513.0
2020-04-10,4.084956741884719,4.220263040520776,4.052741483180901,4.1622748374938965,1672225.0
2020-04-13,4.188048270160781,4.471546266611459,4.13650274418424,4.4264445304870605,2358237.0
2020-04-14,4.4926089232193505,4.525691718528246,4.227948832346134,4.261031627655029,2647732.0
2020-04-15,4.287497199528294,4.287497199528294,4.042686735084832,4.055919170379639,1580120.0
2020-04-16,4.022837941889922,4.029453971563482,3.9434391496123746,4.002988338470459,1735369.0
2020-04-17,4.042687155927596,4.366895673286503,4.042687155927596,4.247798442840576,5813514.0
2020-04-20,4.300731016803607,4.393361484720561,4.234565423320905,4.267648220062256,2292171.0
2020-04-21,4.254415163578443,4.340430362174724,4.122085486721469,4.214715957641602,3064406.0
2020-04-22,4.241181678037177,4.274263710477951,4.1551665006932,4.208098888397217,2701046.0
2020-04-24,4.227948702978534,4.247798303836578,4.168400279004048,4.181633472442627,1420127.0
2020-04-27,4.208099480720136,4.227948702978534,4.148550678146005,4.181633472442627,2482599.0
2020-04-28,4.194865955477579,4.201483120170155,4.115467929759328,4.122085094451904,1280293.0
2020-04-29,4.108852161169356,4.201483386342172,4.08900255883237,4.148550987243652,1161592.0
2020-04-30,4.181634447621041,4.181634447621041,4.06253719329834,4.06253719329834,1521808.0
2020-05-04,3.9963711302280855,4.128701565875156,3.976521905620747,4.0493035316467285,1676816.0
2020-05-05,4.095618767663543,4.108852341267817,4.029453928439699,4.0493035316467285,687477.0
2020-05-06,4.069153451991795,4.075769860709905,3.9963714416937037,4.016221046447754,1357741.0
2020-05-07,3.9831379217752696,4.108851546297444,3.9699047293310112,4.082385540008545,2382944.0
2020-05-08,4.108851432800293,4.155166658576806,4.075768641903289,4.108851432800293,1943563.0
2020-05-11,4.115467065540333,4.208098643992457,4.115467065540333,4.128700256347656,2067176.0
2020-05-12,4.141934948366629,4.2014833766404065,4.135317783270123,4.1617841720581055,2493517.0
2020-05-13,4.141934666519507,4.16840029630723,4.11546790093284,4.155167102813721,2220759.0
2020-05-14,4.168399965797562,4.168399965797562,4.082385540008545,4.082385540008545,1094875.0
2020-05-15,4.13531783395868,4.13531783395868,4.0691529969767295,4.102235794067383,1189247.0
2020-05-18,4.148551028514876,4.148551028514876,4.082386191532927,4.102235794067383,1576347.0
2020-05-20,4.102234878109912,4.128700504113636,4.036069298702225,4.042686462402344,1860770.0
2020-05-21,4.049302490303681,4.128700504113636,4.042686462402344,4.042686462402344,2335280.0
2020-05-22,4.042687966411002,4.089003207747859,4.036070800249086,4.06253719329834,1437068.0
2020-05-27,4.120231871494008,4.23138910810203,4.112821540493334,4.186926364898682,3800174.0
2020-05-28,4.246210527302682,4.246210527302682,4.157284662296334,4.186926364898682,1426993.0
2020-05-29,4.194337492347613,4.201747444817974,4.105411626509132,4.112821578979492,2023600.0
2020-06-01,4.075768960162963,4.098000330847581,4.06835862946797,4.090590000152588,1797776.0
2020-06-02,4.090590000152588,4.112821370837206,4.075768960162963,4.090590000152588,4360995.0
2020-06-03,4.105411281483969,4.1128212333315854,4.023895374966572,4.038716793060303,4466661.0
2020-06-04,4.046127416390421,4.0683587879410075,4.016485713856189,4.053537368774414,3757111.0
2020-06-05,4.060947811153767,4.105410925783721,4.053536724149388,4.07576847076416,3212969.0
2020-06-08,4.098000538239803,4.127642998318838,4.08317987609977,4.112821578979492,6222038.0
2020-06-09,4.1276428394038716,4.1721055813114605,4.105411468450077,4.149874210357666,9691145.0
2020-06-10,4.157284812037934,4.179516184440362,4.1202320199010005,4.12764310836792,8540030.0
2020-06-11,4.112821578979492,4.172105741938251,4.105411626509132,4.112821578979492,6005766.0
2020-06-12,4.09059098085202,4.135054111480713,4.075769937309122,4.135054111480713,3440713.0
2020-06-15,4.120231250860232,4.335135739304016,4.0979998826072865,4.223978519439697,17394964.0
2020-06-16,4.305493915388867,4.3499566505958525,4.268441131250266,4.2980828285217285,12693949.0
2020-06-17,4.320315361022949,4.327726449888359,4.268442282161322,4.320315361022949,4976597.0
2020-06-18,4.335135865998765,4.409240302807759,4.298083079694859,4.364777565002441,9271621.0
2020-06-19,4.387010097503662,4.453704600501112,4.3277266837721395,4.387010097503662,12451622.0
2020-06-22,4.438883126475714,4.8094072341918945,4.424062086447139,4.8094072341918945,24635793.0
2020-06-23,4.779765694203407,4.824228815791175,4.6019139650516365,4.646377086639404,20892963.0
2020-06-24,4.64637703878084,4.64637703878084,4.431472521219661,4.468524932861328,10452655.0
2020-06-25,4.438883576545423,4.6167356963215616,4.401831162016966,4.550041198730469,10324673.0
2020-06-26,4.57227246157754,4.62414553778797,4.520398628167775,4.535219669342041,5306078.0
2020-06-29,4.542629102716608,4.6908391065638675,4.51298740482683,4.594502925872803,12139147.0
2020-06-30,4.601913720471207,4.6389665091249075,4.5722720195877296,4.579682350158691,5218314.0
2020-07-01,4.5870922937367755,4.698249902295225,4.542629553193099,4.68342924118042,6564520.0
2020-07-02,4.705661112819609,4.742712766573276,4.661197992516288,4.7204813957214355,5770676.0
2020-07-03,4.705660652266115,4.757533719643597,4.594503051686876,4.631555080413818,4962767.0
2020-07-06,4.653787211369216,4.676018583686669,4.616735555172902,4.6241455078125,4847487.0
2020-07-07,4.631555245513409,4.801996628170872,4.624144915223788,4.705660820007324,17120793.0
2020-07-08,4.927976189967684,4.9724393157876925,4.7353034019470215,4.7353034019470215,24988276.0
2020-07-09,4.7501234793678835,4.831638246986996,4.5129876136779785,4.5129876136779785,8243640.0
2020-07-10,4.483346414378048,4.4981666977620876,4.268441893819057,4.424062252044678,7506339.0
2020-07-13,4.535219094815337,4.557450464460607,4.483346025176246,4.527809143066406,4525138.0
2020-07-14,4.512987894866694,4.57968238490996,4.475935105931832,4.505577564239502,4924971.0
2020-07-16,4.5574509726132515,4.7427130379797955,4.5426299316639955,4.6982502937316895,13194668.0
2020-07-17,4.735303085404659,4.779765829652765,4.676018543007975,4.6982502937316895,6890443.0
2020-07-20,4.683429045992165,5.098415869103435,4.683429045992165,5.009490013122559,39667465.0
2020-07-21,5.068774045488786,5.098415744357408,4.750123416403578,4.764944076538086,18329910.0
2020-07-22,4.7797652587023896,4.8316383279289745,4.58709212797683,4.705660820007324,11743652.0
2020-07-23,4.750123831276872,4.846460023563151,4.735302791248297,4.8094072341918945,11728527.0
2020-07-24,4.779766365330483,4.853871199782174,4.742713569504934,4.772356033325195,5902689.0
2020-07-27,4.831639357450352,4.876102484461094,4.779766277170698,4.787176609039307,7820957.0
2020-07-28,4.794586849738869,4.809407132254044,4.6537867831519195,4.68342924118042,8211993.0
2020-07-29,4.698249645359735,4.876101355007434,4.564860673824156,4.824228286743164,12040224.0
2020-07-30,4.861281063591726,4.876101725020662,4.801996903477426,4.8094072341918945,2639360.0
2020-08-04,4.890923062250591,4.890923062250591,4.446293727373234,4.564861297607422,9380366.0
2020-08-05,4.594503501361127,4.7204813957214355,4.453703809700432,4.7204813957214355,7637485.0
2020-08-06,4.816818694453761,4.816818694453761,4.446293800896112,4.535219669342041,7957563.0
2020-08-07,4.616734989092118,4.779765285163264,4.320314582473551,4.742712497711182,8959054.0
2020-08-10,4.653786283402365,4.839049070638438,4.579681849987196,4.757533550262451,9725555.0
2020-08-11,4.80199628603147,4.816817702753929,4.742712133539992,4.757533550262451,6348384.0
2020-08-12,4.772355202019915,4.846460023563151,4.742712743363127,4.8094072341918945,6903784.0
2020-08-13,4.890923103699225,5.039133135647473,4.853870690362079,4.994670391082764,18473663.0
2020-08-14,5.024311746706773,5.024311746706773,4.7871758634488515,4.8094072341918945,11763335.0
2020-08-17,4.809408071951337,4.82422949316132,4.757534990714917,4.772356033325195,4225032.0
2020-08-18,4.764945284893466,4.883513624834437,4.757534952947006,4.861281871795654,3788245.0
2020-08-19,4.86869148117176,4.9427963040371505,4.853870440878754,4.913154602050781,3987135.0
2020-08-20,4.950206335124345,5.05395284575904,4.85386977572125,4.905743598937988,10071990.0
2020-08-21,5.046544285259079,5.283680223392085,4.883513943017192,4.920565605163574,23397543.0
2020-08-24,4.9057449992735185,4.93538670565906,4.831639408210711,4.861281871795654,4729406.0
2020-08-25,4.9131542814499625,4.927975320775844,4.846459793783307,4.876101493835449,4457693.0
2020-08-26,4.853870803894813,4.90574463809975,4.84646047249392,4.898333549499512,4667841.0
2020-08-27,4.913154083748295,4.927975122477789,4.853869928830321,4.8686909675598145,3560279.0
2020-08-28,4.876100972568916,4.876100972568916,4.801996162461106,4.831637859344482,2918569.0
2020-08-31,4.80940661579311,4.80940661579311,4.742712133539992,4.757533550262451,2615322.0
2020-09-01,4.742712383471855,4.831638238295705,4.720481014415795,4.824228286743164,3921454.0
2020-09-02,4.82422940418144,4.831639357450352,4.779766277170698,4.787176609039307,1810773.0
2020-09-03,4.787175500183585,4.853869985951374,4.772354839879284,4.824228286743164,2211517.0
2020-09-04,4.824228340669906,4.942795896027351,4.8019965927657235,4.883512496948242,5341451.0
2020-09-07,4.890923530668911,4.965028363812435,4.890923530668911,4.935386657714844,2838132.0
2020-09-08,4.957617087053918,4.987258787502026,4.905744016619821,4.950206756591797,2397957.0
2020-09-09,4.965028200263273,5.0094909472448945,4.942796826772462,4.972439289093018,3155854.0
2020-09-10,4.987259573754083,5.0094909472448945,4.950207537002521,4.972439289093018,1322558.0
2020-09-11,4.965028363812435,4.965028363812435,4.927976325840371,4.935386657714844,1131960.0
2020-09-14,4.94279624275817,5.002080403195214,4.92797558124855,4.957617282867432,1557253.0
2020-09-15,4.957616944183361,5.046542800164237,4.950206613934793,5.009490013122559,3667439.0
2020-09-16,5.0094909472448945,5.024312367705015,4.950207537002521,4.972439289093018,1898549.0
2020-09-17,4.972437480846828,5.0094891255247305,4.942795029305865,4.979847431182861,1812028.0
2020-09-18,4.994670615757229,5.2095743956198595,4.972439242474845,5.187342643737793,6015228.0
2020-09-21,5.320731089130535,5.320731089130535,5.061364589586821,5.105827331542969,4638097.0
2020-09-22,5.098416305137941,5.142879426230829,5.03172219139808,5.061364650726318,2112689.0
2020-09-23,5.165111008386256,5.165111008386256,5.068774809984072,5.083596229553223,2420505.0
2020-09-24,5.061365496452727,5.09841715705548,5.024312700050845,5.046544075012207,3966371.0
2020-09-25,5.083595587205914,5.091005917454481,4.957616944183361,5.009490013122559,5062906.0
2020-09-28,5.002080101422884,5.076184540299234,4.957616983777532,5.053953170776367,4347219.0
2020-09-29,5.068774469229106,5.142879290495094,5.053953429255981,5.13546895980835,3892497.0
2020-09-30,5.157700938894507,5.2169851057804415,5.135469565612122,5.187342643737793,2630053.0
2020-10-01,5.254036522394077,5.2614476102800944,5.128058629121606,5.13546895980835,2278056.0
2020-10-02,5.120647993128589,5.157700404291926,5.098416243550874,5.105827331542969,2591995.0
2020-10-05,5.135468413045849,5.165110111236572,5.113237044752906,5.165110111236572,2247994.0
2020-10-06,5.172522124117351,5.431888638756182,5.150290751845413,5.254036903381348,11715103.0
2020-10-07,5.224395489034425,5.4022472342526315,5.224395489034425,5.394836902618408,4123003.0
2020-10-08,5.42447770797675,5.439299125986083,5.276267692479266,5.350373268127441,3217032.0
2020-10-09,5.372605080852886,5.4022467835163095,5.291089546679253,5.305910587310791,2275632.0
2020-10-12,5.298499276257523,5.380014801178252,5.2762675285339355,5.2762675285339355,2881434.0
2020-10-13,5.2169845780341175,5.305910440767664,5.209573868623197,5.239216327667236,3234900.0
2020-10-14,5.246625745564851,5.335551599242228,5.231804706852021,5.2836785316467285,3880257.0
2020-10-15,5.3059099850319225,5.3133203152067106,5.261447246783968,5.2762675285339355,2246904.0
2020-10-16,5.313320090134348,5.42447730964522,5.291088721952092,5.34296178817749,4721353.0
2020-10-19,5.372604637942196,5.372604637942196,5.298499440893643,5.350373268127441,3858726.0
2020-10-20,5.357783734462175,5.424477845598503,5.320730945698039,5.402246475219727,4245641.0
2020-10-21,5.40224649722625,5.4170679156719865,5.283678935656695,5.313320636749268,3120725.0
2020-10-22,5.298499191759954,5.32814164778522,5.261447162877285,5.2836785316467285,1910763.0
2020-10-23,5.372604993693568,5.380015324589293,5.261447758659806,5.320731163024902,2928440.0
2020-10-26,5.261447991804768,5.283679364076706,5.165111035693931,5.254036903381348,5769498.0
2020-10-27,5.298499051812979,5.42447730964522,5.224394238805731,5.34296178817749,4721721.0
2020-10-28,5.328141898312686,5.394836007756951,5.3207308107083975,5.350373268127441,2385249.0
2020-10-30,5.2614474102688,5.372604637942196,5.2614474102688,5.350373268127441,4424814.0
2020-11-02,5.342963023988204,5.409657522560795,5.298500277339598,5.33555269241333,5395485.0
2020-11-03,5.335552007218605,5.424477867695588,5.305910306126033,5.313320636749268,6333141.0
2020-11-04,5.313320770969276,5.394836302882191,5.313320770969276,5.365193843841553,4916166.0
2020-11-05,5.372605026844329,5.646792950672703,5.372605026844329,5.602330207824707,7311779.0
2020-11-06,5.587509199193387,5.676435070021403,5.4985833283653704,5.646793365478516,3703903.0
2020-11-09,5.698665618896484,5.795002564476716,5.602329809115122,5.698665618896484,5101856.0
2020-11-10,5.6838452898793275,5.6838452898793275,5.5059935754095415,5.528224945068359,3649949.0
2020-11-11,5.5282246080089195,5.550455976312277,5.4392987561958925,5.476350784301758,3732958.0
2020-11-12,5.491172866098887,5.543045942463422,5.342962832515592,5.461531162261963,5641268.0
2020-11-13,5.424477845598503,5.461530634362639,5.350373403869127,5.402246475219727,4209698.0
2020-11-16,5.409657565886855,5.483763153827197,5.372605529116054,5.394836902618408,4029224.0
2020-11-17,5.42447730964522,5.431887639506107,5.335551458316603,5.34296178817749,3272964.0
2020-11-18,5.328142189789416,5.387425593472121,5.328142189789416,5.365193843841553,2069095.0
2020-11-19,5.372605042267258,5.424478116205614,5.31332088016688,5.3800153732299805,2664963.0
2020-11-20,5.380014757300216,5.40224612624288,5.328141689300537,5.328141689300537,2755357.0
2020-11-23,5.350373425664341,5.394836166603016,5.276267847834195,5.313320636749268,4290071.0
2020-11-24,5.328142325554722,5.335552277954317,5.268858163162124,5.2910895347595215,2627172.0
2020-11-25,5.313320499882686,5.357783618275662,5.246626011593033,5.261447429656982,3452252.0
2020-11-26,5.268857576958757,5.2762675285339355,5.216984129936404,5.2762675285339355,2198623.0
2020-11-27,5.268858323028859,5.313321067572735,5.224395199885318,5.254036903381348,2455081.0
2020-11-30,5.2021637711982605,5.291089637921316,5.165110979680632,5.172522068023682,2560700.0
2020-12-01,5.268857492933899,5.320730560529397,5.194752677969352,5.2836785316467285,5050242.0
2020-12-02,5.291089110488599,5.365193550337907,5.283678780083554,5.350373268127441,5521543.0
2020-12-03,5.4022470277952666,5.424478400448006,5.372605323791504,5.372605323791504,4514246.0
2020-12-04,5.372604783250816,5.387425444461748,5.276267835182336,5.298499584197998,2590460.0
2020-12-07,5.291089253592533,5.387425444461748,5.254036464766307,5.298499584197998,6055885.0
2020-12-08,5.320730954614028,5.320730954614028,5.276267835182336,5.298499584197998,2019209.0
2020-12-09,5.291089253592533,5.335551994424591,5.291089253592533,5.298499584197998,2105773.0
2020-12-10,5.357783598532485,5.4318880383817945,5.298499440893643,5.350373268127441,7216105.0
2020-12-11,5.313320090134348,5.365193156359746,5.283678392091205,5.34296178817749,5671048.0
2020-12-14,5.38742507160177,5.483762013002837,5.3651933241247525,5.417067527770996,9076300.0
2020-12-15,5.417067954209237,5.417067954209237,5.3503734637271245,5.357783794403076,4043222.0
2020-12-16,5.380014757300216,5.409656456357232,5.305909941758267,5.328141689300537,3359762.0
2020-12-17,5.342963066780106,5.409657565886855,5.320731693277751,5.394836902618408,4552556.0
2020-12-18,5.505993952887189,5.543045607192692,5.380015299451314,5.409657001495361,7390667.0
2020-12-21,5.365193550337907,5.42447770797675,5.3207308107083975,5.350373268127441,5154556.0
2020-12-22,5.380015860750277,5.454120312891564,5.365194440282461,5.394836902618408,4863750.0
2020-12-23,5.409656300792089,5.505993239705561,5.394835640989582,5.476350784301758,7691505.0
2020-12-24,5.49858280277579,5.557866963394161,5.424477980602467,5.454119682312012,7950330.0
2020-12-25,5.461530955119488,5.498582988860433,5.424478164179234,5.439299583435059,2883156.0
2020-12-28,5.468941286147746,5.483762705403571,5.431888495207493,5.439299583435059,4051942.0
2020-12-29,5.4541191627425505,5.543045016599225,5.409656425114016,5.505993366241455,9710107.0
2020-12-30,5.520814569935812,5.5282256584444625,5.454120073753312,5.461531162261963,4371269.0
2020-12-31,5.483762264251709,5.513403585980189,5.4615305157561025,5.483762264251709,4771741.0
2021-01-04,5.48376249621818,5.609740011891263,5.476351408273319,5.543045520782471,8051440.0
2021-01-05,5.520813791097573,5.883928303220979,5.491172091442294,5.780181407928467,26137198.0
2021-01-06,5.772771258182789,6.217400552911956,5.728308139410058,5.995085716247559,19361741.0
2021-01-07,6.03213821522588,6.084012047117624,5.898749605760264,5.980265140533447,7574971.0
2021-01-08,6.002495442014866,6.076600253904015,5.906159262278891,5.965442657470703,5393258.0
2021-01-11,6.03954876252557,6.150705990223697,5.965443186860907,6.0247273445129395,7487707.0
2021-01-12,6.076600039473971,6.62497615814209,5.987674192625074,6.62497615814209,14774793.0
2021-01-13,6.839881910804469,7.254868768700389,6.498999118804932,6.498999118804932,32494519.0
2021-01-14,6.513820656286291,6.543461980304559,6.150706486469798,6.158116817474365,17056846.0
2021-01-15,6.135885669879124,6.232221490854278,6.009907009404844,6.076601505279541,9710321.0
2021-01-18,6.09883151578381,6.254451845206876,5.995085008101348,6.150705337524414,13375224.0
2021-01-19,6.224811715808808,6.239632757381633,6.1655275495175035,6.187758922576904,8714384.0
2021-01-20,6.217400868400442,6.217400868400442,6.098832545656669,6.1432952880859375,4999439.0
2021-01-21,6.195169880524836,6.269274329625769,6.10624401156418,6.135885715484619,8907531.0
2021-01-22,6.1136539951211875,6.143295699191087,5.987675711675018,6.04695987701416,4902303.0
2021-01-25,6.084011502164972,6.0914218325716645,6.009906305099931,6.0247273445129395,5011214.0
2021-01-26,6.032138411880606,6.039549500391973,5.950623631649258,5.987675666809082,5630551.0
2021-01-27,6.017317721834735,6.039549092870424,5.720897674560547,5.720897674560547,10186949.0
2021-01-28,5.617151090514056,5.787591726176687,5.557866930249231,5.765360355377197,9833328.0
2021-01-29,5.735718653844424,5.802413144842531,5.609740002581494,5.765360355377197,7013051.0
2021-02-01,5.7727712860301885,5.891338846130177,5.691255757186773,5.802412986755371,7494433.0
2021-02-02,5.832055375843685,6.098832985456118,5.780182298802078,5.958034038543701,10283661.0
2021-02-03,6.009906377238842,6.061780205106841,5.906159857301725,5.995085716247559,6739014.0
2021-02-04,6.0024958546844775,6.024727224059704,5.876517211492429,5.883928298950195,5471408.0
2021-02-05,5.898749387949038,5.935801799132419,5.824644565582275,5.824644565582275,5627548.0
2021-02-08,5.861697515798398,5.869107846798037,5.73571886000733,5.787591934204102,6420269.0
2021-02-09,5.809823107583745,5.9135700028762574,5.772771077664551,5.780181407928467,7667803.0
2021-02-10,5.8172350604553325,5.8394668132005405,5.765361223116309,5.772772312164307,5802465.0
2021-02-11,5.772771628011031,5.832055032973365,5.743129168330563,5.750540256500244,5325775.0
2021-02-12,5.735718962050161,5.743129293181635,5.639382764342708,5.669024467468262,6108046.0
2021-02-15,5.750540353443076,5.809823759404811,5.7431292651484585,5.757950305938721,7277150.0
2021-02-16,5.809823351560855,5.81723406073559,5.646792671511878,5.728308200836182,7211329.0
2021-02-17,5.750540283083671,5.772771654697229,5.646792998821209,5.661614418029785,5544409.0
2021-02-18,5.691256084348288,5.698666036706008,5.587508800747542,5.617151260375977,6961003.0
2021-02-19,5.631971676011916,5.691256218062001,5.580098600892282,5.669024467468262,8617545.0
2021-02-22,5.71348709640808,5.824644325374103,5.624561237515338,5.654202938079834,11813048.0
2021-02-23,5.669025427594835,5.68384684956731,5.513405040080527,5.520815372467041,6980641.0
2021-02-24,5.483763109907624,5.505994483231927,5.33555269241333,5.33555269241333,7452536.0
2021-02-25,5.380015860750277,5.4244786077549865,5.276268567673357,5.394836902618408,6984461.0
2021-02-26,5.261447698700712,5.372604932467734,5.239216327667236,5.239216327667236,7424101.0
2021-03-01,5.291089436119878,5.461530831921649,5.291089436119878,5.409657001495361,6931958.0
2021-03-02,5.409657317442214,5.52081455844865,5.37260528237307,5.446710109710693,8648386.0
2021-03-03,5.476351912262076,5.639382989665016,5.468941580834521,5.5875091552734375,10015542.0
2021-03-04,5.587509126394785,5.987675729206999,5.557867422238094,5.809823989868164,40357230.0
2021-03-05,5.928391772483042,6.076601036755625,5.8468758631439,5.854286193847656,29605089.0
2021-03-08,5.861697515798398,5.935801961593737,5.780181981804116,5.787591934204102,15388688.0
2021-03-09,5.824643640838049,6.239631185966226,5.787590856937677,6.150705337524414,40512850.0
2021-03-10,6.15811632063039,6.180347690450091,6.017317392705868,6.0247273445129395,11481256.0
2021-03-11,6.150706062005205,6.343378440824018,6.121063604233625,6.217400550842285,19462523.0
2021-03-12,6.224810862458371,6.247042232470105,6.084011554718018,6.084011554718018,10272836.0
2021-03-15,6.1210635133665665,6.26186319804336,6.0766007738683125,6.113653182983398,8604675.0
2021-03-16,6.1284746602037865,6.150706030167863,6.017317431783776,6.069190502166748,7174670.0
2021-03-17,6.054369177803249,6.187758156852345,5.950623035430908,5.950623035430908,10067688.0
2021-03-18,5.972854427506711,6.009906459089166,5.839465826571123,5.861697196960449,5427093.0
2021-03-19,5.795003327089655,5.97285506642849,5.757950534344365,5.809823989868164,8574823.0
2021-03-22,5.446709476292239,5.720897381275031,5.313320499717091,5.483762264251709,11833629.0
2021-03-23,5.483762465266741,5.906160023172499,5.372604854512939,5.854286193847656,10764561.0
2021-03-24,5.876516778778737,6.032137110145542,5.876516778778737,5.928390979766846,10200345.0
2021-03-25,5.928391959214941,6.009906735322715,5.817234344959906,5.839466094970703,10536480.0
2021-03-26,5.891339006640128,5.906160046706334,5.639382461313544,5.765360355377197,7615334.0
2021-03-29,5.765360084169155,6.335968017578125,5.765360084169155,6.335968017578125,25367967.0
2021-03-30,6.380432332648744,6.654620287314179,6.084012625459326,6.12106466293335,46285659.0
2021-03-31,6.165527014575552,6.298915619958385,5.869107723236084,5.869107723236084,14795048.0
2021-04-01,5.958032957537297,6.084011218780548,5.9506226274757665,6.032137393951416,11429382.0
2021-04-02,6.076601176100394,6.113653587668112,5.950623279649871,6.017317771911621,6585520.0
2021-04-05,6.03954876252557,6.084011502164972,5.9950856442865454,6.0247273445129395,6333766.0
2021-04-06,6.017317895765891,6.032138179218661,5.935801982879639,5.935801982879639,4579145.0
2021-04-07,5.928391810304512,5.965443464059672,5.854286231196354,5.898749351501465,8205901.0
2021-04-08,5.9061600003429175,6.061780351917,5.9061600003429175,5.943212032318115,8660855.0
2021-04-09,5.950623057117385,5.995085797896037,5.765360249007685,5.861697196960449,5892628.0
2021-04-12,5.9061600003429175,5.995085861442445,5.832054800593615,5.943212032318115,7002349.0
2021-04-13,5.956507233006773,5.9875304398878235,5.584225184229507,5.801389217376709,13616521.0
2021-04-14,5.801389538430889,5.902216452292765,5.762611022989741,5.824657440185547,5273469.0
2021-04-15,5.840170271384815,5.987531825979594,5.731588031552341,5.917728900909424,8249689.0
2021-04-16,5.917727777178936,6.3753241592232115,5.894459875743903,6.282253742218018,27071023.0
2021-04-19,6.29000989343123,6.344301403151847,6.057333636215047,6.24347448348999,15775405.0
2021-04-20,6.23571919487331,6.290009912266483,6.018555136565589,6.026310443878174,5964044.0
2021-04-21,5.987530991421602,6.103868919493026,5.770366542025612,5.832414150238037,7554627.0
2021-04-22,5.739344171218464,5.871193119961507,5.739344171218464,5.79363489151001,5858112.0
2021-04-26,5.739344706909042,5.948753092384126,5.739344706909042,5.93324089050293,4938888.0
2021-04-27,5.917729090453207,5.995288118707073,5.878950170693876,5.8867058753967285,3944305.0
2021-04-28,5.8867051601674465,5.948752375231859,5.80914653758195,5.909972667694092,3359817.0
2021-04-29,5.894460258367049,5.987531077658665,5.886704951126922,5.925484657287598,2301360.0
2021-04-30,5.93323981653918,6.1659160664747334,5.925484509492488,6.088357448577881,7204553.0
2021-05-03,6.1193802656053835,6.189183175734677,6.088357058182896,6.134892463684082,4153320.0
2021-05-04,6.1426493101460355,6.173672523344572,6.0030434638949695,6.034066677093506,4526223.0
2021-05-05,6.034066256933293,6.150404189878384,6.02631055323496,6.111625671386719,4585835.0
2021-05-06,6.111625724050094,6.243474669282967,6.103869227794892,6.212451457977295,5848846.0
2021-05-07,6.243474669257468,6.3055218843585985,6.111625724025133,6.165916442871094,6994526.0
2021-05-10,6.173671990417884,6.266742414469511,6.158160583280122,6.235719203948975,5365395.0
2021-05-11,6.189183950411508,6.25898686927777,6.158160739105962,6.165916442871094,4217893.0
2021-05-12,6.4994176692111285,6.701070698100964,6.40634725385542,6.437371253967285,12868922.0
2021-05-17,6.476151094891888,6.6235130363093155,6.476151094891888,6.608001232147217,8895944.0
2021-05-18,6.623513197920007,6.639024606215548,6.538198471069336,6.538198471069336,5399773.0
2021-05-20,6.522686306761199,6.894968032836914,6.491663093751583,6.894968032836914,11175612.0
2021-05-21,6.825164691720094,6.972526619967862,6.639023850900273,6.8561882972717285,9791878.0
2021-05-24,6.856188330386553,7.042329172105419,6.801897218531468,6.941503047943115,5762512.0
2021-05-25,6.9415033846079925,6.949259484532033,6.561465583190453,6.631268501281738,6796580.0
2021-05-26,6.670047654244214,6.747606274178215,6.569221131334007,6.654536247253418,4401847.0
2021-05-27,6.662291871668989,6.693316272107551,6.545953936229601,6.561465740203857,3488467.0
2021-05-28,6.5149305158873805,6.63126844760108,6.468395105454893,6.576977729797363,3793855.0
2021-05-31,6.576977187613277,6.7631180215083715,6.561464989169544,6.693315505981445,4315058.0
2021-06-01,6.646780304884803,6.708826726807033,6.6080009939996485,6.631268501281738,3031933.0
2021-06-02,6.608000704849818,6.732093939509279,6.592488505680514,6.646780014038086,5037810.0
2021-06-03,6.670047789967646,6.825165032992005,6.670047789967646,6.8018975257873535,4115929.0
2021-06-04,6.817410014052545,7.073353396623604,6.763118897447767,7.042329788208008,9585452.0
2021-06-07,7.050086128545682,7.135400856471697,6.988038909601291,7.019062519073486,3794801.0
2021-06-08,7.019061908837252,7.1121327291622745,6.972526894919751,7.011305809020996,2898672.0
2021-06-09,7.011305807824354,7.034573314779133,6.918234987515216,6.964770793914795,2118413.0
2021-06-10,6.949259943400125,7.01906246985554,6.840677707253867,6.894968032836914,2693171.0
2021-06-11,6.871701050971681,7.026819109140121,6.832922130797178,6.925992965698242,2670165.0
2021-06-14,6.933747125550559,6.949259325042625,6.7941412925720215,6.7941412925720215,2123109.0
2021-06-15,6.786386464962965,6.8484328898465,6.693316431392628,6.701071739196777,2995068.0
2021-06-16,6.7088263052152275,6.778629615164992,6.670047393012007,6.732093811035156,2489051.0
2021-06-17,6.701071265579671,6.832920998812175,6.701071265579671,6.7941412925720215,2833648.0
2021-06-18,6.801896840310526,6.848431850030155,6.73985042484767,6.817409038543701,2587332.0
2021-06-21,6.801897182658566,6.825164688689463,6.747606071089809,6.809653282165527,2156128.0
2021-06-22,6.81740975503904,6.933747291564941,6.786386147802122,6.933747291564941,3191606.0
2021-06-23,6.941502351359371,7.065596761712331,6.863943741133727,7.057839870452881,4036180.0
2021-06-24,7.057841089206316,7.282761652443078,7.003550765914391,7.166423320770264,5773267.0
2021-06-25,7.143156273972374,7.174179883920142,6.980282916114166,6.988039016723633,4904488.0
2021-06-28,6.98028178977297,7.14315512134987,6.941502877963217,7.088864803314209,4878719.0
2021-06-29,7.057840176646454,7.181934592383059,7.057840176646454,7.158667087554932,4634301.0
2021-06-30,7.150911835878523,7.267249373805913,7.135400428318217,7.236226558685303,3090446.0
2021-07-01,7.197447111958388,7.360320463450966,7.197447111958388,7.344809055328369,2779589.0
2021-07-02,7.344807780924212,7.45338920392247,7.1509108543396,7.1509108543396,4336816.0
2021-07-05,7.15091118899521,7.15091118899521,7.034572869101937,7.050085067749023,2708592.0
2021-07-06,7.065598088887251,7.112133105265614,7.011306179792412,7.042329788208008,2041037.0
2021-07-07,7.03457392756454,7.0733536375273065,6.964771400619666,7.019062519073486,2027610.0
2021-07-08,7.01130628195766,7.1819357344847345,6.995794873768868,7.104376316070557,3857640.0
2021-07-09,7.081108945527789,7.112133347490072,6.988038909601291,7.019062519073486,2541604.0
2021-07-12,7.01906166595181,7.042329172105419,6.86394442993442,6.941503047943115,2167168.0
2021-07-13,6.902724688474527,6.941503604342219,6.817409964079528,6.825165271759033,1385777.0
2021-07-14,6.801897250586324,7.034573105708925,6.732093939306548,7.026817798614502,2287279.0
2021-07-16,7.026818354336857,7.05008586244025,6.933747529433228,6.957015037536621,906059.0
2021-07-19,6.918234619594312,6.980281829833984,6.902724005769358,6.980281829833984,330946.0
2021-07-26,6.98028178977297,7.096620110182176,6.957014284189124,7.088864803314209,1730554.0
2021-07-27,7.088864919126013,7.24398136138916,7.073352720156708,7.24398136138916,2305161.0
2021-07-28,7.251738007548768,7.39909913782209,7.174178600311279,7.174178600311279,2204887.0
2021-07-29,7.181934837389053,7.275005652366544,7.166422638647818,7.2284698486328125,2080128.0
2021-07-30,7.23622594411179,7.267248756597629,7.073352612356254,7.181934833526611,2254181.0
2021-08-02,7.1509108543396,7.228469466475458,7.112131944516635,7.1509108543396,1656896.0
2021-08-03,7.150911232396556,7.275005652366544,7.143155133025939,7.2284698486328125,2138348.0
2021-08-04,7.2207150700376435,7.492170672762765,7.2207150700376435,7.259494781494141,4243014.0
2021-08-05,7.251739233477116,7.306029559737368,7.23622703241125,7.282762050628662,1235514.0
2021-08-06,7.290516777000578,7.383587598499876,7.282761469576491,7.360320091247559,1408446.0
2021-08-09,7.3603198814549815,7.414610994326262,7.344808474558904,7.3758320808410645,1065618.0
2021-08-10,7.383587626924795,7.445634841496527,7.360320119582904,7.399099826812744,1402851.0
2021-08-11,7.406855134266686,7.461147041384476,7.313785104899122,7.399099826812744,2846576.0
2021-08-12,7.3990995912500725,7.484414310447559,7.368075984951895,7.468902111053467,1629325.0
2021-08-13,7.44563426655714,7.755868730479948,7.422366761011927,7.523192882537842,5904623.0
2021-08-16,7.6240201039192845,8.159175130504106,7.6240201039192845,7.717090129852295,9838606.0
2021-08-17,7.717090308948408,7.864451450925594,7.569728374481201,7.569728374481201,3942094.0
2021-08-18,7.592995104104749,7.879962843820562,7.592995104104749,7.709333419799805,5617431.0
2021-08-19,7.717089562624605,7.841183185577393,7.585239840584161,7.841183185577393,3153859.0
2021-08-20,7.841183629062827,7.887718641240829,7.717089999091493,7.755868911743164,2673841.0
2021-08-23,7.755869181205098,7.887718915283614,7.755869181205098,7.8644514083862305,2039450.0
2021-08-24,7.895474410642311,8.166929957813895,7.895474410642311,8.143662452697754,3580381.0
2021-08-25,8.10488497168148,8.143664685835777,7.701579589931595,7.918744087219238,2200658.0
2021-08-26,7.887717842187287,8.112638365745704,7.887717842187287,8.097126960754395,1903630.0
2021-08-27,8.104882467334072,8.430629905102215,8.066103557652339,8.376338005065918,4255047.0
2021-08-31,8.422873531648483,8.616771261940693,8.399606025910611,8.508188247680664,3162844.0
2021-09-01,8.52370044649923,8.585746864303562,8.283268497221254,8.508188247680664,3416798.0
2021-09-02,8.430631480799628,8.508189314658768,8.337560653686523,8.337560653686523,1703059.0
2021-09-03,8.337560960286229,8.337560960286229,8.081616770680832,8.112640380859375,4070353.0
2021-09-06,8.112638365745704,8.291023089350372,8.073858664532564,8.097126960754395,2707015.0
2021-09-07,8.089372023730213,8.182442844513726,8.035080909729004,8.035080909729004,2122988.0
2021-09-08,8.011813318630505,8.174686675036627,7.949766891778241,8.104884147644043,2343682.0
2021-09-09,8.058347419953682,8.298779353289538,8.058347419953682,8.291023254394531,2250507.0
2021-09-10,8.298781384900446,8.322048894791617,8.104884412487179,8.120396614074707,2209880.0
2021-09-13,8.120396348724679,8.182443568067038,8.104884147644043,8.104884147644043,2051690.0
2021-09-14,8.120396614074707,8.18244383544458,8.104884412487179,8.120396614074707,1722894.0
2021-09-15,8.112638848379579,8.197952769642114,8.112638848379579,8.143662452697754,1164608.0
2021-09-16,8.12039616347591,8.182443381402798,8.10488396274915,8.159175872802734,1191760.0
2021-09-17,8.143664443990062,8.275514200214797,7.879964931540592,7.895476341247559,5849917.0
2021-09-20,7.794648887694081,8.03508084895373,7.763625281000898,7.8644514083862305,2077144.0
2021-09-21,8.104882595776964,8.12039479388743,7.786892836881622,7.802403450012207,2766256.0
2021-09-22,7.841184111279448,7.895475226322572,7.76362548871642,7.848939418792725,1695966.0
2021-09-23,7.879964704342083,8.089373088044194,7.825672790707695,8.050593376159668,2449722.0
2021-09-24,8.027324344459577,8.291023799322174,8.019569037544779,8.17468547821045,3565199.0
2021-09-27,8.174686942160697,8.244490264324336,8.050593291911069,8.120396614074707,2286042.0
2021-09-28,8.120395522192833,8.15917522845715,7.934254675602138,7.973034381866455,3977437.0
2021-09-29,7.99630148192084,8.004056788787244,7.887718468401508,7.903230667114258,2227906.0
2021-09-30,7.903232344269695,8.058349609375,7.794650100197952,8.058349609375,4191386.0
2021-10-01,7.988545986510442,8.004058187934799,7.794649808626869,7.825672626495361,3976342.0
2021-10-04,7.810161056776853,7.9497660976158135,7.771381350439356,7.779136657714844,4163500.0
2021-10-05,7.786892180513031,7.918741098398616,7.763623885308649,7.810159683227539,4043160.0
2021-10-06,7.794648857245849,7.817916364052342,7.717090237060867,7.779136657714844,2472511.0
2021-10-07,7.786894500404802,7.856697029344074,7.779137607202513,7.825672626495361,2806152.0
2021-10-08,7.83342951969765,7.879964538990499,7.802405116848937,7.825672626495361,3096685.0
2021-10-11,7.833428252457131,7.887718571189317,7.8101607465747716,7.872207164764404,2514599.0
2021-10-12,7.8566974365430875,8.058349725590126,7.825673032086433,7.980791091918945,6480061.0
2021-10-13,7.988546371459961,8.019570775803668,7.918743839157066,7.988546371459961,2920717.0
2021-10-14,7.996301965520282,8.042836979492927,7.926498652071295,7.949766159057617,8357943.0
2021-10-15,7.988545986510442,7.99630287971273,7.810162010051226,7.825672626495361,3014756.0
2021-10-18,7.841182717080766,7.9032299210949235,7.83342741094642,7.8877177238464355,2732800.0
2021-10-19,7.903232102127337,7.918743511166567,7.82567267946084,7.856697082519531,1942023.0
2021-10-20,7.864451165847801,7.895474771584221,7.79464864730835,7.79464864730835,2150676.0
2021-10-21,7.794648290975711,8.143662452697754,7.794648290975711,8.143662452697754,6813850.0
2021-10-22,8.112639487578862,8.353071449376037,8.050592274053779,8.283268928527832,5406670.0
2021-10-25,8.275511888905498,8.477164913716267,8.275511888905498,8.376338005065918,5061985.0
2021-10-26,8.453898535186644,8.500433549997608,8.384095220480164,8.469409942626953,2967131.0
2021-10-27,8.469411277304928,8.477167378492368,8.360829030641392,8.407364845275879,3225391.0
2021-10-28,8.407363313389224,8.546968354385085,8.39960642112499,8.53145694732666,2775608.0
2021-11-01,8.531457128342304,8.562479943117378,8.345316277241709,8.384095191955566,3058896.0
2021-11-02,8.399605751037598,8.492676563433365,8.35307074108469,8.399605751037598,3994042.0
2021-11-03,8.399606285303712,8.438385991057727,8.298780159829272,8.430630683898926,3129754.0
2021-11-04,8.461653843245303,8.570236865295096,8.45389853576963,8.562479972839355,2987365.0
2021-11-05,8.577991520600749,8.717597346919309,8.570236213714699,8.66330623626709,5431833.0
2021-11-08,8.647794856615409,8.702085972409964,8.609015148552134,8.655550956726074,4375194.0
2021-11-09,8.686574564678684,8.779645388536515,8.655550956726074,8.655550956726074,5434596.0
2021-11-10,8.671063232051296,9.027833570468337,8.671063232051296,8.996809959411621,7235433.0
2021-11-11,9.035588461446347,9.423381566502616,8.919250133684454,9.400114059448242,8482966.0
2021-11-12,9.400115296401232,9.625035881673988,9.268265544083103,9.50094223022461,5983739.0
2021-11-15,9.578497442369768,10.377351838088249,9.376845214999628,10.2067232131958,7557864.0
2021-11-16,10.20672470284634,10.29979473137289,9.54747602581653,9.578498840332031,7808528.0
2021-11-17,9.617278170142301,9.880977630615234,9.617278170142301,9.880977630615234,5205357.0
2021-11-18,9.950781386775159,10.377354236323297,9.950781386775159,10.167945861816406,8404265.0
2021-11-19,10.183457071488808,10.369597918761238,9.873222590198097,9.896490097045898,5246188.0
2021-11-22,9.904245336557585,10.237747322413849,9.904245336557585,10.152433395385742,4422285.0
2021-11-23,10.31530818491226,11.15294250591301,10.31530818491226,11.059871673583984,15649071.0
2021-11-24,11.300301892547832,12.075888077752971,11.106404950001549,11.246010780334473,15836173.0
2021-11-25,11.339082245777961,11.897504806518555,11.339082245777961,11.897504806518555,9534499.0
2021-11-26,11.944039317104247,11.998330430124858,11.42439569355126,11.951794624328613,8131111.0
2021-11-29,12.052619436624605,12.331831071001124,11.672582479403681,11.91301441192627,8061781.0
2021-11-30,11.94403950808368,12.254273991739092,11.711363645342121,12.037110328674316,9217296.0
2021-12-01,12.238762274230282,12.642068386855318,12.037110802897868,12.59553337097168,9093874.0
2021-12-02,12.742895578188566,12.905768939812356,12.293055204771003,12.432661056518555,6662371.0
2021-12-03,12.486950315391638,13.433167585940918,12.455927499873019,13.301316261291504,9820684.0
2021-12-06,13.409901096183034,13.712378721640059,12.541243175948942,12.603289604187012,14581600.0
2021-12-07,12.820452191779939,12.88249860702378,12.68084637062389,12.87474250793457,7341065.0
2021-12-08,12.921278608564874,12.96781441453968,12.735137762135693,12.882499694824219,6232446.0
2021-12-09,12.882500038015092,12.913523645328096,12.673090886774826,12.828208923339844,7774812.0
2021-12-10,13.037616934766868,13.231513088450173,12.7584060613681,12.882499694824219,13212655.0
2021-12-13,12.898010157071976,13.099663188218795,12.866987345347807,12.975568771362305,8804387.0
2021-12-14,13.115175962360574,13.161710977291685,12.913523702665739,13.09190845489502,7327318.0
2021-12-15,13.898518978771564,14.317335695121768,13.239270297018459,13.495214462280273,17254074.0
2021-12-16,13.727889855010536,14.146706581115723,13.572772607748618,14.146706581115723,13508583.0
2021-12-17,14.968828620910047,15.248040285103917,12.781673490521431,13.898518562316895,15299441.0
2021-12-20,13.898518355344173,14.526744194180019,13.262537209416772,13.960565567016602,14125223.0
2021-12-21,13.945052908690265,13.945052908690265,12.564508438110352,12.564508438110352,6694612.0
2021-12-22,11.804433920249064,12.114668410390838,11.30805778503418,11.30805778503418,9512365.0
2021-12-23,11.478687428386012,11.633803872937042,10.5402263215608,11.246010780334473,6255544.0
2021-12-24,11.401129243246416,11.509711479348102,11.176209463100125,11.447664260864258,7488958.0
2021-12-27,11.47868909282057,11.788923611887297,10.90475428155899,11.052115440368652,10600244.0
2021-12-28,11.191718680003223,11.25376588633748,10.70309871322329,10.819437026977539,4743595.0
2021-12-29,10.873729715582447,11.897504806518555,10.83495000786197,11.897504806518555,9990313.0
2021-12-30,12.393880122741715,12.61880068351319,11.82770146329114,11.90526008605957,15692981.0
2021-12-31,12.02159773127693,12.254273586320679,11.424395498258981,11.680338859558105,6669935.0
2022-01-03,11.866480094679806,12.176715370825239,11.486443089948933,12.037110328674316,5378647.0
2022-01-04,12.060377837799106,12.300809007930892,12.013842031250675,12.130180358886719,5082894.0
2022-01-05,12.303020162505314,12.491572174117318,12.185174854214505,12.468003273010254,3256222.0
2022-01-06,12.428722065143639,12.55442313890008,12.130181312561035,12.130181312561035,4596745.0
2022-01-07,12.12232505140527,12.240170362928989,11.823784291266623,11.902347564697266,4613101.0
2022-01-10,11.957341202233112,12.177318675435227,11.902346833932583,11.98876667022705,4235185.0
2022-01-11,12.090897314267366,12.122322778298004,11.768787712775191,11.973052024841309,3490250.0
2022-01-12,12.012336853532847,12.130182170407936,11.705939511310946,11.823784828186035,4958251.0
2022-01-13,11.839495037861212,11.910201728850334,11.658798822963433,11.666654586791992,4111221.0
2022-01-14,11.666656341989958,11.988766790081453,11.658800576979532,11.863065719604492,5320781.0
2022-01-17,11.918059596636024,12.153750213718151,11.89449069547891,12.130181312561035,4389450.0
2022-01-18,12.138036411683249,12.350157313212314,11.533099174499512,11.533099174499512,4587659.0
2022-01-19,11.430966613791792,11.611662857138823,11.226702272493117,11.58023738861084,4750903.0
2022-01-20,11.61166335817426,11.776646472998474,11.234559325077633,11.313121795654297,3991369.0
2022-01-21,11.320978203141285,12.043759935185495,11.320978203141285,11.815927505493164,7502955.0
2022-01-24,11.753076194333026,12.436576672522406,11.713794160891306,11.729506492614746,9489447.0
2022-01-25,12.216600269238665,12.216600269238665,11.540954738695907,11.878777503967285,6075850.0
2022-01-26,11.957339522843082,12.028047016587552,11.643085689795619,11.666654586791992,4663810.0
2022-01-27,11.470249466310461,11.76093366605596,11.313122112490094,11.705939292907715,3328033.0
2022-01-28,11.745221551187825,11.98876795070894,11.627377037068282,11.823784828186035,4948503.0
2022-01-31,11.870921152666764,12.303019523620605,11.870921152666764,12.303019523620605,5062514.0
2022-02-01,12.303019834005033,12.483715272838142,12.13018096291633,12.138036727905273,3381394.0
2022-02-02,12.224456052756894,12.232311817416766,11.925915321285116,11.941628456115723,2414862.0
2022-02-03,11.980911169460654,12.004480874621628,11.753077911037701,11.768790245056152,1813701.0
2022-02-04,11.760932213042807,11.99662201052159,11.658800047744212,11.910202980041504,2830543.0
2022-02-07,11.933771980807734,12.098755081269887,11.745219980673193,12.090898513793945,2763314.0
2022-02-08,12.083043116100296,12.303020604679604,12.03590531219202,12.177319526672363,3498949.0
2022-02-09,12.200886296564157,12.263737225962554,11.988765413288784,12.122323036193848,3953345.0
2022-02-10,12.130181485634012,12.216601326280127,11.996623039245605,11.996623039245605,2693686.0
2022-02-11,11.980910514148498,12.075186921369218,11.839497107450649,12.035904884338379,1942551.0
2022-02-14,11.753076820938295,11.8316392864994,11.210989707625204,11.4309663772583,4922847.0
2022-02-15,11.438822772289125,11.713794608625117,11.368116072697918,11.533099174499512,2893268.0
2022-02-16,11.595949721497094,11.690225324325567,11.564524252969111,11.58023738861084,1795620.0
2022-02-17,11.59594874612208,11.729506374065409,11.415253320729434,11.517385482788086,1879492.0
2022-02-18,11.517386065186262,11.658800267440487,11.485961400467943,11.627375602722168,1586517.0
2022-02-21,11.635232190674563,11.705938895426195,11.085289280621247,11.226702690124512,3517087.0
2022-02-22,10.951729755533057,10.951729755533057,10.566769997221297,10.88887882232666,4526289.0
2022-02-23,10.84959803267428,10.959586768883861,10.606051660032417,10.661046028137207,4486308.0
2022-02-24,9.616153463187079,10.056108427654733,9.600441932678223,9.600441932678223,7369280.0
2022-02-25,9.741854993263503,10.52748848635751,9.490452050701892,10.040395736694336,5489511.0
2022-02-28,9.741856513976899,9.977547160625468,9.443315723943554,9.624011993408203,5114780.0
2022-03-01,9.639720706913986,9.8125611596349,9.482594993021753,9.616151809692383,2614083.0
2022-03-02,9.62401136479407,9.741855877665484,9.459028244018555,9.459028244018555,2512069.0
2022-03-03,9.427601494371855,10.221091587179169,9.427601494371855,10.056108474731445,7333584.0
2022-03-04,10.056108824952,10.221091943145533,9.781136961296113,10.048253059387207,5347767.0
2022-03-07,10.04825281438201,10.3546501410928,9.953976405103495,10.331080436706543,4911055.0
2022-03-08,10.21323455245767,10.527487602200363,10.173952519862135,10.221090316772461,3789881.0
2022-03-09,10.283940853490927,10.983154424286225,10.1660963657338,10.920304298400879,7925573.0
2022-03-10,10.998867197448627,11.572379736784827,10.998867197448627,11.336689949035645,9353600.0
2022-03-11,11.375971147105876,11.643086399691652,11.12456822589057,11.242413520812988,6452842.0
2022-03-14,11.32097889158239,11.470248866461086,11.187420447130782,11.203133583068848,3812155.0
2022-03-15,11.195276260375977,11.234558294817475,11.030293160681467,11.195276260375977,3285842.0
2022-03-16,11.203133981528671,11.28955302123973,11.132427275559026,11.187420845031738,2477346.0
2022-03-17,11.203134127224622,11.25812850016805,11.124570049229275,11.155996322631836,2926313.0
2022-03-18,11.210989033161729,11.973052770261457,11.210989033161729,11.949483871459961,11850036.0
2022-03-21,11.918058744695328,12.263738077637393,11.863065181096834,11.910202980041504,4942037.0
2022-03-22,11.9651987161358,12.106612129158398,11.89449120686898,11.957342147827148,4134801.0
2022-03-23,12.012336537207355,12.318733871360777,11.918060125638792,12.051618576049805,8415211.0
2022-03-24,12.098757196685842,12.38944141381077,12.059475155193272,12.145895004272461,4445116.0
2022-03-25,12.208743781247758,12.216601151974116,12.051618041118823,12.130181312561035,3087304.0
2022-03-28,12.21660021037569,12.515140137192743,12.177318176304516,12.193031311035156,4014038.0
2022-03-29,12.25588255596558,12.884389538958674,12.161606147276641,12.4601469039917,11747512.0
2022-03-30,12.507284372582848,12.522996704558063,12.130180377623446,12.193031311035156,4309396.0
2022-03-31,12.295164363234228,12.632987976074219,12.177319850331369,12.632987976074219,5331460.0
2022-04-01,12.570136255200824,12.617274057441401,12.358014539607256,12.499428749084473,4523694.0
2022-04-04,12.570136255200824,12.727262797839737,12.460146712047,12.499428749084473,7371787.0
2022-04-05,12.538709165098554,13.002232997562928,12.538709165098554,12.805825233459473,9861201.0
2022-04-06,12.750831277214768,12.750831277214768,12.41300849923496,12.452290534973145,6511885.0
2022-04-07,12.48371569508261,12.750831782628103,12.460146793807667,12.648698806762695,4651839.0
2022-04-08,12.711549567258968,12.939383614317542,12.664411765369431,12.750831604003906,4540581.0
2022-04-11,12.829394531115168,13.080797472384921,12.735118929861173,12.790112495422363,7401244.0
2022-04-12,12.80582563080167,12.91581436743497,12.538709554152609,12.790112495422363,6807358.0
2022-04-13,12.879269538579221,12.944112774140983,12.56316466607843,12.652322769165039,5887519.0
2022-04-14,12.709060212806294,12.709060212806294,12.5469541874382,12.579376220703125,3938668.0
2022-04-15,12.58748144611781,12.82253457194057,12.579376765641792,12.676639556884766,4262697.0
2022-04-18,12.6847431106267,12.725269822172345,12.603691343917948,12.619900703430176,2673481.0
2022-04-19,12.676638649090576,12.854954029663697,12.62800725695166,12.733375549316406,8384684.0
2022-04-20,12.806323787766765,12.830639486020218,12.619902054171368,12.668534278869629,6956911.0
2022-04-21,12.749585613813872,13.252113031083525,12.733375425988331,13.025164604187012,11250084.0
2022-04-22,13.008954742900293,13.008954742900293,12.611797238104016,12.644218444824219,6325936.0
2022-04-25,12.619902475799233,12.660429193036546,12.47400828140423,12.595586776733398,5499112.0
2022-04-26,12.700955499569002,12.806323801510832,12.43348199030261,12.522639274597168,6424224.0
2022-04-27,12.53884835086337,12.822532833854364,12.384848676206104,12.7576904296875,5293395.0
2022-04-28,12.75769247267292,12.83874507676545,12.636113152438444,12.782008171081543,3328899.0
2022-04-29,12.822535062727642,12.86306095123291,12.733376948548129,12.86306095123291,2446404.0
2022-05-05,12.927902777045057,13.000849869942336,12.814428141108174,12.879270553588867,5335481.0
2022-05-06,12.846849407297398,13.000849092490686,12.790111678626209,12.960322380065918,4574368.0
2022-05-09,13.017059655295759,13.479059522973422,13.017059655295759,13.268322944641113,7577790.0
2022-05-10,12.879270330320871,12.88737583878828,12.563165438387816,12.741480827331543,3063865.0
2022-05-11,12.644217673540558,12.798218189019819,12.60369178875585,12.72527027130127,3930448.0
2022-05-12,12.70095591027386,12.725271609339693,12.546955378601732,12.595586776733398,4179296.0
2022-05-13,12.619901740392661,12.757692074055162,12.563165664672852,12.563165664672852,3070388.0
2022-05-16,12.563164632372303,12.644217227272323,12.538848936721424,12.619900703430176,2431889.0
2022-05-17,12.619901918640554,12.676639651544422,12.522639126671294,12.644218444824219,2468525.0
2022-05-18,12.644218444824219,12.798218969697345,12.571270522655924,12.644218444824219,3872044.0
2022-05-20,12.733376610279683,12.790112687041562,12.546954877895438,12.555060386657715,3516737.0
2022-05-23,12.619901142629844,12.652323175547732,12.36053316119972,12.409165382385254,2622900.0
2022-05-24,12.40916548718503,12.457796880589976,12.360533265588781,12.4010591506958,3588210.0
2022-05-25,12.409166198084852,12.61990197218187,12.409166198084852,12.555060386657715,5760389.0
2022-05-26,12.644217227272323,12.652322735219707,12.55505912442492,12.619900703430176,3511940.0
2022-05-27,12.61990024415565,12.67663796953121,12.579375190467365,12.63611125946045,1907734.0
2022-05-30,12.65232434334622,12.903587667929553,12.59558660869437,12.86306095123291,2682696.0
2022-05-31,12.871167342931935,12.911693234216521,12.684745592810257,12.749588012695312,2312471.0
2022-06-01,12.798217382263003,13.138638768313745,12.725269469142845,13.041375160217285,6208979.0
2022-06-02,13.098112880527816,13.162955289997926,12.854954259110553,12.87116527557373,3332963.0
2022-06-03,12.93600680444679,13.300744735095076,12.93600680444679,13.252113342285156,6713926.0
2022-06-06,14.155271786577083,14.155271786577083,13.477903980998173,13.573430061340332,6932121.0
2022-06-07,13.616849989897204,13.90342903137207,13.434481433668536,13.90342903137207,6568683.0
2022-06-08,13.981588015007214,14.658955799227222,13.530008387938713,13.816587448120117,11400098.0
2022-06-09,13.894744483755689,14.554745045499999,13.54737620293832,14.511322975158691,10627715.0
2022-06-10,14.502640338301653,15.718430159483093,14.216061297191867,15.55342960357666,16350176.0
2022-06-13,15.562115554242967,15.796589790042509,14.667640686035156,14.667640686035156,10750009.0
2022-06-14,14.780535873119515,16.126588676322054,14.719746626784048,15.874747276306152,20854588.0
2022-06-15,15.900799096333735,16.79527394423855,15.753167357483091,16.300273895263672,33569752.0
2022-06-16,16.19606171308713,16.19606171308713,15.3363245700879,15.718430519104004,21229118.0
2022-06-17,15.831324842446262,16.5781679235793,15.831324842446262,16.143957138061523,52773982.0
2022-06-20,16.326325439878822,16.81264272914259,15.892114639282227,15.892114639282227,6361714.0
2022-06-21,15.961586992576166,16.16132520332676,15.588167126037927,15.614218711853027,5783892.0
2022-06-22,15.631588030751791,16.352377857025594,15.631588030751791,16.15264129638672,7726448.0
2022-06-23,16.143958504880658,16.63027416204705,15.987642343838607,16.274221420288086,6150989.0
2022-06-24,16.413165293999814,16.500007771441794,16.039743800467036,16.09185028076172,2652260.0
2022-06-27,15.640271186828613,15.640271186828613,15.640271186828613,15.640271186828613,32315.0
2022-06-28,16.413169134965557,16.45659121203931,15.761852886305155,15.805274963378906,2428882.0
2022-06-29,15.848692922484627,16.05711389091851,15.553429469774304,15.614218711853027,2215674.0
2022-06-30,15.596851088360104,15.857378561311531,14.971588134765625,14.971588134765625,6208340.0
2022-07-01,14.928166325368771,15.388428668811443,14.632902877387671,14.954217910766602,3636243.0
2022-07-04,15.015008661919104,15.457902173191755,15.015008661919104,15.136587142944336,2388318.0
2022-07-05,15.093166111925024,15.431851649536025,14.771851059575777,14.988956451416016,3262828.0
2022-07-06,15.197375794531593,15.588166120372552,15.0931644888465,15.414481163024902,3727284.0
2022-07-07,15.336323401380923,15.87474545470865,15.310270160348399,15.605533599853516,2752213.0
2022-07-08,15.640269724149226,16.057111601586026,15.553427252254297,15.657638549804688,1296245.0
2022-07-13,15.848694743922774,16.98632661517881,15.735800660856691,16.916852951049805,6803461.0
2022-07-14,16.942905091823217,17.837379908513046,15.909482955932619,15.909482955932617,6240949.0
2022-07-18,16.248165650911687,16.248165650911687,15.952903861494958,16.117902755737305,2379681.0
2022-07-19,16.28290399078471,17.663694381713867,16.126587847451955,17.663694381713867,5295835.0
2022-07-20,17.66369697784903,18.16738148240474,17.385802307250415,17.472644805908203,4123959.0
2022-07-21,17.49001153564471,17.767906199174593,16.72580121093754,16.734485626220703,2981372.0
2022-07-22,16.83869393601346,17.133957406247593,16.378431557882323,16.482641220092773,2596905.0
2022-07-25,16.52606240163788,16.838693027789677,16.430535502778444,16.456588745117188,1563678.0
2022-07-26,16.543431405317968,16.64764272982953,16.265536748464218,16.28290557861328,2377613.0
2022-07-27,16.387112686475895,17.02105991634727,16.317639040139063,16.586849212646484,4348556.0
2022-07-28,16.69974534557821,16.760534586642162,16.22211417460496,16.291587829589844,4012906.0
2022-07-29,16.369746927978557,16.647641565394707,16.239484023737575,16.256851196289062,5392407.0
2022-08-01,16.274219986406596,16.673694769026522,16.25685115751384,16.49132537841797,2375188.0
2022-08-02,16.52606321501489,16.604221289495268,16.196062088012695,16.196062088012695,1710843.0
2022-08-03,16.248166003389898,16.62158752567114,16.239483245721484,16.395797729492188,1849880.0
2022-08-04,16.517376841514174,16.56948166619389,16.378429538113252,16.43053436279297,2112273.0
2022-08-05,16.47395632939426,16.526062815376257,16.230799353675593,16.265535354614258,1396074.0
2022-08-08,16.3350081011744,16.51737747916755,16.300272102174443,16.46527099609375,2249238.0
2022-08-09,16.500010580129462,17.281589697385357,16.439221332487072,16.986326217651367,5771301.0
2022-08-10,16.986325351110118,17.055799010069112,16.71711512969184,16.838693618774414,2376338.0
2022-08-11,16.934218212737548,17.11658592150345,16.78658650052505,17.02974510192871,2985563.0
2022-08-12,17.03843097156248,17.820010009219637,16.92553524625336,17.681062698364258,3386033.0
2022-08-15,17.854745113548187,18.54948328937518,17.5768505057704,17.646324157714844,3103715.0
2022-08-16,17.715799904593183,17.767904735617403,16.830009495267845,17.351062774658203,3094034.0
2022-08-17,17.06448233268026,17.559482328140238,16.74316730169654,17.455272674560547,5181966.0
2022-08-18,17.472644209679434,17.594222709821913,16.96895972231123,17.316328048706055,2750517.0
2022-08-19,17.62895574472513,17.83737836183669,17.229482650756836,17.229482650756836,5126555.0
2022-08-22,17.229481637162543,17.368428936141076,16.99500744899285,17.02974510192871,4016560.0
2022-08-23,17.038429135913553,17.142638779636677,16.951586661889337,16.977638244628906,2765131.0
2022-08-24,16.99500916905689,17.029746825508546,16.413166674552613,16.456588745117188,2337579.0
2022-08-25,16.482642100561282,16.803958831703458,16.343694772603257,16.517379760742188,3187860.0
2022-08-26,16.543429064321874,16.725798442315025,16.378430170402567,16.46527099609375,1971457.0
2022-08-29,16.465272948212867,16.465272948212867,16.23080037211205,16.239484786987305,1303032.0
2022-08-31,16.256850198800514,16.430535164719988,16.057113647460938,16.057113647460938,2130541.0
2022-09-01,16.074482475329404,16.491324405877023,16.03974481959247,16.057113647460938,2610227.0
2022-09-02,16.10053808520579,16.456590826964757,16.06580042435963,16.274221420288086,2019520.0
2022-09-05,16.41316730478326,16.59553669539181,16.352378060041307,16.49132537841797,3358390.0
2022-09-06,16.59553488877638,16.92553431990104,15.78790265339293,16.777902603149414,4767040.0
2022-09-07,16.960273452676223,17.0210626961008,16.326324462890625,16.326324462890625,4186193.0
2022-09-08,16.473955419006845,16.743167279221936,16.335008110165386,16.35237693786621,3667610.0
2022-09-09,16.45658898689875,16.673694373763468,16.34369325815481,16.56079864501953,3057213.0
2022-09-12,16.76921993849444,17.325010865842444,16.708430694030444,16.96027374267578,6704734.0
2022-09-13,17.290275781892614,17.32501344469003,15.987643241882324,15.987643241882324,4554353.0
2022-09-14,16.065800170898438,16.586853480690625,16.065800170898438,16.28290557861328,3839114.0
2022-09-15,16.291588462240576,16.656325579170687,16.230799218816,16.326324462890625,3224129.0
2022-09-16,16.500007996648122,16.777902603149414,16.18737573614291,16.777902603149414,6501429.0
2022-09-19,16.977637852147762,17.255534093877465,16.56948038696668,16.586849212646484,6345583.0
2022-09-20,16.630274505263753,16.9081691722369,16.282906171547317,16.43922233581543,4631133.0
2022-09-21,16.43922135996987,16.638957932952437,16.239484786987305,16.239484786987305,3117802.0
2022-09-22,16.239483544898764,16.265535131149186,15.98764050192706,16.039745330810547,3518599.0
2022-09-23,16.065799693225873,16.117904525741057,15.544746398925781,15.544746398925781,4896147.0
2022-09-26,15.544743724391049,15.857375978458041,15.475270074196438,15.683691024780273,3128399.0
2022-09-27,15.683692796239662,15.84869335523196,15.310271263122559,15.310271263122559,2843579.0
2022-09-28,15.336324484114598,15.336324484114598,14.563429832458496,14.563429832458496,5357080.0
2022-09-29,14.59816634455545,14.763166909091279,13.668955515886823,13.851324081420898,6321929.0
2022-09-30,13.877375755083131,15.0236919181878,13.877375755083131,14.68500804901123,6262913.0
2022-10-03,14.676323266726797,15.223429748546142,14.632902853546096,15.188692092895508,4624213.0
2022-10-04,15.284218676221835,15.318954674777782,14.902112753811087,15.110533714294434,3877909.0
2022-10-05,15.119216723214201,15.127901136141906,14.780532900945675,14.867375373840332,4047059.0
2022-10-06,14.902113709902679,15.579483117219224,14.876060467027276,15.431851387023926,7442889.0
2022-10-07,15.457903408760295,15.510009895978248,15.110535109220805,15.127903938293457,3446593.0
2022-10-10,15.284220579967114,15.701062552854085,15.197378088186639,15.544746398925781,5513216.0
2022-10-11,15.631587634684918,15.761850533697434,15.336324180185814,15.353693008422852,4627007.0
2022-10-12,15.362378080978605,15.423167326031054,14.841324806213379,14.841324806213379,5215364.0
2022-10-13,14.858692936460914,15.110534319318536,14.737112795690656,14.832639694213867,2880416.0
2022-10-14,14.988956707678827,15.188693274054852,14.936851876533499,14.98027229309082,3747312.0
2022-10-17,15.006325747711964,15.318956395359496,15.006325747711964,15.206062316894531,7643474.0
2022-10-18,15.24079961079037,15.735801352910155,15.21474802083551,15.371064186096191,9280300.0
2022-10-19,15.431851974686586,15.787904692296026,15.414483145441558,15.701062202453613,7175454.0
2022-10-20,15.727115724327835,15.996325956853665,15.570799571124851,15.579483985900879,10842313.0
2022-10-21,15.579481377679594,15.701059851424544,15.336322773807215,15.683691024780273,7652967.0
2022-10-24,15.77921923931255,16.595535939900664,15.77053482526152,16.395797729492188,13132214.0
2022-10-25,16.38711497042145,16.395797728089125,15.813955237780783,15.848692893981934,6688690.0
2022-10-26,15.926851745302637,16.326324872915297,15.926851745302637,16.143957138061523,6580689.0
2022-10-27,16.196060268261544,16.22211350895529,15.74448070119838,15.81395435333252,4912270.0
2022-10-28,15.822637424384434,16.031058363102833,15.657638549804688,15.657638549804688,1908936.0
2022-10-31,15.692378852177585,16.274221420288086,15.692378852177585,16.274221420288086,7960863.0
2022-11-01,16.335008511097023,16.456588651604335,16.083167128784062,16.17000961303711,4831910.0
2022-11-02,16.2568505332854,16.586851644045655,16.100536048400816,16.456588745117188,9009384.0
2022-11-03,16.586853208931345,16.925537109375,16.42185263798425,16.925537109375,10926572.0
2022-11-04,17.151326210769795,17.351062776705138,16.56948368571875,16.60422134399414,16212913.0
2022-11-07,16.638956430508337,16.890799470001824,16.604220430526635,16.803956985473633,10513140.0
2022-11-08,16.847379485825236,16.90816873560796,16.5521159956953,16.62158966064453,10459898.0
2022-11-09,16.803957134345893,18.254221172752402,16.803957134345893,17.611589431762695,35457940.0
2022-11-10,17.872114868998427,19.105273497355785,17.785272385461198,18.549484252929688,21037209.0
2022-11-11,19.1052759922103,19.34843464659079,18.56685384907593,19.053171157836914,21003940.0
2022-11-14,19.070538561813883,19.522118215519555,18.948960061348068,19.157381057739258,13531129.0
2022-11-15,19.278961214587916,19.765276872834033,18.740539064956874,19.157381057739258,15790865.0
2022-11-16,19.22685412030989,19.33106544342917,18.375801330969793,19.00106430053711,11621512.0
2022-11-17,19.00106499185191,19.05317148349873,18.254223498458796,18.288959503173828,7971474.0
2022-11-18,18.341062545776367,18.740535634983832,18.167377585714185,18.341062545776367,8079610.0
2022-11-21,18.51474789472056,18.51474789472056,18.028432271760284,18.393169403076172,7298141.0
2022-11-22,18.44527249849009,19.608957443351123,18.44527249849009,19.31369400024414,14773375.0
2022-11-23,19.487380049434044,20.095274140718214,19.27895907616096,19.800010681152344,15490505.0
2022-11-24,19.92159065046299,21.380539107010602,19.92159065046299,21.085275650024414,26004987.0
2022-11-25,21.10264288732648,21.258959030494957,20.581591285275074,20.6163272857666,18420034.0
2022-11-28,20.755274085695735,21.120011191914568,20.460010635119414,20.633695602416992,16783019.0
2022-11-29,20.842117893232718,22.613698709221197,20.65106574217586,21.86685562133789,40461937.0
2022-11-30,21.988435547047672,22.68317384931556,21.88422587835632,22.28369903564453,21737467.0
2022-12-01,22.717905837140353,22.735274664312566,22.005800486904914,22.231590270996094,37124691.0
2022-12-02,22.61369629043449,22.92632689905341,22.057905413056066,22.63106346130371,72985339.0
2022-12-05,22.97843370811492,23.273697171354208,22.526855755263075,23.152118682861328,162615990.0
2022-12-06,23.343169690560764,24.246328864945237,22.856854103944364,23.01317024230957,145935556.0
2022-12-07,22.943693195059883,22.943693195059883,20.720534899962015,20.790008544921875,116919519.0
2022-12-08,20.546853322300887,21.137380229303165,19.41790599283133,19.991064071655273,73153009.0
2022-12-09,20.02580107682243,21.12001246124178,19.817380097368652,20.824748992919922,95300365.0
2022-12-12,21.189486549901705,21.50211885360091,20.9463295638092,21.276329040527344,68919497.0
2022-12-13,21.450012614648056,21.762643241455812,21.172116331599586,21.25895881652832,125658607.0
2022-12-14,21.311066642798348,21.588961286957023,20.234222412109375,20.234222412109375,101917557.0
2022-12-15,20.82474626347288,22.248958587646484,20.80737743669921,22.248958587646484,205365605.0
2022-12-16,22.908958862088422,24.298433618893174,22.752644380577873,23.70790672302246,83859531.0
2022-12-19,23.707908354477073,23.829488501417465,22.700539459157834,23.082645416259766,101356549.0
2022-12-20,23.2389601594527,23.846854231859336,23.03053919265191,23.065275192260742,74697501.0
2022-12-21,23.18685594892962,24.055277495235856,22.943697319666118,23.22159194946289,116881079.0
2022-12-22,23.343172871136524,25.02791131051498,23.343172871136524,24.2463321685791,168423911.0
2022-12-23,24.40264523354261,26.660541534423828,24.211591437568114,26.660541534423828,182729577.0
2022-12-26,27.32054028491615,29.31790912280664,26.886329523950163,28.05001449584961,236815650.0
2022-12-27,28.171595177724914,28.275808153681723,26.382647166701346,26.538963317871094,119938129.0
2022-12-28,26.747382742831356,28.36264733566649,26.67790908595579,27.685277938842773,198355154.0
2022-12-29,27.963174463917948,30.29054447389749,27.963174463917948,29.647911071777344,148927014.0
2022-12-30,29.87370252080769,30.012649835718946,28.62317337384109,28.779489517211914,119020789.0
2023-01-02,29.317909102838314,30.047383313274935,29.30054358764488,29.38738441467285,72475314.0
2023-01-03,29.456858395898436,30.915806914944536,28.518964812377614,30.429492950439453,180374135.0
2023-01-04,30.828966696077156,31.59317862907538,29.94317626953125,29.94317626953125,133455004.0
2023-01-05,30.255808713540656,30.55107219041265,28.744753670074456,29.24843978881836,83988119.0
2023-01-06,27.35527871872652,29.64791107177734,26.07001522725152,29.647911071777344,155300417.0
2023-01-09,30.655280182577233,30.724755496999503,29.09212204849476,29.752120971679688,152523472.0
2023-01-10,29.57843834164333,29.960542620145358,27.16422590522953,28.22369956970215,98221927.0
2023-01-11,28.501596017029605,28.727387483187787,25.913700103759766,25.913700103759766,95097642.0
2023-01-12,26.782122307006375,28.275808520792136,25.444752246419842,27.980545043945312,131069488.0
2023-01-13,27.598438068052992,28.466857980951456,27.129489625577474,27.251068115234375,79548682.0
2023-01-16,27.45949088587007,28.13686030957164,27.112120931326064,27.9458065032959,84227593.0
2023-01-17,28.050015451054204,29.265806948267148,27.997912278133715,28.48422622680664,87343546.0
2023-01-18,28.6579112293946,29.543701610380452,27.911068164283076,28.258438110351562,106252403.0
2023-01-19,28.050013778112465,28.536331010546075,27.21632993345353,27.494224548339844,67620058.0
2023-01-20,27.737386039250673,28.015279026555167,26.13949018166639,26.538963317871094,75885478.0
2023-01-23,26.83422283261792,26.868960486146104,25.58369546410565,25.792118072509766,68779232.0
2023-01-24,25.861593476173123,26.608434857445207,25.49685637131649,26.087383270263672,78743327.0
2023-01-25,26.208962885561412,26.45211986171743,24.524224599247823,25.35791015625,72086098.0
2023-01-26,25.305803353599025,26.278436215203495,25.097382381051492,25.82685661315918,52777682.0
2023-01-27,25.65317496472807,26.087385766516565,24.750015701944275,25.080015182495117,46544843.0
2023-01-30,25.184224614486666,25.392645584944088,24.767382673571824,24.854225158691406,33886991.0
2023-01-31,24.64580266339315,26.83422534945028,24.57632900620321,25.774751663208008,78957645.0
2023-02-01,25.792119748582078,25.8963294031736,24.350540161132812,24.350540161132812,57256222.0
2023-02-02,24.298433618893174,24.69790837755149,21.918958863941985,23.70790672302246,74733892.0
2023-02-03,23.707907844490183,24.90633052077216,23.551593355585403,24.71527671813965,43536446.0
2023-02-06,24.228962245952236,24.663173044827307,23.030541169865458,24.628437042236328,9728707.0
2023-02-07,24.29843462222423,24.506855595893676,22.179487228393555,22.179487228393555,26313434.0
2023-02-08,20.303695678710938,20.303695678710938,20.303695678710938,20.303695678710938,250.0
2023-02-15,22.874223512515798,24.385276794433594,22.544222399504847,24.385276794433594,48268367.0
2023-02-16,25.201597566229857,25.53159707601908,23.117385864257812,23.117385864257812,60585526.0
2023-02-17,22.90896026428258,23.82948832013348,22.613698454657655,23.37790870666504,44024537.0
2023-02-20,23.499485778050566,24.24632881245295,22.61369708986976,23.482118606567383,45969597.0
2023-02-21,23.325804645611125,25.757384456758405,23.152119663508,24.628437042236328,108185409.0
2023-02-22,24.75001381906467,26.48685689408675,24.628435333855567,26.07001495361328,104317005.0
2023-02-23,26.226332524745395,27.35527992248535,25.878962565702892,27.35527992248535,70988158.0
2023-02-24,27.164227801167787,27.268437463893473,26.34791104669719,26.486858367919922,48881541.0
2023-02-27,26.504225356237114,27.390015709793822,26.313171560539036,27.007909774780273,47011437.0
2023-02-28,27.181594513906976,28.501595699560845,26.990542364555505,28.41475486755371,62644577.0
2023-03-01,28.571066027453526,28.918432607604334,28.206327308615638,28.275802612304688,50349749.0
2023-03-02,28.397386119096943,28.81422807689051,27.841596842038857,27.9458065032959,48836162.0
2023-03-03,28.050015480157406,28.710017715134466,26.6605423214141,28.258438110351562,60894916.0
2023-03-06,28.623175180263733,28.987913975402936,28.171595550111416,28.605806350708008,53927341.0
2023-03-07,28.74475315930437,29.213701610609217,28.449489687678962,28.6231746673584,49180923.0
2023-03-08,28.744751211340393,30.290543781690676,28.51896307199407,28.8663330078125,81088703.0
2023-03-09,29.09212153227041,29.404753816092477,28.848964561637814,28.90106773376465,37547353.0
2023-03-10,28.83159637451172,29.16159749396988,28.50159525505356,28.83159637451172,42155050.0
2023-03-13,28.9705461505429,29.005283810859048,27.980546020892042,28.17159652709961,44949773.0
2023-03-14,28.188963848868816,28.414755316076075,27.164227770118153,27.35527992248535,30158999.0
2023-03-15,27.268437721328205,27.35528021200795,25.80948917833321,25.844226837158203,49731307.0
2023-03-16,26.174225398145165,26.521595348708345,25.548962468620267,25.931068420410156,25725572.0
2023-03-17,26.27843451603682,27.42475061911864,26.035275902262704,26.052644729614258,35086053.0
2023-03-20,26.087383361543434,26.400013983669734,24.80211824788606,25.271066665649414,31170298.0
2023-03-21,25.39264600504946,25.444750834430202,24.663171768188477,24.663171768188477,20104931.0
2023-03-22,24.819487129431256,24.99317209706258,24.50685485024791,24.8021183013916,12402001.0
2023-03-23,24.871592363595695,25.809487560089313,24.750013878096613,25.60106658935547,23295938.0
2023-03-24,25.705275226595734,26.174221947826595,25.392642974853516,25.392642974853516,25243843.0
2023-03-27,25.61843443926648,25.878960228638192,25.166854858398438,25.166854858398438,15992304.0
2023-03-28,25.288438795415487,25.39264846426943,24.05528000475832,24.2463321685791,27264989.0
2023-03-29,24.142118166761453,24.836856393089295,23.39527676816602,24.385276794433594,25010962.0
2023-03-30,24.71527742056801,25.531594171168024,24.489489266938694,25.045278549194336,31878854.0
2023-03-31,25.080016488105528,25.878964471243144,24.975806817825706,25.444753646850586,47013640.0
2023-04-03,25.41001483703944,26.400014877319336,25.41001483703944,26.400014877319336,47290596.0
2023-04-04,26.556333351351523,27.598439968814006,26.486859687279544,27.372650146484375,40890386.0
2023-04-05,27.459489405308485,27.476856576993118,26.660541534423828,26.660541534423828,28427005.0
2023-04-06,26.834227003146154,27.18159531050291,26.521596354716447,26.764753341674805,31209958.0
2023-04-07,26.93843789371558,26.93843789371558,26.313173294067383,26.313173294067383,18942699.0
2023-04-10,26.556332766931533,27.251069392362385,26.400016612113898,27.216333389282227,24213435.0
2023-04-11,27.26843598001849,27.911067719799018,27.146857494660257,27.80685806274414,27259812.0
2023-04-12,28.020597151295245,28.301682922125345,27.388157936562585,27.634105682373047,27422713.0
2023-04-13,27.721946745662816,27.96789618340955,27.23004954556282,27.247617721557617,27425818.0
2023-04-14,27.37059134346398,27.880056714732813,26.948965175943588,27.054370880126953,35054933.0
2023-04-17,27.159776908523977,27.194911583039353,25.82462576907211,25.947601318359375,23971425.0
2023-04-18,26.527336396134466,26.861123327036623,25.42056655883789,25.42056655883789,23425133.0
2023-04-19,25.824627229079063,26.58004204089122,25.332730030300517,26.40436363220215,36228644.0
2023-04-20,26.334091965883292,26.685447099356676,26.123278885799262,26.650312423706055,11182917.0
2023-04-24,26.843553947331024,27.563832299080993,26.843553947331024,27.1422061920166,28170679.0
2023-04-25,27.194912172381954,27.70437920473932,25.789491653442383,25.789491653442383,60523384.0
2023-04-26,25.912465711706908,26.105710615567833,25.29759297381412,25.807058334350586,37983179.0
2023-04-27,25.912465228975158,25.982736254105795,25.33272885279905,25.402999877929688,27734849.0
2023-04-28,25.40300431550574,25.490843531111757,23.96244721098429,24.01515007019043,27046602.0
2023-05-02,24.067848498526413,24.50704282030753,23.242162704467773,23.242162704467773,24574574.0
2023-05-03,23.20702749680433,23.365137717076273,22.047554782001217,22.644859313964844,23776358.0
2023-05-04,22.3989111328125,23.470544709358364,21.959716796875,21.959716796875,28504674.0
2023-05-05,21.889448165893555,22.135397624078827,21.27457535812718,21.889448165893555,35387818.0
2023-05-08,22.01241843287708,22.679993987695642,21.67863149316447,22.644859313964844,20957213.0
2023-05-09,22.64486193935224,23.066488125364113,21.92458177734003,22.117828369140625,22138861.0
2023-05-10,21.871873850025807,22.10025506666042,21.028621673583984,21.028621673583984,24772410.0
2023-05-11,20.870515244904283,22.978647742538428,20.817812393196625,22.43404769897461,61191400.0
2023-05-12,22.34620907905486,22.469182961379897,21.18673625886597,21.344844818115234,43712810.0
2023-05-15,20.290776170067215,22.082687970004585,20.15023413381304,20.800241470336914,38151347.0
2023-05-16,20.87051578958046,21.836743698202362,20.8529476134216,21.344844818115234,48876613.0
2023-05-17,21.415114169831387,22.188097106335672,21.274572122356677,21.81917381286621,48848643.0
2023-05-18,21.977282718494376,22.398908835659466,20.81781005859375,20.81781005859375,39829874.0
2023-05-22,20.97592029068688,21.204301541451155,20.290778213787448,20.343481063842773,34250312.0
2023-05-23,20.501593554181916,21.011058962045663,20.378619665336952,20.642135620117188,43329055.0
2023-05-24,20.729973304792832,21.1867358231691,20.69483695319768,21.134031295776367,42414545.0
2023-05-25,21.134033023277997,21.45025351190851,20.448890865103348,20.46645736694336,39969577.0
2023-05-26,20.53672669582846,21.151599444818224,20.431320991963243,20.940786361694336,31691474.0
2023-05-29,21.555659018677595,22.609724429797943,21.30970958505279,22.43404769897461,44596607.0
2023-05-30,22.66242907673668,23.59352235789245,22.53945518787948,23.189462661743164,56505490.0
2023-05-31,23.31243632902097,23.59352043804718,22.557021529467953,22.715131759643555,50853814.0
2023-06-01,22.961079622294157,23.417842139246215,22.715131863468784,22.820537567138672,34684034.0
2023-06-02,23.94487440476406,25.08677896075609,23.540814761229733,23.980009078979492,114636645.0
2023-06-05,24.419204968841832,24.82326463838959,24.050281651164955,24.612451553344727,69254835.0
2023-06-06,24.61244719890533,25.0165051215736,24.38406597833028,24.770557403564453,65403750.0
2023-06-07,25.666515207073445,26.790853258438027,25.596244183575244,25.842193603515625,93447947.0
2023-06-08,25.648949706810424,26.140846890457993,25.28002640022639,25.8948974609375,60362486.0
2023-06-09,26.263820605653205,26.7205831110647,25.82462627554063,26.544904708862305,67053719.0
2023-06-12,26.79085612588399,27.28275334301954,26.123280493503266,26.263822555541992,88735975.0
2023-06-13,26.298957241277623,26.386796443330816,25.350297544968683,25.52597427368164,47479370.0
2023-06-14,25.525975431533478,25.94760328543505,24.26109689600927,24.54218101501465,56068575.0
2023-06-15,24.77056165665632,25.016509416894564,24.594883249006035,24.981374740600586,36615631.0
2023-06-16,25.034076883465904,25.315160987427838,24.542179701532522,24.577314376831055,32251480.0
2023-06-19,24.59488289311247,24.665153920077056,23.277299880981445,23.277299880981445,29093698.0
2023-06-20,23.242162108940423,23.997576859174043,22.961078018265585,23.207027435302734,30569740.0
2023-06-21,23.36513893217023,23.78676509122633,23.25973155470949,23.452978134155273,35670454.0
2023-06-22,23.593520754627033,24.9462384663149,22.75026674084011,24.893535614013672,75023931.0
2023-06-23,25.297592468598065,25.807057818960043,24.59488221823444,25.209754943847656,75863890.0
2023-06-26,25.22732194737438,26.053007764586386,25.209755447309515,25.807058334350586,51416944.0
2023-06-27,25.754357880462596,25.912468123516515,25.52597660442844,25.73678970336914,17407083.0
2023-07-03,26.263823556539055,26.738154290543154,25.930036565323785,26.316526412963867,69312202.0
2023-07-04,26.808422747383087,27.265185260209822,26.088144302368164,26.088144302368164,97265843.0
2023-07-05,26.123279441939616,26.720584019257146,25.91246635736757,26.492202758789062,50451884.0
2023-07-06,26.790855047447828,27.177346540193312,26.42193173059838,26.492202758789062,40533682.0
2023-07-07,26.492205569946062,27.70438302910447,26.45707088981922,27.669246673583984,69944689.0
2023-07-10,28.108440493036575,28.512498520935043,27.827356356169187,28.21384620666504,56103902.0
2023-07-11,28.653037523637394,28.8111477525567,27.65167497433969,28.055734634399414,48510361.0
2023-07-12,28.090870511223518,28.108438687497646,27.440863067622356,27.458431243896484,39407598.0
2023-07-13,27.511134672495935,28.301685867424528,27.28275340233807,27.300321578979492,56918251.0
2023-07-14,27.63410498896332,28.19627316573057,27.33545440160071,27.967893600463867,49285049.0
2023-07-17,28.6881729654511,30.111161629838332,28.67060479048499,29.320613861083984,73401314.0
2023-07-18,29.496293791125026,29.56656314385042,27.897624969482422,27.897624969482422,51213673.0
2023-07-19,27.897625911585045,28.56520153895496,27.493566229711416,28.231412887573242,71575461.0
2023-07-20,28.582767340417085,28.951688963299915,27.932758268135785,28.758445739746094,65617322.0
2023-07-21,28.740876818097586,29.16250295506205,28.371951854012007,29.109798431396484,59032906.0
2023-07-24,29.496294250732717,29.548995428401213,28.038167462607475,28.10843849182129,55127224.0
2023-07-25,28.196272232105514,28.319249448639685,27.265182476709665,27.546266555786133,44702912.0
2023-07-26,27.528702643028147,28.055736210570096,27.194913990914387,27.950328826904297,39806206.0
2023-07-27,28.108434248612685,28.617901227746298,28.090866075112924,28.371950149536133,38545198.0
2023-07-28,28.653037974356966,29.039531140366847,28.565200446147585,28.93412208557129,63879552.0
2023-07-31,29.338180356733144,29.63683261248863,29.021959927017154,29.531423568725586,72666476.0
2023-08-01,29.619266429960682,31.077391458853196,29.584130079677298,30.181434631347656,102553274.0
2023-08-02,30.199005618395617,30.409817038151523,29.67197036743164,29.67197036743164,68488124.0
2023-08-03,29.865213959181343,30.076028708533507,28.688173039699784,28.758445739746094,49955145.0
2023-08-04,28.89899050243491,29.77737923076683,28.582770024109486,29.461158752441406,42759357.0
2023-08-07,29.51385916317465,29.794943280859208,28.96925910400919,29.14493751525879,44867282.0
2023-08-08,29.26791072418339,29.654400539406357,28.77601185416487,28.93412208557129,46477504.0
2023-08-09,29.05709926589427,29.443589080448568,28.688174276321927,29.215206146240234,58925986.0
2023-08-10,29.496291116507866,30.058459290483356,28.038164483320635,28.143571853637695,64469657.0
2023-08-11,28.213843882056914,29.127368927001953,28.1787108809336,29.127368927001953,61886500.0
2023-08-14,29.689536334079868,31.253070443015588,29.689536334079868,30.023324966430664,97622343.0
2023-08-15,30.339549871069135,30.83144545318518,29.30305082191412,29.865219116210938,63377615.0
2023-08-16,29.953054202538535,30.761173572496936,29.60170072277203,30.40981674194336,65890064.0
2023-08-17,30.51522609881658,30.72603751857249,29.601701011108705,29.67197036743164,80160616.0
2023-08-18,29.812511203033225,30.05846231700173,27.669243986254294,28.284116744995117,67624988.0
2023-08-21,28.108437278053977,29.250341872317552,27.827353173336384,28.986825942993164,71824454.0
2023-08-22,29.127365963997747,29.215203484051106,28.196272837813755,28.336814880371094,53214596.0
2023-08-23,28.494927430040395,29.285478578391253,28.301684199944425,28.354385375976562,74839270.0
2023-08-24,28.54763275258012,29.021963454811864,27.07193946838379,27.07193946838379,66479324.0
2023-08-25,27.247616851215682,27.61654015835492,26.65031228961945,27.49356460571289,54068366.0
2023-08-28,27.880055300516155,28.248978597231215,27.75708142674226,27.915191650390625,43919782.0
2023-08-29,28.038168015217465,28.371954991713384,27.598973655126585,27.757083892822266,39100250.0
2023-08-31,27.932759020307852,29.390884077665444,27.792216967217488,28.811147689819336,81071864.0
2023-09-01,29.109800186561284,29.496293348505514,28.670605848560573,29.285478591918945,55957994.0
2023-09-04,29.67196712577761,30.585492113683138,29.40845120447821,29.777376174926758,81566240.0
2023-09-05,29.742243008810576,29.953054428100586,29.21520775901136,29.953054428100586,45474449.0
2023-09-06,30.269275042893945,30.374684103796415,29.390886306762695,29.390886306762695,53392087.0
2023-09-07,29.496294917907413,30.304410934448242,29.408454035161412,30.304410934448242,53954249.0
2023-09-08,30.51522121326439,30.884142814165642,29.84764400574798,30.076026916503906,52847237.0
2023-09-11,30.304409287776707,32.18416051616797,29.830078599083528,30.497655868530273,166740727.0
2023-09-12,30.708467835662752,33.53688049316406,30.6206303068704,33.53688049316406,163050481.0
2023-09-13,32.922008318010555,34.29229590645406,32.254434375407,32.44767761230469,210477905.0
2023-09-14,32.535518687516344,33.67742334263772,32.0611879789809,32.9220085144043,144727919.0
2023-09-15,32.904436042044104,34.099045070184815,31.973346273653576,32.23686218261719,120843995.0
2023-09-18,32.23686639281831,32.974713044752654,30.901715148804396,30.936851501464844,75152575.0
2023-09-19,30.98955043261644,31.20036518250594,30.234135659126988,30.357112884521484,66641784.0
2023-09-20,30.550353532211332,30.88414212855967,29.14493315409175,29.303043365478516,58977379.0
2023-09-21,29.23277565516792,30.726037155752426,29.162506299674742,30.690900802612305,62558101.0
2023-09-22,30.849010006306845,31.534155466411768,30.093595193065518,30.4449520111084,53328777.0
2023-09-25,30.86657740970281,31.288203570328868,30.638197829242102,31.059823989868164,52190672.0
2023-09-26,31.147659694201373,31.217932392253854,30.216569900512695,30.216569900512695,53041093.0
2023-09-27,30.321980196818135,30.9544211720886,30.058464240717832,30.269275665283203,52667004.0
2023-09-28,30.83143925453855,31.09495852144868,30.111160853433972,30.216569900512695,47581076.0
2023-09-29,30.392244613663138,30.69089687556606,30.216569572015118,30.585491180419922,40361164.0
2023-10-02,30.778740341653027,31.059824452927646,30.690899462637887,30.796308517456055,46480371.0
2023-10-03,30.866575904684712,32.307132720947266,30.813874731417894,32.307132720947266,102215352.0
2023-10-04,32.14902689253856,32.23686777796401,30.98955401121993,31.09496307373047,62268524.0
2023-10-05,31.270634748323747,31.83280630165681,30.357113094579464,31.780101776123047,59938074.0
2023-10-06,31.44631576538086,31.832808949874444,31.30577370305239,31.44631576538086,33894596.0
2023-10-09,30.726037157388994,30.726037157388994,29.33818471615093,29.37331771850586,40679519.0
2023-10-10,29.86521488881527,30.093594469501163,29.65440013290094,29.847646713256836,31253919.0
2023-10-11,29.953055302798212,30.25170761450297,28.670608520507812,28.670608520507812,42315246.0
2023-10-12,29.07466371419948,29.26791029436648,27.686811354308578,28.248979568481445,44083138.0
2023-10-13,28.196278029262427,28.670608766771352,27.809788178766574,28.21384620666504,33004483.0
2023-10-16,28.459795669862896,28.951691205129165,27.669244487060638,28.40709114074707,44767046.0
2023-10-17,28.477358253139386,29.10979914958277,28.090868455749966,29.03952980041504,32330469.0
2023-10-18,28.248980550248916,28.6179055478633,28.073302139517637,28.10843849182129,32944071.0
2023-10-19,28.19627530086208,28.670605992472602,28.055734921421326,28.44222640991211,29976245.0
2023-10-20,27.932758939193246,28.213843044557727,27.159777649440926,27.49356460571289,25329255.0
2023-10-23,28.108436242712155,28.28411463938645,27.317886808464547,28.003028869628906,25856613.0
2023-10-24,28.126003923839576,28.740876626015073,28.073299400526253,28.617902755737305,28241037.0
2023-10-25,28.82871651252118,29.092232449133302,26.29895782470703,26.29895782470703,29404743.0
2023-10-26,26.703014713101872,27.1949118896161,26.211117536587643,26.808422088623047,34939611.0
2023-10-27,26.84355895905226,27.58140562186831,26.738153250303412,27.388160705566406,30626751.0
2023-10-30,27.31788504252787,27.757079330428983,27.15977483082055,27.35301971435547,20430470.0
2023-10-31,27.528700591951896,27.634106292370724,26.615175586223902,26.720582962036133,15965621.0
2023-11-01,27.054368923201537,27.247615492548693,25.859761534970044,26.386795043945312,18729765.0
2023-11-02,26.61517593875218,27.511132781146525,26.527338412370845,27.49356460571289,21229450.0
2023-11-03,27.493566141926497,27.528702494757027,26.650313778716008,27.00166893005371,24243444.0
2023-11-06,27.405725382090086,27.774648666381836,27.265183338111637,27.774648666381836,18499660.0
2023-11-07,27.774651367184585,28.47735998001477,27.739515015076663,28.284116744995117,22731535.0
2023-11-08,28.61790517913225,28.705742707972643,28.0030307494952,28.477359771728516,18188472.0
2023-11-09,28.10843699751163,28.371952924205942,27.65167449420765,28.126005172729492,21357516.0
2023-11-10,28.143574627753612,29.742241786622237,28.090870099703334,29.23277473449707,41693273.0
2023-11-13,29.338184779575506,30.181437152083923,28.934123419143205,29.092233657836914,33889098.0
2023-11-14,29.09223129672671,29.51385744876196,28.600335794745646,29.35574722290039,25531828.0
2023-11-15,29.513858904265646,29.707105490023658,28.863853144367372,28.951690673828125,19879969.0
2023-11-16,28.98682563697956,29.355747263981634,28.916552936148612,29.074663162231445,21446075.0
2023-11-17,29.10979947190986,29.53142562394511,29.10979947190986,29.35574722290039,18569097.0
2023-11-20,29.531425221976843,29.83007749445171,29.513857047032822,29.60169792175293,19918641.0
2023-11-21,29.77737792780164,30.199004096857465,29.3908847597436,29.689537048339844,31449811.0
2023-11-22,29.70710307815555,31.112523540145713,29.60169738120296,30.708465576171875,59200657.0
2023-11-23,30.79631090497725,30.831443908520118,29.86521761995412,29.88278579711914,28531797.0
2023-11-24,29.91792136052037,30.409816904988237,29.759811121002247,30.23413848876953,21510877.0
2023-11-27,30.357113246592917,30.515223473199143,30.093593968391335,30.39224624633789,19562928.0
2023-11-28,30.44495160470643,31.51658686972397,30.25170502228375,31.358476638793945,52751254.0
2023-11-29,31.35847351031178,31.63955759263679,30.67332812770631,31.02468490600586,28167885.0
2023-11-30,31.0949604934346,31.481450304873714,30.79630820934491,30.884145736694336,27039410.0
2023-12-01,31.182801268709234,31.499021761362943,30.62063299323029,30.65576934814453,20850205.0
2023-12-04,30.69089961706099,30.936850728753985,30.497656383829195,30.620630264282227,22292479.0
2023-12-05,30.603059011696583,30.673328357410778,29.707102236031055,29.72467041015625,23898415.0
2023-12-06,29.830081589277352,29.953055479979586,28.494930267333984,28.494930267333984,23668430.0
2023-12-07,28.494927336506926,28.916553497314453,28.05573467554416,28.916553497314453,23416603.0
2023-12-08,28.969255447387695,29.2854758775649,28.723307713155013,28.969255447387695,18419012.0
2023-12-11,29.039530469172778,29.794941906359533,28.89898841681398,28.986825942993164,31026181.0
2023-12-12,28.96925720054973,30.199002647708035,28.898987851139218,30.09359359741211,28302045.0
2023-12-13,29.8827864723833,30.7611752457604,29.68953986998842,29.830081939697266,33607064.0
2023-12-14,30.12872902794709,30.86657560356479,29.84764493731051,30.216569900512695,37193961.0
2023-12-15,30.339547443392583,31.76253624331667,30.321979266753143,31.44631576538086,42983436.0
2023-12-18,31.270634748323747,32.605785904764524,31.235501748754704,31.780101776123047,39408933.0
2023-12-19,31.867932199954215,32.00847421927318,30.761164216665588,31.90306854248047,33247533.0
2023-12-20,32.500377521712245,33.29092858552796,32.271997964824656,32.676055908203125,50633518.0
2023-12-21,32.658491181715014,32.67605935729715,31.481450224007,32.37740707397461,31655062.0
2023-12-22,32.43010700796806,32.62335358118396,31.323338794974156,31.37604331970215,24714800.0
2023-12-25,31.182801025315136,31.20036920263513,29.70710763830767,29.81251335144043,16174358.0
2023-12-26,30.128729839018703,30.497654812152422,29.548993467625795,29.988187789916992,18867379.0
2023-12-27,29.777376320406397,30.181434291758645,29.40845134815544,29.60169792175293,25681902.0
2023-12-28,29.9530545779034,30.32197958968665,29.83008069090469,30.040895462036133,17351810.0
2023-12-29,30.093598729223768,30.39225105441737,29.83008276012055,29.865219116210938,15936124.0
2024-01-02,30.11116466796164,30.146301021439005,29.79494418823953,29.953054428100586,21211911.0
2024-01-03,30.13134389959068,30.50575882542798,29.275543212890625,29.275543212890625,22776235.0
2024-01-04,29.25771517329102,29.68561553955078,28.90112983441631,29.68561553955078,19859462.0
2024-01-05,29.685613342871978,29.828246787737296,29.27554261396539,29.667783737182617,13633972.0
2024-01-08,29.810418020248513,30.291807185448107,29.810418020248513,30.149173736572266,21147386.0
2024-01-09,30.291807487711033,30.73753744497691,29.75693289925186,30.024370193481445,22086679.0
2024-01-10,30.04219714847113,31.71814259206191,29.95304912449591,31.52202033996582,30866587.0
2024-01-11,31.593335817051805,32.16387297682598,31.04063166298091,31.432872772216797,23764702.0
2024-01-12,31.11195256812196,31.557682528119983,30.5770745757345,31.18326759338379,23906364.0
2024-01-15,31.290241844769465,31.504193721944432,30.808856072262802,31.040634155273438,18467923.0
2024-01-16,31.37939264962636,31.664659577297055,31.094125721955667,31.236759185791016,18468476.0
2024-01-17,31.02280616760254,31.218928448526057,30.79102807249739,31.02280616760254,15841315.0
2024-01-18,31.218927399194524,31.361560853076547,30.951490098246953,31.0762939453125,19299131.0
2024-01-19,31.183266293066715,31.236755110269936,30.577073300695186,30.648391723632812,13700514.0
2024-01-22,30.630563158603223,30.969318877767375,30.273977833098883,30.59490394592285,16662110.0
2024-01-23,30.82668855896014,31.183270520035105,30.345299340826397,30.380958557128906,20165762.0
2024-01-24,30.434437405729692,31.361556425395396,30.1670001425394,31.325897216796875,23526083.0
2024-01-25,31.45070163105391,31.93209075413723,31.254582781413916,31.50419044494629,23527795.0
2024-01-26,31.557682413845384,32.59177578127022,31.397219356775175,32.46696853637695,26483292.0
2024-01-29,32.538287795902086,33.037506586319715,32.395654341589875,32.80572509765625,27602648.0
2024-01-30,32.94835920653411,32.94835920653411,32.14604728533254,32.270851135253906,18192385.0
2024-01-31,32.28867791955186,33.625867738630156,32.19952989122356,33.21579360961914,42689950.0
2024-02-01,33.26928036938555,35.444441116349736,33.26928036938555,34.463836669921875,45828498.0
2024-02-02,34.51733448609582,35.373135324432845,34.12508988470367,34.838260650634766,28782960.0
2024-02-05,34.695618858569034,35.23049685719447,34.28554810674437,34.48167037963867,25636172.0
2024-02-06,34.677791595458984,35.19483657098789,34.570813958605015,34.677791595458984,31073674.0
2024-02-07,34.83825301388081,35.676224059316255,34.62430115087096,35.12351989746094,48476259.0
2024-02-08,35.21266452333617,35.78319829049643,35.016542265631266,35.12351989746094,24848290.0
2024-02-09,35.2661581958395,36.03281092563278,34.873913626412744,35.212669372558594,38454746.0
2024-02-12,35.60490722777946,36.17544442106248,35.21266609550642,35.8188591003418,40520807.0
2024-02-13,35.89018038901763,36.032813862073795,34.838260650634766,34.838260650634766,25145201.0
2024-02-14,34.873904226350966,35.8188527790418,34.570807777423646,35.640560150146484,26204113.0
2024-02-15,35.67622156287303,36.2467552901102,35.64056235475839,35.801025390625,29204771.0
2024-02-16,35.943663521672875,36.9420976748722,35.85451889038086,35.85451889038086,38473222.0
2024-02-19,36.08630057631091,36.56768979492665,35.44444828482325,35.55142593383789,33219588.0
2024-02-20,35.69405335514706,36.10412407165692,35.4444422836915,35.961490631103516,20547721.0
2024-02-21,36.10412633358909,36.371563626300556,34.9273995251389,35.26615524291992,21491457.0
2024-02-22,35.35529927605678,35.6583957761803,35.14134740511386,35.51576232910156,14147933.0
2024-02-23,35.58707915005124,36.67466136437347,35.480104909500625,36.514198303222656,32742929.0
2024-02-26,36.83512541726692,36.94209966069769,35.51576507945449,35.71188735961914,21772568.0
2024-02-27,35.640564271273135,35.71188269133744,33.94679260253906,33.94679260253906,24364116.0
2024-02-28,33.85764534745104,34.19640104916163,33.16230773925781,33.16230773925781,28304464.0
2024-02-29,33.4119223860808,34.018115494312866,33.23362969530957,33.69718933105469,20497298.0
2024-03-01,33.82198973376395,34.08943044288162,33.073163229664196,33.14448165893555,14935887.0
2024-03-04,33.35842956570847,34.26771911921619,33.037506841514414,33.108821868896484,28225984.0
2024-03-05,33.215795312502365,33.91113636651303,33.1088210736737,33.60803985595703,24187949.0
2024-03-06,33.59021123822617,34.321208126266086,33.44757778203911,33.982452392578125,25071154.0
2024-03-07,35.19483434500487,35.30180857444334,34.08942603929199,34.232059478759766,42844663.0
2024-03-08,34.41035230506165,34.51732994627143,33.9289665222168,33.9289665222168,31346209.0
2024-03-11,34.321205953668716,34.428180188874876,33.10881995250011,33.2514533996582,24065515.0
2024-03-12,33.287113556822085,33.48323582747711,32.28867939836417,32.44914245605469,19706151.0
2024-03-13,32.50262972233303,32.680922396640135,32.03907012939453,32.03907012939453,16426054.0
2024-03-14,32.11038807088362,32.57394765677002,32.05689924921024,32.270851135253906,16048639.0
2024-03-15,32.306510349702826,32.80572574938828,32.19953270635607,32.270851135253906,20440316.0
2024-03-18,32.30650900484642,33.03750586737004,32.30650900484642,32.44914245605469,16160130.0
2024-03-19,32.413484303172844,32.59177697317667,32.128217391426645,32.253021240234375,15759172.0
2024-03-20,32.28868159214799,32.413485445353544,31.611170102389362,31.628999710083008,18982518.0
2024-03-21,31.896431544875647,31.96774996339882,31.41504582244169,31.50419044494629,23082844.0
2024-03-22,31.61116743377381,32.28867886633691,31.539852409669606,31.84294891357422,29250546.0
2024-03-25,31.62899921713896,32.05689959316763,30.969320746005145,31.02280616760254,28935873.0
2024-03-26,31.04063227944956,31.07629149026541,30.042198181152344,30.042198181152344,22748506.0
2024-03-27,30.327467493337892,31.07629397714808,30.220493252979235,30.791027069091797,18830490.0
2024-03-28,30.82668675108204,31.29024293322853,30.577075652253345,30.701879501342773,20098261.0
2024-03-29,30.862343101510554,31.129780411447232,30.61273539898964,31.02280616760254,16555088.0
2024-04-01,31.129778840679336,31.147608447195445,30.202663106389885,30.47010040283203,18454792.0
2024-04-02,30.612735793095258,31.058465782277977,30.131346588621934,30.327468872070312,20158751.0
2024-04-03,30.23831915201366,30.345296791935464,29.79258918762207,29.79258918762207,13586294.0
2024-04-04,29.863908319230312,31.325902092843883,29.863908319230312,31.129779815673828,18160351.0
2024-04-05,31.522021624997397,32.6274299621582,31.040632477855013,32.6274299621582,22607847.0
2024-04-08,32.69874763275053,33.23362218351635,32.43131035736762,32.84138107299805,15952807.0
2024-04-15,32.52045470132427,32.87703999918714,31.735969086415622,31.825117111206055,17278368.0
2024-04-16,31.557682501919917,31.932094035695545,31.432875256678322,31.468534469604492,16050361.0
2024-04-17,31.771632196534004,31.932095260205372,31.058464913911155,31.111953735351562,14627333.0
2024-04-18,31.111953190817562,31.45070551872828,30.594904794559433,30.791027069091797,15852694.0
2024-04-19,30.684050328581833,31.82512139494427,30.3452979907296,31.735973358154297,16262130.0
2024-04-22,32.09255380369867,32.41347988583956,31.914261157992694,32.21735763549805,20990054.0
2024-04-24,32.484795196364864,32.55611361554946,31.896431840689548,32.23518753051758,14898593.0
2024-04-25,33.10881701512021,33.23362084522987,32.73440552479123,33.01967239379883,27523916.0
2024-04-26,33.1444794737153,34.96305849243693,33.090990655288316,34.677791595458984,30939435.0
2024-04-29,34.838256709713214,35.12352362355602,34.24988987418135,34.856082916259766,19976446.0
2024-04-30,34.85607865102537,34.85607865102537,33.60803690584472,34.232059478759766,24526646.0
2024-05-02,34.428180405648774,34.69561769567289,34.17857272171289,34.41035079956055,16424957.0
2024-05-03,34.41035305252671,34.552986509921595,33.71501537280789,34.000282287597656,14034139.0
2024-05-06,34.00028249464066,34.73127939332203,33.83981942901305,34.588645935058594,14645943.0
2024-05-07,34.55298618087198,34.802597279423374,33.9289669361181,34.26771926879883,17969272.0
2024-05-08,34.41035492020032,35.19484067877625,34.41035492020032,34.980892181396484,28735385.0
2024-05-09,34.980887209377514,35.19483567634765,34.58864268551632,34.909568786621094,14344537.0
2024-05-10,34.998707437587406,35.7118779407632,34.83824781508674,35.31963348388672,18864208.0
2024-05-13,35.33746974384733,35.33746974384733,34.321206006208975,34.37469482421875,25144767.0
2024-05-14,34.365478015762704,34.54974402011968,33.2230351149965,33.352020263671875,28960917.0
2024-05-15,33.481007269074745,33.60999242490314,33.20461000450221,33.37044906616211,15089955.0
2024-05-16,33.53629070882419,33.9785270690918,33.29674381706538,33.9785270690918,10629710.0
2024-05-17,34.10750939031411,34.918277740478516,34.03380157912557,34.918277740478516,11968866.0
2024-05-20,34.89985078768138,35.249952347081255,34.67873086869768,34.918277740478516,16423019.0
2024-05-21,35.01041180391068,35.67376809959844,34.862999684266974,35.4526481628418,27409408.0
2024-05-22,35.65533935631674,36.83463625429527,35.47107333736209,36.5582389831543,22556891.0
2024-05-23,36.55824107430976,38.41932129450088,36.41082895363037,37.62697982788086,30161773.0
2024-05-24,37.2584457564573,37.71910904802143,36.392400033566254,36.521385192871094,14211712.0
2024-05-27,36.5950903922756,37.42428214910682,36.24498533161437,37.074180603027344,15484667.0
2024-05-28,37.22159304932547,37.42428249509225,36.39239777024664,36.963619232177734,11439964.0
2024-05-29,39.04582474168025,39.11952904672153,37.27687573111996,37.405860900878906,31624773.0
2024-05-30,37.16631521340289,37.940229698586286,36.90834488986911,37.534847259521484,19172102.0
2024-05-31,37.534843376854035,38.32718121925874,37.09260356142493,38.30875778198242,27751654.0
2024-06-03,38.43774630507567,38.935259990595,37.921802151498504,38.76942443847656,22478131.0
2024-06-04,38.73256844542964,38.824699693264684,37.49799074569827,37.6638298034668,18387711.0
2024-06-05,37.70068389530266,38.36404019150506,37.129462370562905,38.01393508911133,17517678.0
2024-06-06,38.06921331242215,38.49302268801859,37.82966995239258,37.82966995239258,12495575.0
2024-06-07,37.99551001977273,38.52987761300839,37.44271195845286,37.608551025390625,14955386.0
2024-06-10,37.22159491153392,37.62697733793067,36.88991678330842,36.98204803466797,8715101.0
2024-06-11,36.94519171201715,37.25844286656722,36.65036750945022,36.72407531738281,12131807.0
2024-06-12,36.68722629679282,37.166316568380424,36.5582411303235,36.88991928100586,10412836.0
2024-06-13,37.25844370823886,38.9536846685852,37.203166365622415,38.787845611572266,23801393.0
2024-06-14,38.82470201843673,39.119526246663774,38.474596929448865,38.695716857910156,15865984.0
2024-06-20,39.06425130351817,39.377502504601765,38.19820200456704,38.95368957519531,19428531.0
2024-06-21,39.027394793157875,39.58018933960304,38.345611572265625,38.345611572265625,18232050.0
2024-06-24,38.34561025896215,39.24850986167614,38.2719059620987,38.99053955078125,19256876.0
2024-06-25,38.953684330694614,39.45120149741786,38.437743726313556,38.47459411621094,15801805.0
2024-06-26,38.437745250340605,38.60358431249041,38.01393236119004,38.179771423339844,12178387.0
2024-06-27,38.36403862840719,38.419319489032425,37.571697199022275,37.99551010131836,17645624.0
2024-06-28,38.23504985751883,38.4745932017765,37.77438660622342,37.92179870605469,23361835.0
2024-07-01,38.142918081088816,38.47459266514681,36.226557295429416,36.484527587890625,18415158.0
2024-07-02,36.429257536347556,37.3137302999579,36.2081375881538,37.29530334472656,13626296.0
2024-07-03,37.258450615611174,37.51642448244715,36.79778726396848,37.42428970336914,12926674.0
2024-07-04,37.424282440627486,38.60358278188798,37.424282440627486,38.47459411621094,18743612.0
2024-07-05,38.69571094130409,38.91683083595598,38.06920867346884,38.327178955078125,26735556.0
2024-07-08,38.529880548062195,38.86155870720364,37.405860900878906,37.405860900878906,21357222.0
2024-07-09,37.534843977122044,37.81124123024919,36.94519205198059,37.03732681274414,17757714.0
2024-07-10,37.037330167440714,37.7743907474004,36.85306414380528,37.49799346923828,17027986.0
2024-07-11,37.75596399307261,38.345612460155934,37.59012492238267,38.161346435546875,15369267.0
2024-07-12,38.235054741902324,39.0642501059933,38.12449653155091,38.824703216552734,20659651.0
2024-07-16,39.50649037593123,40.280404954227976,39.34065128668318,39.91187286376953,25644643.0
2024-07-17,40.003997129384935,40.18826314237217,39.61704166523542,39.801307678222656,16268864.0
2024-07-18,39.930296239330765,40.15141617669523,39.432779016197365,39.5249137878418,15575905.0
2024-07-19,39.50648292545152,40.42780946326329,39.15637785700014,40.298824310302734,20976571.0
2024-07-22,40.427815012144144,40.999036559907,40.261975931409395,40.6673583984375,14442052.0
2024-07-23,40.75949179720584,40.79634219144959,39.70917648315978,40.18826675415039,14161429.0
2024-07-24,40.09613607479679,43.30235238265637,40.09613607479679,41.93878936767578,53496543.0
2024-07-25,41.957209098255966,43.22863712093162,41.791370049284076,42.98909378051758,22298055.0
2024-07-26,43.2102181888822,43.320776394862484,41.82822831309171,42.1414794921875,14925820.0
2024-07-29,42.1414763952333,43.173361109241256,41.92035648494072,43.08122634887695,19160653.0
2024-07-30,43.28392116542522,43.560318429221326,42.25203640711488,43.09965515136719,18653228.0
2024-07-31,43.37605669915735,43.63402701466539,42.67584653623275,42.95224380493164,16580110.0
2024-08-01,43.22864577699547,44.002560322305015,43.19179538118632,43.89200210571289,13035896.0
2024-08-02,43.025951061165486,43.541891685508006,42.25203661006981,42.71269989013672,15334485.0
2024-08-05,41.23857399476239,43.283920018924015,39.6538947508347,41.459693908691406,34701865.0
2024-08-06,42.04933843901018,42.989091835811884,41.29385103435064,42.233604431152344,21495902.0
2024-08-07,42.36259223027368,43.21021444149821,42.17832622656559,42.84168243408203,11167508.0
2024-08-08,42.65742024791816,42.95224447440316,41.84665186779342,42.1046257019043,17552538.0
2024-08-09,42.381019864683346,42.52843196710767,40.79633712768555,40.79633712768555,10568241.0
2024-08-12,40.796342373563675,41.12802052531333,40.22512084254049,40.53837203979492,13795841.0
2024-08-13,40.53837016501164,41.27543073782272,40.317250235877296,41.25700378417969,9524832.0
2024-08-14,41.44126859918212,41.64396156877064,40.92532445594859,41.12801742553711,7072087.0
2024-08-15,41.18329796156149,41.58868038297428,40.5199417132661,41.55182647705078,10006089.0
2024-08-16,41.79137202229403,42.17832747844255,41.312281804266,41.459693908691406,9388264.0
2024-08-19,41.920358798378395,44.039409199555855,41.920358798378395,43.76301193237305,26874108.0
2024-08-20,43.57874647769246,44.02098281380081,43.081229281602326,43.26549530029297,13842149.0
2024-08-21,43.191794100992134,43.707734772851246,42.620569050602064,42.67584991455078,8927854.0
2024-08-22,42.896968186184985,45.237135102284206,42.896968186184985,44.86860656738281,21360287.0
2024-08-23,44.88703180621735,45.47668025119525,43.339202880859375,43.339202880859375,19613331.0
2024-08-26,44.13154228118915,44.13154228118915,42.04934235105454,42.196754455566406,14433605.0
2024-08-27,42.178328575795284,43.523468017578125,41.8466504535634,43.523468017578125,12924129.0
2024-08-28,43.50504012038421,45.826783411028764,43.22863934813605,45.21870803833008,27227874.0
2024-08-29,45.145001335534914,45.73464977023737,44.70276500950808,44.96073532104492,12621501.0
2024-09-02,45.16342964742718,47.264053137908725,45.052871441239205,46.75732421875,17834756.0
2024-09-03,47.17192122087854,47.2640524723074,46.11239425653684,46.71125793457031,12076156.0
2024-09-04,46.11239490591981,46.75732421875,45.273987853615154,46.75732421875,11778219.0
2024-09-05,46.98765432645323,47.67864924301872,46.52699104874291,47.63258361816406,10662359.0
2024-09-06,47.632584059725744,47.632584059725744,46.388791089628576,46.43486022949219,6163727.0
2024-09-09,46.11238872535867,46.57305195641037,44.94230369673757,45.144996643066406,8791240.0
2024-09-10,45.32926967839072,45.49510874849195,44.057837979142,44.51850128173828,9491266.0
2024-09-11,44.389518642359654,44.960740185963196,43.24707204057027,43.30235290527344,11701309.0
2024-09-12,43.83672279060754,44.26053219737389,43.007527416862786,43.91042709350586,9270310.0
2024-09-13,43.910424318245745,45.97419738769531,43.652454002532785,45.97419738769531,9327028.0
2024-09-16,45.734651127244724,45.734651127244724,44.242103043295536,44.3158073425293,10649021.0
2024-09-17,44.48164637516349,45.05287138805471,44.33423426222621,44.739620208740234,8125065.0
2024-09-18,44.68433671814039,44.887029679466174,44.11311525345531,44.13154220581055,8631646.0
2024-09-19,44.51849983838291,45.27398734898023,44.334233820402154,45.20028305053711,10920471.0
2024-09-20,45.23713123047023,45.329265992246405,44.02098049167915,44.13154220581055,10295398.0
2024-09-23,44.352657338241315,44.536923341949404,42.620562526715986,42.84168243408203,17888175.0
2024-09-24,42.970671174872415,43.74458564348427,42.62056609001463,42.9153938293457,18229308.0
2024-09-25,42.97067198474427,43.3760579373511,42.252038362696965,42.34416961669922,12398174.0
2024-09-26,42.49158444289233,42.989101681243916,41.478126525878906,41.478126525878906,15887395.0
2024-09-27,41.55182744354777,42.030917687951224,41.42284228439723,41.754520416259766,9175431.0
2024-09-30,41.31228602427476,42.123054438724594,41.220154767565944,41.7360954284668,8624985.0
2024-10-01,42.381019478652526,43.468185042097545,41.699236314536506,42.41787338256836,26213517.0
2024-10-02,41.95721012736561,43.13650693601849,41.95721012736561,42.41787338256836,12252716.0
2024-10-03,42.69427540825154,42.86011447984065,41.257004626006676,41.496551513671875,14412915.0
2024-10-04,41.680820866977975,41.9756451256562,40.519947273172846,41.957218170166016,8942635.0
2024-10-07,41.95720932879764,42.694269820177276,41.60710427742419,41.828224182128906,7282214.0
2024-10-08,41.69923963910238,42.76797833579708,40.92532516807643,42.1414794921875,9343048.0
2024-10-09,41.994064143876564,42.381019592285156,41.275427073917896,42.381019592285156,8844915.0
2024-10-10,42.38102111600768,42.786403530998285,40.925323486328125,40.925323486328125,11622452.0
2024-10-11,40.98060650869829,42.23361123976814,40.9069022087082,41.25700378417969,11879419.0
2024-10-14,41.293858471513346,41.55182879822481,39.248512268066406,39.248512268066406,12926367.0
2024-10-15,39.43277745996111,40.72263609542076,39.26693839212824,40.55679702758789,11290405.0
2024-10-16,40.26196832344673,41.75451625344303,40.16983356568051,41.44126510620117,11732949.0
2024-10-17,41.40441707101088,43.65245627496018,41.40441707101088,43.2470703125,19606930.0
2024-10-18,43.32077462148445,44.29738202564755,43.17336251468454,43.984130859375,19818003.0
2024-10-21,44.03940684932058,44.8133212648804,42.196753813662134,42.30731201171875,18341961.0
2024-10-22,42.417874945644584,44.42636709350696,42.19675502858316,44.334232330322266,18730289.0
2024-10-23,44.40794681291247,44.573785896979466,42.933822011715044,43.431339263916016,10950514.0
2024-10-24,43.87356830845666,44.48164367675781,43.67087886207747,44.48164367675781,12195903.0
2024-10-25,44.55535740343246,44.68434257223565,43.74458896649237,44.113121032714844,7587216.0
2024-10-28,44.02098203717025,44.315806256041114,43.91042383373916,44.149967193603516,2560589.0
2024-10-30,44.186821834946194,44.68433903053846,44.00255581643995,44.426368713378906,15590998.0
2024-10-31,44.463218792045126,44.85017777963922,43.33920276478467,43.37605667114258,10298444.0
2024-11-01,43.431331988702965,45.12657294163045,43.431331988702965,44.90545654296875,13631622.0
2024-11-04,44.83175105528044,45.126575278484545,43.76301236752007,44.03940963745117,12810676.0
2024-11-05,44.22367577244627,44.86860508037751,43.744585529828264,44.00255584716797,12502339.0
2024-11-06,44.66591078164506,48.277512690030186,44.573779532355296,47.8629150390625,40260104.0
2024-11-07,48.139310669837315,48.78423993675149,46.71125526675849,47.77077865600586,19303956.0
2024-11-08,48.09324826943825,50.120167452169746,47.86291662400472,49.42917251586914,20398159.0
2024-11-11,49.5213074297918,49.70557346267956,47.67865413007861,47.95505142211914,16198019.0
2024-11-12,47.95504805931837,50.765093441412844,47.95504805931837,50.6729621887207,24807747.0
2024-11-13,50.53476674553537,51.36396215932148,49.70557484633161,50.25836944580078,29278563.0
2024-11-14,50.67296087065703,51.73248782196717,50.166231964866846,50.58082962036133,14947354.0
2024-11-15,50.81115982470991,51.04149145852168,49.52130126953125,49.52130126953125,9889110.0
2024-11-18,49.06063952678102,49.19883991719627,47.862915696649225,48.64604187011719,12407933.0
2024-11-19,48.92243845507511,49.613433368364774,46.480925203534106,47.1258544921875,15828235.0
2024-11-20,48.4157090949187,48.50784385789775,45.05286932427488,45.10814666748047,17003923.0
2024-11-21,44.97916120796629,46.29665843566008,44.8133221503138,46.11239242553711,16001704.0
2024-11-22,46.15846073426295,47.31011897129129,45.69779743945162,47.26405334472656,14061199.0
2024-11-25,47.49438235765265,48.36964327216049,47.35618548562414,47.81684875488281,9312733.0
2024-11-26,47.816847509312055,47.816847509312055,46.29665735452482,46.5269889831543,9218932.0
2024-11-27,46.94158533931273,47.724711449494535,46.04789751990069,47.17191696166992,13537749.0
2024-11-28,47.264050935305875,48.18537747796128,47.21798531108947,47.586517333984375,10514581.0
2024-11-29,47.67865236166122,48.5999789773455,46.98765739989802,48.32358169555664,12633529.0
2024-12-02,50.67295794390422,50.76508918887863,48.46177291870117,48.46177291870117,15294588.0
2024-12-03,48.59997429272338,49.84376369817363,48.59997429272338,49.244903564453125,12535463.0
2024-12-04,49.47523673999695,49.751634003768174,48.78424182327795,49.10670471191406,7639835.0
2024-12-05,49.24490934518451,49.52130663277659,48.876377285340276,49.38310623168945,6265449.0
2024-12-06,49.65950416130268,49.75163541364329,49.106706103513,49.42917251586914,7466198.0
2024-12-09,50.258359087242745,52.699875679948384,50.212293465878446,51.77854919433594,27502155.0
2024-12-10,51.456086498470846,52.101015787475184,49.19883925882849,49.3370361328125,13017613.0
2024-12-11,49.47523607511047,49.93589934673239,48.738175543431765,49.060638427734375,12719707.0
2024-12-12,49.24490399007589,50.02803013885655,48.36964307906221,48.78424072265625,8332927.0
2024-12-13,48.69210598197614,49.52130126953125,47.862914209002845,49.52130126953125,8705235.0
2024-12-16,49.6595027540384,49.98196564267451,48.922438697872614,49.10670471191406,6384187.0
2024-12-17,49.1527708529077,50.857227107461355,48.83030796088557,50.35049819946289,16561700.0
2024-12-18,50.67296220740058,50.8572282274348,49.383103581743036,49.9359016418457,11126895.0
2024-12-19,49.38310197028331,49.5673679843046,47.95504651213663,48.36964416503906,10158394.0
2024-12-20,48.36964316337963,48.59997479749096,46.80338734850621,46.84945297241211,9243259.0
2024-12-23,47.07978439331055,47.448316412052414,46.43485863238499,47.07978439331055,8125187.0
2024-12-24,47.264050402681484,47.35618516465785,46.48092425608227,47.07978439331055,6304009.0
2024-12-25,47.54044907246502,48.00111235229349,47.35618657219916,47.402252197265625,5613868.0
2024-12-26,47.63259084814364,48.04718856392961,46.9876614585413,47.35619354248047,9350896.0
2024-12-27,47.49438474751447,48.646042978611234,47.356187868532054,48.2314453125,9471881.0
2024-12-30,48.46177884183836,48.507847984537975,46.20453143284258,46.3887939453125,11038353.0
2024-12-31,45.14499837443657,45.734646770463485,44.16839102190344,44.776466369628906,20157072.0
2025-01-02,45.218711928979346,46.11239635517436,44.813325969245994,45.91891860961914,15290149.0
2025-01-03,45.91891962554419,46.75732672274811,45.51353717142415,46.66519546508789,13549888.0
2025-01-06,46.8033889692722,47.21798662794616,46.158459668510694,46.20452880859375,8707666.0
2025-01-07,46.20452903089102,46.57305755125497,45.863635668462365,45.97419738769531,10479045.0
2025-01-08,45.863639488224194,45.90049339770456,44.77647376062911,44.850181579589844,11024378.0
2025-01-09,44.997589754191885,45.771504212453934,44.73961943963185,45.62409210205078,10439881.0
2025-01-10,45.67937219172635,45.88206164350167,44.75804563858543,45.03444290161133,13577543.0
2025-01-13,44.88703556011624,45.05287463845813,43.87357413529556,44.113121032714844,8840245.0
2025-01-14,44.33423416324784,45.36612246608708,44.14996814384212,45.0897216796875,13889096.0
2025-01-15,45.18185644668136,46.4809267873478,44.70276620205928,45.0897216796875,29343837.0
2025-01-16,45.53195466047572,46.57305460596384,45.14499921137743,46.5269889831543,26507190.0
2025-01-17,46.57305776554127,46.89552417624813,46.01104799122479,46.480926513671875,12217034.0
2025-01-20,46.71125567966639,47.44831619926285,46.388789286067954,47.310115814208984,15843707.0
2025-01-21,47.079783697277236,47.3101153269402,46.158457178625376,46.29665756225586,12951823.0
2025-01-22,46.3427231852721,46.57305481493506,45.91891383019187,46.29665756225586,9676290.0
2025-01-23,46.48092467916392,47.171919584658184,46.34272429223233,46.61912155151367,10549377.0
2025-01-24,46.80338896439784,47.4943838905885,46.80338896439784,46.94158935546875,15082801.0
2025-01-27,46.38879418075262,46.52699458038862,45.80836093727861,46.15846252441406,12495947.0
2025-01-28,46.29666210861266,46.34272773615257,44.831752659518045,44.86860656738281,20419821.0
2025-01-29,45.07129209273689,45.23713114905373,44.37108547740718,44.48164367675781,15392110.0
2025-01-30,44.6106256080473,45.66094072709366,44.4447900782837,45.144996643066406,16239029.0
2025-01-31,45.181857755069146,45.36612377981089,44.334235447089966,44.86860656738281,10191538.0
2025-02-03,44.62905505932719,44.62905505932719,43.08122623511176,43.118080139160156,12083584.0
2025-02-04,43.28392265054906,44.260530098357904,42.860113263881495,43.96570587158203,12030206.0
2025-02-05,44.02098126640677,44.62905664650387,42.896965269610234,43.56031799316406,14858216.0
2025-02-06,43.96570359363793,44.592205921721934,43.8367184404292,44.40793991088867,13121875.0
2025-02-07,44.51850026460718,45.49510770904793,44.22367603884808,45.476680755615234,13615530.0
2025-02-10,45.937342501939604,46.15845890652758,44.85017688806676,45.03444290161133,13919978.0
2025-02-11,45.03444406891403,46.57305776554127,44.90545891046408,46.480926513671875,19406819.0
2025-02-12,46.57305688774162,48.55391039683679,46.57305688774162,47.402252197265625,27816329.0
2025-02-13,49.337039806025565,49.70557185991775,47.31012053878286,48.0932502746582,36279205.0
2025-02-14,48.139314059845056,49.29097229094183,47.955048039953176,48.2314453125,19722436.0
2025-02-17,48.231445103089506,48.32357986992642,47.31011852221229,47.72471618652344,11034829.0
2025-02-18,47.72472141599598,49.935906858226424,47.49438974553791,49.290977478027344,21180467.0
2025-02-19,49.2909729917947,49.7977019177659,47.44831979583976,47.54045104980469,14628887.0
2025-02-20,47.72471377998553,48.507843442990726,47.49438214638079,48.04718017578125,10895120.0
2025-02-21,47.86291254156675,48.277510170900655,45.476676757824585,45.86363220214844,11947901.0
2025-02-24,46.43486464748395,46.98765923262308,45.42140322195253,45.937347412109375,8466709.0
2025-02-25,46.01104727183952,46.15845938127495,44.03940899017242,44.149967193603516,12329088.0
2025-02-26,44.11311368138946,45.3661182802375,43.85513987219142,44.776466369628906,15928890.0
2025-02-27,44.68433956039328,45.67937396337667,44.57378135381136,45.40297317504883,15446782.0
2025-02-28,45.16342761066198,45.38454401306609,44.35265926782258,44.7580451965332,17224452.0
2025-03-03,44.794898560379636,45.34769663224443,43.91042586289447,44.51850128173828,25081241.0
2025-03-04,44.592203309219805,44.92387789178982,44.205244357682346,44.536922454833984,19209457.0
2025-03-05,45.43982755883992,46.80339050292969,45.43982755883992,46.80339050292969,24944496.0
2025-03-06,49.705575187768346,49.705575187768346,48.0011187176292,49.290977478027344,32856374.0
2025-03-07,49.29097188791318,50.626896127978625,48.59997695490505,50.39656448364258,22446870.0
2025-03-10,50.442629147518204,50.81116117725978,49.29097094780318,49.613433837890625,21285362.0
2025-03-11,49.935901402307486,51.548222919354245,49.79770100929925,50.90329360961914,20629311.0
2025-03-12,52.51561467684447,52.79201194591147,50.304429495144554,50.626895904541016,33968919.0
2025-03-13,50.67295670868467,52.469544058545274,50.534756330010154,51.77854919433594,27271193.0
2025-03-14,52.05494610330333,53.75939868492398,51.31788562245606,52.97627258300781,33745450.0
2025-03-17,53.43693816020123,54.173998673287656,52.83807451636627,53.85153579711914,25796309.0
2025-03-18,53.529072931318275,56.70765033755948,53.43694167908369,56.293052673339844,39498956.0
2025-03-19,52.42348602381435,58.688506329725236,52.42348602381435,53.98973846435547,62860994.0
2025-03-20,55.14139466808193,56.66158493810787,54.911063021992064,56.062721252441406,47394866.0
2025-03-21,55.74026137317165,56.569456749845095,52.23922086587235,54.77286911010742,81567616.0
2025-03-24,55.740257266502994,57.628976024682984,52.976277567337554,55.003196716308594,45907794.0
2025-03-25,55.878455921751055,57.39864260032702,54.12793409415006,56.845848083496094,37424859.0
2025-03-26,56.7537179625651,60.39296230190084,56.29305465600343,59.10310363769531,35758368.0
2025-03-27,59.79410182064571,61.91314892755479,57.26045349798415,58.08964538574219,33511576.0
2025-03-28,57.951442060831546,58.872768621324376,56.845849485323775,58.64243698120117,17232393.0
2025-04-02,58.55030566063327,60.07049246612251,55.92452621459961,55.92452621459961,24987352.0
2025-04-03,55.97058634208197,58.59636553007533,55.97058634208197,57.767173767089844,20647183.0
2025-04-04,57.76717471366485,57.85930596175675,54.864994709205995,54.91106033325195,19061676.0
2025-04-07,53.11447471376014,55.97058548927307,52.97627433141073,55.27959060668945,24805404.0
2025-04-08,56.108784938722614,56.47731342789079,54.40432881460668,54.7267951965332,16069833.0
2025-04-09,54.63466709710593,57.122249639146474,54.54253584223047,56.385189056396484,26386541.0
2025-04-10,58.36603708808458,58.412106228474634,56.61551870530349,57.72111129760742,16897828.0
2025-04-11,57.582911945092924,59.932297564118336,57.26044904403321,59.517696380615234,20486676.0
2025-04-14,59.97835648076877,60.254757255045305,58.78063267903718,58.826698303222656,10549309.0
2025-04-15,58.82670057797668,59.840158407573654,58.64243807410958,58.964900970458984,11112873.0
2025-04-16,58.91735218380999,59.86839901929375,57.348123454079484,58.86980056762695,11870446.0
2025-04-17,58.77469093384175,60.914549840660186,56.87259735263033,57.776092529296875,18683991.0
2025-04-18,58.29916421236182,58.29916421236182,56.63483242375795,56.96770095825195,7180986.0
2025-04-21,57.06280540683795,57.871193698919306,56.11175865005732,56.92014694213867,9519789.0
2025-04-22,58.15651016329195,58.58447829805679,57.30056663785142,58.39427185058594,10007398.0
2025-04-24,58.869798374963246,62.388668632824746,58.869798374963246,61.58028030395508,23877485.0
2025-04-25,61.29495951786473,61.580276442355796,58.013851165771484,58.013851165771484,15424695.0
2025-04-28,58.441822673815295,61.627831417334676,57.918747694418194,61.05719757080078,18809838.0
2025-04-29,60.8669950242924,61.39007366514691,60.20126154062308,60.53413009643555,9138796.0
2025-04-30,60.96209999639996,62.24601175823227,59.39287491282221,60.86699676513672,14589279.0
2025-05-02,60.86699440614503,61.91314442131842,58.964900830953,59.63063430786133,12388035.0
2025-05-05,60.48657964658878,61.770491473425146,60.20126631039802,60.62923812866211,8930735.0
2025-05-06,60.24881487805851,61.627837127065504,60.20126326242689,60.86699676513672,12742309.0
2025-05-07,60.62923038067969,61.15230899613226,58.536926802735735,58.9173469543457,11306436.0
2025-05-08,59.44042370449236,59.82084386738333,58.299166843775,59.250213623046875,4850465.0
2025-05-09,61.485174314979844,65.95509117224191,60.96209569606344,64.71873474121094,24818564.0
2025-05-12,67.52432329511569,71.18585205078125,66.1453083273687,71.18585205078125,33645545.0
2025-05-13,71.37605839039779,71.75647126914987,65.62222290039062,65.62222290039062,35915273.0
2025-05-14,65.62223524205825,67.61943225476459,64.19566491070916,64.67118835449219,35011030.0
2025-05-15,64.52852198949971,64.67118045639455,61.43761998239261,62.959293365478516,25142070.0
2025-05-16,62.95929089604658,63.434814263104066,61.43761757264478,61.86559295654297,16837196.0
2025-05-20,62.95929269105681,63.24460962179017,60.81944110624495,61.00965118408203,18799417.0
2025-05-21,60.67678693424496,62.76909068258907,60.58168370257484,61.39007568359375,17056032.0
2025-05-22,61.81803997193455,61.86559521273891,59.29776458343502,59.535526275634766,19628402.0
2025-05-23,59.297764243245716,61.199857769931455,58.82224086157428,59.15510940551758,19995688.0
2025-05-26,60.72433537224399,61.4376204563093,60.248811982867124,60.439022064208984,16486732.0
2025-05-27,60.39146814281508,60.53412660535822,58.489374658002006,58.53692626953125,10346987.0
2025-05-28,58.48937388993397,58.91734564398797,57.538327160016344,58.299163818359375,11474564.0
2025-05-29,58.72713622108835,59.25021120272964,57.77608948066587,58.013851165771484,9170190.0
2025-05-30,57.918751903110014,59.060005167285944,57.348121643066406,57.348121643066406,14304126.0
2025-06-02,56.492177832277676,58.82223944394844,55.63623431471528,58.013851165771484,14726356.0
2025-06-03,58.15651177410717,60.29636701902265,58.15651177410717,59.39287185668945,8781046.0
2025-06-04,59.25021025604364,60.296363830566406,59.06000018540719,60.296363830566406,8556317.0
2025-06-05,60.15370865473672,60.53412881677893,59.630633652895334,59.91594696044922,2864632.0
2025-06-10,60.153707352013434,60.86699241942861,59.72573558597323,60.486572265625,8892298.0
2025-06-11,60.263552147937716,61.88842266131779,60.167973030842845,61.45831298828125,11563272.0
2025-06-12,60.215760917410954,61.123777089038256,58.92542464191023,59.929019927978516,13362937.0
2025-06-13,57.34834443661312,59.785648345947266,56.53591101553825,59.785648345947266,12466527.0
2025-06-16,59.068792848566794,60.64587374719426,58.304149000729936,59.546695709228516,9874371.0
2025-06-17,59.69007416588423,61.314944788498124,59.642284604124086,60.932621002197266,9694538.0
2025-06-18,60.93261764710208,60.980407206230815,59.021006113075345,59.49890899658203,8683677.0
2025-06-19,59.54670001875362,60.024602914002216,58.11299133300781,58.11299133300781,6780320.0
2025-06-20,59.21216800196299,59.21216800196299,57.68287658691406,57.68287658691406,7031624.0
2025-06-23,57.68287391123131,58.590890077092666,57.25276425286862,57.73066711425781,6971055.0
2025-06-24,60.21576115216712,60.598084903640554,59.49890685273655,60.120182037353516,10363787.0
2025-06-25,60.1201839741483,61.219362060462736,59.73786021035815,60.215763092041016,10229477.0
2025-06-26,60.550292461880986,61.79284284674688,60.45471334586494,60.88482666015625,10077603.0
2025-06-27,60.88482474026843,60.98040385327056,58.877630552238585,60.0723876953125,11526475.0
2025-06-30,60.072391096828206,63.51329040527344,59.97681197841404,63.51329040527344,20869602.0
2025-07-01,63.89561900149474,65.902809808808,63.752246666925245,65.37712097167969,14459728.0
2025-07-02,65.2337449279394,65.85502014760175,63.36992656117176,63.75224304199219,16470270.0
2025-07-03,64.23014799985567,65.32932614809508,64.18236208432681,64.75584411621094,10508082.0
2025-07-04,64.66026004759854,65.56827258761699,63.800033419454216,64.70804595947266,8047452.0
2025-07-07,63.56108234867905,64.08677842784903,62.461904278190396,63.08317947387695,7887372.0
2025-07-08,63.178760199282245,63.51329076171892,61.21936273802779,61.697265625,9327073.0
2025-07-09,61.697263219905004,61.888421450354386,60.74145383711046,61.2193603515625,12917396.0
2025-07-10,61.69726494297036,62.50969838339824,61.69726494297036,62.031795501708984,10401425.0
2025-07-11,62.60527291416116,63.08317576083415,61.31493668658785,62.17516326904297,11544539.0
2025-07-14,62.366323227039146,62.74864697346478,60.40692223035406,61.36272430419922,11982358.0
2025-07-16,61.31494117835546,61.31494117835546,59.355536446568,60.215763092041016,10517238.0
2025-07-17,60.502502402939214,61.55389090095844,60.12018229593093,61.2193603515625,10436841.0
2025-07-18,61.07598651810913,62.7486465158308,60.50250090265319,62.60527420043945,11058431.0
2025-07-21,62.65306932118477,65.1381627925834,62.414117885623,64.32572937011719,21294221.0
2025-07-22,64.42130449842938,65.61606160228668,63.99118756570956,65.0425796508789,17693165.0
2025-07-23,65.32931940527264,66.90640029934382,65.2815334946759,65.5204849243164,15048819.0
2025-07-24,65.56826962253305,66.61965443506705,64.56467801193101,65.28153228759766,13413471.0
2025-07-25,65.47269603599176,66.38070861157397,64.89921402550725,66.0939712524414,9698792.0
2025-07-28,66.4284987886682,66.52407790402101,64.89921106636568,66.14175415039062,10257799.0
2025-07-29,66.332916212603,66.76302585536064,63.60887145996094,63.60887145996094,16707380.0
2025-07-30,63.13097621489287,66.0461795391662,62.84423155706028,65.8072280883789,16223940.0
2025-07-31,65.95059638079493,66.85860892132402,65.56827262449143,66.52407836914062,7490095.0
2025-08-01,66.38070741073221,67.38430638008934,65.56827396955796,65.85501861572266,14857467.0
2025-08-04,65.85501580967295,67.71883405366921,65.85501580967295,66.81082153320312,12716686.0
2025-08-05,67.00198427925106,68.19674151423136,66.42850226490442,66.4762954711914,9658505.0
2025-08-06,66.76302980530292,67.04977444558534,65.61606582861154,66.52407836914062,7643864.0
2025-08-07,66.85860810031562,70.06056313934647,66.81082218900144,69.39149475097656,17090824.0
2025-08-08,69.43928527832031,69.82160901519421,68.57905869340871,69.43928527832031,6275591.0
2025-08-11,70.39509553109045,70.72962608792734,69.1047592163086,69.1047592163086,6786273.0
2025-08-12,69.20034012028754,69.5348706857614,67.86221056617264,68.29232025146484,6044785.0
2025-08-13,68.62685617753988,70.15614392824706,68.00558097787844,70.01277160644531,9131792.0
2025-08-14,69.96498158703446,70.01277479388396,67.81441853875816,68.5312728881836,9295374.0
2025-08-15,68.53126714930393,71.01636785298281,68.43568803582835,70.06056213378906,13688505.0
2025-08-18,72.59343557008111,72.64122876905334,69.20032991738397,70.15613555908203,17074415.0
2025-08-19,70.44288448665141,71.39869028588532,68.5312728881836,68.5312728881836,14946748.0
2025-08-20,68.72243339021793,70.29951430189438,67.9577858899448,69.91719055175781,13613853.0
2025-08-21,70.29951223856423,71.49426936503733,69.821609387975,70.72962188720703,10872596.0
2025-08-22,70.6818277157582,71.30310287144628,69.39149149530984,69.96497344970703,10902545.0
2025-08-25,70.25172853151656,71.44648581946753,69.6304532833381,70.82521057128906,14781777.0
2025-08-26,70.82520504036296,70.96857736216471,69.72602696284181,70.01277160644531,9200301.0
2025-08-27,70.06056648118829,70.34730383940769,68.6746437270267,68.8180160522461,8649729.0
2025-08-28,68.96139106338019,69.4392939712453,68.00558524764996,68.77022552490234,7590752.0
2025-08-29,68.77021930134812,70.44287932750396,68.005579093294,69.91719055175781,13912459.0
2025-09-01,70.10835221122707,70.2039313303833,68.62685763375718,69.72602844238281,7639617.0
2025-09-02,69.67823153657618,69.91718294287979,64.51687970197457,65.75942993164062,17012980.0
2025-09-03,65.75943904114636,66.09396959786953,63.417710559645734,65.47269439697266,15822449.0
2025-09-04,65.52049189925802,66.38071130376282,64.75584432612074,66.04618072509766,11186273.0
2025-09-05,66.38070558488224,68.00557971475664,65.95059591968496,66.14175415039062,11734003.0
2025-09-08,64.75583842662428,66.04617470804679,64.27793556000712,64.8514175415039,9730437.0
2025-09-09,64.89920891514866,65.85501462143299,63.704451782293276,63.84782409667969,12081628.0
2025-09-10,64.1345656132945,64.2779379370254,62.65307104732661,63.51329040527344,11323309.0
2025-09-11,63.17875274870812,66.09396293234003,63.17875274870812,63.895606994628906,14670354.0
2025-09-12,64.13456370072156,65.85501694974776,63.75223994624695,65.2337417602539,11622125.0
2025-09-15,65.233744190932,71.73322638252066,65.233744190932,71.54206085205078,34426448.0
2025-09-16,71.68543381269478,72.73681871683709,70.58625570245624,71.01637268066406,24572909.0
2025-09-17,70.87300281063243,73.02356589953902,70.58625814855701,71.87659454345703,21407388.0
2025-09-18,72.16333032907886,74.21831404192685,71.35089694275814,71.63763427734375,20764704.0
2025-09-19,71.63763450393489,72.83239163236756,71.11194574275581,72.545654296875,14941858.0
2025-09-22,74.0749493024207,74.21832163048221,71.92438625815689,72.16333770751953,14771155.0
2025-09-23,71.87658570227447,72.73681229046883,71.11194551782742,71.63763427734375,11483918.0
2025-09-24,71.6376404194115,73.11914229789049,70.15614583315188,71.92438507080078,16354517.0
2025-09-25,72.1633397536192,72.736821789906,69.48708052798781,70.44288635253906,11133111.0
2025-09-26,70.39509458934248,70.77741834584955,68.3401107788086,68.3401107788086,12212551.0
2025-09-29,68.29231772746363,68.86580700961697,67.38430518441939,67.43209838867188,7961639.0
2025-09-30,67.76662968553407,68.00558112498078,66.76303072297014,67.28872680664062,11235861.0
2025-10-01,67.28872962237936,69.34371354605709,66.6674543953764,68.14895629882812,14024406.0
2025-10-02,68.24453072909739,68.72243359513838,67.43209731527152,67.5754623413086,8941465.0
2025-10-03,67.95778792020376,68.57906312120907,66.71524481041233,67.28872680664062,11969005.0
2025-10-06,67.71883599321285,68.14895295645185,64.8036328282825,65.09037017822266,14527451.0
2025-10-07,65.18595445247053,66.7152496086946,64.75584474741984,66.42850494384766,14718726.0
2025-10-08,67.23466777253527,67.86348268827786,65.59008172894697,67.18629455566406,14479849.0
2025-10-09,67.9118526582651,67.96022587808082,65.78356383928109,66.12215423583984,9519706.0
2025-10-10,66.12215581690377,68.68578153337751,65.92867769444877,67.71837615966797,15150082.0
2025-10-13,66.02541747642205,67.81511596117792,66.02541747642205,67.33141326904297,9703641.0
2025-10-14,67.33141160628125,67.86348750677693,66.26726718600706,67.23467254638672,10516468.0
2025-10-15,67.2346712621898,71.68473435879567,66.12215364285909,71.24940490722656,21554931.0
2025-10-16,71.24941167643945,71.78148023660572,67.86349265809544,68.39556121826172,16806324.0
2025-10-17,68.44392346321268,68.87925288631045,66.65422517388683,68.20207214355469,13061474.0
2025-10-20,68.44392516743163,70.18525766461411,66.94444399592913,69.79829406738281,16627956.0
2025-10-21,70.13688709545723,70.42711164951834,68.87925720214844,68.87925720214844,12787428.0
2025-10-22,69.0727401250921,72.70051001211671,68.78251558184343,72.1684341430664,24092709.0
2025-10-23,72.16843247234793,72.99072548489387,71.49125172806694,72.07169342041016,14400269.0
2025-10-24,72.41029328526159,74.7804409623954,71.58800016491618,73.03910827636719,32004879.0
2025-10-27,73.03910160064697,74.2483582496643,72.55539894104004,73.5228042602539,15085904.0
2025-10-28,73.42606950578093,74.15162353769435,73.23258400217365,73.32933044433594,4548399.0
2025-10-30,73.66791888451563,75.74784186332484,72.99073071103139,74.73206329345703,15201284.0
2025-10-31,74.73205948296466,75.7478380010392,74.29673004991368,75.16738891601562,15002835.0
2025-11-03,75.16739035063074,76.03805661406659,73.232579712203,73.5228042602539,16739952.0
2025-11-04,73.52280711905412,74.00650979746895,72.652140821764,73.47443389892578,10587802.0
2025-11-05,73.52280664976846,74.15162160383751,72.8456258565969,73.23258209228516,9925136.0
2025-11-06,73.47443851801086,75.36088351085328,73.32933360993788,75.02229309082031,10983491.0
2025-11-07,75.02229519060747,75.45762468844599,74.0065165213605,75.36088562011719,9311000.0
2025-11-10,75.55435444286597,75.65109349926934,72.7005116850237,73.76465606689453,13741006.0
2025-11-11,73.76465855812539,74.63532485659424,70.28200074496716,71.10429382324219,14777970.0
2025-11-12,71.39451693523105,72.21680999683159,70.1852602620782,71.87821960449219,11235619.0
2025-11-13,71.87822633516046,72.21681675920543,70.91082090605046,71.39452362060547,10403012.0
2025-11-14,70.9591824693835,72.21681240366338,70.71733112669254,71.58799743652344,7789962.0
2025-11-17,71.92659217818536,73.0391098978054,71.15267226332796,71.39452362060547,11348196.0
2025-11-18,71.29776789403715,72.55539774049238,70.9591775140582,72.1684341430664,13660300.0
2025-11-19,72.5553972939272,74.15161751053692,71.92658237456982,73.42606353759766,15876221.0
2025-11-20,73.7646603750833,74.34510212812081,72.84562821450034,73.57118225097656,9494967.0
2025-11-21,73.28095293045044,73.61954331603192,72.31354761123657,73.5228042602539,7712544.0
2025-11-24,73.86140162517621,76.81199107987352,73.37769891986305,75.6511001586914,27196252.0
2025-11-25,75.74784065476268,78.74679571600979,74.10324715744095,74.8771743774414,30977440.0
2025-11-26,75.21577198049287,75.55436240393999,74.2967397767482,74.63533020019531,9808770.0
2025-11-27,75.07065736467374,77.68265636617389,74.92554507891526,76.66687774658203,19267673.0
2025-11-28,76.8119888305664,77.44080380520326,76.18317385592955,76.8119888305664,7112766.0
2025-12-01,76.8119900323405,77.19895366745727,76.23154827002406,76.66687774658203,10817031.0
2025-12-02,76.57013036166266,77.68264792395063,75.79620317553626,77.0538330078125,13210467.0
2025-12-03,77.10220430203093,78.3114610030083,76.08643310164022,77.58590698242188,11093114.0
2025-12-04,77.73102071305141,78.65006025137271,77.24731802363515,77.44080352783203,8007813.0
2025-12-05,77.44079827672589,78.11797904370347,76.3282806903626,77.15057373046875,9940665.0
2025-12-08,77.39242906285727,78.98864938842215,77.39242906285727,78.45657348632812,7237607.0
2025-12-09,78.4565775034767,79.18213156309095,77.29569396038093,78.89191436767578,7779022.0
2025-12-10,78.89191299474153,79.0370178995651,77.73102209113087,78.1663589477539,6072237.0
2025-12-11,78.45657474717582,78.98865065782064,77.44080352783203,77.44080352783203,6680666.0
2025-12-12,77.68265653656505,78.45657642777869,77.44080518667626,77.53754425048828,5222631.0
2025-12-15,77.73101828046717,79.56908991887019,77.68265244146953,78.6016845703125,10648931.0
2025-12-16,78.9886472364109,79.37561084732597,77.58590506943341,78.11798095703125,7952796.0
2025-12-17,78.26309997243503,78.31146581501575,76.32828913198283,77.63428497314453,11031005.0
2025-12-18,77.6342817415857,77.87613308657507,75.651097760386,75.94132232666016,10596009.0
2025-12-19,76.13479231278927,76.18316552890376,75.1190212008338,75.699462890625,8264597.0
2025-12-22,75.6994666985156,76.9570965735892,75.6994666985156,76.13479614257812,7051554.0
2025-12-23,76.13479663559886,76.4250211873312,74.92553997124234,75.50598907470703,6130206.0
2025-12-24,75.45761585584599,76.13479663559886,74.68368863837105,75.50598907470703,6609930.0
2025-12-25,75.9413158841076,76.42501853305095,75.60272550599058,75.79620361328125,2698762.0
2025-12-26,75.79620716115737,76.8603515625,75.07065315378053,76.8603515625,6192261.0
2025-12-29,78.35983654144007,78.84353923614032,75.40924715148161,75.55435943603516,10186931.0
2025-12-30,75.55435869853372,76.42502501663888,74.82880466356562,75.94132232666016,6735167.0
2025-12-31,76.32828807858779,77.82776203081366,76.08643672686902,76.27991485595703,9868545.0
2026-01-02,76.27990958473583,77.48916625976562,76.08643146901787,77.48916625976562,6869770.0
2026-01-05,77.58590980558985,78.35983707466363,77.15058032968426,78.1663589477539,7712909.0
2026-01-06,78.31145763404682,80.05279016082893,78.11797952250075,79.76256561279297,10441324.0
2026-01-07,79.90768516201882,80.00442422659948,78.55331611573698,78.65006256103516,6267271.0
2026-01-08,78.65005586910496,80.39138102554902,77.39242599440905,80.0044174194336,10070033.0
2026-01-09,80.24626949338682,80.2946427123678,78.31145882561893,78.74679565429688,8379723.0
2026-01-12,79.2304971197591,79.27886295728968,77.34405231886194,77.39242553710938,13386144.0
2026-01-13,77.39243024546576,78.79516509137791,77.19895212213902,78.31146240234375,13368322.0
2026-01-14,78.19742588136164,78.9305267489994,77.80643726045729,78.34404754638672,9056946.0
2026-01-15,78.34404495105622,79.12601470947266,77.07333383958432,79.12601470947266,14067272.0
2026-01-16,79.17489624023438,82.49828843811217,78.88165290079391,82.1072998046875,16497379.0
2026-01-19,82.49828847322146,83.0847676948641,80.68997443253672,80.7877197265625,11946821.0
2026-01-20,80.73884338695778,80.88546505680607,78.24630482948854,78.73503875732422,13392554.0
2026-01-21,78.88165028078322,79.37038419195905,78.34404745298241,78.63728332519531,10186473.0
2026-01-22,78.9305243107425,80.34784962806425,78.39291404142048,80.29898071289062,17406867.0
2026-01-23,80.6410929992366,82.5960285870969,80.54334771134108,82.20503997802734,15171439.0
2026-01-26,82.10729733179069,82.205042622831,80.4944739284187,82.15617370605469,15418428.0
2026-01-27,82.2050400647471,83.32912952045008,81.17870335453021,82.49828338623047,13157730.0
2026-01-28,82.69377429753281,90.02478278946812,82.69377429753281,88.94956970214844,29890434.0
2026-01-29,88.94957485494416,93.73916883863104,88.50971730294235,91.93085479736328,26233920.0
2026-01-30,91.93085225118526,95.98733777337148,90.56239579982099,95.64522552490234,22978226.0
2026-02-02,93.25043230578103,93.73916621990202,90.70901744384946,92.27296447753906,16571543.0
2026-02-03,92.27296199778809,94.81437679142147,91.39323948451451,94.0812759399414,13868375.0
2026-02-04,94.71663162305428,95.69409942626953,93.98353077064286,95.69409942626953,9942511.0
2026-02-05,95.49860122679542,95.64522288852288,93.34817504641744,93.93465423583984,8723866.0
2026-02-06,93.93465935648419,93.93465935648419,91.19775383748735,92.37071228027344,9157190.0
2026-02-09,92.8594437233893,95.35198966948589,92.71282205759167,95.05874633789062,7930403.0
2026-02-10,95.10762003139145,95.20536532000536,92.51732886694172,93.20155334472656,9521449.0
2026-02-11,92.81056983194625,94.52113857787724,92.02860002258483,93.8369140625,9586833.0
2026-02-12,93.836914127028,99.99496459960938,93.54367078738588,99.99496459960938,15695078.0
2026-02-13,100.19045508395767,101.7544021596243,97.74678544776359,98.8219985961914,11718439.0
2026-02-16,99.21298729791094,101.85214752382574,99.11524200389334,100.5814437866211,10491849.0
2026-02-17,100.58143851847504,101.55890632243012,97.74678039550781,97.74678039550781,12827401.0
2026-02-18,97.9422735087164,99.8972091672336,95.84072364180058,97.25804901123047,16479094.0
2026-02-19,97.55129234300313,98.919741337975,96.18283589054356,97.25804901123047,11109938.0
2026-02-20,97.30692793009803,99.70172119140625,96.81819400268918,99.70172119140625,10926907.0
2026-02-23,100.09270476819653,102.340876246208,98.91973892718019,100.67918395996094,11565319.0
2026-02-24,100.67918395996094,101.07017257363304,98.7242483490879,100.67918395996094,9386127.0
2026-02-25,101.07017258328781,101.65665177510823,98.4310050338646,99.5062255859375,10453610.0
2026-02-26,98.91973893662954,100.09270477775792,97.84452584204418,99.5062255859375,6998276.0
2026-02-27,99.79946641635735,102.04764546387813,97.74678541415761,99.40847778320312,15482182.0
2026-03-02,93.83690906729541,97.55128970087085,93.64141848973354,95.54747772216797,13402738.0
2026-03-03,94.81437658216723,96.67156689331541,90.9045053829026,91.00225067138672,9416086.0
2026-03-04,91.00225331633273,92.12634281029004,89.7315496141317,90.95338439941406,10089316.0
2026-03-05,92.85944354534374,93.59254441543855,90.46465035269574,91.0999984741211,13116101.0
2026-03-06,91.09999840494167,92.17521897958773,87.58111572265625,87.58111572265625,10943829.0
2026-03-09,85.52843726388535,90.02478790283203,85.23519392455687,90.02478790283203,11398132.0
2026-03-10,92.71282446816925,92.85944613777912,90.02478786944407,91.34436798095703,14996873.0
2026-03-11,90.95338158519229,90.95338158519229,87.53224429225634,88.65632629394531,16010724.0
2026-03-12,87.9721019875366,90.95338176010922,87.92322561454853,89.24281311035156,13490240.0
2026-03-13,88.85182705934567,92.370709748753,88.6074601023384,91.53986358642578,15988940.0
2026-03-16,91.93085219086561,93.05493422688555,91.24662023688856,92.1263427734375,9366983.0
2026-03-17,92.61507924397787,94.96100358703795,92.61507924397787,93.8369140625,9395838.0
2026-03-18,94.3256453698694,96.18283573393433,92.76169833709969,94.03240203857422,11031894.0
2026-03-19,93.10380788880241,93.88578511128341,90.85562896728516,90.85562896728516,5176467.0
2026-03-23,90.31802889668958,95.3031133334007,89.24281577622055,95.20536804199219,18298962.0
2026-03-24,94.32564268083742,95.49860105760413,91.4909845699158,91.58872985839844,8812229.0
2026-03-25,92.46845494429284,93.00606523214717,91.05112957811355,91.83309936523438,9686176.0
2026-03-26,91.68648513266196,92.02859738052885,89.43830614812921,89.7804183959961,7177504.0
2026-03-27,90.75788620513165,91.00225316177308,89.4871825050888,90.36689758300781,7408487.0
2026-03-30,89.8781661998342,92.61507917425864,89.73155198771224,91.34436798095703,9727612.0
2026-03-31,91.34436798095703,93.2993036891208,90.70901984179413,91.34436798095703,10151945.0
2026-04-01,93.59254195885167,93.78803253608403,91.3932394062938,92.61507415771484,7799787.0
2026-04-02,91.34436801566632,92.95719146701185,90.51352183087859,92.22409057617188,8199579.0
2026-04-03,92.2240880830511,92.27296445744763,91.29549662941851,91.53986358642578,4563897.0
2026-04-06,91.88197835286459,94.3745243656449,91.88197835286459,93.8369140625,9352490.0
2026-04-07,93.83691137213683,93.98353303765333,90.46465035269574,91.0999984741211,7709319.0
2026-04-08,95.5,96.4000015258789,94.5,95.05000305175781,15693011.0
2026-04-09,94.9000015258789,95.5,94.05000305175781,94.75,8671514.0
2026-04-10,95.55000305175781,102.30000305175781,95.30000305175781,102.19999694824219,21125954.0
2026-04-13,100.30000305175781,101.69999694824219,98.75,100.30000305175781,12965590.0
2026-04-14,101.80000305175781,108.0,101.5,104.5999984741211,18500698.0
2026-04-15,104.69999694824219,105.5,103.0,104.19999694824219,8136383.0
2026-04-16,104.5999984741211,106.9000015258789,102.5999984741211,103.80000305175781,8805276.0
2026-04-17,103.80000305175781,108.5999984741211,103.4000015258789,108.0,11140402.0
2026-04-20,106.0,108.19999694824219,104.9000015258789,107.5,9321027.0
2026-04-21,107.80000305175781,108.0999984741211,104.5999984741211,105.5,7453994.0
2026-04-22,105.5999984741211,107.4000015258789,105.30000305175781,106.80000305175781,8676997.0
2026-04-24,106.69999694824219,108.19999694824219,105.5999984741211,106.5,6701436.0
2026-04-27,106.80000305175781,108.19999694824219,106.0999984741211,106.30000305175781,10102021.0
2026-04-28,106.4000015258789,106.4000015258789,102.5999984741211,103.69999694824219,8391477.0
2026-04-29,104.0,106.69999694824219,104.0,104.9000015258789,8403818.0
2026-04-30,105.0,105.30000305175781,103.5,104.5999984741211,6050980.0
2026-05-04,105.19999694824219,105.80000305175781,102.0,103.4000015258789,6790251.0
2026-05-05,103.5999984741211,106.80000305175781,102.5999984741211,106.0999984741211,10329276.0
2026-05-06,107.0,110.80000305175781,106.5999984741211,110.5,14525679.0
2026-05-07,111.0,113.5,110.5,111.4000015258789,9725586.0
2026-05-08,111.4000015258789,114.30000305175781,110.80000305175781,111.30000305175781,10962316.0
2026-05-11,108.19999694824219,109.0,104.9000015258789,105.19999694824219,19801946.0
2026-05-12,104.5,104.5,100.69999694824219,101.0999984741211,16034594.0
2026-05-13,101.4000015258789,104.5,101.4000015258789,102.0,13789979.0
2026-05-14,102.4000015258789,104.69999694824219,102.0999984741211,103.69999694824219,9658545.0
2026-05-15,104.0,104.0,99.0,101.69999694824219,7007681.0
2026-05-18,101.69999694824219,101.69999694824219,98.19999694824219,98.19999694824219,8404353.0
2026-05-20,98.0,99.6500015258789,96.1500015258789,98.80000305175781,8997053.0
2026-05-21,98.80000305175781,98.9000015258789,92.5,95.25,7889941.0
2026-05-22,93.0,99.30000305175781,92.5,98.94999694824219,17571530.0
2026-05-25,100.19999694824219,100.4000015258789,97.9000015258789,99.0,7548521.0
2026-05-26,99.05000305175781,100.5,97.30000305175781,100.5,3045198.0
2026-05-27,100.5,100.5,100.5,100.5,0.0
2026-05-28,100.5,100.5,100.5,100.5,0.0
2026-05-29,100.5,100.5,100.5,100.5,0.0
2026-06-01,100.5,101.80000305175781,97.6500015258789,98.5,14084145.0
2026-06-02,98.5,99.75,98.5,99.19999694824219,10634352.0
2026-06-03,99.19999694824219,99.19999694824219,95.5,95.9000015258789,10293825.0
2026-06-04,96.19999694824219,97.25,93.75,94.94999694824219,14312062.0
2026-06-05,95.1500015258789,95.1500015258789,92.5,93.3499984741211,10013303.0
2026-06-08,93.0,95.55000305175781,91.55000305175781,94.94999694824219,10206512.0
2026-06-09,95.0999984741211,97.80000305175781,95.0999984741211,96.1500015258789,10988389.0
2026-06-10,96.0,96.19999694824219,92.80000305175781,93.80000305175781,8544227.0
2026-06-11,93.8499984741211,94.30000305175781,90.94999694824219,92.80000305175781,9885053.0
2026-06-12,94.4000015258789,95.30000305175781,92.75,93.0,15143162.0
2026-06-15,95.5,96.69999694824219,94.30000305175781,96.0999984741211,16760607.0
2026-06-16,96.1500015258789,96.5,93.44999694824219,94.1500015258789,16961393.0
2026-06-17,94.4000015258789,94.69999694824219,92.44999694824219,92.6500015258789,10668385.0
2026-06-18,93.0,94.6500015258789,92.4000015258789,94.30000305175781,14608542.0
2026-06-19,93.4000015258789,94.69999694824219,92.9000015258789,94.4000015258789,9401333.0
2026-06-22,94.5,94.69999694824219,91.9000015258789,92.69999694824219,12961712.0
2026-06-23,92.1500015258789,92.44999694824219,89.9000015258789,90.1500015258789,12447939.0
2026-06-24,90.44999694824219,90.44999694824219,89.0999984741211,89.30000305175781,8378511.0
2026-06-25,90.05000305175781,90.6500015258789,88.6500015258789,89.69999694824219,12747582.0
2026-06-26,89.5,91.25,89.1500015258789,90.8499984741211,9580496.0
2026-06-29,91.0,91.4000015258789,89.55000305175781,91.4000015258789,8957725.0
2026-06-30,92.30000305175781,92.55000305175781,90.0,90.5,17202901.0
2026-07-01,90.5,94.1500015258789,89.94999694824219,93.55000305175781,18535023.0
2026-07-02,93.5,93.8499984741211,91.8499984741211,92.05000305175781,11655202.0
2026-07-03,92.5,95.3499984741211,91.69999694824219,93.69999694824219,20136788.0
2026-07-06,94.30000305175781,94.44999694824219,91.0,91.05000305175781,11429260.0
2026-07-07,91.05000305175781,92.19999694824219,90.0999984741211,91.05000305175781,10339602.0
2026-07-08,91.0,91.0,88.75,89.5999984741211,14867916.0
2026-07-09,90.0,90.44999694824219,88.0,88.5,8271723.0
2026-07-10,88.8499984741211,90.6500015258789,88.25,90.30000305175781,11330554.0
2026-07-13,90.0,90.75,89.0,89.80000305175781,7229553.0
2026-07-14,89.9000015258789,90.3499984741211,88.44999694824219,89.69999694824219,9800886.0
2026-07-16,90.25,92.1500015258789,90.0999984741211,92.1500015258789,8122500.0
2026-07-17,92.1500015258789,92.19999694824219,90.05000305175781,90.69999694824219,7033451.0
2026-07-20,90.80000305175781,90.80000305175781,89.0999984741211,89.69999694824219,11243857.0
2026-07-21,90.1500015258789,91.9000015258789,89.94999694824219,91.19999694824219,9955572.0
2026-07-22,91.5999984741211,92.1500015258789,90.5999984741211,91.05000305175781,10173888.0
2026-07-23,91.05000305175781,91.44999694824219,89.25,89.94999694824219,11629601.0
2026-07-24,90.3499984741211,90.3499984741211,88.25,88.80000305175781,8348093.0
2026-07-27,89.5999984741211,90.55000305175781,88.0999984741211,88.6500015258789,8553069.0
2026-07-28,88.5,90.0,87.8499984741211,88.75,9039053.0
2026-07-29,88.80000305175781,89.94999694824219,87.0999984741211,87.55000305175781,8194693.0
2026-07-30,87.75,88.19999694824219,85.25,85.25,9960052.0
2026-07-31,85.44999694824219,87.69999694824219,84.75,87.5999984741211,15331035.0
2026-08-03,88.0,88.75,86.4000015258789,87.05000305175781,7939854.0
2026-08-04,87.05000305175781,87.19999694824219,85.55000305175781,85.8499984741211,12221440.0
2026-08-05,85.80000305175781,87.44999694824219,85.1500015258789,87.0999984741211,15550329.0
2026-08-06,87.55000305175781,88.05000305175781,85.75,85.8499984741211,16261778.0
2026-08-07,86.30000305175781,87.69999694824219,86.0,86.3499984741211,9755483.0
2026-08-10,86.69999694824219,87.44999694824219,85.55000305175781,86.19999694824219,9741184.0
2026-08-11,86.19999694824219,86.55000305175781,84.5999984741211,85.9000015258789,8451687.0
2026-08-12,86.1500015258789,87.05000305175781,85.0999984741211,86.6500015258789,13021209.0
2026-08-13,86.5999984741211,87.1500015258789,85.5,85.8499984741211,12278486.0
2026-08-14,86.05000305175781,87.69999694824219,85.8499984741211,87.6500015258789,14925184.0
2026-08-17,86.4000015258789,87.0,79.8499984741211,80.1500015258789,52418759.0
2026-08-18,80.0,81.75,78.5,81.0,33998045.0
2026-08-19,80.94999694824219,83.5999984741211,80.69999694824219,83.0999984741211,23161767.0
2026-08-20,83.1500015258789,84.1500015258789,82.1500015258789,82.8499984741211,13559963.0
2026-08-21,83.19999694824219,84.19999694824219,83.05000305175781,83.25,12252832.0
2026-08-24,84.0,84.5999984741211,82.75,82.94999694824219,10793790.0
2026-08-25,83.0999984741211,84.05000305175781,82.44999694824219,83.94999694824219,16256176.0
2026-08-26,84.0,89.25,83.94999694824219,87.75,35516469.0
