Date,open,high,low,close,volume
2018-01-01,2.8665502071380615,2.8665502071380615,2.8665502071380615,2.8665502071380615,0.0
2018-01-02,2.8980200206194784,2.9380717277526855,2.8837158200126236,2.9380717277526855,17712386.0
2018-01-03,2.943793453869803,3.0267574958999544,2.8751336134648398,2.9123244285583496,27355850.0
2018-01-04,2.912324126287967,2.969540654020261,2.8465249147733855,2.8608291149139404,33230980.0
2018-01-05,2.880854678231562,2.906602182549525,2.869411373293568,2.8922979831695557,21225468.0
2018-01-08,2.9180456826966394,2.9266280937667966,2.846524953842163,2.846524953842163,23892284.0
2018-01-09,2.8493855376589976,2.87227214656952,2.7950299097039824,2.8350813388824463,25337728.0
2018-01-10,2.832220675423463,2.8408033590869315,2.7692826322042188,2.7750041484832764,32584478.0
2018-01-11,2.8093339867472364,2.817916670172716,2.7492565669184503,2.803612470626831,37606636.0
2018-01-12,2.8121949981340095,2.880854831412762,2.7950301762292837,2.8608291149139404,45007884.0
2018-01-15,2.8579681015052976,2.9066022162633582,2.7978906816765114,2.803612470626831,33258070.0
2018-01-16,2.7893083870410917,2.872272420460399,2.780725976088729,2.8608291149139404,25367228.0
2018-01-17,2.863690289294164,2.9066026210784917,2.8264994744271026,2.906602621078491,27444182.0
2018-01-18,2.909463192158602,2.9180456029943427,2.863689970594757,2.8751332759857178,26554496.0
2018-01-19,2.869411681832961,2.9037416003383374,2.823638457159126,2.829360246658325,19654096.0
2018-01-22,2.8379427300789044,2.903741674009449,2.8379427300789044,2.900881052017212,24570380.0
2018-01-23,2.915185174220399,2.923767859257382,2.8665513231606545,2.8694119453430176,31250654.0
2018-01-24,2.8694113019748455,2.91232389904817,2.8694113019748455,2.880854606628418,22309666.0
2018-01-25,2.8808544077286826,2.892297711592187,2.849385390311516,2.8522462844848633,20981530.0
2018-01-26,2.857967997321273,2.889437289741025,2.857967997321273,2.880854606628418,21038260.0
2018-01-29,2.898020056041257,2.9008809507635824,2.8465250423591417,2.863690137863159,30752848.0
2018-01-30,2.8522471690303717,2.8808553011462115,2.8350820714968923,2.840803861618042,20489724.0
2018-01-31,2.8493858484755252,2.869411565249201,2.8436640592088014,2.846524953842163,26680998.0
2018-02-01,2.8722723705848505,2.932349791868026,2.8694114760404323,2.9294888973236084,67053950.0
2018-02-02,2.9409325705487355,2.955236772230199,2.849386116315298,2.8722727298736572,48040862.0
2018-02-05,2.8579681015052976,2.8665507849307765,2.783586482130626,2.803612470626831,35502024.0
2018-02-06,2.732091866227101,2.837942511007365,2.7092052550762293,2.820777416229248,28578538.0
2018-02-07,2.8379427798251684,2.8436642967398815,2.7864477634429936,2.786447763442993,30488476.0
2018-02-08,2.8036125342112768,2.80647342875132,2.723509396899503,2.7549784183502197,22645556.0
2018-02-09,2.7235095187456864,2.8121950708153434,2.703483528899367,2.7721433639526367,20850288.0
2018-02-12,2.79216952343045,2.8121952416634515,2.760700225830078,2.760700225830078,19794318.0
2018-02-13,2.775003922284851,2.8379422332037363,2.7606997235082997,2.8350813388824463,33941420.0
2018-02-14,2.8579678000016733,2.8894370902487245,2.837942086448011,2.8522462844848633,25208604.0
2018-02-15,2.8779938886314924,2.9523752299718704,2.875132994356506,2.9437928199768066,33992884.0
2018-02-16,2.9695406533668565,2.980983958910797,2.929488947548101,2.960958242416382,20994304.0
2018-02-19,2.969540955997055,2.9867057796472958,2.8837160192559934,2.926628351211548,14852716.0
2018-02-20,2.938071638504488,3.0067314719358285,2.9066023435593458,2.9209065437316895,22243994.0
2018-02-21,2.946653727193019,3.0038702487945557,2.9323495285851613,3.0038702487945557,23707072.0
2018-02-22,2.989566512127939,3.0010098182164406,2.9380717711446502,2.9838449954986572,21453588.0
2018-02-23,2.9981485614718624,3.0982776822784976,2.992427045533432,3.081112861633301,31220992.0
2018-02-26,3.0982776822784976,3.1154427757536,3.0210354437153004,3.081112861633301,23008822.0
2018-02-27,3.0839738055537835,3.158355430337792,3.0839738055537835,3.112582206726074,23871332.0
2018-02-28,3.1183033743907496,3.269927501678467,3.092556143612176,3.269927501678467,44671286.0
2018-03-01,3.2355978958913942,3.2499018234092643,3.1697986834234886,3.181241989135742,27891304.0
2018-03-02,3.14405109275203,3.1469119873105846,3.026757144150514,3.0496437549591064,32914224.0
2018-03-05,3.055365519300145,3.135468656480659,3.018174708830284,3.0839736461639404,17601492.0
2018-03-06,3.112582045857655,3.1411901727214504,3.0238962250710752,3.0839736461639404,18324544.0
2018-03-07,3.0496435776114073,3.0668086711346008,2.989566159525089,3.001009464263916,20707662.0
2018-03-08,3.0038704630088855,3.043922167401107,3.0010095685173166,3.0382003784179688,17072676.0
2018-03-09,3.0382005127374763,3.1154430304452583,3.0181747960709817,3.1011388301849365,14882018.0
2018-03-12,3.124025570628589,3.1898245125845506,3.0925565470187735,3.1039998531341553,15153044.0
2018-03-13,3.115442991256714,3.1554944240859033,3.0925563802600555,3.115442991256714,15453512.0
2018-03-14,3.1211647285037087,3.1526340254739202,3.095417221102606,3.1097214221954346,12112314.0
2018-03-15,3.124025447387368,3.1755204592901043,3.095417046812531,3.1612162590026855,21972386.0
2018-03-16,3.1697988790639586,3.186963975106736,3.126886548201934,3.1354689598083496,11070442.0
2018-03-19,3.132607596398797,3.138329385167133,3.063947768158198,3.081112861633301,12135228.0
2018-03-20,3.0925563757174146,3.1383295976434944,3.0639479755986527,3.129746913909912,17302890.0
2018-03-21,3.14119028272789,3.184102883771288,3.1354687662867278,3.181241989135742,24448174.0
2018-03-22,3.1783809132401135,3.1955460072445496,3.166937608180461,3.172659397125244,25401762.0
2018-03-23,3.1297469394295607,3.132607834030749,3.055365589608144,3.095417022705078,45049338.0
2018-03-26,3.112582183501806,3.118303699995613,3.0210357369614362,3.046782970428467,21456504.0
2018-03-27,3.07253049500066,3.08397380088627,3.0238963767793328,3.052504777908325,20280222.0
2018-03-28,3.0382003547989678,3.061086964893769,2.946653914419762,2.958097219467163,22294452.0
2018-03-29,2.975262403488159,2.995288394385928,2.9666799918633706,2.975262403488159,20941086.0
2018-03-30,2.9895660501866974,3.023895963147619,2.983844534441492,3.0038702487945557,11298578.0
2018-04-02,3.0067311651106694,3.0181744695148147,2.960957947494087,2.9695403575897217,6111268.0
2018-04-03,2.9666796909348476,3.049643722438776,2.9666796909348476,3.0238962173461914,23046042.0
2018-04-04,3.0467832149914975,3.0496441098830087,2.9838451643579686,3.0324792861938477,20415358.0
2018-04-05,3.035339407605363,3.075391110990518,2.995287977050116,3.0668087005615234,22389408.0
2018-04-06,3.058226165804848,3.0782521548848076,3.0296180387090685,3.0496437549591064,13702784.0
2018-04-09,3.0610873382258834,3.069669749850672,2.9638190970451257,2.975262403488159,19641904.0
2018-04-10,2.986705573288098,2.986705573288098,2.90374153716426,2.9380717277526855,24228516.0
2018-04-11,2.9123242642380367,2.9924274068575487,2.8121951313411935,2.9838449954986572,29962704.0
2018-04-12,2.975262258558006,3.0639480837939357,2.9495150249378326,3.052504777908325,27674964.0
2018-04-13,3.066809022227379,3.10972135170317,3.0439224101296327,3.098278045654297,24260020.0
2018-04-16,3.101138740546153,3.1097211513222995,3.066808824611647,3.0839736461639404,12948378.0
2018-04-17,3.1125821109784595,3.132607827485082,3.0124529827854962,3.035339593887329,31186300.0
2018-04-18,3.041061664248856,3.1440514237293526,2.9924275429533562,3.141190528869629,33085358.0
2018-04-19,3.149772763459542,3.2413192032524,3.126886153511327,3.206989288330078,27628566.0
2018-04-20,3.201267311875961,3.2670665162445447,3.181241597551994,3.2527623176574707,20918762.0
2018-04-23,3.2527623176574703,3.2527623176574703,3.2527623176574703,3.2527623176574707,0.0
2018-04-24,3.2670668709363193,3.2670668709363193,3.175520426568062,3.235597848892212,23629902.0
2018-04-25,3.235598054339874,3.252762877333858,3.101139001013935,3.149773120880127,25366256.0
2018-04-26,3.1640770962812885,3.181241918051158,3.109721190740215,3.1697986125946045,21793058.0
2018-04-27,3.1411903116307056,3.1411903116307056,3.041061453934659,3.046782970428467,22879168.0
2018-04-30,3.0582265025903945,3.061087397464003,2.883716007749523,2.906602621078491,28023820.0
2018-05-01,2.9066026210784917,2.9066026210784917,2.9066026210784917,2.906602621078491,0.0
2018-05-02,2.929488769548069,3.0668087005615234,2.923767253538709,3.0668087005615234,32442680.0
2018-05-03,3.0753912788093576,3.1554944171208508,3.0038705513951864,3.055365562438965,35747846.0
2018-05-04,3.055365366395774,3.109720995697726,2.966679550047435,3.001009464263916,33248458.0
2018-05-07,2.986705638267149,3.003870733934807,2.8264993519087254,2.829360246658325,26450514.0
2018-05-08,2.843664180966618,2.9781232333625773,2.8322208747731286,2.9495151042938232,45330306.0
2018-05-09,2.9180455241954464,3.0267570588888932,2.877994092823591,3.018174648284912,29085102.0
2018-05-10,3.0353395226284605,3.052504616966823,2.935210669616088,3.0238962173461914,21325980.0
2018-05-11,3.0267569787448316,3.1469118153387017,3.023896084342619,3.061086893081665,31641672.0
2018-05-14,3.086835151861006,3.1955467102590087,3.0696700540802797,3.166938304901123,18889252.0
2018-05-15,3.138330100996171,3.241319866848245,3.1240258986425573,3.2155723571777344,31489902.0
2018-05-16,3.232736918091988,3.3528917613945692,3.2184327181121715,3.3242833614349365,26919206.0
2018-05-17,3.3357267060635,3.3757784119117993,3.2785101783015898,3.309979200363159,18675066.0
2018-05-18,3.3071183252400456,3.3958038682693488,3.264205728083692,3.2899532318115234,16863038.0
2018-05-21,3.289953768025914,3.3700569138115504,3.269928049786992,3.3414487838745117,15174822.0
2018-05-22,3.34144826094726,3.424412288591948,3.287092358762519,3.4101080894470215,17687862.0
2018-05-23,3.361474216521811,3.398665027827175,3.2642059827739236,3.295675277709961,23565714.0
2018-05-24,3.352891798946523,3.3872217155846194,3.221293648752191,3.235597848892212,19373682.0
2018-05-25,3.261344854867632,3.418690499802015,3.2499015501176722,3.4101080894470215,26522748.0
2018-05-28,3.4329950027001486,3.561732260735418,3.4129692858233085,3.535984754562378,25406144.0
2018-05-29,3.529846280473289,3.6526234253132737,3.5083603533072427,3.6434152126312256,25860740.0
2018-05-30,3.628067911194835,3.6771787679782006,3.5390544100940344,3.5636098384857178,29131054.0
2018-05-31,3.582026630677695,3.6004430559927756,3.2351808315231123,3.4684576988220215,38511926.0
2018-06-01,3.450040260995356,3.594303595243329,3.348749064723559,3.4776651859283447,35856026.0
2018-06-04,3.4776656450696466,3.526776499112748,3.4377630029786816,3.4531102180480957,20192400.0
2018-06-05,3.4868741998328883,3.505290918271576,3.4346938391010498,3.4500410556793213,19675638.0
2018-06-06,3.459249166824146,3.4745960889286955,3.3180553173063485,3.379443883895874,26555540.0
2018-06-07,3.373304799052538,3.4592490829169953,3.3487493730123417,3.4070687294006348,18610480.0
2018-06-08,3.3947910904333853,3.3947910904333853,3.1461670304482796,3.1553752422332764,24814416.0
2018-06-11,3.1676527241408166,3.305777354445361,3.0755700275694586,3.2720134258270264,36023560.0
2018-06-12,3.256666706961345,3.3057778567112304,3.198347637423816,3.2535974979400635,23390466.0
2018-06-13,3.2382500631349984,3.302708131807357,3.189139209427254,3.204486131668091,27778836.0
2018-06-14,3.2075558138806586,3.3149860319605016,3.124681316761638,3.2474584579467773,21695404.0
2018-06-15,3.2474584579467773,3.2474584579467773,3.2474584579467773,3.2474584579467773,0.0
2018-06-18,3.244388633295515,3.244388633295515,3.124681005736438,3.15844464302063,20402772.0
2018-06-19,3.14616712480689,3.3610272601513844,3.130819909555758,3.3426108360290527,26007830.0
2018-06-20,3.3303330984933197,3.3303330984933197,3.201416959666237,3.210625171661377,26696954.0
2018-06-21,3.2136946362811263,3.2229028481703836,3.1430975645334103,3.204486131668091,25605446.0
2018-06-22,3.222902902743949,3.275083258872944,3.1860697618394433,3.235180616378784,20219728.0
2018-06-25,3.299638641488675,3.330333071522267,3.115472646734679,3.152306079864502,20568870.0
2018-06-26,3.1676530373425726,3.2136946829043738,3.1246811860867636,3.2014169692993164,18224966.0
2018-06-27,3.2075557739504488,3.253597420864559,3.158444918087764,3.164583921432495,24019670.0
2018-06-28,3.1615142174860065,3.1983473570264307,3.136958791125724,3.1400279998779297,22076684.0
2018-06-29,3.1492361349796414,3.1768610595761935,3.124680711499092,3.1277499198913574,20646454.0
2018-07-02,3.1154727197254153,3.1492366520981596,3.0847785816964857,3.1338894367218018,24704296.0
2018-07-03,3.14309719106651,3.299638238202367,3.1277499779254714,3.241319179534912,42621542.0
2018-07-04,3.26280527614463,3.2658747774811334,3.201416713033356,3.2198331356048584,18223678.0
2018-07-05,3.225972195498788,3.324193898219041,3.225972195498788,3.29349946975708,23242346.0
2018-07-06,3.3149856674644824,3.327263380233012,3.235180388107156,3.268944025039673,21314742.0
2018-07-09,3.3027079546959524,3.339541093001542,3.2290416780847724,3.268944025039673,21964320.0
2018-07-10,3.222902802179508,3.3579576479485698,3.213694590421652,3.354888439178467,34456112.0
2018-07-11,3.342611378364592,3.394791743050385,3.250528364641203,3.3334028720855713,33700004.0
2018-07-12,3.3303328357698145,3.3579574695759797,3.051014361863509,3.1031947135925293,54556054.0
2018-07-13,3.1308200127454913,3.149236730198609,3.0019038687450483,3.0725009441375732,32240952.0
2018-07-16,3.100125542206537,3.149236393194371,3.051014398494941,3.1093337535858154,25365632.0
2018-07-17,3.1093341009325473,3.250527959657355,3.1001258885246106,3.2474584579467773,30725114.0
2018-07-18,3.2382500253518782,3.4193465158290284,3.22904181357006,3.3886520862579346,40855004.0
2018-07-19,3.391721650494219,3.4991515705325584,3.333402291775201,3.4531102180480957,48266076.0
2018-07-20,3.4500405880895375,3.4745960141972105,3.3855825213759534,3.4408323764801025,17040462.0
2018-07-23,3.4377630029786816,3.4991515705325584,3.4377630029786816,3.4531102180480957,18840954.0
2018-07-24,3.443901990504495,3.468457417414877,3.3088468497736168,3.3119163513183594,30783726.0
2018-07-25,3.299639041668693,3.379444335255791,3.2812223228702035,3.3640971183776855,35795084.0
2018-07-26,3.382513451038196,3.3855826598843937,3.2597360227530823,3.327263593673706,38261404.0
2018-07-27,3.3303329666553987,3.3763743175322394,3.3057775404912477,3.357957601547241,21026386.0
2018-07-30,3.3334019672774584,3.3886518190594126,3.3241937562217165,3.373304605484009,17316278.0
2018-07-31,3.3548882488473417,3.4162768116232805,3.348749246207869,3.3947908878326416,33969696.0
2018-08-01,3.3978602536374547,3.585095744671592,3.3947910448994727,3.582026243209839,54998050.0
2018-08-02,3.52984621407533,3.701734506341817,3.493013071316182,3.6955955028533936,46004258.0
2018-08-03,3.686387138220484,3.71708127622457,3.5820264250142615,3.6249985694885254,30658078.0
2018-08-06,3.606581926345825,3.6495540716998724,3.569748784352553,3.606581926345825,20003650.0
2018-08-07,3.6065815272648147,3.7140117324005044,3.578956600645708,3.704803228378296,24231844.0
2018-08-08,3.7109429944579793,3.750845641924861,3.6771790582116384,3.701734781265259,22543234.0
2018-08-09,3.664900312459917,3.8030249351285437,3.618858966719533,3.7385668754577637,31038044.0
2018-08-10,3.529846032557099,3.818372449028519,3.173792044804536,3.6188595294952393,75233802.0
2018-08-13,3.6188590190229317,3.7385669294913018,3.407068415742922,3.4776651859283447,74914936.0
2018-08-14,3.529845718757951,3.637275922940087,3.3763741657684747,3.4469709396362305,48248538.0
2018-08-15,3.5022206097079476,3.609650808286516,3.428554338369139,3.4776651859283447,50967228.0
2018-08-16,3.563609757268488,3.563609757268488,3.189139336467873,3.216763973236084,51384216.0
2018-08-17,3.186069973717827,3.4684576988220215,3.1308201123249795,3.4684576988220215,56946976.0
2018-08-20,3.462318504076621,3.502221147021304,3.3825135109110414,3.4346935749053955,13702466.0
2018-08-21,3.4346935749053955,3.4346935749053955,3.4346935749053955,3.4346935749053955,0.0
2018-08-22,3.4346935749053955,3.4346935749053955,3.4346935749053955,3.4346935749053955,0.0
2018-08-23,3.4346935749053955,3.4346935749053955,3.4346935749053955,3.4346935749053955,0.0
2018-08-24,3.4346935749053955,3.4346935749053955,3.4346935749053955,3.4346935749053955,0.0
2018-08-27,3.4991509433525527,3.5421230792999268,3.4285541765001466,3.5421230792999268,41083172.0
2018-08-28,3.5329158223864474,3.7017346180009745,3.4561800328092813,3.6833178997039795,40902978.0
2018-08-29,3.6587620044141924,3.6649007145820542,3.5175681578681366,3.5574707984924316,27558410.0
2018-08-30,3.5574707984924316,3.5574707984924316,3.5574707984924316,3.5574707984924316,0.0
2018-08-31,3.5544011269072744,3.6280674017380328,3.511428986894121,3.6219286918640137,30236734.0
2018-09-03,3.5943038333607022,3.7385671771659106,3.5820261206575204,3.729358673095703,28258346.0
2018-09-04,3.7140118788275065,3.7201505890272415,3.5544013155016043,3.582026243209839,26994892.0
2018-09-05,3.5697484266141744,3.6004425621706933,3.4868736458916714,3.5114290714263916,29920792.0
2018-09-06,3.5298458143949865,3.557470741517358,3.4745959601502427,3.48380446434021,20432162.0
2018-09-07,3.4807351914519664,3.554401473465267,3.4623184745867492,3.4930129051208496,29341948.0
2018-09-10,3.477665442454099,3.5052903694248068,3.443901805447547,3.4592490196228027,16752222.0
2018-09-11,3.453109762148742,3.483804188235116,3.425484837215753,3.4776651859283447,19285652.0
2018-09-12,3.468457774118009,3.529846347707287,3.4469715538189054,3.4500410556793213,28081164.0
2018-09-13,3.471526751477352,3.511429098738817,3.3825132600406898,3.48380446434021,34109128.0
2018-09-14,3.486873585634671,3.4960820895938802,3.388651885193169,3.3947908878326416,32691824.0
2018-09-17,3.373304880077394,3.4408324496717935,3.354888456466779,3.4224157333374023,15599992.0
2018-09-18,3.422415724607118,3.4623183659600305,3.3825133759779806,3.3886520862579346,23134050.0
2018-09-19,3.400929608395513,3.446970957440668,3.400929608395513,3.4285545349121094,18717434.0
2018-09-20,3.453110080045062,3.483804508957192,3.3825133033604384,3.4070687294006348,30874156.0
2018-09-21,3.4101384394512406,3.511429659939231,3.4101384394512406,3.4991519451141357,34724986.0
2018-09-24,3.508359603588761,3.5237065238713483,3.4316238312808616,3.4868733882904053,24307100.0
2018-09-25,3.499151914550744,3.505290918271576,3.422416124383194,3.4500410556793213,25149440.0
2018-09-26,3.4531103043726747,3.4592493076434216,3.339541378377939,3.3825135231018066,23590138.0
2018-09-27,3.3671662234726685,3.4838046481869243,3.330333082940342,3.4531102180480957,34253610.0
2018-09-28,3.4439023032170026,3.4500410141401145,3.3671665139733675,3.4101383686065674,28520456.0
2018-10-01,3.3947912270903537,3.4684575097833044,3.379444011681709,3.391721725463867,19968022.0
2018-10-02,3.3917211694691383,3.4346930143005534,3.3794434576996286,3.4193460941314697,22696306.0
2018-10-03,3.4162770884711238,3.437763014002937,3.3579577295650864,3.3702354431152344,15570590.0
2018-10-04,3.364096669067549,3.4132075223391696,3.2750831743317925,3.379443883895874,25414556.0
2018-10-05,3.3825133033604384,3.4132074395488,3.3119162339520463,3.4070687294006348,27448772.0
2018-10-08,3.385582732013393,3.403999449101847,3.3426108800133125,3.3825135231018066,24773800.0
2018-10-09,3.385582719811566,3.4377630765297065,3.3579577906403406,3.4346935749053955,22665460.0
2018-10-10,3.4408322505178575,3.4684571770586365,3.2965689078736538,3.3027079105377197,25901670.0
2018-10-11,3.2965693042518684,3.3456801605744313,3.2382502355497733,3.256666660308838,27015764.0
2018-10-12,3.2996386918706406,3.3978604011198303,3.2290419115287317,3.3426108360290527,29459584.0
2018-10-15,3.364096394428267,3.4224154547463006,3.3149855451659747,3.373304605484009,25383068.0
2018-10-16,3.3733048348053005,3.4039992640427528,3.3272634836728936,3.33954119682312,32737122.0
2018-10-17,3.3671661714754424,3.376374383285382,3.2014168952776565,3.262805461883545,44015464.0
2018-10-18,3.2382501576086042,3.284291511121893,3.1645838748978274,3.1676530838012695,28198516.0
2018-10-19,3.1615138467199158,3.1829997690844616,3.1216112103830893,3.1277499198913574,24201982.0
2018-10-22,3.146166784206228,3.1584444965332046,3.023389660936461,3.038736581802368,32629520.0
2018-10-23,2.98655633896988,3.063292116962616,2.980417628946818,3.026458978652954,29455390.0
2018-10-24,3.023389627820745,3.0356673400132417,2.845362654667668,2.8545708656311035,29914488.0
2018-10-25,2.863779386703794,2.9650705964413215,2.7870436040102864,2.9527928829193115,32066714.0
2018-10-26,2.9343765413098724,2.9466542551762824,2.7686272577514432,2.774765968322754,29546832.0
2018-10-29,2.774765968322754,2.774765968322754,2.774765968322754,2.774765968322754,0.0
2018-10-30,2.777835399460894,2.7870436114460237,2.648919260773955,2.676544189453125,40660988.0
2018-10-31,2.679613459347085,2.8023908904156993,2.6642665365968226,2.741002321243286,46813838.0
2018-11-01,2.762487920215474,2.814668271015222,2.6888216459300955,2.694960355758667,33906428.0
2018-11-02,2.7532800295116,2.9251680228468593,2.7440715246115133,2.8576407432556152,48504644.0
2018-11-05,2.8760572014432815,2.9067516326904297,2.811599130003302,2.9067516326904297,29474456.0
2018-11-06,2.9190293123039224,2.937445736656521,2.8330850229125053,2.8576407432556152,26055872.0
2018-11-07,2.857641006303958,2.8852656453757275,2.8054606446287025,2.808529853820801,24404452.0
2018-11-08,2.805460511789938,2.8269464387363366,2.701099793380915,2.76248836517334,25584548.0
2018-11-09,2.7655574467565507,2.793182373046875,2.7010993829870458,2.793182373046875,19877922.0
2018-11-12,2.7931826145852976,2.7962518234311533,2.673474687883488,2.676544189453125,19563988.0
2018-11-13,2.6642664837475216,2.7747659060659613,2.6642664837475216,2.7103078365325928,26447124.0
2018-11-14,2.701099793380915,2.8146687243778516,2.682683075481287,2.76248836517334,29293006.0
2018-11-15,2.7839738641297074,2.7839738641297074,2.7164465919011436,2.719515800476074,29030324.0
2018-11-16,2.7195160854223963,2.7471410145575548,2.6826829441501134,2.716446876525879,24047684.0
2018-11-19,2.716446821954014,2.774765887949252,2.679613388697908,2.6857523918151855,30646754.0
2018-11-20,2.688821751145238,2.6949604612140208,2.5200029797591217,2.5230724811553955,46457126.0
2018-11-21,2.5414890331038023,2.578322173557622,2.483169967232866,2.5353503227233887,36388912.0
2018-11-22,2.553766616946839,2.593669256927104,2.513863976966574,2.5230724811553955,27808414.0
2018-11-23,2.5200031640019334,2.535350379381605,2.4831700227249924,2.4923782348632812,13937548.0
2018-11-26,2.5077253399616533,2.5169335516949958,2.4555449855997566,2.461683988571167,18746970.0
2018-11-27,2.4616837509928438,2.4739614630269635,2.3726701192026667,2.3788089752197266,32941400.0
2018-11-28,2.3788093965272874,2.4371286121991265,2.3634621805855778,2.384948253631592,40060250.0
2018-11-29,2.406434218236212,2.430989645546885,2.311281864226409,2.317420721054077,51999754.0
2018-11-30,2.314351236660709,2.38187880862885,2.3082123797874137,2.3419761657714844,47315952.0
2018-12-03,2.394156515435048,2.5783222211000303,2.394156515435048,2.501586437225342,83712340.0
2018-12-04,2.473961645511479,2.5077252829148478,2.4125729344508495,2.4309895038604736,32902638.0
2018-12-05,2.418711959416929,2.5537668111625784,2.3910870301970992,2.526141881942749,42238474.0
2018-12-06,2.48316995136934,2.51079487971417,2.3818787425874812,2.3941564559936523,49397818.0
2018-12-07,2.418711873233633,2.4309895865912137,2.3665315182829705,2.403364658355713,29890554.0
2018-12-10,2.391087195601032,2.4095037675675903,2.280587617439777,2.286726474761963,38083778.0
2018-12-11,2.2867261906548295,2.3389065445913793,2.2591014093180974,2.2836568355560303,69599706.0
2018-12-12,2.2959347618832235,2.323559692147185,2.259101619105875,2.2683098316192627,54962548.0
2018-12-13,2.2744485573051527,2.3726704120635986,2.2498931302060137,2.3726704120635986,85942878.0
2018-12-14,2.366531678755697,2.366531678755697,2.271379320601292,2.3143513202667236,35288912.0
2018-12-17,2.3174207953466825,2.3358373664200913,2.280587506837968,2.299004077911377,14287252.0
2018-12-18,2.289795820221094,2.302073534026953,2.265240392609376,2.2959346771240234,28645110.0
2018-12-19,2.305142916241646,2.3665314820907115,2.295934558183343,2.3542537689208984,45677294.0
2018-12-20,2.320489724213608,2.3327674360061246,2.2775177329398013,2.2928647994995117,34132258.0
2018-12-21,2.2867263471531953,2.3082124197627873,2.265240420905499,2.2744486331939697,27431274.0
2018-12-24,2.289795793195334,2.317420722113415,2.274448577938202,2.2805874347686768,17170346.0
2018-12-25,2.265240163947045,2.2683095189077305,2.2376152374914855,2.2498929500579834,9856586.0
2018-12-26,2.2560319261067003,2.2621707827158413,2.219198786451854,2.228407144546509,9228442.0
2018-12-27,2.2621709712020257,2.268309828322662,2.194643542875026,2.1977128982543945,17857254.0
2018-12-28,2.1946434150118126,2.2253376988266993,2.1823657014858577,2.1854350566864014,17770372.0
2018-12-31,2.1854351552838507,2.2314766562643205,2.1670185841640417,2.2191989421844482,18800096.0
2019-01-01,2.2191989421844482,2.2191989421844482,2.2191989421844482,2.2191989421844482,0.0
2019-01-02,2.2069213076907492,2.2376155939973303,2.1516715923389036,2.1578104496002197,20716062.0
2019-01-03,2.13939362165645,2.2161294066656207,2.133254764710192,2.170088052749634,41557454.0
2019-01-04,2.191573903376956,2.2345460468821887,2.163949121251466,2.2314765453338623,41516494.0
2019-01-07,2.2529626444986652,2.280587426960271,2.2376154292940797,2.246823787689209,46401600.0
2019-01-08,2.2529626071505633,2.280587389154224,2.2161293205425343,2.2775180339813232,32762520.0
2019-01-09,2.2959347106189343,2.357323280543814,2.280587494956767,2.345045566558838,49682640.0
2019-01-10,2.3573230864448322,2.3603925878692853,2.305142879486084,2.305142879486084,25155906.0
2019-01-11,2.3204898436866292,2.3542536260353497,2.2621706364886127,2.271378993988037,40902432.0
2019-01-14,2.2406850191392174,2.295934732600579,2.2099905875210086,2.2897958755493164,32813406.0
2019-01-15,2.31435086831735,2.3450451477986407,2.2744482318107377,2.2928647994995117,48557688.0
2019-01-16,2.299004117267053,2.302073619012782,2.24375440310103,2.2683098316192627,37692574.0
2019-01-17,2.2713792778851114,2.3051430644539286,2.259101563925886,2.2744486331939697,42694666.0
2019-01-18,2.3174207878499344,2.4279202139329272,2.3143512861666813,2.415642499923706,67929682.0
2019-01-21,2.4401978686703476,2.566044507389032,2.434059011814848,2.501586437225342,76872694.0
2019-01-22,2.5107952951174988,2.6059475165770243,2.483170362202209,2.587531089782715,50695012.0
2019-01-23,2.5783222186781707,2.612086150894541,2.5138641485750273,2.5752530097961426,60025356.0
2019-01-24,2.584460956169912,2.6182245921911087,2.5537665287151845,2.602877378463745,50597714.0
2019-01-25,2.6427800260165855,2.6642662423971712,2.5813914636229596,2.5936691761016846,46574868.0
2019-01-28,2.6090166696022377,2.682682952372592,2.5230726730368245,2.526141881942749,59067290.0
2019-01-29,2.5353502850240415,2.6458497047424316,2.532280783517587,2.6458497047424316,55220946.0
2019-01-30,2.65812762501636,2.676544342765308,2.5752531269555887,2.5967390537261963,71154502.0
2019-01-31,2.63971118970918,2.658127614662596,2.5906000401445457,2.605947256088257,52916734.0
2019-02-01,2.602877581017842,2.6243637989976953,2.5353503037205236,2.5537667274475098,35134882.0
2019-02-04,2.54148906032382,2.59673891795818,2.5322808482926877,2.5506975650787354,23079334.0
2019-02-05,2.559905749692602,2.581391675109719,2.507725394202079,2.5353503227233887,23861620.0
2019-02-06,2.550697751431291,2.5537669605167146,2.4125732436159826,2.520003318786621,52696268.0
2019-02-07,2.520002755463104,2.6397106647491455,2.4954473319260293,2.6397106647491455,94725720.0
2019-02-08,2.5936694163732086,2.667335698069833,2.523072636261555,2.5506975650787354,72697738.0
2019-02-11,2.578322226175795,2.6212943706107796,2.5568363003201955,2.6090166568756104,46467834.0
2019-02-12,2.6243636234666634,2.664266262504608,2.5967386970001054,2.618224620819092,56047464.0
2019-02-13,2.642780017065389,2.682682655667033,2.596738668607052,2.602877378463745,57443908.0
2019-02-14,2.6120859580980778,2.6611968092711007,2.541488889994035,2.6581273078918457,58248174.0
2019-02-15,2.66733529668555,2.6826825095771563,2.590599524951258,2.6397106647491455,54756894.0
2019-02-18,2.6427803638120766,2.737932867227238,2.633572151456994,2.7072384357452393,62958230.0
2019-02-19,2.722585476088537,2.7839740423738926,2.694960548079184,2.7716963291168213,78206816.0
2019-02-20,2.7778355110643185,2.780905012757277,2.701099725083115,2.7072384357452393,41231832.0
2019-02-21,2.7072384823985214,2.7410024161553252,2.6980302698847556,2.704169273376465,37218632.0
2019-02-22,2.725654942353415,2.8422933631498726,2.7103077277995022,2.839223861694336,59053544.0
2019-02-25,2.8729876966855836,2.925168054115372,2.7962519113739877,2.799321413040161,49455790.0
2019-02-26,2.8238769065522744,2.9159599096110678,2.8238769065522744,2.89754319190979,56079220.0
2019-02-27,2.8852654137279097,2.9282375589291596,2.845363062919924,2.9067516326904297,35277994.0
2019-02-28,2.8975429818687575,2.9343764146012807,2.8515016300387677,2.8699183464050293,44550114.0
2019-03-01,2.8821962997114197,2.8914045122993333,2.7471411490442836,2.76248836517334,51886214.0
2019-03-04,2.7778352222423766,2.802390647785338,2.7747657208685657,2.7839739322662354,25832830.0
2019-03-05,2.780904834210192,2.7931825474699465,2.722585476683529,2.728724479675293,40441150.0
2019-03-06,2.7317935608240136,2.808529338293494,2.7317935608240136,2.759418487548828,38075250.0
2019-03-07,2.7594186069871993,2.7962517466399803,2.734863180552012,2.7379326820373535,29941872.0
2019-03-08,2.737932542427228,2.7502102550187675,2.651988554286448,2.6918911933898926,28565800.0
2019-03-11,2.7041690531557845,2.768627120950438,2.701099551659903,2.728724479675293,24538018.0
2019-03-12,2.762488247272684,2.7839741733020813,2.7010996781002707,2.741002321243286,28485430.0
2019-03-13,2.7532799883745622,2.7809049172145,2.7133773459084054,2.7440714836120605,23508422.0
2019-03-14,2.750210484922547,2.826946268215337,2.731793768133813,2.8177380561828613,31650886.0
2019-03-15,2.8208075340357945,2.869918685914381,2.805460610092785,2.866849184036255,29230696.0
2019-03-18,2.897543091066459,2.931307023556414,2.8729876634685576,2.9006125926971436,31172650.0
2019-03-19,2.897543186535903,2.983487478684073,2.888334974064241,2.971209764480591,49304062.0
2019-03-20,2.9036823129353198,2.9251682405201325,2.826946522733777,2.8422937393188477,29396740.0
2019-03-21,2.8453630351982824,2.86684896122768,2.741002321243286,2.741002321243286,38482466.0
2019-03-22,2.7931823475295916,2.7993210573581635,2.682682643377771,2.694960355758667,30128540.0
2019-03-25,2.710308148496829,2.8361548004701964,2.6888222204205414,2.833085298538208,50297962.0
2019-03-26,2.8422937894482097,2.894474151123465,2.774766210917206,2.808529853820801,47450204.0
2019-03-27,2.80852960715361,2.8330850348766305,2.5721835421385912,2.624363899230957,76128048.0
2019-03-28,2.7133773440688618,2.872987621101498,2.694960627280128,2.8177380561828613,62504460.0
2019-03-29,2.814668554597442,2.845362985004071,2.7471409833371276,2.8177380561828613,30282192.0
2019-04-01,2.811598766519391,2.839223692525712,2.7655574183246916,2.7778351306915283,36584552.0
2019-04-02,2.756348914506749,2.8208069776135805,2.7225852786788862,2.7778351306915283,45996828.0
2019-04-03,2.7471407034125597,2.796251552879907,2.7471407034125597,2.7778351306915283,20300856.0
2019-04-04,2.7809049229469904,2.879126632159213,2.7809049229469904,2.851501703262329,36358374.0
2019-04-05,2.915959651118208,2.937445575928525,2.848432082498078,2.8729875087738037,37212400.0
2019-04-08,2.885265342623085,2.919029274707624,2.8330849864231458,2.851501703262329,20696152.0
2019-04-09,2.9006123919170244,2.9896258839788583,2.8975428904988103,2.949723243713379,28560508.0
2019-04-10,2.980417783853927,2.9988345003278476,2.9159597152808727,2.937445640563965,19747868.0
2019-04-11,2.925167798226606,2.9313068010219236,2.876056946759126,2.8821959495544434,14835094.0
2019-04-12,2.8484323449915583,2.9006127038170284,2.814668703931935,2.8883349895477295,17823502.0
2019-04-15,2.882196218867396,2.8944739328814983,2.817738147112413,2.8238768577575684,38843208.0
2019-04-16,2.83615436953971,2.8484320826783494,2.8054602330549963,2.8300156593322754,27681348.0
2019-04-17,2.836154460906983,2.876057103073976,2.8300157505017887,2.8361544609069824,28530670.0
2019-04-18,2.830015650051496,2.8453628646054088,2.8085294325865107,2.839223861694336,18473706.0
2019-04-19,2.8361543509980236,2.860709777114769,2.8361543509980236,2.8484320640563965,9102760.0
2019-04-22,2.8422933631498726,2.857640577703785,2.81773793695312,2.839223861694336,5837038.0
2019-04-23,2.839223861694336,2.839223861694336,2.839223861694336,2.839223861694336,0.0
2019-04-24,2.833085063262038,2.839224066616196,2.7870437090010216,2.7901132106781006,31038700.0
2019-04-25,2.78704338360953,2.7962515948419027,2.6888216832008704,2.701099395751953,34173482.0
2019-04-26,2.725654931754438,2.7471408564121034,2.6611968650576725,2.688821792602539,30015210.0
2019-04-29,2.691891144123671,2.7839738405130703,2.685752141578376,2.7778351306915283,45623542.0
2019-04-30,2.7747659121583372,2.839223981833232,2.768627201711281,2.8177380561828613,27967542.0
2019-05-01,2.8177380561828613,2.8177380561828613,2.8177380561828613,2.8177380561828613,0.0
2019-05-02,2.808529274104723,2.845362704045157,2.7655574270471397,2.7686269283294678,24111956.0
2019-05-03,2.7716961368880426,2.7993210629814915,2.7287242898304593,2.7686269283294678,18886466.0
2019-05-06,2.753280007924026,2.7624882200281267,2.694960648242557,2.7256550788879395,28148694.0
2019-05-07,2.6704051129787016,2.7471408937696054,2.6519886895141975,2.7379326820373535,72604000.0
2019-05-08,2.7560888195729554,2.803294424387877,2.705251748003641,2.7125141620635986,46613598.0
2019-05-09,2.7088827669040163,2.7088827669040163,2.658045873639617,2.676201820373535,21038602.0
2019-05-10,2.697989142578414,2.766982157829223,2.697989142578414,2.7415637969970703,35122496.0
2019-05-13,2.73793278046207,2.745195194741162,2.6253652725613295,2.687095880508423,30733154.0
2019-05-14,2.690726941886714,2.7815072049533334,2.668939699528679,2.770613670349121,28158302.0
2019-05-15,2.7815069796117187,2.7815069796117187,2.708882844301855,2.745194911956787,17980968.0
2019-05-16,2.7597201942693905,2.806925976582789,2.7488266587506835,2.774245023727417,23726144.0
2019-05-17,2.814188323608202,2.861394104785926,2.694358396887534,2.705251932144165,45278244.0
2019-05-20,2.7234078697283404,2.730670283788298,2.679833385368593,2.7125141620635986,13012422.0
2019-05-21,2.6943582071999796,2.7052517416896866,2.589053117001564,2.643521308898926,27767618.0
2019-05-22,2.6362588771859667,2.658046119168957,2.5781593920817176,2.5817906856536865,29134366.0
2019-05-23,2.5781593562638294,2.6398899609328277,2.56363452847696,2.636258840560913,15606854.0
2019-05-24,2.6507837772369385,2.6762021403332956,2.628996361512043,2.6507837772369385,26513844.0
2019-05-27,2.6507833293014067,2.6580457422659483,2.5781590265064085,2.5963151454925537,20280204.0
2019-05-28,2.599946667133613,2.6435213248034306,2.592684253046911,2.618102788925171,40850794.0
2019-05-29,2.6144714898134462,2.6689396819240616,2.5999466616705633,2.6217339038848877,43175088.0
2019-05-30,2.654414946210343,2.683464603507644,2.6253652889130414,2.661677360534668,45979850.0
2019-05-31,2.6616771420958685,2.6616771420958685,2.6217337800153473,2.632627487182617,29763138.0
2019-06-03,2.632627358692349,2.6507834787017885,2.6253649453184917,2.6471521854400635,11028550.0
2019-06-04,2.6471521854400635,2.6471521854400635,2.6471521854400635,2.6471521854400635,0.0
2019-06-05,2.6471521854400635,2.6471521854400635,2.6471521854400635,2.6471521854400635,0.0
2019-06-06,2.6471521854400635,2.6471521854400635,2.6471521854400635,2.6471521854400635,0.0
2019-06-07,2.6507837345063536,2.7234078752532636,2.6471524408942035,2.708883047103882,31719426.0
2019-06-10,2.7197768266850053,2.7924011471247625,2.712514411955992,2.774245023727417,44696114.0
2019-06-11,2.7887693601217247,2.814187893754002,2.763350999639042,2.7996630668640137,37427140.0
2019-06-12,2.799663266377047,2.821450508264659,2.741563954676748,2.766982316970825,32394224.0
2019-06-13,2.741563866256911,2.7451949865462666,2.7016205041763897,2.723407745361328,19167936.0
2019-06-14,2.7161451854383283,2.7306700121131646,2.6580458787389816,2.6725707054138184,30826328.0
2019-06-17,2.6725706502633586,2.6725706502633586,2.6289959979884516,2.6653082370758057,34707504.0
2019-06-18,2.6725711532246508,2.716145640550417,2.650783909561768,2.705251932144165,80756170.0
2019-06-19,2.70162046405505,2.737932532157349,2.661677102567721,2.6907267570495605,48616812.0
2019-06-20,2.7088829774449765,2.7597198746605427,2.7016205635570385,2.727039098739624,59837010.0
2019-06-21,2.723407854001315,2.741563975621167,2.6907269043454245,2.7379326820373535,19331646.0
2019-06-24,2.7778760299648124,2.810556806285843,2.756088788034256,2.7633512020111084,36794162.0
2019-06-25,2.7633511219584608,2.8032943110992123,2.7379325872010347,2.788769483566284,26610142.0
2019-06-26,2.7887697276513888,2.8141882646335543,2.770613778220943,2.7851386070251465,30371648.0
2019-06-27,2.7996631616393493,2.857762471166105,2.7887694545282824,2.839606523513794,36999578.0
2019-06-28,2.846869224592923,2.861394053440877,2.792401029838285,2.8505003452301025,33311194.0
2019-07-01,2.8904435036090863,2.9303866934983156,2.8722873822779054,2.886812210083008,53850842.0
2019-07-02,2.8940748921994386,2.901337306775048,2.850500404745783,2.8541316986083984,26148170.0
2019-07-03,2.8613938898301168,2.879549838277117,2.8250818197865075,2.8287129402160645,23469402.0
2019-07-04,2.828712761825621,2.8432375889270682,2.781506987171119,2.8323440551757812,23600660.0
2019-07-05,2.825081507280275,2.83234392048564,2.7451947888716752,2.7560884952545166,25895542.0
2019-07-08,2.7052515509615636,2.78513827295201,2.6943580172398827,2.745194911956787,35779158.0
2019-07-09,2.7270392128252348,2.7451951617298307,2.6035779984156857,2.6507837772369385,46612500.0
2019-07-10,2.6217339093937166,2.6435213248034306,2.5890531325783654,2.618102788925171,39821100.0
2019-07-11,2.6398902011555156,2.7234080551047115,2.6326277866012213,2.705251932144165,40714992.0
2019-07-12,2.719776642341245,2.74156405820118,2.6035780145528618,2.6253652572631836,32170508.0
2019-07-15,2.6253652572631836,2.6253652572631836,2.6253652572631836,2.6253652572631836,0.0
2019-07-16,2.6580459823322906,2.7088828776755096,2.6471522753268015,2.6907267570495605,19789140.0
2019-07-17,2.6907267570495605,2.7197764115314,2.6725708095732106,2.6907267570495605,20322034.0
2019-07-18,2.6907269735820414,2.7343016319610087,2.665308610439724,2.7197766304016113,35077530.0
2019-07-19,2.741563866256911,2.8396065381639346,2.741563866256911,2.814188003540039,79578008.0
2019-07-22,2.8032942561002114,2.8359752039829202,2.766982187980312,2.7815070152282715,29948254.0
2019-07-23,2.7887697276513888,2.8105569708576943,2.774244898847185,2.7851386070251465,26127590.0
2019-07-24,2.785138294440966,2.8250816557443756,2.777875880853946,2.8069255352020264,32149820.0
2019-07-25,2.8141882646335543,2.821450679035656,2.756088949416739,2.7851386070251465,27731258.0
2019-07-26,2.7669822962714634,2.8069256593414122,2.763351175892162,2.796031951904297,23345630.0
2019-07-29,2.7960318424762316,2.8032942561002114,2.7815070152282715,2.7815070152282715,17123326.0
2019-07-30,2.785138404325777,2.79966323207288,2.7234077998257895,2.730670213699341,31436932.0
2019-07-31,2.730670366182977,2.73793278046207,2.676202172514977,2.687095880508423,23473128.0
2019-08-01,2.668939357094788,2.690726596657447,2.6398897043445757,2.6653082370758057,23596626.0
2019-08-02,2.6544148593586776,2.661677273445379,2.6144714953070154,2.618102788925171,23518454.0
2019-08-05,2.6035781137885805,2.6326277718429076,2.56363474738907,2.574528455734253,25639158.0
2019-08-06,2.5781595764162337,2.6035781137885805,2.56363474738907,2.574528455734253,21072304.0
2019-08-07,2.578159491559738,2.5854219058342878,2.43291103291913,2.4438047409057617,51849710.0
2019-08-08,2.4619607381091395,2.4982728076373792,2.4292797889589206,2.454698324203491,46111488.0
2019-08-09,2.454698204146948,2.4946413920996324,2.440173203896448,2.4474356174468994,33862784.0
2019-08-12,2.4474356174468994,2.4474356174468994,2.4474356174468994,2.4474356174468994,0.0
2019-08-13,2.4474356174468994,2.4474356174468994,2.4474356174468994,2.4474356174468994,0.0
2019-08-14,2.4474356174468994,2.4474356174468994,2.4474356174468994,2.4474356174468994,0.0
2019-08-15,2.389336515686267,2.3965989298648123,2.3094499597222717,2.320343494415283,55691376.0
2019-08-16,2.3203432328861613,2.334868059606138,2.2549815126462667,2.258612632751465,40203358.0
2019-08-19,2.265875367799737,2.302187612904552,2.2223008814535,2.233194589614868,39889536.0
2019-08-20,2.229563033408479,2.2804001013114736,2.2259319132151774,2.2658751010894775,36501136.0
2019-08-21,2.2695061155143477,2.2803998210546297,2.222300346755751,2.229562759399414,46052404.0
2019-08-22,2.2259318642855086,2.2658750512817916,2.2077757442693127,2.254981517791748,57819878.0
2019-08-23,2.265875127264646,2.349392970470531,2.2549815934093034,2.323974609375,85248700.0
2019-08-26,2.276768940816588,2.3457619600109822,2.276768940816588,2.3384995460510254,32482142.0
2019-08-27,2.3421307369509186,2.3493931511294632,2.291293837701103,2.320343494415283,49461246.0
2019-08-28,2.3348682130887912,2.3421306269261746,2.2985561439018745,2.305818557739258,35978672.0
2019-08-29,2.3058184887499644,2.3566553840906255,2.29855607512987,2.323974609375,45368404.0
2019-08-30,2.323974609375,2.323974609375,2.323974609375,2.323974609375,0.0
2019-09-02,2.3312368893612723,2.3566552489997434,2.323974476157482,2.342130422592163,53013090.0
2019-09-03,2.3384994119839866,2.3748114797019872,2.3276057050937884,2.3566553592681885,72006142.0
2019-09-04,2.3711806593327345,2.3820741944507864,2.3530245366031557,2.3602869510650635,48994292.0
2019-09-05,2.374811506046016,2.4329108150393184,2.374811506046016,2.414754867553711,83815898.0
2019-09-06,2.414755177300688,2.436542420967883,2.3820742252250846,2.396599054336548,41032652.0
2019-09-09,2.407492469060598,2.4910103128381773,2.407492469060598,2.480116605758667,59667698.0
2019-09-10,2.4873789454465234,2.5127974791096257,2.48374782529442,2.501903772354126,40424612.0
2019-09-11,2.5127972953096447,2.5672654788038467,2.4946411764283836,2.5091660022735596,52103096.0
2019-09-12,2.523691039830896,2.5926840549580903,2.523691039830896,2.5600032806396484,56925136.0
2019-09-13,2.563634688010586,2.578159516701328,2.549109859319844,2.570897102355957,23891512.0
2019-09-16,2.5600034751907814,2.5672658892745304,2.5164288175386793,2.5309536457061768,27167358.0
2019-09-17,2.545478582382202,2.570896944455032,2.5200600471597667,2.545478582382202,35257622.0
2019-09-18,2.5527407343916924,2.6035776264715182,2.5345846149312465,2.5781590938568115,43068224.0
2019-09-19,2.570896904358897,2.581790611612785,2.5127975940704346,2.5127975940704346,37283854.0
2019-09-20,2.5164288058513544,2.523691219901374,2.4546983730009964,2.4655919075012207,39129594.0
2019-09-23,2.472854387883564,2.4764856815807845,2.374811709003585,2.3784430027008057,61142318.0
2019-09-24,2.4438048120598364,2.461960934849653,2.4147551541158245,2.4256486892700195,77236832.0
2019-09-25,2.396598614654065,2.4365419739573495,2.396598614654065,2.432910680770874,35607868.0
2019-09-26,2.443804405439116,2.451066818716738,2.396598632559781,2.4038610458374023,36152496.0
2019-09-27,2.4183862409917154,2.487379264219508,2.4147551203742617,2.4764857292175293,64894676.0
2019-09-30,2.4946417808532715,2.523691439582044,2.4801169514888852,2.4946417808532715,47399248.0
2019-10-01,2.494641377948417,2.5200599118056055,2.461960603731571,2.4728541374206543,53459632.0
2019-10-02,2.4583295149079696,2.476485636766292,2.429279858454342,2.436542272567749,35594784.0
2019-10-03,2.447435829040255,2.4764856589031643,2.385705395099304,2.4074926376342773,38754884.0
2019-10-04,2.4074922713264955,2.4292795105464693,2.3893361520683913,2.4220170974731445,26232180.0
2019-10-07,2.4147550518126017,2.4619608305465155,2.3893365156136603,2.4074926376342773,58572332.0
2019-10-08,2.38570534126736,2.418386117757592,2.3675492196564245,2.4002301692962646,35275382.0
2019-10-09,2.4111235885827083,2.4329108295854605,2.382073933912372,2.389336347579956,35616398.0
2019-10-10,2.3857050813938168,2.4438043871807116,2.3857050813938168,2.432910680770874,56812888.0
2019-10-11,2.4438045233201633,2.5309534868553993,2.4329108163034596,2.505535125732422,72071558.0
2019-10-14,2.5055354217656705,2.538216200377874,2.3675493733819963,2.4256486892700195,73856498.0
2019-10-15,2.4002299128569966,2.458329218765318,2.3929674996184565,2.4292795658111572,43540134.0
2019-10-16,2.3965986196629316,2.4329106858556324,2.3711802599028355,2.4292795658111572,35786780.0
2019-10-17,2.4220172956588844,2.4365421229940525,2.3493929858334437,2.389336347579956,57685334.0
2019-10-18,2.4837480170372728,2.498272845066178,2.38570534126736,2.4002301692962646,110291382.0
2019-10-21,2.3965988420560387,2.4038612559684966,2.3602867724937484,2.3639180660247803,47755614.0
2019-10-22,2.3639178960206872,2.367549016140977,2.3312369491901137,2.345761775970459,50537026.0
2019-10-23,2.360286981557889,2.400230348189224,2.3421308585937495,2.396599054336548,65286374.0
2019-10-24,2.4111235885827083,2.4365421229940525,2.382073933912372,2.389336347579956,85183954.0
2019-10-25,2.3965988213082428,2.418386062857001,2.3820739936090707,2.392967700958252,41423802.0
2019-10-28,2.392967776600248,2.3965988970650196,2.371180534362793,2.371180534362793,19949772.0
2019-10-30,2.3530245670021577,2.407492762744956,2.349393273149481,2.396599054336548,67828042.0
2019-10-31,2.400230059987671,2.422017301038818,2.3784428189365237,2.3857052326202393,76604762.0
2019-11-01,2.3820738932455874,2.392967600135786,2.3457618255275867,2.3566553592681885,85741568.0
2019-11-04,2.385705086379916,2.4292795658111572,2.3711802599028355,2.4292795658111572,73981764.0
2019-11-05,2.4292794110307603,2.512797244527468,2.4220169982549415,2.49827241897583,88676924.0
2019-11-06,2.505535174949063,2.5527409510327193,2.4801166401771857,2.5164287090301514,70735874.0
2019-11-07,2.5273225784919284,2.6362589651931514,2.5236912847987347,2.6253652572631836,70557258.0
2019-11-08,2.6217337800153473,2.676201969552494,2.596315418541053,2.632627487182617,74421350.0
2019-11-11,2.6217338396244383,2.6580460822412175,2.5708969423703945,2.636258840560913,55699456.0
2019-11-12,2.63988975882064,2.6762018255077313,2.63988975882064,2.6725707054138184,62997468.0
2019-11-13,2.6725708345329426,2.6762019548022846,2.628996179253631,2.658046007156372,58288200.0
2019-11-14,2.6362589107167294,2.658046152976833,2.6108403748384696,2.618102788925171,38785862.0
2019-11-15,2.64715234898647,2.679833297762719,2.614471400210221,2.6689395904541016,61523908.0
2019-11-18,2.690726675113602,2.759719688981847,2.6870955549887436,2.7343013286590576,44563528.0
2019-11-19,2.74519525815767,2.777876209743353,2.712514306571987,2.7597200870513916,51415328.0
2019-11-20,2.7488262799852237,2.7597198140028922,2.7161453316330153,2.723407745361328,58158882.0
2019-11-21,2.7016206275484667,2.716145455668382,2.672570971308635,2.7125141620635986,47425038.0
2019-11-22,2.719776545000389,2.766982322424731,2.712514131023537,2.7633512020111084,57208910.0
2019-11-25,2.8105567797207134,2.8432377288824537,2.7887695379960884,2.796031951904297,105072532.0
2019-11-26,2.8178193165551444,2.883181040564045,2.810556729626775,2.8759186267852783,99578462.0
2019-11-27,2.8686561176281593,2.8904433582400677,2.8032942226428372,2.835975170135498,49751692.0
2019-11-28,2.8323444548815706,2.8613941131840077,2.810557038005121,2.8541316986083984,32759564.0
2019-11-29,2.8505002371376342,2.930386792772042,2.8505002371376342,2.9231245517730713,92232562.0
2019-12-02,2.92675567605329,3.0102733473540866,2.9194930891753756,2.995748519897461,70571288.0
2019-12-03,2.9848551586108285,3.013904815205159,2.904968429826809,2.9231245517730713,85980948.0
2019-12-04,2.9449114704827184,2.9884859531460557,2.912230868209619,2.9666988849639893,65550916.0
2019-12-05,2.9848548956522785,2.995748429340652,2.9485426549587754,2.952173948287964,62748252.0
2019-12-06,2.9521739977149335,2.9957484794971703,2.937649170454188,2.9630675315856934,71464796.0
2019-12-09,2.970330372928504,3.0393232217550623,2.959436491824921,3.0247983932495117,75397376.0
2019-12-10,3.0175361521463504,3.0574793439618073,2.984855201434055,3.0247983932495117,46854420.0
2019-12-11,3.024798224388359,3.03206081138531,2.9848550348027545,3.0066421031951904,26182390.0
2019-12-12,3.0284296701069104,3.1518908848670253,3.0284296701069104,3.1373660564422607,52702372.0
2019-12-13,3.206358538354884,3.239039485149537,3.1119469912368176,3.13010311126709,80961494.0
2019-12-16,3.14462829750503,3.17367795435456,3.1155786406555004,3.1373660564422607,40259384.0
2019-12-17,3.1482595201815964,3.1736778827768544,3.1228411575863384,3.1409969329833984,31027626.0
2019-12-18,3.122841129854092,3.177309148160006,3.097422421185346,3.1010537147521973,63621686.0
2019-12-19,3.1228412388153295,3.1337347735967636,3.090160288171801,3.1155786514282227,46654870.0
2019-12-20,3.1192097264283802,3.177309036254883,3.111947139550466,3.177309036254883,38371424.0
2019-12-23,3.1845717321036946,3.2208836288381915,3.1591530234604104,3.191833972930908,38922650.0
2019-12-24,3.2027273883980967,3.217252215812404,3.1882025609837887,3.199096441268921,17912112.0
2019-12-25,3.1954655166733574,3.1990968105208726,3.1773093937350234,3.1845719814300537,8216242.0
2019-12-26,3.177309204452489,3.2208836891290735,3.173677910821301,3.195465326309204,18155162.0
2019-12-27,3.202727476663844,3.2608267879222663,3.202727476663844,3.242671012878418,33696230.0
2019-12-30,3.24630198811027,3.3044016461690715,3.2426710408497064,3.282614231109619,40213310.0
2019-12-31,3.286245335586281,3.3189262831454647,3.2789827488845984,3.2935075759887695,26273130.0
2020-01-02,3.282614221130439,3.3152951704706597,3.2608268061372203,3.3044016361236572,33264604.0
2020-01-03,3.2935075453476292,3.3080323723166685,3.217252117185374,3.2535643577575684,39127658.0
2020-01-06,3.2317771421838706,3.2390397292630064,3.151890762108654,3.22088360786438,46800898.0
2020-01-07,3.249933253636115,3.3080325648945377,3.2354084258215092,3.242671012878418,42506964.0
2020-01-08,3.1990967058012645,3.286245677493434,3.1882028246153205,3.239039897918701,47401146.0
2020-01-09,3.3116640706505667,3.3806572669157724,3.3044018294274697,3.3625011444091797,61871652.0
2020-01-10,3.377025973154607,3.402444336884297,3.347976315663752,3.3625011444091797,50220496.0
2020-01-13,3.387918906935025,3.4932239832272485,3.38065666700065,3.4678056240081787,73923108.0
2020-01-14,3.471437383459407,3.4786996243693524,3.4206003118929136,3.4750683307647705,53259230.0
2020-01-15,3.4460180734582417,3.4569119523718337,3.3661317058868487,3.391550064086914,69517768.0
2020-01-16,3.40244391516354,3.4532809826210804,3.340713314071952,3.3661320209503174,63844864.0
2020-01-17,3.398812869376657,3.446018646960957,3.3552383853678913,3.4351251125335693,52227656.0
2020-01-20,3.482330759143224,3.573111017321935,3.482330759143224,3.5404300689697266,62126740.0
2020-01-21,3.5331675216046667,3.591267178380124,3.5004869191861805,3.573111057281494,48842024.0
2020-01-22,3.591267512650035,3.616685876774497,3.504118192524721,3.5259056091308594,51116240.0
2020-01-23,3.5150115386854663,3.565848259192599,3.5077489521563407,3.5222737789154053,36122292.0
2020-01-24,3.554955350926959,3.5622179387333945,3.464175081142002,3.5004873275756836,34704862.0
2020-01-27,3.435125302684818,3.4641749602987044,3.4060756450709313,3.424231767654419,33246360.0
2020-01-28,3.435124540843808,3.4460180734582417,3.3770252385012824,3.391550064086914,38487412.0
2020-01-29,3.4278624057769775,3.449649820170758,3.3625008551940425,3.4278624057769775,40405872.0
2020-01-30,3.4097068198973215,3.4206003545476915,3.3842881106474954,3.416969060897827,18810254.0
2020-01-31,3.4206003272191943,3.4351251554033837,3.366132308103289,3.377025842666626,40769246.0
2020-02-03,3.3733946305037676,3.3879194590386907,3.311664022655537,3.3370823860168457,33218488.0
2020-02-04,3.36613228691975,3.41333771849688,3.340713578032967,3.4060754776000977,38694194.0
2020-02-05,3.431493818958035,3.5004870116963254,3.413337697379579,3.4351251125335693,53894128.0
2020-02-06,3.4641746584819404,3.4895930201047034,3.4060753483160786,3.420600175857544,42654848.0
2020-02-07,3.4060755096046167,3.4278625787988997,3.333451368458305,3.355238437652588,40747566.0
2020-02-10,3.329819816898795,3.369763004860467,3.246301801325415,3.2935075759887695,51472728.0
2020-02-11,3.326188721900999,3.3770257929467995,3.2826142379899763,3.351607084274292,54147456.0
2020-02-12,3.289876500797559,3.3697628736093566,3.257195554511287,3.308032274246216,85134476.0
2020-02-13,3.30440151620097,3.3261885841042833,3.2862453954154085,3.2971389293670654,28049784.0
2020-02-14,3.2898768182291747,3.333451302048865,3.2608268160501668,3.282614231109619,41137386.0
2020-02-17,3.3080327736119766,3.315295361127111,3.264458287418865,3.2789831161499023,22861412.0
2020-02-18,3.2535647265340626,3.264458261420776,3.2172524818460437,3.239039897918701,26507458.0
2020-02-19,3.249932980737356,3.249932980737356,3.166415314391203,3.188202381134033,34620368.0
2020-02-20,3.1809403204262354,3.217252215812404,3.12647195789818,3.199096441268921,56963028.0
2020-02-21,3.177308929595313,3.275351771360723,3.140996689023119,3.2535643577575684,47242060.0
2020-02-24,3.2099901985660853,3.2099901985660853,3.0828976901249727,3.1373660564422607,48384422.0
2020-02-25,3.1627842889935915,3.202727478937308,3.119209805518843,3.151890754699707,56000778.0
2020-02-26,3.13736609761117,3.2608269676921284,3.104685146651799,3.239039897918701,65912050.0
2020-02-27,3.184571846408833,3.2245150381402414,3.101053822953235,3.1155786514282227,48945846.0
2020-02-28,2.658046371018078,3.07926659574933,2.658046371018078,3.021167278289795,27978756.0
2020-03-02,3.079266241668657,3.1119471905565192,2.970330207108061,3.0066421031951904,24801186.0
2020-03-03,3.046585905972452,3.0937916866904125,3.0284297831887383,3.061110734939575,27298030.0
2020-03-04,3.0865285758097882,3.119209522020349,3.024797976589658,3.0284292697906494,31428058.0
2020-03-05,3.0538481846797936,3.1773094055608957,3.0393233555349135,3.1627845764160156,50373522.0
2020-03-06,3.2027273581732505,3.3334511499675537,3.177308997012891,3.235408306121826,101400650.0
2020-03-09,3.1591529058863608,3.173677733299433,2.9703301495164256,3.10831618309021,54036860.0
2020-03-10,3.1700466716346183,3.25719598878377,3.0865289944782477,3.1155786514282227,58487870.0
2020-03-11,3.1155786514282227,3.1155786514282227,3.1155786514282227,3.1155786514282227,0.0
2020-03-12,2.9703301988272703,2.981223732993119,2.8505001109557107,2.9376492500305176,42014934.0
2020-03-13,2.952174066900124,3.0974223429115226,2.872287341944252,2.944911479949951,97038510.0
2020-03-16,2.8505002023524075,2.8505002023524075,2.6326276074040624,2.7125141620635986,49936720.0
2020-03-17,2.7306703110985504,2.752457553496325,2.4619608150430556,2.67983341217041,77114126.0
2020-03-18,2.5890529910141273,2.7633510927142972,2.5491096291464883,2.748826265335083,67961458.0
2020-03-19,2.6798333494203774,2.785138438451972,2.67257093545784,2.766982316970825,40539118.0
2020-03-20,2.8359752596231025,2.879549742221888,2.69435810460225,2.788769483566284,48240684.0
2020-03-23,2.7197762560781045,2.8032940945145923,2.665308243612664,2.7560884952545166,38619582.0
2020-03-24,2.8468690583947494,2.9303867328199753,2.8141881088199336,2.9194931983947754,41902548.0
2020-03-25,2.9340178595496766,2.9957484616141463,2.788769414659677,2.8069255352020264,65195026.0
2020-03-26,2.7778759002685547,2.796031847788198,2.7125140043789613,2.7778759002685547,52053090.0
2020-03-27,2.77061336672844,2.7778757800519256,2.6689394070500496,2.676201820373535,42802190.0
2020-03-30,2.6398902011555156,2.7633514217281414,2.5817908847211606,2.705251932144165,39126076.0
2020-03-31,2.730670090105007,2.7778758647212864,2.7052515561232573,2.7415637969970703,31638144.0
2020-04-01,2.668939819890822,2.7996634530839355,2.668939819890822,2.7597200870513916,48305370.0
2020-04-02,2.788769454053122,2.803294281432336,2.730670144536265,2.748826265335083,23422664.0
2020-04-03,2.7524574944710265,2.766982322424731,2.7306702525404707,2.7633512020111084,19846234.0
2020-04-06,2.7996634442622623,2.8541316390169,2.781507321627511,2.8505003452301025,25933728.0
2020-04-07,2.8759184946112506,2.9122307349858167,2.792400653419019,2.7996630668640137,41659462.0
2020-04-08,2.7924006864829964,2.8141879270759556,2.7197763780235364,2.745194911956787,32705228.0
2020-04-09,2.756088949416739,2.7960321420534906,2.7379328268366754,2.7851386070251465,43102100.0
2020-04-10,2.7851384985878114,2.7851384985878114,2.759719962595298,2.770613670349121,18915858.0
2020-04-13,2.7343015407142106,2.8141880943021214,2.7270391267516736,2.766982316970825,33895656.0
2020-04-14,2.777875866970555,2.846868882277229,2.777875866970555,2.8323440551757812,64375808.0
2020-04-15,2.8505001459256083,2.897705922955682,2.774244713230753,2.883181095123291,106927620.0
2020-04-16,2.9049683812984717,2.9594363999281312,2.890443553243948,2.912230968475342,67035278.0
2020-04-17,2.952173743152587,2.9993795142543136,2.9340176240674354,2.992116928100586,53135386.0
2020-04-20,3.0139048584451555,3.0429545154562567,2.973961320330471,3.0247983932495117,41852886.0
2020-04-21,3.0030108754394407,3.0066418222994864,2.948542516948644,2.9739608764648438,33662058.0
2020-04-22,2.966699206225405,2.9703305000820475,2.923124718843422,2.9412808418273926,31931842.0
2020-04-24,2.9303865072067543,2.9521739206789364,2.8795496131207163,2.8940744400024414,36806642.0
2020-04-27,2.9122308882104684,2.9630676118505663,2.908599594722116,2.9376492500305176,37092560.0
2020-04-28,2.9376493413801765,2.944911582283501,2.8904435634613037,2.8904435634613037,21251580.0
2020-04-29,2.8868121018919792,2.970330118365665,2.8868121018919792,2.9630675315856934,46457220.0
2020-04-30,2.91949306023505,2.9594362487700216,2.894074525863123,2.9558053016662598,49141364.0
2020-05-04,2.8977059598737256,2.9158619083207262,2.8178194057777857,2.8287129402160645,39838710.0
2020-05-05,2.850500132816112,2.8613938402151082,2.7960319421203437,2.817819356918335,30283324.0
2020-05-06,2.814188003540039,2.9412805035099154,2.814188003540039,2.90496826171875,78058176.0
2020-05-07,2.9158616168115485,2.999379629286665,2.8686560170489743,2.908599376678467,79007304.0
2020-05-08,2.9194932581239743,2.9485429147183044,2.8904436015296437,2.9231245517730713,33951128.0
2020-05-11,2.9412807620038333,2.9485430032207858,2.8686564451885292,2.879549980163574,21907154.0
2020-05-12,2.854131356531337,2.94491144127135,2.839606529120967,2.926755666732788,36101658.0
2020-05-13,2.9085998897160947,2.97759274149609,2.9013373020028097,2.9412808418273926,37961798.0
2020-05-14,2.941280442745375,2.9594362169666706,2.872287254027346,2.901336908340454,40375458.0
2020-05-15,2.919493159219291,2.926755746271448,2.886812210083008,2.886812210083008,19240412.0
2020-05-18,2.8977057881261143,2.9303865626535623,2.8904433745478375,2.901336908340454,26639028.0
2020-05-20,2.9049682017043916,2.9194930288609457,2.8904433745478375,2.901336908340454,22018684.0
2020-05-21,2.8977058675055707,2.9666988849639897,2.894074574042158,2.9666988849639893,72141022.0
2020-05-22,2.9630675621091127,2.9666988555365057,2.9194930798780026,2.926755666732788,31951862.0
2020-05-27,2.966698835575943,2.977592369485626,2.9340178875476943,2.9558053016662598,63085818.0
2020-05-28,2.9739610156647123,3.021166790046589,2.94128041459959,2.952173948287964,88813298.0
2020-05-29,2.9376492500305176,2.95580537117307,2.9303866630538136,2.9376492500305176,29237738.0
2020-06-01,2.9376491212704012,2.963067481976338,2.930386534612024,2.952173948287964,35652398.0
2020-06-02,2.9630675715452526,3.0175359342320007,2.955805330966541,2.995748519897461,87610574.0
2020-06-03,3.0356919542192258,3.0828977338439496,3.0284297130534696,3.064741611480713,92784078.0
2020-06-04,3.0720041284681234,3.1446282699557058,3.057479300170607,3.082897663116455,83095828.0
2020-06-05,3.1083159767433304,3.166415282538671,3.0792659775464815,3.148259162902832,81183798.0
2020-06-08,3.151890743881215,3.22814617627509,3.1373659161061536,3.1591529846191406,65743050.0
2020-06-09,3.177308884826123,3.1918337115905038,3.115578284502709,3.13010311126709,37038934.0
2020-06-10,3.1337344045329814,3.162784058061743,3.1119469912368176,3.13010311126709,51875942.0
2020-06-11,3.0974225292596813,3.180940552715279,3.0974225292596813,3.1155786514282227,52245612.0
2020-06-12,3.086528599806665,3.111946959812864,3.0756350664181773,3.0901598930358887,31103514.0
2020-06-15,3.068372747273156,3.068372747273156,3.017536022831916,3.039323091506958,50795474.0
2020-06-16,3.075635443933412,3.079266391309129,3.0502167345080413,3.0538480281829834,35083002.0
2020-06-17,3.0429543455815278,3.0611104667746964,2.999379862497448,3.0066421031951904,38407860.0
2020-06-18,2.99937961678108,3.0828972826087973,2.984854790276295,3.0284292697906494,136202030.0
2020-06-19,3.0538478297239635,3.0574791231629206,2.992117226458504,2.995748519897461,85272218.0
2020-06-22,3.0538477807929962,3.097422262464691,3.0284294197259736,3.0756351947784424,111773222.0
2020-06-23,3.0937909540003568,3.1119467261850735,3.0611100099892163,3.0683722496032715,73412168.0
2020-06-24,3.068372867794356,3.0974225247015816,3.0356919171989203,3.04658579826355,88036026.0
2020-06-25,3.042954412848328,3.1010537249114303,3.0320608784113,3.079266309738159,89312334.0
2020-06-26,3.0974224313326824,3.111947259348458,3.0756353624586272,3.079266309738159,60921506.0
2020-06-29,3.08652925491333,3.097422790613938,3.0756357192127215,3.08652925491333,43258412.0
2020-06-30,3.0974225773251876,3.1301035284758556,3.093791629874516,3.126472234725952,108000146.0
2020-07-01,3.1373660512105306,3.148259585936132,3.046585787132324,3.0538480281829834,113907006.0
2020-07-02,3.0720041233809217,3.180940508581509,3.0720041233809217,3.173677921295166,131656722.0
2020-07-03,3.1845719919434705,3.1990968210822412,3.0756356002530687,3.0937917232513428,134381650.0
2020-07-06,3.144628226582497,3.1591530546796758,3.1228411575863384,3.1409969329833984,67640202.0
2020-07-07,3.1446283799859405,3.1482596737621837,3.0865290647629853,3.0974225997924805,91774848.0
2020-07-08,3.104685105911733,3.1773092480355576,3.090160277486968,3.1373660564422607,155251234.0
2020-07-09,3.1591526859975825,3.224514577956576,3.137365619544036,3.1555213928222656,226150114.0
2020-07-10,3.1518909446760452,3.162784479626524,3.0901603361246126,3.126472234725952,127111990.0
2020-07-13,3.177309183249914,3.2281462548496314,3.159153061514356,3.224514961242676,138167890.0
2020-07-14,3.231777202157368,3.2753520328423935,3.202727545900163,3.224514961242676,184196590.0
2020-07-16,3.308032603620473,3.322557431605116,3.2463019981109387,3.260826826095581,119437100.0
2020-07-17,3.2608270193424174,3.2906402665156786,3.234740516916299,3.2496471405029297,74994542.0
2020-07-20,3.2421935865642997,3.2533734651815673,3.2012004613663616,3.2049272060394287,53464756.0
2020-07-21,3.2123800565927967,3.2310134229123944,3.1229403247410112,3.1378469467163086,90693436.0
2020-07-22,3.1490269955660284,3.156480484659889,3.10430712720863,3.1117606163024902,75854336.0
2020-07-23,3.1303934120072556,3.1415736448757925,3.1043069127844625,3.1080336570739746,42222036.0
2020-07-24,3.0968540862053544,3.122940588010791,3.078220718314929,3.1154870986938477,47727352.0
2020-07-27,3.134120438418044,3.17138717386398,3.1266673045700135,3.156480550765991,73316736.0
2020-07-28,3.1564806455588617,3.17884040317637,3.011140799437296,3.0148675441741943,104257664.0
2020-07-29,3.0036877137218045,3.0260474716992833,2.932880984188584,2.944061040878296,81706444.0
2020-07-30,2.940334461502169,2.940334461502169,2.84716796875,2.84716796875,41810660.0
2020-08-04,2.8881611824035645,2.944061111796732,2.7614546994725147,2.8881611824035645,105494716.0
2020-08-05,2.9105210068370875,3.0297741731156576,2.8397144560186525,2.9776008129119873,125639316.0
2020-08-06,2.988780761403736,2.996233894776318,2.850894239991909,2.9664206504821777,99087910.0
2020-08-07,2.973874117084742,3.0782206552723475,2.9030675693326096,3.052133798599243,151368934.0
2020-08-10,3.0297742857159387,3.145300533843488,3.0111409167077023,3.1415741443634033,89198044.0
2020-08-11,3.1490272959010777,3.1974739134259504,3.141574161498304,3.175114154815674,68843756.0
2020-08-12,3.1862940991364024,3.2123806031813325,3.130393990666172,3.2012007236480713,62027342.0
2020-08-13,3.2086539268493652,3.2459206666268092,3.1639340523576145,3.2086539268493652,70183830.0
2020-08-14,3.216106916659502,3.2235600502143793,3.175113793602889,3.19374680519104,36757746.0
2020-08-17,3.1937467590515696,3.2049269923252393,3.1639335144589364,3.1825668811798096,45053114.0
2020-08-18,3.1713872647268837,3.2049272565087894,3.1602070305316223,3.178840398788452,41200546.0
2020-08-19,3.2012005664515013,3.290640309129531,3.190020687467234,3.2794604301452637,70863766.0
2020-08-20,3.2794603232280632,3.3651733183162675,3.2235602193252952,3.350266695022583,74075182.0
2020-08-21,3.368900236796987,3.383806860859728,3.253373633759282,3.3241803646087646,79527900.0
2020-08-24,3.339086556166292,3.3763532891970343,3.324179934034376,3.335359811782837,51537736.0
2020-08-25,3.3465400594528134,3.383806796602965,3.24964718258592,3.2794604301452637,50843294.0
2020-08-26,3.257100127194782,3.3018199959308703,3.2384667597042642,3.2720067501068115,43379482.0
2020-08-27,3.2869135614001346,3.3092736747506555,3.268280548243636,3.298093795776367,40266734.0
2020-08-28,3.309273505160175,3.3428134957661584,3.2645536361528396,3.305546760559082,32113572.0
2020-08-31,3.324180612400914,3.3390872375748293,3.268280856849226,3.2869138717651367,47825444.0
2020-09-01,3.249647124415447,3.2533735137422015,3.1303937809108295,3.1974737644195557,76377040.0
2020-09-02,3.186293692320583,3.2310135601458994,3.182566947817994,3.2272868156433105,52893992.0
2020-09-03,3.234740516916299,3.2831871324233335,3.234740516916299,3.2496471405029297,47743870.0
2020-09-04,3.2310136259492115,3.2943668621758175,3.223560136792235,3.2720067501068115,30820336.0
2020-09-07,3.2720067446222685,3.3353599807426817,3.264553610879709,3.327906847000122,27735444.0
2020-09-08,3.37262698166316,3.37262698166316,3.298093861349456,3.3241803646087646,48785190.0
2020-09-09,3.3316333247443537,3.3726268053250066,3.3279069354749673,3.3689000606536865,56007924.0
2020-09-10,3.3726270681858903,3.391260437592832,3.3465402088553873,3.365173578262329,46153042.0
2020-09-11,3.361446922126867,3.424799804443205,3.3577201774606316,3.4061667919158936,58874602.0
2020-09-14,3.4210734367370605,3.447159938761229,3.4061668133801164,3.4210734367370605,34591362.0
2020-09-15,3.4136197566986084,3.4247996347414094,3.3726266336070623,3.4136197566986084,50101424.0
2020-09-16,3.4210732232182677,3.4285263567306017,3.387533233907985,3.3987131118774414,26764046.0
2020-09-17,3.3800800187541715,3.4769732500755026,3.3726268846381915,3.4657933712005615,63899840.0
2020-09-18,3.454613713751883,3.4620668483455774,3.424800109171211,3.43225359916687,23615830.0
2020-09-21,3.4359798229049683,3.450886445232894,3.3726265891608076,3.3838064670562744,25297376.0
2020-09-22,3.3763538419366492,3.4620668443766816,3.368900351949535,3.4508869647979736,33583324.0
2020-09-23,3.454613212528551,3.469519834955131,3.3949863674203185,3.3987131118774414,29624446.0
2020-09-24,3.376353443393258,3.4657931802694173,3.376353443393258,3.4583396911621094,29826670.0
2020-09-25,3.4695200514976126,3.4956065535217813,3.409893202667901,3.4210734367370605,58086160.0
2020-09-28,3.4061665983082254,3.4508864655553597,3.383806486983702,3.4359798431396484,35458680.0
2020-09-29,3.4247998896558762,3.4844267395934243,3.4247998896558762,3.4657933712005615,52885062.0
2020-09-30,3.4918797215018613,3.544053079647303,3.4918797215018613,3.5254197120666504,63859786.0
2020-10-01,3.544053053938209,3.5999528008727353,3.5328728202297652,3.5477797985076904,49793054.0
2020-10-02,3.5216932874800397,3.5925000196402137,3.5216932874800397,3.5850465297698975,31473570.0
2020-10-05,3.599952672974387,3.626039173230114,3.57386617271866,3.6223127841949463,26037950.0
2020-10-06,3.640946393026859,3.6521262716794167,3.5887730336450336,3.603679656982422,35273820.0
2020-10-07,3.585046293767419,3.592499783147075,3.5477799130749452,3.566412925720215,21253994.0
2020-10-08,3.577593618507917,3.614860003978678,3.5254202523664753,3.551506757736206,36602620.0
2020-10-09,3.5589596202296008,3.622312855295824,3.5589596202296008,3.6111326217651367,23762718.0
2020-10-12,3.618585894993647,3.644672394205764,3.607406017531582,3.6260390281677246,20270402.0
2020-10-13,3.596226409173414,3.60367989904373,3.562686770962864,3.5850465297698975,16094108.0
2020-10-14,3.5850460715373984,3.6595791837041185,3.5701394491040546,3.655852794647217,26224062.0
2020-10-15,3.6521258827817387,3.659579015955816,3.5887726514935427,3.6260390281677246,19977458.0
2020-10-16,3.6148592953207896,3.6334926621042705,3.592499539502141,3.6223127841949463,19705730.0
2020-10-19,3.611132575740185,3.629765942651925,3.5813193308421667,3.5999526977539062,22424166.0
2020-10-20,3.5813196102256764,3.6334929705682786,3.5440532288969098,3.6297662258148193,24570522.0
2020-10-21,3.6334928193137745,3.7080259342705952,3.592499694938005,3.689392566680908,67648760.0
2020-10-22,3.6633059741528466,3.7266592091403865,3.648399351532362,3.6670327186584473,56740864.0
2020-10-23,3.659579336225316,3.7601993083953857,3.6483994577848393,3.7601993083953857,79600944.0
2020-10-26,3.722933073732193,3.80119294414407,3.6707600637255924,3.737839698791504,72470364.0
2020-10-27,3.700572886376411,3.7527458903563025,3.5701396656228153,3.603679656982422,51282980.0
2020-10-28,3.5962262640237954,3.6074064983780176,3.4583399056058846,3.462066650390625,21422332.0
2020-10-30,3.3912601052094193,3.55895970263144,3.3763534822252828,3.5254197120666504,53126530.0
2020-11-02,3.5589596158094525,3.7415658317608713,3.536599504177767,3.6670327186584473,76002690.0
2020-11-03,3.674486215779581,3.801192698289558,3.5962263504294154,3.7564728260040283,47223854.0
2020-11-04,3.756472435467493,3.879452160317769,3.749019301895736,3.853365659713745,73182780.0
2020-11-05,3.868272458823823,3.8719992034807644,3.7527458622721723,3.7900125980377197,28247204.0
2020-11-06,3.7676523975701626,3.9428054829374966,3.7676523975701626,3.9316256046295166,51532646.0
2020-11-09,4.043425433395566,4.2111250287719235,4.006158698688854,4.099325180053711,69078756.0
2020-11-10,4.199945652211545,4.382551892202838,4.110505549312045,4.3490118980407715,77786558.0
2020-11-11,4.31547186343714,4.457084973348789,4.226032116777771,4.3191986083984375,79942936.0
2020-11-12,4.3042911078293615,4.308017852032091,4.125411295519123,4.196218013763428,58508028.0
2020-11-13,4.192491221743291,4.2036710988220785,4.043425009353172,4.110504627227783,40561836.0
2020-11-16,4.1552251007862235,4.2260318286148895,4.054605481505931,4.073238849639893,33898086.0
2020-11-17,4.035972115863325,4.162678592770153,4.017338747717862,4.054605484008789,39661792.0
2020-11-18,4.04342559261375,4.46453779221137,4.04342559261375,4.438451290130615,112901428.0
2020-11-19,4.397457724623603,4.583790676044926,4.244664761322422,4.28565788269043,172802530.0
2020-11-20,4.28193201174754,4.3527387467550955,4.20367214197191,4.226032257080078,54713566.0
2020-11-23,4.240938621887892,4.304291862839445,4.144045388032346,4.211125373840332,39998216.0
2020-11-24,4.29311189416203,4.3117449072518,4.196218662326678,4.296838283538818,35383594.0
2020-11-25,4.334104845728804,4.412364705916241,4.322924967245435,4.34155797958374,49287148.0
2020-11-26,4.378825011366561,4.438451507848516,4.337831883885705,4.423544883728027,39115904.0
2020-11-27,4.419818357117429,4.50925846165926,4.390005107404142,4.4086384773254395,48975380.0
2020-11-30,4.330378599387882,4.375098473869107,4.1291389865213874,4.158952236175537,71717266.0
2020-12-01,4.177585168083278,4.229758527209187,4.08814542849766,4.207398414611816,51857704.0
2020-12-02,4.214852276794467,4.371371657214174,4.214852276794467,4.3490118980407715,69382040.0
2020-12-03,4.334104752643991,4.3862781101157164,4.308018251609089,4.337831497192383,44092752.0
2020-12-04,4.322924967245435,4.386278204321072,4.319198222617003,4.34155797958374,44124410.0
2020-12-07,4.330377847678753,4.583790781151112,4.319197969849652,4.5465240478515625,96274538.0
2020-12-08,4.606150831823933,5.012356758117676,4.606150831823933,5.012356758117676,176956442.0
2020-12-09,4.963909972007548,5.310489393524048,4.9601835828894805,5.075709819793701,420140728.0
2020-12-10,5.0682570784586645,5.116703339360741,4.9788169800655755,5.016083717346191,82801228.0
2020-12-11,5.019810483438412,5.496822803482297,5.001177114719099,5.284403324127197,179534090.0
2020-12-14,5.39620216576862,5.43719564301864,5.2694960558557415,5.310489177703857,89640756.0
2020-12-15,5.325395799776073,5.370115665992719,5.2135959565335055,5.310489177703857,70366398.0
2020-12-16,5.370116019210824,5.485642614420655,5.3142162716137,5.366389274597168,70100468.0
2020-12-17,5.396202476679168,5.448375834638923,5.310489483675919,5.336575984954834,47756712.0
2020-12-18,5.291856158281293,5.306762781331024,5.168876429270535,5.20241641998291,42311430.0
2020-12-21,5.180056532934391,5.180056532934391,4.978816935312239,5.004903793334961,56662402.0
2020-12-22,5.086889904490801,5.355209478991557,5.086889904490801,5.299309730529785,110162260.0
2020-12-23,5.306763127304113,5.306763127304113,5.2098698934629715,5.295583248138428,33233810.0
2020-12-24,5.3216700028183626,5.388749991786457,5.23968374452621,5.347756862640381,48851140.0
2020-12-25,5.3738428469461255,5.3775695916174255,5.291856241187185,5.299309730529785,22050856.0
2020-12-28,5.3365761110369885,5.362662968334158,5.269496483963249,5.299309730529785,31053984.0
2020-12-29,5.3067629865385095,5.563902688342117,5.265769860417067,5.552722454071045,51832202.0
2020-12-30,5.59744233030734,5.8061350480226155,5.560175595871509,5.679428577423096,92517092.0
2020-12-31,5.671975841551401,5.705515833815416,5.5266359935413165,5.582535743713379,63978238.0
2021-01-04,5.571355469010183,5.627255570613447,5.314216138921309,5.515455722808838,51511174.0
2021-01-05,5.519182605139701,5.623528966508566,5.358936140771784,5.366389274597168,63973174.0
2021-01-06,5.489369302467879,5.5676291666053945,5.433469551827631,5.467009544372559,54679298.0
2021-01-07,5.478189381190271,5.481916125978078,5.321669654121811,5.437196254730225,98617756.0
2021-01-08,5.578809778058409,5.619802907604685,5.51545653350382,5.608623027801514,80379932.0
2021-01-11,5.5639023337924565,5.64216219169329,5.485642475891624,5.534089088439941,41179498.0
2021-01-12,5.545269187172762,5.68315554126338,5.474462460092595,5.645888805389404,72443040.0
2021-01-13,5.683155365999294,5.742781857237274,5.6458886312745955,5.70924186706543,61740648.0
2021-01-14,5.753961864376663,5.7912285999360975,5.630982134593231,5.653342247009277,47384442.0
2021-01-15,5.608622375454498,5.765142096101744,5.582535518412004,5.671975612640381,76256498.0
2021-01-18,5.660795296271756,6.137807585132503,5.645888673351168,5.9402947425842285,122827230.0
2021-01-19,5.985014696444991,6.067001656776859,5.824768586620661,5.854581832885742,98406444.0
2021-01-20,5.865761450115531,5.8769416835184005,5.694335114025915,5.839674949645996,68797840.0
2021-01-21,5.906755017758206,5.9253880295742025,5.642162198389184,5.679428577423096,80690838.0
2021-01-22,5.62725632092922,5.6533428252478615,5.493096343514568,5.530363082885742,57313060.0
2021-01-25,5.586262403204102,5.604895771444264,5.500549406862067,5.522909164428711,42983540.0
2021-01-26,5.474462118810334,5.653341942291203,5.452102363001419,5.589988708496094,64641896.0
2021-01-27,5.597442460800361,5.619802217661595,5.399929261248526,5.403656005859375,58817636.0
2021-01-28,5.329123019828474,5.500549366661622,5.329123019828474,5.474462509155273,64339142.0
2021-01-29,5.418563241238506,5.4297431209325335,5.2620435039142635,5.347756862640381,63476224.0
2021-02-01,5.347756125234016,5.385022504209402,5.284402890033747,5.332849502563477,34742704.0
2021-02-02,5.370116314560135,5.530362787741396,5.370116314560135,5.448376178741455,56894022.0
2021-02-03,5.485642388401195,5.519182377738326,5.3738425424113965,5.45582914352417,65556628.0
2021-02-04,5.463282365726175,5.58626209169067,5.463282365726175,5.515455722808838,67512470.0
2021-02-05,5.5527227187837065,5.619802706000254,5.437196469024053,5.44092321395874,50425630.0
2021-02-08,5.47818907543019,5.601168803348274,5.452102574175422,5.575082302093506,68950170.0
2021-02-09,5.578809354330001,5.63098235971674,5.548996106851308,5.582535743713379,51329822.0
2021-02-10,5.616076162536304,5.686882897227655,5.51545653350382,5.608623027801514,72473100.0
2021-02-11,5.645888798539572,5.739055282709544,5.619802296700597,5.701788902282715,90556860.0
2021-02-12,5.735329121291891,5.761415624167187,5.597442761890842,5.630982398986816,82291602.0
2021-02-15,5.675701262506907,5.705514860300539,5.638434887218163,5.657068252563477,43846598.0
2021-02-16,5.660795159397869,5.679428526448545,5.440922565486034,5.485642433166504,79414678.0
2021-02-17,5.485642433166504,5.556448801476771,5.444648954574635,5.485642433166504,52246282.0
2021-02-18,5.508001973545921,5.578808694484458,5.481915473937988,5.481915473937988,43172318.0
2021-02-19,5.489368606536892,5.519182205887523,5.4483754849578645,5.500548839569092,41891076.0
2021-02-22,5.548995891550677,5.597442505674314,5.422289416981464,5.433469295501709,50220348.0
2021-02-23,5.44837614251834,5.526636006179355,5.340303031310457,5.381296157836914,66330296.0
2021-02-24,5.366389703231549,5.467009683425594,5.317943440992145,5.373843193054199,43623758.0
2021-02-25,5.485642568286603,5.560175682923258,5.433469210339983,5.537815570831299,67087270.0
2021-02-26,5.452102878479509,5.556449244724501,5.396202772868233,5.437196254730225,75695142.0
2021-03-01,5.478189325223575,5.642162540192453,5.467009446376314,5.627255916595459,60204346.0
2021-03-02,5.634709050692986,5.64961567428998,5.541542564361286,5.627255916595459,48323088.0
2021-03-03,5.6682492509074605,5.958928599430369,5.6682492509074605,5.776322364807129,164283388.0
2021-03-04,5.776322439460138,5.917935548366105,5.727875821513205,5.873215675354004,74769150.0
2021-03-05,5.8508555575312124,5.910482054843833,5.7800491808229655,5.891849040985107,55295600.0
2021-03-08,5.929115075825166,6.06700178701351,5.8955750842064845,5.962655067443848,90199930.0
2021-03-09,5.992468056332748,6.111721038818359,5.955201321605033,6.111721038818359,77592058.0
2021-03-10,6.111721253682432,6.316687946488764,6.10054173043378,6.260787487030029,89203160.0
2021-03-11,6.26824036113211,6.309233837830389,6.115447398097906,6.171347141265869,61321540.0
2021-03-12,6.171347747021471,6.27196772108255,6.148987989720299,6.260787487030029,64296066.0
2021-03-15,6.271967366382409,6.275694110855824,6.2011606429952,6.242154121398926,42317546.0
2021-03-16,6.260787487030029,6.305507712436243,6.238427729728857,6.260787487030029,43810112.0
2021-03-17,6.260787387586128,6.3465010923529395,6.230974141390151,6.312961101531982,77674384.0
2021-03-18,6.324140725053241,6.3651342057752816,6.23097424036051,6.260787487030029,60294248.0
2021-03-19,6.260787663102858,6.331594392485723,6.059548420125095,6.089361667633057,75979222.0
2021-03-22,5.720421780959629,5.7316016585913285,5.481915473937988,5.481915473937988,138268590.0
2021-03-23,5.068256769732981,5.906755108853384,4.934096808016485,5.739055156707764,284267942.0
2021-03-24,5.802587297378867,6.09906978336128,5.7814098903961,6.077892780303955,108429042.0
2021-03-25,6.077892884402748,6.175308392696336,5.811058521270752,5.811058521270752,86503550.0
2021-03-26,5.8915320649701854,5.959299443960787,5.73481990007306,5.844942092895508,94745006.0
2021-03-29,5.895767586433096,6.2769592925861355,5.895767586433096,6.188014507293701,93300986.0
2021-03-30,6.209192284688025,6.310843358539629,6.02283198262675,6.306608200073242,93096648.0
2021-03-31,6.3193143679886425,6.463320255279541,6.268488831990465,6.463320255279541,86882518.0
2021-04-01,6.480261805357958,6.586148434844442,6.454848836554009,6.467555522918701,49963874.0
2021-04-02,6.501439558304122,6.531087686883244,6.395552923178162,6.416729927062988,35484684.0
2021-04-05,6.416729641011831,6.564971085149908,6.387081513754391,6.543793678283691,42816628.0
2021-04-06,6.539558414018249,6.569206946551692,6.484497719153552,6.526852130889893,57527014.0
2021-04-07,6.52685243093868,6.649680917293949,6.480262454709259,6.620032787322998,74242452.0
2021-04-08,6.615796871040519,6.76827347921405,6.611561308721002,6.708977222442627,73550378.0
2021-04-09,6.708977740930072,6.963105844784432,6.679329610253074,6.908044338226318,178628480.0
2021-04-12,6.908043923806342,7.026637247250779,6.823335099503963,6.946163177490234,124599464.0
2021-04-13,6.963104923231149,7.467124693736017,6.963104923231149,7.238409996032715,244877642.0
2021-04-14,7.280765238729927,7.4205355644226065,7.14946522985884,7.420535564422607,171866060.0
2021-04-15,7.433242207495397,7.7847858390233915,7.399358513174059,7.636545181274414,194574076.0
2021-04-16,7.645013898514795,7.776313893392492,7.475595462375151,7.767842769622803,152516348.0
2021-04-19,7.77631424002906,7.945732683720691,7.666192049666784,7.6916046142578125,178714084.0
2021-04-20,7.691604790897852,7.814433670301876,7.568776719344709,7.721252918243408,173332154.0
2021-04-21,7.6916050911148535,7.772079159801609,7.318884491885677,7.556070327758789,150160282.0
2021-04-22,7.475595846451929,7.640779537044266,7.454418843790514,7.619601726531982,110091862.0
2021-04-26,7.632308401683329,8.212566675406977,7.632308401683329,8.182918548583984,173704778.0
2021-04-27,8.1786837753739,8.297277101955817,8.051620131633301,8.237980842590332,143884350.0
2021-04-28,8.237980535154144,8.314218233842794,7.958439883076351,8.021971702575684,118812196.0
2021-04-29,8.02620773373441,8.178683947868782,8.021972171140265,8.157506942749023,78346256.0
2021-04-30,8.174447672761248,8.229509173834805,8.013500347467318,8.064326286315918,125050940.0
2021-05-03,8.060091175087692,8.093974866932399,7.979617104012412,8.030442237854004,65524530.0
2021-05-04,8.034677290080937,8.381986119247317,8.021971411352883,8.322689056396484,186713508.0
2021-05-05,8.348101568352945,8.36080825485068,8.123622428515796,8.233744621276855,107659220.0
2021-05-06,8.242215047845935,8.538697940612707,8.237980293474342,8.386220932006836,160339034.0
2021-05-07,8.449753563531507,8.521756505663413,8.161741795003888,8.360808372497559,91380266.0
2021-05-10,8.47093071052374,8.674232853692093,8.437047019995681,8.657291412353516,82154436.0
2021-05-11,8.572580933821346,8.70811568252195,8.513284683227539,8.513284683227539,76073536.0
2021-05-12,8.513285207527353,8.606465151034898,8.411634139741611,8.466694831848145,36396546.0
2021-05-17,8.428575935454669,8.441282622407165,8.081267903928886,8.229509353637695,144981606.0
2021-05-18,8.284570650431958,8.36928028723932,8.161742565697345,8.195626258850098,88522784.0
2021-05-20,8.043148750822091,8.085503566672234,7.852553291272827,7.865259170532227,77854568.0
2021-05-21,7.865258571862826,8.060090386803362,7.865258571862826,7.924554824829102,65098990.0
2021-05-24,7.899143212728984,8.16174243639067,7.882201770346496,8.144800186157227,86808774.0
2021-05-25,8.17444788749203,8.204096823845568,7.827139854431152,7.827139854431152,80699410.0
2021-05-26,7.890672035923926,8.11515200294085,7.890672035923926,8.081268310546875,62017724.0
2021-05-27,8.102445084617226,8.102445084617226,7.903378498452778,7.988088130950928,73372318.0
2021-05-28,8.03891318627133,8.153270946680419,7.983852491176724,8.13632869720459,89493820.0
2021-05-31,8.110916493541295,8.284570519179313,8.098210613717168,8.144800186157227,67645230.0
2021-06-01,8.16174161056963,8.25915711600237,8.089738670064804,8.221037864685059,47930512.0
2021-06-02,8.182919441331519,8.24221570144666,8.1320943063331,8.144800186157227,42935728.0
2021-06-03,8.170213139705332,8.246450838267053,7.949968745146817,8.072796821594238,57091790.0
2021-06-04,8.051620719950172,8.098211103056437,8.009265899658203,8.009265899658203,25931034.0
2021-06-07,7.992323047392932,8.123622240087164,7.962674112919263,8.093974113464355,32913692.0
2021-06-08,8.081267361712294,8.093974047812228,8.013499984881022,8.055854797363281,25583284.0
2021-06-09,8.089738485778918,8.15750586261019,8.030441425163414,8.055854797363281,41089058.0
2021-06-10,8.081267946273623,8.132093886499016,8.034677568387922,8.072796821594238,29162764.0
2021-06-11,8.089738616399293,8.178682996982399,8.055854927436556,8.13209342956543,50224326.0
2021-06-14,8.140564160672046,8.326924863387433,8.132093843887958,8.229509353637695,58286310.0
2021-06-15,8.229509096495352,8.322689041016057,8.060090648343673,8.077032089233398,58105274.0
2021-06-16,8.077031733541318,8.136327985820428,8.000793233267691,8.017735481262207,36535084.0
2021-06-17,7.992323009741661,8.064325948851076,7.852552693570543,7.924554824829102,54509664.0
2021-06-18,7.966910379785345,8.013500758800472,7.53489351272583,7.53489351272583,85811378.0
2021-06-21,7.53065689740886,7.704310894012451,7.517950211858297,7.704310894012451,68322018.0
2021-06-22,7.72548859282558,7.750901158369986,7.573011583857353,7.71278190612793,54331876.0
2021-06-23,7.742430903327118,7.801727159352581,7.59842501767879,7.615366458892822,35725144.0
2021-06-24,7.632307884299516,7.742430067784787,7.623836760681231,7.717016696929932,47090770.0
2021-06-25,7.725488415645556,7.78478466983954,7.632308472219168,7.683133602142334,47164396.0
2021-06-28,7.695839881896973,7.742430255073748,7.632308068924627,7.695839881896973,33144450.0
2021-06-29,7.687369479453661,7.77207910993313,7.526422150963759,7.738195419311523,48078858.0
2021-06-30,7.75937223012564,7.82713960968431,7.573011532413855,7.623837471008301,58025752.0
2021-07-01,7.611131804645165,7.717018450380717,7.5730125475522865,7.636545181274414,34863412.0
2021-07-02,7.645013946808597,7.729723569338946,7.623836945101426,7.695839881896973,33108810.0
2021-07-05,7.687368572116745,7.742430067784787,7.615365637062946,7.717016696929932,37107344.0
2021-07-06,7.763607678105571,7.8356106188086585,7.632308483123779,7.632308483123779,57035448.0
2021-07-07,7.653486624509585,7.68313475605938,7.543364416002491,7.636545181274414,56612662.0
2021-07-08,7.623836840439964,7.6492494037098675,7.437476158142091,7.43747615814209,43684898.0
2021-07-09,7.467124717114689,7.65348541024035,7.462889962866011,7.64501428604126,63651252.0
2021-07-12,7.63654352011109,7.818667832564236,7.63654352011109,7.704310894012451,58209322.0
2021-07-13,7.708546735095073,7.725488175258685,7.513714922183007,7.589953422546387,47657508.0
2021-07-14,7.619601272710339,7.79325526931393,7.619601272710339,7.704310894012451,38395812.0
2021-07-16,7.729723389404816,7.729723389404816,7.585717519165921,7.666191577911377,34327592.0
2021-07-19,7.623837110724462,7.636543796735308,7.5603052963719275,7.589953422546387,11419678.0
2021-07-26,7.640779495239258,7.729723875351602,7.623837246922127,7.640779495239258,47331830.0
2021-07-27,7.653485837900713,7.831375416767372,7.61113102238943,7.827139854431152,50163220.0
2021-07-28,7.822904589246948,7.9330267906188965,7.78478533462393,7.9330267906188965,59537914.0
2021-07-29,8.013500808604931,8.564111003920061,8.013500808604931,8.470931053161621,127636092.0
2021-07-30,8.428576236325625,8.581053253794835,8.424340673856932,8.470931053161621,64987314.0
2021-08-02,8.487873192599052,8.521756884056794,8.331160614700167,8.343867301940918,52572946.0
2021-08-03,8.34386740318636,8.538698429469745,8.293041461457557,8.496343612670898,102658562.0
2021-08-04,8.513285510212349,8.56411064198684,8.40739887652277,8.437047004699707,45352666.0
2021-08-05,8.420104634826831,8.64034902362786,8.39892763153288,8.631877899169922,61229084.0
2021-08-06,8.640349268380143,8.835181097177186,8.581053011196698,8.809767723083496,70049518.0
2021-08-09,8.80976701193489,8.80976701193489,8.64034857090746,8.691174507141113,38595866.0
2021-08-10,8.453988247104064,8.513285309913716,8.305747609707149,8.348101615905762,140160990.0
2021-08-11,8.390456420276728,8.479401610463164,8.077032089233398,8.077032089233398,126709060.0
2021-08-12,8.153270738629182,8.386221008021085,8.136328489585678,8.373515129089355,83449674.0
2021-08-13,8.377750621399603,8.453988317906127,8.32268912031885,8.360808372497559,52648448.0
2021-08-16,8.373514708572351,8.411633959154994,8.259156956824423,8.27609920501709,46145308.0
2021-08-17,8.293041172698354,8.293041172698354,8.195625662948617,8.229509353637695,42581636.0
2021-08-18,8.233744363508084,8.237979925541396,8.055854797363281,8.055854797363281,42684696.0
2021-08-19,7.983852607788608,7.988088170219429,7.83561115411357,7.856788158416748,65902540.0
2021-08-20,7.8525534655784535,7.992323795490807,7.801727523859898,7.894907474517822,80096074.0
2021-08-23,7.945733416236377,7.97538154563431,7.8610237826557645,7.894907474517822,43495316.0
2021-08-24,7.928790504347675,7.97114531760147,7.890671253204346,7.890671253204346,59758516.0
2021-08-25,7.903377761518538,8.009264388342581,7.818668136918962,7.86102294921875,52746110.0
2021-08-26,7.869495271824627,7.920321215895668,7.759373066213186,7.793256759643555,38861354.0
2021-08-27,7.810197880944266,7.924554824829102,7.789020070705698,7.924554824829102,48997318.0
2021-08-31,8.009264775645706,8.047384027773758,7.894907019261549,7.954204082489014,48169308.0
2021-09-01,7.962674802980349,7.962674802980349,7.831375598907471,7.831375598907471,34712370.0
2021-09-02,7.835610323594493,7.890671013657272,7.797491073608399,7.797491073608398,37428558.0
2021-09-03,7.818668436171613,7.852552933589024,7.6704277992248535,7.6704277992248535,61422236.0
2021-09-06,7.695840716081277,7.763608098310813,7.695840716081277,7.729724407196045,26238874.0
2021-09-07,7.733960140944203,7.763608270345236,7.649250507354736,7.649250507354736,45079846.0
2021-09-08,7.666192588470756,7.712782158853626,7.585718519117189,7.594189643859863,36262722.0
2021-09-09,7.594189045333218,7.653485298156738,7.539127546696358,7.653485298156738,43831962.0
2021-09-10,7.678898467733848,7.695840717219197,7.573011832003178,7.594189643859863,53500640.0
2021-09-13,7.6153668154891365,7.695840886614037,7.577247561158971,7.649250507354736,40270188.0
2021-09-14,7.649249612637786,7.653485174606928,7.522185984966893,7.526421546936035,40357974.0
2021-09-15,7.5137150051883,7.5518342557911,7.323119560025158,7.3612380027771,66236922.0
2021-09-16,7.399357201642397,7.429006135787932,7.246881008148193,7.246881008148193,56727900.0
2021-09-17,7.272294354325511,7.293471358855524,7.1452307114435545,7.217233657836914,71315908.0
2021-09-20,7.13252443421696,7.179114816283597,6.9673415274003165,6.984282970428467,62842314.0
2021-09-21,7.018165748620099,7.056285000273448,6.789451046550887,6.802156925201416,76995536.0
2021-09-22,6.886866120482394,7.170642305057927,6.886866120482394,7.157935619354248,104563662.0
2021-09-23,7.17911434173584,7.204526908523757,7.035108450186087,7.17911434173584,128127004.0
2021-09-24,7.136759463231728,7.187584596366331,7.056285393275861,7.140995025634766,51344150.0
2021-09-27,7.221467919052145,7.268058295255993,7.060520595208403,7.132523536682129,54391212.0
2021-09-28,7.13252408045459,7.1833492148691755,7.02240187875506,7.03510856628418,45515556.0
2021-09-29,7.090168760743623,7.1240524505690646,6.975811004638672,6.975811004638672,44777734.0
2021-09-30,6.98428131144875,7.107110177593926,6.954633187303582,7.052048683166504,67902912.0
2021-10-01,7.026636959054894,7.107111025514813,6.975811020277343,7.060520648956299,52830238.0
2021-10-04,7.060520759809279,7.08169776338606,6.916514873504639,6.916514873504639,51148108.0
2021-10-05,6.933456994155665,6.941927310718863,6.836040679095447,6.84027624130249,56961688.0
2021-10-06,6.971575438317277,7.085933194354779,6.814863675911119,6.84027624130249,170405424.0
2021-10-07,6.9292213877077184,7.1875842178806835,6.924985825527718,7.183348655700684,101496004.0
2021-10-08,7.19181973240073,7.259587111129879,7.115581229367717,7.229938983917236,92849262.0
2021-10-11,7.24264515998813,7.543362780925979,7.24264515998813,7.43747615814209,99733272.0
2021-10-12,7.390887242460588,7.496773874542539,7.357003552508399,7.467124938964844,71656260.0
2021-10-13,7.488302440736719,7.547598693740694,7.331589876275112,7.3612380027771,68401746.0
2021-10-14,7.357003669622228,7.492538431588518,7.335825858158179,7.433241367340088,71052368.0
2021-10-15,7.467124482814125,7.560305230378599,7.412063792949442,7.5518341064453125,99540500.0
2021-10-18,7.594189359140061,7.742430805175346,7.5348931038663025,7.708547115325928,71199762.0
2021-10-19,7.733959616180734,7.767843305747262,7.649249988338972,7.6704277992248535,51838724.0
2021-10-20,7.691604972403667,7.755136790764917,7.666192406629348,7.725488662719727,52208016.0
2021-10-21,7.72548920171923,7.988088425878148,7.589954430998868,7.983852863311768,118102068.0
2021-10-22,7.966910724180798,8.216803264126455,7.937262593653512,8.195626258850098,105852436.0
2021-10-25,8.153270250422352,8.331159815472873,8.144799126407838,8.314217567443848,81934280.0
2021-10-26,8.407399231833097,8.513285869997617,8.38622141948963,8.470931053161621,87054170.0
2021-10-27,8.487872886580318,8.52175657681643,8.199861115647924,8.373515129089355,142828114.0
2021-10-28,8.36504460183057,8.462460117233482,8.326925346611874,8.339632034301758,37720958.0
2021-11-01,8.343867301940918,8.37775099339866,8.199861411282784,8.343867301940918,62625352.0
2021-11-02,8.3226894162933,8.34386722817399,8.085503578186035,8.085503578186035,74695940.0
2021-11-03,8.072796538616515,8.14479948016552,7.814433707759052,8.026206970214844,109825522.0
2021-11-04,8.077032624562761,8.14056444584904,7.996558553412973,8.005029678344727,65886274.0
2021-11-05,7.9923235541208,8.005029433278516,7.8694946699234665,7.962674617767334,61234260.0
2021-11-08,7.96690963830778,8.27609920501709,7.9626740762596135,8.27609920501709,88923634.0
2021-11-09,8.32268869145836,8.449753128123504,8.229508750851268,8.314217567443848,126574868.0
2021-11-10,8.267629207781065,8.293041775682887,8.115152184668199,8.195626258850098,99582108.0
2021-11-11,8.237980183442767,8.36080825485068,8.19138980746862,8.233744621276855,118566382.0
2021-11-12,8.276100081968904,8.365044470852554,8.221038577359169,8.288805961608887,59132912.0
2021-11-15,8.356573054642741,8.674232960187355,8.33116048839743,8.538698196411133,97769460.0
2021-11-16,8.597994075319058,8.614936323971143,8.229509053495862,8.259157180786133,78231640.0
2021-11-17,8.259158114850045,8.56411135441816,8.259158114850045,8.530227661132812,86409628.0
2021-11-18,8.538699014745026,9.004600415765145,8.420105681149597,8.902949333190918,145615972.0
2021-11-19,8.970715517006921,9.157076213961087,8.84365107496281,8.99612808227539,118053078.0
2021-11-22,9.106250755839994,9.190960388337016,8.987657431914348,9.13166332244873,64696220.0
2021-11-23,9.18248860603578,9.851692069723216,9.18248860603578,9.775453567504883,188535288.0
2021-11-24,10.080407383410561,10.266768088217324,9.58909345897985,9.741570472717285,154750152.0
2021-11-25,9.750041360002259,9.826279865014321,9.504384403769446,9.809337615966797,78708036.0
2021-11-26,9.699214673428052,9.74156948493271,9.351906673221368,9.52132511138916,72012182.0
2021-11-29,9.614506122766189,9.783924565594711,9.555209061888062,9.673802375793457,62907108.0
2021-11-30,9.648389688980831,9.885575505933012,9.546738624572754,9.546738624572754,99366192.0
2021-12-01,9.673803097378844,9.902517810294853,9.58909346572052,9.716157913208008,109508084.0
2021-12-02,9.766982920420045,10.03805325353298,9.750041479016623,9.910988807678223,119619440.0
2021-12-03,10.038053135702318,10.249826401790123,9.995698320914578,10.08040714263916,95356742.0
2021-12-06,10.173588507592937,10.266768459440032,9.919460411458834,10.021111488342285,75492702.0
2021-12-07,10.156645134569994,10.876674526032778,10.029581504476965,10.775023460388184,163293506.0
2021-12-08,10.808907011917418,11.01220914062945,10.664901135450348,10.724197387695312,110745788.0
2021-12-09,10.791966307871432,11.444228407284468,10.791966307871432,11.181629180908203,159136474.0
2021-12-10,11.20704032363267,11.34257588611433,10.910558249840513,11.31716251373291,96567080.0
2021-12-13,11.537407775060698,12.164256467026851,11.528936650286608,12.14731502532959,106857478.0
2021-12-14,12.664040690117329,12.765691757202148,12.418383742699634,12.765691757202148,105529598.0
2021-12-15,12.985936282784404,13.26547692230807,12.587802326430655,13.11299991607666,129498496.0
2021-12-16,13.20618117888377,14.27351864810672,13.028291600679946,14.231163024902344,177231362.0
2021-12-17,14.824128256790114,15.357796163125785,12.816517841241216,13.087587356567383,181792788.0
2021-12-20,12.791105513784965,14.104099108928033,11.859302825763212,13.290889739990234,173965610.0
2021-12-21,12.706396076936207,12.875814529725174,11.969425201416016,11.969425201416016,128529384.0
2021-12-22,11.223982535614525,11.918598554778017,10.775023460388184,10.775023460388184,231826464.0
2021-12-23,10.952914098770906,11.291751017401873,9.978756543967737,11.173157691955566,196466658.0
2021-12-24,11.190098610922574,12.088017550277403,10.902086860415348,12.020249366760254,183310764.0
2021-12-27,12.071076149766984,12.443796742094868,11.918599139889219,12.16425609588623,133832110.0
2021-12-28,12.316733589923427,12.392972097859175,11.689884892442057,11.783064842224121,97216724.0
2021-12-29,11.783064181939245,12.40991284429404,11.647529423359925,12.401442527770996,142583656.0
2021-12-30,12.664042023250543,12.799576793631267,11.927071103417136,12.011780738830566,159649094.0
2021-12-31,12.020250566554948,12.240494963379438,11.842360985712231,11.927070617675781,103505274.0
2022-01-03,12.071076166680616,12.384500503540039,11.969425095903308,12.384500503540039,94109450.0
2022-01-04,12.520035161368122,12.86734318562363,12.435326340344108,12.799575805664062,149017428.0
2022-01-05,12.799576889051831,13.12994350020594,12.562391039117347,13.070647239685059,172086494.0
2022-01-06,12.918168903674982,13.121471040078115,12.791105270385742,12.791105270385742,179010232.0
2022-01-07,12.918169155283154,13.20618092472266,12.816518085101722,12.968995094299316,245508184.0
2022-01-10,13.053703780445845,13.180768222745948,12.918169021606445,12.918169021606445,135195022.0
2022-01-11,13.06217563594835,13.578902942759287,12.926640869522837,13.451838493347168,333376636.0
2022-01-12,13.621255853784762,13.756790609288949,13.358657466958114,13.375598907470703,162013986.0
2022-01-13,13.307833202288174,13.57043242996997,13.223123565526054,13.392542839050293,145795422.0
2022-01-14,13.409482826975513,13.443366516434322,13.163825876436418,13.333244323730469,103910286.0
2022-01-17,13.333245398913933,13.333245398913933,12.943582534790039,12.943582534790039,92766612.0
2022-01-18,12.892756160957687,12.977464979366479,12.2489652633667,12.2489652633667,117793866.0
2022-01-19,12.155785570247314,12.553918721426752,11.901657494103473,12.426855087280273,133616144.0
2022-01-20,12.638629566080683,12.697925826677068,11.994838593302084,12.13884449005127,119711638.0
2022-01-21,12.071075565450231,12.27437769687887,11.83388974545015,12.17272663116455,95641868.0
2022-01-24,12.045663164290628,12.062604604880597,11.359517451603136,11.418813705444336,104323334.0
2022-01-25,11.520466208414048,11.66447209660804,11.156215925587954,11.554349899291992,79901780.0
2022-01-26,11.554349540656306,11.901657563337869,11.520465850830078,11.520465850830078,91073098.0
2022-01-27,11.342576501412989,11.774593353271484,11.190099490256518,11.774593353271484,85383632.0
2022-01-28,11.876245366557924,12.00330900538749,11.545878774609777,11.554349899291992,81744534.0
2022-01-31,11.706826104317287,11.791535735437606,11.554349899291992,11.554349899291992,49132830.0
2022-02-01,11.630587123286078,11.884715198426273,11.622116806800413,11.689884185791016,77995224.0
2022-02-02,11.78306483336331,11.842361091557223,11.478111609700573,11.562820434570312,56048228.0
2022-02-03,11.52893686714049,11.732239826288103,11.342576965710675,11.393402099609375,59660342.0
2022-02-04,11.520465830585163,11.562819836905353,11.2324540636429,11.30022144317627,44970376.0
2022-02-07,11.300221044561827,12.181197755270126,11.113860353493479,12.17272663116455,103731008.0
2022-02-08,12.155786031050049,12.189669721963634,11.783064623149686,12.045663833618164,99164078.0
2022-02-09,12.164255434360843,12.621685631266939,12.113430305732862,12.53697681427002,131544298.0
2022-02-10,12.66404187093062,12.731809255305892,12.392972333429526,12.477681159973145,124194272.0
2022-02-11,12.265907419997317,12.426855557716722,11.986366768011944,12.316733360290527,150953876.0
2022-02-14,12.062604661307823,12.088018034087963,11.732238893674735,11.833889961242676,124754426.0
2022-02-15,11.876245365868321,12.248965965504073,11.867774241186599,12.096488952636719,105649760.0
2022-02-16,12.15578651017317,12.172727952372256,11.927070981603402,11.935542106628418,75555054.0
2022-02-17,11.969424486488526,12.223552554418495,11.800006043818835,11.87624454498291,138752170.0
2022-02-18,11.994837172021894,12.054133425592205,11.816947603460092,12.003308296203613,58886590.0
2022-02-21,12.121901637012872,12.2659067091545,11.944012068072192,12.223552703857422,89933130.0
2022-02-22,11.96095347799007,12.206610424198013,11.850831287227768,12.02872085571289,93215772.0
2022-02-23,12.316733492084381,13.155355457014084,12.282849800809977,12.884285926818848,285021440.0
2022-02-24,12.30826223559984,12.664041394099572,11.664472108274962,12.316733360290527,300353424.0
2022-02-25,12.655570178677898,13.307832233868147,12.553919106671154,13.197710037231445,213118994.0
2022-02-28,13.002878664429463,13.434895506753177,12.918169036134131,13.163825988769531,174420692.0
2022-03-01,13.367127505684882,14.087156081310281,13.324772693506718,14.05327320098877,206495350.0
2022-03-02,14.078686965883888,14.790243629509229,13.866913706934202,14.603883743286133,224032772.0
2022-03-03,14.79024449200951,15.620396943436347,14.688594226578854,14.968134880065918,196972540.0
2022-03-04,14.824129833894617,15.027431992018084,14.400583267211914,14.400583267211914,157549346.0
2022-03-07,14.29892872050506,14.883423326199829,14.248103594353838,14.646238327026367,171116800.0
2022-03-08,14.603885877363988,15.103670970775392,14.57000299114561,14.586943626403809,150331324.0
2022-03-09,14.82412947505891,14.874954609434011,14.315873284202226,14.341286659240723,111046540.0
2022-03-10,14.358227949685237,14.790243986554177,14.315872327451766,14.663180351257324,141660106.0
2022-03-11,14.714007090591513,14.798715103612603,14.32434344474702,14.392110824584961,111934076.0
2022-03-14,14.510703729465153,14.637768983851254,14.383640090780878,14.570001602172852,85067972.0
2022-03-15,14.586941149350372,14.781773770903337,14.476819768213224,14.493762016296387,96479796.0
2022-03-16,14.603884205205244,14.722476716943577,14.451407195426361,14.519174575805664,87947638.0
2022-03-17,14.69706637170375,15.188380330601134,14.688595246379423,15.146024703979492,180171724.0
2022-03-18,15.366268172064602,15.450977804406126,15.146023774257383,15.31544303894043,130882146.0
2022-03-21,15.459447955561929,15.459447955561929,15.213790198813422,15.366267204284668,107329910.0
2022-03-22,15.8345441088533,16.529720410855774,15.689716326464508,16.317304611206055,224087728.0
2022-03-23,16.404202555107307,16.404202555107307,16.02764993177904,16.17247772216797,88936718.0
2022-03-24,16.1821346282959,16.413859482350595,16.07592671292629,16.1821346282959,123454160.0
2022-03-25,16.25937567910079,16.269031111214414,16.027650833129883,16.027650833129883,59266252.0
2022-03-28,16.04696030766273,16.056613897354964,15.776613756649796,15.786269187927246,79183816.0
2022-03-29,15.805581155128818,16.182133793340395,15.689717813286993,15.699373245239258,110443672.0
2022-03-30,15.718684737380972,15.921443291726247,15.68971844036647,15.747649192810059,75659004.0
2022-03-31,15.75730381963393,15.873167160183588,15.52557898011994,15.660751342773438,68518502.0
2022-04-01,15.747649951381709,16.14351348838844,15.737994518578434,16.085582733154297,129319378.0
2022-04-04,16.14351299265751,16.655239866004045,15.950409867278296,16.597309112548828,131413140.0
2022-04-05,16.655238781316626,16.91592991726554,16.5490308722444,16.703514099121094,107318508.0
2022-04-06,16.68420573030038,16.80972266645841,16.211100599265656,16.230409622192383,89693616.0
2022-04-07,16.27868665351094,16.51041150105028,16.27868665351094,16.442825317382812,71579298.0
2022-04-08,16.481446074370176,16.520067805124466,16.32696283452397,16.42351531982422,53373668.0
2022-04-11,16.433170872792612,16.77110365302418,16.307652088507933,16.58765411376953,131694438.0
2022-04-12,16.597308180415112,16.94489452321082,16.48144483842631,16.61661720275879,115758912.0
2022-04-13,16.722825975070382,17.089725042299055,16.626273492032023,16.973861694335938,173181814.0
2022-04-14,17.157311999315404,17.340759699591814,16.8386900800739,16.915931701660156,92800250.0
2022-04-15,16.91592975574668,17.070412981148312,16.771101962130814,17.041446685791016,57786774.0
2022-04-18,17.080069173688074,17.10903362875015,16.92558594140569,16.983516693115234,48124636.0
2022-04-19,17.070413569459532,17.321449279785156,16.96420565774109,17.321449279785156,103428992.0
2022-04-20,17.398691485503335,17.543519289024673,17.186275654858964,17.224897384643555,90104970.0
2022-04-21,17.23455189473944,17.707657009768635,17.195930167021785,17.620759963989258,101086074.0
2022-04-22,17.56282881039778,17.601448695642592,16.76144639452597,16.877307891845703,83500466.0
2022-04-25,16.751793502702377,16.867655017588877,16.336619084257002,16.655241012573242,83644792.0
2022-04-26,16.780755916969134,17.060757920084725,15.950409022788637,15.969719886779785,117371374.0
2022-04-27,16.008337774765142,16.626270612659006,15.940751600818642,16.57799530029297,140044034.0
2022-04-28,16.539374768852568,16.64558267361265,15.969719043864151,16.008338928222656,97434102.0
2022-04-29,16.220753648136267,16.297995262019377,15.98902880648693,16.201444625854492,86140892.0
2022-05-05,16.346271807268792,16.471788734516455,16.143511427456076,16.17247772216797,90671814.0
2022-05-06,16.056614301787306,16.13385591236724,15.718683406490891,15.902131080627441,92508074.0
2022-05-09,15.96006520669166,16.27868711121505,15.882823588673427,16.1821346282959,130219454.0
2022-05-10,16.346273545205104,16.558687537587044,16.33661811260791,16.510412216186523,36101812.0
2022-05-11,16.790411777910144,16.82903350687911,16.27868676016912,16.4814453125,95109782.0
2022-05-12,16.297995698899108,16.32696199547624,15.486959652178683,15.544890403747559,145645438.0
2022-05-13,15.757304191589355,15.805581351951858,15.525579346605436,15.757304191589355,69094544.0
2022-05-16,15.747648977620285,15.747648977620285,15.293854713439941,15.293854713439941,84153486.0
2022-05-17,15.351784563087241,15.573853966026457,15.274542951561196,15.313163757324219,86969840.0
2022-05-18,15.284198237501927,15.506267638324246,15.206956626712197,15.400060653686523,68612206.0
2022-05-20,15.332474812301271,15.429026367519672,14.955921260809342,14.975232124328613,80234708.0
2022-05-23,15.284198856000984,15.361440469916417,14.772472933613068,15.17799186706543,96531474.0
2022-05-24,15.274543708090023,15.46764866726202,15.062129726269127,15.255233764648438,76580140.0
2022-05-25,15.313164741154598,15.66075201535336,15.226268613199432,15.583510398864746,84345310.0
2022-05-26,15.583510160797285,15.776615119861479,15.45799322651532,15.65109634399414,81855784.0
2022-05-27,15.680062085729745,16.24006423730633,15.680062085729745,15.873167037963867,124871318.0
2022-05-30,16.104892807272968,16.867653545390112,15.940754140855038,16.771102905273438,155688988.0
2022-05-31,16.76144793895725,16.76144793895725,16.40420429920282,16.510412216186523,96648162.0
2022-06-01,16.51041134956434,16.819377810115306,16.48144505329317,16.529722213745117,80852744.0
2022-06-02,16.558686477159313,16.800066751874713,16.346272498380486,16.742136001586914,90104064.0
2022-06-03,16.848343625312488,17.099377486153305,16.616616944930428,16.664894104003906,92559956.0
2022-06-06,16.732479241958103,17.128342713754474,16.64558220262864,16.896617889404297,92607676.0
2022-06-07,16.92558508832066,17.080068312816767,16.577996912411766,16.75179100036621,90024288.0
2022-06-08,16.83868938223942,17.263517362565214,16.317307076950332,16.471790313720703,145444268.0
2022-06-09,16.471788986830497,16.597307757586123,16.153167106460113,16.37523651123047,86767474.0
2022-06-10,16.172477758215916,16.52006592919232,16.008339104319866,16.046960830688477,80655560.0
2022-06-13,16.037304870465896,16.037304870465896,15.033162117004395,15.033162117004395,180526496.0
2022-06-14,15.09109440756661,15.226267688609864,14.646954679330369,14.685575485229492,155875786.0
2022-06-15,14.704886021751749,14.869024683651176,14.415230426204694,14.463505744934082,214838878.0
2022-06-16,14.550403391754708,14.791783678523261,14.057988306549326,14.096609115600586,193388408.0
2022-06-17,14.135229269535289,14.21247088405794,13.777986572169858,13.92281436920166,243426878.0
2022-06-20,13.951780017002525,13.990400825018321,13.21798374390969,13.47867488861084,342425018.0
2022-06-21,13.594537279997423,13.951779983483444,13.411088672561297,13.855228424072266,275365754.0
2022-06-22,13.77798639144981,13.77798639144981,13.449709073638079,13.613847732543945,140076358.0
2022-06-23,13.613848044467256,13.652468852106896,13.314536094665527,13.314536094665527,116821526.0
2022-06-24,13.372467325864658,13.594536732276671,13.121431624082915,13.449708938598633,149998840.0
2022-06-27,13.102121353149414,13.102121353149414,13.102121353149414,13.102121353149414,282088.0
2022-06-28,13.565571274178536,13.60419208030774,13.121431543296353,13.304880142211914,113067254.0
2022-06-29,13.256604497692962,13.324191602038631,12.793154803399364,12.81246566772461,119949710.0
2022-06-30,12.812465752691388,13.25660458560508,12.686947896122986,13.102121353149414,131196056.0
2022-07-01,13.082812223687329,13.256605410619487,12.937983493652318,13.063501358032227,94292358.0
2022-07-04,13.05384632996888,13.073156274067893,12.532464027404785,12.532464027404785,99474378.0
2022-07-05,12.696602923863194,12.812466273709214,12.358671069322629,12.5903959274292,132642514.0
2022-07-06,12.657980769308082,12.947637271562568,12.416600504228116,12.87039566040039,152920992.0
2022-07-07,12.937981992854036,12.937981992854036,12.542118500771894,12.657980918884277,94878884.0
2022-07-08,12.657981001095395,12.889706759617827,12.609705683829516,12.802809715270996,49685438.0
2022-07-13,12.812464626333414,12.82211913691863,12.455221031694494,12.542118072509766,71489258.0
2022-07-14,12.503498650859909,12.706258128259485,12.387636223887682,12.532464027404785,76500330.0
2022-07-18,12.696602261143168,13.23729448929558,12.696602261143168,13.189018249511719,122747846.0
2022-07-19,13.189017524085632,13.411087846559944,13.034534301908355,13.372467041015625,74804974.0
2022-07-20,13.420743770520058,13.681434925988773,13.420743770520058,13.633158683776855,86479588.0
2022-07-21,13.633157889467281,13.652468753544031,13.401433045302356,13.420742988586426,76209628.0
2022-07-22,13.51729559918945,13.758675877746406,13.488330223584569,13.584881782531738,92037344.0
2022-07-25,13.613848155058335,13.835917570592061,13.613848155058335,13.729710578918457,68008074.0
2022-07-26,13.7779867071339,13.893849130052821,13.304880662557444,13.314536094665527,90638238.0
2022-07-27,13.382121614242942,13.430397851596737,13.102120542542092,13.140741348266602,65676926.0
2022-07-28,13.275914572957417,13.430397795206828,13.082810545145655,13.121431350708008,71241144.0
2022-07-29,13.121431203616046,13.420742213170826,12.995913356747304,13.333846092224121,82421302.0
2022-08-01,13.372468121610117,13.594537541236647,13.372468121610117,13.536606788635254,85153998.0
2022-08-02,13.546260205568744,13.6524681114101,13.353156177847147,13.372467041015625,105576734.0
2022-08-03,13.4497095239731,13.507640275648585,13.275915427361253,13.353157043457031,73666318.0
2022-08-04,13.459363883228628,13.565571794754133,13.343501460394819,13.440053939819336,94145514.0
2022-08-05,13.497984700755648,13.51729556497181,13.169708296215045,13.314536094665527,103284936.0
2022-08-08,13.40143324038237,13.893849231995276,13.372467864638287,13.855228424072266,156504290.0
2022-08-09,13.874538378545436,13.98074537021904,13.67177890659205,13.729710578918457,94662272.0
2022-08-10,13.642813584386479,13.74902057647705,13.324191687322072,13.74902057647705,127648172.0
2022-08-11,13.903503601627058,13.980745216685555,13.710399563980815,13.816607475280762,104444854.0
2022-08-12,13.84557301386468,13.864882957460482,13.546261061391855,13.604192733764648,86624820.0
2022-08-15,13.662123353385963,13.671778785486952,13.42074307561736,13.440053939819336,56673278.0
2022-08-16,13.45936278364132,13.565570686489975,12.90901608994414,13.401432037353516,107550792.0
2022-08-17,13.44970908061535,13.671778489372214,13.382121978164971,13.488329887390137,106419084.0
2022-08-18,13.517294696367303,14.47316031462019,13.401432280893555,14.231780052185059,437380584.0
2022-08-19,14.280057666883495,14.714541997036774,14.202816049113698,14.347643852233887,201451310.0
2022-08-22,14.434540421796523,14.58902365219229,14.125573961004992,14.212471008300781,139200226.0
2022-08-23,14.231780052185059,14.47316031462019,14.164193873356863,14.231780052185059,151947522.0
2022-08-24,14.328333461360405,14.357298836922617,13.787641233040544,13.835917472839355,141588036.0
2022-08-25,13.710399883530036,14.357299115316787,13.710399883530036,14.038677215576172,168737034.0
2022-08-26,14.077297346515016,14.531092514315278,13.874537881820658,14.241436004638672,240135398.0
2022-08-29,14.24143691934463,14.309023104986155,13.961435823524818,14.096609115600586,109474802.0
2022-08-31,14.11591879047445,14.154539598789032,13.89384937286377,13.89384937286377,103873636.0
2022-09-01,13.893849712468706,13.893849712468706,13.469019889831543,13.469019889831543,120971212.0
2022-09-02,13.517295685601805,13.72005515771754,13.41108869384316,13.604192733764648,122471536.0
2022-09-05,13.691089958387726,14.95592212677002,13.613848341423589,14.95592212677002,521529878.0
2022-09-06,15.47730298486451,16.172477472970776,14.955920737595878,15.342129707336426,600736970.0
2022-09-07,15.361440640511162,15.371096072555986,14.7724730976671,14.840059280395508,214473692.0
2022-09-08,14.965576461564547,15.622131078402958,14.859369476225892,14.9173002243042,205487812.0
2022-09-09,15.13937049587364,16.066269828313935,15.052473453259205,15.670406341552734,519357516.0
2022-09-12,15.96006407145967,16.41385831484043,15.709028370360107,16.124202728271484,434199908.0
2022-09-13,16.336617765453887,16.52006729773139,14.724197387695312,14.724197387695312,500096450.0
2022-09-14,14.724196702207704,15.1586810109012,14.106262869777233,15.052474021911621,209588402.0
2022-09-15,14.984888496407892,15.284199533397512,14.57936954498291,14.57936954498291,208783464.0
2022-09-16,14.598679418112704,14.994542935252088,14.598679418112704,14.95592212677002,91380346.0
2022-09-19,15.00419771712007,15.100750194535925,14.260746955871582,14.260746955871582,79667498.0
2022-09-20,14.415230069576525,14.791782702788977,14.241435979913758,14.743507385253906,95651268.0
2022-09-21,14.656610352924993,14.704885670501245,14.376609275336497,14.492471694946289,80684850.0
2022-09-22,14.492471867839583,15.255233496631526,14.424884764999737,14.926956176757812,129969396.0
2022-09-23,15.00419781483808,15.09109486091975,14.550402641296387,14.550402641296387,89492986.0
2022-09-26,14.531092603526243,14.589023353341624,14.231780660171225,14.260746955871582,91772790.0
2022-09-27,14.309022762778502,14.598679284132025,14.241436578753337,14.270401954650879,87169698.0
2022-09-28,14.270401399127449,14.337988501314257,13.864882469177246,13.864882469177246,86602302.0
2022-09-29,13.90350307284117,14.231780384750897,13.304880118508642,13.932469367980957,111045690.0
2022-09-30,13.961434939574694,14.144883540755188,13.80695171315056,13.990400314331055,62534052.0
2022-10-03,14.009710960944433,15.129715255957159,14.009710960944433,15.081439018249512,128211088.0
2022-10-04,15.1200598242571,15.332474717695163,14.81109337619639,15.081439018249512,170763908.0
2022-10-05,15.168336312999822,15.226267983366295,14.569713349578695,14.7628173828125,154918540.0
2022-10-06,14.849715402222593,14.897991643896507,14.579369737958489,14.637300491333008,110544462.0
2022-10-07,14.656610693692839,14.90764548162098,14.540748271389232,14.58902359008789,130403322.0
2022-10-10,14.627645474109062,14.93661287711786,14.589024663832056,14.75316333770752,136396754.0
2022-10-11,14.801438491374176,14.820749355487786,14.58902359008789,14.58902359008789,111679008.0
2022-10-12,14.598678549431039,14.637299355615012,14.193159624103012,14.202815055847168,106226348.0
2022-10-13,14.22212514740428,14.482816282469201,14.019366603410665,14.115918159484863,102866664.0
2022-10-14,14.33798877527028,14.434540333279205,14.164194681744462,14.193160057067871,93090670.0
2022-10-17,14.25109062881101,14.772471948362991,14.144882726166323,14.656609535217285,200255256.0
2022-10-18,14.74350745339037,14.772472828203806,14.444195511009308,14.511781692504883,148551426.0
2022-10-19,14.540748378270175,14.656610801425423,14.318678043294769,14.357298851013184,110207584.0
2022-10-20,14.386263934720231,14.492471844385534,14.19315990004605,14.405574798583984,141758292.0
2022-10-21,14.42488469421027,14.434540126110388,14.212470717163654,14.260746955871582,109932570.0
2022-10-24,14.337987863919446,15.158680198397546,14.337987863919446,14.714540481567383,243853270.0
2022-10-25,14.772473115996446,14.95592172111232,14.540748271389232,14.58902359008789,159102702.0
2022-10-26,14.646954870118963,14.955921321336492,14.521437019113678,14.869024276733398,159505210.0
2022-10-27,14.926956679163638,14.926956679163638,14.463506058804258,14.540748596191406,157495034.0
2022-10-28,14.502126900227038,14.502126900227038,14.289712007197757,14.309021949768066,54589028.0
2022-10-31,14.347642410436777,14.444194883342805,14.154538385417347,14.337987899780273,94185016.0
2022-11-01,14.366954663415953,14.675921133341227,14.289713045934635,14.328333854675293,158095788.0
2022-11-02,14.386263912581684,14.859369947796218,14.386263912581684,14.78212833404541,189662360.0
2022-11-03,14.714541096003728,14.714541096003728,14.43454001853568,14.617989540100098,129565052.0
2022-11-04,15.689715896691581,16.075923919677734,15.303507873705428,16.075923919677734,394646510.0
2022-11-07,16.41385789345994,17.67868995666504,16.39454703042835,17.67868995666504,280909714.0
2022-11-08,18.451108290245717,18.875936236330098,17.051101998072053,17.253862380981445,691346746.0
2022-11-09,17.23455411176247,17.717314720822564,16.52972406451527,16.655241012573242,301597860.0
2022-11-10,16.82903293358474,18.43179779948945,16.577997228594384,18.122831344604492,534466548.0
2022-11-11,18.43179783020655,18.518694875985926,17.456621304359917,17.620759963989258,358890870.0
2022-11-14,17.81386546526299,18.315935049879606,17.75593287191133,18.02627944946289,228973990.0
2022-11-15,18.171105295968058,18.615245922651127,17.591792315835235,18.15179443359375,470536362.0
2022-11-16,18.209729906470383,18.451110199645928,17.81386637298933,17.881452560424805,321005282.0
2022-11-17,17.997311714676115,18.40283062780696,17.263515498459093,17.89110565185547,369727406.0
2022-11-18,17.939382598762442,18.3062798194402,17.582138968830975,17.813865661621094,253007722.0
2022-11-21,17.891106782483675,18.2000732421875,17.717312688503934,18.2000732421875,209079316.0
2022-11-22,18.402830548288303,19.976630878327843,18.373866095637485,19.648353576660156,478257862.0
2022-11-23,19.65801169777244,20.063530664636023,19.14628481243003,20.005598068237305,302272100.0
2022-11-24,20.179389377596337,20.826288548377544,19.87042293929819,20.024906158447266,363314252.0
2022-11-25,20.0345623359136,20.430425829922896,19.938009859953578,20.2180118560791,258659936.0
2022-11-28,20.362841133452445,20.64284130840158,20.160080734998886,20.22766876220703,236441250.0
2022-11-29,20.32421835766598,20.38215094943441,19.86076867303059,20.208356857299805,160599082.0
2022-11-30,20.275940679221783,20.990425986927953,20.208354504944666,20.594562530517578,295583150.0
2022-12-01,20.90353103742673,21.27043007953126,20.353184315855255,20.507667541503906,270248314.0
2022-12-02,20.517323441767015,20.546289737832,19.8897350930418,19.995941162109375,274498180.0
2022-12-05,19.98628796015736,21.193189362544025,19.53249185424532,20.488357543945312,614536102.0
2022-12-06,20.681463290415262,21.096637683257697,20.39180767947589,20.555946350097656,348413348.0
2022-12-07,20.584908324603123,20.59456375601514,19.561456535537225,19.648353576660156,228348056.0
2022-12-08,19.67731847008111,19.71594019659431,18.94352408218314,19.387662887573242,199948090.0
2022-12-09,19.44559377443511,19.725595768896813,19.40697388923177,19.551801681518555,206423162.0
2022-12-12,19.851114827678366,20.23732292907571,19.851114827678366,20.005598068237305,237670754.0
2022-12-13,20.053873559103444,21.164222448595304,19.93801021755627,20.83594512939453,458295134.0
2022-12-14,20.826291196572104,20.845602061817544,19.793183846552083,19.802839279174805,258611102.0
2022-12-15,20.227667270451555,20.46904753935152,19.47456016851294,19.84145736694336,178526390.0
2022-12-16,19.88973602123459,20.37249659533453,19.812494403042017,19.976633071899414,65014016.0
2022-12-19,19.744907467745605,20.17939086298999,19.696630307217095,20.034563064575195,244312130.0
2022-12-20,20.05387373690671,20.662151221062864,20.005596576840123,20.246976852416992,277435154.0
2022-12-21,20.333871841430664,20.57525209258302,20.17938862801997,20.333871841430664,278252910.0
2022-12-22,20.401461051165843,20.440082781054848,19.88973602123459,19.976633071899414,159372286.0
2022-12-23,20.005597072467665,20.160080305337267,19.83180481667841,19.860769271850586,118745466.0
2022-12-26,20.09249233662683,20.266286418565844,19.947664548872726,20.024906158447266,117330000.0
2022-12-27,20.082837383106497,20.13111454123012,19.629043146256137,19.63869857788086,110360582.0
2022-12-28,19.658010199597815,19.899390474773288,19.358697332438776,19.580768585205078,171253612.0
2022-12-29,19.60973357877371,20.150426735974378,19.60973357877371,19.98628807067871,149154324.0
2022-12-30,20.1311170105032,20.275944819468013,19.918701171875,19.918701171875,177085824.0
2023-01-02,20.034561555019742,20.893874690241024,20.005595260885173,20.652494430541992,486499972.0
2023-01-03,20.700772094127434,20.845599885174767,20.26628687940015,20.39180564880371,538394274.0
2023-01-04,20.48835649296438,20.893875417028017,20.45939203940753,20.720081329345703,635931870.0
2023-01-05,21.077326268739373,21.241464935082973,20.044218950641277,20.150426864624023,866647706.0
2023-01-06,19.40697540128802,20.469049030115954,18.634557379601596,20.102149963378906,642554238.0
2023-01-09,20.38215009842606,20.440080846190387,19.01111012410189,19.22352409362793,394460080.0
2023-01-10,19.223523391551456,19.46490364693667,18.26765780121624,18.277313232421875,364246360.0
2023-01-11,18.393178213982328,18.71180013788864,17.72696990864175,17.784900665283203,337705588.0
2023-01-12,18.296626209134228,19.213870180640768,17.582138950035105,19.107664108276367,414801698.0
2023-01-13,19.02076698983403,19.76421686002424,18.79869573042019,19.484216690063477,306922616.0
2023-01-16,19.561458988363192,19.86077003332566,19.387664884325158,19.802839279174805,258175824.0
2023-01-17,19.889735176915345,20.18904620450763,19.64835490011197,19.74490737915039,585856016.0
2023-01-18,19.851112875804198,20.034562396524695,19.532490993281915,19.590423583984375,437946594.0
2023-01-19,19.580769171340965,19.831804886028266,19.358697911927123,19.484216690063477,329551582.0
2023-01-20,19.551803984293123,19.947667522574193,19.52283768579005,19.793184280395508,360177906.0
2023-01-23,19.88007904106465,19.89938990450577,18.933868831473337,19.175249099731445,286757786.0
2023-01-24,19.19455839312339,19.262146416123446,18.673177963934513,18.87593650817871,232154028.0
2023-01-25,18.93386885108547,19.117316529210235,18.11317556984075,18.67317771911621,259813290.0
2023-01-26,18.65386699201048,18.914558125885332,18.528350061766286,18.837316513061523,137544994.0
2023-01-27,18.77938587277785,18.933869099321615,18.14214210288849,18.87593650817871,165079042.0
2023-01-30,19.17524805318137,19.358695721103878,18.83731532774671,18.9049015045166,148818666.0
2023-01-31,18.837315762347856,18.885591077844353,18.39317512512207,18.39317512512207,159853092.0
2023-02-01,18.451108851298876,18.470417873736906,17.533863067626953,17.533863067626953,154226026.0
2023-02-02,17.572485457500054,18.28697087900655,17.157311073287467,18.1035213470459,269831934.0
2023-02-03,18.055245328600947,18.962833837763707,17.900762099739826,18.95317840576172,168271286.0
2023-02-06,18.595936220161402,19.532491004708657,18.335245086603763,19.339387893676758,69726500.0
2023-02-07,19.310422954284945,19.435939893190206,17.97800458073688,18.14214324951172,134687304.0
2023-02-08,17.205585479736328,17.205585479736328,17.205585479736328,17.205585479736328,102.0
2023-02-15,19.31042237709557,19.94766616821289,19.31042237709557,19.94766616821289,62867492.0
2023-02-16,21.62767310868432,21.67595027050388,20.18904683499903,21.482845306396484,384571254.0
2023-02-17,21.00008397996143,21.946294218457368,20.806979022821896,21.791810989379883,333189642.0
2023-02-20,21.89802006765598,23.964234747935272,21.753192262871202,23.809751510620117,477892718.0
2023-02-21,23.89664810068475,25.8518280315146,23.838717348205794,24.07044219970703,495619624.0
2023-02-22,23.664920065397524,23.68423092748764,21.849739543800332,21.96560287475586,361012706.0
2023-02-23,21.965606654179652,21.994572952298796,21.338018260948758,21.424915313720703,202404600.0
2023-02-24,21.48284535274782,22.206986207334822,21.3380175501475,21.357328414916992,249785074.0
2023-02-27,21.357329004703725,21.376638028421013,20.691118884442243,21.26077651977539,191187300.0
2023-02-28,21.338018680594633,21.82077927589503,21.260777059009992,21.28974151611328,253337850.0
2023-03-01,21.405604315183652,21.9559510849263,21.270431941305944,21.926984786987305,305506860.0
2023-03-02,21.92698358997645,22.062157798060372,21.067670388803617,21.07732582092285,222702640.0
2023-03-03,21.029051060950888,21.318706665886694,20.15042697218213,21.231809616088867,264958290.0
2023-03-06,21.04836037840523,21.666295168005593,20.67180771840682,21.4345703125,441908636.0
2023-03-07,21.56008515624526,21.917328758081794,21.395946502685547,21.395946502685547,319857418.0
2023-03-08,21.376635688356913,21.395946551545748,20.72973650421315,20.76835823059082,219233036.0
2023-03-09,20.942153189806177,21.318705829771492,20.749048233032227,20.749048233032227,370330718.0
2023-03-10,19.918700770958115,20.015253255519784,19.65801145670272,19.67732048034668,349036218.0
2023-03-13,19.77387047064577,19.841456648838022,19.262145497712865,19.271799087524414,216813312.0
2023-03-14,19.27179955694263,19.658009455880265,19.136627197265625,19.136627197265625,266809828.0
2023-03-15,19.175249452314,19.3490435433091,18.566970133831138,18.624902725219727,179517850.0
2023-03-16,18.924213399752777,19.28145516548701,18.76007474367385,19.175249099731445,187140418.0
2023-03-17,19.271801468141156,19.3490449288572,18.34490203857422,18.34490203857422,195672856.0
2023-03-20,18.325589905083806,18.325589905083806,17.833173926611856,17.871795654296875,239213448.0
2023-03-21,17.958692700002825,18.142142223335984,17.79455404051218,17.871795654296875,179649746.0
2023-03-22,17.95869472180404,18.01662547826811,17.707658988345678,17.910417556762695,210472882.0
2023-03-23,17.910417556762695,18.40283359067115,17.83317593428209,17.910417556762695,299823754.0
2023-03-24,17.949039288795774,18.103522533756987,17.900763965339973,17.910417556762695,251514240.0
2023-03-27,18.016625056024175,18.267660783599176,17.95869430091779,18.045591354370117,220716018.0
2023-03-28,18.074554387214388,18.08420981923571,17.282827377319336,17.282827377319336,159692880.0
2023-03-29,17.234552041605895,17.755932479139826,17.14765499508601,17.533863067626953,314856654.0
2023-03-30,17.572485978045492,17.755933673854944,17.321450253606503,17.34075927734375,147855370.0
2023-03-31,17.360070244141248,17.485589027887176,17.070414628949163,17.089725494384766,125670990.0
2023-04-03,17.03179125400525,17.14765459384913,16.58765244137188,17.041446685791016,167457638.0
2023-04-04,17.041447379345996,17.360069274902344,16.954550331322867,17.360069274902344,163699062.0
2023-04-05,17.389036034128235,17.56283013479883,17.070414130093955,17.09937858581543,152066486.0
2023-04-06,17.089724474376126,17.195930544762,16.790411602745387,16.819377899169922,126.0
2023-04-07,16.81937746605634,17.03179144294363,16.809722034163467,16.82903289794922,110519476.0
2023-04-10,16.925585770852347,17.321449279785156,16.925585770852347,17.321449279785156,143499452.0
2023-04-11,17.350412401292317,17.66903427037831,17.311792517371256,17.47593116760254,186215008.0
2023-04-12,17.52420702729347,17.717311977653324,17.45662084714311,17.50489616394043,169170842.0
2023-04-13,17.524208068847656,17.833174534518662,17.48558818143148,17.524208068847656,174914066.0
2023-04-14,17.54351884758341,17.678691215257306,17.23455238342285,17.23455238342285,107437780.0
2023-04-17,17.26351774320042,17.282828608618857,16.935242239014475,16.96420669555664,91816894.0
2023-04-18,16.983515837110374,17.099377334689805,16.684204819847327,16.75179100036621,106577236.0
2023-04-19,16.780756170603873,16.85799778615059,16.62627293951044,16.819377899169922,90207410.0
2023-04-20,16.78075498907199,16.78075498907199,16.616616337394035,16.635927200317383,29007748.0
2023-04-24,16.66489528047639,16.761447763854232,16.404204127831846,16.471790313720703,121277732.0
2023-04-25,16.59730822156692,17.099377793868975,16.433169560933933,16.491100311279297,309901362.0
2023-04-26,16.462134182940677,16.51041134337452,15.824890397896867,15.88282299041748,172834108.0
2023-04-27,15.834546242268154,16.0759265259661,15.709029305042804,15.747649192810059,146553460.0
2023-04-28,16.17247801772027,16.326961242503014,15.853856136407702,15.99868392944336,289206366.0
2023-05-02,16.027650071216758,16.11454711452316,15.506267811378363,15.564200401306152,148475146.0
2023-05-03,15.477304020501595,15.52557933925588,14.80143850842942,15.110404968261719,169112438.0
2023-05-04,15.042818597749829,15.235922632736521,14.869024505865468,14.926956176757812,149029342.0
2023-05-05,14.926956355236197,14.965577162695316,14.405574994141745,14.463505744934082,119015074.0
2023-05-08,14.589023378875723,14.926956129630009,14.511781765124914,14.78212833404541,146956916.0
2023-05-09,14.782128790003044,14.830404109491859,14.463505972462142,14.521437644958496,101916532.0
2023-05-10,14.511781505318941,14.560057743247068,14.202815055847168,14.202815055847168,94004886.0
2023-05-11,14.20281611562103,15.235923448724298,14.20281611562103,15.013854026794434,312567148.0
2023-05-12,15.033162934140874,15.110404546945256,14.531092450912391,14.869024276733398,142841544.0
2023-05-15,13.382122336088432,15.342130864511898,13.382122336088432,14.627644538879395,210861818.0
2023-05-16,14.62764450204742,15.776615142822266,14.62764450204742,15.776615142822266,224991836.0
2023-05-17,15.737992894947176,15.9600641433412,15.535234351752784,15.766959190368652,120553466.0
2023-05-18,15.757304831508241,15.921443500235846,14.975233217728686,15.013854026794434,120682312.0
2023-05-22,15.052474021911621,15.303509727660813,14.859369987024808,15.052474021911621,119582040.0
2023-05-23,15.023508796990544,15.149025730326626,14.897990942861783,14.965577125549316,71739908.0
2023-05-24,14.95592212677002,15.08143998453492,14.78212894899706,14.95592212677002,75968626.0
2023-05-25,14.9559217804968,15.052474259862853,14.811093982240402,14.984888076782227,46641780.0
2023-05-26,15.013853160398316,15.515923649280323,14.975232353561239,15.42902660369873,113968152.0
2023-05-29,15.882821292324211,16.423512540278324,15.583508454391158,16.191787719726562,211378632.0
2023-05-30,16.297994926795052,16.606963217557844,16.191788860881104,16.500755310058594,140215194.0
2023-05-31,16.51041208428656,16.73248150749161,15.950409889221191,15.950409889221191,156794414.0
2023-06-01,16.104893598760846,16.423515514926883,15.989030246707056,16.085582733154297,84649520.0
2023-06-02,16.42351412894548,16.59730822156692,16.191789285978682,16.491100311279297,132634390.0
2023-06-05,16.86765317529957,17.03179183811616,16.635928329250042,16.944894790649414,158820938.0
2023-06-06,16.944894790649414,17.40834632433385,16.819377856300434,16.944894790649414,199650448.0
2023-06-07,17.379378837012208,17.881450223173022,17.311792658410802,17.64006996154785,251761072.0
2023-06-08,17.620759963989258,17.794554055548012,17.340757962792303,17.620759963989258,181248424.0
2023-06-09,17.75593345176156,18.05524633576352,17.543519460624918,17.92972755432129,228885050.0
2023-06-12,18.026279533126626,18.933869909075597,18.026279533126626,18.315935134887695,273610078.0
2023-06-13,18.344901963304245,18.480074335831773,17.84283052022278,18.055246353149414,231868494.0
2023-06-14,18.113176545023883,18.315935097525955,17.514552636597262,17.524208068847656,179755862.0
2023-06-15,17.524209056486978,17.736624894796297,17.398692113328703,17.669036865234375,135854732.0
2023-06-16,17.765586420605047,17.95869136146654,17.61110320454993,17.77524185180664,167143890.0
2023-06-19,17.794555118075102,17.80421055058105,17.17662217037812,17.263517379760742,118925120.0
2023-06-20,17.147653576179955,17.244206046722166,16.80006541886209,16.896617889404297,101286026.0
2023-06-21,16.896620580796075,17.109034576555306,16.462135314941406,16.462135314941406,92973180.0
2023-06-22,16.462133943698312,17.263516379400055,16.375236897765625,17.118688583374023,157781890.0
2023-06-23,17.369724015954045,17.553173536879726,17.20558535861745,17.418001174926758,127436140.0
2023-06-26,17.47593417441472,17.833175988886822,17.46627874137689,17.784900665283203,126526482.0
2023-06-27,17.775244085748668,17.823519406238546,17.640071715108665,17.72696876525879,34898988.0
2023-07-03,17.949038330080008,18.68283462524414,17.949038330080008,18.68283462524414,220534000.0
2023-07-04,18.875938225210334,18.914559956152125,18.422143936157227,18.422143936157227,130778594.0
2023-07-05,18.489729658564205,18.711799081136316,18.142143296759944,18.68283462524414,177671586.0
2023-07-06,18.731108943616874,18.962833786279422,18.518694964905873,18.538005828857422,183039792.0
2023-07-07,18.509039623857788,19.00145560752926,18.460764305327103,18.827661514282227,233745038.0
2023-07-10,19.117315935702976,19.28145458685615,18.962832715980607,19.02076530456543,183112356.0
2023-07-11,19.242835579013356,19.27180003303953,18.83731664837899,19.001455307006836,178101056.0
2023-07-12,19.001455143093732,19.001455143093732,18.673177828669875,18.7117977142334,145478478.0
2023-07-13,18.71179918781374,18.991801206937417,18.518696061618353,18.721454620361328,199399692.0
2023-07-14,18.77938501366054,18.875935644644414,18.605590931353188,18.644210815429688,132635424.0
2023-07-17,18.682834299106084,18.92421458244961,18.644212569810122,18.731109619140625,217928622.0
2023-07-18,18.82766299385556,18.846973859419524,18.045591354370117,18.045591354370117,195993146.0
2023-07-19,18.026279577582695,18.209729107996008,17.77524386269748,18.190418243408203,150299600.0
2023-07-20,18.277315292467907,18.383523206115417,17.958693393110792,18.190418243408203,178839328.0
2023-07-21,18.190417390086257,18.229037275864776,17.85248464199394,17.95869255065918,128619694.0
2023-07-24,17.958691054847996,18.7793842771194,17.8138632724672,18.32558822631836,512579414.0
2023-07-25,18.383521606484727,18.42214149071444,17.89110565185547,17.89110565185547,286067720.0
2023-07-26,17.891106782483675,18.26765942504954,17.8428296221641,18.2000732421875,232552136.0
2023-07-27,18.24834938270147,18.547660423820282,18.24834938270147,18.3062801361084,223337830.0
2023-07-28,18.44145388901692,18.692489602959103,18.431798456759292,18.566970825195312,266385318.0
2023-07-31,18.71179778832725,20.27594275392779,18.71179778832725,20.131114959716797,628702852.0
2023-08-01,20.063530418593352,20.372496895922318,19.638700591473295,19.67732048034668,394950052.0
2023-08-02,19.677318426483467,20.430425517554713,19.59042322519186,19.76421546936035,332750284.0
2023-08-03,19.81249314070684,20.131115025648675,19.42628507435088,19.50352668762207,231566774.0
2023-08-04,19.609733558041132,20.044218801477765,19.484216621929104,19.860769271850586,257993238.0
2023-08-07,19.98628583862138,20.034561152958286,19.638697682323034,19.783525466918945,146624566.0
2023-08-08,19.802836329287786,20.063527446511547,19.648353113507454,19.783525466918945,229924856.0
2023-08-09,19.55180236207371,20.304909486398387,19.339388382098452,20.1214599609375,475408682.0
2023-08-10,20.179388928620092,20.343527575512176,19.213867909627886,19.28145408630371,352258506.0
2023-08-11,19.281454688620023,19.880078549392557,18.972488247544618,19.81249237060547,312027516.0
2023-08-14,20.015251739885564,20.922842079502157,19.889734808569866,20.546289443969727,576945724.0
2023-08-15,20.57525499425745,20.61387672384943,19.82214968306813,20.06352996826172,238497434.0
2023-08-16,20.10214952991696,20.47870217939842,20.02490791357242,20.111804962158203,229137742.0
2023-08-17,20.121459017510865,20.92284142284231,20.053872838032415,20.642839431762695,399502098.0
2023-08-18,20.778015521232433,21.000084943017164,19.947666745672457,20.22766876220703,369998006.0
2023-08-21,20.218011735940106,21.849741019468638,20.11180382885666,21.724224090576172,575468600.0
2023-08-22,21.714570332936624,21.93663975433554,21.202843463048072,21.521467208862305,356269914.0
2023-08-23,21.704912474294122,22.2938808962939,21.463532214993915,21.531118392944336,399379664.0
2023-08-24,21.772500401643974,21.946294496957947,20.526979121202793,20.575254440307617,367830012.0
2023-08-25,20.671805291794286,21.30904903002655,20.42076960073533,21.154565811157227,323822324.0
2023-08-28,21.29939595569137,21.54077624208456,21.13525728728058,21.144912719726562,290040230.0
2023-08-29,21.193188744378432,21.395947290104317,20.739392651702776,20.83594512939453,191278924.0
2023-08-31,20.980772200912178,21.28008505558329,20.76835823059082,20.76835823059082,208440872.0
2023-09-01,20.88421971400256,21.386291107098884,20.84559982923337,21.270429611206055,273432628.0
2023-09-04,21.48284649086765,21.685605056932765,21.23181076032118,21.28974151611328,251713444.0
2023-09-05,21.289739684826877,22.206985473632812,21.0580148400053,22.206985473632812,372328484.0
2023-09-06,22.515953219572616,22.882852292687495,22.139400555425926,22.42905616760254,377459082.0
2023-09-07,22.496641792660217,23.40423217858468,22.44836647236457,23.31733512878418,407870824.0
2023-09-08,23.35595543154387,23.36561086333026,22.89250391372357,22.93112564086914,191831340.0
2023-09-11,23.143540870040137,23.240093351552925,22.2938830842155,22.361469268798828,221971830.0
2023-09-12,22.3904361875485,22.52560856046912,21.820778556546642,22.01388168334961,203871278.0
2023-09-13,22.091122208135623,22.17801925544755,21.154567393489216,21.202842712402344,214259882.0
2023-09-14,21.30905036395356,21.33801665989928,20.584909539578597,21.25111961364746,188162460.0
2023-09-15,21.38629241437973,21.820777654499828,21.241464614868164,21.241464614868164,249385124.0
2023-09-18,21.144910898883964,21.193188056956593,20.39180564880371,20.39180564880371,156187474.0
2023-09-19,20.42077211870149,20.633187952027487,20.19870269439291,20.43042755126953,181818062.0
2023-09-20,20.440083547613316,20.48835887019959,19.793184280395508,19.793184280395508,186054898.0
2023-09-21,19.686975320980935,20.18904675233612,19.44559503762772,20.150426864624023,262624856.0
2023-09-22,20.19870062274009,21.029049322573474,20.131114443281145,20.893875122070312,302578680.0
2023-09-25,20.97111832313674,22.728368330230346,20.87456768320936,22.361469268798828,448705028.0
2023-09-26,22.400090964298503,22.438710851894204,21.56974220275879,21.56974220275879,230739888.0
2023-09-27,21.627673437961935,21.811122972498406,21.154568294439837,21.4345703125,177823136.0
2023-09-28,21.444222820424777,21.80146643894488,21.444222820424777,21.540775299072266,142360074.0
2023-09-29,21.60836180803452,21.791811336077135,21.424914121577288,21.49250030517578,162790718.0
2023-10-02,21.502155694029934,21.820777588627692,21.502155694029934,21.618017196655273,216463108.0
2023-10-03,21.68560283622179,21.96560483678351,21.550430472687353,21.589052200317383,294420992.0
2023-10-04,21.598708994782378,21.733881366844184,21.048360390847634,21.058015823364258,240684260.0
2023-10-05,21.260775435768466,21.550431034199544,20.79732574164459,21.366981506347656,252586470.0
2023-10-06,21.19318950702749,21.840088736780363,21.17387864247716,21.69525909423828,262779636.0
2023-10-09,21.386291083023696,21.57939603140806,20.874566100500093,20.893875122070312,189343148.0
2023-10-10,21.231808294923347,21.782155015006882,21.202841999598046,21.762845993041992,233491160.0
2023-10-11,21.801466013443626,22.004226398804597,21.299394607543945,21.299394607543945,173800718.0
2023-10-12,21.492500238130013,21.791811268097668,20.565599010224656,20.95180892944336,252064602.0
2023-10-13,20.85525587142379,20.864911303295095,20.411115213270293,20.4207706451416,133631766.0
2023-10-16,20.66215250802185,20.710429671095422,19.67732048034668,19.67732048034668,182825734.0
2023-10-17,19.8221491694125,20.353185046443375,19.61938877747964,20.32421875,170688120.0
2023-10-18,20.01525297137503,20.17939164032405,19.522836964527986,19.600078582763672,128871520.0
2023-10-19,19.638698297807355,19.8704231287402,19.04007443670857,19.059385299682617,160059956.0
2023-10-20,18.96283409571642,18.98214495998309,18.248348692118196,18.364212036132812,127023858.0
2023-10-23,18.624902402048704,18.789039216712347,18.248347930898007,18.67317771911621,138537892.0
2023-10-24,18.760076419768083,20.20835815871155,18.71179925685202,20.179391860961914,283058740.0
2023-10-25,20.092492381109192,20.362838936011205,18.39317512512207,18.39317512512207,241080482.0
2023-10-26,18.538005772657613,19.12697238871158,18.27731463485805,18.91455841064453,198216692.0
2023-10-27,18.731109490404226,18.789040242364603,18.161451878301847,18.566970825195312,138414852.0
2023-10-30,18.557314851223627,18.9145584679859,18.441453350685023,18.538005828857422,167561992.0
2023-10-31,18.7311074495754,18.79869362642963,18.200071624362014,18.277313232421875,126559782.0
2023-11-01,18.364212986820114,18.47041906261415,17.524208763588202,17.96834945678711,164244438.0
2023-11-02,18.0552467871521,18.267660783599176,17.920072569789866,18.045591354370117,142291222.0
2023-11-03,18.055246353149414,18.21938502332661,17.765588901409128,18.055246353149414,148828192.0
2023-11-06,18.190418629294545,18.489729670413357,18.190418629294545,18.3062801361084,115618682.0
2023-11-07,18.286972045898438,18.44145529059064,18.190419557569427,18.286972045898438,109573428.0
2023-11-08,18.393175632475003,18.54765885622731,18.064898321605025,18.13248634338379,111388376.0
2023-11-09,17.98765756953586,18.22903784838494,17.92007138611178,18.113176345825195,114760074.0
2023-11-10,18.122832565681197,18.663523898160463,18.122832565681197,18.47041893005371,161272826.0
2023-11-13,18.528350138178578,18.740764113923735,17.95869255065918,17.95869255065918,127653100.0
2023-11-14,18.035935834666766,18.422143936157227,17.84283086312879,18.422143936157227,127147646.0
2023-11-15,18.499384793507488,18.83731755896925,18.364212423956953,18.480073928833008,160820534.0
2023-11-16,18.48007349550147,18.624903135578613,18.422142744421837,18.489728927612305,90356922.0
2023-11-17,18.499384793507488,18.67317889240699,18.431798608732223,18.480073928833008,130258346.0
2023-11-20,18.615247623205978,19.233180542952116,18.59593675906757,19.11731719970703,193782582.0
2023-11-21,19.242835331359206,19.909045389167005,19.194558172628028,19.84145736694336,217071572.0
2023-11-22,19.82214870917444,19.87042402720714,19.522835844298598,19.667665481567383,84616866.0
2023-11-23,19.667665821892438,19.696630276579118,18.99180030822754,18.99180030822754,112429494.0
2023-11-24,18.99180037604842,19.609733299375897,18.933869624882814,19.53249168395996,144518588.0
2023-11-27,19.600076952709053,20.053873033490696,19.600076952709053,19.928354263305664,125438764.0
2023-11-28,19.899390892748553,20.25663267622411,19.658010612503023,19.8221492767334,142423900.0
2023-11-29,19.85111210991168,20.16007854872972,19.783525931618385,19.899389266967773,175538680.0
2023-11-30,19.92835560954792,20.092494275934467,19.735252487766076,19.77387237548828,127065124.0
2023-12-01,20.024908403852674,20.17939164032405,19.484217076202864,19.600078582763672,119219186.0
2023-12-04,19.658010657553422,19.69663054485681,19.310422463895968,19.320077896118164,106430006.0
2023-12-05,19.36835365038696,19.58076948087237,19.300767464899945,19.310422897338867,147464274.0
2023-12-06,19.358697987516713,19.426286013784647,18.731109619140625,18.731109619140625,159026836.0
2023-12-07,18.789039053336534,19.26214599609375,18.653866693454635,19.26214599609375,100901528.0
2023-12-08,19.262146882010573,19.320077632969305,18.94352498935949,18.99180030822754,86046734.0
2023-12-11,19.00145323258483,19.030417683448903,18.586278915405273,18.586278915405273,106207704.0
2023-12-12,18.58628114715095,18.702144489274897,18.48972866897855,18.538005828857422,114449164.0
2023-12-13,18.46076493177509,18.538006548996513,18.22903823852539,18.22903823852539,102802542.0
2023-12-14,18.393176135045408,18.97248916073821,18.383522544684247,18.91455841064453,135926964.0
2023-12-15,18.92421484570267,20.22766876220703,18.846973227621657,20.22766876220703,253935792.0
2023-12-18,20.227669023877976,20.700774170942587,20.09249480929847,20.179391860961914,208294590.0
2023-12-19,20.198702886072457,21.019396246289535,20.15042756435959,20.88422203063965,328693046.0
2023-12-20,20.855256981032863,20.855256981032863,20.179391446764384,20.314565658569336,139698278.0
2023-12-21,20.33387456487212,20.816635131835938,20.33387456487212,20.816635131835938,150275996.0
2023-12-22,20.855254841322072,21.029048923250752,20.218011101973737,20.275941848754883,132863036.0
2023-12-25,20.131115874291797,20.160080329498687,19.406975028753138,19.60973358154297,70267560.0
2023-12-26,19.715940949996032,19.92835492917972,19.300766582040563,19.580768585205078,103430716.0
2023-12-27,19.58076953043888,20.015252941777586,19.397319996805855,19.85111427307129,146259336.0
2023-12-28,19.909044664878078,20.285597281355788,19.851112076508247,20.024906158447266,102530590.0
2023-12-29,20.015253710829178,20.227669550014003,19.764217981892436,19.793184280395508,85032972.0
2024-01-02,19.938009083575206,20.546288369327446,19.938009083575206,20.401458740234375,174869698.0
2024-01-03,20.36284054397411,20.36284054397411,19.841458255831544,19.94766616821289,91655718.0
2024-01-04,19.9476669723802,20.43042755126953,19.754562004190287,20.43042755126953,135478264.0
2024-01-05,20.430426641407767,20.71042864865481,20.304909706783995,20.575254440307617,111756182.0
2024-01-08,20.67180632218495,20.980772775324095,20.67180632218495,20.922842025756836,136151256.0
2024-01-09,20.990426464888056,21.154565109692186,20.633184723693002,20.710426330566406,136930602.0
2024-01-10,20.72973771774451,22.01388072961213,20.61387621499945,21.7435359954834,359701714.0
2024-01-11,21.666294755486003,21.898019606579627,21.15456789166337,21.19318962097168,267907790.0
2024-01-12,21.0966373990821,21.386293006119754,20.980774051315773,21.144912719726562,171596746.0
2024-01-15,21.24146331644021,21.627671372058433,21.231807884851595,21.270429611206055,146333548.0
2024-01-16,21.280085437631456,21.589051887858687,21.11594678075008,21.38629150390625,166401716.0
2024-01-17,21.280085309607053,21.289738899731432,20.942152566109588,20.97111701965332,122858160.0
2024-01-18,21.04835989902789,21.280086590841346,20.526979446411133,20.526979446411133,167444494.0
2024-01-19,20.604221372262685,20.739393743193915,20.275944035785045,20.353185653686523,110793980.0
2024-01-22,20.324220117818044,20.633188442584768,20.27594479541554,20.295255661010742,129824864.0
2024-01-23,20.517324167368447,20.70077369909707,20.314565612498985,20.440082550048828,153498680.0
2024-01-24,20.52697872969928,20.633186639606684,20.005596453701493,20.459392547607422,235912360.0
2024-01-25,20.61387748784826,20.845602349232124,20.478703270851888,20.67180824279785,171059490.0
2024-01-26,20.662151746483286,20.96146278016592,20.59456556225676,20.903532028198242,191940196.0
2024-01-29,21.029051107018255,21.28974041539739,21.019395674621187,21.106292724609375,177045334.0
2024-01-30,21.2800856381898,21.357327251474587,20.91318659389807,20.922842025756836,155385472.0
2024-01-31,20.932496125368083,21.154565519230083,20.797323771119075,20.8262882232666,166307930.0
2024-02-01,20.874567871836017,21.22215423020334,20.86491243943895,21.106292724609375,212889606.0
2024-02-02,21.19318975515099,21.299395828250432,20.903532308261006,20.98077392578125,239157502.0
2024-02-05,21.038705217490307,21.26077462391331,20.961461763167197,21.00973892211914,176130514.0
2024-02-06,21.07732537308553,21.502155169378508,20.864911395731706,21.338016510009766,303763708.0
2024-02-07,21.48284528030356,21.975261280752456,21.48284528030356,21.7338809967041,321790932.0
2024-02-08,21.801466553312952,22.07181312662706,21.569741708294593,21.955949783325195,279540794.0
2024-02-09,22.187674310812987,22.54491792609459,22.187674310812987,22.380779266357422,242384076.0
2024-02-12,22.67043398132036,22.680089412882698,22.197328884277486,22.400089263916016,197502782.0
2024-02-13,22.458020417877254,22.93112552347664,22.22629558094604,22.264915466308594,413752274.0
2024-02-14,22.29388260962395,22.515952023266166,21.84974194075414,22.496641159057617,272179478.0
2024-02-15,22.689745125079607,22.863539212180672,22.515951037978542,22.72836685180664,293333436.0
2024-02-16,22.84422724870812,24.355268164808216,22.757330209342285,23.71319580078125,670126990.0
2024-02-19,23.983544784258754,24.080097264640777,23.07595441520438,23.326990127563477,345804584.0
2024-02-20,23.452508818370024,23.954578399658203,23.32699004185894,23.954578399658203,329760648.0
2024-02-21,24.572511850547688,24.62078716718256,23.114574820834097,23.48147201538086,651323414.0
2024-02-22,23.568369683216055,23.57802511511598,23.075953705831843,23.259403228759766,307524748.0
2024-02-23,22.863540543729606,22.892504998876447,22.448366165161133,22.448366165161133,307203412.0
2024-02-26,22.48698723306986,22.50629625540498,22.004226684570312,22.004226684570312,260505144.0
2024-02-27,22.004226719729797,22.77664286192914,21.955949559851497,22.670434951782227,537585346.0
2024-02-28,22.72836699955977,23.57802473563976,22.25526005200449,22.641469955444336,972826256.0
2024-02-29,22.71871144699071,22.94078085117788,21.955948917497437,21.97525978088379,509331824.0
2024-03-01,22.062157071501804,22.419398840221834,21.9945708904783,22.17801856994629,370724344.0
2024-03-04,22.255260358336496,22.660779289261846,21.984915632109814,22.21664047241211,438864056.0
2024-03-05,22.303537861328362,22.438710226524147,21.917329788208008,21.917329788208008,242060306.0
2024-03-06,21.89802073550451,22.11043473289471,21.26077690174839,21.376638412475586,265443154.0
2024-03-07,21.492501806061313,22.042848587036133,21.463535507531134,22.042848587036133,245728436.0
2024-03-08,22.0428471348343,22.26491655084568,21.869053038273954,22.158710479736328,258663076.0
2024-03-11,22.46767570974256,22.57388177501737,22.033190492210597,22.10077667236328,251909314.0
2024-03-12,22.28422770286002,22.303538567523816,21.77250083878193,21.859397888183594,295771686.0
2024-03-13,21.849741469401966,21.898018628881886,21.463533401489258,21.463533401489258,240473720.0
2024-03-14,21.521466754078034,21.743536170784257,21.328361792498907,21.405603408813477,177433518.0
2024-03-15,21.589053549503728,21.869053725978443,21.309051531443565,21.4345703125,145841218.0
2024-03-18,21.47318771307436,21.579395616803716,21.28008460998535,21.28008460998535,167190204.0
2024-03-19,21.280086300086637,21.482844850671317,21.24146457145029,21.366981506347656,149797622.0
2024-03-20,21.376636083161287,21.56974103544553,21.135255813598633,21.135255813598633,163962130.0
2024-03-21,21.2897396507682,21.511810904754142,21.144911853184578,21.164222717285156,255461090.0
2024-03-22,21.23180935865742,21.35732813643702,20.845601276230564,20.903532028198242,156785984.0
2024-03-25,20.855256579054597,21.35732800388618,20.73939323425293,20.73939323425293,202412378.0
2024-03-26,20.75870159910266,20.835943205808007,20.044216276681905,20.333871841430664,246038548.0
2024-03-27,20.372494467029597,20.488355961421735,20.189044952392578,20.189044952392578,131759980.0
2024-03-28,20.275941096797947,20.52697677898662,20.266285665761632,20.333871841430664,126430314.0
2024-03-29,20.42077211870149,20.507669170228404,20.31456604362395,20.43042755126953,134363690.0
2024-04-01,20.430427171743595,20.49801335687891,19.928355737044917,19.938011169433594,142733786.0
2024-04-02,20.16973560722587,20.198701903796227,18.779386520385742,18.779386520385742,209911148.0
2024-04-03,18.76973137419398,18.97248992851979,18.451109473406703,18.480073928833008,143711818.0
2024-04-04,18.509038003484587,19.320075806578217,18.499382572306665,19.030418395996094,184097694.0
2024-04-05,19.069042676947603,20.111805443340057,19.069042676947603,19.976633071899414,218817008.0
2024-04-08,20.082838191361308,20.324218466938177,19.889735075851025,20.246976852416992,164648494.0
2024-04-09,20.246976852416992,20.246976852416992,20.246976852416992,20.246976852416992,0.0
2024-04-15,20.246977199413966,20.34352967961652,19.938010736034098,19.94766616821289,133819962.0
2024-04-16,19.840158385209463,20.133363825826223,19.742425102480087,19.80106544494629,128332462.0
2024-04-17,20.0258544505955,20.182229935816775,19.537180593243313,19.605594635009766,121225148.0
2024-04-18,19.722875676419235,19.928117786061513,19.546952802930036,19.7619686126709,124755440.0
2024-04-19,19.54695242530338,20.24086834161318,19.537178725393613,20.14313507080078,170913596.0
2024-04-22,20.27019086895762,20.58294183152648,20.27019086895762,20.319059371948242,150513424.0
2024-04-24,20.47543403625422,20.622035811091052,20.29951116079294,20.37769889831543,108882036.0
2024-04-25,20.387472921171096,20.573167635636583,20.221323743288526,20.32883071899414,139652856.0
2024-04-26,20.397246272733685,21.012974471920664,20.38747257253799,20.915239334106445,262320532.0
2024-04-29,21.042296026888838,21.443008422851562,20.91523978574393,21.443008422851562,188386342.0
2024-04-30,21.37459574164373,21.394141279555807,20.98365515711644,21.04229736328125,137678860.0
2024-05-02,21.169350838505007,21.941456409204566,21.14980343729021,21.80462646484375,264264702.0
2024-05-03,21.71666543548767,21.882814620679774,21.35504782686785,21.589611053466797,190218882.0
2024-05-06,21.677571721007844,21.687345421451028,21.34527336251063,21.482101440429688,145052904.0
2024-05-07,21.540744117994656,22.400809270386226,21.511423016018668,22.215112686157227,342279970.0
2024-05-08,22.224886104738676,22.449675624606517,22.03918952286653,22.09783172607422,170226826.0
2024-05-09,22.332394333466905,22.53763644663175,21.863267905539214,22.23465919494629,233046066.0
2024-05-10,22.52786304016932,23.290194893601033,22.47899640234306,22.889482498168945,410894484.0
2024-05-13,23.006765324877527,23.358609222716353,22.635372161865234,22.635372161865234,268129136.0
2024-05-14,22.645147075301022,23.124047241347522,22.430131244874897,22.733108520507812,233547608.0
2024-05-15,22.781975037820523,22.781975037820523,21.88281505270148,21.951229095458984,237682706.0
2024-05-16,22.029418606328175,22.32262217803847,21.824174614816695,22.283527374267578,185021572.0
2024-05-17,22.322622348878287,22.90903136092963,22.303074946843243,22.89925765991211,293333360.0
2024-05-20,22.899257590371793,23.730003532909823,22.899257590371793,23.436798095703125,325440340.0
2024-05-21,23.48566513623047,24.07207224579366,23.084952741429014,23.42702293395996,632573160.0
2024-05-22,23.534532747383448,24.00365920009447,23.368383562363775,23.612720489501953,320168958.0
2024-05-23,23.661586438309627,24.14048844196129,23.65181460195513,23.7104549407959,279972428.0
2024-05-24,23.69090630340298,24.189353817893046,23.602944867661044,24.150259017944336,284185376.0
2024-05-27,24.238220162700078,24.345728997125693,23.993883258381963,24.032978057861328,290808934.0
2024-05-28,24.07207128218958,24.50699254297699,23.91569581068007,24.150259017944336,305348742.0
2024-05-29,24.189353716652025,24.218674816490836,23.739774703979492,23.739774703979492,193523540.0
2024-05-30,23.739776080969374,24.052527040820074,23.60294613792762,23.91569709777832,214938820.0
2024-05-31,23.984112670673372,24.26754252507655,23.260873755812327,23.42702293395996,276176252.0
2024-06-03,23.524758751299146,24.35550466596932,23.32929033052797,24.238222122192383,325692702.0
2024-06-04,24.27731733989089,24.824631537207278,23.974340070822883,24.02320671081543,324092816.0
2024-06-05,24.052527206546557,24.189355286388317,23.39770418079377,23.78864288330078,300175008.0
2024-06-06,23.857056271293168,24.27731606405754,23.67135969362322,23.72022819519043,210765226.0
2024-06-07,23.798416091768903,23.905923067646025,23.290194856947583,23.42702293395996,140512222.0
2024-06-10,23.36838405053003,23.39770515349054,22.64514695478972,22.694013595581055,119415122.0
2024-06-11,22.70378465244156,23.06540409026825,22.518089947746567,22.586503982543945,143249070.0
2024-06-12,22.596278278960803,23.456343382773035,22.527862378214525,23.35860824584961,199171476.0
2024-06-13,23.544304531880645,24.414143325170137,23.544304531880645,24.150259017944336,241817894.0
2024-06-14,24.247994595818827,25.435472135845092,24.228449059630737,25.21556854248047,370220710.0
2024-06-20,25.606510765808082,26.461690012664267,25.020101766563847,26.315086364746094,272302428.0
2024-06-21,26.290653814732725,26.339522320184177,25.484343048283947,25.679811477661133,191389428.0
2024-06-24,25.60650891988067,26.144049376354243,25.411038646176088,26.046314239501953,250171890.0
2024-06-25,26.021881811959403,26.14405027117048,25.435472834917682,25.655376434326172,170814710.0
2024-06-26,25.72867790500114,25.948579637271095,25.044533797082288,25.43547248840332,233238526.0
2024-06-27,25.533208136288625,26.217352257846287,25.1667027563419,25.89971351623535,311196978.0
2024-06-28,26.070749651143018,26.608292014923567,25.85084790574576,26.021883010864258,339721510.0
2024-07-01,26.217352826808522,26.55942303086811,25.044534839869698,25.28887176513672,330725628.0
2024-07-02,25.288871421797182,25.63094348535536,24.824630897264136,25.068967819213867,246142528.0
2024-07-03,25.240005532094543,27.04809731686582,25.2155703478602,26.828195571899414,442655566.0
2024-07-04,26.828195387961753,27.17026559518326,26.6082917803602,26.852628707885742,429737096.0
2024-07-05,26.950363667285206,27.41460233509239,26.75489338094538,26.87706184387207,345199634.0
2024-07-08,27.0236627693229,27.46346996756474,26.657157392168948,26.730459213256836,302058536.0
2024-07-09,26.828194677884888,26.999229776968757,26.461689296297077,26.681591033935547,259297716.0
2024-07-10,26.7304600611886,27.26800055240892,26.559423094605553,26.87706184387207,291696116.0
2024-07-11,27.096964939099216,27.268000038314874,26.92592797574079,26.950363159179688,253957852.0
2024-07-12,26.999229431152344,27.219133030116975,26.901494291152204,26.999229431152344,221257976.0
2024-07-16,27.096966416459324,27.805543899536133,27.023664590431668,27.805543899536133,314193688.0
2024-07-17,27.756674180012567,27.9521444647742,27.41460211375111,27.707807540893555,307333854.0
2024-07-18,27.854408295430893,28.147611847620446,27.170264188131643,27.31686782836914,281409608.0
2024-07-19,28.098747069129274,28.440819145408113,26.80376058898183,28.123180389404297,752945908.0
2024-07-22,28.123179661804265,29.442599428090837,28.025444519089927,29.0272274017334,644116678.0
2024-07-23,29.002792041028016,29.149395686276627,28.416384916604716,28.514118194580078,330994508.0
2024-07-24,28.489683528064237,28.75845375807431,28.123178160557043,28.172046661376953,226930494.0
2024-07-25,28.172048255908994,28.367516677824018,27.390168975820483,27.683374404907227,230929516.0
2024-07-26,27.683373877303158,27.854408976236982,27.46347027571484,27.487903594970703,168393228.0
2024-07-29,27.243567020596483,27.341302163005658,26.901494954235773,27.170265197753906,171064074.0
2024-07-30,27.243566008250394,27.536769560439943,27.07253091349694,27.31686782836914,202263280.0
2024-07-31,27.268000680177625,27.585639430932495,27.145832216678496,27.390169143676758,189991842.0
2024-08-01,27.634505692839937,28.269781321521002,27.56120573422835,27.976577758789062,234768878.0
2024-08-02,27.561205793641573,27.73224089491344,26.803759837356136,26.9014949798584,217092502.0
2024-08-05,25.166703341568308,25.777545655684044,24.384825925157287,24.482559204101562,314075736.0
2024-08-06,24.97123365404621,25.117837304262856,24.14048957824707,24.14048957824707,207837616.0
2024-08-07,24.296863480415524,24.873498750282867,24.267542379456216,24.629161834716797,267855428.0
2024-08-08,24.555859480878173,25.533207121908152,24.53142616268096,25.508773803710938,192319324.0
2024-08-09,25.655377354991366,25.826412458367514,24.67802964622979,24.726896286010742,156741222.0
2024-08-12,24.922364915860864,25.142268508535235,24.04275240930608,24.10139274597168,202171674.0
2024-08-13,24.14048957824707,24.335958004964517,23.788643800355675,24.14048957824707,238349172.0
2024-08-14,24.267541838102055,24.531426148420998,24.062299728393555,24.062299728393555,200145184.0
2024-08-15,24.130715021787836,24.482558923062523,23.993885077379495,24.365278244018555,225260074.0
2024-08-16,24.653597200117645,24.751332347286315,23.759323120117188,23.759323120117188,270930868.0
2024-08-19,23.876604119183856,24.081846237182617,23.573626860362598,24.081846237182617,221615682.0
2024-08-20,24.03297829652135,24.365276638825296,23.945016860961914,23.945016860961914,186746618.0
2024-08-21,23.984113448948357,24.228450373909237,23.82773610196202,23.90592384338379,187097716.0
2024-08-22,24.091621073460573,24.404372047522767,24.003659628987723,24.14048957824707,186190842.0
2024-08-23,24.199129406786547,24.267543447894305,23.544306369673585,23.573627471923828,171555590.0
2024-08-26,23.70068191382713,23.730003016152143,22.821069349647672,22.869935989379883,168927882.0
2024-08-27,22.86993582193539,23.172913087170997,22.82106918256096,23.16314125061035,170228774.0
2024-08-28,23.163139550022215,23.456343093028,23.11427105009281,23.2413272857666,109731808.0
2024-08-29,23.290195380136495,23.984113209450395,23.260874278342573,23.622493743896484,244786000.0
2024-09-02,23.739775600931075,24.140487993154885,23.72022820029998,24.09161949157715,155635408.0
2024-09-03,24.14048786188287,24.20890189957695,23.632266633094392,23.681133270263672,124206972.0
2024-09-04,23.43679724630667,23.583399027525452,23.094725180700994,23.29019546508789,125007752.0
2024-09-05,23.446570012548882,23.749547263545832,23.30974193741659,23.47589111328125,135860298.0
2024-09-06,23.41725079326342,23.466119298410348,23.084954278978625,23.10449981689453,86437764.0
2024-09-09,23.01653769345894,23.10449913598826,22.791748168836367,22.830842971801758,122400656.0
2024-09-10,22.879710307804846,23.124047241347522,22.733108520507812,22.733108520507812,187504656.0
2024-09-11,22.713560338965863,23.534532556627276,21.990323264196107,23.16314125061035,190499684.0
2024-09-12,23.20223435915878,23.260874699665994,22.33239549575433,22.869935989379883,175720614.0
2024-09-13,22.899255999663378,23.212006952977504,22.723333122388503,23.18268585205078,151730004.0
2024-09-16,23.192459311433886,23.524757661913874,23.163140074954462,23.270647048950195,212788186.0
2024-09-17,23.358608415744428,23.710454165570773,23.358608415744428,23.60294532775879,161798832.0
2024-09-18,23.5833993085311,23.837509935604782,23.319516844850146,23.573627471923828,141466452.0
2024-09-19,23.847281774912492,24.160032717931514,23.74954663918338,24.150259017944336,159774010.0
2024-09-20,24.13071482132559,24.72689564048911,24.11116742026639,24.287090301513672,190839036.0
2024-09-23,24.43369257514099,24.555861038016698,24.02320646531291,24.111167907714844,136735208.0
2024-09-24,24.555861196408355,25.068968370967426,24.433692732744632,24.995668411254883,213345976.0
2024-09-25,25.068969399926797,25.38660816414713,24.9223676103416,25.11783790588379,204642258.0
2024-09-26,25.264438472772586,25.582075357477688,24.775764621709836,25.02010154724121,205775270.0
2024-09-27,25.11783746558598,25.70424461364746,25.044535640006863,25.70424461364746,223989992.0
2024-09-30,25.82641185456604,26.412820838941762,25.801978535246796,26.14405059814453,206545742.0
2024-10-01,25.899712659923217,26.021881115866254,25.11783528754488,25.753110885620117,173120122.0
2024-10-02,25.63094404947768,25.704244009190223,24.995668411254883,24.995668411254883,161714434.0
2024-10-03,25.04453525543213,25.435473969517624,24.29686484823469,24.433692932128906,163118342.0
2024-10-04,24.580294206224362,24.580294206224362,24.08184665706731,24.506994247436523,197002200.0
2024-10-07,24.726896549648753,24.87350019884033,24.218677152422643,24.26754379272461,146430780.0
2024-10-08,24.091620737405297,24.120941839868195,23.231555570731352,23.28042221069336,232656698.0
2024-10-09,23.290193921553346,23.34883425732597,23.045857014334302,23.2413272857666,147752986.0
2024-10-10,23.329290065025194,23.60294622381901,23.12404608178706,23.212007522583008,208530690.0
2024-10-11,23.788643163322536,24.26754331254872,23.534532537666085,23.90592384338379,304171280.0
2024-10-14,23.95479153020095,23.993884467507687,23.32928962015125,23.593172073364258,254364844.0
2024-10-15,23.514984537010733,23.769095156191337,23.251102081526383,23.67136001586914,218792780.0
2024-10-16,23.583398894554477,24.1600341796875,23.505211154069123,24.1600341796875,204976050.0
2024-10-17,24.023206062505494,24.208902644922897,23.808190242540928,23.954792022705078,199415508.0
2024-10-18,24.023206772902995,24.277317402635198,23.485666275024414,23.485666275024414,194496812.0
2024-10-21,23.495438794656405,23.690907209447534,23.15336673859351,23.22178077697754,125114878.0
2024-10-22,23.27064741463964,23.514984331235603,22.781973581447712,23.22178077697754,193603010.0
2024-10-23,23.387931166041238,23.554080352496726,22.234660561719945,22.576732635498047,220041376.0
2024-10-24,22.694012904127323,22.967670930992256,22.694012904127323,22.791748046875,92095476.0
2024-10-25,22.791748080450628,23.192460488577886,22.645146298184546,23.16314125061035,93373928.0
2024-10-28,23.270647376385767,23.427022853618706,23.15336670053243,23.387929916381836,42635956.0
2024-10-30,23.38793036251864,23.5638532437972,23.31951632294204,23.378156661987305,145297340.0
2024-10-31,23.368384550918755,23.58340038480477,22.967672122592194,23.260875701904297,182262144.0
2024-11-01,23.309742257704418,23.642040613999686,23.309742257704418,23.42702293395996,160003700.0
2024-11-04,23.319517561892507,23.3879316051039,22.830843694219272,22.938350677490234,97754528.0
2024-11-05,23.03608447875428,23.397703939940026,22.928575637617993,23.339061737060547,111208424.0
2024-11-06,23.212007675396478,23.9547921447063,22.90903041296181,23.827735900878906,247302346.0
2024-11-07,23.847283338576037,24.24799574361166,23.759321897066485,24.199129104614258,143820804.0
2024-11-08,24.140489301639644,25.0689685122302,24.091620797413093,24.971233367919922,155703152.0
2024-11-11,24.97123200874821,25.33773738185592,24.775763594909733,24.897932052612305,127493624.0
2024-11-12,24.92236571450153,24.99566753578952,24.555860336347095,24.580293655395508,120643456.0
2024-11-13,24.458126068115234,24.824631459338168,24.189355820713644,24.458126068115234,184381314.0
2024-11-14,24.531428014737923,25.11783701645675,24.48255951051137,24.971233367919922,124743842.0
2024-11-15,24.99566753578952,25.093400811983166,24.506993698250273,24.580293655395508,86981482.0
2024-11-18,24.65359669378345,24.946800265124782,24.404371980414755,24.678030014038086,169584464.0
2024-11-19,24.922365714419477,24.995667535707224,24.14048832001636,24.20890235900879,161734990.0
2024-11-20,24.277315301883483,24.384824137813435,23.37815540684548,23.446569442749023,138632806.0
2024-11-21,23.602945822091304,24.404370612020358,23.53453178355727,24.335956573486328,188362382.0
2024-11-22,24.32618372081936,24.60472766692471,24.19912933970612,24.482559204101562,216333010.0
2024-11-25,24.65359600333744,25.02010138932122,24.458125718488972,24.77576446533203,174952674.0
2024-11-26,24.775764633362797,24.775764633362797,24.32618372081936,24.482559204101562,112239100.0
2024-11-27,24.726896722542264,24.86372667180161,24.06230183473152,24.14048957824707,106717777.0
2024-11-28,24.120941554419097,24.726896085005485,24.062301214330077,24.64870834350586,136396331.0
2024-11-29,24.64870789632927,25.352399421202325,24.492332416166985,25.19602394104004,197071533.0
2024-12-02,25.098288518847262,25.684697494960492,25.02010077964168,25.45013427734375,156157890.0
2024-12-03,25.46968160225123,25.762887042965023,25.25466577037542,25.411041259765625,141492381.0
2024-12-04,25.508773803710938,25.762884414075856,25.43058606699425,25.508773803710938,146054480.0
2024-12-05,25.60650942567544,25.704242700315532,25.235116271129296,25.33285140991211,104054737.0
2024-12-06,25.508774286892628,25.60650942567544,25.33285140991211,25.33285140991211,131239481.0
2024-12-09,25.958354173678043,27.228907291573705,25.880166432895447,26.38838768005371,516943996.0
2024-12-10,26.290652299129206,26.486122581380798,25.430587158336305,25.567415237426758,248485583.0
2024-12-11,25.62605627051232,25.684698475261747,25.196024620540086,25.469680786132812,177046026.0
2024-12-12,25.60651044255391,26.036542087647227,25.60651044255391,25.723791122436523,167697507.0
2024-12-13,25.48922661834807,25.95835304260254,25.391491480592713,25.95835304260254,147167381.0
2024-12-16,26.056089784627368,26.114730125233976,25.450135248692487,25.469680786132812,96680918.0
2024-12-17,25.489227497354676,25.801978457643003,25.27421167819214,25.567415237426758,138114217.0
2024-12-18,25.606510042501732,25.606510042501732,24.981006257709822,25.19602394104004,112695782.0
2024-12-19,24.98100691398589,25.117836860829627,24.668255945445036,24.726896286010742,126600991.0
2024-12-20,24.765990605245346,24.863725747040412,24.472787044002924,24.53142738342285,135020019.0
2024-12-23,24.629163098628513,24.82463152262672,24.27731732563179,24.39459800720215,100428642.0
2024-12-24,24.39459874614499,24.531428697645588,24.003660022163732,24.296865463256836,115614813.0
2024-12-25,24.707350142197917,24.707350142197917,24.472786921549105,24.492332458496094,92731054.0
2024-12-26,24.609614303404673,24.805082716333988,24.023205336331287,24.21867561340332,170870702.0
2024-12-27,24.25776895737334,24.55097437790133,24.218676019788592,24.375051498413086,129319532.0
2024-12-30,24.414144516527,24.472786719311674,24.042753219604492,24.042753219604492,93895290.0
2024-12-31,24.023207207253726,24.35550558566988,23.8472843170166,23.8472843170166,129517619.0
2025-01-02,23.945016860961914,24.04275199648825,23.749546589909244,23.945016860961914,120042510.0
2025-01-03,24.06230090218789,24.375051864129304,24.023206099873825,24.1600341796875,192518694.0
2025-01-06,24.29686302038061,24.33595595677678,24.08184534570225,24.10139274597168,157062603.0
2025-01-07,24.081846737166455,24.12094153996424,23.53453254699707,23.53453254699707,194578399.0
2025-01-08,23.593173683506635,23.671361427598857,23.10449981689453,23.10449981689453,179953540.0
2025-01-09,23.202234589299565,23.378157476708978,23.08495390712184,23.319517135620117,143878931.0
2025-01-10,23.35860795731185,23.593171164545012,23.163139550022215,23.2413272857666,168118400.0
2025-01-13,23.202234577851495,23.22178197958575,22.51809229443812,22.576732635498047,155856367.0
2025-01-14,22.6940125843967,22.850388064932723,22.224886142788627,22.30307388305664,138026772.0
2025-01-15,22.36171332834564,22.459448465809533,22.088057180417984,22.322620391845703,131907730.0
2025-01-16,22.576731416105126,22.635371753997827,22.24443306114193,22.47899627685547,140909239.0
2025-01-17,22.49854477145629,22.654920256201926,22.45944996819847,22.53763771057129,171252235.0
2025-01-20,22.61582394009468,22.71355907755857,22.263980055024447,22.322620391845703,174810791.0
2025-01-21,22.263981435850617,22.4985446618261,22.127151489257812,22.127151489257812,156252861.0
2025-01-22,22.166247230758156,22.303075319000918,22.04896468073372,22.107606887817383,153562668.0
2025-01-23,22.205339353323993,22.381262239808446,22.127151610902327,22.16624641418457,209526706.0
2025-01-24,22.20533806503225,22.772199630737305,22.12715032714682,22.772199630737305,223507422.0
2025-01-27,22.59627914428711,22.79174756147675,22.400808862954708,22.59627914428711,203826237.0
2025-01-28,22.69401262378584,22.830842567599433,22.518091605984555,22.674467086791992,159958146.0
2025-01-29,22.772201562118184,22.81129636644801,22.40081024169922,22.40081024169922,147655993.0
2025-01-30,22.478997986215994,22.654920877414458,22.38126283953431,22.40081024169922,196800223.0
2025-01-31,22.439901966429844,22.518091570854356,21.873040383351537,21.931682586669922,144801922.0
2025-02-03,21.61893158945088,21.6580245274551,20.993427804098445,21.18889808654785,207918792.0
2025-02-04,21.30618057095386,21.75576151304401,21.227992824174216,21.521198272705078,221157641.0
2025-02-05,21.48210074228146,21.57983587939424,21.110709458224136,21.208444595336914,174105453.0
2025-02-06,21.306179860761038,22.08805916663825,21.286634322824828,21.990324020385742,189513165.0
2025-02-07,22.029417369084715,22.928575435601406,21.951227765934316,22.889482498168945,286916962.0
2025-02-10,22.674467171983395,22.909030394075845,22.18579332658843,22.3421688079834,227219906.0
2025-02-11,22.342169196529333,22.869935989379883,22.06851116725765,22.869935989379883,222178920.0
2025-02-12,22.869935989379883,23.241329162258797,22.674467566308234,22.869935989379883,276503829.0
2025-02-13,22.850388386866484,23.104499012353322,22.654919965513933,22.791748046875,184322025.0
2025-02-14,22.811294555664062,23.182685846601608,22.674466479656978,22.811294555664062,224378431.0
2025-02-17,22.81129596868068,23.299969829425095,22.791748566856622,22.987218856811523,162200035.0
2025-02-18,22.948123442236188,23.22178146805913,22.674467280556033,23.124046325683594,200108994.0
2025-02-19,23.182687355426744,23.26087509882568,22.244434434639533,22.283527374267578,230298182.0
2025-02-20,22.28352688325948,22.811295537680262,22.28352688325948,22.459449768066406,131089198.0
2025-02-21,22.47899755956523,22.752655592251358,21.501649839584132,21.8730411529541,212580528.0
2025-02-24,22.107604641162766,22.12715017739481,21.482100878169888,21.61893081665039,111915772.0
2025-02-25,21.579836294819827,21.67757143381407,21.36482048034668,21.36482048034668,118321907.0
2025-02-26,21.384366989135742,21.579837276011865,21.227991505291968,21.384366989135742,127865316.0
2025-02-27,21.40391374359819,22.107605263764952,21.40391374359819,21.85349464416504,224927754.0
2025-02-28,21.736213880633453,22.24443516140239,21.560290986202446,21.814401626586914,310004171.0
2025-03-03,21.951229216227592,22.36171533917384,21.873041472054158,21.990324020385742,214053868.0
2025-03-04,21.99032384078382,22.146699327853522,21.42346223412044,21.54074478149414,152738154.0
2025-03-05,21.75576011372973,23.241329071135212,21.75576011372973,23.202234268188477,407354374.0
2025-03-06,23.41724963591499,24.120941162109375,23.163140878281208,24.120941162109375,343131107.0
2025-03-07,24.04275370142121,24.335957264649366,23.788643076690164,24.238222122192383,182981993.0
2025-03-10,24.238221224610594,24.453238902882052,23.730001858111514,23.886377334594727,155259603.0
2025-03-11,23.945019560698107,24.746444406915753,23.847284414152398,24.257770538330078,275981567.0
2025-03-12,24.453241046968717,24.88327271293183,24.296865556774332,24.707351684570312,213764815.0
2025-03-13,24.8246317516194,25.117837186535592,24.590068522172153,24.844179153442383,235974553.0
2025-03-14,24.92236729405612,25.27421307590969,24.765991805264058,25.00055503845215,226676697.0
2025-03-17,25.117837587117627,25.156930527244207,24.805084745390637,25.00055503845215,150167338.0
2025-03-18,24.746442716537327,25.196023614280495,24.707349779075123,25.0787410736084,223500658.0
2025-03-19,23.260874918911423,24.238222635910102,22.576732635498047,22.576732635498047,273883906.0
2025-03-20,22.59627974643784,23.671360729986766,22.498544603167172,22.830842971801758,232009741.0
2025-03-21,22.47899615972083,22.63537163604834,20.563395642637474,20.62203598022461,261013345.0
2025-03-24,21.071614657721952,21.403913005419778,19.85970380429451,21.208444595336914,247449097.0
2025-03-25,21.599383946339362,22.459449078364944,21.443008467789255,22.185792922973633,198988970.0
2025-03-26,21.794852843317393,22.166246011175037,21.599384422888498,22.009870529174805,160004441.0
2025-03-27,22.16624560239793,22.51809136248131,21.75575950368157,21.85349464416504,152557370.0
2025-03-28,21.75575990488873,22.068510868889195,21.48210187931693,22.009870529174805,125170756.0
2025-04-02,21.990322520366796,22.322620876472648,21.912134781526756,22.146697998046875,138021765.0
2025-04-03,22.381261708248356,22.576731991731467,21.93168266603709,21.970775604248047,142842179.0
2025-04-04,21.892587538060475,21.931682339832726,21.11071014404297,21.11071014404297,153292074.0
2025-04-07,20.074722284871424,21.247538384891094,19.64468878279283,20.8175048828125,203039028.0
2025-04-08,21.208445284330846,21.364820763134347,20.97388020198284,21.11071014404297,121711337.0
2025-04-09,20.700224287977722,21.071615588439116,20.40701886368873,20.485206604003906,131817746.0
2025-04-10,21.286633186963133,21.345273525928423,20.8175048828125,20.8175048828125,128718223.0
2025-04-11,20.73931726497506,20.95433494935229,20.641583987504802,20.856599807739258,127459411.0
2025-04-14,21.012975483219794,21.540744134331064,20.993428081887643,21.30617904663086,107799101.0
2025-04-15,21.325726447963007,21.384366787816663,21.091163224405598,21.30617904663086,74559163.0
2025-04-16,21.13025644566131,21.227989716722018,20.89569137551618,21.05206871032715,94258738.0
2025-04-17,20.954334134889212,21.2084447475491,20.60248838441511,20.915239334106445,134327980.0
2025-04-18,20.95433433345625,20.973879869890144,20.58294117907137,20.62203598022461,71405925.0
2025-04-21,20.641583948777033,20.778412028292898,20.367925925602528,20.485206604003906,116120883.0
2025-04-22,20.56339604709067,20.837052203974885,20.348378364804205,20.778411865234375,129040825.0
2025-04-24,21.071616218377585,21.501649735038345,20.89569333137351,21.462554931640625,160253175.0
2025-04-25,21.46255565889733,22.205340171337706,21.36482237537701,22.107606887817383,221879856.0
2025-04-28,22.14669960598398,22.733108621931233,22.029418921280254,22.40081024169922,205926242.0
2025-04-29,22.2639817585064,22.791748558564066,22.127151809930616,22.244434356689453,159590760.0
2025-04-30,22.18579431289076,22.61582597377322,21.951229216227592,21.990324020385742,186168628.0
2025-05-02,22.185793830395564,22.90903091430664,22.127151625433687,22.90903091430664,149919144.0
2025-05-05,23.065406020801834,24.433692423700503,22.654919913517954,23.495439529418945,265995585.0
2025-05-06,23.35861084972263,23.495440802325454,23.104500211052123,23.260875701904297,123424533.0
2025-05-07,23.299969483278023,23.39770462680351,22.127151489257812,22.127151489257812,169854053.0
2025-05-08,22.24443465342246,22.850389204688295,21.482102749677875,22.733108520507812,115849085.0
2025-05-09,22.73310840186419,23.59317358322289,22.654920658104306,23.436798095703125,166791515.0
2025-05-12,24.29686556729086,24.29686556729086,23.651816203924103,23.964567184448242,176421682.0
2025-05-13,23.886378732409213,24.472787735608872,23.847283928929247,24.433692932128906,193269240.0
2025-05-14,24.433691093981242,24.609613968120737,24.10139274597168,24.10139274597168,218502860.0
2025-05-15,24.179581501244648,24.27731664256529,23.671360257691543,24.120941162109375,133520897.0
2025-05-16,24.238222122192383,24.531427549563332,24.062301102741163,24.238222122192383,151216362.0
2025-05-20,24.27731806102205,24.511881295410806,24.14048997366433,24.296865463256836,151023808.0
2025-05-21,24.33595777597626,24.33595777597626,23.690908432006836,23.690908432006836,114559898.0
2025-05-22,23.847282977159473,23.886377779079123,23.065405580194017,23.339061737060547,160285343.0
2025-05-23,23.358609264062192,23.495439207376542,22.948123162404677,23.006765365600586,123159873.0
2025-05-26,23.16314174494237,23.45634531573188,22.850388908185955,22.987218856811523,106425803.0
2025-05-27,23.006766927376685,23.35861084972263,22.94812472019995,23.260875701904297,167525604.0
2025-05-28,23.28042233213232,23.45634521954174,23.124046846466804,23.319517135620117,128167666.0
2025-05-29,23.47589249882703,23.573627642893868,23.241329271552317,23.28042221069336,188768524.0
2025-05-30,23.260874823363785,23.339062565836798,22.752655429360615,22.90903091430664,123409268.0
2025-06-02,22.75265339196307,23.045856933946105,22.4008076502693,22.49854278564453,135684819.0
2025-06-03,22.596278942925917,22.987217637964203,22.596278942925917,22.889482498168945,133313549.0
2025-06-04,22.928576239989738,23.280422009939144,22.889483301185805,23.202234268188477,145590979.0
2025-06-05,23.124046043706866,23.14359344477217,22.90903022441684,23.006765365600586,39607363.0
2025-06-10,23.163139689695306,23.710453843206302,23.104497489426407,23.651813507080078,156133115.0
2025-06-11,23.74954857217363,23.80819077686962,23.534532747383448,23.612720489501953,132007162.0
2025-06-12,23.86683013998777,24.49233205131918,23.63226692323849,24.335956573486328,384158094.0
2025-06-13,23.456344710822094,24.31640986332941,23.339062167045157,24.238222122192383,251915170.0
2025-06-16,24.3945975468266,25.528322586848926,24.160034323969743,25.313304901123047,340107518.0
2025-06-17,25.215570575879457,26.095185020270595,25.215570575879457,25.99744987487793,314994492.0
2025-06-18,26.016996954960604,26.388388265887286,25.762886325740105,25.88016700744629,327680157.0
2025-06-19,25.977901299739074,26.09518384174205,24.726895596326003,24.824630737304688,197391079.0
2025-06-20,25.078741909612596,25.76288604736328,24.609615459571284,25.76288604736328,310134810.0
2025-06-23,25.45013394928003,25.89971297788116,25.33285140991211,25.33285140991211,122650103.0
2025-06-24,26.056090619535937,26.056090619535937,25.411041259765625,25.411041259765625,206796293.0
2025-06-25,25.411038817502956,25.723789766224776,25.21556854248047,25.21556854248047,127888042.0
2025-06-26,25.313304908329723,25.528322594116815,24.844178462482446,24.941913604736328,116477941.0
2025-06-27,24.941913398424603,25.391492439273765,24.74644311553371,25.235116958618164,146871095.0
2025-06-30,25.274211990851924,26.19291748202823,25.2546645895564,26.056089401245117,230956196.0
2025-07-01,26.173372067577745,26.564310774607083,26.056089523397542,26.095184326171875,260445570.0
2025-07-02,26.22343982171877,27.723050079339604,26.164245224691246,27.05217170715332,408758207.0
2025-07-03,27.525732286581576,27.58492688369444,26.874586073053155,26.933780670166016,170294527.0
2025-07-04,26.973244918485086,27.34814654156376,26.83512356499752,27.111366271972656,162134487.0
2025-07-07,26.67726961958052,26.914049885334148,26.40102503532015,26.65753746032715,130320234.0
2025-07-08,26.89431844325264,26.89431844325264,26.401025739337726,26.460220336914062,156281204.0
2025-07-09,26.44048750869857,26.8548534447821,26.42075723118014,26.539146423339844,153153612.0
2025-07-10,26.83512303117347,27.229756805974965,26.83512303117347,26.894317626953125,221304897.0
2025-07-11,27.150829441805428,27.269218630708327,26.75619567585871,26.795658111572266,160587271.0
2025-07-14,26.79565884870225,26.874585604062812,26.38129291261872,26.539146423339844,73943664.0
2025-07-16,26.53914648614103,26.914049986312573,25.868268123107555,26.420757293701172,149176760.0
2025-07-17,26.69699986591614,26.795658780305587,26.558878514828283,26.716732025146484,118918094.0
2025-07-18,26.835123812529336,26.87458625027737,26.499684623740542,26.5194149017334,118876106.0
2025-07-21,26.716731957851884,26.992976541094066,26.696999798671243,26.894317626953125,121146299.0
2025-07-22,27.052170589975272,27.091633025776495,26.598340346806676,26.677268981933594,132516096.0
2025-07-23,26.716731417734817,27.052170589975272,26.657536823151865,26.677268981933594,134155782.0
2025-07-24,26.81539030002975,27.032438401100443,26.696999229233406,26.73646354675293,116386190.0
2025-07-25,26.775927326113518,26.854854083350844,26.51941489465163,26.578611373901367,63864359.0
2025-07-28,26.618073247559185,26.657537566222697,26.361560821533203,26.361560821533203,47975337.0
2025-07-29,26.361560954508075,26.440487710470943,26.02612177122531,26.06558609008789,63830307.0
2025-07-30,26.144512141864315,26.4404869983126,26.085317546927108,26.262903213500977,111325879.0
2025-07-31,26.341830543963734,26.47995189576146,26.065585958605997,26.361560821533203,120676446.0
2025-08-01,26.440488137414302,26.775927326113518,26.36156138017698,26.578611373901367,154595985.0
2025-08-04,26.677270154145933,27.091634216196198,26.598341515550857,26.87458610534668,150253095.0
2025-08-05,26.953512927386107,27.111366441433514,26.7364648160115,26.756196975708008,95981309.0
2025-08-06,26.87458600238155,27.111366271972656,26.756196808467152,27.111366271972656,126233389.0
2025-08-07,26.973244381913425,27.052171136873724,26.637805202891585,26.894317626953125,182648447.0
2025-08-08,26.93377945921306,27.07190268861608,26.795658111572266,26.795658111572266,117527082.0
2025-08-11,26.89431816195472,27.446805457667296,26.89431816195472,27.111366271972656,244487435.0
2025-08-12,27.210023909360938,27.30868282082807,27.03243824507254,27.150829315185547,152661574.0
2025-08-13,27.21002441629035,27.5849260287353,26.99297631242877,27.486268997192383,185743824.0
2025-08-14,27.348145862457795,27.545463689765096,27.052171003259105,27.249488830566406,117412491.0
2025-08-15,27.24948943649769,27.46653754595229,27.170562680172175,27.288951873779297,76057998.0
2025-08-18,27.427073404385176,28.433390965368993,27.30868421001197,28.39392852783203,274671161.0
2025-08-19,28.512316229741614,29.163462409997248,28.019023554895696,28.96614646911621,302846354.0
2025-08-20,28.808292967376268,29.262121325046458,28.808292967376268,28.906949996948242,210967112.0
2025-08-21,28.985877921301995,29.459440338495565,28.985877921301995,29.163463592529297,160970081.0
2025-08-22,29.222659498136878,29.73568246058649,28.74909709022317,29.0056095123291,282620614.0
2025-08-25,29.202928510207954,29.518635540302796,29.005610675517513,29.262123107910156,187416068.0
2025-08-26,29.242390310733725,29.97246327235627,29.025342202714796,29.2818546295166,326760874.0
2025-08-27,29.36078078148184,29.696219957188408,29.183195114135742,29.183195114135742,169070592.0
2025-08-28,29.301586725934698,29.656756185405797,29.26212240723664,29.400243759155273,174066726.0
2025-08-29,29.43970807197815,29.735682935105377,29.222659964469003,29.459440231323242,182500594.0
2025-09-01,29.55809790482738,29.637026543917543,28.966148165749793,29.439708709716797,184925526.0
2025-09-02,29.498901901725336,29.61729297295722,27.841438195052387,28.137414932250977,287684079.0
2025-09-03,28.15714772920361,28.51231718742393,27.782244229941476,28.11768341064453,253696935.0
2025-09-04,28.15714850739135,28.571512573139913,27.723050400055573,27.801977157592773,132684187.0
2025-09-05,27.959829066811164,27.979561225502746,26.973243713378906,26.973243713378906,147734113.0
2025-09-08,26.38129243833855,26.637804859089403,25.907731914688792,26.144512176513672,141520880.0
2025-09-09,26.28263362204745,26.499683607506167,25.7498785014244,25.907732009887695,149781617.0
2025-09-10,26.105048052279173,26.124780211351492,25.61175536604476,25.67095184326172,198038474.0
2025-09-11,25.710415055417105,26.243172075871293,25.138195597389817,25.35524559020996,220351565.0
2025-09-12,25.414440187450765,25.532829381932373,25.079001000149013,25.35524559020996,104849104.0
2025-09-15,25.335512713413284,27.1310977935791,25.098732449389885,27.1310977935791,199743909.0
2025-09-16,27.131097757829572,27.446804776111446,27.012706685092738,27.249488830566406,137882769.0
2025-09-17,27.30868282082807,27.466536326470596,27.071902562364283,27.150829315185547,173725300.0
2025-09-18,27.229757451975267,27.742782312269377,26.77592718886515,26.87458610534668,172328398.0
2025-09-19,26.93377943888017,28.551780700683594,26.9140491619194,28.551780700683594,261479680.0
2025-09-22,29.10426898998294,29.479170610014094,28.63070845465024,29.222660064697266,201174729.0
2025-09-23,28.729366591778152,31.866706464699956,28.709634432899854,31.235292434692383,516898397.0
2025-09-24,31.17609921146843,31.314220566168924,30.426294076964286,31.018245697021484,352104111.0
2025-09-25,31.29448858761424,32.26134372140266,30.7222691239904,32.00482940673828,248168374.0
2025-09-26,31.84697552476042,31.84697552476042,29.91326904296875,29.91326904296875,330616491.0
2025-09-29,29.637024807988613,29.89353534295774,28.88721971641135,28.96614646911621,313053776.0
2025-09-30,29.262121934435037,29.301586252495454,28.630707899566435,29.0056095123291,236875956.0
2025-10-01,29.02534273109466,29.69622110851791,28.867489216614167,29.498903274536133,276018927.0
2025-10-02,29.538367700124308,29.69622121517173,28.94641607781531,29.262123107910156,192804756.0
2025-10-03,29.281854124327822,29.360780878769585,28.78856143862624,28.946414947509766,103389668.0
2025-10-06,28.946415720657473,29.262122746856935,28.453123021780232,28.630708694458008,192954178.0
2025-10-07,28.650439582908113,28.88721984205253,28.512316353752198,28.61097526550293,130620733.0
2025-10-08,27.920364561467387,27.959828878584872,27.26921838312661,27.44680404663086,247779576.0
2025-10-09,27.72304855924865,27.90063422235627,27.328414797766268,27.6243896484375,156040874.0
2025-10-10,27.683584942040472,27.821708173372617,27.387610083887207,27.486268997192383,107859166.0
2025-10-13,27.131097189786274,27.66385418330431,26.933779366610214,27.032438278198242,160367970.0
2025-10-14,26.97324423915599,27.012706675546145,25.61175537109375,25.61175537109375,139073977.0
2025-10-15,25.651219071172196,27.42707194647154,25.493365565890574,27.328414916992188,284679859.0
2025-10-16,26.83512306758808,27.466537108127284,26.756196312520675,26.77592658996582,197354422.0
2025-10-17,26.63780619358014,26.697000791561305,26.045854568481445,26.045854568481445,154992077.0
2025-10-20,26.144513165758,27.05217181131141,26.144513165758,26.815391540527344,171041058.0
2025-10-21,26.578611199122285,27.26921984996691,26.322098769347203,26.992977142333984,229141465.0
2025-10-22,27.05217130600069,27.427072923965383,26.440487539912496,26.479951858520508,167725648.0
2025-10-23,26.53914645467024,26.815391039639472,26.420757262370774,26.479951858520508,157272818.0
2025-10-24,26.598341515550857,27.525732319657546,26.519414758718092,26.87458610534668,318410045.0
2025-10-27,26.81539070943372,27.466536904349407,26.775926391311675,27.308683395385742,235290776.0
2025-10-28,27.32841494999016,27.52573089094933,27.131097127268774,27.210023880004883,71032627.0
2025-10-30,27.28895194460656,27.387610860710097,27.012707355869118,27.111366271972656,158017673.0
2025-10-31,27.091634112399486,27.584926811154865,27.032439515442288,27.111366271972656,239474383.0
2025-11-03,27.21002526257293,28.630708765771477,27.21002526257293,28.453123092651367,274379678.0
2025-11-04,28.47285385580781,29.084535720151916,28.17687712120324,28.78856086730957,236155760.0
2025-11-05,27.7033180671749,27.7033180671749,26.69700050354004,26.69700050354004,501228727.0
2025-11-06,26.854854265540006,26.894318585307566,26.16424560546875,26.16424560546875,312814982.0
2025-11-07,26.262904056396543,26.42075756913683,25.690684602272437,25.769611358642578,227331165.0
2025-11-10,25.947194851566792,26.085318084952142,24.842220275057688,24.90141487121582,225737239.0
2025-11-11,24.921146687282327,25.000073441660202,23.658316735474095,24.151609420776367,256988813.0
2025-11-12,24.32919579622565,24.467317149963876,23.95429417246663,24.01348876953125,174599636.0
2025-11-13,24.191074475051447,24.408122585755443,23.678049615101298,23.954294204711914,156446633.0
2025-11-14,23.954293060257953,24.072682248890334,23.55965741345075,23.579389572143555,147781193.0
2025-11-17,23.697781246720297,23.97402394841356,23.559658014111392,23.678049087524414,184435146.0
2025-11-18,23.599123041079103,23.855635473040678,23.480731964111328,23.480731964111328,194563272.0
2025-11-19,23.61885442493658,24.033220358067478,23.61885442493658,23.855634689331055,253690506.0
2025-11-20,24.013487466633826,24.21080528849313,23.855633961851268,24.112146377563477,173535418.0
2025-11-21,24.033220389213046,24.033220389213046,23.638584732948566,23.79644012451172,170259301.0
2025-11-24,23.717513437051732,23.737243714511244,23.55965804503972,23.618854522705078,151606992.0
2025-11-25,23.697781283359564,23.934561548789425,23.500463454620213,23.55965805053711,272111278.0
2025-11-26,23.61885449169904,23.776708001741554,23.559658014111392,23.678049087524414,157423979.0
2025-11-27,23.83590263441975,23.895097230336642,23.55965805053711,23.55965805053711,198607266.0
2025-11-28,23.559658714299285,23.73724438881549,23.421537359347717,23.539928436279297,164537339.0
2025-12-01,23.53992837107664,24.03322107369426,23.53992837107664,23.65831756591797,367880505.0
2025-12-02,23.678049758355993,23.756976515613353,23.539928403596196,23.599123001098633,170709478.0
2025-12-03,23.65831632515255,23.954293060257953,23.55965741345075,23.579389572143555,265920019.0
2025-12-04,23.618853948919803,23.717512860869686,23.461000442504883,23.461000442504883,103687695.0
2025-12-05,23.480731964111328,23.5596587215024,23.401805206720255,23.480731964111328,153971699.0
2025-12-08,23.579390737329145,23.895097764965925,23.559658577661267,23.83590316772461,267977087.0
2025-12-09,23.934561413265055,24.092414922657813,23.57939007625021,23.91482925415039,218983986.0
2025-12-10,23.95429296732106,24.13187674958065,23.658316233363976,23.81616973876953,179907030.0
2025-12-11,23.875366123811336,24.23053556874189,23.855633965270137,24.052949905395508,195476902.0
2025-12-12,24.171340913491097,24.704097902177168,24.11214631978005,24.23053550720215,234071746.0
2025-12-15,24.270001619274716,24.68436756942437,24.250269459324173,24.526514053344727,174068418.0
2025-12-16,24.605439020894536,24.66463361467634,24.171340942382812,24.171340942382812,174872133.0
2025-12-17,24.191074301225353,24.506781326076204,24.1713421417316,24.36865997314453,157758933.0
2025-12-18,24.447586125294983,24.565975315807687,24.230536139751266,24.270000457763672,105975074.0
2025-12-19,24.32919441789537,24.32919441789537,23.934560656884692,24.23053550720215,117114569.0
2025-12-22,24.309463636616673,24.34892795583463,23.895097693639695,24.01348876953125,78705192.0
2025-12-23,23.99375607626834,24.03322039460856,23.717513374935912,23.73724365234375,106149012.0
2025-12-24,23.756976410815415,23.97402452187512,23.67804965390622,23.83590316772461,102757774.0
2025-12-25,23.95429430946088,24.033221066585863,23.717514038085938,23.717514038085938,48630852.0
2025-12-26,23.776707425365704,23.776707425365704,23.461000412933792,23.52019500732422,121984034.0
2025-12-29,23.539927872796376,23.59912246896404,23.26368328774347,23.322877883911133,103245348.0
2025-12-30,23.362342098108684,23.67804911860816,23.145292110193584,23.618854522705078,113878069.0
2025-12-31,23.65831699621323,23.816170506708684,23.441268889722547,23.500463485717773,77805887.0
2026-01-02,23.55965854569443,23.95429421146726,23.55965854569443,23.895097732543945,110878618.0
2026-01-05,23.934561942462555,24.34892788422082,23.934561942462555,24.19107437133789,150581436.0
2026-01-06,24.23053657016304,24.861952497241695,24.23053657016304,24.78302574157715,198827688.0
2026-01-07,24.822487149084992,24.8816817429379,24.092414219025105,24.112146377563477,218789466.0
2026-01-08,24.092414730097087,24.546243095533445,23.934561221965986,24.388389587402344,183520666.0
2026-01-09,24.487048530910634,24.54624312609293,24.131877196292347,24.329195022583008,96529139.0
2026-01-12,24.40812231520936,24.704099061174833,24.38839015579254,24.54624366760254,151453996.0
2026-01-13,24.546242936344903,25.000073180600307,24.52651265927816,24.80275535583496,195916120.0
2026-01-14,24.901414112032963,25.53282813650219,24.84221951767953,25.217121124267578,240477285.0
2026-01-15,25.138195037841797,25.394707462525357,24.861952335692017,25.138195037841797,210813757.0
2026-01-16,25.256586507673344,25.828805961940592,25.157927591745413,25.71041488647461,222811342.0
2026-01-19,25.848538541780734,26.381293685634585,25.809074222062943,26.223440170288086,189646972.0
2026-01-20,26.223438602431862,26.401024267019704,25.256585408300534,25.335512161254883,221941594.0
2026-01-21,25.374974505325582,25.73014583322019,25.31577991126389,25.57229232788086,149684757.0
2026-01-22,25.78934199050586,26.46022036974451,25.61175631579418,26.401025772094727,209664977.0
2026-01-23,26.440488072705918,26.83512373968907,26.381293475363375,26.69700050354004,181200435.0
2026-01-26,26.519414619433626,27.308684065378184,26.38129326614231,27.22975730895996,178992473.0
2026-01-27,27.328415652183676,27.4468048434487,26.795658646204267,27.071903228759766,122597957.0
2026-01-28,27.052171504213035,27.68358555246935,27.052171504213035,27.525732040405273,132392155.0
2026-01-29,27.82170917990442,28.33473216047937,27.683585943575263,28.097951889038086,209410501.0
2026-01-30,28.0979520279167,28.1768787854539,27.30868445254468,27.801977157592773,169332607.0
2026-02-02,26.97324491198113,27.387610854106224,26.479952213344696,27.170562744140625,284227561.0
2026-02-03,27.34814542414332,28.610975358793432,27.269218670837823,28.374195098876953,250373272.0
2026-02-04,28.571511011395977,28.76882883533458,28.35446291047329,28.43338966369629,133079689.0
2026-02-05,28.374195128658307,28.828023490200668,28.01902379752969,28.315000534057617,155639092.0
2026-02-06,28.255805189524413,28.88722112368565,28.019024919874813,28.630708694458008,161120858.0
2026-02-09,29.025341447442525,29.637025200324324,28.828023622187175,29.59756088256836,251919500.0
2026-02-10,29.577829700292135,29.814609969359232,28.610976464494247,28.80829429626465,196848486.0
2026-02-11,28.53204842094886,29.124000007792556,28.472853826793155,28.847755432128906,152772632.0
2026-02-12,29.005610571344018,29.617294351277664,28.966148133605056,29.498903274536133,173453189.0
2026-02-13,29.61729320300817,30.011926973909354,29.104268359955505,29.183195114135742,185709859.0
2026-02-16,29.479170409410354,30.031659578634486,29.479170409410354,29.69622039794922,207574268.0
2026-02-17,29.637025560019815,29.656755837375016,28.70963478088379,28.70963478088379,263114789.0
2026-02-18,29.064804011793445,30.446025031156235,28.768829154365562,29.242389678955078,495856161.0
2026-02-19,29.47916939109029,29.637024778103047,28.729366182031338,29.025341033935547,217677735.0
2026-02-20,29.02534141802999,29.656755447387695,29.005609259172,29.656755447387695,169052117.0
2026-02-23,30.189512539820228,31.511537079218947,29.715952016329947,31.057706832885742,349198772.0
2026-02-24,30.880122222973696,31.629929233471312,30.78146518852515,31.551000595092773,190181712.0
2026-02-25,31.61019732429879,31.61019732429879,30.446026243664935,30.959049224853516,199106624.0
2026-02-26,30.801194255571318,31.74831717949721,30.801194255571318,31.47207260131836,214828751.0
2026-02-27,31.610196175801097,32.28107452885989,31.393146189951338,32.22187805175781,252100732.0
2026-03-02,30.603879718997632,31.84697567352042,30.603879718997632,31.07744026184082,185985341.0
2026-03-03,30.820927531099358,31.156366716126566,28.74909782409668,28.74909782409668,187133383.0
2026-03-04,28.808293793354302,29.064804335710654,28.097951116791258,28.472854614257812,144122173.0
2026-03-05,28.65043961655954,29.04507338226376,28.413657475374784,28.492584228515625,108937521.0
2026-03-06,28.35446380991357,28.67017083282019,27.6046586896292,27.82170867919922,109263025.0
2026-03-09,27.52573187176774,28.078219160607176,26.914049986707504,27.94009780883789,151155752.0
2026-03-10,28.532049644998136,29.222660172903932,28.433390729331265,28.92668342590332,131984853.0
2026-03-11,28.926683567727217,29.045074643460378,28.11768384246459,28.57151222229004,81216012.0
2026-03-12,28.4136588450588,28.906951546408866,28.15714829630761,28.275537490844727,95133133.0
2026-03-13,28.117682807783783,28.23607387916036,27.46653661961819,28.019023895263672,66533841.0
2026-03-16,28.295268570075013,28.315000728998506,27.60465806185076,27.782243728637695,52233245.0
2026-03-17,27.920364885353713,28.45312188204664,27.78224353736469,28.315000534057617,120584302.0
2026-03-18,28.512316637392534,29.02534147819012,27.762511535095037,27.900634765625,104510534.0
2026-03-19,27.624390955885897,27.84143906453343,27.525732040405273,27.525732040405273,29771814.0
2026-03-23,26.953512900685567,28.275537490844727,26.697000470172057,28.275537490844727,126258975.0
2026-03-24,28.117683716701475,28.216342632410782,27.249489398336628,27.4073429107666,75143534.0
2026-03-25,27.72304922941221,27.86117057882937,27.05217087779357,27.54546356201172,107733120.0
2026-03-26,27.42707289158676,27.742781794791295,26.539146423339844,26.539146423339844,94609432.0
2026-03-27,26.677269883501424,27.56519635930244,26.42075745595672,27.525732040405273,105281080.0
2026-03-30,27.52573089094933,27.841437901893773,27.012706057283495,27.210023880004883,118012674.0
2026-03-31,27.288951016534046,28.137415031701742,27.269218857631948,27.84143829345703,136529182.0
2026-04-01,28.35446420853275,28.670171235877717,28.058489340837426,28.39392852783203,109457408.0
2026-04-02,27.723049764100328,28.13741570210584,27.565196252647016,27.82170867919922,141971705.0
2026-04-03,27.90063565729296,29.45944050663974,27.644123228696362,28.80829429626465,202951613.0
2026-04-06,28.92668250550229,29.933000026112808,28.847755751832576,29.656755447387695,201392393.0
2026-04-07,29.597562006356153,29.794879839103455,28.453123092651367,28.453123092651367,159194464.0
2026-04-08,29.51863428984231,29.775146711368645,29.183195114135742,29.183195114135742,241675687.0
2026-04-09,29.281854461912264,30.30790228148427,29.281854461912264,29.69622039794922,438646544.0
2026-04-10,29.87380558698647,30.899853390039922,29.755414514983794,30.8801212310791,298404378.0
2026-04-13,30.288171877163222,31.78778210432938,30.288171877163222,31.57073211669922,249550166.0
2026-04-14,31.768050152187154,32.00482853703189,30.781464767110066,31.037975311279297,230803021.0
2026-04-15,31.29448766844819,31.37341442381044,30.781464699474693,31.215560913085938,122720480.0
2026-04-16,31.412877741533702,31.708852594271583,30.4262923900578,30.48548698425293,124045465.0
2026-04-17,30.544683030521234,31.985096808906462,30.505220593102536,31.610197067260742,214957950.0
2026-04-20,31.27475554384446,33.24792619312772,31.27475554384446,32.85329055786133,235690620.0
2026-04-21,33.07034420877836,34.01746532244378,33.03087988816111,33.267662048339844,173341343.0
2026-04-22,33.54390260398737,33.58336692206147,31.610196180650448,32.162681579589844,158118559.0
2026-04-24,32.083755320563796,32.61651230096918,31.768048316662316,32.557315826416016,121435169.0
2026-04-27,32.77436934851622,33.682026142043995,32.675708546920966,33.149269104003906,139796883.0
2026-04-28,32.95195403937865,33.38605026280158,32.32053621868441,32.5375862121582,113229703.0
2026-04-29,32.79410149150713,33.85961180349955,32.79410149150713,33.267662048339844,266432560.0
2026-04-30,33.18873033426066,35.45787587031251,33.18873033426066,34.64887619018555,223929844.0
2026-05-04,34.88566059910963,35.596003296587995,33.938539511488244,35.3394889831543,221760604.0
2026-05-05,35.47761101025207,37.450781861948286,35.41841829335701,36.72071075439453,235340867.0
2026-05-06,37.29292685126634,38.121658726340016,36.444462816842744,37.174537658691406,306892394.0
2026-05-07,37.490245606827834,38.49656317737091,37.450781287153674,37.96380615234375,156241673.0
2026-05-08,37.90460973000005,40.74597677090556,37.786220534323675,40.706512451171875,270521370.0
2026-05-11,41.23926708310516,43.133512921591354,40.0356355092949,40.3118782043457,335272807.0
2026-05-12,40.35134283590152,40.84463551720337,39.46341450414839,39.54234313964844,229566550.0
2026-05-13,39.95670700073242,40.35134264935932,38.91092516633827,39.95670700073242,183857127.0
2026-05-14,40.331612116331705,40.548658344653546,38.7728053812973,39.206905364990234,134596775.0
2026-05-15,38.95039106707816,39.32529457215954,38.516294846763934,39.0885124206543,152182700.0
2026-05-18,38.91092723586083,39.127977230502125,37.707295594228746,38.02300262451172,135047714.0
2026-05-20,37.94407265643932,38.674147490605584,37.43104780931361,38.12165832519531,85624045.0
2026-05-21,38.12165704534983,38.20058567926911,34.55021915803936,34.708072662353516,123679155.0
2026-05-22,35.517072348080276,38.1611213684082,35.004047518096186,38.1611213684082,210744663.0
2026-05-25,38.59521852755301,40.15402521488621,38.378172305873015,38.95038986206055,187516071.0
2026-05-26,39.20690429315478,39.34502564290853,38.654415130615234,38.654415130615234,41626869.0
2026-05-27,38.654415130615234,38.654415130615234,38.654415130615234,38.654415130615234,0.0
2026-05-28,38.654415130615234,38.654415130615234,38.654415130615234,38.654415130615234,0.0
2026-05-29,38.654415130615234,38.654415130615234,38.654415130615234,38.654415130615234,0.0
2026-06-01,38.65441730471357,39.64100273104414,38.65441730471357,39.463417053222656,235926121.0
2026-06-02,39.91724375208411,40.568389955288005,39.77912240042337,40.45000076293945,200428550.0
2026-06-03,40.540000915527344,40.86000061035156,40.18000030517578,40.29999923706055,114552214.0
2026-06-04,40.58000183105469,41.220001220703125,38.779998779296875,40.099998474121094,177175503.0
2026-06-05,40.08000183105469,40.540000915527344,38.880001068115234,39.15999984741211,158975734.0
2026-06-08,38.779998779296875,39.400001525878906,38.7400016784668,39.02000045776367,114926641.0
2026-06-09,39.13999938964844,39.2599983215332,38.52000045776367,38.63999938964844,127525690.0
2026-06-10,38.599998474121094,39.040000915527344,37.86000061035156,38.63999938964844,90962532.0
2026-06-11,38.7400016784668,39.2400016784668,38.0,38.400001525878906,92772951.0
2026-06-12,38.900001525878906,40.099998474121094,38.63999938964844,39.36000061035156,130986348.0
2026-06-15,40.70000076293945,40.84000015258789,39.65999984741211,40.20000076293945,183653620.0
2026-06-16,40.380001068115234,40.720001220703125,39.81999969482422,40.29999923706055,113674765.0
2026-06-17,40.439998626708984,40.5,39.2400016784668,39.400001525878906,122867591.0
2026-06-18,39.619998931884766,40.31999969482422,39.400001525878906,40.0,135802635.0
2026-06-19,39.7400016784668,40.279998779296875,39.619998931884766,40.02000045776367,118894985.0
2026-06-22,40.119998931884766,40.7400016784668,40.119998931884766,40.34000015258789,125535430.0
2026-06-23,40.20000076293945,40.31999969482422,39.63999938964844,39.81999969482422,96694124.0
2026-06-24,39.91999816894531,40.099998474121094,39.720001220703125,39.939998626708984,90038798.0
2026-06-25,40.2400016784668,40.560001373291016,40.060001373291016,40.31999969482422,117385698.0
2026-06-26,40.31999969482422,42.18000030517578,40.31999969482422,42.119998931884766,237055734.0
2026-06-29,42.65999984741211,42.68000030517578,40.79999923706055,41.20000076293945,143586724.0
2026-06-30,41.400001525878906,42.599998474121094,40.400001525878906,40.47999954223633,178176580.0
2026-07-01,40.439998626708984,41.040000915527344,39.65999984741211,40.439998626708984,125100590.0
2026-07-02,40.380001068115234,41.060001373291016,39.880001068115234,40.79999923706055,179551527.0
2026-07-03,40.900001525878906,41.36000061035156,40.099998474121094,40.099998474121094,99353915.0
2026-07-06,40.29999923706055,41.52000045776367,40.20000076293945,41.52000045776367,171886417.0
2026-07-07,41.31999969482422,41.599998474121094,40.5,41.2599983215332,167373440.0
2026-07-08,41.13999938964844,41.13999938964844,39.439998626708984,39.939998626708984,156421400.0
2026-07-09,40.2599983215332,40.540000915527344,39.040000915527344,40.060001373291016,106074945.0
2026-07-10,40.0,40.97999954223633,39.900001525878906,40.400001525878906,95320113.0
2026-07-13,40.099998474121094,41.279998779296875,39.720001220703125,40.86000061035156,150698808.0
2026-07-14,40.86000061035156,42.279998779296875,40.720001220703125,41.880001068115234,115286852.0
2026-07-16,42.31999969482422,44.220001220703125,42.119998931884766,44.060001373291016,130424595.0
2026-07-17,43.91999816894531,44.0,42.13999938964844,42.34000015258789,96997009.0
2026-07-20,42.47999954223633,43.939998626708984,42.119998931884766,43.599998474121094,119618959.0
2026-07-21,43.939998626708984,44.2599983215332,42.220001220703125,42.29999923706055,112009830.0
2026-07-22,42.5,43.0,41.52000045776367,42.2400016784668,96834674.0
2026-07-23,42.2400016784668,45.099998474121094,42.119998931884766,44.20000076293945,183663773.0
2026-07-24,44.040000915527344,44.70000076293945,42.84000015258789,43.279998779296875,142858235.0
2026-07-27,43.79999923706055,44.2599983215332,43.08000183105469,43.2599983215332,73460054.0
2026-07-28,43.2599983215332,44.08000183105469,42.959999084472656,43.86000061035156,96030225.0
2026-07-29,43.91999816894531,44.31999969482422,42.900001525878906,43.15999984741211,109799981.0
2026-07-30,43.2400016784668,43.29999923706055,42.119998931884766,42.400001525878906,98597063.0
2026-07-31,42.560001373291016,42.91999816894531,41.7599983215332,42.540000915527344,94060059.0
2026-08-03,42.779998779296875,43.13999938964844,40.540000915527344,40.70000076293945,116693975.0
2026-08-04,40.720001220703125,42.02000045776367,40.70000076293945,41.7400016784668,152313271.0
2026-08-05,41.7400016784668,42.08000183105469,41.58000183105469,41.97999954223633,89840213.0
2026-08-06,42.18000030517578,42.2599983215332,41.29999923706055,41.560001373291016,110421778.0
2026-08-07,41.099998474121094,41.099998474121094,38.31999969482422,38.68000030517578,309272609.0
2026-08-10,38.70000076293945,38.720001220703125,36.779998779296875,36.880001068115234,243728804.0
2026-08-11,36.880001068115234,37.31999969482422,36.5,36.86000061035156,213353282.0
2026-08-12,36.880001068115234,37.34000015258789,36.2400016784668,37.18000030517578,191078945.0
2026-08-13,37.20000076293945,38.560001373291016,37.20000076293945,38.2400016784668,279815731.0
2026-08-14,38.380001068115234,39.02000045776367,37.18000030517578,37.380001068115234,187307320.0
2026-08-17,37.63999938964844,38.13999938964844,37.400001525878906,37.939998626708984,186293895.0
2026-08-18,37.779998779296875,38.20000076293945,37.36000061035156,37.70000076293945,138616878.0
2026-08-19,37.68000030517578,38.040000915527344,37.31999969482422,37.7599983215332,163846198.0
2026-08-20,38.0,38.459999084472656,37.220001220703125,38.099998474121094,247798021.0
2026-08-21,38.29999923706055,39.02000045776367,37.959999084472656,38.13999938964844,220803958.0
2026-08-24,38.560001373291016,38.779998779296875,38.15999984741211,38.18000030517578,171429991.0
2026-08-25,38.2400016784668,38.560001373291016,37.880001068115234,38.2400016784668,143056787.0
2026-08-26,38.380001068115234,39.31999969482422,38.2599983215332,38.70000076293945,244589914.0
