Date,open,high,low,close,volume
2018-01-01,3.496748208999634,3.496748208999634,3.496748208999634,3.496748208999634,0.0
2018-01-02,3.4996495646516395,3.676663242815012,3.4996495646516395,3.6534483432769775,2465720.0
2018-01-03,3.6534488554763658,3.682467345595473,3.5199630260467534,3.519963026046753,1581820.0
2018-01-04,3.5054538156825106,3.583804324033616,3.4242016518966665,3.4735333919525146,3023960.0
2018-01-05,3.476434864898753,3.517061083030825,3.302323094497308,3.4880425930023193,2610840.0
2018-01-08,3.5228655613044406,3.5228655613044406,3.459024429321289,3.459024429321289,1434170.0
2018-01-09,3.476434665328857,3.479336597188159,3.3922805786132817,3.3922805786132812,2152690.0
2018-01-10,3.371967837784722,3.377771701896966,3.319734167748419,3.3545567989349365,2775970.0
2018-01-11,3.3806726576109947,3.389378451977777,3.3226354122161865,3.3226354122161865,2184870.0
2018-01-12,3.3400474866416134,3.3603604579808004,3.308126786830344,3.3110287189483643,2651100.0
2018-01-15,3.3168313280266744,3.3545556010548596,3.25008829828654,3.2907145023345947,1328040.0
2018-01-16,3.250089552185117,3.377771798886009,3.139818621577431,3.363262414932251,2430940.0
2018-01-17,3.3632621722571,3.48223861395494,3.337145338373484,3.464827299118042,2208720.0
2018-01-18,3.4648270102988814,3.5402755737304688,3.459023423665995,3.5402755737304688,5170360.0
2018-01-19,3.54027586883883,3.5721965665825652,3.427103291001109,3.464827299118042,2241510.0
2018-01-22,3.4909438273734787,3.5286681089311545,3.424201059286124,3.508355140686035,1436650.0
2018-01-23,3.5170612781311137,3.6273322105407715,3.511257690500861,3.6273322105407715,3842210.0
2018-01-24,3.6273320281293646,3.70858418807129,3.563490906946116,3.641841411590576,2415510.0
2018-01-25,3.6766639189599224,3.6766639189599224,3.6012153432144687,3.6650564670562744,2151450.0
2018-01-26,3.6215276654150097,3.685368777808252,3.604116629053583,3.679565191268921,1415810.0
2018-01-29,3.67956555496454,3.688271074005724,3.5867056704658853,3.6505467891693115,2161320.0
2018-01-30,3.644743173441966,3.6708597303604815,3.580902055239748,3.598313093185425,2254650.0
2018-01-31,3.612823162758521,3.627332548300425,3.482239246368408,3.482239246368408,2605650.0
2018-02-01,3.5228654075846753,3.6302344158865,3.5083560223020487,3.5896081924438477,1854370.0
2018-02-02,3.6128225497864803,3.6128225497864803,3.482238655551974,3.543177843093872,1752440.0
2018-02-05,3.5460792392021494,3.5460792392021494,3.459023230619897,3.52866792678833,1670270.0
2018-02-06,3.4561215856804863,3.5170607690668896,3.406789852617996,3.447416067123413,2076490.0
2018-02-07,3.485140658726226,3.5315704641366334,3.4300050572437644,3.4938461780548096,4248910.0
2018-02-08,3.540276478952907,3.540276478952907,3.3661646842956543,3.3661646842956543,2594030.0
2018-02-09,3.3400475744245033,3.3893793147534725,3.2675009300281945,3.287813901901245,3327180.0
2018-02-12,3.3255380318606633,3.4329070272459177,3.3081267162674046,3.3545567989349365,2295560.0
2018-02-13,3.4242012472673085,3.4619255308959653,3.3342432975769043,3.3342432975769043,2022820.0
2018-02-14,3.351654711385732,3.392280651312791,3.3081265627937206,3.3371453285217285,1653140.0
2018-02-15,3.354556685104222,3.438710774671833,3.354556685104222,3.4154958724975586,1652960.0
2018-02-16,3.4183968511773313,3.476434095126875,3.3748689874010256,3.409691333770752,1319900.0
2018-02-19,3.409692474334077,3.4503186970601862,3.351655210970708,3.3893795013427734,760690.0
2018-02-20,3.3893794109067255,3.467729645170843,3.366164506180802,3.418397903442383,2663660.0
2018-02-21,3.473533137611167,3.473533137611167,3.4009864989285647,3.4532198905944824,1814870.0
2018-02-22,3.476434886411928,3.5896077454308157,3.4561219155919245,3.5518834590911865,3629150.0
2018-02-23,3.5954115684712025,3.5954115684712025,3.490944230033052,3.557687282562256,2890320.0
2018-02-26,3.5634908407077424,3.6534487951003345,3.560589185464213,3.595411539077759,2567220.0
2018-02-27,3.607018544200908,3.714387523750177,3.5867052995475537,3.6534483432769775,4705010.0
2018-02-28,3.638939578296033,3.6940749048526262,3.618626606945206,3.6447434425354004,2902630.0
2018-03-01,3.63893905379711,3.7085837541703945,3.511257103112755,3.566392421722412,3212570.0
2018-03-02,3.546079578427343,3.5983129671787086,3.4996497765401515,3.5315701961517334,1491980.0
2018-03-05,3.5692946910858154,3.5983131806148347,3.522864886444612,3.5692946910858154,2382100.0
2018-03-06,3.5954115114850604,3.601215098671046,3.534472323943162,3.543177843093872,1243770.0
2018-03-07,3.5402759226784024,3.5896076592657984,3.531570403499293,3.5750982761383057,3100200.0
2018-03-08,3.572196882707685,3.6273322105407715,3.557687498516825,3.6273322105407715,1505510.0
2018-03-09,3.627331858752831,3.6708597303604815,3.578000123334316,3.598313093185425,2838540.0
2018-03-12,3.6215282623214105,3.6563508942706555,3.5983133588508998,3.6447434425354004,2251900.0
2018-03-13,3.6592528481168247,3.7288978409524867,3.644743739821917,3.696977138519287,3814560.0
2018-03-14,3.7085838472973864,3.7550136487121506,3.6795653597848816,3.7347006797790527,4118630.0
2018-03-15,3.7143884559140776,3.743406949247394,3.6737622331552333,3.696977138519287,2936800.0
2018-03-16,3.6650569524573764,3.7143886987672605,3.6563514315625496,3.691173791885376,1270570.0
2018-03-19,3.7027801729231418,3.725995073081502,3.633135472448062,3.662153959274292,3354630.0
2018-03-20,3.659251813820039,3.673761194757335,3.583803531084264,3.6186258792877197,2520850.0
2018-03-21,3.6128226745263583,3.6969767672047134,3.5983132909452338,3.6041171550750732,2827000.0
2018-03-22,3.6447432758828144,3.667958178291845,3.5780002238992528,3.595411539077759,2424880.0
2018-03-23,3.5954115114850604,3.5954115114850604,3.528668460013713,3.543177843093872,2809930.0
2018-03-26,3.566393018333947,3.6621545665527444,3.525766797948236,3.6273322105407715,3533170.0
2018-03-27,3.638939686212202,3.815953399610223,3.638939686212202,3.8014442920684814,3916530.0
2018-03-28,3.824659192695814,3.8739909331739457,3.5605894505737488,3.563491106033325,3577360.0
2018-03-29,3.5663921033875488,3.5896070014398234,3.4619250621523117,3.583803415298462,4537800.0
2018-03-30,3.5692947025230044,3.6070189881007293,3.56058918331075,3.601215124130249,652970.0
2018-04-02,3.7024370308357297,3.708462290045472,3.6301356441198576,3.693399429321289,666350.0
2018-04-03,3.690385856591382,3.693398485426337,3.60000900264341,3.639172315597534,3315310.0
2018-04-04,3.693398485426337,3.699423455796149,3.615071859518088,3.639172315597534,1767470.0
2018-04-05,3.7054494444389525,3.7054494444389525,3.663273494329836,3.675323724746704,1850380.0
2018-04-06,3.675323402983459,3.681348661314478,3.6180848853394294,3.6512229442596436,1032180.0
2018-04-09,3.675324150528388,3.6873743823412606,3.6271232232768975,3.654236316680908,1286550.0
2018-04-10,3.678336751445119,3.6964122426726953,3.63013582457183,3.6873743534088135,2248900.0
2018-04-11,3.6933994017381337,3.6933994017381337,3.5819346928918985,3.6903867721557617,1845920.0
2018-04-12,3.699424801497643,3.7024374314284714,3.645198899243743,3.669299364089966,2952450.0
2018-04-13,3.690387063219677,3.7536508529383075,3.6210983011612776,3.732563018798828,2416440.0
2018-04-16,3.759675260978324,3.7657005197139384,3.7054493688585453,3.723524570465088,1467180.0
2018-04-17,3.7144876661859185,3.7265378986166025,3.5939853418790757,3.612060546875,3233550.0
2018-04-18,3.6602610509323816,3.729550094826088,3.596997266203419,3.6903867721557617,2859950.0
2018-04-19,3.7054499033170774,3.7054499033170774,3.621098279953003,3.621098279953003,1897190.0
2018-04-20,3.633148110270795,3.6512233124864806,3.590972159600597,3.624110221862793,1529940.0
2018-04-23,3.6241102218627934,3.6241102218627934,3.6241102218627934,3.624110221862793,0.0
2018-04-24,3.6210976876123335,3.6331479175503056,3.557833908612946,3.5728964805603027,1848880.0
2018-04-25,3.569884053097602,3.5969968543339235,3.3469543736312373,3.3499670028686523,4584920.0
2018-04-26,3.355992739449587,3.3861181742150954,3.2626032308861017,3.2776660919189453,5289280.0
2018-04-27,3.313817018742755,3.431306998289888,3.2987541566520666,3.3861184120178223,5829580.0
2018-04-30,3.4162442719616557,3.533733968877662,3.3559931085047023,3.3590054512023926,4856200.0
2018-05-01,3.3590054512023926,3.3590054512023926,3.3590054512023926,3.3590054512023926,0.0
2018-05-02,3.383104980189313,3.5096325320779735,3.3740673799973036,3.4885447025299072,4432370.0
2018-05-03,3.545784480935258,3.545784480935258,3.440344729646364,3.452394962310791,3428610.0
2018-05-04,3.4945698200836723,3.4975821618262404,3.3861174729478978,3.4433562755584717,4436830.0
2018-05-07,3.4343188619036558,3.4704698407996237,3.3800929681600205,3.4584193229675293,2170200.0
2018-05-08,3.4343195005800657,3.47047048619899,3.371055706697265,3.3981688022613525,2827480.0
2018-05-09,3.377080547494491,3.407206269336974,3.271640808345975,3.3680429458618164,3109150.0
2018-05-10,3.389130727360235,3.4252814206427233,3.3077914519995066,3.4192564487457275,1269660.0
2018-05-11,3.4282941826085733,3.5066208313949288,3.386118228500494,3.392143487930298,2315080.0
2018-05-14,3.425281524176444,3.4885453111580746,3.3951560891805412,3.4614322185516357,1031480.0
2018-05-15,3.434319126921562,3.4403443863025633,3.355992766069802,3.3891308307647705,3412200.0
2018-05-16,3.3951558824566908,3.554821511383797,3.3951558824566908,3.464444637298584,3507890.0
2018-05-17,3.4313066547876216,3.603022518450773,3.4313066547876216,3.524695873260498,3620360.0
2018-05-18,3.5668721448601515,3.621098332894236,3.536746420996728,3.6060354709625244,2721620.0
2018-05-21,3.633147753989802,3.657248212780768,3.548795860921289,3.5608460903167725,2050350.0
2018-05-22,3.5789215680881963,3.6542355734251526,3.5427708800024726,3.6512229442596436,3199490.0
2018-05-23,3.6662865220395213,3.7114748191866878,3.6512236605570703,3.7084624767303467,6004470.0
2018-05-24,3.6994241707988134,3.819926761786165,3.6994241707988134,3.801851272583008,5559290.0
2018-05-25,3.7958268064569833,3.8199272704033613,3.7446132487458827,3.7687137126922607,3760680.0
2018-05-28,3.795825759555125,4.018755133224523,3.792813130567673,3.976579189300537,3587510.0
2018-05-29,3.964529567674924,4.003692888607902,3.9223539045933764,3.9856173992156982,4358130.0
2018-05-30,3.952480104875184,4.012731269051593,3.838002749289901,3.9554927349090576,4828040.0
2018-05-31,3.9675423245402768,3.9675423245402768,3.856077617059135,3.8862030506134033,5120480.0
2018-06-01,3.8862032386475547,4.012730812677956,3.8621027757179713,3.9946556091308594,4975790.0
2018-06-04,3.976579583759259,4.0338183909982215,3.9193410638204376,3.952479124069214,3575210.0
2018-06-05,3.9765795748259642,4.006705293020914,3.856077276646445,3.8801777362823486,5081580.0
2018-06-06,3.9464543556816136,3.958504586146131,3.771725870296031,3.8410146236419678,3809630.0
2018-06-07,3.8440275467203047,3.9404293978003797,3.753650667682645,3.8470401763916016,4872770.0
2018-06-08,3.8108886904678414,3.8380017793200465,3.7415999410012195,3.8078763484954834,2724170.0
2018-06-11,3.8169142715846833,3.976579901618803,3.663273613304598,3.904278516769409,7888680.0
2018-06-12,3.886203343817493,3.9524797623175356,3.828964814635767,3.892228603363037,2540370.0
2018-06-13,3.8892160057481884,3.9976683800632107,3.6542363402326252,3.672311544418335,6529090.0
2018-06-14,3.660261025646947,3.856077637645859,3.5969972413550164,3.7596755027770996,3991950.0
2018-06-15,3.759675502777099,3.759675502777099,3.759675502777099,3.7596755027770996,0.0
2018-06-18,3.7717259224611586,3.868127767510592,3.720512370453607,3.862102508544922,4358810.0
2018-06-19,3.8108890891366536,3.9133161967156913,3.7385877028338634,3.8560776710510254,3655280.0
2018-06-20,3.9103038902487306,3.9103038902487306,3.7777513377403813,3.8440277576446533,3914960.0
2018-06-21,3.8018516188751312,3.991642979944752,3.795826646792063,3.9585049152374268,5056460.0
2018-06-22,4.03080599916604,4.2356602058994905,4.012730509683611,4.208547115325928,6062180.0
2018-06-25,4.220597840389614,4.262773508623219,3.7958268044356624,3.8048644065856934,4819700.0
2018-06-26,3.7958268064569833,3.8862034026058034,3.732563016772694,3.7687137126922607,3748740.0
2018-06-27,3.768713338465784,3.8199268910914705,3.7235247575783266,3.7385876178741455,3422960.0
2018-06-28,3.732562858208219,3.732562858208219,3.6180855156759857,3.6271231174468994,3599520.0
2018-06-29,3.6451986860447794,3.7385879100367294,3.636160796780898,3.6873743534088135,4412310.0
2018-07-02,3.699423951588225,3.735574640552263,3.6451980617922364,3.696411609649658,1333390.0
2018-07-03,3.7054497655952976,3.7205126267469404,3.593985052753429,3.6271231174468994,3066980.0
2018-07-04,3.654236185312614,3.666286416692286,3.59699737078404,3.6451985836029053,1473940.0
2018-07-05,3.672311736692412,3.675324366647829,3.612060574085111,3.6150732040405273,3886340.0
2018-07-06,3.627123037771571,3.6512235001647233,3.5789221129852655,3.603022575378418,2071350.0
2018-07-09,3.606035628593969,3.6331487237962126,3.587960136025738,3.6180858612060547,2962030.0
2018-07-10,3.621097673534314,3.6813488229899303,3.587959325858618,3.663273334503174,3799950.0
2018-07-11,3.6753247758509637,3.6753247758509637,3.4945712679043353,3.590973138809204,3976570.0
2018-07-12,3.6271228134136364,3.6271228134136364,3.43733146833209,3.476494789123535,5827950.0
2018-07-13,3.4945704120185885,3.6150727211364018,3.4945704120185885,3.5216832160949707,2358900.0
2018-07-16,3.542772137508553,3.5819354686608005,3.509633779525757,3.509633779525757,2298670.0
2018-07-17,3.548796020684359,3.615072428993276,3.5186705894895014,3.5728964805603027,904180.0
2018-07-18,3.600009589984702,3.600009589984702,3.4433565999103792,3.503607749938965,4437640.0
2018-07-19,3.524695577652537,3.708461944209986,3.524695577652537,3.702436685562134,3266380.0
2018-07-20,3.6662859638009904,3.6994240241765435,3.6180850442364973,3.663273334503174,2412030.0
2018-07-23,3.6813494338113806,3.6964122954995995,3.6451987381397704,3.672311544418335,1657350.0
2018-07-24,3.6632736268411934,3.6723112281557224,3.500595366678843,3.633148193359375,4929940.0
2018-07-25,3.609047896088951,3.609047896088951,3.512646037200493,3.5367465019226074,5808730.0
2018-07-26,3.5457839640405933,3.587959628567731,3.4674573194899554,3.485532522201538,2531980.0
2018-07-27,3.5277088765722437,3.557834600929388,3.479507947440973,3.5186712741851807,4689950.0
2018-07-30,3.5397581562792544,3.5849464433542595,3.530720556324278,3.554821014404297,3192230.0
2018-07-31,3.55783364348933,3.5668712434443064,3.530720556324278,3.554821014404297,4753640.0
2018-08-01,3.560846090316772,3.600009407677125,3.53072066047813,3.5608460903167725,3385510.0
2018-08-02,3.5638590601196616,3.5638590601196616,3.473482187365369,3.4795074462890625,3178620.0
2018-08-03,3.47950755155382,3.5789220284010574,3.4764949220008328,3.5216832160949707,5497640.0
2018-08-06,3.548796276653313,3.548796276653313,3.3861180171069005,3.446369171142578,2797520.0
2018-08-07,3.4554066436257838,3.5216827614340303,3.4554066436257838,3.4885447025299072,1747290.0
2018-08-08,3.5246964043676385,3.536746637189571,3.491558335932378,3.530721664428711,1900540.0
2018-08-09,3.5246962496672976,3.539759111858651,3.44636959611242,3.482520580291748,2114380.0
2018-08-10,3.4192556486743846,3.5246950742515044,3.169213196502789,3.410217761993408,6576720.0
2018-08-13,3.44034378510568,3.50360756105001,3.36804240896934,3.4885447025299072,9026850.0
2018-08-14,3.470469595137046,3.624109951718526,3.4584190781579656,3.5698840618133545,10421330.0
2018-08-15,3.5909718638170585,3.660260612103564,3.4795071683343304,3.566871404647827,8135940.0
2018-08-16,3.524696267679664,3.569884854484653,3.2023523367183366,3.244528293609619,6257620.0
2018-08-17,3.223440397057141,3.340930386210614,3.133063504423718,3.3168299198150635,5660200.0
2018-08-20,3.2987531562827295,3.3499666994800963,3.292728185653686,3.2927281856536865,810750.0
2018-08-21,3.292728185653686,3.292728185653686,3.292728185653686,3.2927281856536865,0.0
2018-08-22,3.292728185653686,3.292728185653686,3.292728185653686,3.2927281856536865,0.0
2018-08-23,3.292728185653686,3.292728185653686,3.292728185653686,3.2927281856536865,0.0
2018-08-24,3.292728185653686,3.292728185653686,3.292728185653686,3.2927281856536865,0.0
2018-08-27,3.2927289795533805,3.4584195903527175,3.280678748089789,3.352980136871338,5043020.0
2018-08-28,3.3499668334240114,3.603021930564335,3.3288790044290253,3.554821014404297,7645440.0
2018-08-29,3.4704697368724373,3.7988385808593668,3.4704697368724373,3.723524570465088,6682300.0
2018-08-30,3.7235245704650883,3.7235245704650883,3.7235245704650883,3.723524570465088,0.0
2018-08-31,3.690386712076472,4.256748135834433,3.6482107605103957,4.03381872177124,12886790.0
2018-09-03,4.036830896308077,4.247710358078028,3.9464543124639877,3.964529514312744,6142580.0
2018-09-04,3.925367048160507,4.208547953552718,3.9193420753331285,4.06997013092041,13290240.0
2018-09-05,4.085032029583726,4.142270550782473,3.976579671291144,3.9976677894592285,9323700.0
2018-09-06,3.988629607578915,4.063943612045134,3.952478919911145,3.9916422367095947,3308970.0
2018-09-07,3.970554632080443,4.0368307529050504,3.841014445132099,3.883190393447876,3760560.0
2018-09-10,3.88319119806804,3.901266403019988,3.735575492026047,3.741600751876831,5690120.0
2018-09-11,3.7295507196665416,3.8892163793800716,3.6783371573866934,3.810889720916748,7835870.0
2018-09-12,3.8199267921541007,3.9223538947525785,3.7867884429015604,3.8410146236419678,6182160.0
2018-09-13,3.916328687988171,3.916328687988171,3.8018513534017284,3.8259518146514893,6599160.0
2018-09-14,3.844027627037981,3.871140720045802,3.6813493562912423,3.7054498195648193,7949330.0
2018-09-17,3.7325635742181054,3.738588547454412,3.4825210079563034,3.5879604816436768,10433080.0
2018-09-18,3.5969963738084543,3.657247801307168,3.578921175398919,3.639172315597534,4557410.0
2018-09-19,3.639172807109781,3.8259515106021547,3.639172807109781,3.7476248741149902,5164940.0
2018-09-20,3.819927219583047,3.825952191839389,3.6361608253115048,3.654236316680908,5302670.0
2018-09-21,3.663273419609695,3.7295498292007023,3.6301353584642664,3.723524570465088,5133220.0
2018-09-24,3.774738065535485,3.7958261835028213,3.6933990848905016,3.702436685562134,3576280.0
2018-09-25,3.735575095125157,3.7416003543357643,3.696412059456899,3.7295501232147217,2430700.0
2018-09-26,3.753650430902207,3.8319770736140093,3.753650430902207,3.8259518146514893,5033650.0
2018-09-27,3.8470396943215692,4.03683074302783,3.844027065027783,4.00971794128418,6960140.0
2018-09-28,4.036831734722156,4.036831734722156,3.834990119256027,3.9554927349090576,5071560.0
2018-10-01,3.9916429794396167,4.021768701751686,3.8621027757179713,3.9946556091308594,2830470.0
2018-10-02,3.9464549415432306,4.018756335063668,3.919341847148017,4.012731075286865,3575990.0
2018-10-03,3.979593069209104,3.988630671712172,3.8741533199059055,3.9464550018310547,3347750.0
2018-10-04,3.952479448172414,4.109132736303413,3.9494668186390873,4.03381872177124,4933870.0
2018-10-05,4.054905782729256,4.181433326063908,4.051893153768881,4.154320240020752,3649500.0
2018-10-08,4.124195103816415,4.1814339128961295,4.091057042501947,4.145283222198486,1857380.0
2018-10-09,4.154321624558675,4.202522554788475,4.082020229213976,4.09708309173584,3204660.0
2018-10-10,4.07599482011066,4.100095284343523,3.916329172742889,3.919341802597046,2496970.0
2018-10-11,3.8862035523433964,4.015743766521577,3.8711409772716854,3.9464550018310547,1624150.0
2018-10-12,3.988630763141553,4.106120747575408,3.9404298322867035,4.060932159423828,2406540.0
2018-10-15,4.04285609305035,4.063943923983501,3.8711402416229244,3.871140241622925,3383080.0
2018-10-16,3.8741524777233023,3.922353684295251,3.8078763573746373,3.8801777362823486,2955090.0
2018-10-17,3.883190365561872,3.9163284257362045,3.84101441754897,3.8801777362823486,2793220.0
2018-10-18,3.91632850470108,3.9193411340413467,3.8530647250562104,3.8681275844573975,2306510.0
2018-10-19,3.886203237360384,3.886203237360384,3.8530651726682277,3.8651154041290283,3544020.0
2018-10-22,3.922354114473803,3.9976681309209945,3.8681279306957705,3.931391716003418,2060380.0
2018-10-23,3.931392034713478,3.9464548966840667,3.8470404098984554,3.919341802597046,2508090.0
2018-10-24,3.952479548672576,3.952479548672576,3.8621026714759124,3.931391716003418,1699580.0
2018-10-25,3.9524788224247525,3.9524788224247525,3.813901046132873,3.895240306854248,2550180.0
2018-10-26,3.79582664483135,3.798838987221238,3.404193691428087,3.425281524658203,13197770.0
2018-10-29,3.425281524658203,3.425281524658203,3.425281524658203,3.425281524658203,0.0
2018-10-30,3.500595543611679,3.515658404764003,3.313816812303331,3.3891308307647705,4678470.0
2018-10-31,3.4011805108390174,3.6783360768296305,3.371054793418246,3.6000094413757324,4945890.0
2018-11-01,3.6451988740289445,3.6873745435679925,3.4915581962218947,3.6090478897094727,2737020.0
2018-11-02,3.6451982949502453,3.717499677502939,3.5909721143856475,3.7114744186401367,3184480.0
2018-11-05,3.732562562847106,3.762687995466358,3.630135459881302,3.6783363819122314,5207070.0
2018-11-06,3.681349443185554,3.6843617856907156,3.467457611108729,3.491558074951172,4152980.0
2018-11-07,3.494569869204249,3.603021930564335,3.494569869204249,3.554821014404297,1916310.0
2018-11-08,3.5909717513697728,3.6060346097038996,3.4945699177115648,3.5397582054138184,2288180.0
2018-11-09,3.533733690245649,3.5668720430091985,3.383105649830059,3.413231372833252,2491180.0
2018-11-12,3.440344637872562,3.527708894184203,3.2716410977706674,3.2806789875030518,2632920.0
2018-11-13,3.2595911834824225,3.3559933389328926,3.2595911834824225,3.2686290740966797,1801980.0
2018-11-14,3.2656156440871658,3.292728734689022,3.1903016312154144,3.2234396934509277,2872300.0
2018-11-15,3.2324772967242796,3.277665876857801,3.1993392344664917,3.2595903873443604,1481450.0
2018-11-16,3.25055278623772,3.280678506326734,3.214402094510999,3.2595903873443604,1929280.0
2018-11-19,3.2836906870501728,3.3108037763372162,3.211389307151487,3.24753999710083,2309910.0
2018-11-20,3.3734145041304116,3.3734145041304116,3.1720165202652666,3.1908977031707764,2195690.0
2018-11-21,3.2192184925079346,3.2475401121075516,3.1720159932460206,3.2192184925079346,1733580.0
2018-11-22,3.2034841353824195,3.260127067565918,3.1877498708457286,3.260127067565918,1413560.0
2018-11-23,3.2664221696277163,3.3482401371002197,3.2318070142076194,3.3482401371002197,2202090.0
2018-11-26,3.3545327541497607,3.3954417267742905,3.307330255024779,3.3356518745422363,1849260.0
2018-11-27,3.32935841173011,3.3356522390244496,3.2632747256705588,3.313624143600464,3047440.0
2018-11-28,3.3136237471259062,3.4929939021723366,3.301036394149505,3.477259635925293,3815650.0
2018-11-29,3.4898469184274283,3.5464901557304604,3.4646722129830057,3.4929938316345215,3286190.0
2018-11-30,3.461525296545072,3.480406475663847,3.313623677117512,3.370266914367676,8074050.0
2018-12-03,3.430056908964421,3.461525442117045,3.3136238164695886,3.3387985229492188,2967320.0
2018-12-04,3.3104777143094366,3.341945952213941,3.260127993471034,3.319918155670166,3068590.0
2018-12-05,3.3167706948285414,3.3545327541497607,3.2853021620077736,3.3356518745422363,2607060.0
2018-12-06,3.3041838796428045,3.34194594511169,3.234953276230071,3.256981372833252,2324640.0
2018-12-07,3.250686972032781,3.2727147646457477,3.2129249132221953,3.2255122661590576,1792190.0
2018-12-10,3.2443935888165196,3.253834028909301,3.181456521248166,3.1940438747406006,1958970.0
2018-12-11,3.216072040548871,3.216072040548871,3.047401259883044,3.0864219665527344,6477980.0
2018-12-12,3.0889397122703683,3.101527066676357,2.9844646406900432,3.07635235786438,6894130.0
2018-12-13,3.0713172946379124,3.1940439178177877,3.049918823422796,3.1443238258361816,4258890.0
2018-12-14,3.1191491185117877,3.222365538584277,3.0977506472966714,3.1443238258361816,2921770.0
2018-12-17,3.187750483208042,3.22865945881954,3.0788698558766345,3.1562819480895996,2401230.0
2018-12-18,3.1908964540084472,3.2223646797235843,3.141805697778241,3.2129242420196533,1817760.0
2018-12-19,3.228658838598671,3.2915955966393,3.216071486990545,3.260127067565918,3326170.0
2018-12-20,3.2255124513458973,3.2790087794254945,3.216072011127787,3.2318062782287598,1651540.0
2018-12-21,3.2475404575409126,3.376560916012845,3.2223657485759603,3.313624143600464,3611370.0
2018-12-24,3.3356516727686474,3.3482390251143115,3.1940435837472365,3.2003374099731445,1582300.0
2018-12-25,3.194044010168015,3.194044010168015,3.1468415075965437,3.1562819480895996,289450.0
2018-12-26,3.18460423612547,3.197191592785798,3.153135994527778,3.16257643699646,242320.0
2018-12-27,3.2443938774428465,3.250687404695856,3.15942900873067,3.1814568042755127,964390.0
2018-12-28,3.1814561490864426,3.1814561490864426,3.1267011828048097,3.159428358078003,895140.0
2018-12-31,3.1783094647635854,3.2853018044769233,3.175162551802745,3.241246223449707,1123950.0
2019-01-01,3.241246223449707,3.241246223449707,3.241246223449707,3.241246223449707,0.0
2019-01-02,3.1317365343376258,3.139289006706094,2.989499405120834,3.0851633548736572,11638360.0
2019-01-03,3.0536952593404196,3.100268440927291,3.017191841299714,3.0297791957855225,4137290.0
2019-01-04,3.037330742123801,3.1015261403902086,2.960547693104568,3.09271502494812,5594370.0
2019-01-07,3.0964924795309074,3.1783104410069734,3.0310381103500545,3.1657230854034424,3394620.0
2019-01-08,3.1657224407654696,3.1720159672325656,3.0851631412222265,3.1499881744384766,4808930.0
2019-01-09,3.165722687440909,3.329358289716203,3.1342541523348713,3.2853024005889893,5782080.0
2019-01-10,3.304183819500611,3.5433438632232894,3.291596464573429,3.533903121948242,8434190.0
2019-01-11,3.5339023413260424,3.5496366065359495,3.4143226459855023,3.483552932739258,3313130.0
2019-01-14,3.4992878249872095,3.5811057786547833,3.4961409113601025,3.508728265762329,3541050.0
2019-01-15,3.508728404313685,3.5653716514135123,3.480407080869984,3.5276095867156982,4580230.0
2019-01-16,3.5181691265799047,3.5527842773395264,3.474113234617122,3.5370500087738037,3946760.0
2019-01-17,3.540196747833998,3.5842526376230524,3.511875125834335,3.515022039413452,4316830.0
2019-01-18,3.4898474335234884,3.6251617203390603,3.4237637469514883,3.6094274520874023,6462410.0
2019-01-21,3.5968395950432295,3.6283078270443543,3.5087278251852876,3.5622241497039795,2364400.0
2019-01-22,3.530755753677615,3.6283076584872305,3.530755753677615,3.596839427947998,3709070.0
2019-01-23,3.5811059280048365,3.603133724100852,3.524462680779409,3.533903121948242,3402090.0
2019-01-24,3.546490616150342,3.650336364616805,3.5150220802063585,3.631455183029175,2449950.0
2019-01-25,3.647189104374454,3.725860136651362,3.6094270448942787,3.7164196968078613,5877780.0
2019-01-28,3.7132730789660546,3.8076783852316534,3.691244984103491,3.7667694091796875,5109420.0
2019-01-29,3.7604761154667625,3.8234128952026363,3.738448317585766,3.8234128952026367,4488580.0
2019-01-30,3.813971237998916,3.961872848331068,3.7478875653063497,3.8265585899353027,4642150.0
2019-01-31,3.8422939255598867,3.9335523275549114,3.7825040622277917,3.7919445037841797,3581010.0
2019-02-01,3.766769128155058,3.826558980935728,3.6346017692649735,3.6566295623779297,3374480.0
2019-02-04,3.6660700305383447,3.735300623849428,3.537049583985536,3.5811054706573486,4003120.0
2019-02-05,3.5968395009707503,3.67865714211873,3.4992872940744877,3.653482437133789,3728140.0
2019-02-06,3.6503358240902886,3.694391407760857,3.5873987615217806,3.653482437133789,2165540.0
2019-02-07,3.662923912971344,3.6660705266474354,3.5559312452226264,3.587399482727051,2494930.0
2019-02-08,3.6062801772966195,3.618867530616255,3.527609144022353,3.5811054706573486,2473940.0
2019-02-11,3.6188675027102164,3.6566295623779297,3.5842523563746886,3.6566295623779297,1882750.0
2019-02-12,3.6377484827118662,3.7321534766407427,3.5370493623582915,3.710125684738159,6427060.0
2019-02-13,3.710125741119209,3.710125741119209,3.445791033846608,3.4929938316345215,10994610.0
2019-02-14,3.508728367519808,3.5181691086749223,3.4048826156632326,3.4111764430999756,4042110.0
2019-02-15,3.4143231130321636,3.4237635534070106,3.319917808965128,3.3545329570770264,5582610.0
2019-02-18,3.36082684178687,3.414323171673454,3.3167709524372726,3.4048824310302734,2782320.0
2019-02-19,3.417469951457181,3.4835536386450423,3.3513862642693195,3.420616865158081,1921470.0
2019-02-20,3.43949847189779,3.4804074547414903,3.408029931216099,3.4269111156463623,3968820.0
2019-02-21,3.4489386817413217,3.489847661829417,3.414323529408114,3.433204412460327,4598230.0
2019-02-22,3.4489381399050068,3.4772597601401585,3.4300569597128465,3.4552316665649414,2900700.0
2019-02-25,3.48984665900118,3.6503356193586582,3.48984665900118,3.634601354598999,4699430.0
2019-02-26,3.625161938813748,3.684951801645909,3.5685186897365884,3.675511360168457,2404990.0
2019-02-27,3.6629231115376575,3.6692166376190563,3.5590773802922997,3.603132963180542,3486490.0
2019-02-28,3.6125738398158425,3.6125738398158425,3.4961407422022153,3.5433435440063477,4066760.0
2019-03-01,3.4898479667163516,3.5527847492325106,3.4678201678622584,3.530756950378418,2068400.0
2019-03-04,3.524461817892589,3.533902256750139,3.4206160901411193,3.442643880844116,2428380.0
2019-03-05,3.4143232548285956,3.417469868346764,3.335652214856565,3.3734142780303955,4737750.0
2019-03-06,3.398587956242432,3.4772589723586638,3.3450916412749057,3.4709651470184326,3821810.0
2019-03-07,3.461525061282243,3.4646719742725187,3.3608262464425427,3.3765602111816406,3341900.0
2019-03-08,3.379707619661051,3.379707619661051,3.28844923030691,3.3671202659606934,2988160.0
2019-03-11,3.360825833209719,3.3765597960142357,3.1783091037011717,3.2129242420196533,2689850.0
2019-03-12,3.2160719489223037,3.2790087160026844,3.1814565019484613,3.2538340091705322,2424930.0
2019-03-13,3.2601281023768096,3.2601281023768096,3.129219664121334,3.1657230854034424,3696730.0
2019-03-14,3.1418072835016067,3.1814573219338245,3.1229260984579876,3.16257643699646,2069440.0
2019-03-15,3.181456214378509,3.2223651843095626,3.172015775196312,3.20977783203125,3505770.0
2019-03-18,3.2286597221600553,3.27900914237128,3.172016474369319,3.2034850120544434,5648780.0
2019-03-19,3.1846033903454893,3.2286592770092217,3.1688691236722866,3.2066311836242676,3140550.0
2019-03-20,3.1908976320136206,3.200338073202743,3.1040447927975405,3.112855911254883,3143340.0
2019-03-21,3.149988152572975,3.1751628584789473,3.0499186515808105,3.0499186515808105,9815320.0
2019-03-22,3.0964917465567248,3.1625754228590752,3.0322960381001973,3.0990090370178223,7447250.0
2019-03-25,3.1090798351344384,3.2255129494936567,3.1090798351344384,3.1657230854034424,5537170.0
2019-03-26,3.134254567630801,3.178310462595522,3.059989079033654,3.0801289081573486,5814780.0
2019-03-27,3.097750874489752,3.1499885610774507,2.8157938916924996,2.8346750736236572,9743760.0
2019-03-28,2.893835686511118,3.0209681812517815,2.842227321275195,2.9366326332092285,9600930.0
2019-03-29,2.9101990546032113,3.0411074756783925,2.9101990546032113,2.9995691776275635,7280970.0
2019-04-01,3.083793311523425,3.1461322667585927,3.0134961245072764,3.0798141956329346,6076600.0
2019-04-02,3.0599188629481024,3.233672444670366,3.0360444819093155,3.2071452140808105,5755390.0
2019-04-03,3.1832704477971694,3.2575467477047866,3.1779647493377365,3.2204084396362305,3131540.0
2019-04-04,3.2456092227437785,3.3052956391924924,3.2058183838544614,3.281420946121216,2999940.0
2019-04-05,3.3789087226845633,3.4352791607906115,3.3039692883730876,3.392172336578369,6315860.0
2019-04-08,3.388857066985482,3.4021206824319608,3.3291706393615588,3.3556978702545166,2485790.0
2019-04-09,3.412067768819152,3.412067768819152,3.3590133155252055,3.3822245597839355,2228970.0
2019-04-10,3.4120681678328775,3.4120681678328775,3.3324864785855244,3.345750093460083,2826940.0
2019-04-11,3.3358028134385647,3.3988049116848895,3.3358028134385647,3.375593662261963,3779710.0
2019-04-12,3.3623296544574104,3.368961303707636,3.339118091507823,3.352381706237793,1581730.0
2019-04-15,3.4186999531030406,3.425331602075845,3.3066222077741414,3.3192226886749268,2584460.0
2019-04-16,3.3258543014526367,3.3755930912401424,3.3192226525520043,3.3258543014526367,3487010.0
2019-04-17,3.329170536419657,3.4618066867831785,3.329170536419657,3.448543071746826,3362960.0
2019-04-18,3.4352792757480524,3.5115452953617083,3.3988044153768757,3.504913330078125,3481250.0
2019-04-19,3.508229740609531,3.5115457236557646,3.4651229096971434,3.485018491744995,521480.0
2019-04-22,3.4817022402684876,3.501597820782441,3.4286477805373106,3.4684386253356934,697910.0
2019-04-23,3.4684386253356934,3.4684386253356934,3.4684386253356934,3.4684386253356934,0.0
2019-04-24,3.4286483362354505,3.5380732562234267,3.352382300838924,3.4817028045654297,8269340.0
2019-04-25,3.4618070597591384,3.498282242211097,3.3789093777931387,3.395488977432251,4315330.0
2019-04-26,3.4054360069677356,3.5015972794209422,3.3523812392095222,3.4949653148651123,4835900.0
2019-04-29,3.4949662775155494,3.594443559646606,3.488334627362579,3.5944435596466064,4548780.0
2019-04-30,3.6110228445565586,3.660761323170997,3.4916499899146505,3.498281955718994,7345000.0
2019-05-01,3.498281955718994,3.498281955718994,3.498281955718994,3.498281955718994,0.0
2019-05-02,3.5148617358009093,3.5579682508406196,3.4651229383842765,3.5015981197357178,4019790.0
2019-05-03,3.518177518534523,3.6342344001000524,3.518177518534523,3.617654800415039,7279270.0
2019-05-06,3.5977591801842066,3.6176544448672403,3.4982819080804464,3.587811231613159,4194930.0
2019-05-07,3.5148614532865494,3.56128394766864,3.4584910104829887,3.5314407348632812,3563330.0
2019-05-08,3.528125044275572,3.557967940648314,3.4750702684106978,3.491649866104126,2559600.0
2019-05-09,3.4982815963534755,3.508229227808573,3.392172367990928,3.408751964569092,2602700.0
2019-05-10,3.422016086343415,3.471754883458134,3.3556980064200057,3.4253320693969727,2363900.0
2019-05-13,3.4153841814277808,3.4286477964220246,3.3026432958619463,3.3623297214508057,2428850.0
2019-05-14,3.355697477427779,3.475070002472028,3.349065828595626,3.392172336578369,2097570.0
2019-05-15,3.3888566161154223,3.4618063332507005,3.322538547706308,3.455174684524536,1985330.0
2019-05-16,3.461806638179433,3.494965833419522,3.3623296849182114,3.3689613342285156,3323030.0
2019-05-17,3.3623295716024817,3.3656452380311297,3.28274756895421,3.3159067630767822,3921070.0
2019-05-20,3.3324860888782326,3.3988041554956654,3.3324860888782326,3.3822245597839355,1783760.0
2019-05-21,3.3590138531735203,3.385541084066478,3.314580757239293,3.3556978702545166,3166630.0
2019-05-22,3.3391184122933195,3.3556980113559463,3.2164298851971607,3.274790048599243,2693660.0
2019-05-23,3.2482624392823958,3.3013172185310924,3.2482624392823958,3.250915288925171,1827120.0
2019-05-24,3.262852389622895,3.4021205025626173,3.2588732735763726,3.388856887817383,3771930.0
2019-05-27,3.3954882648415863,3.46512231572853,3.3590134062739474,3.455174684524536,1466910.0
2019-05-28,3.4021197369689102,3.5977582476078798,3.4021197369689102,3.5214922428131104,3618200.0
2019-05-29,3.551336534726338,3.6276022466222204,3.501598054466375,3.528125286102295,3033260.0
2019-05-30,3.5281253277729094,3.674025103493686,3.5281253277729094,3.6077070236206055,6866130.0
2019-05-31,3.6209702435847846,3.6640770698452596,3.5347565910638337,3.644181489944458,3140970.0
2019-06-03,3.644181522229532,3.670708751512606,3.567915817098075,3.601074695587158,688570.0
2019-06-04,3.6010746955871586,3.6010746955871586,3.6010746955871586,3.601074695587158,0.0
2019-06-05,3.6010746955871586,3.6010746955871586,3.6010746955871586,3.601074695587158,0.0
2019-06-06,3.6010746955871586,3.6010746955871586,3.6010746955871586,3.601074695587158,0.0
2019-06-07,3.58117925512793,3.7900814126019218,3.4817019921075287,3.776817798614502,4896090.0
2019-06-10,3.7569226002739047,3.8762951382588113,3.713815771388638,3.7867658138275146,3918220.0
2019-06-11,3.800029744100599,3.829872960127575,3.703868445918986,3.737027645111084,2298390.0
2019-06-12,3.7204475084057957,3.8066608446456964,3.6939202793735935,3.763554334640503,3159890.0
2019-06-13,3.773502298819241,3.773502298819241,3.6740250230723213,3.7171318531036377,2958070.0
2019-06-14,3.7038684001201325,3.8099773302554985,3.6839728176049733,3.8033456802368164,2009410.0
2019-06-17,3.7668704615402984,3.866347740685406,3.7105000138990554,3.846452474594116,3485540.0
2019-06-18,3.8331888138222503,3.9757726065813936,3.793397649643902,3.9127705097198486,5961220.0
2019-06-19,3.9194015293135362,4.065301597893009,3.902822249173163,4.0089311599731445,3880250.0
2019-06-20,3.995667849505803,4.078565521419909,3.9194018269054745,3.922717809677124,4738940.0
2019-06-21,3.912770287544701,4.008931577018117,3.8928747065852387,3.9757723808288574,2704420.0
2019-06-24,4.012247858530026,4.095145538944038,3.9127705787873,3.972456693649292,3472130.0
2019-06-25,3.985719674758486,4.141567049052888,3.9160856271822397,4.032142162322998,3780320.0
2019-06-26,4.032141982456943,4.088512414467399,3.982403514790995,4.005614757537842,2085620.0
2019-06-27,4.078565088575488,4.134935524793036,4.04540589683711,4.061985492706299,2422770.0
2019-06-28,4.068617952229216,4.164779240486907,4.065301969406306,4.124988079071045,2913760.0
2019-07-01,4.191306512109188,4.214517759640316,4.038774779269926,4.0586700439453125,5303970.0
2019-07-02,4.0586700439453125,4.098460889525616,4.032142813558444,4.0586700439453125,1911560.0
2019-07-03,4.078565410655346,4.128303885961217,4.048722198980018,4.098460674285889,2188600.0
2019-07-04,4.085196892642949,4.111724120551319,3.972456015917627,4.025510787963867,2063130.0
2019-07-05,3.9857205188196874,4.052038598120026,3.9359817221722735,3.9558773040771484,2568840.0
2019-07-08,3.9558770323739867,4.042090371428227,3.922717836886531,3.998983860015869,2903370.0
2019-07-09,3.979087949753275,4.0089311599731445,3.9227175118334103,4.0089311599731445,1659680.0
2019-07-10,4.0056159407957255,4.065302372609792,3.982404691192282,4.02882719039917,2274810.0
2019-07-11,4.015563102395163,4.10509273960104,4.015563102395163,4.065301895141602,1079840.0
2019-07-12,4.048722090042366,4.108408511787059,3.952560808470087,3.9625084400177,2791050.0
2019-07-15,3.9625084400177006,3.9625084400177006,3.9625084400177006,3.9625084400177,0.0
2019-07-16,3.959192927387337,4.091829400760853,3.9459293116729395,4.022195339202881,1945020.0
2019-07-17,4.025511042370724,4.171410805087425,4.025511042370724,4.148199558258057,2145650.0
2019-07-18,4.134936202936863,4.201254281060523,4.048722543261334,4.187990665435791,3074050.0
2019-07-19,4.191306559061224,4.211201823959482,4.115040533672477,4.138251781463623,2854680.0
2019-07-22,4.144884023329966,4.17472723889467,4.042090760410378,4.131620407104492,4018160.0
2019-07-23,4.121672328673202,4.1614631730504845,4.071933536029459,4.148199558258057,1840090.0
2019-07-24,4.144884119548528,4.290783901415629,4.1349364862058895,4.207886219024658,4167300.0
2019-07-25,4.231097071148398,4.270887914033961,4.144883420114926,4.184674263000488,2674180.0
2019-07-26,4.201255042006742,4.221150310932571,4.124989001178801,4.1448845863342285,3192420.0
2019-07-29,4.158146892299014,4.161462874816859,4.0520379815639505,4.0918288230896,2920980.0
2019-07-30,4.098460586104801,4.144883393959773,4.002299304014115,4.0851969718933105,2673300.0
2019-07-31,4.091828612134837,4.091828612134837,3.982403724523343,4.048721790313721,2842430.0
2019-08-01,4.01887845993042,4.038774037179695,3.9525603961486255,4.01887845993042,2883820.0
2019-08-02,4.015562196071845,4.028825807898024,3.872978447997779,3.8961896896362305,3016620.0
2019-08-05,3.8796102435220594,3.9525602694585267,3.85308301885961,3.8829262256622314,1862200.0
2019-08-06,3.8729794895415854,3.9392975665071193,3.846452258755372,3.8862431049346924,5107470.0
2019-08-07,3.9028222896097433,3.9061379559344718,3.776817798614502,3.776817798614502,2683480.0
2019-08-08,3.8099769973597057,3.8630314577917684,3.7867657499780605,3.813292980194092,3441900.0
2019-08-09,3.806660481843976,3.8630309172222828,3.760237993576771,3.816608428955078,2237890.0
2019-08-12,3.816608428955078,3.816608428955078,3.816608428955078,3.816608428955078,0.0
2019-08-13,3.816608428955078,3.816608428955078,3.816608428955078,3.816608428955078,0.0
2019-08-14,3.816608428955078,3.816608428955078,3.816608428955078,3.816608428955078,0.0
2019-08-15,3.793397741968031,3.8961910055097184,3.746975243012704,3.8663477897644043,4441040.0
2019-08-16,3.8630307728710984,4.038774037179695,3.859715106854113,4.01887845993042,3760160.0
2019-08-19,4.01887887917002,4.03545847590238,3.9293495627824866,3.9625084400177,2555400.0
2019-08-20,3.9724562926233493,4.025511068365177,3.8796109884768155,3.8995065689086914,2558970.0
2019-08-21,3.8995061166068634,3.9194013785015747,3.8563992941956746,3.879610538482666,2040400.0
2019-08-22,3.896190770841357,3.896190770841357,3.7668702824771803,3.8066611289978027,2734010.0
2019-08-23,3.80002929319179,3.955877004934575,3.7635544313922114,3.922717809677124,2553220.0
2019-08-26,3.819925412466608,3.9094547463243368,3.816609429227175,3.8729798793792725,1911020.0
2019-08-27,3.87297857102945,3.9293490021387765,3.809976175681634,3.9260330200195312,5910860.0
2019-08-28,3.9227182759897916,3.9227182759897916,3.816609344519497,3.8597161769866943,2949430.0
2019-08-29,3.863031087603134,3.919401525467686,3.8431358249624084,3.8895583152770996,3733740.0
2019-08-30,3.8895583152770996,3.8895583152770996,3.8895583152770996,3.8895583152770996,0.0
2019-09-02,3.8895586144196725,3.9658246370200017,3.8862429478775455,3.922717809677124,1710810.0
2019-09-03,3.90613750597648,4.0454055949164935,3.8995058578614374,4.005614757537842,2236240.0
2019-09-04,4.035458175302557,4.038774157647924,3.952560514045281,3.9658241271972656,3014370.0
2019-09-05,4.012246956005434,4.012246956005434,3.896190103040105,3.9459285736083984,2765080.0
2019-09-06,3.9426129390180527,3.9426129390180527,3.853083311803394,3.879610538482666,4044530.0
2019-09-09,3.8995065689086914,3.945929062867197,3.8928746033548918,3.8995065689086914,3891140.0
2019-09-10,3.866346551176107,3.9359805935313137,3.866346551176107,3.929348945617676,4057270.0
2019-09-11,3.949245152855103,4.022195194779674,3.912770290007583,4.012247562408447,2248850.0
2019-09-12,4.0321424933100065,4.0321424933100065,3.9625084400177006,3.9625084400177,2793280.0
2019-09-13,3.9890356124177333,4.028826454280288,3.9558767356470215,4.025510787963867,1548170.0
2019-09-16,3.9790874286887155,4.11172354981989,3.9790874286887155,4.095144271850586,2988940.0
2019-09-17,4.111725184957505,4.115041168361838,3.9790890110800046,4.002300262451172,2208780.0
2019-09-18,4.015562712570201,4.018878695010624,3.9392970138174213,3.9591922760009766,2550850.0
2019-09-19,3.9591930536470485,3.965825019830514,3.8132932761358957,3.846452474594116,5198440.0
2019-09-20,3.8398199961666974,3.8829268219199777,3.793397187764047,3.853083610534668,3792310.0
2019-09-23,3.8762947148011553,3.886242662385305,3.800029014033001,3.8199245929718018,2743060.0
2019-09-24,3.886242954030615,3.959192677745273,3.8762950056999155,3.8995065689086914,3730360.0
2019-09-25,3.8729790059330313,3.9591923371082287,3.859715392196117,3.9326651096343994,4762890.0
2019-09-26,4.00561590098285,4.048722732839052,3.9326658535162347,3.9492454528808594,3562010.0
2019-09-27,3.9492444696149187,4.03545811186222,3.9492444696149187,4.015562534332275,3759620.0
2019-09-30,4.025511061991605,4.045406326162458,3.9061382120483983,3.922717809677124,5684410.0
2019-10-01,3.942612614386297,3.9625078746428475,3.906137443533521,3.9260330200195312,3460700.0
2019-10-02,3.9426132389401904,3.952560870644281,3.8762948509675565,3.935981273651123,4267360.0
2019-10-03,3.952560514045281,4.002298984307854,3.902822043782708,3.9658241271972656,3293370.0
2019-10-04,3.982404651610109,3.9956682678558977,3.9127705872623295,3.9492454528808594,2884490.0
2019-10-07,3.9326647308955813,4.052037559261001,3.90613750597648,4.005614757537842,9971720.0
2019-10-08,3.955876553700024,4.158146736255483,3.9260333446183444,4.045405864715576,4127710.0
2019-10-09,4.012247982949853,4.048722849620465,3.9591932002068306,3.97908878326416,3238130.0
2019-10-10,4.038775019672488,4.108409082640274,3.8530840796818753,3.9127705097198486,5516780.0
2019-10-11,3.906138005743141,3.9558767960023307,3.8862427426230695,3.9392971992492676,1998160.0
2019-10-14,3.892874597191322,3.942613390077499,3.773502063477638,3.922717809677124,5099280.0
2019-10-15,3.942613121692837,4.0586696647345795,3.916085893784467,4.025510787963867,3252570.0
2019-10-16,4.0188790691181575,4.05866991341879,3.9426133632659908,3.942613363265991,4135230.0
2019-10-17,3.965824893359307,4.078565785046456,3.92271806323013,4.022195339202881,3244500.0
2019-10-18,4.071933659138747,4.128304102768226,4.02219518122075,4.0586700439453125,3673170.0
2019-10-21,4.08851284307313,4.118356053293,3.9923515636032727,4.0089311599731445,1944060.0
2019-10-22,4.015563496392885,4.061986310931888,3.975772648029262,3.992352247238159,2413530.0
2019-10-23,4.025511220912736,4.065302067054847,3.995668007248769,4.055354118347168,3326970.0
2019-10-24,4.1050927114368,4.277519702911377,4.058669901771193,4.277519702911377,11490610.0
2019-10-25,4.277519877158306,4.3272586715896315,4.217833766562061,4.304047107696533,2878920.0
2019-10-28,4.287467385052069,4.32062626170152,4.227780964361758,4.237728595733643,1395970.0
2019-10-30,4.187990356607953,4.327258468512599,4.141567547229899,4.297415256500244,3590680.0
2019-10-31,4.234413165986008,4.363733329733524,4.234413165986008,4.297415256500244,4027880.0
2019-11-01,4.294099475302081,4.340522286858745,4.270888227638515,4.304047107696533,1935330.0
2019-11-04,4.337206409184,4.499685779228999,4.297415562411523,4.453263282775879,2852220.0
2019-11-05,4.456578704717517,4.509633480396251,4.363733400681397,4.476474285125732,3364880.0
2019-11-06,4.509632879494051,4.559371349542725,4.449946462452058,4.5295281410217285,2300660.0
2019-11-07,4.5825827158842,4.758325989376317,4.549423840375312,4.642269134521484,6317030.0
2019-11-08,4.648901775297813,4.685376638529777,4.489738074532944,4.503001689910889,4716690.0
2019-11-11,4.48310659937146,4.519581464022458,4.357102090264086,4.383629322052002,4099360.0
2019-11-12,4.400208746268055,4.430051643672398,4.357101917266846,4.357101917266846,5797040.0
2019-11-13,4.3604173395659425,4.416787780775317,4.307362881069947,4.380312919616699,6638700.0
2019-11-14,4.390260956050501,4.439999752645618,4.327258859838808,4.430051803588867,4624040.0
2019-11-15,4.46321075727654,4.516265217760082,4.403524331117792,4.4897379875183105,4356480.0
2019-11-18,4.542791997580417,4.5858988215066,4.499685173654233,4.506317138671875,3816370.0
2019-11-19,4.590207278358501,4.590207278358501,4.452130662957524,4.468969345092773,4469570.0
2019-11-20,4.462234097772435,4.462234097772435,4.404982766673359,4.411718368530273,4121160.0
2019-11-21,4.408349976039048,4.431923937032477,4.378040414092564,4.381408214569092,2421260.0
2019-11-22,4.384776869660877,4.408350835248991,4.364570384034498,4.3780412673950195,1584200.0
2019-11-25,4.431923921963434,4.468969084737014,4.347730837363304,4.354466438293457,2703840.0
2019-11-26,4.334260439927842,4.367937805991246,4.253435146781074,4.28037691116333,4827720.0
2019-11-27,4.2534355120062175,4.314054647656995,4.236596827528647,4.250067710876465,3673650.0
2019-11-28,4.243332197266808,4.330892773643981,4.2399643963216,4.263538360595703,2633100.0
2019-11-29,4.270273729962449,4.314054176352704,4.256802848086306,4.277009010314941,3161760.0
2019-12-02,4.347731535682217,4.354467137694221,4.300583606282916,4.314054489135742,3284930.0
2019-12-03,4.324157448085939,4.334260529645624,4.2534352348257976,4.256803035736084,3303490.0
2019-12-04,4.263538594224283,4.273641676442348,4.233229026398894,4.250067710876465,2619610.0
2019-12-05,4.27700900901726,4.458866074875596,4.27700900901726,4.4521307945251465,5194220.0
2019-12-06,4.421820989131597,4.458865831968861,4.317421419432196,4.364569664001465,2773170.0
2019-12-09,4.3544663677314475,4.378040328262718,4.28037636455601,4.330892086029053,2998930.0
2019-12-10,4.344362571397727,4.3746721299934705,4.29047905441467,4.307317733764648,3694630.0
2019-12-11,4.283743775377335,4.327524213218843,4.250066416677376,4.307317733764648,1973830.0
2019-12-12,4.324157743332211,4.4117186459511215,4.324157743332211,4.404983043670654,2975600.0
2019-12-13,4.445395131672103,4.543059104189865,4.445395131672103,4.529588222503662,5728370.0
2019-12-16,4.620516591089178,4.674400114059363,4.586839228647247,4.640722751617432,3320260.0
2019-12-17,4.633988273916898,4.633988273916898,4.482440759039499,4.5026469230651855,4032890.0
2019-12-18,4.492543307379433,4.492543307379433,4.428556379499716,4.468969345092773,2739200.0
2019-12-19,4.489176657281749,4.526221510536872,4.475705772355228,4.512750625610352,3353120.0
2019-12-20,4.506014359384494,4.553162606913298,4.448763030660646,4.532956123352051,2699710.0
2019-12-23,4.539692365460152,4.570001936637312,4.512750595785172,4.559898853302002,1807660.0
2019-12-24,4.576737026756088,4.623884957818123,4.55653054117865,4.580104827880859,1610000.0
2019-12-25,4.580104539390464,4.60031070252397,4.543059371693751,4.596942901611328,980890.0
2019-12-26,4.617148404841073,4.724915441777345,4.617148404841073,4.6912384033203125,4044370.0
2019-12-27,4.63398801520146,4.724916390582895,4.63398801520146,4.664297580718994,1933980.0
2019-12-30,4.711446249416398,4.735020538066925,4.6946075635720845,4.731652736663818,3041060.0
2019-12-31,4.745122361459857,4.819212366804094,4.728283680085557,4.795638084411621,1405690.0
2020-01-02,4.782167845564774,4.795638728238488,4.697974748561271,4.721549034118652,3239220.0
2020-01-03,4.711445325410945,4.758593572294097,4.549794743819263,4.610413551330566,6198230.0
2020-01-06,4.644091372736438,4.657562255859375,4.5868400391711575,4.657562255859375,2088030.0
2020-01-07,4.714813094542738,4.805741786956787,4.6811357296846845,4.805741786956787,3199680.0
2020-01-08,4.7889030046802725,4.822580047665013,4.714812996240008,4.802373886108398,2374300.0
2020-01-09,4.9067736336996095,4.933715399283743,4.822580535956398,4.930347919464111,3654860.0
2020-01-10,4.9774959836008135,4.9774959836008135,4.836051549863677,4.913509368896484,4522390.0
2020-01-13,4.950554203406693,5.004437735884782,4.8831997878090805,4.9875993728637695,5987170.0
2020-01-14,4.984231065296897,5.044849872589111,4.940450619314592,5.044849872589111,4187800.0
2020-01-15,5.061688504755726,5.135778514233244,4.977495414358461,5.112204551696777,5631550.0
2020-01-16,5.125675438919492,5.230074691270439,5.038114547729492,5.038114547729492,6550710.0
2020-01-17,5.058321441837246,5.166088503646759,4.9168770126266725,5.115572452545166,2911710.0
2020-01-20,5.132411497800615,5.186295032501221,5.102101929238725,5.186295032501221,3817420.0
2020-01-21,5.132410972922875,5.297429361360295,5.118940090625355,5.2536492347717285,3435780.0
2020-01-22,5.287326516718401,5.314268282520007,5.115572518854779,5.13914680480957,3167470.0
2020-01-23,5.145881581955321,5.2031329089723215,5.054953211568477,5.085262775421143,4401760.0
2020-01-24,5.142514631736535,5.145882111600315,4.964025030937656,4.990966796875,5316870.0
2020-01-27,4.990966752854719,4.990966752854719,4.926980139610687,4.984231472015381,2926380.0
2020-01-28,4.9875982052862025,5.044849204263543,4.94381776510379,5.028010845184326,3409580.0
2020-01-29,5.031380525445906,5.125677047632525,5.031380525445906,5.102102756500244,2830990.0
2020-01-30,5.132411215513489,5.132411215513489,4.987599304263196,5.065056800842285,4108880.0
2020-01-31,5.09873440415516,5.112205287711307,4.9842317333423125,5.051586151123047,3947270.0
2020-02-03,5.0549532169351705,5.118939824225612,4.980863207569014,5.011172771453857,2336490.0
2020-02-04,5.03474612458179,5.0717912853667375,4.990965684399378,5.028010845184326,4105490.0
2020-02-05,5.0717912853667375,5.102100524411997,5.014539965218285,5.028010845184326,3150310.0
2020-02-06,5.038114635274128,5.0818950816298765,4.994334188918378,5.014540672302246,4276850.0
2020-02-07,4.984230894945173,5.017907937585128,4.9471857305187354,4.980863094329834,3356230.0
2020-02-10,4.96739250836304,4.98423119126969,4.819212805361081,4.88993501663208,3842730.0
2020-02-11,4.937083100212213,4.970760467095413,4.846154723501449,4.926980018615723,4427870.0
2020-02-12,4.970760479403313,5.199765482794117,4.876463980365337,5.155985355377197,8816340.0
2020-02-13,5.145881588726675,5.519698794002089,5.12567542691241,5.472550868988037,9732240.0
2020-02-14,5.462447842415354,5.523066974367599,5.347945501530588,5.368151664733887,3881070.0
2020-02-17,5.391726294417442,5.472551594735527,5.361416726505362,5.384990692138672,2654460.0
2020-02-18,5.368151483892996,5.384990166775937,5.253649146865555,5.277223110198975,4360360.0
2020-02-19,5.32100317219477,5.432137700369621,5.314267571060521,5.428770542144775,5291630.0
2020-02-20,5.46581514389265,5.553376032895736,5.300796767736087,5.341209411621094,6735310.0
2020-02-21,5.307532810214614,5.405196466844358,5.277223244488266,5.361416339874268,3024280.0
2020-02-24,5.307533417203222,5.384990919654499,5.179559859040443,5.216604709625244,4292640.0
2020-02-25,5.2233394446824475,5.287326052551167,5.152617235369045,5.193029880523682,3446150.0
2020-02-26,5.179558709112532,5.395093125720233,5.149249146648982,5.358047962188721,7488440.0
2020-02-27,5.324371468535715,5.341209830596947,5.182927043257419,5.206501007080078,6622520.0
2020-02-28,4.984232585523849,5.270488990327595,4.761962808259146,5.102102756500244,5347580.0
2020-03-02,5.280590589301255,5.442241164318489,5.1795588193299125,5.388357639312744,4190300.0
2020-03-03,5.4321383218783,5.452345127592973,5.196398036288283,5.236810684204102,5156440.0
2020-03-04,5.273855280169308,5.273855280169308,5.108836895407298,5.122307777404785,4807510.0
2020-03-05,5.206501095877548,5.2469137436218505,5.135778882032224,5.182927131652832,2518870.0
2020-03-06,5.2199724673551495,5.226708069862302,5.05158625873079,5.209869384765625,2546540.0
2020-03-09,5.112204838272174,5.1189401188725165,4.910141281523177,5.031379222869873,2755700.0
2020-03-10,5.105469291477099,5.226707555300476,4.748490744193354,4.825948238372803,3110820.0
2020-03-11,4.755225890834729,4.8158450210377985,4.607046187325317,4.74175500869751,3486610.0
2020-03-12,4.6878718062136455,4.7821679877329535,4.425189425681408,4.5026469230651855,3857800.0
2020-03-13,4.394879111941012,4.613781005005848,4.219757340552238,4.260169982910156,5062850.0
2020-03-16,4.223125596017227,4.223125596017227,3.805527925491333,3.805527925491333,2899310.0
2020-03-17,3.8998236732357143,3.8998236732357143,3.42497472501252,3.4317100048065186,6448770.0
2020-03-18,3.2747749549719813,3.4754912191975036,3.1346775070356045,3.1454544067382812,6055750.0
2020-03-19,3.0754056548758864,3.0956121409031288,2.8356237335990104,2.9366555213928223,9689590.0
2020-03-20,3.0902234964552715,3.196643572293008,2.9838034206175346,3.1427600383758545,8650640.0
2020-03-23,3.199061217742147,3.4184913300497763,2.9088937077246286,3.2134974002838135,8975320.0
2020-03-24,3.482010508471957,3.6126582546856856,3.3477539747164364,3.507995843887329,9076220.0
2020-03-25,3.7425840309258867,3.7425840309258867,3.500777703642436,3.5368683338165283,8478640.0
2020-03-26,3.536867280801395,3.5585213771102704,3.474791676964614,3.529649019241333,5169530.0
2020-03-27,3.538311128734131,3.627093826846205,3.42282168637973,3.505107879638672,6490280.0
2020-03-30,3.5152139452386137,3.5152139452386137,3.3578594421362107,3.4300403594970703,5560580.0
2020-03-31,3.50077814418711,3.50077814418711,3.42715370369212,3.4545822143554688,4171520.0
2020-04-01,3.5368683248029478,3.717320786842019,3.467574438952156,3.6307036876678467,6346520.0
2020-04-02,3.6956666398996005,3.7678475617363536,3.5816206801417954,3.749802589416504,5394520.0
2020-04-03,3.8616821782805806,3.955517530441284,3.717320362791588,3.955517530441284,3896510.0
2020-04-06,3.9699542019007956,4.175669900405302,3.912209468579233,4.11792516708374,7269940.0
2020-04-07,4.193714931739871,4.59071046273141,4.193714931739871,4.265895843505859,11833190.0
2020-04-08,4.273113663460494,4.36333987985388,4.24785043300977,4.2586774826049805,3819530.0
2020-04-09,4.2334146202623035,4.2622873310170135,4.085443655549987,4.10709810256958,7926410.0
2020-04-10,4.114316035204703,4.154015797502597,4.0385259866737115,4.11792516708374,3036950.0
2020-04-13,4.1034884428010105,4.1034884428010105,3.9988260414066135,4.009653091430664,3317550.0
2020-04-14,4.013261924266498,4.078224907949298,4.013261924266498,4.0421342849731445,5118290.0
2020-04-15,4.0565706194497615,4.071006800351566,3.767846657227971,3.9230358600616455,4507940.0
2020-04-16,3.9663444114000725,4.096270383984807,3.897772638013676,4.063788890838623,4722420.0
2020-04-17,4.121534625575591,4.2370241013707295,4.121534625575591,4.172061443328857,5407790.0
2020-04-20,4.258677845875559,4.345294938397188,4.20815103647841,4.334467887878418,4552030.0
2020-04-21,4.305595461036997,4.32364043024373,4.186496874506793,4.320031642913818,3844710.0
2020-04-22,4.320030936126821,4.3308579847166255,4.262286218066973,4.283940315246582,3900330.0
2020-04-24,4.273114287247266,4.273114287247266,4.186497189469868,4.20454216003418,3311200.0
2020-04-27,4.294767922865586,4.4571753937807905,4.269504691472427,4.403039455413818,3994700.0
2020-04-28,4.406648810412666,4.504092953720625,4.316422586075131,4.4391303062438965,4093570.0
2020-04-29,4.453566250653504,4.500483926106996,4.395821525229425,4.486047744750977,2963840.0
2020-04-30,4.486047167929737,4.652063404270257,4.417475057166442,4.561837196350098,4100960.0
2020-05-04,4.547402523055123,4.547402523055123,4.345295598929787,4.377777099609375,3476490.0
2020-05-05,4.54740154766923,4.5979280097236535,4.25867757978479,4.388603210449219,5224710.0
2020-05-06,4.403038882291436,4.41386593088124,4.229804728111891,4.283940315246582,3097570.0
2020-05-07,4.265895076774461,4.276722469732598,4.074615608927807,4.103487968444824,5397260.0
2020-05-08,4.150405222719366,4.150405222719366,3.955516643419969,3.9699528217315674,5273360.0
2020-05-11,4.034917374157987,4.085443845915101,3.9699543742579544,3.998826742172241,3324160.0
2020-05-12,4.006044537930906,4.157624623853853,3.9807809608199256,4.150406360626221,3218300.0
2020-05-13,4.197324386010477,4.218978489111891,4.150406703709728,4.215369701385498,3057620.0
2020-05-14,4.146796767639861,4.186496522603379,4.092661176198677,4.161232948303223,3187320.0
2020-05-15,4.215369590872392,4.255069008308039,4.186497224703602,4.197324275970459,2001620.0
2020-05-18,4.229805804725976,4.3380773507394235,4.2225875410383935,4.323640823364258,4688690.0
2020-05-20,4.338076796897302,4.439130066321699,4.338076796897302,4.392212390899658,4271980.0
2020-05-21,4.410257277998588,4.431911375835426,4.2586772163980084,4.312812805175781,3586630.0
2020-05-22,4.276723248448177,4.388603575901624,4.233414357101195,4.370558261871338,2865540.0
2020-05-27,4.4102579060777405,4.558228857716645,4.388603460971344,4.5401835441589355,5743550.0
2020-05-28,4.673717532420507,4.980486779057632,4.619581944983683,4.666499614715576,5535180.0
2020-05-29,4.626800868474761,4.6448461829383305,4.449957543940419,4.482439041137695,6505220.0
2020-06-01,4.486047871446932,4.626800557596864,4.486047871446932,4.608755588531494,4987310.0
2020-06-02,4.6520638336147435,4.763944149017334,4.637627652782612,4.763944149017334,5629830.0
2020-06-03,4.836125873059712,4.8830435547646465,4.785599403674212,4.818080902099609,6330500.0
2020-06-04,4.864997965617965,4.872216228944074,4.749508505886134,4.778380870819092,3804760.0
2020-06-05,4.872215634345522,4.872215634345522,4.792816468376784,4.854170322418213,2852750.0
2020-06-08,4.854171069349903,4.9371793793140775,4.800035469423603,4.893870830535889,3416100.0
2020-06-09,4.926351872121936,4.969660764102499,4.800035360433478,4.87582540512085,2758750.0
2020-06-10,4.872216384053919,4.980487928092267,4.630410061903049,4.893870830535889,4741950.0
2020-06-11,4.864997834026795,5.045450282069671,4.846952864571091,4.937179088592529,8250360.0
2020-06-12,4.904697006246756,5.142894154103966,4.864997252146762,5.12484884262085,6945830.0
2020-06-15,5.117631240528888,5.117631240528888,4.966051165408447,4.98048734664917,3579280.0
2020-06-16,5.023795983489099,5.074322790861014,5.009359801980797,5.01657772064209,3518680.0
2020-06-17,5.088759324748216,5.114022558090706,5.034623382204071,5.081541061401367,3152180.0
2020-06-18,5.03462359645654,5.052668911405855,4.96605181267205,5.012969493865967,3697700.0
2020-06-19,5.031014063429164,5.0707138219889325,5.002141699487001,5.038232326507568,2701580.0
2020-06-22,5.016577553773676,5.211466169745952,5.0021413727455695,5.171766757965088,6926430.0
2020-06-23,5.1392865663297576,5.2439489913397805,5.114023329178101,5.142895698547363,3976950.0
2020-06-24,5.1465036858128865,5.16454899870055,5.067104515618598,5.099586009979248,1967120.0
2020-06-25,5.150112623217857,5.16454880414702,5.0346228315988535,5.056277275085449,2924090.0
2020-06-26,5.056278743899139,5.175377357208471,5.056278743899139,5.164550304412842,2548900.0
2020-06-29,5.128458941365653,5.182594541843339,5.095977443404741,5.135676860809326,5388530.0
2020-06-30,5.150113962982575,5.197031305068282,5.135677434112152,5.142895698547363,2227090.0
2020-07-01,5.117631086871777,5.207857302963673,5.114021955623533,5.146503448486328,4222110.0
2020-07-02,5.146503900967366,5.428009623552092,5.146503900967366,5.352219581604004,4041020.0
2020-07-03,5.373873606701387,5.377482393799093,5.236729715603137,5.272819995880127,3852350.0
2020-07-06,5.272820123216199,5.330565192588165,5.258383941919636,5.301692485809326,1664760.0
2020-07-07,5.312520929705352,5.453273639113952,5.280039429323127,5.41357421875,4682660.0
2020-07-08,5.428009183891583,5.5037992197007926,5.200639076463954,5.261992931365967,3005370.0
2020-07-09,5.290865048323437,5.39552744110335,5.182593524437327,5.2150750160217285,4392920.0
2020-07-10,5.29808437817135,5.29808437817135,5.124849836207337,5.222294330596924,3187090.0
2020-07-13,5.3486104500384455,5.384701077322575,5.294474853297982,5.352219581604004,2221140.0
2020-07-14,5.3702648461632725,5.3702648461632725,5.316128905731866,5.3486104011535645,2159860.0
2020-07-16,5.4424456724416395,5.6878611059221855,5.435227753672888,5.633725166320801,7638920.0
2020-07-17,5.6734254102958115,5.781696954589523,5.6734254102958115,5.7383880615234375,3612970.0
2020-07-20,5.738387221160244,5.796131944544213,5.687860760292122,5.75643253326416,3262700.0
2020-07-21,5.77447862127969,5.796132723365471,5.539890564964502,5.619289398193359,6235530.0
2020-07-22,5.6012446603974535,5.709515863692948,5.590417264719295,5.666207313537598,2360780.0
2020-07-23,5.637333884995082,5.662597115114354,5.622897704328969,5.648160934448242,1190590.0
2020-07-24,5.630116336004129,5.658988699229937,5.5759803968164485,5.60124397277832,1535610.0
2020-07-27,5.601244064242511,5.673424973485694,5.557935174510877,5.63733434677124,2472700.0
2020-07-28,5.644552794624104,6.13538333773613,5.633725399743781,5.774478435516357,13979060.0
2020-07-29,5.918840457027944,6.225609771866688,5.810569258083208,5.922449588775635,13683720.0
2020-07-30,5.962149267933781,5.991021633148193,5.778087681552595,5.991021633148193,4537850.0
2020-08-04,6.027112086295797,6.528769675431097,5.637334478877079,5.958539962768555,16638240.0
2020-08-05,5.954930441720145,6.20756412974775,5.4568816725649025,5.68425178527832,10812460.0
2020-08-06,5.702297989001439,5.861096007488329,5.424401026417177,5.46049165725708,8858470.0
2020-08-07,5.460490771625197,5.658988520678968,5.19342124812012,5.568762302398682,7559040.0
2020-08-10,5.5326722633293,5.944103641979657,5.261993579823226,5.918840408325195,8190380.0
2020-08-11,5.954930296528785,6.471024365700704,5.954930296528785,6.4601969718933105,6783060.0
2020-08-12,6.362752714595091,6.496287822723389,6.189518537864943,6.496287822723389,6297190.0
2020-08-13,6.496288595598317,6.597342221565813,6.402453233279538,6.557642459869385,3445480.0
2020-08-14,6.539597451935951,6.557642422583631,6.214782473305677,6.326663494110107,2942650.0
2020-08-17,6.359145129533217,6.4204989947826325,6.25448237007241,6.3013997077941895,1067600.0
2020-08-18,6.27974504425892,6.366362136577562,6.196737083499988,6.330272197723389,1833200.0
2020-08-19,6.460197715029117,6.615386935596625,6.366362356351751,6.593732833862305,4322480.0
2020-08-20,6.6189959201804305,6.683958912311137,6.445761733412858,6.582905292510986,2834800.0
2020-08-21,6.640649526373008,6.669521888681835,6.33027180364597,6.449370384216309,2617070.0
2020-08-24,6.460197449702608,6.478243107382958,6.308617367044939,6.36636209487915,1356910.0
2020-08-25,6.409671235133374,6.5143333002789285,6.2364370448687785,6.290572643280029,2345990.0
2020-08-26,6.2436547497465815,6.333880978432928,6.20756480896924,6.22560977935791,1518530.0
2020-08-27,6.232826908982625,6.265308400470379,6.113728336317987,6.193127155303955,3860870.0
2020-08-28,6.250872931642979,6.3591448176759595,6.207564727926976,6.294181823730469,6968820.0
2020-08-31,6.330273048788108,6.330273048788108,6.027112840729182,6.037939548492432,5073110.0
2020-09-01,6.066811157077703,6.066811157077703,5.908013497207148,5.958539962768555,2723310.0
2020-09-02,5.918839882434918,6.041547596458116,5.853876894025999,5.915230751037598,2795820.0
2020-09-03,5.918840158516191,5.983803149955276,5.727560659950331,5.7672600746154785,5326310.0
2020-09-04,5.71673341260576,6.1714736486507,5.71673341260576,6.088465690612793,5844830.0
2020-09-07,6.11012023700874,6.434934518364707,6.11012023700874,6.294181823730469,3950370.0
2020-09-08,6.286963112709418,6.388016728137882,6.196736891624823,6.315835475921631,2643840.0
2020-09-09,6.351925379319556,6.36636121509746,6.207563579683708,6.240045070648193,1389570.0
2020-09-10,6.240045380650076,6.261699479578377,6.193127363205466,6.247262954711914,1923720.0
2020-09-11,6.261700386632919,6.301399459023615,6.207564787284521,6.243654727935791,799110.0
2020-09-14,6.222000941801486,6.3338812779185885,6.211173546033433,6.286963939666748,4762220.0
2020-09-15,6.279744239369147,6.7056120716299015,6.279744239369147,6.658694744110107,7694140.0
2020-09-16,6.597341840102714,6.647868305979229,6.510724746440914,6.5648603439331055,3113010.0
2020-09-17,6.431325056662695,6.532378674100693,6.402452692876332,6.438543319702148,2238760.0
2020-09-18,6.597342019912041,6.597342019912041,6.478243426834623,6.503506660461426,1602790.0
2020-09-21,6.489070474573459,6.532379369046135,6.351926904091112,6.398844242095947,1703000.0
2020-09-22,6.38079862102343,6.478243107382958,6.333880599425974,6.36636209487915,1889920.0
2020-09-23,6.359144872202276,6.445761968748465,6.283354482492179,6.337490081787109,3026270.0
2020-09-24,6.25448280260116,6.489070884176034,6.236437830315234,6.373581409454346,3337510.0
2020-09-25,6.427716123529449,6.507115642671142,6.3374898978658685,6.359144687652588,1259950.0
2020-09-28,6.294182106233485,6.355535971227819,6.250873212202154,6.279745578765869,2124010.0
2020-09-29,6.297791238100389,6.388017469658438,6.232828241239152,6.279745578765869,3024990.0
2020-09-30,6.3086168350584595,6.330271622448797,6.250872112093686,6.323053359985352,2517860.0
2020-10-01,6.351926862068589,6.38079922873552,6.222000867881637,6.261700630187988,3686180.0
2020-10-02,6.243653812465326,6.268917730937005,6.182299958634034,6.207563877105713,2537770.0
2020-10-05,6.203954947566552,6.2147816531778215,6.1678643226623535,6.1678643226623535,3832310.0
2020-10-06,6.207564509613434,6.236436873865854,6.157037355893102,6.164255619049072,2681570.0
2020-10-07,6.135382844525063,6.207564094515101,6.048765757559868,6.055984020233154,3994460.0
2020-10-08,6.063201023086227,6.095682513683265,5.893575996479417,5.936884880065918,8441430.0
2020-10-09,6.019894477665759,6.2075652106875,5.97658558221015,6.200346946716309,6587610.0
2020-10-12,6.279745967008007,6.384408732504395,6.222001230310538,6.348318099975586,6361280.0
2020-10-13,6.4132802609467765,6.485460828179805,6.240046073541746,6.471024990081787,5375820.0
2020-10-14,6.510724702386467,6.723657959298755,6.471024943254133,6.6947855949401855,7800910.0
2020-10-15,6.694785262971437,6.853583603255103,6.604559042778445,6.611777305603027,4175200.0
2020-10-16,6.7128312767724,6.766966874090833,6.539597090004826,6.582905292510986,3942300.0
2020-10-19,6.6189964864122794,6.694786191467335,6.554033488724217,6.683959484100342,2631430.0
2020-10-20,6.698394347616814,6.756139073067451,6.647867884940362,6.702003479003906,1937650.0
2020-10-21,6.911329163126489,7.1964443837606185,6.896893324106724,6.997946262359619,10291490.0
2020-10-22,6.951028200078207,7.019600321291577,6.868020241350752,6.9402008056640625,4739660.0
2020-10-23,7.00155332274479,7.102606919471727,6.979899226435915,7.059298038482666,4955880.0
2020-10-26,7.109826191041607,7.362459186190597,6.929373756633155,7.062908172607422,8000000.0
2020-10-27,7.225316171929462,7.470731610968486,6.943810105672088,7.348023891448975,9942130.0
2020-10-28,7.362459759279683,7.398550386644927,7.174789047677588,7.275842666625977,1857730.0
2020-10-30,7.218097746029497,7.737800976487625,6.922155848581719,7.636747360229492,9374980.0
2020-11-02,7.939907826187592,8.44517455017978,7.665620018678353,8.113142013549805,12987450.0
2020-11-03,8.07704953055292,8.156449031135402,7.6800547811257545,7.838852405548096,6411610.0
2020-11-04,7.795545370267569,8.365775040302037,7.795545370267569,8.134796142578125,9085260.0
2020-11-05,8.308031542017385,8.351339747546582,8.040961980015622,8.19254207611084,4891100.0
2020-11-06,8.235850177915912,8.885479448015927,8.163669606819138,8.582319259643555,9506200.0
2020-11-09,8.589536913970878,9.10202193347354,8.589536913970878,8.647281646728516,7409880.0
2020-11-10,8.661718111095103,8.950441772783003,8.336903819603338,8.394648551940918,11150040.0
2020-11-11,8.524575146468576,8.654500459226494,8.09870719909668,8.09870719909668,6695960.0
2020-11-12,8.12035996542139,8.401866025369717,7.75223681511314,7.824418067932129,9694120.0
2020-11-13,7.961562134660545,8.575100757995893,7.9471262961905005,8.33690357208252,11056040.0
2020-11-16,8.60397234287718,8.878260132643398,8.4451740038817,8.784424781799316,14030410.0
2020-11-17,8.798861204111256,8.80607946735732,8.40186636277832,8.510137557983398,4926260.0
2020-11-18,8.474047288541945,8.647281483545754,8.264722464152799,8.387430191040039,6492820.0
2020-11-19,8.409083464455046,8.531791179247216,8.31524880102238,8.416301727294922,5540750.0
2020-11-20,8.495702549630648,8.582319651928822,8.416303022912,8.481266021728516,5450440.0
2020-11-23,8.452392164161289,8.712243425244719,8.358556814454973,8.5895357131958,6566900.0
2020-11-24,8.719462872176372,9.448490980805945,8.654499875989568,9.022623062133789,12275720.0
2020-11-25,9.015405164940816,9.282474735831467,8.806080328925358,8.89991569519043,8663770.0
2020-11-26,8.979313117084812,9.044276105664526,8.618408236861008,8.827733039855957,6052690.0
2020-11-27,9.02984136171225,9.02984136171225,8.58231933865481,8.647281646728516,3078030.0
2020-11-30,8.647280770537106,8.676153822361856,7.788327441522634,7.824418067932129,12697190.0
2020-12-01,7.882162785092593,8.300812398833616,7.882162785092593,8.257503509521484,13886120.0
2020-12-02,8.31524882948252,8.726680175563612,8.271939940666464,8.437955856323242,16300040.0
2020-12-03,8.582317836918357,8.625626034722748,8.257502911528467,8.322465896606445,6924830.0
2020-12-04,8.632845573519683,9.044276955348778,8.56788257883688,8.798861503601074,23779550.0
2020-12-07,8.979313840069326,9.224729288520976,8.95765973825638,9.166984558105469,12466840.0
2020-12-08,9.166984512868392,9.174202776227583,8.842170233791178,8.936005592346191,11344360.0
2020-12-09,9.015404099820664,9.094803617172095,8.79886102543629,8.892696380615234,9218760.0
2020-12-10,8.892696797553139,8.993750420569512,8.813297964850518,8.94322395324707,6212690.0
2020-12-11,8.943222960288942,9.000967684637956,8.842169348492463,8.979312896728516,4085600.0
2020-12-14,8.986532184283078,9.022622813210218,8.907133351340565,8.96487808227539,6063670.0
2020-12-15,8.936006471696656,9.16698541494841,8.921569943557646,9.159767150878906,7589400.0
2020-12-16,9.23916471279467,9.28969117378601,8.849387484816635,8.950440406799316,6067960.0
2020-12-17,8.943223980267703,9.00096871120253,8.907133351340565,8.96487808227539,4590760.0
2020-12-18,8.914351194835099,9.166984208680264,8.907132931715434,9.102021217346191,5210300.0
2020-12-21,9.073148955915475,9.441272118726783,8.856606566846672,8.921568870544434,8810800.0
2020-12-22,8.99375066946779,9.10924013418463,8.95044177601322,9.000968933105469,3973540.0
2020-12-23,9.04427588371401,9.094803033797955,8.96487705982697,8.979312896728516,3608020.0
2020-12-24,9.044275793953679,9.044275793953679,8.914350509643555,8.914350509643555,2580230.0
2020-12-25,8.943223604150253,8.957659442091098,8.863824086175486,8.878260612487793,1552250.0
2020-12-28,8.98653132667226,9.058712577638072,8.87826013859497,8.972095489501953,4841350.0
2020-12-29,9.037057315701404,9.441270341695768,8.979311909330871,9.123674392700195,14095640.0
2020-12-30,9.123676884591513,9.239166352132798,8.98653262560759,9.037059783935547,5083670.0
2020-12-31,9.044277164738887,9.087586058320595,8.928787699683015,9.022623062133789,3011400.0
2021-01-04,9.094803642597984,9.174202471799928,9.008185861904916,9.102021217346191,3735230.0
2021-01-05,9.058713668320527,9.780523511399908,9.022623038492258,9.60728931427002,18224140.0
2021-01-06,9.852703318284243,10.213608211823907,9.81661337962744,9.8887939453125,14815160.0
2021-01-07,10.105336889732044,10.155863353901841,9.592851919932205,9.672250747680664,9907550.0
2021-01-08,9.816614026923903,9.867140495072249,9.61450677758752,9.787741661071777,5748570.0
2021-01-11,9.74443323939588,10.718876838684082,9.607289667058229,10.718876838684082,20861120.0
2021-01-12,11.058126634967223,11.787154745594046,11.058126634967223,11.469558715820312,39757220.0
2021-01-13,11.548956871032715,12.451219126582146,11.151961340916671,11.548956871032715,33087460.0
2021-01-14,11.469556563384165,11.945950174456526,11.050906985789881,11.245795249938965,16015460.0
2021-01-15,11.065345247778872,11.527303812215136,10.805493942492461,10.928201675415039,13308910.0
2021-01-18,10.928202510910516,12.010916709899902,10.798276504148292,12.010916709899902,20793910.0
2021-01-19,12.487308182578433,12.891522635719658,11.974823918523343,12.19858455657959,24378780.0
2021-01-20,12.234678102370998,12.54505519648023,11.75106542431476,12.032570838928223,17847360.0
2021-01-21,12.27076589534835,12.371818820987622,11.772716776460918,11.830461502075195,8129290.0
2021-01-22,11.743846368273314,11.743846368273314,11.33241429344576,11.476776123046875,9748450.0
2021-01-25,11.657226955839874,11.924297163807314,11.512865146378694,11.686100006103516,11266080.0
2021-01-26,11.758281504158656,11.794371441010084,11.419030040086739,11.556174278259277,8232340.0
2021-01-27,11.585046341360256,11.671664120151856,10.834364891052246,10.834364891052246,9498620.0
2021-01-28,10.646694120220735,11.368503891083158,10.394060425070311,11.224142074584961,18420640.0
2021-01-29,10.993163359125507,11.014818149610917,10.38684368133545,10.38684368133545,24309370.0
2021-02-01,10.51676798899322,11.41903018951416,10.495113888924717,11.41903018951416,39497130.0
2021-02-02,11.700535461403712,12.083095126974836,11.548956073772022,11.599482536315918,23321190.0
2021-02-03,11.68610024626971,11.765498382640848,11.274668220385571,11.36850357055664,10184210.0
2021-02-04,11.419030330592882,11.924297719824182,11.419030330592882,11.577829360961914,13703510.0
2021-02-05,11.657227843736349,11.72219083503477,11.296322948408642,11.3251953125,7331420.0
2021-02-08,11.563393909179046,11.621138641019492,11.289106088751177,11.476776123046875,8169660.0
2021-02-09,11.49843049408597,12.277985033850632,11.483993967467024,11.74384593963623,31893630.0
2021-02-10,11.902643966667055,12.19858588770222,11.621138572692871,11.621138572692871,13235290.0
2021-02-11,11.909859854907577,12.545051774735851,11.765497366575245,11.924296379089355,35397150.0
2021-02-12,11.931516357451315,12.213021735775088,11.642791339255433,11.722190856933594,12705580.0
2021-02-15,11.880988259309003,11.982042564195286,11.62113767597701,11.664445877075195,8713980.0
2021-02-16,11.714971890177747,11.765498352304421,11.16639700436572,11.34684944152832,10453780.0
2021-02-17,11.411811778642333,12.205802043882302,11.231359351764425,12.025349617004395,40392110.0
2021-02-18,12.068658717387184,13.223554611206055,11.91707932829953,13.223554611206055,45859250.0
2021-02-19,13.598899279946128,14.255746210386507,13.476191535976872,13.85875129699707,41888350.0
2021-02-22,14.039205185897503,15.244627952575682,14.039205185897503,15.244627952575684,36879590.0
2021-02-23,15.850941053551722,15.901468891254622,13.721603170241968,13.930927276611328,31675570.0
2021-02-24,13.577241488817922,13.967019428342716,13.230773127068918,13.281299591064453,14499080.0
2021-02-25,13.82265870055943,14.075292429775814,12.581146222893887,12.848215103149414,22895320.0
2021-02-26,12.270767088552716,13.245210632698146,12.17693241658364,12.638890266418457,23253650.0
2021-03-01,13.02866970893482,13.902060508728027,12.88430853764415,13.902060508728027,15508000.0
2021-03-02,14.003113466305825,14.710486922836992,13.562810310614498,13.902060508728027,21670980.0
2021-03-03,14.02476698458048,14.270182467847189,13.310175328036776,13.41844654083252,15096100.0
2021-03-04,13.411227140387583,13.41844540419495,12.703853808182224,12.797688484191895,17684680.0
2021-03-05,12.74716096707342,13.209118798849556,12.617234982700648,12.7904691696167,20095700.0
2021-03-08,13.086409730453237,13.245208751335223,12.732723129818586,12.83377742767334,14433780.0
2021-03-09,12.970921705768845,13.028666435123819,12.624453329639003,12.718289375305176,10582760.0
2021-03-10,12.718290134564048,12.840997863861665,12.537837672464203,12.703853607177734,14005040.0
2021-03-11,12.790468457094766,13.173028125687363,12.718288582457891,12.956485748291016,20068610.0
2021-03-12,13.028665524237844,13.07919336354092,12.804904885724188,12.949267387390137,7786470.0
2021-03-15,13.00701004269747,14.089724502654121,12.978136996262164,13.678293228149414,34467980.0
2021-03-16,14.003108410025133,15.04251480102539,13.519495838501795,15.04251480102539,53478030.0
2021-03-17,16.07470437390585,16.543880462646484,15.92312360190917,16.543880462646484,24120920.0
2021-03-18,17.29456305927039,18.016372897338297,15.158006599426033,15.302369117736816,113847330.0
2021-03-19,15.230190155077118,16.83260774158213,14.905375128271878,16.48613929748535,116628290.0
2021-03-22,15.59109013679767,15.793195976108485,14.840407371520994,14.840407371520996,50597610.0
2021-03-23,14.07529105956991,16.132449259009483,13.360699524831665,15.121915817260742,125090550.0
2021-03-24,15.614856588059553,15.84569240801869,15.264881761410745,15.428699493408203,46157030.0
2021-03-25,15.488271912913412,15.71166131047241,14.758536338806152,14.758536338806152,35871070.0
2021-03-26,15.056388124546805,15.078727491385424,14.200065612792967,14.200065612792969,37750830.0
2021-03-29,14.088372135783544,14.371330358118497,13.723504318969367,13.775628089904785,29022700.0
2021-03-30,13.775626414954539,15.0712797559832,13.753287050012883,14.721304893493652,91824290.0
2021-03-31,14.88512482060114,14.97448087317833,14.363885678077404,14.393670082092285,36573160.0
2021-04-01,14.594718116182584,15.458487017115894,14.527701441087235,15.182973861694336,54103000.0
2021-04-02,15.257438573398142,15.711662436069588,15.13085166512575,15.197868347167969,27782310.0
2021-04-05,15.264885282476662,15.518059103221965,15.212761511193731,15.249992370605469,14142670.0
2021-04-06,15.302116072991625,15.317008984795764,14.5947198054899,14.661736488342285,25275400.0
2021-04-07,14.684075359230754,14.75109204629767,14.35643980053287,14.557488441467285,19926130.0
2021-04-08,14.62450213763141,14.855337977104636,14.363883319300413,14.371328353881836,14965890.0
2021-04-09,14.371328829482994,14.512808635734805,13.656486183662226,13.946890830993652,23981070.0
2021-04-12,14.066032043626397,14.140495178384297,13.604363164606514,13.701164245605469,18559520.0
2021-04-13,13.760732542910567,14.118153835391526,13.328848126096252,14.021352767944336,31229430.0
2021-04-14,14.222407536047102,14.289424228342734,13.75329068997768,13.961787223815918,16354740.0
2021-04-15,13.403312071081238,13.49266810980551,13.083121611029506,13.239494323730469,22141770.0
2021-04-16,13.11290972854546,14.028802539702792,12.971429900883875,13.790521621704102,30640700.0
2021-04-19,13.783074643307941,13.820305502734874,12.934198550030924,13.053339004516602,15057390.0
2021-04-20,13.075677619408621,13.470331282700744,12.949090702523701,13.150140762329102,18395140.0
2021-04-21,13.135248040128442,13.15014095298172,12.144892059646795,12.509759902954102,17817970.0
2021-04-22,12.286369366440857,12.785270482373644,12.219352692638987,12.539543151855469,17552070.0
2021-04-26,12.532098253092077,13.075676745634539,12.502313850074001,12.956536293029785,12471890.0
2021-04-27,12.978874660480296,13.336295990755504,12.971428205232964,13.276725769042969,16948780.0
2021-04-28,13.261833312393968,13.433098948411399,13.083122641140537,13.299065589904785,12558740.0
2021-04-29,13.336296402894765,13.4330989038355,13.127799910324548,13.194816589355469,9618110.0
2021-04-30,13.179924584457561,13.477775690604366,13.090568542480469,13.090568542480469,12357780.0
2021-05-03,13.328847789206552,13.403310911657837,12.9267492003951,12.949087142944336,13591650.0
2021-05-04,12.963982731420229,12.99376855466448,12.546991147864256,12.576775550842285,15466500.0
2021-05-05,12.621453592159092,13.403312945896603,12.591667770551572,13.179924964904785,33419180.0
2021-05-06,13.135244204317242,13.284170448827268,12.986319380073144,13.142690658569336,15449620.0
2021-05-07,13.209709565702108,14.01390829778801,13.142692886339436,13.552239418029785,25004180.0
2021-05-10,13.574576893192392,13.745841103279316,13.358635371836296,13.403312683105469,9734310.0
2021-05-11,13.25438669110413,13.649040306185427,13.157585611319135,13.306511878967285,12012370.0
2021-05-12,13.269279589195053,13.403312945896603,13.150139143297265,13.179924964904785,3607050.0
2021-05-17,13.194814414684933,13.313954842156035,12.993765830993652,12.993765830993652,8473830.0
2021-05-18,13.068230879422492,13.447991621833921,13.060785843531738,13.373528480529785,12847740.0
2021-05-20,13.254384628420484,13.291616899671407,12.978872922493283,12.993765830993652,9713590.0
2021-05-21,13.045890565967547,13.150138092733245,12.822501182556152,12.822501182556152,9525980.0
2021-05-24,12.889520483749672,12.9788765393873,12.621455157369436,12.643793106079102,7583480.0
2021-05-25,12.755485872734896,13.075676362323682,12.286370531888982,12.338494300842285,16909650.0
2021-05-26,12.517204241716207,12.658684049354086,12.219353136372861,12.561882972717285,11585840.0
2021-05-27,12.614006903692902,12.963981779518035,12.539543771316074,12.829948425292969,15870810.0
2021-05-28,12.837394912645292,13.187369789345214,12.681023612502601,12.807610511779785,14955010.0
2021-05-31,12.807608772579417,13.090566933575184,12.614005222312448,12.949087142944336,10079790.0
2021-06-01,12.963980983356766,13.254385619498944,12.81505472774917,12.822501182556152,9692440.0
2021-06-02,12.718252704800523,13.157583563699935,12.651236036814788,12.993765830993652,9602450.0
2021-06-03,12.993769944737792,13.142694816092366,12.78527342052174,13.001214981079102,6475860.0
2021-06-04,13.02355129095412,13.403311967121144,12.97887398207154,13.328848838806152,12470690.0
2021-06-07,13.343742093522359,13.447989623699023,13.150138523004209,13.165031433105469,6929890.0
2021-06-08,13.217154210921969,13.351187551289366,13.075674416060162,13.187368392944336,5723860.0
2021-06-09,13.194816536134743,13.634147465669356,13.157585679163805,13.515007019042969,17232670.0
2021-06-10,13.529898985401424,13.64159296878292,13.343741873010247,13.366081237792969,8753230.0
2021-06-11,13.425652774860373,13.812858527241401,13.306512324856026,13.730950355529785,11067470.0
2021-06-14,13.753287166388734,13.850089661688955,13.254386040598739,13.313956260681152,12466840.0
2021-06-15,13.313955111531824,13.410757598476863,13.030996945629463,13.045889854431152,6262520.0
2021-06-16,13.053338558669536,13.299065915186516,12.88207291846312,13.157586097717285,12877690.0
2021-06-17,13.060786560387228,13.165034111774984,12.79271980508572,12.815057754516602,6503830.0
2021-06-18,12.88207220905689,13.030998474009156,12.606560465241152,12.681023597717285,5879150.0
2021-06-21,12.643791050324676,12.837394622506254,12.487419753716146,12.777824401855469,5826180.0
2021-06-22,12.83739438252965,12.941641911653248,12.636344358991803,12.852287292480469,5649600.0
2021-06-23,12.88207272651335,13.023552541874457,12.770378733445606,12.785271644592285,5426890.0
2021-06-24,12.815057754516602,12.963984045298854,12.710810203128846,12.815057754516602,5743340.0
2021-06-25,12.852290524537581,12.874629895081648,12.450190376342896,12.457636833190918,6781090.0
2021-06-28,12.494867116598947,12.695915738235486,12.316156441663027,12.398064613342285,6906870.0
2021-06-29,12.368280474851113,12.844842284847209,12.2863708811582,12.703362464904785,14263080.0
2021-06-30,12.651236990545831,12.934196592320445,12.479972790678374,12.673576354980469,18226040.0
2021-07-01,12.584222265174539,12.93419859415305,12.5767758092105,12.882073402404785,11813040.0
2021-07-02,12.8820728238656,13.12780017857812,12.73314797207188,12.971428871154785,10219220.0
2021-07-05,12.971429204671937,13.045892342616463,12.807611437406958,12.956536293029785,6477510.0
2021-07-06,12.971427615856312,13.075675144050074,12.666130065917969,12.666130065917969,7250700.0
2021-07-07,12.73314567872931,12.978872989184353,12.725699224440863,12.926749229431152,7769610.0
2021-07-08,12.829947431542816,13.008658083245404,12.688469053277856,12.874626159667969,9337740.0
2021-07-09,12.874628403705064,13.068230578261394,12.822503211807007,12.986322402954102,7707890.0
2021-07-12,12.95653657614837,13.090569943324091,12.718255665732089,12.859735488891602,6424950.0
2021-07-13,12.867179864562178,12.882071353855908,12.52465004601791,12.569327354431152,5941540.0
2021-07-14,12.658683642468732,13.068228721618652,12.658683642468732,13.068228721618652,13987710.0
2021-07-16,13.068230659164627,13.239496307357436,12.740595115374612,12.792718887329102,7741690.0
2021-07-19,12.755485018719915,12.815055239287611,12.636344577584522,12.651237487792969,1829330.0
2021-07-26,12.785272512881605,12.919305881772011,12.584222459545995,12.599115371704102,6550950.0
2021-07-27,12.584223244809769,12.658686389980573,12.405512548559653,12.606562614440918,5669820.0
2021-07-28,12.599114161874198,12.815055686365854,12.509758117772249,12.546990394592285,8883020.0
2021-07-29,12.62889788415595,12.84484081730502,12.62889788415595,12.725700378417969,7668490.0
2021-07-30,12.695917074061848,12.867182731628418,12.628900386376309,12.867182731628418,6763220.0
2021-08-02,12.889519445105595,13.306512444124582,12.889519445105595,12.963982582092285,9616240.0
2021-08-03,13.053336308832,13.09801361497112,12.740592325326254,13.045889854431152,10915060.0
2021-08-04,13.12780017857812,13.27672645063803,12.971428871154785,12.971428871154785,12017230.0
2021-08-05,12.978874954515003,13.433098793029785,12.934197642284973,13.433098793029785,19056100.0
2021-08-06,13.515007879463656,13.537347247228128,13.17992588459406,13.202263832092285,18934640.0
2021-08-09,13.284172644789404,13.477776226550025,12.919304847717285,12.919304847717285,19082960.0
2021-08-10,12.94164366704148,13.090569946217704,12.926752175336865,12.986322402954102,12179740.0
2021-08-11,13.001212374229395,13.060784015146272,12.777824401855469,12.777824401855469,10732330.0
2021-08-12,12.852287410108964,13.366081445986083,12.852287410108964,13.313956260681152,16551880.0
2021-08-13,13.477776494291252,13.515007352179907,13.232049139534023,13.500114440917969,13844640.0
2021-08-16,13.529900279173557,13.604363415303641,13.112908705217754,13.224602699279785,10148190.0
2021-08-17,13.239495366153642,13.425652492909235,13.105462007647027,13.299065589904785,11332310.0
2021-08-18,13.328849316168487,13.343742226418073,12.904411315917969,12.904411315917969,12121830.0
2021-08-19,12.852287272268718,12.852287272268718,12.658683704010745,12.725700378417969,10470020.0
2021-08-20,12.658684818342351,12.792718178955624,12.651238362723149,12.718255043029785,8091910.0
2021-08-23,12.807610204449476,12.852287514808726,12.643791032688746,12.651237487792969,6459750.0
2021-08-24,12.695914996892956,12.740593728217693,12.621453285217285,12.621453285217285,6381360.0
2021-08-25,12.6288981224803,12.718254163464888,12.502312646506773,12.651237487792969,10861350.0
2021-08-26,12.658685429392992,12.733148568913261,12.47252829072545,12.479974746704102,6576770.0
2021-08-27,12.52465004601791,12.591666718770789,12.41295606485179,12.569327354431152,10433240.0
2021-08-31,12.614008203371021,12.792718887329102,12.599115291307948,12.792718887329102,13234850.0
2021-09-01,12.844840722935581,12.867180087662552,12.643790701190998,12.666130065917969,7068950.0
2021-09-02,12.666130687168835,12.785271131024201,12.643791321346159,12.681023597717285,6275720.0
2021-09-03,12.68102297573595,12.703360920196868,12.546989627906227,12.666130065917969,7046590.0
2021-09-06,12.733147073673335,12.733147073673335,12.6288981224803,12.651237487792969,4307360.0
2021-09-07,12.651240450440238,12.733150055502064,12.457636833190918,12.457636833190918,5394400.0
2021-09-08,12.479972020358778,12.509756417500501,12.264029104951005,12.345938682556152,6515900.0
2021-09-09,12.360833327610507,12.651237986799275,12.308709560091101,12.628898620605469,13033480.0
2021-09-10,12.673578963453007,12.993769484920843,12.628900225387966,12.748042106628418,20771560.0
2021-09-13,12.777824216428117,12.800163581447764,12.569327737042947,12.658683776855469,6019920.0
2021-09-14,12.681022755863301,12.710807154716788,12.46507982804491,12.569327354431152,8930390.0
2021-09-15,12.524652651340888,12.710809798763353,12.390619277954102,12.390619277954102,9962200.0
2021-09-16,12.42785242606525,12.62145604331457,12.30126550018171,12.457636833190918,10611290.0
2021-09-17,12.509757845126538,12.554436576336824,12.331047181083713,12.368279457092285,8910280.0
2021-09-20,12.308708356525278,12.398062972030974,12.129997705247877,12.301261901855469,7603550.0
2021-09-21,12.360833029356897,12.442741196225544,11.921502113342285,11.921502113342285,10994420.0
2021-09-22,11.9438420772818,12.09276692830855,11.876824687093508,12.085320472717285,6743370.0
2021-09-23,12.048088168916639,12.226798820858129,11.95128567811541,12.107658386230469,9708800.0
2021-09-24,12.040643060696244,12.048089516226444,11.89171750075767,11.899163246154785,6686490.0
2021-09-27,11.973626060630837,12.226799860814944,11.914055838250231,12.040642738342285,11072520.0
2021-09-28,12.040643856764488,12.197015172438679,11.906610488891602,11.906610488891602,7189460.0
2021-09-29,12.025750527132635,12.122553031797763,11.973626757051203,11.988519668579102,7973830.0
2021-09-30,11.988518980636618,12.450187849379615,11.988518980636618,12.442741394042969,16329620.0
2021-10-01,12.420403190092303,12.420403190092303,12.085319808239916,12.115105628967285,13074680.0
2021-10-04,12.129998767822599,12.189568990133353,11.914055824279785,11.914055824279785,9675790.0
2021-10-05,11.936394631328474,11.936394631328474,11.556633949279785,11.556633949279785,11942180.0
2021-10-06,11.564080039681714,11.623650260983208,11.318352699279785,11.318352699279785,11370620.0
2021-10-07,11.392816796493662,11.638544157720537,11.392816796493662,11.444940567016602,15633780.0
2021-10-08,11.467277982655185,11.638542897466113,11.415154217776355,11.489617347717285,10306930.0
2021-10-11,11.497064048624528,12.070427640367884,11.497064048624528,12.018303871154785,19415830.0
2021-10-12,12.003411261970342,12.182121919881642,11.951286077346746,12.025749206542969,21746090.0
2021-10-13,12.129999285045978,13.224602699279783,12.100213462487467,13.224602699279785,95547330.0
2021-10-14,13.246941416163333,13.507560249430618,12.599114009966927,12.681023597717285,68878020.0
2021-10-15,12.755485906942054,12.934198001355764,12.316156387329102,12.316156387329102,34455380.0
2021-10-18,12.338495503918422,12.524652651340888,12.286371729882744,12.390619277954102,22798960.0
2021-10-19,12.472526335866828,13.00865829990384,12.472526335866828,12.673576354980469,51443630.0
2021-10-20,12.762931381967912,13.209708743143173,12.599113631652285,13.165031433105469,39224320.0
2021-10-21,13.142692346016625,14.47557800269195,13.053337724050722,14.043693542480469,99202640.0
2021-10-22,14.073477758897006,14.31175864137634,13.760733745576358,13.924552917480469,40236440.0
2021-10-25,13.850089967866204,14.378775505251763,13.7905197464669,14.043693542480469,36039920.0
2021-10-26,14.222402079060023,14.259632929265202,14.028798533408127,14.07347583770752,24852700.0
2021-10-27,14.110709927999409,14.490469193919635,13.946890757331152,14.013907432556152,38821410.0
2021-10-28,14.073477708729483,14.177726659642143,13.812857461846956,13.820303916931152,13007610.0
2021-11-01,13.842642271039667,14.378774215544947,13.783072054983524,14.334096908569336,32860450.0
2021-11-02,14.348992147561658,14.57238013897823,14.192619417357086,14.378776550292969,39346820.0
2021-11-03,14.416006394837222,15.093618130684975,14.080923044026367,15.041494369506836,69361990.0
2021-11-04,15.14574289429702,15.30956064316587,14.98192514542817,14.996816635131836,21714430.0
2021-11-05,15.041496342621512,15.160636789590438,14.803214028417502,14.847892761230469,15365640.0
2021-11-08,14.810659698198444,14.95958595914232,14.542594416871985,14.840445518493652,19202130.0
2021-11-09,14.952141595985802,15.451042793601914,14.87767845509591,15.212761878967285,27653400.0
2021-11-10,15.264884606347149,15.317008375321356,14.944694116629961,15.153190612792969,19880220.0
2021-11-11,15.153190563513032,15.786125085283262,15.130851196768372,15.599967956542969,26979250.0
2021-11-12,15.696768009059433,15.949941801162495,15.570181113007902,15.942495346069336,17960880.0
2021-11-15,16.262689246539612,16.791374887356252,16.210565470151085,16.4041690826416,26437950.0
2021-11-16,16.4339511653735,16.657340572938054,15.808463096618652,15.808463096618652,20062900.0
2021-11-17,15.830803267876988,16.597771191701927,15.823356811886502,16.57543182373047,23940170.0
2021-11-18,16.642447449648486,16.865835434100344,16.20311651599582,16.791372299194336,29407590.0
2021-11-19,17.03516372664118,17.118447211413148,16.588463762282156,16.883739471435547,18392550.0
2021-11-22,17.004879381470182,17.648430340966392,16.906454620177264,17.59543228149414,25841630.0
2021-11-23,17.595432977151358,18.844678157276327,17.345583941126364,17.981563568115234,45069310.0
2021-11-24,18.322267446850688,18.594829112511473,17.216873736046207,17.716571807861328,33162870.0
2021-11-25,17.731713696873445,18.549401543902324,17.542434089282608,18.42826271057129,30385130.0
2021-11-26,18.3904042250934,18.511543037730537,17.898276174155402,18.09512710571289,24430230.0
2021-11-29,18.178414241120624,18.7462530812236,17.97399191210223,18.6629695892334,17282110.0
2021-11-30,18.700826575882488,18.81439405628484,18.37526540639725,18.62511444091797,16585750.0
2021-12-01,18.746253279225655,19.427659605728625,18.466118813083586,18.62511444091797,24102480.0
2021-12-02,18.99610213828723,19.488228844877757,18.85224922759224,19.19295310974121,22514090.0
2021-12-03,19.351947054362498,19.76079170792036,19.291377636511942,19.68507957458496,19493870.0
2021-12-06,19.722931885708707,19.844070702777977,19.170235852319102,19.23837661743164,16234000.0
2021-12-07,19.367086658170017,19.662362342238914,19.230805128880185,19.541223526000977,17715220.0
2021-12-08,19.647227029154937,19.74565180565162,19.291380385006775,19.503374099731445,15377460.0
2021-12-09,19.533653110880493,20.29077147090049,19.457942430149426,19.88949966430664,20759170.0
2021-12-10,19.897073386860427,19.897073386860427,19.208095712853307,19.57151222229004,13583390.0
2021-12-13,19.83650421823649,20.260490151247968,19.76836344134854,20.222633361816406,16279900.0
2021-12-14,20.411910556681185,21.373451232910156,20.411910556681185,21.373451232910156,18056860.0
2021-12-15,21.65358807528413,21.903437107364418,21.04789244557302,21.32045555114746,19383470.0
2021-12-16,21.646013989434223,22.675695419311523,21.297738793527447,22.675695419311523,21196980.0
2021-12-17,23.107255666145715,23.879516839265563,20.41191291809082,20.41191291809082,32983020.0
2021-12-20,19.68507757347045,21.41887932983484,18.746250970180196,21.16145896911621,23314170.0
2021-12-21,21.16146213205193,21.585448077276737,19.049100875854492,19.049100875854492,16118260.0
2021-12-22,18.170839325201094,19.033953731039805,17.14872932434082,17.14872932434082,27259510.0
2021-12-23,17.315298564104424,17.792282524030444,15.5284986655402,16.808029174804688,23321690.0
2021-12-24,16.914025351688014,18.405548095703125,16.550608862398356,18.405548095703125,16876290.0
2021-12-27,18.405548169753803,19.25352142559673,18.079987021922044,18.481260299682617,17399440.0
2021-12-28,18.66297053932161,18.837107445903435,17.731715140726013,18.02699089050293,9728750.0
2021-12-29,18.314695429596625,18.549401741160313,17.898279422015246,18.39040756225586,10539480.0
2021-12-30,18.511546378500846,18.685683272582065,17.989134252168366,18.125415802001953,10552020.0
2021-12-31,18.170843808330442,18.405550136509813,17.91342340551865,18.02699089050293,7537860.0
2022-01-03,18.170839654550228,19.223233655767917,18.132984316238687,19.064239501953125,16634340.0
2022-01-04,19.147528721299796,19.654796760788958,18.905249573547586,19.27623748779297,16272460.0
2022-01-05,19.306521487389787,19.806219575065704,19.155097211813906,19.75322151184082,11462940.0
2022-01-06,19.503373422636795,19.995500176213213,19.344377781090852,19.594226837158203,15769410.0
2022-01-07,19.72293434628845,19.942499382174216,19.094526112809895,19.45037269592285,11447940.0
2022-01-10,19.54879791138299,19.79107558139694,19.132383346557617,19.132383346557617,8789540.0
2022-01-11,19.34437791901399,19.420090061047638,18.61754482130455,19.268667221069336,13515470.0
2022-01-12,19.465513745594592,19.616938006145368,19.102097253179267,19.223236083984375,9200450.0
2022-01-13,19.306522385013555,20.94189828327582,19.306522385013555,20.866186141967773,29349300.0
2022-01-14,20.866184491902978,21.1008922558065,20.109066026872213,20.639049530029297,20856500.0
2022-01-17,20.745043186627996,20.896467439266726,20.146920421291266,20.16206169128418,13836270.0
2022-01-18,20.08635275530416,20.30591635222099,19.132383346557617,19.132383346557617,12398190.0
2022-01-19,19.026386949398184,20.54062392391448,18.912819465127242,20.472484588623047,26835420.0
2022-01-20,20.495196661192615,20.699618993769757,19.60179663949003,19.91978645324707,19887300.0
2022-01-21,19.8440765821483,19.995500870392927,19.32923717911245,19.503374099731445,15277480.0
2022-01-24,19.37465802263084,19.37465802263084,18.07241502549537,18.117841720581055,17864210.0
2022-01-25,18.352548804558264,18.927958929299614,17.67871392878357,18.768964767456055,19783110.0
2022-01-26,18.814395795072883,19.064244852684137,18.397979736328125,18.397979736328125,13315630.0
2022-01-27,18.02698790822798,18.94310188293457,17.792281618876988,18.94310188293457,13701720.0
2022-01-28,19.01124386771537,19.2156647423112,18.662968645798397,18.821964263916016,11982110.0
2022-01-31,19.033955395997797,19.17780829091702,18.776535034179688,18.776535034179688,7774760.0
2022-02-01,18.905246411877375,19.435229883074143,18.859819711059842,19.109668731689453,11625240.0
2022-02-02,19.230806019260626,19.276232716430943,18.519114357845183,18.52668571472168,11049390.0
2022-02-03,18.549401522650978,18.753823845196198,18.011848130871474,18.163270950317383,8153750.0
2022-02-04,18.261696498062182,18.375263969584378,17.754427110780213,17.85285186767578,8411360.0
2022-02-07,17.852852720055232,18.39040756225586,17.262299818219788,18.39040756225586,15869230.0
2022-02-08,18.390408599879443,18.700827061616796,18.185986263392238,18.51911735534668,17648340.0
2022-02-09,18.69325496392313,19.11724089223779,18.5721161272618,18.852249145507812,15926900.0
2022-02-10,18.996101406877685,19.086954809226704,18.34497909899161,18.54183006286621,12306620.0
2022-02-11,18.390407217648065,19.033956722970387,18.28440965627584,18.99610137939453,14526020.0
2022-02-14,18.655397867819588,18.882534265887262,18.095130396461435,18.3374080657959,14858910.0
2022-02-15,18.397977602808062,19.632081474630443,18.397977602808062,19.20809555053711,24366560.0
2022-02-16,19.76079106534934,20.17720561902005,19.51851340182538,20.040924072265625,31096290.0
2022-02-17,20.215064320147732,20.608764838599193,19.828933715820312,19.828933715820312,26112370.0
2022-02-18,20.056066513061523,20.23020340082756,19.571511192638205,20.056066513061523,13004310.0
2022-02-21,20.13935071369027,20.676904110815588,20.010640521632418,20.442197799682617,29671140.0
2022-02-22,19.881931452959694,20.366486817926198,19.66236640065369,20.24534797668457,21688520.0
2022-02-23,20.42705464004023,20.555764829298433,19.912213883007425,20.040924072265625,15012170.0
2022-02-24,18.39797655226983,18.92796001019067,18.042131423950195,18.042131423950195,18923010.0
2022-02-25,18.587257251443727,19.806218410286068,18.481261131227466,19.68507957458496,18902510.0
2022-02-28,19.53365562304471,20.896469712801295,19.29894930559847,20.41191291809082,28686910.0
2022-03-01,20.593621258817006,20.820756203400414,19.851644122061096,19.98035430908203,16451110.0
2022-03-02,19.987926922010747,20.192349251430088,19.329234674889108,19.457944869995117,13530680.0
2022-03-03,19.68507821045126,19.950069936717387,19.42008648418513,19.707792282104492,14154980.0
2022-03-04,19.63208089579765,19.63208089579765,18.92038917541504,18.92038917541504,11363100.0
2022-03-07,18.92038907075138,18.965815771434237,18.193556083470604,18.6326847076416,14907910.0
2022-03-08,18.397978432816444,18.61754348454006,18.231412887573242,18.231412887573242,14289020.0
2022-03-09,18.42826318188665,18.791679691174373,18.352551048096164,18.37526512145996,17551230.0
2022-03-10,18.54183105968374,18.776537379806886,17.799855309559682,17.981563568115234,27109090.0
2022-03-11,18.03456058920426,18.60239940596303,18.026989231690155,18.46611785888672,23048450.0
2022-03-14,18.867391120562118,20.30591583251953,18.7916789895983,20.30591583251953,47042370.0
2022-03-15,20.62390552940256,21.42645064799657,20.04092400106377,20.68447494506836,81444470.0
2022-03-16,20.9721808555705,21.691442489624023,20.873754652074584,21.691442489624023,47652640.0
2022-03-17,21.88072325433146,23.546384447708473,21.653588293456806,22.95583152770996,60781920.0
2022-03-18,22.955830799346572,23.288963316269815,22.30470848083496,22.30470848083496,32819110.0
2022-03-21,22.48641582964812,22.789262884291833,22.05485715218107,22.675695419311523,23372840.0
2022-03-22,22.751408827005687,23.614524841308594,22.524273869819513,23.614524841308594,34999890.0
2022-03-23,23.902227944456396,24.439781321759817,23.228393022459496,23.924942016601562,38841270.0
2022-03-24,24.161824410122232,24.311849229877126,23.466973723081196,23.530141830444336,27518290.0
2022-03-25,23.56962371636855,24.003904282403457,23.13534164428711,23.13534164428711,19926850.0
2022-03-28,23.19061180468307,23.55382800807741,22.835290296104844,22.977418899536133,22171220.0
2022-03-29,23.135339211235216,23.680165041509127,23.103755912722466,23.459075927734375,22241830.0
2022-03-30,23.64858043058518,23.940732326311835,23.41959512837851,23.82229232788086,19486190.0
2022-03-31,23.92494251715187,24.035487832905037,23.538037677131914,23.58541488647461,11212230.0
2022-04-01,23.68016681676137,23.869671140183737,23.482766291607263,23.78281593322754,12377090.0
2022-04-04,23.964423886916435,24.477664947509766,23.93283908021089,24.477664947509766,24830670.0
2022-04-05,24.754024992229734,25.49625135362159,24.45397536471016,24.785608291625977,28800180.0
2022-04-06,24.87246770437803,25.409397406900307,24.65927476260361,24.896156311035156,32643320.0
2022-04-07,25.10144896798559,25.180407965240637,24.61189505235409,24.627687454223633,30169970.0
2022-04-08,24.77770960891056,24.809294411190166,24.130236222641244,24.32763671875,22085250.0
2022-04-11,24.390807086349632,24.390807086349632,23.980215160841052,24.161823272705078,24462150.0
2022-04-12,24.153925959770195,24.50924747188729,23.901253553840856,24.12234115600586,27510050.0
2022-04-13,24.16971830550104,24.446077807565253,23.77491729564207,23.84598159790039,28438910.0
2022-04-14,24.003903283735482,24.169720506117752,23.838087567399683,23.869670867919922,12818310.0
2022-04-15,23.917047056451548,24.351327585873594,23.917047056451548,24.161823272705078,16412710.0
2022-04-18,24.351328373420763,24.832986126247054,24.311848871667916,24.64348030090332,33610440.0
2022-04-19,24.72244243128918,24.761923441676906,24.272369455194994,24.453977584838867,18895720.0
2022-04-20,24.46976865414262,24.78560918978222,24.14603191685622,24.556625366210938,19726910.0
2022-04-21,24.65137738873146,25.006698941467448,24.6040016837155,24.675065994262695,17989420.0
2022-04-22,24.572416107754833,24.722439410759026,23.648581662205764,23.79860496520996,15204140.0
2022-04-25,23.688063481867772,24.248680261369646,23.182718609522812,24.074968338012695,16888860.0
2022-04-26,24.20130499479854,24.4460812335219,23.32484765419343,23.66437530517578,21232110.0
2022-04-27,23.82229542178307,24.043384552001953,23.538038183794008,24.043384552001953,14946800.0
2022-04-28,24.043384902846167,24.382912545786276,23.38011900855755,23.451183319091797,20289800.0
2022-04-29,23.609102027376917,23.806502548518942,23.261676688473948,23.601205825805664,14703920.0
2022-05-05,23.83019204771664,24.011800172532947,23.538038602799805,23.63279151916504,16726880.0
2022-05-06,23.62489349699702,23.774918308829832,23.06427525596198,23.29326057434082,16383240.0
2022-05-09,23.301154564320623,23.545930755942294,23.016897370149486,23.364322662353516,15153320.0
2022-05-10,23.490663528442383,23.56962404319268,23.340638701021483,23.490663528442383,2619020.0
2022-05-11,23.92494120266082,23.98021461052378,23.095859663319192,23.182716369628906,18119270.0
2022-05-12,22.97742131802169,22.97742131802169,22.03779440113944,22.48786735534668,17657730.0
2022-05-13,22.701059481409505,22.780019989510652,22.21940173743431,22.26677894592285,13496520.0
2022-05-16,22.266778678788587,22.49576249288372,21.85618524642566,22.09306526184082,21994940.0
2022-05-17,22.140443004925327,22.290466315492868,21.950937180756895,22.029897689819336,15858070.0
2022-05-18,22.029897425350295,22.345737951761933,21.91145741620173,22.006210327148438,13469050.0
2022-05-20,22.006210739360963,22.006210739360963,21.595617294311523,21.595617294311523,9579550.0
2022-05-23,21.71405796593189,22.41680335998535,21.579825547355178,22.41680335998535,16683250.0
2022-05-24,22.48786710142728,22.787916738208448,22.132547065508273,22.203611373901367,18686530.0
2022-05-25,22.274671916353242,22.503657221509425,22.140441020836413,22.36942481994629,13033150.0
2022-05-26,22.40101086596491,22.598411378859733,22.337842762080424,22.34573745727539,13062740.0
2022-05-27,22.393112813930408,22.930042405594463,22.18781611676202,22.511552810668945,21793520.0
2022-05-30,22.645784429605058,24.082859754304348,22.55103153184582,23.767019271850586,46018740.0
2022-05-31,23.87756444549694,24.793502650622298,23.79860394380414,24.446077346801758,41018270.0
2022-06-01,24.477663794652607,24.722440010906137,24.130238467487125,24.161823272705078,23549620.0
2022-06-02,24.256575330064937,24.911944995537944,24.13813531939805,24.706649780273438,26877380.0
2022-06-03,24.78560963701515,24.990906365396896,24.517144800365678,24.572418212890625,19589380.0
2022-06-06,24.67506522800952,25.156722983195134,24.604000919669136,24.99090576171875,23138360.0
2022-06-07,25.030387469530268,25.054074568941683,24.25657625774977,24.493457794189453,24399300.0
2022-06-08,24.63558307993317,25.1725111765437,23.4038028717041,23.4038028717041,29452010.0
2022-06-09,23.490659045443866,24.05127573169343,23.095858053083465,23.466970443725586,20846420.0
2022-06-10,23.214302479839635,24.027593221488516,23.072173854498416,23.490663528442383,17375190.0
2022-06-13,23.49066264812024,23.553830756343913,22.66158103942871,22.66158103942871,16084720.0
2022-06-14,22.890563789737094,23.0563810072999,22.50365895681911,22.78791618347168,12461240.0
2022-06-15,22.858980133907558,23.245884960796136,22.76422722448449,23.21430015563965,10224040.0
2022-06-16,23.29326153148147,23.427493946311525,22.448387540629064,22.558931350708008,13586240.0
2022-06-17,22.661579314105275,23.024795532226562,22.49576210136345,23.024795532226562,11276590.0
2022-06-20,23.237989070971384,23.395908580731255,22.88266753843043,23.14323616027832,10918150.0
2022-06-21,23.309051250419223,23.956524645256486,23.23798695039598,23.90125274658203,13816340.0
2022-06-22,23.845981148447603,25.14092795444284,23.67226774351418,24.446077346801758,39594720.0
2022-06-23,24.47766261125621,24.690855518031174,23.84598159790039,23.84598159790039,16498100.0
2022-06-24,23.956527591311968,24.161824315953673,23.50645463984789,23.609102249145508,12380200.0
2022-06-27,23.13534038655473,23.830191061691476,22.8352922582319,23.680166244506836,13421510.0
2022-06-28,23.688060672761615,23.924940677070698,22.598410544474973,22.740537643432617,22888810.0
2022-06-29,22.73264439388205,22.73264439388205,21.406112670898438,21.406112670898438,21177800.0
2022-06-30,21.437696518233373,21.540345633683028,20.790223043107144,21.08237648010254,23231410.0
2022-07-01,21.51665505279843,21.8561841624889,21.208710746821648,21.437694549560547,17014570.0
2022-07-04,21.674577228104766,21.9430420499631,20.971830368041992,20.971830368041992,15577930.0
2022-07-05,21.129752547769726,21.200816857828706,20.15854231835899,20.22960662841797,19670060.0
2022-07-06,20.371732447869913,20.877078787957615,20.237500038071893,20.869182586669922,15917420.0
2022-07-07,20.88497551135698,21.398216559516687,20.719158292262847,21.327152252197266,15549170.0
2022-07-08,21.311360759182424,21.73774662130484,21.2087131475862,21.63509750366211,5530760.0
2022-07-13,21.6272004850364,21.79301770494813,20.553342680557954,20.727054595947266,21761720.0
2022-07-14,20.66388613903606,20.782326147793114,20.198020799351404,20.371732711791992,14074130.0
2022-07-18,20.59281992596947,20.766531822326797,20.498067024108746,20.632299423217773,15890700.0
2022-07-19,20.63230345905141,20.837600198201994,20.490176337528617,20.640199661254883,18771980.0
2022-07-20,20.703366526519957,20.76653463429853,20.482278902318196,20.66388702392578,21305830.0
2022-07-21,20.727052705037288,21.398214712885853,20.711260303429953,20.987621307373047,27893840.0
2022-07-22,21.113959872941187,21.421904208542966,20.924455550567288,21.003416061401367,16179260.0
2022-07-25,21.098168422470067,22.061483987270588,20.97972840389281,21.753538131713867,23966250.0
2022-07-26,22.006209583890044,22.637890615378335,21.721952366697124,22.582618713378906,28705410.0
2022-07-27,22.637891736804068,23.016900374472204,22.172026388236233,22.211505889892578,24576230.0
2022-07-28,22.47996969113822,22.79581171414624,22.3615296855334,22.503658294677734,21086490.0
2022-07-29,22.748433262763424,24.08286106823741,22.69316136357422,23.909149169921875,47707330.0
2022-08-01,24.043383754406953,24.30395237857088,23.822294631522297,23.932838439941406,23805910.0
2022-08-02,23.95652494718974,24.75402315279905,23.838084947673693,24.446077346801758,32480070.0
2022-08-03,24.525039094307555,24.65137530101509,24.08286237083118,24.311847686767578,19807530.0
2022-08-04,24.540832692718045,24.94352993599219,24.493456989405338,24.64348030090332,24772610.0
2022-08-05,24.70664827522113,24.96721688523384,24.31974195467387,24.81719207763672,21764670.0
2022-08-08,24.872465816664246,25.662067906082157,24.73823340122134,25.58310890197754,26736240.0
2022-08-09,25.669958971150702,25.922634375154026,25.148823292369332,25.330432891845703,21086510.0
2022-08-10,25.58310831685533,26.112140258861007,25.243577679157276,26.001596450805664,25224980.0
2022-08-11,26.230584590546457,26.506944140355085,25.725239692557434,26.033184051513672,17253060.0
2022-08-12,26.033179471287557,26.838573890293006,25.638378462682493,26.7043399810791,26038690.0
2022-08-15,26.925428144546096,27.130726360081642,26.064761807322572,26.135826110839844,16630970.0
2022-08-16,26.230580236663236,26.7517174527251,25.346223799879176,26.72802734375,24986880.0
2022-08-17,26.925428790159835,27.00439080267943,26.30164545776538,26.66486167907715,16918270.0
2022-08-18,26.680651513231332,27.39918919148097,26.0331781333621,27.146516799926758,33278840.0
2022-08-19,27.146519911574398,27.241271316244905,26.427982150962954,26.435876846313477,20021730.0
2022-08-22,26.427983538291087,26.58590155033417,25.772612342358876,26.23847770690918,20044280.0
2022-08-23,26.2384758037256,27.16231177005167,26.191098596293333,26.759613037109375,25079140.0
2022-08-24,26.925431347793182,26.925431347793182,26.096349716186523,26.096349716186523,17830610.0
2022-08-25,26.246372407386854,26.68854760979066,26.11213849801951,26.459562301635742,21492180.0
2022-08-26,26.514838328941302,26.98070064760771,26.309540108827605,26.759613037109375,23068120.0
2022-08-29,26.751719805495505,27.1149360460693,26.38850055282876,26.74382209777832,17447070.0
2022-08-31,26.767513729032533,27.22548140357105,26.206893920898438,26.206893920898438,20945870.0
2022-09-01,26.21478833859696,26.506940250102137,25.662066308005976,25.883153915405273,18967880.0
2022-09-02,25.89894694030633,26.601692291085662,25.89894694030633,26.412189483642578,21492800.0
2022-09-05,26.50694110624293,26.88594973635154,26.35691779810395,26.530628204345703,29760210.0
2022-09-06,26.688548641912128,27.312334983246974,26.29374761758771,26.578004837036133,40345050.0
2022-09-07,26.60959194224302,26.814887167318354,26.183206076209974,26.68855094909668,23526120.0
2022-09-08,26.846467774935892,28.694136559929888,26.846467774935892,27.715028762817383,51339800.0
2022-09-09,27.951911770505575,28.544113265540926,27.525525971177906,27.715028762817383,31931730.0
2022-09-12,28.03087323291184,28.45725906977954,27.77820081375161,28.062458038330078,32874120.0
2022-09-13,28.465155915168555,28.938918995948725,27.10704231262207,27.10704231262207,45130150.0
2022-09-14,27.05966190273244,28.10193634033203,26.451667978783895,28.10193634033203,26269280.0
2022-09-15,28.188791473884887,28.591487161013692,27.793990481287317,27.936119079589844,18251200.0
2022-09-16,28.00718337874111,28.52042286186243,27.912428971811067,27.936119079589844,16389610.0
2022-09-19,28.078248670547293,28.078248670547293,26.617483139038086,26.617483139038086,12398770.0
2022-09-20,26.609593769261732,27.55711697702791,26.3806084167337,27.20969009399414,17529970.0
2022-09-21,27.399189701345946,27.596590199176838,26.775403405298125,26.82278060913086,12374790.0
2022-09-22,26.854365574680465,28.03087400617606,26.854365574680465,27.48604965209961,16578120.0
2022-09-23,27.525528939933576,27.57290313690669,26.917534978004547,27.06755828857422,10199180.0
2022-09-26,27.004389491667045,27.1070385969127,26.364810775726227,26.52273178100586,11650390.0
2022-09-27,26.522733113453107,26.949118945501063,26.483253613172995,26.570110321044922,10200360.0
2022-09-28,26.530628257411422,26.720134078891192,25.725236799377726,25.91473960876465,16575720.0
2022-09-29,26.056867322567882,26.167411126243938,24.754024257648762,25.512042999267578,16936260.0
2022-09-30,25.519936736035564,26.214787348597323,25.433080032953765,25.81998634338379,12965350.0
2022-10-03,25.9068451546087,27.130727767944336,25.89894744708989,27.130727767944336,20346060.0
2022-10-04,27.399192101313787,27.73872122829058,26.751718652681962,27.359712600708008,24425280.0
2022-10-05,27.651865017279917,28.165104558576125,26.696447229800917,26.980701446533203,26377660.0
2022-10-06,27.162311295269724,27.825577127263998,27.162311295269724,27.509735107421875,20813710.0
2022-10-07,27.51763223047868,27.93612339550873,27.178103083422695,27.707138061523438,23640800.0
2022-10-10,27.8808503190298,28.70993189436286,27.8808503190298,28.173002243041992,22407150.0
2022-10-11,28.244067017186367,28.2914442267661,27.414985428145012,27.51763153076172,18721360.0
2022-10-12,27.54921610279742,27.67555231517576,26.451669692993164,26.451669692993164,20142790.0
2022-10-13,26.609590128968055,27.225478774318187,26.39639721047928,27.020183563232422,18749220.0
2022-10-14,27.470258012921448,27.612386633084157,27.20968787192548,27.280752182006836,16951730.0
2022-10-17,27.51763133197892,28.58359594912567,27.41498523010371,28.346715927124023,35134220.0
2022-10-18,28.346712530675365,29.48373830730275,27.762405735128453,29.073144912719727,42396370.0
2022-10-19,29.37319855114893,29.483742362569497,28.91522789001465,28.91522789001465,27139860.0
2022-10-20,28.97839652852244,29.294235548799193,28.544115993083864,28.852060317993164,27090840.0
2022-10-21,29.136317591810233,29.317925706483855,28.5362183317564,28.607282638549805,21821090.0
2022-10-24,28.741513274896658,30.36809142584764,28.725720873846623,29.665346145629883,44926490.0
2022-10-25,29.752205693115194,29.831164693830484,29.073147443429626,29.081045150756836,28028250.0
2022-10-26,29.28634022064954,29.523220233762117,28.686243986624827,28.844161987304688,21233740.0
2022-10-27,28.970498012789083,29.231068134038065,28.17300127084051,28.480945587158203,20856680.0
2022-10-28,28.417777866032587,28.615178369927502,28.165102449921857,28.18089485168457,7692740.0
2022-10-31,28.48883959303001,28.82047096379537,28.12562040950156,28.66254997253418,19585550.0
2022-11-01,28.79678264743093,29.294229682471254,28.70992595531817,29.04155731201172,23172730.0
2022-11-02,29.175795143853474,29.59428324918438,28.88364324081639,29.37319564819336,24135850.0
2022-11-03,27.888745768247286,28.401988335088703,27.857160961529335,27.96770477294922,49244550.0
2022-11-04,28.02297682892438,28.536216331258604,28.02297682892438,28.42567253112793,29710930.0
2022-11-07,28.61517959739916,29.649556354439653,28.59938719495902,29.183691024780273,40227130.0
2022-11-08,29.21527591550649,29.531117941051782,28.796787791937845,28.844161987304688,32149350.0
2022-11-09,28.85995590437113,29.207382753122587,28.409882952209426,28.733619689941406,25041440.0
2022-11-10,28.773102427977168,29.27055264602762,28.66255860443113,29.05735969543457,33537580.0
2022-11-11,29.38108945208624,30.162796750888255,29.175794259118955,29.341609954833984,43738130.0
2022-11-14,29.4995271298501,31.0866256054479,29.4995271298501,31.070833206176758,40049680.0
2022-11-15,31.268241336646955,32.83165611436293,31.268241336646955,31.74200439453125,52516230.0
2022-11-16,31.978885700826204,33.905513779682984,31.299827399071305,33.10801696777344,68689850.0
2022-11-17,33.084330801891234,33.12381030639034,31.434062212246584,31.76569366455078,40001600.0
2022-11-18,31.78937416949867,33.834443404030615,31.74199997876571,33.60546112060547,32065290.0
2022-11-21,34.458233501032254,34.845139836702636,33.289622810815395,34.316104888916016,34267440.0
2022-11-22,34.63984684089718,35.36628241378565,34.600367334261485,34.97148132324219,28894830.0
2022-11-23,35.05833500463005,35.59526468217089,34.66353394832608,35.19256591796875,29055330.0
2022-11-24,35.55577735179561,35.697905953784996,34.42664624270914,34.88461685180664,28826360.0
2022-11-25,34.88461889352528,35.45313333475671,34.34768925727177,35.342586517333984,27070620.0
2022-11-28,35.61105066349622,35.6821149673092,35.11360354889811,35.20835494995117,24160230.0
2022-11-29,35.38996148570653,35.484712882552664,34.62404657996109,35.042537689208984,21511600.0
2022-11-30,35.19451602777278,35.96239564516187,35.06653609154126,35.586456298828125,26887190.0
2022-12-01,35.97039336287061,36.290341653395174,35.40247957859962,35.6424446105957,25638200.0
2022-12-02,35.642442926921234,35.8504091533742,35.17051639825435,35.274497985839844,27487120.0
2022-12-05,35.44247601241827,35.57845335022605,33.98670319528407,34.08268737792969,45624360.0
2022-12-06,34.09868588377223,34.69859237619681,33.962705492155905,34.370643615722656,28642850.0
2022-12-07,34.474628858927716,34.73058874534532,32.914874254596214,33.394798278808594,31936540.0
2022-12-08,33.39478940589963,33.61875348418773,32.674900509571145,33.298805236816406,26213310.0
2022-12-09,33.37079745190763,34.554612492842374,33.35479958025259,34.29865264892578,22806590.0
2022-12-12,34.47463005499963,35.37049273982508,34.47463005499963,35.23451232910156,28842000.0
2022-12-13,35.34649185249503,35.85041419495329,35.03454094330549,35.39448547363281,32039730.0
2022-12-14,35.394486549344656,35.738433216412645,33.62676264269084,33.706748962402344,34946210.0
2022-12-15,34.27465750449002,34.690593052370886,33.3388048102198,34.01070022583008,23917130.0
2022-12-16,34.234665530813956,34.94655412825252,34.138681339917696,34.522621154785156,11539840.0
2022-12-19,35.890405579335905,37.59414090447208,35.890405579335905,37.586143493652344,39878990.0
2022-12-20,37.59414001901538,39.39385948801079,37.05822501952997,38.85794448852539,44094020.0
2022-12-21,38.87393809242506,39.67381338692995,38.633976114330004,38.67396926879883,35122430.0
2022-12-22,39.11390475970695,39.51384242370689,38.50599780170899,38.561988830566406,21351360.0
2022-12-23,38.66597413336391,38.76195831999282,37.96208297842657,38.43400955200195,18680690.0
2022-12-26,39.10590547305336,39.55383676865765,38.98592600101668,39.489845275878906,20725800.0
2022-12-27,39.51384161229883,39.74580313368102,38.90593466678411,39.06591033935547,16733060.0
2022-12-28,39.233887684958624,40.52168756470911,38.36202337856921,39.24988555908203,37976540.0
2022-12-29,39.849787645631714,42.073440027982194,39.58583038035921,41.91346740722656,49543680.0
2022-12-30,42.03344318201667,42.56936117859425,41.61750769175281,41.95345687866211,32131490.0
2023-01-02,42.5853713148094,43.61720835090956,42.35340669647691,43.153282165527344,25533920.0
2023-01-03,43.401239386286335,43.59321083159532,41.84148474251222,42.10544204711914,24238360.0
2023-01-04,42.105438394729774,42.23341833007342,40.873629609995724,40.92162322998047,21145560.0
2023-01-05,41.04959727527088,41.2735613671659,39.273873257297744,40.081748962402344,27483830.0
2023-01-06,38.953924990487984,40.713651137428336,38.170047617573495,40.081748962402344,35318470.0
2023-01-09,40.06575348725801,40.0897487696011,38.28203195274484,38.633975982666016,32461590.0
2023-01-10,38.61797627843815,38.969923342943204,37.40216552646473,38.31402587890625,26145250.0
2023-01-11,38.31402891529914,38.80995075761586,36.58629835215756,36.67428207397461,27014440.0
2023-01-12,37.33018442326675,38.25004237767875,35.61045409935563,38.042076110839844,31439160.0
2023-01-13,38.04207563498205,38.953933115061815,37.40217286533498,37.79411315917969,24865470.0
2023-01-16,37.938089414748774,39.71381372994967,37.68212953794462,39.64982223510742,23741310.0
2023-01-17,39.78579886141329,41.041602841367684,39.713809962186765,40.873626708984375,29825630.0
2023-01-18,41.033606694669906,41.6175153603405,40.3857095847813,41.1215934753418,30021310.0
2023-01-19,40.79363987310324,41.665504063030646,40.56167530622299,40.713653564453125,26305370.0
2023-01-20,40.95362019863814,41.15358904428454,40.60167307747973,41.017608642578125,15742630.0
2023-01-23,41.19357778098795,42.58536213984177,40.705653361784705,41.20957565307617,37488040.0
2023-01-24,41.273566499068224,41.64151147600802,40.16174025994359,41.00960922241211,25763010.0
2023-01-25,41.185583599912874,41.577520817318295,39.05791526586498,40.50568771362305,31707750.0
2023-01-26,40.50568409040731,41.45753763581371,39.54583313468614,41.025604248046875,25663240.0
2023-01-27,40.633665531190864,41.705498579020485,40.11374840542591,41.68150329589844,31574580.0
2023-01-30,41.769496172992824,42.7533425914386,41.50553581494797,42.313411712646484,32659550.0
2023-01-31,42.08943933636836,42.21741926810871,40.801639556884766,40.801639556884766,29739170.0
2023-02-01,40.961612479530004,41.12958555652686,38.86594009399414,38.86594009399414,26310290.0
2023-02-02,38.87393795267966,40.84163348906256,38.314027689564696,40.713653564453125,49161150.0
2023-02-03,40.81763805896609,42.81732643028573,40.20973413664914,42.793331146240234,36269800.0
2023-02-06,41.993453575239975,43.50521741574347,40.769645333171844,43.03329086303711,10501680.0
2023-02-07,42.8733137754225,42.8733137754225,38.72995958208589,39.24188232421875,24215140.0
2023-02-08,36.86625289916992,36.86625289916992,36.86625289916992,36.86625289916992,10.0
2023-02-15,42.953307703995804,43.16127395629883,40.809641482030614,43.16127395629883,16238760.0
2023-02-16,47.184646597442864,47.1926440081004,43.19326739724444,44.23310470581055,35090180.0
2023-02-17,44.089126136629446,45.11296860606708,43.1932666457434,43.905155181884766,21403200.0
2023-02-20,43.90515331219987,44.6090444078479,43.18526739619619,44.353084564208984,16532900.0
2023-02-21,44.11312435716971,44.23310382232968,43.01729299075935,43.03329086303711,19306050.0
2023-02-22,43.9691491495048,44.3930821103646,42.633355722760356,42.87331771850586,22082130.0
2023-02-23,42.8493193230493,43.70518564487641,42.71334198747028,43.22526168823242,13616600.0
2023-02-24,43.22526169159714,43.401232181696514,42.769333017365234,42.809326171875,10180640.0
2023-02-27,42.84932212899761,44.55305747383087,41.91346943687376,44.433074951171875,19330640.0
2023-02-28,44.51306440230958,44.849010584349145,43.681193306855945,44.08113098144531,19154570.0
2023-03-01,44.44106855560112,47.07265572427973,44.33708392209483,46.73670959472656,24818950.0
2023-03-02,47.35261782155984,47.6405734144283,46.5127493765482,47.1286506652832,19845360.0
2023-03-03,46.71272268479136,47.688568558316945,45.24894929757943,47.064666748046875,28567400.0
2023-03-06,47.11266250867096,49.81623917684048,46.93668894340835,49.3363151550293,24161310.0
2023-03-07,49.35230837541253,50.71209704402821,49.080350641689385,49.36030578613281,17837200.0
2023-03-08,49.36830863094339,50.59211696612466,48.872383706446996,50.05620193481445,15063860.0
2023-03-09,50.07219316173264,50.38414709556166,48.41645151492071,48.912376403808594,16035490.0
2023-03-10,48.936373357719276,49.26432212381089,48.51244040555463,49.19233322143555,14977510.0
2023-03-13,49.46664578794348,49.90063456380413,48.63961004313474,49.777809143066406,15234930.0
2023-03-14,49.769621838955544,49.77781207501625,47.534165314334736,47.6569938659668,15388290.0
2023-03-15,47.689744382009366,48.12373314538521,46.9200246900935,47.73068618774414,14125090.0
2023-03-16,47.85351420644994,48.05822636991232,46.862708084970315,47.820762634277344,14163030.0
2023-03-17,48.148300211287456,48.34482526257945,46.641618563581275,46.748069763183594,14249390.0
2023-03-20,46.641619305640255,46.641619305640255,45.26595329568892,45.527984619140625,12551950.0
2023-03-21,45.69175361993477,47.50140836991081,45.33146134180613,46.420528411865234,19185520.0
2023-03-22,46.67437622445975,48.60685966967911,46.379590190624945,48.43490219116211,16293840.0
2023-03-23,48.42670665767272,49.597660428620024,47.9927178906991,49.523963928222656,16487860.0
2023-03-24,49.753242503139916,49.82693900644344,48.18105459754436,49.2864990234375,14240590.0
2023-03-27,49.32744484384015,49.75324339986856,48.45946413636122,49.40932846069336,11943940.0
2023-03-28,49.37657463809655,50.01527873075912,48.148301621608276,48.32025909423828,18881400.0
2023-03-29,48.3038818727434,49.46664542352465,47.124737850926216,49.384761810302734,15799980.0
2023-03-30,49.319252990658406,49.87607031324815,48.96714782714844,48.96714782714844,11074200.0
2023-03-31,48.9589613878604,48.9589613878604,47.65699191327846,47.89445877075195,11388520.0
2023-04-03,47.88626995261606,48.34482633334724,46.23219526072046,47.92721176147461,15763840.0
2023-04-04,47.845327006051534,49.867884176899594,47.77981761450776,49.54853057861328,14496270.0
2023-04-05,49.85150663941759,50.38375638721775,48.90982944334544,48.958961486816406,16212460.0
2023-04-06,48.67236414933576,50.08078487082863,48.67236414933576,49.86788558959961,15777290.0
2023-04-07,49.982525546320375,50.10535097748971,49.16367684388522,49.23737335205078,8092130.0
2023-04-10,49.474837620678684,50.04803234312707,49.30288014104215,49.75324630737305,14314620.0
2023-04-11,49.83513275177269,49.884261674995095,49.31107007966751,49.49940490722656,13099830.0
2023-04-12,49.695923218199454,50.52296210019141,49.45845948475969,49.62222671508789,21421650.0
2023-04-13,49.70411223285455,49.85150523545674,49.24555587768555,49.24555587768555,15715140.0
2023-04-14,49.37657598130659,50.277311425430256,49.34382128363084,49.57310104370117,15953520.0
2023-04-17,49.58947632345886,49.78599825399383,48.60685729980469,48.60685729980469,13360790.0
2023-04-18,48.65598544804311,49.45026964079796,48.574101832230326,48.61504364013672,9692350.0
2023-04-19,48.74605680725733,48.942581848283346,47.755250737747616,48.189239501953125,13905740.0
2023-04-20,48.18923863120095,48.18923863120095,47.29669353650224,47.73887252807617,6150880.0
2023-04-24,47.919021805822084,48.37757815934416,47.354017380315995,47.575103759765625,23748770.0
2023-04-25,47.747067132851555,47.9026472558316,46.289514374311956,46.395965576171875,17753950.0
2023-04-26,46.445100909673826,46.50242007081254,45.37240795013799,45.74089050292969,13784270.0
2023-04-27,45.74088399433587,47.0674178719699,45.691751953068106,46.92002487182617,16807880.0
2023-04-28,45.52798448041707,45.871902543686865,43.52180775203897,44.00492858886719,21458010.0
2023-05-02,44.21782719768994,44.66819333145299,42.940422176350296,43.07143783569336,17484750.0
2023-05-03,43.15332634838146,43.56275069111058,41.40099066128639,43.31709671020508,18769720.0
2023-05-04,43.15332756964585,44.209643153459695,42.58831996154732,43.22702407836914,11959580.0
2023-05-05,43.27614840068205,43.34984490157002,42.24440051190999,42.301719665527344,9259000.0
2023-05-08,42.571943410877076,43.423543647357775,42.072445226108925,43.39897918701172,11572510.0
2023-05-09,43.39897609827099,44.39797239670791,43.02230648936052,43.251583099365234,14387770.0
2023-05-10,43.398985090739984,43.603697284564234,42.514626914062355,42.833980560302734,9516620.0
2023-05-11,42.83397252860845,47.11655044555664,42.83397252860845,47.11655044555664,26895100.0
2023-05-12,47.255754326237415,48.29569247523033,45.60986993210512,45.96197509765625,18819810.0
2023-05-15,43.398978933161196,45.65899985791176,42.21164775271069,42.53099822998047,13876620.0
2023-05-16,42.53100042477209,45.0694332732229,42.4736812655688,44.831966400146484,18794070.0
2023-05-17,44.791018968518905,45.56892576192718,44.43891382122526,45.200443267822266,12741130.0
2023-05-18,45.20044505357511,46.486037154285306,44.19326161233678,44.22601318359375,17207580.0
2023-05-22,44.40615742889313,44.70094341290035,42.883098593962096,43.82477569580078,10386940.0
2023-05-23,43.80840403238932,44.0294935490742,42.94042331395904,42.98955535888672,7130400.0
2023-05-24,42.9895545219362,43.57912655495101,42.440927420727206,42.539188385009766,9694680.0
2023-05-25,42.678389276840974,43.08781358758028,41.83497619628906,41.83497619628906,8664380.0
2023-05-26,41.88411254798762,43.81659286965612,41.843167613772756,43.56275177001953,10993710.0
2023-05-29,43.84934504511758,46.14212066456077,43.84934504511758,45.60987091064453,15286810.0
2023-05-30,46.395962901136116,47.75525149174386,46.248569898954344,46.78082275390625,16839650.0
2023-05-31,47.116552887579246,47.73887649795874,46.019295552608746,46.936405181884766,18330190.0
2023-06-01,47.08379818787895,48.672363471787264,47.08379818787895,48.009098052978516,11913130.0
2023-06-02,48.77881361816839,49.3765727552259,48.5577241087921,49.15548324584961,13636370.0
2023-06-05,50.228176126458266,52.34899424690377,49.70411349222087,51.76761245727539,19573710.0
2023-06-06,51.75942341115159,55.378733014324055,51.37456666234685,54.289669036865234,33058330.0
2023-06-07,55.92737120392765,57.892603173743616,55.92737120392765,56.254905700683594,23157590.0
2023-06-08,56.4514223660137,57.040994335473705,55.46061634685072,56.729827880859375,17610950.0
2023-06-09,57.23752328880329,57.49955461333953,56.45961330382539,56.68889617919922,19716750.0
2023-06-12,56.95092218152166,57.31940154969928,56.13207358795453,56.23033142089844,16256620.0
2023-06-13,56.230341535398175,56.32041539667822,53.85567893744443,54.666343688964844,18939040.0
2023-06-14,54.723654871857924,55.50974879878595,53.192405700683594,53.192405700683594,15552130.0
2023-06-15,53.63458349408895,56.14844845529318,53.63458349408895,56.091129302978516,20308820.0
2023-06-16,56.189390049517115,56.39410218810821,54.78096953643943,55.20676803588867,11858410.0
2023-06-19,55.76359315936249,55.86185724876552,53.63458786752026,53.79835510253906,13906420.0
2023-06-20,53.79835354627985,55.07576168228844,53.339800303636416,54.56807327270508,11450240.0
2023-06-21,54.625398523664565,56.909987250747065,54.53532466276267,55.78816223144531,21707360.0
2023-06-22,56.19758555779521,59.95610444144969,55.067576570149264,59.93972396850586,34445930.0
2023-06-23,60.84045380268335,61.83125986427753,60.16080796171012,61.70024108886719,21751740.0
2023-06-26,62.060543982016476,63.98483718559374,61.135247196184984,62.64192581176758,18704080.0
2023-06-27,62.65829174160375,63.6245333336123,62.31437683105468,62.31437683105469,7521400.0
2023-07-03,63.05134904247706,64.92651328965246,63.0431588063389,63.468963623046875,16784820.0
2023-07-04,63.501716502837574,63.862005667448436,62.26525326879244,62.29800796508789,15782690.0
2023-07-05,62.64192036698621,65.79448635167788,62.47815313946429,65.75354766845703,28541220.0
2023-07-06,65.75355559562715,69.03713450873684,65.1803577355578,68.59495544433594,22930940.0
2023-07-07,68.59495177372756,70.33910347564148,67.53045222882449,68.86517333984375,17655700.0
2023-07-10,69.19271132993795,69.63489035320406,67.48132064013566,67.5713882446289,16247240.0
2023-07-11,68.61951371645118,68.72596178314762,66.98181655135515,68.30016326904297,14659690.0
2023-07-12,68.29198346495426,68.34930262459484,66.1957265252701,66.98182678222656,17158080.0
2023-07-13,66.94087618139561,67.13739810533929,65.3441238356295,65.81086730957031,16131940.0
2023-07-14,66.0729091208903,68.19372443231816,65.50790147155564,67.81705474853516,18833910.0
2023-07-17,68.2019057143196,68.37386318342593,66.97363272300058,67.1619644165039,16189430.0
2023-07-18,67.3257415486587,67.93168784132503,65.50789642333984,65.50789642333984,20329930.0
2023-07-19,65.66348347734817,68.6440924373539,65.46695527863203,68.37387084960938,22970090.0
2023-07-20,68.86516901897785,72.32890149711474,67.97262700469942,71.89491271972656,26236730.0
2023-07-21,72.46810871387646,77.20924335568301,71.6165053307243,75.00653839111328,34110730.0
2023-07-24,75.97277106294254,76.03009021426098,72.92665331329013,73.69637298583984,20281790.0
2023-07-25,73.79463765654332,74.18768148378375,71.81301930797979,72.33708190917969,19270790.0
2023-07-26,72.46810726699633,76.04647820254858,72.45991703105001,75.76806640625,18622290.0
2023-07-27,77.79061747338488,79.14171892107063,76.61147348306726,79.01889038085938,18865590.0
2023-07-28,77.79063131049405,80.41094481360366,76.71794144630232,78.36382293701172,31313210.0
2023-07-31,78.4620762341454,80.8858674526653,77.73330144619567,77.75786590576172,33506410.0
2023-08-01,77.7578694103616,78.87150410788995,76.7506890388432,77.5040283203125,18795770.0
2023-08-02,77.62685527701935,80.05064655501137,77.55315564919351,78.9206314086914,19085770.0
2023-08-03,78.93701176447581,79.55114825707186,77.34025313533441,77.53678131103516,15590300.0
2023-08-04,77.70873746497927,79.05164873962413,76.93082750578955,78.28192901611328,14761270.0
2023-08-07,78.33107384264592,79.3791992352996,77.72512127407042,78.32288360595703,13685420.0
2023-08-08,78.34744187811137,79.1744807933778,76.9717758471211,77.2829360961914,14018030.0
2023-08-09,77.29931202245454,78.93700928459418,76.57872122882877,78.6504135131836,17598520.0
2023-08-10,79.27273922904875,79.35462909543894,75.83357724953015,75.94002532958984,19736060.0
2023-08-11,75.98915514450998,77.78242939087842,75.55516012410925,77.64322662353516,15662420.0
2023-08-14,77.79063194374812,78.03628906986701,75.80901945043266,75.82539367675781,16295110.0
2023-08-15,75.90726527408374,76.31668958785403,73.31970685966154,74.37602233886719,16687270.0
2023-08-16,74.84276949391747,75.80901117191151,73.81101842313615,74.10580444335938,18087100.0
2023-08-17,74.28594913436969,75.43233847233353,73.64724819891936,74.88370513916016,15184310.0
2023-08-18,74.9164625890345,75.02291691373694,72.11600165493473,73.09861755371094,13408600.0
2023-08-21,72.71376965050241,75.47328586956903,71.77209236247636,74.53160858154297,17502750.0
2023-08-22,74.69537669319989,76.46408657217799,73.53261308090396,74.83457946777344,20577710.0
2023-08-23,75.34226271939225,75.49783970786699,73.53260803222656,73.53260803222656,12879970.0
2023-08-24,73.53261551205686,75.29313521329043,70.38004302978516,70.38004302978516,25557280.0
2023-08-25,70.42098081804106,71.48548651538097,68.12820219945625,70.4373550415039,23188100.0
2023-08-28,71.25620400016382,72.18969717235665,70.10982093264823,71.44454193115234,17233060.0
2023-08-29,71.48548832987422,71.5837461677836,70.0934419020713,70.21627044677734,13822600.0
2023-08-31,70.53562650301899,70.9041059190117,69.45474646914464,70.64207458496094,12062940.0
2023-09-01,70.7649029136447,75.66162087178904,70.1917113245247,75.39958953857422,23873760.0
2023-09-04,75.57972723885,75.71892999957781,73.69637298583984,73.69637298583984,15145110.0
2023-09-05,73.75369333629936,73.76188357156914,71.67381713742681,73.13955688476562,14595350.0
2023-09-06,73.20507201057802,73.40159394122416,71.65744853118566,71.97679901123047,13213330.0
2023-09-07,72.05867767333984,72.63186920135922,71.53461506277381,72.05867767333984,12600220.0
2023-09-08,72.14875559629543,74.50703747707485,71.72295079658004,74.17949676513672,18369230.0
2023-09-11,74.26956941906985,74.92465083237906,72.38622128861478,72.86933898925781,14944520.0
2023-09-12,72.86933653287258,73.40977961773253,71.36265807929782,71.64925384521484,15799210.0
2023-09-13,71.64925628262466,72.91847417855891,70.83040763939466,71.46910858154297,14107820.0
2023-09-14,71.6492531944845,74.59710693359375,70.68301158722612,74.59710693359375,19134040.0
2023-09-15,74.69537635476648,74.75269551152645,71.51005554199219,71.51005554199219,13595020.0
2023-09-18,71.5100517056385,71.5100517056385,68.97980621338874,69.35647583007812,11225660.0
2023-09-19,69.35648431020292,70.23265219355416,68.47213243769548,69.02075958251953,11267930.0
2023-09-20,69.0780693709981,70.25721337078679,66.72797160678563,67.65327453613281,16988570.0
2023-09-21,67.64509239200663,69.61033054428297,66.76892452272891,69.56119537353516,15751000.0
2023-09-22,69.56119405986443,69.97061840688498,68.35749172737259,68.73416137695312,12787730.0
2023-09-25,69.06169007006861,70.33090793841309,67.75972375434785,69.6185073852539,16145160.0
2023-09-26,70.33910910552925,70.42099273133421,68.37387084960938,68.37387084960938,14008800.0
2023-09-27,68.57857696292875,68.83241805463432,67.8907470703125,67.8907470703125,10372370.0
2023-09-28,68.78328264915412,69.6512601691561,68.17733643220852,68.26741027832031,14961260.0
2023-09-29,68.61951932079467,69.81503759927774,68.31654307147221,69.19271087646484,15035460.0
2023-10-02,69.39742327587781,70.21627192810055,68.91430556977971,69.45474243164062,15185450.0
2023-10-03,72.4681083096619,76.39858447962226,72.39441492704347,75.22763061523438,54412220.0
2023-10-04,75.334065841201,75.94001201284841,72.88571045061117,73.630859375,18828320.0
2023-10-05,73.69637883576966,74.16312231850343,71.26439733461815,73.45072174072266,18484600.0
2023-10-06,73.25419786684701,75.42414799104584,72.38622031609518,75.08841705322266,20606310.0
2023-10-09,73.69638048086658,73.96660204198646,71.56737518310547,71.56737518310547,18940080.0
2023-10-10,72.4599157202701,73.37702846276042,72.03411716855783,72.79564666748047,13764330.0
2023-10-11,72.79564315620212,72.91028146256893,71.21526507863776,71.64925384521484,13100080.0
2023-10-12,71.97679898186867,72.77926717594944,69.39742443482712,70.76490020751953,15916460.0
2023-10-13,70.76489537030284,72.05867767333984,69.88053737222799,72.05867767333984,15360180.0
2023-10-16,72.5499902531576,72.71376373406086,70.96142809597272,71.9030990600586,17041840.0
2023-10-17,72.2633945421658,72.5581805607636,70.5110589023453,72.18151092529297,14367010.0
2023-10-18,71.23983250002888,71.29715165559591,69.19271087646484,69.19271087646484,13979560.0
2023-10-19,69.43018378772459,71.83760102606801,69.3073552301381,70.42098999023438,13851840.0
2023-10-20,70.26539929152902,71.09243816120237,68.300167567585,68.53762817382812,15204720.0
2023-10-23,69.68400984149211,71.76388589282755,68.97979959390143,70.8877182006836,12494950.0
2023-10-24,71.149757465707,71.92766117079834,70.72395892390651,71.42816925048828,12784020.0
2023-10-25,71.93586124599958,72.5827525064511,68.19372271838222,69.51206970214844,18778060.0
2023-10-26,70.09344239342927,70.83040741951234,68.32473257814924,69.80684661865234,27136300.0
2023-10-27,69.92149015717177,70.41279812885986,68.36567637405962,69.52025604248047,21265280.0
2023-10-30,70.43333796913605,70.43333796913605,68.94829771075065,69.08407592773438,14282930.0
2023-10-31,69.24530199906104,69.58474105515802,66.7249755859375,66.7249755859375,11870020.0
2023-11-01,67.00502319101271,67.92999459366057,65.36723549209675,67.27657318115234,16152480.0
2023-11-02,67.88755671144678,68.42216888981513,66.89470274836474,67.41234588623047,12679440.0
2023-11-03,67.41234270350363,68.6767465747649,67.03895908745535,68.59188842773438,11912700.0
2023-11-06,71.11221453206016,73.48827500834564,70.34847826407992,72.51239013671875,18109420.0
2023-11-07,72.46996314608162,72.85182803685775,71.57893643525536,71.96080780029297,7013220.0
2023-11-08,72.1305295758422,72.63968496034869,70.64548926104546,70.90007019042969,7458160.0
2023-11-09,70.81520556446029,71.4940837266436,69.1604489462487,70.90007019042969,7321700.0
2023-11-10,70.90006800040437,71.02735198690284,69.75446032782386,69.83932495117188,4491070.0
2023-11-13,68.90586434790605,69.16044526373487,67.63297271728516,67.63297271728516,10197030.0
2023-11-14,67.92998683102645,69.24530431528953,67.16625054782696,69.16044616699219,8310910.0
2023-11-15,69.24530431528953,69.79689199061481,68.3967098837927,69.16044616699219,6132450.0
2023-11-16,69.160446307653,71.02735147103833,68.82100723951156,70.51819610595703,8110910.0
2023-11-17,70.60305511700356,72.93668983687674,70.00904159619512,72.04566955566406,10138650.0
2023-11-20,72.4275362312963,72.68211716028456,71.28193499937306,71.40922546386719,7780200.0
2023-11-21,71.70623388744535,72.0880988154843,70.85763940357026,71.28193664550781,7414260.0
2023-11-22,71.32436139353628,72.08809116860006,70.77277374267578,70.77277374267578,6409720.0
2023-11-23,70.9424985651114,71.11222134885524,69.1180191040039,69.1180191040039,6975520.0
2023-11-24,69.1604401215862,70.05146678647675,68.73614294292616,69.54230499267578,7653760.0
2023-11-27,69.7968978881836,70.26362745464839,69.11801969591885,69.7968978881836,9509420.0
2023-11-28,69.88174730448944,71.62136840820312,69.79688915963396,71.62136840820312,8978260.0
2023-11-29,71.6213676596595,71.79108394759666,70.85763141541946,71.45164489746094,8131940.0
2023-11-30,71.36679077148438,72.3002433562155,70.64548679574949,71.36679077148438,11288520.0
2023-12-01,72.8518249634647,72.89425727143261,70.64548090861834,70.73033905029297,10337380.0
2023-12-04,70.9000663320654,73.06397821702393,70.22118820682648,72.3426742553711,12835300.0
2023-12-05,72.34267711922882,72.59725804483702,70.00904237344724,70.39090728759766,8729580.0
2023-12-06,70.4333356946976,70.56062615044394,67.08139038085938,67.08139038085938,16220620.0
2023-12-07,67.12382184749363,68.73615264892578,66.65709876961989,68.73615264892578,10635700.0
2023-12-08,68.9058665684832,69.96660962818437,68.39671119467901,68.69371795654297,7689550.0
2023-12-11,68.77859267858372,69.1604576464356,67.37841033935547,67.37841033935547,13223610.0
2023-12-12,67.4208364505362,68.35429566322858,67.03897148117136,67.71784973144531,7819730.0
2023-12-13,67.37839732789216,67.71783638613509,63.38999972349534,63.72943878173828,15491900.0
2023-12-14,64.36589259956364,65.7660748426796,63.64458855743188,65.4266357421875,11038330.0
2023-12-15,65.42663112663745,68.52400217944621,65.21448251307878,68.01484680175781,13237800.0
2023-12-18,67.42082740741542,67.67540833568704,64.0688818726567,65.51148986816406,11701360.0
2023-12-19,65.51149433219653,65.59635896357783,64.06888623838812,65.25691986083984,9958730.0
2023-12-20,65.25691231611724,65.6812095269187,64.06887883102083,64.74775695800781,9980830.0
2023-12-21,64.70532294072204,65.72363363008455,64.15373528637507,65.38420104980469,10453010.0
2023-12-22,65.384208026351,65.51149202040652,63.347579956054695,63.34757995605469,6544190.0
2023-12-25,63.22029134329947,63.64458860063705,61.77768325805663,61.77768325805664,8276620.0
2023-12-26,61.90497046951323,63.30515278626721,61.77768646511416,62.45655822753906,9835310.0
2023-12-27,62.456548839799964,63.305143270977304,62.159542083740234,62.159542083740234,9130550.0
2023-12-28,62.71112775099942,63.984019357010524,62.66869544109445,63.38999938964844,7041640.0
2023-12-29,63.43243342927422,64.2810278564217,62.75355529785156,62.75355529785156,7954430.0
2024-01-02,63.34758190912944,64.91748046875,63.177859121385744,64.91748046875,9619610.0
2024-01-03,64.95990845122425,64.95990845122425,62.795989990234375,62.795989990234375,11447590.0
2024-01-04,62.880848345040185,63.64458465576172,62.24440249848257,63.64458465576172,9067720.0
2024-01-05,63.64457927191325,64.15373461123627,62.71112673744413,63.26271438598633,12137830.0
2024-01-08,64.57803563575783,66.40251497792703,64.57803563575783,65.63877868652344,18656090.0
2024-01-09,65.72364007573168,65.76607238955883,63.64458618344402,64.02645111083984,14110540.0
2024-01-10,64.02645038769609,65.55392302855161,63.644585464613215,65.17205810546875,14633660.0
2024-01-11,65.51148333582827,66.69951675886377,65.12961845575961,66.02064514160156,11785200.0
2024-01-12,65.17205383829824,67.37839802842436,65.0023310702814,66.78437805175781,12366250.0
2024-01-15,66.86923957317711,69.16044180397228,66.69951681302776,68.9058609008789,15672770.0
2024-01-16,69.1604428965956,69.49988194799558,68.69371339163793,69.41502380371094,8302000.0
2024-01-17,69.07559520417621,69.37260199124343,67.71784526739579,67.97241973876953,8410860.0
2024-01-18,68.69372831410274,68.73616063259342,67.71784973144531,67.71784973144531,7548810.0
2024-01-19,67.88755363311398,68.09970223821747,67.33596596499261,67.63297271728516,5366960.0
2024-01-22,67.63297148999071,67.97241054684902,67.20867428748322,67.59054565429688,6173710.0
2024-01-23,68.14212957419738,69.5847373938782,68.05726495894226,68.52399444580078,12246740.0
2024-01-24,68.65129295365148,70.22119140625,68.481570177478,70.22119140625,7830670.0
2024-01-25,71.06979204489686,71.5365216271355,70.39091382968837,71.19708251953125,11544030.0
2024-01-26,71.28193307062577,73.31856102463887,71.1122167720671,73.06398010253906,12646050.0
2024-01-29,73.61556613203408,74.08229565398794,72.55482310419497,73.19126892089844,12262510.0
2024-01-30,73.19126256246177,73.70041787673973,72.4275263539143,72.72453308105469,9524510.0
2024-01-31,72.85182801257685,76.07648932526608,72.63967941238049,74.84602355957031,13308510.0
2024-02-01,75.10060840767908,75.82191239131855,74.67631118503682,75.27032470703125,8937900.0
2024-02-02,76.0764906707084,76.75536231878596,75.27032209114795,76.20378112792969,8915750.0
2024-02-05,76.20378645208608,77.90097540225047,76.03406367251242,77.51910400390625,9481470.0
2024-02-06,77.90097093715347,80.40432190545505,77.73124816730791,79.59815979003906,12951660.0
2024-02-07,79.76787517381752,79.93759146746142,77.9433958829683,78.07068634033203,9909830.0
2024-02-08,78.1131231894128,79.76787980850139,77.77368410814125,79.17386627197266,7160800.0
2024-02-09,79.2162881570387,81.97422003404616,79.00413955111506,81.12562561035156,15252250.0
2024-02-12,81.80451817497453,84.60487638278617,81.67722769410518,83.62899780273438,14561780.0
2024-02-13,83.67141057560667,84.68972778921598,80.99833679199219,80.99833679199219,13652800.0
2024-02-14,80.9983357124357,82.61066642346475,80.87105172741006,82.31365966796875,10088960.0
2024-02-15,82.39852288838091,82.61067150883207,81.38021209992014,81.42263793945312,14673350.0
2024-02-16,81.63478284671802,82.61066775125735,81.12562747564675,81.84693145751953,11147320.0
2024-02-19,82.05908380080662,83.28954968398065,81.12563116567391,81.42263793945312,12700030.0
2024-02-20,81.46506538104919,84.64729449749642,81.33777492153895,83.6714096069336,13145600.0
2024-02-21,83.7987074119337,84.68973423234779,82.82282243582836,83.33197784423828,10792340.0
2024-02-22,84.26543090532294,86.98093053726956,83.84113368318992,86.89607238769531,11264370.0
2024-02-23,86.89607623132058,88.84783965490664,85.62318450861841,85.9626235961914,13606460.0
2024-02-26,86.55664405879641,87.91439404329755,85.4534685546165,87.1506576538086,9904630.0
2024-02-27,87.23551094618375,87.91438261303897,85.11402484802035,87.57494354248047,10603490.0
2024-02-28,87.57494427938438,88.59326149962855,86.4717753836138,87.74466705322266,10490820.0
2024-02-29,88.25381743556012,88.59325648977995,85.36859518608375,86.30204772949219,11881900.0
2024-03-01,86.55663319068081,86.98093041220376,85.28374152611198,85.53832244873047,8535590.0
2024-03-04,85.5383179666673,85.96261516595777,83.24710920594177,83.41683197021484,7588980.0
2024-03-05,83.45925969345704,85.5383199015662,82.6530975862741,84.13813781738281,17131560.0
2024-03-06,86.72634932513425,91.2239024544539,85.36859951368777,88.42353820800781,29122690.0
2024-03-07,88.67811569107374,90.37530450812778,87.15064316602049,89.69642639160156,20574550.0
2024-03-08,90.54502622053857,94.53342406393494,90.37530991837785,94.19398498535156,18270190.0
2024-03-11,95.55173090269633,98.26723694562061,93.59996761092684,95.63658905029297,18167930.0
2024-03-12,95.55172667386391,95.63658481770499,92.92108536922223,94.36369323730469,7872350.0
2024-03-13,94.44855776609734,94.61827405361902,90.88445745978984,91.98763275146484,12485210.0
2024-03-14,92.32707590701236,94.02426475475698,91.64819777820983,93.76968383789062,8250020.0
2024-03-15,93.85454115567113,95.12743278022614,91.7330551147461,91.7330551147461,10363250.0
2024-03-18,92.49680344094256,92.6665197566338,90.62989807128906,90.62989807128906,8129800.0
2024-03-19,90.62989084588087,94.44856591285458,89.86615453763375,94.19398498535156,11958580.0
2024-03-20,94.19398569589463,97.84294448823317,93.00595214902194,96.2306137084961,15846380.0
2024-03-21,96.99435435979402,102.42535400390625,96.99435435979402,102.42535400390625,19658080.0
2024-03-22,102.34048343978982,102.34048343978982,95.89116728867795,97.0792007446289,10917560.0
2024-03-25,97.07920295829472,97.84293923126852,93.93939971923828,93.93939971923828,11609380.0
2024-03-26,94.19398467071126,94.95772097640724,92.24221483107284,93.85454559326172,9761320.0
2024-03-27,94.10912630840046,94.27884260961284,92.41193739922917,93.00595092773438,6606540.0
2024-03-28,93.59997598260432,98.26724573474345,92.75138148221538,98.01266479492188,12057910.0
2024-03-29,98.2672409712217,98.52181542444049,94.78799850887415,96.0608901977539,10715890.0
2024-04-01,97.24892097184406,98.60667077321085,95.04257673534029,97.50350189208984,7890810.0
2024-04-02,97.41864693946971,98.60667400822801,95.46687708491773,95.89117431640625,8297340.0
2024-04-03,95.89117094190735,97.16406259157868,95.12743465725221,96.6549072265625,5039690.0
2024-04-04,96.99435414617997,99.62499580692746,96.14575964437354,98.86125946044922,10907570.0
2024-04-05,100.89788120568046,103.44366455078125,98.60667231053264,103.44366455078125,13068200.0
2024-04-08,103.82198876550379,105.14175980913308,102.06229404066474,102.67818450927734,10734170.0
2024-04-09,102.67818450927734,102.67818450927734,102.67818450927734,102.67818450927734,0.0
2024-04-15,102.06229670801312,102.23826350001478,100.21461854118449,100.56655883789062,9173730.0
2024-04-16,100.47856603524917,102.76617454615436,99.59871867342491,101.44640350341797,10159870.0
2024-04-17,101.88633300782917,103.29408752467022,98.366943359375,98.366943359375,11018620.0
2024-04-18,98.98284185323395,99.77470593060053,97.92702755854755,98.27896118164062,7912960.0
2024-04-19,97.48710107920279,100.74253399031502,96.6072536207721,98.54291534423828,10127070.0
2024-04-22,99.0708200168815,100.56656468669719,98.10298917917912,98.71887969970703,8142430.0
2024-04-24,98.89484829067229,99.51073878053502,96.95917999894122,97.22313690185547,9112050.0
2024-04-25,97.31112707709421,97.83903420699279,95.55143216896339,95.9913558959961,8042070.0
2024-04-26,96.25530973277624,98.19097138461015,96.25530973277624,97.57508087158203,8555800.0
2024-04-29,98.54291448255701,98.54291448255701,95.37546500244406,97.31112670898438,11511710.0
2024-04-30,97.57507570002946,99.33477045850536,96.95917850694121,98.01499938964844,15968490.0
2024-05-02,99.33477507740918,101.5343936277827,98.98283476680879,100.2146224975586,10484920.0
2024-05-03,100.39058807227744,101.2704354816974,98.8948501613447,99.68671417236328,6301110.0
2024-05-06,99.68671417516254,101.79834258766734,98.71887665461098,100.91849517822266,9822060.0
2024-05-07,101.27043548454112,102.32625640349654,99.51074066565178,100.91849517822266,9225830.0
2024-05-08,100.9185007969198,101.18245771953038,98.45493194093588,98.54291534423828,7023830.0
2024-05-09,98.63089955122183,100.74253481120257,98.63089955122183,100.39059448242188,8260700.0
2024-05-10,100.47857754105547,102.50222939006079,100.47857754105547,101.09447479248047,8581850.0
2024-05-13,101.53439485298432,102.85416599913393,100.03865019305951,100.7425308227539,8333090.0
2024-05-14,101.62238115078932,104.78983064931221,100.47857677310168,104.34990692138672,11872070.0
2024-05-15,104.34989413603425,105.14175809181857,102.76617293716814,104.7898178100586,7942380.0
2024-05-16,104.96580258395691,105.75765991210938,102.50222705967316,105.75765991210938,9227050.0
2024-05-17,105.84565244466378,106.373559579727,104.52588125065402,106.19758605957031,13961410.0
2024-05-20,106.19757934991962,107.34138366420962,105.1417651465004,106.8134765625,10024990.0
2024-05-21,106.90145874023438,109.89294123270744,106.02161134319542,106.90145874023438,15932760.0
2024-05-22,106.63750184604258,109.36503414728152,106.02161135313871,107.51734924316406,8463080.0
2024-05-23,107.78130958423067,108.22123329681936,102.76618194580078,102.76618194580078,10864800.0
2024-05-24,103.38207347779316,103.99796399640937,98.27895567636124,98.80686950683594,13487690.0
2024-05-27,99.0708200168815,100.03865085458388,98.19097258029693,98.71887969970703,6783660.0
2024-05-28,98.894852000217,99.51074251318178,96.95918363587903,98.19097137451172,9865560.0
2024-05-29,98.01500367693893,98.36694398656894,95.72740173339844,95.72740173339844,12258940.0
2024-05-30,95.72740725947467,96.87120494092164,94.31964593968847,95.19949340820312,11150890.0
2024-05-31,95.99135436523052,98.01500616239132,95.19949032665876,96.16732788085938,10388640.0
2024-06-03,96.34328481886122,96.60724170892543,94.67157351142723,95.02351379394531,8176260.0
2024-06-04,95.02352276970359,96.07933700428568,89.0405575398632,89.74443817138672,19779980.0
2024-06-05,90.44832084439622,94.5836011879995,89.83242359973607,92.12002563476562,17644270.0
2024-06-06,92.29600117433357,92.91189171977892,89.12855161702247,89.39250183105469,12806030.0
2024-06-07,89.74443299828506,91.32816097157121,89.12854251573089,90.18435668945312,8064340.0
2024-06-10,90.80025364460197,91.0642105631998,88.95257535252698,89.65645599365234,7896340.0
2024-06-11,89.65645232845058,90.36032622809795,88.24869781645286,88.6886215209961,9870000.0
2024-06-12,91.3281652517901,95.46344545749432,90.71226802766826,93.70375061035156,15393490.0
2024-06-13,95.19948886664525,96.60725011927322,92.82390350006605,92.99987030029297,10040720.0
2024-06-14,94.93553924560547,95.81538667751525,92.82390406648136,94.93553924560547,13009420.0
2024-06-20,96.51925903478356,97.57507996362544,94.93553771057536,96.34329223632812,8444050.0
2024-06-21,96.43127317208412,96.69523007572721,95.19948547625454,95.2874755859375,8656440.0
2024-06-24,95.55143614913327,96.4312836398485,94.05569809999884,95.63941955566406,12135840.0
2024-06-25,95.9033667310813,99.2467895407323,95.28747623532068,98.45492553710938,20754340.0
2024-06-26,98.45493512396368,100.21463009771566,96.95919036865234,96.95919036865234,11713830.0
2024-06-27,97.04718087151566,100.214630494262,96.959190752317,99.51074981689453,9520870.0
2024-06-28,99.59872559532587,100.6545465305139,98.89485168457031,98.89485168457031,11705860.0
2024-07-01,99.15879596964858,100.65454052711085,95.46343969865278,96.78321075439453,9064250.0
2024-07-02,96.78321563684138,97.22313934428158,94.9355374081332,97.04717254638672,6899430.0
2024-07-03,97.04717495776777,98.10298919677734,95.99135400605495,98.10298919677734,7645110.0
2024-07-04,98.10299279604914,99.68672092537169,97.8390358702609,99.0708236694336,9547580.0
2024-07-05,99.07081970937008,99.86268374237892,97.92702207298237,98.80686950683594,6527080.0
2024-07-08,98.80686489393517,99.33477198706078,96.95917999894122,97.22313690185547,6799060.0
2024-07-09,97.04716434629937,97.575071408081,93.70374176717822,93.7917251586914,10467910.0
2024-07-10,93.7917384244698,93.96771194508813,90.71227229703511,91.41615295410156,14040450.0
2024-07-11,91.7680910164818,95.11150727322536,91.24017718036674,94.8475570678711,9752980.0
2024-07-12,94.84755094100086,95.199484525406,93.52777986137303,94.0556869506836,8832330.0
2024-07-16,94.31964144010433,96.25530980611623,92.64793669983912,92.99987030029297,13117940.0
2024-07-17,93.35181554011342,93.70375587184414,91.85607752113721,92.64794158935547,10013500.0
2024-07-18,92.82391080300602,94.14368204665065,92.38398705512446,93.0878677368164,6836190.0
2024-07-19,93.26382074981456,93.26382074981456,91.85606630745222,92.29598999023438,5813480.0
2024-07-22,92.6479403288381,93.96771152034461,92.12002648207277,93.35181427001953,10521470.0
2024-07-23,93.35181344099581,93.35181344099581,91.41615172905753,91.50413513183594,8341800.0
2024-07-24,91.50412803121132,91.7680849317671,88.86458587646484,88.86458587646484,9431190.0
2024-07-25,88.6886230576416,89.48048036937698,87.85276397690532,87.89675903320312,6594010.0
2024-07-26,87.98473877393951,89.21652645931523,87.58881013453792,88.16070556640625,7581470.0
2024-07-29,88.16070459119939,88.16070459119939,86.35702149390713,86.6209716796875,6390300.0
2024-07-30,86.62098409984016,87.6768051324589,86.48901234437858,87.5008316040039,7851520.0
2024-07-31,87.10488498457657,88.248689189657,86.35701610250199,87.45682525634766,7433930.0
2024-08-01,87.89676059388708,88.8645914352952,86.53299437687798,86.79695129394531,9100560.0
2024-08-02,86.13706676767652,86.40101697526944,83.18957915031724,83.45352935791016,9532870.0
2024-08-05,77.42657950754916,80.8139910184637,77.42657950754916,78.30642700195312,11480910.0
2024-08-06,79.75817261414527,81.2539105927344,78.74634670500399,79.58219909667969,11983090.0
2024-08-07,79.01030278384728,79.01030278384728,76.15079860432624,77.42657470703125,24272330.0
2024-08-08,77.42657196577608,78.92230987548828,76.98664826142509,78.92230987548828,15841450.0
2024-08-09,78.96629609670876,80.19808367362684,76.45873260498047,76.45873260498047,9638200.0
2024-08-12,76.634705788618,77.73451501839926,75.22695131703856,75.93083190917969,10203250.0
2024-08-13,76.72269407006785,78.08646028692071,76.32676540721546,77.42657470703125,14778650.0
2024-08-14,77.82250336988363,78.4823889497731,77.07463438854954,77.42657470703125,9155230.0
2024-08-15,77.91049831455281,78.61437228245379,76.67871047984652,78.30642700195312,8671570.0
2024-08-16,78.48239539974631,79.45023303328726,77.822509765625,77.822509765625,9050150.0
2024-08-19,78.13045701075708,81.25391146124483,77.99847854942303,80.8139877319336,8475000.0
2024-08-20,80.55003597474132,82.22174074385075,79.89015039344973,81.60585021972656,8196670.0
2024-08-21,81.64984615235961,84.46535531097753,81.4738726345064,82.52969360351562,12988990.0
2024-08-22,82.96961364699527,83.67348754906095,82.00177612351254,82.4856948852539,8425820.0
2024-08-23,82.48570215636195,83.01360930762195,79.18627407010747,79.6261978149414,11022450.0
2024-08-26,79.97813360476545,80.63801918448677,77.91049346417927,78.04246520996094,7437180.0
2024-08-27,77.95447637747375,79.71417113413322,77.33858589772404,79.49420928955078,7264680.0
2024-08-28,79.45022309994776,81.47386809728935,79.18626619421917,80.94596099853516,8198390.0
2024-08-29,80.94596133179152,84.81729125976562,80.24208072208604,84.81729125976562,12457010.0
2024-09-02,84.72931061971533,86.62097723355551,84.02542998709816,84.24539184570312,10813460.0
2024-09-03,84.55333245431653,85.16922965215467,82.17774719713425,82.35371398925781,8066720.0
2024-09-04,80.94596705202089,82.39771671669023,80.33007650953256,81.73783111572266,7819580.0
2024-09-05,81.78181906053698,84.37737310590593,80.94596665515749,83.36554718017578,9213070.0
2024-09-06,83.36555406772598,84.90528725631195,82.00178770132538,82.1337661743164,8772310.0
2024-09-09,82.13374867472339,82.17774372724804,80.24207553210664,80.68199920654297,5608400.0
2024-09-10,80.77000138010948,81.38589193126465,78.70235443115234,78.70235443115234,8507110.0
2024-09-11,78.52637804445696,78.74633988771875,75.62287902832031,75.62287902832031,12361740.0
2024-09-12,77.42657317592858,79.18626802083604,75.66687833102111,77.91049194335938,14922330.0
2024-09-13,77.91049397728506,80.72600311755723,76.94265641715715,80.59402465820312,11682630.0
2024-09-16,80.33007763994048,80.37406598633525,78.52638762016618,78.70235443115234,7670130.0
2024-09-17,78.7023438407644,81.03394069245519,78.7023438407644,80.28607177734375,7194110.0
2024-09-18,80.28607544368072,81.47386809400552,80.15409699082174,80.63801574707031,5979310.0
2024-09-19,81.20991517473324,81.86980070417245,80.9019632241661,81.51786041259766,6342590.0
2024-09-20,81.60585304768013,81.69383645236064,80.15410337598932,80.41806030273438,8401980.0
2024-09-23,80.94596129788721,81.38588500059312,80.02211883712361,80.24208068847656,7181550.0
2024-09-24,80.15409308673826,82.1777446981348,79.75816446014888,81.29789733886719,9561880.0
2024-09-25,81.64984935347621,82.22174484898636,80.24208800627204,80.330078125,10836470.0
2024-09-26,80.59402793295787,82.48570136002175,80.59402793295787,81.64984893798828,11125830.0
2024-09-27,81.82580810766693,82.35371520453066,81.16592255841155,81.9577865600586,7547980.0
2024-09-30,81.69383241561754,81.69383241561754,79.84615415781211,80.7699966430664,9411760.0
2024-10-01,80.68200188404533,80.68200188404533,78.57037354683673,78.8783187866211,8968640.0
2024-10-02,78.65836246536557,79.40623144669966,77.42657470703125,77.42657470703125,8727060.0
2024-10-03,77.42657632328984,77.95448345568069,75.66688140685143,75.71087646484375,10027540.0
2024-10-04,75.8428439412836,77.6905288696289,75.62288208911897,77.6905288696289,7028590.0
2024-10-07,78.04246336056632,81.82580994639484,77.77851316255465,80.46204376220703,13202670.0
2024-10-08,80.1101110478639,83.36554384814558,80.02212093485373,82.00177764892578,13060810.0
2024-10-09,82.00177671466686,84.81729248133585,81.29790280752692,84.72930908203125,12801070.0
2024-10-10,84.641315591208,85.56515802878499,83.58550141629382,83.98143005371094,9635610.0
2024-10-11,84.02543158539952,85.52116956728341,82.22174162544836,82.52969360351562,10447550.0
2024-10-14,82.52968678439615,82.92561541962091,79.80215454101562,79.80215454101562,8920180.0
2024-10-15,79.89014436080079,81.82580590134285,79.05428532666004,80.19808959960938,11481110.0
2024-10-16,80.19809326061618,81.29790252992603,79.49421264317664,80.55003356933594,7183200.0
2024-10-17,80.726010185399,85.47718814920577,80.50604830478484,85.16924285888672,14584680.0
2024-10-18,83.8934488005687,86.44500761993172,83.49752015303953,85.12523651123047,14282220.0
2024-10-21,85.1692367810635,85.5651654528333,83.18957999680772,84.68531799316406,10576310.0
2024-10-22,84.68531724914975,89.2165329691774,84.5973338464965,87.63280487060547,16867810.0
2024-10-23,87.63280850242998,88.77661292243575,87.19288475822832,87.98474884033203,12849690.0
2024-10-24,88.24869418352816,89.83241542706509,88.16070407607938,88.95256805419922,9874990.0
2024-10-25,89.04056272295813,89.3925030592065,87.14889600194229,89.30451965332031,9812590.0
2024-10-28,89.30450831858558,89.39249171330472,87.98473725969022,88.33667755126953,2249080.0
2024-10-30,88.33668463797304,88.33668463797304,86.04908262824154,86.40101623535156,12643240.0
2024-10-31,86.48900636099148,87.23687534525168,85.30120694238046,86.09307098388672,8112760.0
2024-11-01,86.0930673190373,87.06089812292221,85.74112701416016,85.74112701416016,6576810.0
2024-11-04,85.74113837832046,86.53300249107222,84.0254383946115,85.16924285888672,8172980.0
2024-11-05,85.7851245096101,87.19287905645794,84.6413201644007,85.87310791015625,7451900.0
2024-11-06,84.99326642096301,87.32486361829964,83.32155484290823,86.9729232788086,20570730.0
2024-11-07,86.97291774579453,88.68862427440031,85.6091582469934,88.42466735839844,11363880.0
2024-11-08,88.42466637747629,93.35181062412836,87.9847426641555,92.38397979736328,13935780.0
2024-11-11,93.17584166114766,93.79173216041985,90.88823974751848,91.24017333984375,7214720.0
2024-11-12,91.32816642798963,94.23165893554688,89.30451464263196,94.23165893554688,14077890.0
2024-11-13,94.14366864291104,98.54290549538352,93.35180466692545,96.78321075439453,15035340.0
2024-11-14,96.7832231453843,98.98284185323395,95.90337566224444,98.27896118164062,15482660.0
2024-11-15,98.19097364310376,98.54291396408759,94.75956726074219,94.75956726074219,11511470.0
2024-11-18,95.11150810919605,97.66306705960015,94.23166065820867,96.69523620605469,11910980.0
2024-11-19,97.92702127028633,99.158802297422,92.38397979736328,92.38397979736328,33618800.0
2024-11-20,93.26382862437855,94.58359978415749,87.10489654541016,87.10489654541016,19467920.0
2024-11-21,87.45683142129063,89.83241667597433,87.10489112471082,89.48047637939453,13714330.0
2024-11-22,89.94896760645366,89.94896760645366,88.69967506590079,89.3243179321289,12995920.0
2024-11-25,89.68126142392312,90.48437855948805,88.38735540024949,88.61044311523438,14215670.0
2024-11-26,88.61044261937433,89.6812609220708,88.43196836352709,88.52120208740234,9242550.0
2024-11-27,89.23508931723272,89.32432304493055,86.82574462890625,86.82574462890625,11824200.0
2024-11-28,87.45038064214594,88.61043943512729,86.11185440782738,86.37956237792969,10869200.0
2024-11-29,86.46880324367355,87.45038786833132,85.66568607510007,86.29032897949219,11596930.0
2024-12-02,86.24571420855848,87.49500680645015,85.13027560474396,87.09344482421875,9865610.0
2024-12-03,87.53962087401958,89.94897235985866,87.36115341940794,88.74429321289062,14915780.0
2024-12-04,89.10123509410006,91.82290803456415,88.78891364390672,88.92276763916016,17827290.0
2024-12-05,89.32431529688556,89.5920232648549,87.896555353274,88.6550521850586,8525610.0
2024-12-06,89.19046491811496,89.77049433342995,88.65505576863063,89.0566177368164,9744070.0
2024-12-09,89.32432364858197,89.6812653698825,88.34273902107829,88.47659301757812,8990100.0
2024-12-10,88.56582497717221,88.56582497717221,87.13806492858025,87.36115264892578,10937510.0
2024-12-11,89.4135527862423,90.21666991591088,88.78890991210938,88.78890991210938,19118970.0
2024-12-12,88.96737832893135,89.5027942932754,87.85193975004255,88.07502746582031,7815340.0
2024-12-13,87.89656324410619,88.56582641601562,87.80732951613767,88.56582641601562,5923300.0
2024-12-16,88.56582431331753,89.01199975066423,87.40576545297739,87.53961944580078,7761460.0
2024-12-17,87.5396212585859,87.89656297747423,86.33494891442265,86.82574462890625,7574490.0
2024-12-18,86.82574664503478,87.00421410457453,85.39797973632812,85.39797973632812,6382310.0
2024-12-19,85.39797698905974,85.97800642605003,84.86256781956756,84.99642181396484,6107170.0
2024-12-20,85.04104224615534,85.71030541134094,84.0148373645847,84.72871398925781,7411460.0
2024-12-23,84.77333032694476,85.1302720267828,82.76554092446449,83.03324890136719,7423490.0
2024-12-24,83.07786932795673,83.79175278751852,82.40860613765403,83.21172332763672,6368840.0
2024-12-25,83.8809850145531,84.05945247219628,83.47942983080739,83.83636474609375,4318080.0
2024-12-26,84.23792508631323,85.53183114909993,84.0148373645847,84.72871398925781,7725360.0
2024-12-27,85.13027564453218,85.84415226644896,84.7287136621131,85.26412963867188,7261410.0
2024-12-30,85.3087450999899,85.62106655491404,83.79175128573151,83.83636474609375,5743700.0
2024-12-31,84.10406932131608,84.77333247241408,83.43480617021807,83.61327362060547,8079090.0
2025-01-02,83.9702116010988,84.14868585165856,83.21171475848526,83.92559814453125,9007040.0
2025-01-03,84.32715897629323,85.21950986493125,84.10407125413373,84.90718841552734,9809540.0
2025-01-06,85.0856522785204,86.29032456571268,84.41638914029171,84.50562286376953,12921550.0
2025-01-07,84.77333182361842,85.30874097877981,84.19330240215325,84.23792266845703,12017620.0
2025-01-08,84.23793047959741,85.26413542687023,83.47943353877747,83.97022247314453,11981600.0
2025-01-09,84.37178056482202,84.95180320503951,83.52404312248619,84.10407257080078,8499110.0
2025-01-10,84.148696231811,84.19330969388183,82.09628634982639,82.31937408447266,9768580.0
2025-01-13,82.31937185459643,83.74713195603775,81.38240067122393,81.56087493896484,15259750.0
2025-01-14,81.82856927486954,82.5424526698474,80.75775099049935,81.11469268798828,9436030.0
2025-01-15,81.20392544073559,81.38239288330078,79.91001946189654,81.38239288330078,10593410.0
2025-01-16,82.45322011937215,82.94400900331026,81.20392756445351,82.40859985351562,10788210.0
2025-01-17,82.45322401963104,82.98863319475197,81.82857430857577,82.27474975585938,7971850.0
2025-01-20,82.3193628901964,83.2117137074343,81.73933349737247,82.36398315429688,10653150.0
2025-01-21,82.3193692021332,82.8547783719098,81.82857349178143,82.7209243774414,8318810.0
2025-01-22,82.98862878845709,82.98862878845709,82.09627794126938,82.76554107666016,7736390.0
2025-01-23,82.98862789247629,85.48721296086475,82.54245247369954,85.3087387084961,17930640.0
2025-01-24,85.30874662896576,85.44260062864575,83.1224895972158,83.21172332763672,9731830.0
2025-01-27,83.2117227690094,83.2117227690094,81.29316694140208,81.56087493896484,9180560.0
2025-01-28,81.65010024061235,82.40859707794955,80.980837123886,82.00704193115234,8953090.0
2025-01-29,82.3193667809627,83.65789307008404,81.87319135125558,82.23013305664062,11913560.0
2025-01-30,82.72092978986012,84.72871941396447,82.31937458827822,83.97022247314453,13615140.0
2025-01-31,84.01484069452717,84.05945415578294,82.49784004178838,82.94401550292969,9701410.0
2025-02-03,82.05165320056764,82.05165320056764,78.43763655142418,78.8838119506836,22814620.0
2025-02-04,79.24076304153735,81.11469857933714,78.61611332353934,79.99925994873047,16618650.0
2025-02-05,80.04387479664113,82.2747520965263,79.95464106626517,81.20393371582031,17640950.0
2025-02-06,81.60547997625866,82.63168478352499,80.89160340327513,82.00704193115234,13032520.0
2025-02-07,82.00705261758735,82.49784154895072,81.38240287571938,82.31937408447266,8644070.0
2025-02-10,82.40860507715718,83.56866398199223,81.87319589342451,81.91781616210938,16144670.0
2025-02-11,81.91781939897757,82.76555007270974,81.15931564994649,81.96243286132812,12590370.0
2025-02-12,82.00704880796295,82.09628253605663,80.0438727494164,80.17772674560547,13683240.0
2025-02-13,80.44542845262372,82.14089638632188,80.44542845262372,81.65010070800781,14509520.0
2025-02-14,81.6501003856759,82.58707147399602,81.07007098852993,81.73933410644531,9907660.0
2025-02-17,81.73933177801572,82.31936115863896,80.9362146977756,80.9808349609375,10396690.0
2025-02-18,81.2485459456174,83.83635791094574,80.98083797288164,83.39018249511719,25884980.0
2025-02-19,83.70250715563114,85.21950078138056,83.34556547660296,83.43479919433594,19953960.0
2025-02-20,83.74713093857571,84.32716038751668,81.20393222501606,81.82857513427734,13684700.0
2025-02-21,81.91781061593159,82.36398604018372,79.5530795057759,80.66851806640625,14878550.0
2025-02-24,81.47163665906045,81.82857155841356,79.59769439697266,79.59769439697266,9827450.0
2025-02-25,79.77616555271842,80.44542867512698,78.92842817947634,79.28536987304688,11058180.0
2025-02-26,79.3746109008789,80.22234835215556,78.7945882545441,79.3746109008789,10206040.0
2025-02-27,79.37460376965436,79.86539945040946,79.06228234012681,79.4638442993164,13861160.0
2025-02-28,79.41923267915634,80.04387560620292,78.34841428762012,78.74996948242188,14711060.0
2025-03-03,79.01767968816134,80.66852759119578,79.01767968816134,79.50846862792969,21093420.0
2025-03-04,79.59769962848212,80.31158309030148,79.1069107055664,79.1069107055664,9972700.0
2025-03-05,79.50846239334219,83.56866163829898,79.50846239334219,82.98863220214844,19383240.0
2025-03-06,83.88097627736154,86.91497039794922,83.16709290495395,86.91497039794922,18793170.0
2025-03-07,86.87035645464462,88.29811649524427,86.29032702337376,87.71809387207031,13555680.0
2025-03-10,87.76270571343376,89.23508599395335,87.4057640078386,88.61044311523438,12663460.0
2025-03-11,89.77049723606068,92.89372531848494,89.41355552216423,91.4659652709961,17935020.0
2025-03-12,91.46596413089318,92.89372416058532,90.75208071199869,92.00137329101562,11080090.0
2025-03-13,92.26907854296677,93.42913055419922,91.82290312139352,93.42913055419922,9658230.0
2025-03-14,93.42912975801025,94.49995484551862,92.89372061830436,93.87530517578125,9502450.0
2025-03-17,94.58919442763352,95.39231159099697,93.69684353680678,95.03536987304688,7627830.0
2025-03-18,94.41072551017695,96.5523621685071,93.25066664683403,95.6600112915039,12349310.0
2025-03-19,88.2535057013364,95.03537120505416,88.2535057013364,90.39514923095703,27026130.0
2025-03-20,90.21666858962355,95.74924788415221,89.6812594470812,93.96454620361328,23445050.0
2025-03-21,93.87530328406449,93.87530328406449,87.49500038498826,88.83352661132812,21999710.0
2025-03-24,88.8781506730347,93.25067156246344,88.8781506730347,92.98296356201172,20278630.0
2025-03-25,94.05378121135097,96.10618408716071,91.01978695135318,93.16143035888672,15970790.0
2025-03-26,91.91213940689207,95.48154287900438,90.66284683003339,92.26908111572266,20651900.0
2025-03-27,92.80448370894247,93.25065911138931,91.37672378273186,91.7336654663086,12952510.0
2025-03-28,91.73366801327629,94.49995422363281,90.75207665416247,94.49995422363281,9910790.0
2025-04-02,93.42913168492807,94.23224881509898,91.64442997703567,92.89372253417969,12455120.0
2025-04-03,94.53584940878179,99.16284963053135,94.53584940878179,97.62051391601562,14891390.0
2025-04-04,97.62051449373497,97.71123849587924,94.53584996824605,95.08020782470703,10783340.0
2025-04-07,93.26570190147935,95.7152846158191,91.81409015185807,93.99150085449219,12225410.0
2025-04-08,95.08020512510782,96.0781829639547,93.0842425256166,93.62859344482422,10168900.0
2025-04-09,93.08424432922813,93.81005018343323,90.54393768310547,90.54393768310547,10183500.0
2025-04-10,93.90076993116692,93.99149392838346,90.68001611649976,91.17900848388672,9101970.0
2025-04-11,91.26974089722336,91.45119583018598,89.7727705788219,90.13567352294922,8622630.0
2025-04-14,90.36248779296875,91.08829368761027,89.77277136879728,90.36248779296875,6023740.0
2025-04-15,90.45320981555082,91.17901569427413,86.00767130421355,86.37056732177734,12082560.0
2025-04-16,86.37056495287821,86.50665441663102,82.28792257108003,82.65082550048828,16781460.0
2025-04-17,82.65082317232903,85.1457712242598,81.83429333461038,83.24053955078125,18699980.0
2025-04-18,83.46735110930808,84.41997038525281,82.56009729290257,83.05908966064453,12244390.0
2025-04-21,83.14981431341998,84.96432196053533,82.65082194174433,83.7848892211914,15706040.0
2025-04-22,83.83025800997521,84.78287040946044,82.74154922539512,82.92300415039062,6627380.0
2025-04-24,83.05910181084136,84.23852779162101,82.60547483628035,83.64881134033203,9708350.0
2025-04-25,83.6488031570841,84.73751194260264,83.42198969199244,84.19316101074219,8207730.0
2025-04-28,84.32924700912959,84.7828739579077,83.5580825805664,83.5580825805664,7191110.0
2025-04-29,83.10444927922273,83.60344165345448,82.15183691268588,83.01372528076172,7491630.0
2025-04-30,83.01372985103252,83.4673567901092,80.29196821657244,80.33733367919922,12630090.0
2025-05-02,81.19922350473443,82.9683658291352,80.83632056281179,81.28994750976562,11081080.0
2025-05-05,81.38066373071236,81.92502155242728,79.20326013104162,80.01978302001953,8675370.0
2025-05-06,80.38269088855492,81.97038514902444,79.11253409581975,79.61152648925781,14615020.0
2025-05-07,79.47543541050081,81.19921909977167,78.25064410452856,79.15789794921875,11483716.0
2025-05-08,79.1579033064178,83.19518041980243,78.56818688309922,82.51473999023438,9947869.0
2025-05-09,82.46937436819817,84.01170310742779,81.4713965415321,83.01372528076172,10120489.0
2025-05-12,84.60142610485242,89.45523308146828,84.60142610485242,88.86551666259766,14760362.0
2025-05-13,88.86551477974686,91.08829093888721,86.27984260603466,88.68406677246094,13610285.0
2025-05-14,88.50261362962597,90.90683073474473,87.5953598022461,87.5953598022461,9606118.0
2025-05-15,87.32318765976851,88.63870304280688,84.0570750121783,84.82823944091797,9925309.0
2025-05-16,84.69214522839435,87.77680969238281,84.69214522839435,87.77680969238281,8154400.0
2025-05-20,87.82217618789102,88.04898965230004,83.19517597650895,83.42198944091797,14283341.0
2025-05-21,83.01372725717869,84.51069749371682,81.38066755881025,81.42603302001953,10429966.0
2025-05-22,81.51675583389772,82.74154712894442,79.47543470155405,80.20124053955078,15330007.0
2025-05-23,80.2012433514369,81.1992212223238,78.43209415496688,78.84036254882812,11354524.0
2025-05-26,79.43007358282375,80.20123793452358,77.3887525167845,80.01978302001953,14416536.0
2025-05-27,80.15588324325641,80.70023421629993,77.34339744769969,78.15992736816406,14186464.0
2025-05-28,78.15992607816702,78.88572505631332,77.11658269267126,77.43412017822266,9317637.0
2025-05-29,78.0238322755383,78.38673520536544,76.43613801411746,76.57222747802734,10409192.0
2025-05-30,76.57222915133815,76.75367715931803,72.71640014648438,72.71640014648438,18105724.0
2025-06-02,72.71640046507622,74.12263983757593,71.53696764264615,73.7143783569336,11363108.0
2025-06-03,74.3040934174267,77.797019436331,74.25872795515873,77.29802703857422,12426190.0
2025-06-04,77.29802819682133,79.92906584643991,76.48150523814473,79.79297637939453,8635717.0
2025-06-05,79.52080059891968,79.6568900595163,78.70427075713742,79.4300765991211,2883459.0
2025-06-10,80.38268760299869,80.74559051777513,78.34136649440325,78.70426940917969,12728394.0
2025-06-11,78.70426859331958,80.8816791376095,78.15991768769642,78.47745513916016,18400169.0
2025-06-12,77.66093203666837,78.2506484528465,75.1206252834518,75.71033477783203,15134940.0
2025-06-13,72.39886024960083,75.07525634765625,72.12668132493863,75.07525634765625,13495602.0
2025-06-16,74.98452744488657,76.07322922877064,73.53292275910874,75.48351287841797,8195575.0
2025-06-17,75.48351896348917,76.98048922835524,75.02989203000234,76.300048828125,10597477.0
2025-06-18,76.20932557621475,76.20932557621475,73.80510142070081,75.25670623779297,7964097.0
2025-06-19,75.25670217130018,75.75569454480528,73.71437343431651,74.12263488769531,7898311.0
2025-06-20,74.62163541655171,75.89179229736328,74.62163541655171,75.89179229736328,10275648.0
2025-06-23,74.98453198810492,77.75165207388208,73.75974067657748,77.1165771484375,10941383.0
2025-06-24,79.83834070356939,80.38269164218872,77.57020602449072,78.56818389892578,12263914.0
2025-06-25,79.56616439236387,80.11052227069904,78.6589104908692,78.74964141845703,11158754.0
2025-06-26,78.74964190874796,78.84036591510268,76.66295515359943,76.70832061767578,7662375.0
2025-06-27,76.79904013506454,76.98048813716821,74.75771896330924,76.34541320800781,11010975.0
2025-06-30,76.39076986113375,80.97240447998047,75.93714294527952,80.97240447998047,24183382.0
2025-07-01,80.97241053572398,83.10445581533023,79.83834316127407,81.7889404296875,16707792.0
2025-07-02,82.37865362691218,86.27984108936475,82.37865362691218,85.1911392211914,18672476.0
2025-07-03,86.00766955154167,86.9149234205588,83.51272141174461,84.41997528076172,12080431.0
2025-07-04,84.55606050286966,85.05505291535893,83.46735859427223,84.82823944091797,8753329.0
2025-07-07,83.46735542915964,84.82823622420028,82.74154956975222,83.92098236083984,8912687.0
2025-07-08,84.60142834428989,85.64477174040215,82.83228596264597,84.238525390625,12559371.0
2025-07-09,85.28186169453355,86.461294465411,84.87360023173618,86.0076675415039,15392268.0
2025-07-10,86.27984256264817,87.73144738559895,86.27984256264817,87.41390991210938,9545940.0
2025-07-11,88.27580381108807,89.5913191462892,86.37056515762757,86.46129608154297,11157535.0
2025-07-14,86.27984354313776,88.7294331988899,85.87158206141133,87.14173889160156,10601795.0
2025-07-16,87.14173837688493,87.54999985619989,84.10243232630398,86.64274597167969,13620812.0
2025-07-17,86.64274564609292,86.77883511261912,83.69417053248243,85.64476776123047,22990933.0
2025-07-18,85.6901308070519,85.91694428925352,83.46736145019531,83.46736145019531,17714231.0
2025-07-21,83.55808050904415,84.5560583872551,83.46735650589729,83.87561798095703,16430680.0
2025-07-22,84.0117103343904,85.9623076171875,83.7395383155942,85.0550537109375,21176101.0
2025-07-23,85.46331069658632,86.2798405535443,84.69214630126953,84.69214630126953,14517942.0
2025-07-24,84.87360619717322,86.8695620339334,83.87562135699508,85.55404663085938,21256696.0
2025-07-25,85.7354852216401,85.78085068095247,83.73952960424675,83.83025360107422,10657635.0
2025-07-28,84.23852251612522,85.78085828612181,84.14779851125432,84.3292465209961,12366896.0
2025-07-29,84.4199714831985,85.05504639422307,83.01372528076172,83.01372528076172,7895439.0
2025-07-30,83.01373147184094,87.27782201369722,82.74155253436165,86.59738159179688,22061566.0
2025-07-31,87.05100954327115,88.00362891363277,85.05505371807291,86.32521057128906,20032676.0
2025-08-01,86.3252083449042,88.91088052688781,86.3252083449042,88.4118881225586,17139410.0
2025-08-04,89.63667976581353,91.63263539176674,89.2284113956431,91.17900848388672,15204116.0
2025-08-05,91.63264337123125,93.17497222361203,90.81611348158347,92.17699432373047,12789911.0
2025-08-06,92.63061496565626,94.80802554923258,91.72336113264926,92.90279388427734,13727166.0
2025-08-07,92.90279446040066,97.16688473325777,92.35844354158023,96.44108581542969,16902222.0
2025-08-08,96.71325771038413,98.34631738689428,94.98947403446729,95.17092895507812,11589651.0
2025-08-11,95.80601371092231,96.89472258099306,94.80803577137276,96.3503646850586,8708966.0
2025-08-12,96.35035489412839,97.52978765307056,95.1709290569837,96.44108581542969,9508345.0
2025-08-13,96.44108762508208,97.25761055773549,94.80802791618002,95.35237884521484,7315470.0
2025-08-14,94.53584996824605,96.35035769832217,94.08222303572703,95.08020782470703,9463355.0
2025-08-15,94.80803264307617,96.1689134944122,93.53787579746962,95.44310760498047,9091696.0
2025-08-18,95.53383543285233,97.5297911813326,94.26367862845682,97.07616424560547,11853085.0
2025-08-19,97.52979622230873,100.70518493652344,96.62254230396168,100.70518493652344,15629766.0
2025-08-20,100.07010437619236,104.51564279049146,99.97937345198405,103.42694091796875,18224673.0
2025-08-21,103.69912173396476,104.96927163442103,102.61041291983362,103.60839080810547,8849344.0
2025-08-22,103.78984545419443,105.69507722146646,102.88259157246512,103.88056945800781,10236379.0
2025-08-25,104.42491786736632,106.14870158516007,104.0620149391259,104.96926879882812,12199286.0
2025-08-26,105.42290151146774,107.32814025878906,104.4249235954125,107.32814025878906,12305108.0
2025-08-27,107.05595770597431,107.05595770597431,102.70113631870709,102.8825912475586,11719379.0
2025-08-28,102.88258929129184,104.51564208911694,101.43098449707031,101.43098449707031,9244403.0
2025-08-29,101.88461360333393,102.70113655878218,100.88662879681219,101.34025573730469,10973332.0
2025-09-01,101.34025802022904,101.70316096515783,98.34632429861195,100.52373504638672,9997518.0
2025-09-02,100.70517598045537,101.79387781693049,91.63263760383776,95.17092895507812,17243323.0
2025-09-03,95.35238359925098,95.71528654396685,93.08424884702428,95.44310760498047,10480292.0
2025-09-04,95.71528784079452,96.44109374006004,94.71730992065295,94.89875793457031,10520162.0
2025-09-05,95.0802084971252,98.61849305835862,94.17295462567094,97.07616424560547,16062718.0
2025-09-08,96.0781863152503,96.71326125617828,93.81005163793938,95.8060073852539,12893157.0
2025-09-09,95.80601287689886,95.89673688483211,92.26772119311777,93.35643005371094,14856349.0
2025-09-10,93.71933041029124,93.90077842112981,91.63264367665808,93.17497253417969,12170993.0
2025-09-11,93.17497352728077,95.53383922411157,91.45119664054779,91.63264465332031,17141091.0
2025-09-12,91.54191876770741,92.63062066558905,90.18103793445646,91.4511947631836,14017198.0
2025-09-15,91.17901497056705,96.62253825239195,89.2737832062879,95.5338363647461,24524276.0
2025-09-16,96.71326136769112,98.34632110595703,95.98746242319339,98.34632110595703,15358705.0
2025-09-17,98.70922523895723,99.34430018833706,94.8987547772848,95.26165771484375,16236947.0
2025-09-18,95.62456223061409,96.62254013402377,93.9007784401076,94.44512939453125,17536361.0
2025-09-19,94.62658406164623,96.07818890996818,93.3564272236903,95.98746490478516,15779130.0
2025-09-22,99.79792412229477,99.79792412229477,95.26165484400865,95.35237884521484,19156951.0
2025-09-23,94.62658104443385,94.62658104443385,91.90481944494061,92.26771545410156,14905430.0
2025-09-24,92.53989856077894,92.90280150812198,90.63466673947543,91.63264465332031,12136103.0
2025-09-25,92.72134244969658,93.90077524565578,92.26771551614269,93.53787231445312,15049014.0
2025-09-26,93.35642096318962,94.08221987777941,91.17901037582534,91.36045837402344,15927208.0
2025-09-29,91.26973980033188,92.81207556388749,89.99958297205016,90.18103790283203,12156847.0
2025-09-30,90.36248032781678,90.99756216361133,88.54797266291365,89.86349487304688,15693359.0
2025-10-01,89.86349888198768,92.086268101936,88.00362567377135,90.99756622314453,21962925.0
2025-10-02,90.99756172908376,91.8140846369532,89.72740498535727,90.63465881347656,13756295.0
2025-10-03,91.17901709617531,91.36046510774703,89.54595730483807,89.63668823242188,13134473.0
2025-10-06,89.63668091385081,89.99957690736485,87.5046288820702,87.5953598022461,12975491.0
2025-10-07,87.59536044861183,89.04696519877155,87.3231815296705,88.32115936279297,14474506.0
2025-10-08,88.32116106804129,89.36450438173065,86.86955628985493,87.00564575195312,14235527.0
2025-10-09,87.82217274205135,88.54797164660378,84.60141890509553,85.32722473144531,14283582.0
2025-10-10,85.41795476814885,85.78085770698017,84.55605942319973,84.87360382080078,13663388.0
2025-10-13,83.8302620247297,85.69012837287126,82.56010517612208,84.05707550048828,17438694.0
2025-10-14,84.0117074465762,84.78287185602113,82.96836410589293,83.87561798095703,12074791.0
2025-10-15,83.87561446800828,84.10242792727472,82.015748255102,83.24053955078125,16939727.0
2025-10-16,83.24054207878456,83.64880354914399,81.47139981149675,82.15184020996094,16762827.0
2025-10-17,81.7889368964111,85.46331087781735,81.38066850616752,84.19316101074219,19673186.0
2025-10-20,84.19315898835954,88.27580126194124,83.9663455287161,87.54999542236328,19549592.0
2025-10-21,89.13769451452761,89.6820454630812,87.73144821911617,88.91088104248047,17719239.0
2025-10-22,89.63668721023575,90.5892996428209,88.04899290079592,88.63870239257812,16764548.0
2025-10-23,88.50261743982094,89.4098713062597,87.4139086470158,87.95825958251953,15185047.0
2025-10-24,88.91087982177734,92.44917132149334,87.91290194283123,90.72538757324219,30668408.0
2025-10-27,90.72538670791117,90.72538670791117,88.32116257579199,89.2284164428711,14599604.0
2025-10-28,89.2284169091288,89.40987183657141,88.0943495693539,88.4572525024414,7150507.0
2025-10-30,88.45725616851409,88.63870418167902,86.96028583361041,87.32318878173828,11151178.0
2025-10-31,88.00362359726759,91.08828807678906,87.7314446730931,90.0449447631836,25897595.0
2025-11-03,90.1810337794094,92.35844439664739,90.1810337794094,90.81610870361328,13022631.0
2025-11-04,90.81611444518563,91.26974139738117,88.36653167204896,89.36450958251953,12807446.0
2025-11-05,89.364510869774,90.54394373119075,88.36653294492801,90.09031677246094,13749181.0
2025-11-06,91.63264567214225,91.99554862352025,88.3665329533364,88.82015991210938,20899881.0
2025-11-07,88.8201586143189,88.8201586143189,86.09839690144987,88.09435272216797,17546214.0
2025-11-10,88.2758023522308,89.77276566692835,87.50463104248047,87.50463104248047,17111313.0
2025-11-11,87.54999952720384,88.77479088234402,84.82823788387108,85.64476776123047,22344573.0
2025-11-12,86.18911979588964,87.05100822512938,85.50867937644841,85.59940338134766,10601542.0
2025-11-13,86.00766970624134,86.46129664156584,84.82823690567861,85.91693878173828,10807019.0
2025-11-14,85.46331184641379,85.91693878173828,84.10243104044034,85.91693878173828,8711132.0
2025-11-17,86.32521006564292,86.91492648566025,85.05505321986665,85.82621765136719,13170438.0
2025-11-18,85.73548916650239,86.46129501811245,84.78286985148888,85.46331024169922,11276808.0
2025-11-19,85.7808548833656,86.91492220376018,85.05504902959402,86.23448181152344,14509351.0
2025-11-20,86.6427470553094,87.00564999801583,85.87158262818194,86.59738159179688,10480946.0
2025-11-21,86.18911309366301,86.18911309366301,84.69214290293992,85.32722473144531,10851043.0
2025-11-24,85.14577277729391,85.46331024169922,84.41997384748144,85.46331024169922,12852808.0
2025-11-25,85.55404196983378,86.91492276306467,85.10041503875682,85.69012451171875,13316484.0
2025-11-26,86.09839342923001,86.86955783241675,85.59940103327513,86.18911743164062,12834067.0
2025-11-27,86.5973825901081,87.59536742450521,86.23448656501606,86.32521057128906,15188501.0
2025-11-28,86.37056860761474,87.14173996091323,85.5086801703726,85.82621765136719,11820595.0
2025-12-01,85.8262153461722,87.77681256531658,85.32722986709662,87.68608856201172,19472039.0
2025-12-02,87.7314425587429,89.81812913566417,87.32318110411794,89.09232330322266,26118744.0
2025-12-03,90.68758397052419,90.68758397052419,87.20703125,87.20703125,31288317.0
2025-12-04,87.35205841064453,87.8354677071907,86.86864911409836,87.35205841064453,13795142.0
2025-12-05,87.40040334602936,89.96247412390548,87.20703519933197,87.7871322631836,24452112.0
2025-12-08,88.07716782006554,90.15582916342468,88.07716782006554,89.18901062011719,20096529.0
2025-12-09,89.43072104586264,89.86578646802195,87.6421081001935,88.31887817382812,14791581.0
2025-12-10,88.36721610385753,88.99564963062191,87.35205368552735,87.49707794189453,16845037.0
2025-12-11,87.69044506399969,91.07431020237604,87.69044506399969,90.54256439208984,26615299.0
2025-12-12,91.65440533546534,93.87808366800618,91.02597177635407,93.68472290039062,22877575.0
2025-12-15,93.78140310169837,96.58517848411064,93.29799380735972,96.00508880615234,19229964.0
2025-12-16,95.95674182325138,95.95674182325138,93.9747608300584,94.16812896728516,13308144.0
2025-12-17,94.16813370218718,94.65154300520021,92.8629300593001,94.02310943603516,10962136.0
2025-12-18,94.02310967756695,94.02310967756695,91.944448194023,92.86293029785156,16444112.0
2025-12-19,92.86292702501696,92.95960740721243,91.50937954555931,92.18614959716797,12706645.0
2025-12-22,92.5728802352986,92.81458488343254,91.3643569946289,91.3643569946289,9779905.0
2025-12-23,91.31600952148438,92.23449157399801,90.78426374225666,91.31600952148438,10724916.0
2025-12-24,91.12264995457532,92.5245339264573,90.68758454985065,92.28282928466797,9637712.0
2025-12-25,92.52453240452792,92.95960517833639,91.84776236914605,91.94444274902344,4525227.0
2025-12-26,91.94444807973085,91.99279196059248,90.73592482059601,91.1709976196289,7919876.0
2025-12-29,91.17099175351154,91.26767213277361,87.9321437264314,88.0288314819336,14775405.0
2025-12-30,88.12551673111362,89.72076889393362,87.73878781645415,89.57574462890625,15516418.0
2025-12-31,89.57574462890625,90.3975389624073,89.23735959466941,89.57574462890625,9173654.0
2026-01-02,89.81744918257111,92.4278564453125,89.72076879806968,92.4278564453125,11143630.0
2026-01-05,92.42785254096212,93.63637573678076,91.50937786263603,93.00794219970703,16664893.0
2026-01-06,93.10462836702604,95.0866019485913,92.81457985448473,94.98992156982422,18203266.0
2026-01-07,95.8600643921372,95.95674477560509,93.82974683434982,94.31315612792969,16924475.0
2026-01-08,94.31315624074456,95.2316309491488,92.91126486194176,94.84490203857422,15482817.0
2026-01-09,95.2799763355715,96.2951314436103,94.4581746215165,95.18328857421875,16609632.0
2026-01-12,95.2316265961303,96.39180589858202,94.60319306720223,95.52167510986328,19155230.0
2026-01-13,95.47333294140375,98.03540360444644,94.9415797821201,97.55199432373047,26670413.0
2026-01-14,98.03540662726716,100.54913348925032,97.06858803602437,98.22876739501953,23310211.0
2026-01-15,98.13208504104732,101.80599856450877,97.0685860872791,100.83917999267578,25501044.0
2026-01-16,101.03254124921851,104.12635774367452,100.06572267267096,101.90267944335938,23559661.0
2026-01-19,102.482772355782,103.15954243027677,100.06572583795696,100.25908660888672,16678453.0
2026-01-20,99.9690424440597,100.83918063953921,98.90554348346934,99.58231353759766,13606014.0
2026-01-21,99.58231284321639,100.83917993639388,97.55199531874838,99.67899322509766,16829441.0
2026-01-22,100.6458143820113,101.51595259377748,98.80885757411387,100.45245361328125,18249970.0
2026-01-23,101.12922345447762,102.48277096128994,101.12922345447762,101.61263275146484,16388543.0
2026-01-26,100.64581219540923,104.5130864959148,100.16240290784604,104.2230453491211,21764383.0
2026-01-27,106.25336128043858,108.28367878235977,104.319724159325,105.57658386230469,30433473.0
2026-01-28,106.25336204014695,107.02681246837838,104.7064538074438,106.64009094238281,24065255.0
2026-01-29,108.28368307971098,109.54055020881098,106.7367747966775,108.38036346435547,23141852.0
2026-01-30,109.05713816578263,111.66754536671623,107.22018139878772,109.9272689819336,28055221.0
2026-02-02,108.96044997004005,111.66754491856192,107.41354173213054,110.02395629882812,27580196.0
2026-02-03,110.79740454370902,113.50449943882184,110.50736340395846,112.63436126708984,24195365.0
2026-02-04,113.21445556816526,113.50450409605705,111.37749876941174,111.95759582519531,16417015.0
2026-02-05,111.95759184718361,114.27795048291036,110.89408553352861,111.37749481201172,20186149.0
2026-02-06,111.08745805792549,113.40782416153237,110.60404876035074,111.86090850830078,18213099.0
2026-02-09,112.9244140158785,116.30827907348841,112.34431696215302,115.43814086914062,23719238.0
2026-02-10,114.08459306659856,114.47132197597071,111.47418583675731,112.05427551269531,29452264.0
2026-02-11,111.18413252195165,116.98504378396652,110.3139943574014,116.21158599853516,26262678.0
2026-02-12,116.30827461188915,122.97931671142578,115.9215457163206,122.97931671142578,20866029.0
2026-02-13,123.17268860951027,124.71959686279297,121.81914112179778,124.71959686279297,14641188.0
2026-02-16,126.65323056279708,130.90722629902865,125.68641200888258,129.84373474121094,25437506.0
2026-02-17,129.55368998224702,129.55368998224702,123.55941772460938,123.55941772460938,24247700.0
2026-02-18,123.94614154210625,124.33287783350941,119.20873630414586,119.78882598876953,24942007.0
2026-02-19,120.94900246563725,121.04568284805576,115.82486843505299,116.79168701171875,20531683.0
2026-02-20,116.79168380355921,117.66181459766442,115.72817749744813,117.27509307861328,12234686.0
2026-02-23,119.40209538223614,119.78882429192062,115.72818180459424,116.59832000732422,19620689.0
2026-02-24,116.01822914988833,116.3082776732592,114.18127237976702,115.63150024414062,11239165.0
2026-02-25,116.30827854377607,116.9850486017196,113.2144546508789,113.2144546508789,11549630.0
2026-02-26,113.21445263159524,115.53481866582216,112.24763406535405,114.66468048095703,11811512.0
2026-02-27,114.66468274253657,115.63150132784672,109.83058981598579,112.05427551269531,20584615.0
2026-03-02,102.86949554870415,109.15381614529687,102.77281516862,107.9936294555664,12792189.0
2026-03-03,107.80027422926942,109.15382174865185,104.80313803536296,104.89981842041016,9127332.0
2026-03-04,104.89981540121343,105.57658545330575,102.19272044036339,104.2230453491211,14707685.0
2026-03-05,108.4770408249008,109.2504986329755,105.76995324911994,107.7035903930664,11061522.0
2026-03-06,107.12350415769848,107.9936349993638,104.41640911893361,104.89981842041016,9780415.0
2026-03-09,102.19272091916072,105.38322518252222,100.74249304967647,105.28654479980469,12365452.0
2026-03-10,108.86377276381846,109.15382129399248,105.67327581310701,108.38036346435547,19430184.0
2026-03-11,107.99363014877115,109.44385798806302,106.9301312085385,107.8969497680664,12361125.0
2026-03-12,107.5102183673402,110.02395246461259,107.02680909882474,108.28367614746094,12887941.0
2026-03-13,107.993634760218,108.09032252129164,104.51308927254246,106.05999755859375,11431831.0
2026-03-16,108.30000305175781,108.30000305175781,104.80000305175781,105.5999984741211,7014624.0
2026-03-17,107.0999984741211,108.19999694824219,104.9000015258789,107.9000015258789,8779332.0
2026-03-18,108.9000015258789,109.4000015258789,105.5999984741211,105.69999694824219,8836224.0
2026-03-19,105.4000015258789,109.80000305175781,104.5,109.80000305175781,5828486.0
2026-03-23,107.5999984741211,108.9000015258789,102.0,108.9000015258789,20577527.0
2026-03-24,107.0,107.19999694824219,104.19999694824219,104.19999694824219,9155385.0
2026-03-25,106.0,106.9000015258789,104.5999984741211,104.5999984741211,9534607.0
2026-03-26,104.5999984741211,105.4000015258789,102.69999694824219,102.69999694824219,6551435.0
2026-03-27,103.0999984741211,103.9000015258789,102.0,103.80000305175781,5790049.0
2026-03-30,103.0,103.30000305175781,100.0,100.0,9007723.0
2026-03-31,100.30000305175781,102.80000305175781,99.25,101.0999984741211,16038889.0
2026-04-01,103.5,103.9000015258789,101.80000305175781,102.5,8554914.0
2026-04-02,101.0,101.4000015258789,100.0,100.69999694824219,9273155.0
2026-04-03,100.9000015258789,101.4000015258789,99.5999984741211,99.5999984741211,8412158.0
2026-04-06,99.5999984741211,101.0,99.4000015258789,100.4000015258789,8428115.0
2026-04-07,100.0999984741211,100.5,96.55000305175781,96.69999694824219,15131398.0
2026-04-08,101.5,102.9000015258789,100.5,101.80000305175781,24371970.0
2026-04-09,101.0999984741211,102.80000305175781,100.80000305175781,102.19999694824219,17776135.0
2026-04-10,103.0,105.30000305175781,102.30000305175781,105.30000305175781,18845923.0
2026-04-13,106.0,106.30000305175781,104.19999694824219,104.9000015258789,23746054.0
2026-04-14,106.0,107.5999984741211,104.0999984741211,106.0999984741211,25658021.0
2026-04-15,107.0,108.0999984741211,106.30000305175781,106.80000305175781,15993938.0
2026-04-16,107.69999694824219,109.19999694824219,105.5,105.9000015258789,15347554.0
2026-04-17,106.30000305175781,109.30000305175781,104.30000305175781,109.30000305175781,23426487.0
2026-04-20,107.30000305175781,108.9000015258789,106.4000015258789,107.5,13291780.0
2026-04-21,107.80000305175781,108.30000305175781,103.4000015258789,103.5,18703841.0
2026-04-22,103.69999694824219,104.30000305175781,100.9000015258789,102.30000305175781,17534011.0
2026-04-24,102.30000305175781,105.80000305175781,102.0999984741211,104.5,28419060.0
2026-04-27,104.9000015258789,105.30000305175781,102.19999694824219,102.5999984741211,17923899.0
2026-04-28,102.4000015258789,102.69999694824219,99.0,99.1500015258789,17993585.0
2026-04-29,99.5999984741211,100.5,98.05000305175781,98.05000305175781,14001184.0
2026-04-30,98.0999984741211,99.25,97.5,98.0,15950299.0
2026-05-04,98.55000305175781,98.94999694824219,95.8499984741211,96.0,17224809.0
2026-05-05,96.05000305175781,98.55000305175781,95.6500015258789,98.05000305175781,21241367.0
2026-05-06,99.0,99.80000305175781,97.44999694824219,99.0,40692044.0
2026-05-07,99.4000015258789,99.9000015258789,98.5999984741211,98.9000015258789,24442411.0
2026-05-08,98.9000015258789,98.94999694824219,97.0999984741211,97.5,27707789.0
2026-05-11,97.5,98.0,96.30000305175781,97.0,27754998.0
2026-05-12,97.0,97.30000305175781,94.0,94.0999984741211,19341242.0
2026-05-13,94.1500015258789,94.30000305175781,91.05000305175781,93.44999694824219,31411999.0
2026-05-14,93.55000305175781,94.9000015258789,92.80000305175781,93.44999694824219,17732807.0
2026-05-15,92.80000305175781,92.8499984741211,90.75,91.44999694824219,19519846.0
2026-05-18,91.3499984741211,91.3499984741211,87.3499984741211,87.3499984741211,40638833.0
2026-05-20,87.3499984741211,87.3499984741211,85.44999694824219,86.6500015258789,41170289.0
2026-05-21,86.6500015258789,87.05000305175781,82.3499984741211,82.3499984741211,35428002.0
2026-05-22,82.3499984741211,87.6500015258789,81.6500015258789,86.8499984741211,38740356.0
2026-05-25,87.3499984741211,87.80000305175781,86.30000305175781,87.5999984741211,26997836.0
2026-05-26,87.4000015258789,87.69999694824219,84.1500015258789,84.1500015258789,59931400.0
2026-05-27,84.1500015258789,84.1500015258789,84.1500015258789,84.1500015258789,0.0
2026-05-28,84.1500015258789,84.1500015258789,84.1500015258789,84.1500015258789,0.0
2026-05-29,84.1500015258789,84.1500015258789,84.1500015258789,84.1500015258789,0.0
2026-06-01,84.1500015258789,86.8499984741211,82.4000015258789,85.19999694824219,67372598.0
2026-06-02,87.0,88.9000015258789,86.80000305175781,88.9000015258789,37596911.0
2026-06-03,88.75,90.30000305175781,87.69999694824219,88.94999694824219,38219458.0
2026-06-04,89.5999984741211,90.6500015258789,87.25,88.5999984741211,30791943.0
2026-06-05,88.75,89.19999694824219,85.8499984741211,86.19999694824219,28866001.0
2026-06-08,85.05000305175781,87.19999694824219,84.4000015258789,87.0999984741211,30952555.0
2026-06-09,87.0,88.05000305175781,86.19999694824219,86.30000305175781,23534616.0
2026-06-10,86.19999694824219,87.94999694824219,85.80000305175781,87.44999694824219,22402048.0
2026-06-11,87.19999694824219,87.9000015258789,85.25,86.55000305175781,22312335.0
2026-06-12,87.6500015258789,89.30000305175781,85.9000015258789,86.69999694824219,32243663.0
2026-06-15,89.30000305175781,90.55000305175781,88.44999694824219,90.0999984741211,31868672.0
2026-06-16,90.0999984741211,92.30000305175781,89.75,91.30000305175781,27787405.0
2026-06-17,91.75,92.05000305175781,89.05000305175781,89.55000305175781,18556358.0
2026-06-18,89.9000015258789,91.9000015258789,89.19999694824219,91.8499984741211,22271579.0
2026-06-19,90.9000015258789,91.5999984741211,90.0,91.0999984741211,19820469.0
2026-06-22,91.1500015258789,91.5,89.80000305175781,89.8499984741211,14694710.0
2026-06-23,89.80000305175781,89.80000305175781,87.5,87.94999694824219,15845451.0
2026-06-24,88.0,88.19999694824219,86.44999694824219,86.44999694824219,13113314.0
2026-06-25,87.05000305175781,87.80000305175781,86.3499984741211,86.3499984741211,17171583.0
2026-06-26,86.4000015258789,86.8499984741211,85.69999694824219,86.25,12593147.0
2026-06-29,86.3499984741211,86.5999984741211,85.19999694824219,85.44999694824219,18611135.0
2026-06-30,85.5999984741211,86.1500015258789,84.25,84.55000305175781,24437865.0
2026-07-01,84.55000305175781,85.94999694824219,83.6500015258789,85.19999694824219,22496821.0
2026-07-02,85.25,85.55000305175781,83.4000015258789,83.69999694824219,24167122.0
2026-07-03,83.9000015258789,84.4000015258789,83.4000015258789,83.75,15526034.0
2026-07-06,83.94999694824219,84.4000015258789,81.75,82.0,23729218.0
2026-07-07,82.0,83.94999694824219,81.75,83.0,20884412.0
2026-07-08,82.5,82.55000305175781,80.69999694824219,80.80000305175781,21793775.0
2026-07-09,81.25,81.55000305175781,80.3499984741211,80.8499984741211,14057680.0
2026-07-10,80.8499984741211,82.0999984741211,80.69999694824219,81.80000305175781,20503404.0
2026-07-13,81.80000305175781,82.75,81.30000305175781,81.55000305175781,21213463.0
2026-07-14,81.30000305175781,81.5999984741211,80.0999984741211,81.05000305175781,21887441.0
2026-07-16,81.0999984741211,84.8499984741211,81.0999984741211,84.4000015258789,25749880.0
2026-07-17,84.4000015258789,84.75,83.3499984741211,83.5999984741211,20984907.0
2026-07-20,83.69999694824219,83.80000305175781,82.19999694824219,82.6500015258789,20624787.0
2026-07-21,82.9000015258789,83.05000305175781,80.75,81.0999984741211,21467750.0
2026-07-22,81.19999694824219,82.05000305175781,80.69999694824219,81.44999694824219,18288072.0
2026-07-23,81.44999694824219,81.8499984741211,79.25,79.4000015258789,27339404.0
2026-07-24,79.44999694824219,79.6500015258789,78.44999694824219,79.0,19851158.0
2026-07-27,79.5,80.19999694824219,77.75,78.25,24814701.0
2026-07-28,78.0,78.5,77.19999694824219,77.55000305175781,22782980.0
2026-07-29,77.5,78.05000305175781,75.8499984741211,76.0999984741211,24287929.0
2026-07-30,76.0999984741211,78.05000305175781,75.05000305175781,76.69999694824219,27627484.0
2026-07-31,76.9000015258789,80.1500015258789,76.9000015258789,80.0999984741211,24403582.0
2026-08-03,80.6500015258789,80.8499984741211,78.5999984741211,79.05000305175781,18006739.0
2026-08-04,79.05000305175781,80.6500015258789,78.4000015258789,80.55000305175781,19147643.0
2026-08-05,80.4000015258789,81.4000015258789,78.6500015258789,80.44999694824219,30305635.0
2026-08-06,80.75,80.8499984741211,78.3499984741211,78.5999984741211,26647289.0
2026-08-07,78.5999984741211,78.94999694824219,77.05000305175781,78.0999984741211,20577396.0
2026-08-10,78.1500015258789,78.80000305175781,77.1500015258789,77.4000015258789,21253759.0
2026-08-11,77.4000015258789,79.55000305175781,75.75,78.8499984741211,29836254.0
2026-08-12,78.8499984741211,80.4000015258789,78.25,79.75,24255699.0
2026-08-13,79.9000015258789,80.0999984741211,79.05000305175781,79.69999694824219,20045443.0
2026-08-14,79.94999694824219,80.69999694824219,78.80000305175781,79.0999984741211,17683196.0
2026-08-17,79.19999694824219,79.94999694824219,78.55000305175781,79.0,19627476.0
2026-08-18,79.0,79.80000305175781,78.19999694824219,78.9000015258789,17401053.0
2026-08-19,78.75,79.9000015258789,78.5999984741211,79.3499984741211,18794362.0
2026-08-20,79.6500015258789,80.1500015258789,78.9000015258789,79.5999984741211,18109883.0
2026-08-21,79.69999694824219,81.19999694824219,79.6500015258789,80.19999694824219,22375825.0
2026-08-24,81.1500015258789,81.69999694824219,79.8499984741211,80.0999984741211,17992795.0
2026-08-25,80.19999694824219,80.30000305175781,78.0,78.5999984741211,20985685.0
2026-08-26,78.75,80.9000015258789,78.75,79.55000305175781,21924183.0
