Date,open,high,low,close,volume
2018-01-01,8.113036155700684,8.113036155700684,8.113036155700684,8.113036155700684,0.0
2018-01-02,8.158444487855796,8.309806953708254,8.143308602147135,8.264398574829102,28328592.0
2018-01-03,8.271966926199362,8.33251191288903,8.029786257687508,8.113036155700684,36670025.0
2018-01-04,8.120603786267871,8.21898957066504,7.946537128932773,7.961673736572266,47944005.0
2018-01-05,8.03735446016171,8.120603635372467,8.00708196719842,8.067626953125,41655354.0
2018-01-08,8.15087783949317,8.196286223573475,7.991947051705599,8.00708293914795,40906990.0
2018-01-09,8.022218498858333,8.067626876998208,7.878423617324692,7.931400299072266,32367001.0
2018-01-10,7.908696249024031,7.961673653456017,7.75733378297515,7.855719566345215,40374545.0
2018-01-11,7.938969245593235,7.954105854034424,7.780038465726829,7.954105854034424,29236404.0
2018-01-12,7.976808598685391,8.082762673303767,7.954104411893269,8.014649391174316,33522984.0
2018-01-15,8.007082507024936,8.105468296226956,7.8784242228186985,7.885992527008057,30624173.0
2018-01-16,7.878423710069124,8.203853551499527,7.780037927270325,8.196285247802734,45923399.0
2018-01-17,8.166013611537355,8.567124366760254,8.120604506345497,8.567124366760254,49238058.0
2018-01-18,8.58982938633757,8.635237770337087,8.39305779766433,8.45360279083252,61866513.0
2018-01-19,8.446034537977107,8.491443644007989,8.309807941637716,8.332512855529785,41869155.0
2018-01-22,8.430898615114344,8.55198860168457,8.377921204674932,8.55198860168457,29336335.0
2018-01-23,8.620101831617761,8.6352377189431,8.536851925192039,8.574692726135254,37071951.0
2018-01-24,8.574693533367116,8.975804328918457,8.529285145363055,8.975804328918457,41181496.0
2018-01-25,8.945529908778795,8.975802401532155,8.794167445012002,8.84714412689209,43608787.0
2018-01-26,8.824439960785664,9.354208946228027,8.816871657139291,9.354208946228027,61358061.0
2018-01-29,9.414753041220706,9.445025531189142,9.112028141536346,9.301231384277344,49757449.0
2018-01-30,9.195278260493069,9.346641447758884,9.081756591796875,9.081756591796875,42988321.0
2018-01-31,9.149868934435164,9.308799687207726,9.119596444466728,9.301231384277344,44579941.0
2018-02-01,9.346641513387635,9.649366446538556,9.119597452647858,9.248255729675293,66851283.0
2018-02-02,9.255823359965168,9.3466415621373,9.043915905654268,9.096893310546875,50293199.0
2018-02-05,9.043915701822177,9.149869787466217,8.953098223450068,9.006074905395508,39477552.0
2018-02-06,8.77903177048585,8.93039423789012,8.68821356829011,8.907690048217773,65420098.0
2018-02-07,8.953098315672833,9.05905240240827,8.869849140079168,8.892553329467773,42457191.0
2018-02-08,8.90769084961399,8.915258432350152,8.733623455123913,8.854713439941406,43834737.0
2018-02-09,8.763896043270552,8.839577645452083,8.665510249135862,8.771464347839355,43725799.0
2018-02-12,8.86228079988099,9.028779872136042,8.832008306903086,9.013643264770508,29033983.0
2018-02-13,9.043915701822177,9.187710583892887,8.975802412604805,9.006074905395508,39083823.0
2018-02-14,9.074188278444355,9.134733264585105,8.71848666530575,8.733622550964355,42166639.0
2018-02-15,8.88498502575385,9.081756591796875,8.869849140079168,9.081756591796875,37995976.0
2018-02-16,9.127166675974076,9.187711668704148,8.968235889619322,9.021212577819824,38754878.0
2018-02-19,9.089324971822387,9.127165768956543,8.824440113636474,8.839576721191406,35766522.0
2018-02-20,8.87741780351771,8.945531101734492,8.589829444885254,8.589829444885254,44178579.0
2018-02-21,8.741190854867122,8.945530002658458,8.72605424745501,8.922825813293457,50020726.0
2018-02-22,8.892554367079775,8.983371856984242,8.79416857257829,8.968235969543457,34736754.0
2018-02-23,9.006074979500491,9.036347472540285,8.915257500381104,8.95309829711914,32161832.0
2018-02-26,9.036347454065645,9.059052365113946,8.960666582497467,9.013643264770508,27021508.0
2018-02-27,9.036348477728401,9.036348477728401,8.930395101179627,8.99094009399414,28696802.0
2018-02-28,8.900122532724808,8.968235829528062,8.839577540400414,8.88498592376709,38900062.0
2018-03-01,8.839577534797561,8.862281726466508,8.726055132946346,8.756327629089355,35502121.0
2018-03-02,8.71848759996982,8.756327679049551,8.60496519747089,8.635237693786621,25467190.0
2018-03-05,8.695781772725878,8.726054265860787,8.650373393900098,8.673077583312988,34829244.0
2018-03-06,8.756326731092138,8.854712513905362,8.695781745015255,8.763895034790039,38966036.0
2018-03-07,8.695781754188095,8.756326740328843,8.650373375459118,8.733622550964355,31900835.0
2018-03-08,8.733622495246957,8.79416748100145,8.665509205834862,8.726054191589355,21471249.0
2018-03-09,8.72605420067243,8.74119080800339,8.650373329277118,8.695781707763672,22522647.0
2018-03-12,8.763895044232122,8.968234913776625,8.748759158573177,8.922825813293457,31620030.0
2018-03-13,8.915256466503688,8.937961374965385,8.763894018857792,8.786598205566406,31622970.0
2018-03-14,8.794168535701013,8.877417720659366,8.627669444031058,8.642806053161621,32687945.0
2018-03-15,8.665509336591306,8.680645944134913,8.476306072815282,8.491442680358887,30785684.0
2018-03-16,8.521716156861759,8.529284461506732,8.393057864910222,8.430898666381836,42114915.0
2018-03-19,8.400624249150288,8.446032623133146,8.23412519378926,8.241693496704102,43720427.0
2018-03-20,8.279534506710421,8.408192783840795,8.188717026692482,8.302239418029785,72155959.0
2018-03-21,8.35521688799564,8.461170985540685,8.332512696290717,8.43846607208252,49950085.0
2018-03-22,8.514146690749984,8.529283297975054,8.294670938258555,8.309806823730469,51178271.0
2018-03-23,8.188717854676618,8.218990351076867,8.135741166414492,8.158445358276367,53500713.0
2018-03-26,8.211422933410349,8.27953551036561,8.173582131710807,8.181150436401367,43271545.0
2018-03-27,8.287101870686959,8.408191830312036,8.22655689087442,8.241693496704102,36884927.0
2018-03-28,8.203854489231553,8.302240283276225,8.029787093074592,8.097900390625,60185408.0
2018-03-29,8.12817287872239,8.279535361037349,8.060059581242347,8.256831169128418,41114491.0
2018-03-30,8.294670938258555,8.40062502357458,8.26439844556157,8.309806823730469,23678687.0
2018-04-02,8.287102792692469,8.317375285966792,8.17358112335205,8.17358112335205,14779094.0
2018-04-03,8.203854628719789,8.25683131804719,8.113037137692844,8.181150436401367,29536155.0
2018-04-04,8.20385357007035,8.241694366886804,8.075195293946308,8.135740280151367,31262982.0
2018-04-05,8.150877939392386,8.302240424437292,8.113037137692844,8.181150436401367,40164120.0
2018-04-06,8.158444469539972,8.211421873784275,8.105467787048838,8.135740280151367,25901713.0
2018-04-09,8.166014805820401,8.173583111418118,7.863289799445168,7.923834800720215,44837356.0
2018-04-10,7.976808970262685,8.00708146131337,7.6589474533539565,7.719492435455322,57517860.0
2018-04-11,7.6665161721897,7.7800378393459795,7.416767927043361,7.522721290588379,78830153.0
2018-04-12,7.500017587701735,7.613539983970342,7.439472598393094,7.4924492835998535,88710298.0
2018-04-13,7.545426284957521,7.583267081679601,7.394063819822364,7.439472198486328,62237615.0
2018-04-16,7.43190527936925,7.568131884246747,7.43190527936925,7.5302910804748535,70427324.0
2018-04-17,7.598403478332162,7.605971782536202,7.167020243246845,7.219996929168701,137579979.0
2018-04-18,7.227565626859174,7.727062183468248,7.159452328820982,7.689221382141113,142339456.0
2018-04-19,7.681653186720129,7.840583977150703,7.605972304743305,7.704358100891113,84148250.0
2018-04-20,7.69678924290249,7.69678924290249,7.560562654681954,7.598403453826904,42346703.0
2018-04-23,7.598403453826904,7.598403453826904,7.598403453826904,7.598403453826904,0.0
2018-04-24,7.643149552835973,7.737899247333488,7.579983089837628,7.65894079208374,50855515.0
2018-04-25,7.682627078555007,7.698419068855899,7.279941114928315,7.319420337677002,108051693.0
2018-04-26,7.358899889201372,7.382587878134912,7.232566960237106,7.256254196166992,62269816.0
2018-04-27,7.303629410556295,7.714212182104996,7.303629410556295,7.5326080322265625,86659900.0
2018-04-30,7.524711943639722,7.619461639064982,7.208879625555523,7.272046089172363,67418689.0
2018-05-01,7.272046089172363,7.272046089172363,7.272046089172363,7.272046089172363,0.0
2018-05-02,7.485232407429343,7.485232407429343,7.082546406703201,7.287837028503418,80313196.0
2018-05-03,7.264149585674123,7.327316044879704,7.035170982802995,7.04306697845459,90744638.0
2018-05-04,7.050963238503217,7.20887939243871,6.932525558298884,7.177296161651611,128030942.0
2018-05-07,7.16150306519871,7.232565511760239,7.043066156265163,7.066753387451172,57362370.0
2018-05-08,7.114129864831485,7.169400331737995,6.964108950365762,7.050963401794434,89869980.0
2018-05-09,6.964108451560761,7.319420721949438,6.900941993048014,7.200983047485352,93919158.0
2018-05-10,7.248358378068841,7.477336981909615,7.074650238016103,7.461544990539551,105897835.0
2018-05-11,7.445754029703524,7.453649272679248,7.16150419847609,7.216775417327881,70311050.0
2018-05-14,7.2246700464004885,7.374690945245799,7.193086818170459,7.295732498168945,56284003.0
2018-05-15,7.1930868586856835,7.272045306207272,6.987796250535964,7.098337173461914,94370912.0
2018-05-16,7.090442506482272,7.177296965628655,7.003588800339591,7.11413049697876,93640879.0
2018-05-17,7.153609114543899,7.153609114543899,6.98779696030933,7.0035881996154785,52225487.0
2018-05-18,7.027275638927842,7.090442103992082,7.011484399163612,7.058858871459961,40213373.0
2018-05-21,7.043067405663893,7.169400331737995,7.019380170275908,7.050963401794434,63328570.0
2018-05-22,7.090441090790861,7.358898905453954,7.090441090790861,7.303628444671631,110301772.0
2018-05-23,7.248358797812141,7.358899731789502,7.161504346254344,7.193087577819824,130505995.0
2018-05-24,7.28783639394698,7.429961295359899,7.0509625622635115,7.122025012969971,147794135.0
2018-05-25,7.208879826681815,7.351004750286783,7.161504601145605,7.327316761016846,93199388.0
2018-05-28,7.4536484544868085,7.587877359386776,7.414169984930909,7.516815662384033,72349643.0
2018-05-29,7.508920404436112,7.516816400323872,7.311525025263787,7.374691486358643,82187481.0
2018-05-30,7.366794734631629,7.564190093551026,7.366794734631629,7.477336406707764,126894341.0
2018-05-31,7.5483985239222005,7.5483985239222005,7.050962150995001,7.066753387451172,110674200.0
2018-06-01,7.06675387744179,7.082545867996441,6.569317470023623,6.727234363555908,252206258.0
2018-06-04,6.656172608040145,6.924630451510863,6.656172608040145,6.735130310058594,129040432.0
2018-06-05,6.782505345821341,6.821984572238948,6.608797201386038,6.632484436035156,83692389.0
2018-06-06,6.671962820662134,6.735129273759252,6.45877622971024,6.703546047210693,126990579.0
2018-06-07,6.695650699246241,6.948317289050492,6.65617222699883,6.853567600250244,133148324.0
2018-06-08,6.821984470895319,6.837775709425608,6.632484337506636,6.648276329040527,70607423.0
2018-06-11,6.64827598181417,6.703546443288918,6.458776611326269,6.671963214874268,77490679.0
2018-06-12,6.616693546502415,6.69565125050144,6.521943849901392,6.608797550201416,55856786.0
2018-06-13,6.569317706889204,6.6719633901847955,6.490360010279691,6.498255252838135,73267845.0
2018-06-14,6.44298514393221,6.608797294827684,6.435089147936325,6.561422824859619,41848352.0
2018-06-15,6.561422824859619,6.561422824859619,6.561422824859619,6.561422824859619,0.0
2018-06-18,6.5298390065977205,6.600900705158656,6.482463787886874,6.490359783172607,52357130.0
2018-06-19,6.4587769676564495,6.640380352808841,6.450880971866275,6.600901126861572,74876260.0
2018-06-20,6.569318145764606,6.656172596742199,6.561422902678705,6.593006134033203,72678988.0
2018-06-21,6.5614229797557755,6.703547146018733,6.5614229797557755,6.624589443206787,54529358.0
2018-06-22,6.64827661193721,6.750922302264463,6.561422913815827,6.735130310058594,65549237.0
2018-06-25,7.177296357376097,7.200983592861466,6.332444346029429,6.395610809326172,177620334.0
2018-06-26,6.387714416304009,6.521943330721055,6.3798184206315725,6.427193641662598,85796928.0
2018-06-27,6.419298060489177,6.6640679181109395,6.419298060489177,6.624589443206787,101944555.0
2018-06-28,6.600901028521863,6.727234700271735,6.585109790180374,6.616693019866943,66818273.0
2018-06-29,6.671963483567543,6.758817929958305,6.569317798835292,6.616693019866943,67607337.0
2018-07-02,6.545631063553068,6.711443220292198,6.545631063553068,6.656172752380371,84591074.0
2018-07-03,6.70354706727213,6.719339059451195,6.577214141854139,6.593006134033203,64120262.0
2018-07-04,6.608797603909601,6.7351305337376415,6.585110367817757,6.687756061553955,72757403.0
2018-07-05,6.711443151883713,6.821984839584285,6.711443151883713,6.766713619232178,65840074.0
2018-07-06,6.798296273442534,6.877254722663987,6.664067361568212,6.782505035400391,90199185.0
2018-07-09,6.861463264217337,6.932525723431924,6.7667135695991005,6.774609565734863,105706629.0
2018-07-10,6.5693177447021895,6.6245889609509305,6.221902221012726,6.229797840118408,307821857.0
2018-07-11,6.142944537371042,6.158736153086574,5.495487540030594,5.503383159637451,405292037.0
2018-07-12,5.5349667675703325,5.724466156156717,5.448112692883997,5.503383159637451,296267541.0
2018-07-13,5.566549919912682,5.661299612859684,5.456008234972701,5.471799850463867,173758458.0
2018-07-16,5.5586532735287735,5.574444887172251,5.258612237800936,5.290195465087891,167369071.0
2018-07-17,5.250716619230081,5.369153909807045,5.155966937369217,5.290195465087891,265293953.0
2018-07-18,5.298092193456419,5.353363037109375,5.163863270657683,5.353363037109375,191285443.0
2018-07-19,5.400737220195569,5.408632838887915,5.266508313909737,5.321778774261475,189944297.0
2018-07-20,5.329675234440903,5.503383002347071,5.290196008029508,5.440216541290283,152397358.0
2018-07-23,5.503383095576274,5.6928828584586375,5.495487476061325,5.629716396331787,156343667.0
2018-07-24,5.6534031670547416,5.6534031670547416,5.250716815818488,5.274404048919678,263385195.0
2018-07-25,5.25071733484249,5.598133258849556,5.227029722898041,5.542862415313721,226111921.0
2018-07-26,5.574445459286862,5.653403535607847,5.353362845588102,5.440216541290283,210082550.0
2018-07-27,5.479695755339083,5.629716288261402,5.424424913788185,5.558653831481934,153981682.0
2018-07-30,5.487591374702466,5.613924673032831,5.471799759473895,5.558653831481934,105651627.0
2018-07-31,5.558653860628866,5.677091163715072,5.534966625912708,5.598133087158203,119539420.0
2018-08-01,5.629716118077613,5.684986581455904,5.590236892948724,5.613924503326416,110731343.0
2018-08-02,5.487591379341073,5.527070605696773,5.361258457405725,5.369154453277588,100960720.0
2018-08-03,5.384945715646175,5.527070243510079,5.369154101439075,5.5112786293029785,125693366.0
2018-08-06,5.471799894033025,5.566549964236287,5.337571349540217,5.392841815948486,93912176.0
2018-08-07,5.408633639357568,5.566550178095393,5.408633639357568,5.534966945648193,123250916.0
2018-08-08,5.542862568729787,5.645508262493742,5.519174956129709,5.606029033660889,97629213.0
2018-08-09,5.4875917204755655,5.740257956554989,5.479696100614681,5.534966945648193,183669433.0
2018-08-10,5.416529645481692,5.511279342994043,4.863822323655984,5.187551021575928,218882087.0
2018-08-13,5.037530315112132,5.045425934730484,4.374281701090575,4.619051933288574,328246910.0
2018-08-14,4.840134947522465,4.8875097949082695,4.7138016446585,4.8480305671691895,167686060.0
2018-08-15,4.9901554678965665,5.029634318991962,4.611156313670222,4.619051933288574,199711185.0
2018-08-16,4.721697411735527,4.721697411735527,4.5558852656786195,4.563781261444092,110704411.0
2018-08-17,4.532197537188817,4.690114059881169,4.405864620236367,4.611155986785889,101631466.0
2018-08-20,4.626947671601822,4.792759815868394,4.619051675921605,4.761176586151123,32701273.0
2018-08-21,4.761176586151123,4.761176586151123,4.761176586151123,4.761176586151123,0.0
2018-08-22,4.761176586151123,4.761176586151123,4.761176586151123,4.761176586151123,0.0
2018-08-23,4.761176586151123,4.761176586151123,4.761176586151123,4.761176586151123,0.0
2018-08-24,4.761176586151123,4.761176586151123,4.761176586151123,4.761176586151123,0.0
2018-08-27,4.792760016542414,4.808551632062248,4.721697558452252,4.74538516998291,81576365.0
2018-08-28,4.745384894546236,4.934884269785125,4.729592903441205,4.919092655181885,100897894.0
2018-08-29,4.86382178500243,4.958571848523328,4.824342936995362,4.879613399505615,66602158.0
2018-08-30,4.879613399505615,4.879613399505615,4.879613399505615,4.879613399505615,0.0
2018-08-31,4.8559265293675935,4.887509760737316,4.698009996017163,4.737489223480225,76025963.0
2018-09-03,4.690114062592928,4.840134589811597,4.674322447964741,4.800655364990234,68167794.0
2018-09-04,4.792760022935165,4.871718100639654,4.761176791853369,4.8164472579956055,64686509.0
2018-09-05,4.784864120704987,4.8164473524058655,4.682218429426221,4.729593276977539,83538730.0
2018-09-06,4.729593028864513,4.800655484714485,4.721697409604405,4.7532806396484375,52464150.0
2018-09-07,4.76907271096238,4.887510023210161,4.721697861363635,4.871718406677246,116793459.0
2018-09-10,4.855926419045258,4.871718034371348,4.6585310392182295,4.666426658630371,94354032.0
2018-09-11,4.6822176292037785,4.753280076636616,4.59536394512115,4.603259563446045,89677100.0
2018-09-12,4.658530971640044,4.698009821131671,4.500614444168125,4.516406059265137,94879381.0
2018-09-13,4.547989559931788,4.903301079581924,4.461135490672189,4.840134620666504,205842464.0
2018-09-14,4.934883988745744,5.353362316652161,4.934883988745744,5.021738052368164,284237521.0
2018-09-17,4.9585719193838145,4.974363534112669,4.808551391208794,4.840134620666504,153048256.0
2018-09-18,4.8638217362401095,4.974363413155955,4.8638217362401095,4.887509346008301,120315781.0
2018-09-19,4.966467758344259,5.258612832011143,4.934884527488478,5.242821216583252,162005667.0
2018-09-20,5.258612477646475,5.384945769058128,5.061217109848913,5.0770087242126465,286051077.0
2018-09-21,5.132279557019724,5.2744040861350125,5.132279557019724,5.195446014404297,166045293.0
2018-09-24,5.234925631537163,5.637612015846737,5.2270296355204,5.629716396331787,246599144.0
2018-09-25,5.700778448812047,5.756049291141216,5.5428622943027195,5.590237140655518,208411558.0
2018-09-26,5.6691952532457615,5.732362091945016,5.550758324876465,5.700778484344482,130265644.0
2018-09-27,5.716570290314646,6.016611372248772,5.677091438377099,5.96134090423584,283217466.0
2018-09-28,5.985027778598623,6.127152691194473,5.945548929045621,6.1034650802612305,289885843.0
2018-10-01,6.10346538758035,6.1350486194137375,5.803424308661348,5.8113203048706055,205042130.0
2018-10-02,5.779736717637308,5.81131994752862,5.653403421570255,5.76394510269165,163029335.0
2018-10-03,5.7955287252057435,5.866590809024457,5.566550104730481,5.574445724487305,175701416.0
2018-10-04,5.574445135213517,5.582341130637481,5.195446014404297,5.195446014404297,183578045.0
2018-10-05,5.17175904605089,5.369154423739827,5.163863050222466,5.329675197601318,176436987.0
2018-10-08,5.258612570424588,5.708674152484143,5.242820955782242,5.692882537841797,226312970.0
2018-10-09,5.7165695728057795,5.835006866756549,5.582341041263471,5.70867395401001,226617560.0
2018-10-10,5.748153877159326,5.779737109190271,5.566550104730481,5.574445724487305,153273152.0
2018-10-11,5.52707070712475,5.684986862441875,5.503383095576274,5.629716396331787,149133344.0
2018-10-12,5.74025771146879,5.961340705661649,5.30598771910866,5.700778484344482,183018371.0
2018-10-15,5.779736564723822,6.127152460838545,5.779736564723822,6.079777240753174,160708733.0
2018-10-16,6.0481942008978615,6.150839886790826,5.97713212155041,5.992923736572266,119406957.0
2018-10-17,6.08767364904415,6.237694185481898,6.05609041784692,6.206110954284668,148756329.0
2018-10-18,6.158735760481356,6.190318989899062,5.969236007473327,6.0402984619140625,121901651.0
2018-10-19,6.0560902585795215,6.0639858779202775,5.86659049987793,5.86659049987793,131048615.0
2018-10-22,5.969236876632752,6.063986578682038,5.7323626215095365,5.77973747253418,100555007.0
2018-10-23,5.716569540344677,5.842902828875621,5.56654939556093,5.66919469833374,159292454.0
2018-10-24,5.732361448319664,5.7876319082857925,5.629715770522897,5.637611389160156,107110730.0
2018-10-25,5.5902371754989595,5.708674480370069,5.558653944400239,5.700778484344482,92733532.0
2018-10-26,5.708673670048022,5.732361278260613,5.448111862218314,5.456007480621338,114565758.0
2018-10-29,5.456007480621338,5.456007480621338,5.456007480621338,5.456007480621338,0.0
2018-10-30,5.503382483810809,5.684986230489025,5.49548686517355,5.637611389160156,126429303.0
2018-10-31,5.66919468782177,5.716569529744865,5.45600771091696,5.4796953201293945,120315451.0
2018-11-01,5.550758037288596,5.969236015915976,5.503382816593239,5.921861171722412,139616506.0
2018-11-02,5.9218607760763415,6.198214203659551,5.858694321371811,6.071881294250488,159323454.0
2018-11-05,6.1903193517008,6.403505974479405,6.142944504805353,6.364027500152588,166404171.0
2018-11-06,6.371923220015366,6.387715213330683,6.182423818253676,6.2771735191345215,149154762.0
2018-11-07,6.277173049424879,6.4745684330734825,6.245589818161247,6.364027500152588,136467182.0
2018-11-08,6.379818115491545,6.435088576547886,6.229797593406747,6.253485202789307,121522693.0
2018-11-09,6.229797629651832,6.277172472190799,6.135047944573897,6.174527168273926,77547877.0
2018-11-12,6.166631227220551,6.269276908542835,6.032402317260914,6.04819393157959,78945968.0
2018-11-13,6.048194421796705,6.2534858010805126,5.9929239554524605,6.206110954284668,78673619.0
2018-11-14,6.20611029333682,6.379818046421789,6.142943837669559,6.292963981628418,82414643.0
2018-11-15,6.28506928538941,6.3798189827968494,6.150840359144623,6.1824235916137695,91143701.0
2018-11-16,6.237693866213993,6.324547935811775,6.2061106366333085,6.269277095794678,64610200.0
2018-11-19,6.26927772798907,6.450881504641843,6.2534861116063,6.403506278991699,88033660.0
2018-11-20,6.371922120196767,6.450880567137444,6.166631137055628,6.253485202789307,114029492.0
2018-11-21,6.292964339363815,6.34823517946553,6.221902260949375,6.340339183807373,65786420.0
2018-11-22,6.348234969128059,6.356130964524597,6.269276897671598,6.285068511962891,47552490.0
2018-11-23,6.285069045491694,6.371922743215773,6.277173049424879,6.364027500152588,37278675.0
2018-11-26,6.419298144746786,6.616693533873057,6.364027676752598,6.379818916320801,162831883.0
2018-11-27,6.403505961016447,6.427193949167091,6.150840111438609,6.206110954284668,146319425.0
2018-11-28,6.237694665351758,6.356131979703735,6.237694665351758,6.2771735191345215,77398556.0
2018-11-29,6.450881276459913,6.5061517435936524,6.371922820837164,6.395610809326172,94313872.0
2018-11-30,6.403505888777137,6.553526800024282,6.364027414978687,6.52194356918335,73293589.0
2018-12-03,6.624589228160034,6.648276462934321,6.458777078732794,6.48246431350708,97077054.0
2018-12-04,6.45877729479786,6.514047762121361,6.300860759512007,6.348235607147217,101850608.0
2018-12-05,6.2297978796701035,6.237693875327708,6.063985735878346,6.150839805603027,136741294.0
2018-12-06,6.119256695382791,6.174527536559156,6.024507004653426,6.1034650802612305,93409405.0
2018-12-07,6.221901907253636,6.324547585963823,6.18242268421071,6.292963981628418,73626585.0
2018-12-10,6.2376942353450175,6.332444306195938,6.174527772445615,6.198215007781982,80817695.0
2018-12-11,6.214006264856688,6.2850687197679544,6.103464961162782,6.150839805603027,99967069.0
2018-12-12,6.174527332782075,6.20611056198286,5.929757118225098,5.929757118225098,91774653.0
2018-12-13,5.9534443927644745,6.111360539853004,5.9534443927644745,6.0402984619140625,104068479.0
2018-12-14,6.024507004653426,6.111360699571109,5.921861318112379,6.1034650802612305,86423738.0
2018-12-17,6.135048079851581,6.214006152490884,6.048194011697453,6.079777240753174,72060829.0
2018-12-18,6.071882114336051,6.3245483437817605,6.071882114336051,6.308756351470947,83937106.0
2018-12-19,6.3245482160084245,6.569318067851881,6.3245482160084245,6.561422824859619,79822213.0
2018-12-20,6.506151419446646,6.529839406755481,6.395610490686494,6.458776950836182,79726608.0
2018-12-21,6.458776970414903,6.490360200585487,6.300860443060186,6.411401748657227,105412045.0
2018-12-24,6.435088773162298,6.4587767597703865,6.340339085740685,6.356131076812744,42340332.0
2018-12-25,6.300859976837713,6.340338823378864,6.261380753794787,6.292963981628418,29771659.0
2018-12-26,6.340338956513377,6.3561309472635665,6.300860109143248,6.332443714141846,16082017.0
2018-12-27,6.43508895302758,6.442984948784307,6.332444020204519,6.371922492980957,59002583.0
2018-12-28,6.39561018850372,6.435088659479276,6.269276897671598,6.285068511962891,68281059.0
2018-12-31,6.300861132605654,6.316652749419128,6.261381902321047,6.2771735191345215,22147672.0
2019-01-01,6.2771735191345215,6.2771735191345215,6.2771735191345215,6.2771735191345215,0.0
2019-01-02,6.261381282127143,6.292964512625751,6.071881899135492,6.095569133758545,66771138.0
2019-01-03,6.06398529980347,6.166630976960083,5.937652390381033,5.953444004058838,75968527.0
2019-01-04,6.00871510372865,6.33244376307527,6.00871510372865,6.32454776763916,110691734.0
2019-01-07,6.387714592605472,6.537734749504367,6.379818596715105,6.4429850578308105,89859815.0
2019-01-08,6.482464362990636,6.553526820859564,6.395610666152847,6.4745683670043945,93195318.0
2019-01-09,6.506151144648284,6.5140471400843944,6.2534853147213045,6.32454776763916,94059817.0
2019-01-10,6.300860294578513,6.3561311343254605,6.182422995978936,6.229797840118408,98190638.0
2019-01-11,6.253485450439041,6.3087559136841955,6.174527376873254,6.229797840118408,72845186.0
2019-01-14,6.174527598089065,6.4429850578308105,6.119256756361919,6.4429850578308105,92619032.0
2019-01-15,6.498255313836406,6.600900998095519,6.466672084295416,6.577213764190674,89535815.0
2019-01-16,6.608797619626334,7.074650864227852,6.577214387094214,7.058858871459961,156534873.0
2019-01-17,7.050962956537307,7.351004013518001,6.948317272333103,7.279941558837891,174210452.0
2019-01-18,7.327316883985011,7.382588106872104,7.185192710998558,7.2088799476623535,94760426.0
2019-01-21,7.224670820927025,7.248358809391705,6.979900964154436,7.0035881996154785,98812613.0
2019-01-22,7.011483983339186,7.193087371377756,6.96410876084882,7.137816905975342,119487666.0
2019-01-23,7.161504335607455,7.19308756712598,6.995692181884287,7.050963401794434,95117015.0
2019-01-24,7.0588581089172155,7.21677500752229,7.050962866389826,7.161503791809082,111761784.0
2019-01-25,7.256254420989946,7.303629647321215,7.114130248003493,7.2088799476623535,101126343.0
2019-01-28,7.232566223442264,7.335211906019939,6.987796386760067,7.019379615783691,91053599.0
2019-01-29,7.02727579189678,7.23256718432615,6.972005322013363,7.2088799476623535,117759357.0
2019-01-30,7.193086657167017,7.311524325131297,7.153608187515798,7.232565879821777,125203683.0
2019-01-31,7.366795006790441,7.485231925316198,7.1615036452091365,7.185191631317139,106475891.0
2019-02-01,7.114129115263191,7.169399576346223,7.027274672985792,7.1062331199646,82096035.0
2019-02-04,7.137815834012701,7.145711828742538,7.035170161535326,7.066753387451172,53701285.0
2019-02-05,7.106233675316303,7.2325665979524585,7.043067213998225,7.137816905975342,127570072.0
2019-02-06,7.169399896865752,7.216775117771733,7.003587753200205,7.04306697845459,106629725.0
2019-02-07,7.035171481163827,7.066754713003926,6.956213778065403,6.995692253112793,72058667.0
2019-02-08,6.979900964154436,7.0904418983083906,6.948317732538501,7.0035881996154785,92000308.0
2019-02-11,7.082547040092194,7.2720464400870615,7.066755046924116,7.248359203338623,104522627.0
2019-02-12,7.272046033235342,7.327316500224022,7.090441886981106,7.193087577819824,116479660.0
2019-02-13,7.240462790905586,7.2562540301630305,7.043067405663893,7.050963401794434,82879699.0
2019-02-14,7.027275484952892,7.074650709214861,6.900942557592498,6.995692253112793,118937106.0
2019-02-15,7.003588199615478,7.058858666692455,6.916734500922566,7.0035881996154785,85107909.0
2019-02-18,7.011483634538309,7.114129317324766,6.7667130443546695,6.782505035400391,143261264.0
2019-02-19,6.821984073744795,6.88515053019584,6.758817617293751,6.869358539581299,95078982.0
2019-02-20,6.87725538523425,6.948317845779158,6.7904016851258335,6.798296928405762,87063056.0
2019-02-21,6.798296383697407,6.932525297748656,6.782505145399161,6.853567600250244,68857813.0
2019-02-22,6.8851508792819995,6.900942117693618,6.814088423920726,6.845671653747559,52652896.0
2019-02-25,6.916734473206956,7.011484167675096,6.893046484837194,6.964108943939209,90399962.0
2019-02-26,6.940421087116275,7.027274777684138,6.924629849287376,6.987796306610107,69015062.0
2019-02-27,6.979900214872406,7.011483443097927,6.853567301970317,6.869358539581299,67760164.0
2019-02-28,6.869359255810186,7.0588586449213375,6.8456720204222,7.050963401794434,78863060.0
2019-03-01,7.058859044834154,7.090442278141997,6.869359644987097,6.932526111602783,83561072.0
2019-03-04,6.9799012678574925,7.153609425805185,6.956214031365794,7.1299214363098145,70156478.0
2019-03-05,7.098337844196017,7.295733228648656,6.893046463644401,7.011484146118164,171722847.0
2019-03-06,7.035171403041223,7.122025854389745,6.948317704696336,6.964108943939209,80457210.0
2019-03-07,6.948317927938688,7.224671024098797,6.908838699057626,6.91673469543457,103703919.0
2019-03-08,6.940421212444592,6.995691675349149,6.7746090707273385,6.82198429107666,60576125.0
2019-03-11,6.877254453473138,6.9088376813247665,6.821983992983675,6.837775230407715,45615296.0
2019-03-12,6.877254629793544,7.003587544439005,6.861462638961077,6.987796306610107,50639068.0
2019-03-13,6.964108451560761,7.21677503861533,6.956213208999355,7.200983047485352,84083013.0
2019-03-14,7.232567158197124,7.287837627880865,7.137817458880565,7.169400691986084,53212932.0
2019-03-15,7.2009839511065294,7.2483591774377985,7.153609477778938,7.2088799476623535,43227151.0
2019-03-18,7.240462796928696,7.501024645424193,7.232566800791587,7.4694414138793945,75355373.0
2019-03-19,7.493127677046247,7.579982117277719,7.358898772146279,7.516815662384033,68944602.0
2019-03-20,7.445753672567191,7.524711369562559,7.398378451967102,7.429961681365967,47733174.0
2019-03-21,7.485231923044472,7.7142112706642845,7.4773366806810975,7.611565589904785,86237893.0
2019-03-22,7.730002399429616,7.840544073997817,7.272045216652652,7.303628444671631,149946434.0
2019-03-25,7.248358262206228,7.279941491437915,6.790401061844974,6.82198429107666,152140674.0
2019-03-26,6.99569296607919,7.01938095712616,6.71144385054904,6.719339847564697,134255877.0
2019-03-27,6.703546667237573,6.711442662855911,6.103464930810213,6.111360549926758,227988709.0
2019-03-28,6.0718817226645,6.379818399327076,6.016610882647404,6.269277095794678,291968196.0
2019-03-29,6.300860529070896,6.608797215688513,6.221902452566611,6.529839515686035,130891146.0
2019-04-01,6.58510959300225,6.58510959300225,6.292964162396502,6.32454776763916,164700307.0
2019-04-02,6.371922600824739,6.537734749504367,6.35613136204762,6.4429850578308105,113283698.0
2019-04-03,6.371922081040865,6.506150988213038,6.340338853059387,6.450880527496338,96212973.0
2019-04-04,6.474568610815532,6.814088920972919,6.419298142837781,6.798296928405762,107376643.0
2019-04-05,6.972004756764483,7.177296132550045,6.9167342913620695,7.137816905975342,118376951.0
2019-04-08,7.122025854389745,7.137817093632617,6.853568010228196,6.964108943939209,75385272.0
2019-04-09,7.11412870068661,7.177295153387202,6.940420579258228,6.94831657409668,71979926.0
2019-04-10,7.050962763932838,7.082545992594203,6.940421087116275,6.987796306610107,55968697.0
2019-04-11,6.972004315777641,7.066754001761736,6.900941863038676,6.987796306610107,62061138.0
2019-04-12,6.885151452661185,6.9009426923878605,6.664068072458454,6.687756061553955,92926487.0
2019-04-15,6.624588748754074,6.821984114596528,6.61669275339952,6.671963214874268,109867986.0
2019-04-16,6.727234572747522,6.853567489098983,6.7035465861789385,6.782505035400391,110598783.0
2019-04-17,6.845671306663047,6.932524996032344,6.798296087822985,6.869358539581299,147837080.0
2019-04-18,6.821985218321092,6.853568451845573,6.664068297695001,6.695651531219482,97513559.0
2019-04-19,6.735130202998293,6.750922194953136,6.648276506257519,6.66406774520874,30504854.0
2019-04-22,6.608797344738295,6.6166933407938116,6.545630882301417,6.553526878356934,24182366.0
2019-04-23,6.553526878356934,6.553526878356934,6.553526878356934,6.553526878356934,0.0
2019-04-24,6.553525909355917,6.735129273759252,6.537733919579878,6.703546047210693,90793418.0
2019-04-25,6.774609220101599,6.774609220101599,6.348235239570855,6.419297695159912,112097398.0
2019-04-26,6.435088537003823,6.506150988213038,6.308755625077908,6.450880527496338,100978373.0
2019-04-29,6.442984654875814,6.458776645668889,6.253485283380305,6.285068511962891,94112262.0
2019-04-30,6.308756168153872,6.521943540133303,6.308756168153872,6.48246431350708,134976039.0
2019-05-01,6.48246431350708,6.48246431350708,6.48246431350708,6.48246431350708,0.0
2019-05-02,6.466671920471301,6.5140471400843944,6.308755776766938,6.32454776763916,78301356.0
2019-05-03,6.356131186617856,6.47456810969003,6.300860346416191,6.427193641662598,75638585.0
2019-05-06,6.300860109143248,6.3561309472635665,6.190318809404394,6.332443714141846,82450033.0
2019-05-07,6.119256298500307,6.166631140792354,6.08767307030561,6.135047912597656,119198228.0
2019-05-08,6.142944106592539,6.253485408849473,6.05609003799691,6.119256496429443,155096886.0
2019-05-09,6.119256990448513,6.174527834289994,5.9929240633843515,6.000819683074951,108182886.0
2019-05-10,6.079777836550309,6.127153061278287,5.945549288160456,5.96134090423584,105984814.0
2019-05-13,5.977131770098183,6.0166106170805875,5.6691947305258275,5.70867395401001,132061701.0
2019-05-14,5.756049285161597,6.071881970353962,5.73236205026071,6.056090354919434,158333642.0
2019-05-15,6.04819475905085,6.0876739884997,5.866590981289441,6.024507522583008,97325337.0
2019-05-16,6.079777430941574,6.198214731856394,5.937652895744869,5.992923736572266,115184686.0
2019-05-17,5.945548773660945,6.13504815016718,5.898173553032592,6.0402984619140625,104027373.0
2019-05-20,6.048193652140552,6.071881260775041,5.890277516249846,5.913964748382568,85500095.0
2019-05-21,5.945548862817601,5.985027711930844,5.756049106967923,5.76394510269165,111739853.0
2019-05-22,5.732362005555784,5.8271116974240265,5.58234147184683,5.598133087158203,109200802.0
2019-05-23,5.590237246381294,5.716570172378037,5.550758395258222,5.661299705505371,140023299.0
2019-05-24,5.6770912212007865,5.985027911141618,5.669195225214242,5.937653064727783,154107992.0
2019-05-27,5.977132539363732,6.032403007552842,5.811320381792748,5.8429036140441895,66096883.0
2019-05-28,5.921861801266852,6.032403116136653,5.90607018485688,5.985028266906738,110616422.0
2019-05-29,5.961340597222469,5.977132212484573,5.858694909767886,5.906069755554199,92029547.0
2019-05-30,5.992923619421046,6.245589454831565,5.992923619421046,6.229797840118408,133306280.0
2019-05-31,6.198214365231188,6.2692768168770865,6.111360299497509,6.253485202789307,107359365.0
2019-06-03,6.221902498249479,6.285068959916693,6.1429444211654625,6.245589733123779,35482721.0
2019-06-04,6.245589733123779,6.245589733123779,6.245589733123779,6.245589733123779,0.0
2019-06-05,6.245589733123779,6.245589733123779,6.245589733123779,6.245589733123779,0.0
2019-06-06,6.245589733123779,6.245589733123779,6.245589733123779,6.245589733123779,0.0
2019-06-07,6.332444456699348,6.616693546502415,6.300860847997182,6.608797550201416,99972979.0
2019-06-10,6.616693369298169,6.632484608473601,6.482464447790645,6.593006134033203,136595278.0
2019-06-11,6.632484550982499,6.679859774105408,6.474568395578844,6.514047622680664,159516737.0
2019-06-12,6.482463755477817,6.56142220193329,6.411401304268602,6.450880527496338,114830246.0
2019-06-13,6.40350568352056,6.427193670644685,6.245589534377706,6.261381149291992,95802846.0
2019-06-14,6.324547904899146,6.34033914311051,6.166631381265779,6.229797840118408,108452853.0
2019-06-17,6.198214737966018,6.4824641851414135,6.190319118698208,6.458776950836182,122021626.0
2019-06-18,6.427193612121871,6.624588985003953,6.427193612121871,6.577213764190674,118826992.0
2019-06-19,6.537734241917877,6.750921596384329,6.514047009089456,6.727234363555908,159693134.0
2019-06-20,6.829879533631896,6.987796432793914,6.790401061844974,6.82198429107666,194994198.0
2019-06-21,6.782504824490076,6.798296062041171,6.640379921512441,6.727234363555908,128745688.0
2019-06-24,7.027275638927842,7.114130093143917,6.924630697951196,7.058858871459961,184698033.0
2019-06-25,7.003587488238145,7.169399625630632,6.9720042598302205,7.098337173461914,175948210.0
2019-06-26,7.074650257482099,7.129920721422213,6.987796563718548,7.035171031951904,86244510.0
2019-06-27,7.0588586449213375,7.122025860962025,7.019380170275908,7.050963401794434,77221747.0
2019-06-28,7.090441192892257,7.216774859790911,7.050962722052715,7.185191631317139,102241512.0
2019-07-01,7.4615450963224355,7.8089613813532575,7.4615450963224355,7.72210693359375,133147788.0
2019-07-02,7.714212718206108,7.816857665222966,7.643150252576201,7.75369119644165,108906580.0
2019-07-03,7.808961281859274,7.824752520248421,7.714211592513602,7.737898826599121,88947000.0
2019-07-04,7.7852731062577165,7.848439564291986,7.674732181199533,7.824752330780029,70028062.0
2019-07-05,7.816856727732241,8.014252107250769,7.769482258329819,7.982668876647949,134221855.0
2019-07-08,7.785273234377151,7.927398143794944,7.761586000475382,7.848439693450928,127525673.0
2019-07-09,7.816856576053487,7.856335801791858,7.516816267650507,7.54050350189209,170328934.0
2019-07-10,7.548399864653099,7.801065716857844,7.516816633127506,7.745795249938965,169538737.0
2019-07-11,7.824752193787158,7.8563354222513455,7.57208636607366,7.611565589904785,149046937.0
2019-07-12,7.611565381211621,7.730002296454141,7.279941114928315,7.319420337677002,166080452.0
2019-07-15,7.319420337677002,7.319420337677002,7.319420337677002,7.319420337677002,0.0
2019-07-16,7.4299621910627405,7.43785818720502,7.161504346254344,7.193087577819824,149437349.0
2019-07-17,7.200983138810811,7.516816188383634,7.090441458509783,7.508920192718506,217069902.0
2019-07-18,7.5168155955839415,7.722106195662285,7.477336373375345,7.674731731414795,155216365.0
2019-07-19,7.745795622294011,7.832649324913705,7.564191467539069,7.587878704071045,138948537.0
2019-07-22,7.579983257022048,7.643149721413594,7.501024800030789,7.5326080322265625,73497762.0
2019-07-23,7.5720867593679255,7.808961361654382,7.556294767813814,7.769482135772705,118923520.0
2019-07-24,7.745794979953901,7.801065444946289,7.579982831973126,7.801065444946289,130950013.0
2019-07-25,7.832648760524107,7.943190444714253,7.603670149204502,7.643149375915527,219934828.0
2019-07-26,7.6905247276603355,7.8563368964622144,7.61946226203043,7.75369119644165,111174301.0
2019-07-29,7.79316937010027,7.840544591759002,7.722106914113973,7.769482135772705,86331404.0
2019-07-30,7.793169259896856,7.824752489554857,7.62735711594145,7.698419570922852,70608364.0
2019-07-31,7.761586139995649,7.8168566044278345,7.706315675563464,7.769482135772705,82668599.0
2019-08-01,7.690522934786173,7.753689388841637,7.572086021683062,7.635252475738525,103049091.0
2019-08-02,7.611567046501385,7.6668375186397215,7.548400577485084,7.564191818237305,83672516.0
2019-08-05,7.5720863342285165,7.6668360192225995,7.524711115229694,7.572086334228516,83261549.0
2019-08-06,7.6273566917797275,7.730002370710944,7.611565454330683,7.690523147583008,92211715.0
2019-08-07,7.753690669794899,7.872128355468111,7.714212194240816,7.761586666107178,96398757.0
2019-08-08,7.824752376843018,7.8326483723946785,7.524711322912157,7.627357006072998,109368982.0
2019-08-09,7.643148537407997,7.769481446620769,7.564190092648247,7.7142109870910645,76565968.0
2019-08-12,7.714210987091065,7.714210987091065,7.714210987091065,7.7142109870910645,0.0
2019-08-13,7.714210987091065,7.714210987091065,7.714210987091065,7.7142109870910645,0.0
2019-08-14,7.714210987091065,7.714210987091065,7.714210987091065,7.7142109870910645,0.0
2019-08-15,7.651044432161562,7.651044432161562,7.2799416679426185,7.351004123687744,113732836.0
2019-08-16,7.382587709240768,7.406274944628754,7.043067405663893,7.050963401794434,135353925.0
2019-08-19,7.129920885960746,7.145712877738697,6.900942276205751,6.908838272094727,79522005.0
2019-08-20,6.916734550014369,7.137817172895058,6.8851513181742705,6.995692253112793,122919086.0
2019-08-21,7.027275406917969,7.066754634530603,6.916734473206956,6.964108943939209,87739185.0
2019-08-22,6.95621311289584,7.043066803900045,6.814088206703895,6.893045902252197,95924643.0
2019-08-23,6.908838200001916,7.153608798980713,6.8772549697791945,7.153608798980713,113669944.0
2019-08-26,6.979900207201354,7.114129115263191,6.972004211902761,7.1062331199646,105190949.0
2019-08-27,7.114129532824509,7.122025528586554,6.972004621122108,7.027275085449219,113588119.0
2019-08-28,7.043066817872809,7.05885805581237,6.916733902342036,6.979900360107422,111268555.0
2019-08-29,6.9562133338951115,7.098337491598777,6.948317338188353,7.035171031951904,74999321.0
2019-08-30,7.035171031951904,7.035171031951904,7.035171031951904,7.035171031951904,0.0
2019-09-02,7.050963176195197,7.343108246645133,7.043067180317293,7.287837028503418,80554895.0
2019-09-03,7.264149802940839,7.429961951565737,7.216775333621505,7.374691486358643,108855876.0
2019-09-04,7.4773372822134725,7.485232525211998,7.3983788281992195,7.445754051208496,86244348.0
2019-09-05,7.532607315439794,7.5483993065367745,7.398378403129781,7.437857627868652,78483386.0
2019-09-06,7.398379117753619,7.406275114064798,7.224670963925926,7.256254196166992,110205737.0
2019-09-09,7.311524275095329,7.5326068662440635,7.303628280017704,7.477336406707764,144513618.0
2019-09-10,7.445753179400802,7.548398856399313,7.422065194167929,7.477336406707764,81985880.0
2019-09-11,7.508919877565794,7.674732014556329,7.501023882232063,7.572086334228516,86734606.0
2019-09-12,7.587877258695164,7.737898151829535,7.548398789663146,7.635252475738525,164182888.0
2019-09-13,7.635254484251624,7.6905249578386,7.572088013579729,7.619462490081787,100585928.0
2019-09-16,7.5405035709518105,7.564190805410333,7.453649122931218,7.485232353210449,109796933.0
2019-09-17,7.485232224591053,7.532607445697652,7.32731607590838,7.461544990539551,138436597.0
2019-09-18,7.422065194167929,7.540502861321689,7.366794734631629,7.477336406707764,94401454.0
2019-09-19,7.501024277924653,7.508920273674912,7.287836910689277,7.351004123687744,135662039.0
2019-09-20,7.374690928506241,7.4062741566645816,7.287836486318138,7.3431077003479,96991393.0
2019-09-23,7.335212358375677,7.398378820318344,7.303629127404344,7.3588995933532715,69060151.0
2019-09-24,7.501023572619784,7.6668357027662575,7.477336340599868,7.635252475738525,92364423.0
2019-09-25,7.603669362955128,7.714211035714831,7.579982130579314,7.706315040588379,85801239.0
2019-09-26,7.722107632758363,7.761586862314105,7.572087464050952,7.587878704071045,91460194.0
2019-09-27,7.627357572682735,8.18006450129674,7.627357572682735,8.164273262023926,192218801.0
2019-09-30,8.1958567413568,8.21164798110703,8.014252589705382,8.069523811340332,102564769.0
2019-10-01,8.093210217729272,8.116897451427965,7.856335621731601,7.903710842132568,89442652.0
2019-10-02,7.90371217386751,7.982669883834981,7.82475371089633,7.8326497077941895,97762138.0
2019-10-03,7.895815591401291,7.974774048516766,7.706316197928538,7.761586666107178,95063452.0
2019-10-04,7.832648060371772,7.927397744206486,7.7931688371897545,7.8800225257873535,105826696.0
2019-10-07,7.848439754333941,8.077418358503545,7.722106835206379,7.737898826599121,147318163.0
2019-10-08,7.745795520406111,7.745795520406111,7.47733766656276,7.603670597076416,196806508.0
2019-10-09,7.611565242511244,7.658939706543562,7.398377895355225,7.398377895355225,139988673.0
2019-10-10,7.429961921946945,7.48523238693371,7.208879308996276,7.335212230682373,164296579.0
2019-10-11,7.390482695669137,7.453649156512186,7.311524996117132,7.335212230682373,124594616.0
2019-10-14,7.200983718710543,7.272046179412222,6.600901553900418,6.608797550201416,220500989.0
2019-10-15,6.861463392667091,6.86935938895067,6.695651235730187,6.798296928405762,152679733.0
2019-10-16,6.521943562535264,6.727234939293874,6.506151570629085,6.711442947387695,31104780.0
2019-10-17,6.766713848233169,6.8772555396747235,6.687756142635203,6.86146354675293,13903256.0
2019-10-18,7.264150120454927,7.398379044399507,7.224670892294112,7.311525344848633,30579697.0
2019-10-21,7.31942125708538,7.31942125708538,7.1694003423966235,7.193087577819824,30277026.0
2019-10-22,7.22467045069441,7.382587353685178,7.185191977950319,7.351004123687744,55513597.0
2019-10-23,7.4536497753837265,7.698420396226387,7.4536497753837265,7.587878704071045,56337679.0
2019-10-24,7.64314950336627,7.785273667690838,7.619461515142483,7.666836738586426,68255043.0
2019-10-25,7.627357728813881,7.674732953609367,7.4852328074310766,7.5326080322265625,45599945.0
2019-10-28,7.477336406707764,7.477336406707764,7.477336406707764,7.477336406707764,45000.0
2019-10-30,7.295732449415998,7.406274123984199,7.256253226141387,7.303628444671631,60426926.0
2019-10-31,7.311523927367301,7.382586373679199,7.240461481055404,7.264148712158203,31726159.0
2019-11-01,7.27994211292071,7.358899816238693,7.248358880992789,7.311525344848633,32372403.0
2019-11-04,7.422065194167929,7.516815629092351,7.398377961938591,7.477336406707764,33364248.0
2019-11-05,7.461545517116293,7.540503973531688,7.437858281393133,7.453649520874023,23609629.0
2019-11-06,7.453649498743672,7.5641911867962905,7.437858259309666,7.5010247230529785,38134579.0
2019-11-07,7.57998321543428,7.722107383033664,7.572087219177744,7.682628154754639,52850692.0
2019-11-08,7.706315170484197,7.769481626553448,7.6905231799651075,7.730002403259277,44720051.0
2019-11-11,7.666836469022139,7.816856624146627,7.658940473225165,7.72210693359375,38024617.0
2019-11-12,7.7378994301739965,7.816857134285818,7.7378994301739965,7.761586666107178,35210009.0
2019-11-13,7.761585775727737,7.848439466188313,7.753689780321258,7.8405442237854,37525305.0
2019-11-14,7.745794214394258,7.856335133453665,7.67473176471119,7.7142109870910645,48407797.0
2019-11-15,7.761586000475382,7.864231684721167,7.722106775303374,7.848439693450928,54365939.0
2019-11-18,7.903709326194834,8.061625442236984,7.880021344035932,8.022146224975586,62029517.0
2019-11-19,8.030043336938649,8.1011057873015,7.9905641141811135,8.08531379699707,36268845.0
2019-11-20,8.045835795361597,8.16427348160957,7.982669330564142,8.030044555664062,39100730.0
2019-11-21,8.022148259831274,8.093210718326429,8.006357020723257,8.045835494995117,22684034.0
2019-11-22,8.085312671392446,8.156375111862273,7.9826670077141895,8.022146224975586,29735762.0
2019-11-25,8.061627057577619,8.093210287114507,7.77737799174562,7.848439693450928,55367597.0
2019-11-26,7.856334852280765,7.927397299420555,7.753689178968123,7.919501304626465,44355824.0
2019-11-27,7.895814846565143,7.98266853879607,7.856335621731601,7.903710842132568,32325428.0
2019-11-28,7.9431891441345215,7.974772369731332,7.919501160184293,7.9431891441345215,17507766.0
2019-11-29,7.982668619180592,8.045835078348905,7.903710921721996,7.935294151306152,38909564.0
2019-12-02,8.014253616333008,8.045836852882944,7.966879138009981,8.014253616333008,28135039.0
2019-12-03,7.982668607233602,8.116897521016277,7.80106522564739,7.848439693450928,53003668.0
2019-12-04,7.856336107677125,8.061627487106763,7.856336107677125,8.045835494995117,39829366.0
2019-12-05,8.085314806648936,8.219543728984235,8.061627571237896,8.164273262023926,34854973.0
2019-12-06,8.148480970963789,8.322189114617151,8.140585728118698,8.18006420135498,40000441.0
2019-12-09,8.156377365252975,8.180064600952594,8.045835676982016,8.148481369018555,25038208.0
2019-12-10,8.13268920963867,8.219542899382066,8.109001976618393,8.187959671020508,21115507.0
2019-12-11,8.164273262023926,8.195856493573194,8.109002795063615,8.164273262023926,17909666.0
2019-12-12,8.21954324889588,8.361668159068149,8.211647253218844,8.353772163391113,53503235.0
2019-12-13,8.424834754807382,8.795938274593707,8.424834754807382,8.653813362121582,72801904.0
2019-12-16,8.685396463255707,8.740666927060728,8.559063544270744,8.630125999450684,32234396.0
2019-12-17,8.67750086862735,8.716980095885711,8.598543167114258,8.598543167114258,26773114.0
2019-12-18,8.527481052274515,8.53537704864509,8.440626598205496,8.488001823425293,28751341.0
2019-12-19,8.511688959704983,8.543272191813209,8.480105727596758,8.503793716430664,13964449.0
2019-12-20,8.519583832052938,8.653812739055912,8.50379259458388,8.5432710647583,20929570.0
2019-12-23,8.58275032043457,8.58275032043457,8.495896631517004,8.58275032043457,14387935.0
2019-12-24,8.693293044918004,8.732772273012817,8.67750105247862,8.701189041137695,10611008.0
2019-12-25,8.685397148132324,8.709084384058935,8.645917919585537,8.685397148132324,5648311.0
2019-12-26,8.685396749680963,8.77225044609647,8.645917522945327,8.71697998046875,8952285.0
2019-12-27,8.732771873474121,8.75645910804582,8.653813420896975,8.732771873474121,11056952.0
2019-12-30,8.740667946990419,8.985438570838236,8.740667946990419,8.85120964050293,23068325.0
2019-12-31,8.874895328905298,8.89068731936769,8.732771179761528,8.780145645141602,20945380.0
2020-01-02,8.82752148223516,8.898583938289498,8.780146260531067,8.890687942504883,17530514.0
2020-01-03,8.78804184422588,8.795937839640235,8.582750481474024,8.645916938781738,43258585.0
2020-01-06,8.519584207479348,8.543271441228518,8.35377206522798,8.369564056396484,35766193.0
2020-01-07,8.47220951984877,8.511688747249545,8.345876594569194,8.361668586730957,22511490.0
2020-01-08,8.24323128880064,8.764355759377425,8.21164805600844,8.748563766479492,48344721.0
2020-01-09,9.001228788549941,9.474977989211979,8.961750315997769,9.427602767944336,53324062.0
2020-01-10,9.419707952148352,9.50656164990448,9.356541489597781,9.43549919128418,33321027.0
2020-01-13,9.514457587685383,9.751332197300664,9.514457587685383,9.632894515991211,33618732.0
2020-01-14,9.609207280930772,9.71974896621887,9.498665595642674,9.632894515991211,34794313.0
2020-01-15,9.577623794838296,9.680269481372028,9.482874104115682,9.585519790649414,23582327.0
2020-01-16,9.60920645891952,9.798705829199735,9.60920645891952,9.656580924987793,38957538.0
2020-01-17,9.711852841223918,9.751332067802783,9.546040691995573,9.609207153320312,17590235.0
2020-01-20,9.640789687299556,9.767122600819699,9.640789687299556,9.656580924987793,21382891.0
2020-01-21,9.561832125542074,9.885561187678302,9.553936882468415,9.85397720336914,28230961.0
2020-01-22,9.901351509685743,9.956621971099914,9.617102454265419,9.656580924987793,31688754.0
2020-01-23,9.601310698998166,9.727643615615998,9.506561011534792,9.5618314743042,51821295.0
2020-01-24,9.656580430523201,9.696059652227605,9.206519260902153,9.467081069946289,54363635.0
2020-01-27,9.190729325493407,9.388124708964456,9.190729325493407,9.293375015258789,28900698.0
2020-01-28,9.364436948933704,9.38812493768996,9.222312781414406,9.301270484924316,34091668.0
2020-01-29,9.372331488663253,9.380227483688248,9.222311348205993,9.348644256591797,33232166.0
2020-01-30,9.293375109722964,9.617103421425501,9.269687121303043,9.553936958312988,41805045.0
2020-01-31,9.467082323259746,9.609207239009605,9.403915861371724,9.45129108428955,27562761.0
2020-02-03,9.443395001045179,9.443395001045179,9.277582851870331,9.332853317260742,25817994.0
2020-02-04,9.459186520907537,9.71974912278401,9.411812050023551,9.696061134338379,44702128.0
2020-02-05,9.696059948167285,9.893455309710612,9.680268710805663,9.790809631347656,38929607.0
2020-02-06,9.917144508475774,9.96451897935976,9.64079066730585,9.696061134338379,42817182.0
2020-02-07,9.69606116821349,9.711853160565749,9.451291310782588,9.459186553955078,34264288.0
2020-02-10,9.372331722220443,9.482873396314469,9.198623592359416,9.253894805908203,53927735.0
2020-02-11,9.451290755079954,9.451290755079954,9.056500005529456,9.427602767944336,80860929.0
2020-02-12,9.403915615162198,9.522353292854067,9.245999464576641,9.269686698913574,51803096.0
2020-02-13,9.222312499917322,9.277582965987579,9.159146037835995,9.21441650390625,25468141.0
2020-02-14,9.269686115079105,9.301269343207004,9.095978736877441,9.095978736877441,26528932.0
2020-02-17,9.198624242899173,9.285478690473932,9.14335377844513,9.269686698913574,25031946.0
2020-02-18,9.198623924761735,9.23020715378653,9.111770233194443,9.143353462219238,17263085.0
2020-02-19,9.174936800264225,9.214416025265221,8.953854194463672,9.024916648864746,30623464.0
2020-02-20,9.001229628817086,9.009125625266051,8.58275160606953,8.748563766479492,59786528.0
2020-02-21,8.606438422077575,8.96175071489108,8.574855190827888,8.740667343139648,43435284.0
2020-02-24,8.511687243497306,8.535375227555015,8.385354340536852,8.472208023071289,36641544.0
2020-02-25,8.559064689752386,8.582751926981292,8.393252523142655,8.456418991088867,35272578.0
2020-02-26,8.385355125127887,8.440625587093693,8.282709443617414,8.409042358398438,64497911.0
2020-02-27,8.259021925328096,8.322188380538734,8.014251346634216,8.08531379699707,54068103.0
2020-02-28,6.948317860102935,7.8642323467840045,6.940421863803079,7.5326080322265625,63232587.0
2020-03-02,7.81685769430251,7.824753691180475,7.493129352343039,7.564191818237305,49362511.0
2020-03-03,7.706315984248704,7.9747738273931645,7.658940760692303,7.895815372467041,63786628.0
2020-03-04,7.990564305509877,8.385355036531138,7.958981077148319,8.187959671020508,61321076.0
2020-03-05,8.33008541590849,8.3853558828688,8.116898038198205,8.164273262023926,60803736.0
2020-03-06,8.045834124655459,8.10900132933999,7.808960307353343,7.887917995452881,39411466.0
2020-03-09,7.651044004007672,7.674731989932863,7.2799412605557094,7.295732498168945,51403039.0
2020-03-10,7.422065955677977,7.627357330738062,7.319421021151547,7.374691486358643,79720234.0
2020-03-11,7.374691486358642,7.374691486358642,7.374691486358642,7.374691486358643,0.0
2020-03-12,7.3983792863119,7.4220665227814555,6.845672332999012,6.900942802429199,51964674.0
2020-03-13,6.948318034867336,7.406275289726432,6.837776342899955,7.1299214363098145,75830670.0
2020-03-16,6.750921756355458,6.766712994280746,6.403505485956255,6.466671943664551,82044485.0
2020-03-17,6.54563045501709,6.624588904410769,6.221902167909453,6.54563045501709,101789809.0
2020-03-18,6.427194141032713,6.727235222865083,6.371922920034874,6.379818916320801,82633412.0
2020-03-19,6.253485281847672,6.466671886476979,5.969235848172292,5.9771318435668945,127672345.0
2020-03-20,6.150839690338229,6.198214533890685,5.85079863800422,5.890277862548828,113739528.0
2020-03-23,5.582341688480743,5.787632695495329,5.337571453404748,5.46390438079834,214387493.0
2020-03-24,5.756049640711233,6.0008198833167095,5.692883175071347,5.985028266906738,140425492.0
2020-03-25,6.12715253972965,6.261381076693851,5.8823819466435445,5.921861171722412,165757354.0
2020-03-26,5.8981743391093,6.292965135947996,5.882382722295826,6.2771735191345215,126319483.0
2020-03-27,6.316651626402504,6.43508854319613,6.135047877083362,6.214005947113037,118306327.0
2020-03-30,6.2061104236528015,6.442984637378919,6.174527195155985,6.332443714141846,71490952.0
2020-03-31,6.4429845322500805,6.585109434668511,6.403505309022345,6.450880527496338,92031851.0
2020-04-01,6.308756238340723,6.466672393598861,6.150840083082585,6.166631698608398,85925736.0
2020-04-02,6.277173067877924,6.30086067964619,5.969236373901367,5.969236373901367,74772537.0
2020-04-03,6.000818845092251,6.000818845092251,5.898173167935638,5.953444004058838,71108960.0
2020-04-06,6.142944106592539,6.15083972564571,5.992923579564376,6.119256496429443,88211622.0
2020-04-07,6.221902010812894,6.364026914931577,6.166631172933208,6.174527168273926,142574830.0
2020-04-08,6.150839491089297,6.221901942366893,6.11136026782357,6.214005947113037,86313638.0
2020-04-09,6.316651706958561,6.703546443288918,6.261380868982033,6.671963214874268,237147729.0
2020-04-10,6.695651137898913,7.058858678596501,6.600901442891322,6.814088821411133,211665732.0
2020-04-13,6.616692362453035,6.845670943180968,6.600900372676997,6.703546047210693,131514078.0
2020-04-14,6.790401030923252,6.861462731618265,6.7035465861789385,6.782505035400391,129973609.0
2020-04-15,6.78250501789924,6.790401013401726,6.490359961339424,6.50615119934082,118078660.0
2020-04-16,6.537734808102006,6.608797265745009,6.411401884738275,6.52194356918335,112249485.0
2020-04-17,6.727235134565593,6.782505601834319,6.593006211481281,6.624589443206787,118025219.0
2020-04-20,6.6482766787500065,6.719339138383306,6.585110215298995,6.624589443206787,98842027.0
2020-04-21,6.553526641060713,6.593005866905169,6.45088095506657,6.458776950836182,78168368.0
2020-04-22,6.5061517435936524,6.561422963731032,6.371922820837164,6.395610809326172,124457740.0
2020-04-24,6.379818469498924,6.506151389211205,6.292964398945832,6.419297695159912,105456062.0
2020-04-27,6.514047432180464,6.632484357018667,6.498255440600114,6.600901126861572,142756168.0
2020-04-28,6.624588985003953,6.703546682354633,6.569317768554529,6.577213764190674,110124857.0
2020-04-29,6.608796677670142,6.671963133731225,6.561422212126106,6.640379905700684,90280619.0
2020-04-30,6.6561722145449425,6.7430259075317664,6.498255313836406,6.577213764190674,180482375.0
2020-05-04,6.490360810913999,6.49825605444638,6.379819118420241,6.435089588165283,78278742.0
2020-05-05,6.506152050982436,6.537735284122985,6.419298348096846,6.435089588165283,92141039.0
2020-05-06,6.427193611157539,6.44298484942387,6.356131156450077,6.387714385986328,81630302.0
2020-05-07,6.364027170781846,6.450880864010804,6.285068720207453,6.340339183807373,141185727.0
2020-05-08,6.379819010316962,6.419298239324608,6.2061112309873465,6.221902847290039,111602500.0
2020-05-11,6.229797748812351,6.2771725922574815,6.10346483295867,6.127152442932129,95087338.0
2020-05-12,6.1271528057486595,6.285068959916693,6.0955691984132425,6.245589733123779,120610289.0
2020-05-13,6.237693835725883,6.332443900506621,6.221902221012726,6.229797840118408,80024531.0
2020-05-14,6.166631995533231,6.198215228105599,6.056090681529943,6.063986301422119,105103921.0
2020-05-15,6.158735689894266,6.166631308907302,6.063985626225314,6.079777240753174,61334550.0
2020-05-18,6.135048061922091,6.198214519848931,6.111360451948632,6.127152442932129,102470850.0
2020-05-20,6.142944356008264,6.158735971257568,6.063985903259937,6.095569133758545,86368909.0
2020-05-21,6.079777229736187,6.111360458734678,5.985027542740717,6.0087151527404785,122324577.0
2020-05-22,5.969235617736643,6.000818845092251,5.9297567717930155,5.953444004058838,64270652.0
2020-05-27,6.063985695726445,6.13504815016718,5.97713200307865,6.0402984619140625,252970676.0
2020-05-28,6.063985735878346,6.206110645700878,6.0324025062515165,6.150839805603027,281631665.0
2020-05-29,6.13504854488258,6.261381470681385,6.127152925271064,6.198215007781982,206369937.0
2020-06-01,6.26138145482571,6.316652297973633,6.229798223455987,6.316652297973633,146709914.0
2020-06-02,6.348235081276715,6.395610301489311,6.308755856600148,6.356131076812744,128128250.0
2020-06-03,6.442985136063051,6.545630824873323,6.4192979011079485,6.4745683670043945,189218912.0
2020-06-04,6.498255343703747,6.498255343703747,6.419297645990161,6.427193641662598,120208638.0
2020-06-05,6.450880767546824,6.5535264505571735,6.419297538390069,6.54563045501709,188596599.0
2020-06-08,6.545630754485084,6.640380446290227,6.521943519784703,6.529839515686035,159240250.0
2020-06-09,6.545630211440774,6.569317444175995,6.419297299514859,6.450880527496338,116327488.0
2020-06-10,6.4745683670043945,6.537734828887081,6.450881132049292,6.4745683670043945,126423599.0
2020-06-11,6.403505654645289,6.466672114017594,6.356131186617856,6.427193641662598,123730461.0
2020-06-12,6.395611111492353,6.458777577773451,6.379819118420241,6.435089588165283,103652403.0
2020-06-15,6.340339085740685,6.395610301489311,6.332443843208235,6.356131076812744,81818364.0
2020-06-16,6.474568317581112,6.54563077490759,6.450881082806826,6.48246431350708,154682117.0
2020-06-17,6.498255393478288,6.514047384944122,6.403505703694077,6.419297695159912,94913804.0
2020-06-18,6.427194344632902,6.466672821305831,6.41140235156079,6.435089588165283,94694263.0
2020-06-19,6.474568031622885,6.632484178149574,6.442984802317548,6.585109710693359,254788218.0
2020-06-22,6.648275916789766,6.829879290146917,6.648275916789766,6.727234363555908,258322159.0
2020-06-23,6.766713333668312,6.7746093295287695,6.664067646493196,6.679859638214111,104643653.0
2020-06-24,6.656172069793014,6.656172069793014,6.450880705739263,6.466671943664551,136048787.0
2020-06-25,6.442985086880858,6.529839536059271,6.3877146214063165,6.48246431350708,123958350.0
2020-06-26,6.537734778981622,6.569318009681876,6.474568317581112,6.48246431350708,75056773.0
2020-06-29,6.474569211105389,6.758819079639259,6.45088197306214,6.719339847564697,234603466.0
2020-06-30,6.790401984796611,6.81408922168905,6.687756287591125,6.695651531219482,160787753.0
2020-07-01,6.735129829957622,6.75092182103779,6.529839216940502,6.54563045501709,152900934.0
2020-07-02,6.577214318001076,6.656172775003753,6.561423078402732,6.608797550201416,152268582.0
2020-07-03,6.60879670044439,6.60879670044439,6.450880559747495,6.490359783172607,105414002.0
2020-07-06,6.593005785852914,6.624589015539485,6.529839326479775,6.616693019866943,100735755.0
2020-07-07,6.608796993731664,6.648276218908798,6.545630534649685,6.577213764190674,182007268.0
2020-07-08,6.545630211440774,6.553526206687033,6.411401304268602,6.450880527496338,189268486.0
2020-07-09,6.474568138885743,6.4982553730062715,6.237693915171463,6.261381149291992,157475143.0
2020-07-10,6.206111076672976,6.2140066963770835,6.071882153186767,6.158736228942871,167971496.0
2020-07-13,6.221901907253636,6.316651590754528,6.17452706550319,6.292963981628418,127583054.0
2020-07-14,6.261381069544723,6.3087559136841955,6.21400622540525,6.229797840118408,113838012.0
2020-07-16,6.245589564252981,6.3719224841715665,6.245589564252981,6.300860404968262,121998067.0
2020-07-17,6.308756752761469,6.340339986388417,6.253486282165231,6.2771735191345215,125895948.0
2020-07-20,6.26927734449989,6.308756194790993,6.229798117706976,6.245589733123779,90541416.0
2020-07-21,6.292965135947996,6.411402450299972,6.221903048538284,6.2771735191345215,292503185.0
2020-07-22,6.292965135947996,6.356131979703735,6.261381902321047,6.2771735191345215,115952894.0
2020-07-23,6.324547585963823,6.364026809006749,6.277172367711603,6.292963981628418,85154867.0
2020-07-24,6.253486357298615,6.269277974301819,6.206111506289001,6.23769474029541,52351258.0
2020-07-27,6.277173160017224,6.285069156223153,6.135048616826907,6.158736228942871,98366875.0
2020-07-28,6.119256428743153,6.135048043176612,5.842902987906722,5.850798606872559,160633122.0
2020-07-29,5.858695269887125,5.8744868861199,5.5902374174281135,5.606029033660889,212620363.0
2020-07-30,5.606028878496493,5.613924874645249,5.4954875679266415,5.542862415313721,89756060.0
2020-08-04,5.606028890375872,5.621820506205028,5.305987813120088,5.353363037109375,207326324.0
2020-08-05,5.369154502719475,5.4323209642688175,5.266508814450888,5.361258506774902,209649225.0
2020-08-06,5.329675014461727,5.37704985829895,5.092800418773822,5.1085920333862305,228192782.0
2020-08-07,5.092800527758295,5.211237828136771,4.926988382528788,5.179654598236084,223896497.0
2020-08-10,5.163862983285741,5.242821058037459,5.100696523484366,5.179654598236084,143398170.0
2020-08-11,5.2191341758882634,5.598133336761426,5.203342559872791,5.574445724487305,218156928.0
2020-08-12,5.606028756106451,5.684986833361114,5.479695832498989,5.590237140655518,217448417.0
2020-08-13,5.606028770389694,5.637612001372028,5.456008234972701,5.471799850463867,137057778.0
2020-08-14,5.416529219149548,5.45600806842142,5.321779152593095,5.337571144104004,96755913.0
2020-08-17,5.35336292253102,5.534966688930347,5.337571307039853,5.471799850463867,157756694.0
2020-08-18,5.47969590879193,5.669195296841492,5.471799912705624,5.621820449829102,193384390.0
2020-08-19,5.653403665816352,5.771840971276568,5.6455080462533065,5.740257740020752,173091141.0
2020-08-20,5.724465735919584,5.724465735919584,5.613924434025776,5.653403282165527,146774169.0
2020-08-21,5.684986500319759,5.819215412040112,5.574445198639029,5.582341194152832,248244921.0
2020-08-24,5.5981332304324605,5.6139248461479925,5.503383159637451,5.503383159637451,98527108.0
2020-08-25,5.53496680739558,5.558654042888404,5.329675425114732,5.353363037109375,129642492.0
2020-08-26,5.345466997027056,5.463904303023589,5.313883765628223,5.432321071624756,146999555.0
2020-08-27,5.503383159637451,5.574445618608254,5.471799928206387,5.503383159637451,160266650.0
2020-08-28,5.54286154206516,5.550757536969944,5.424424254005722,5.456007480621338,152532124.0
2020-08-31,5.463904195043489,5.4717998144862525,5.337571271944803,5.361258506774902,100745245.0
2020-09-01,5.369153861279974,5.432320315282977,5.290195417274456,5.416528701782227,117101307.0
2020-09-02,5.432320993395183,5.463904224339194,5.361258535520253,5.400737762451172,102278797.0
2020-09-03,5.416529219149548,5.45600806842142,5.337571144104004,5.337571144104004,111852950.0
2020-09-04,5.329675226921888,5.416529299003344,5.3217792310500265,5.369154453277588,102534248.0
2020-09-07,5.38494619639094,5.408633431565394,5.337571349540217,5.392841815948486,87648158.0
2020-09-08,5.400737884596843,5.408633504260512,5.329675425114732,5.353363037109375,74582440.0
2020-09-09,5.3375714708696655,5.36125870658256,5.313883858654949,5.3454670906066895,78225029.0
2020-09-10,5.353362965157125,5.4560082784161175,5.329675353480855,5.392841815948486,212395046.0
2020-09-11,5.408633352936909,5.4323209642688175,5.353362887332139,5.361258506774902,69894660.0
2020-09-14,5.384946318797277,5.3928419385343,5.3454670906066895,5.3454670906066895,42167424.0
2020-09-15,5.361257997228522,5.377049611114986,5.305987160375011,5.321778774261475,69621715.0
2020-09-16,5.337570963544871,5.361258197006343,5.2980917391067,5.305987358093262,54975760.0
2020-09-17,5.274404198344303,5.3059874277085015,5.250716964572051,5.26650857925415,62800164.0
2020-09-18,5.290196013032865,5.313883624202467,5.234925547806805,5.2507171630859375,50383150.0
2020-09-21,5.258612510037962,5.282300119980364,5.084904750966905,5.116487979888916,88292410.0
2020-09-22,5.124383926391602,5.171759149304374,5.084905075966706,5.124383926391602,73979474.0
2020-09-23,5.1322801764428085,5.250717486584162,5.116488560190749,5.187551021575928,95851257.0
2020-09-24,5.163863331583197,5.574445724487305,5.163863331583197,5.574445724487305,599491241.0
2020-09-25,5.684986940878852,5.795528627627819,5.645508089755778,5.661299705505371,466913031.0
2020-09-28,5.669195057341345,5.692882668097744,5.511278907304684,5.52707052230835,254400080.0
2020-09-29,5.527069928757353,5.574444768680776,5.416528635602698,5.456007480621338,249093746.0
2020-09-30,5.566550181329865,5.629716646260967,5.511279336264236,5.606029033660889,274335598.0
2020-10-01,5.653403681170696,5.700778528183086,5.590237218487508,5.621820449829102,260974731.0
2020-10-02,5.582341598903017,5.677091292927799,5.566549983232221,5.621820449829102,230041790.0
2020-10-05,5.645508089755778,5.677091321254964,5.621820477880481,5.661299705505371,103521468.0
2020-10-06,5.684986581455904,5.771840650838382,5.606028507699921,5.613924503326416,293637095.0
2020-10-07,5.574445367319348,5.598132978075747,5.495487292301018,5.52707052230835,227919840.0
2020-10-08,5.5665499990013965,5.574445618608254,5.479695924315061,5.503383159637451,112225616.0
2020-10-09,5.511279336264236,5.606029033660889,5.495487720031461,5.606029033660889,145667078.0
2020-10-12,5.629716048582035,5.700778125834302,5.606028438496752,5.653403282165527,151549126.0
2020-10-13,5.637611987008316,5.645507982984688,5.582341521180957,5.590237140655518,111308189.0
2020-10-14,5.598132542970318,5.653403002936446,5.566549315417738,5.637611389160156,142253844.0
2020-10-15,5.606028597326681,5.606028597326681,5.495487292301018,5.52707052230835,121086071.0
2020-10-16,5.558654014882109,5.684986940878852,5.550758395258222,5.661299705505371,169900747.0
2020-10-19,5.716569390268302,5.937652357017058,5.70867377172465,5.913964748382568,373827158.0
2020-10-20,5.921861171722412,5.969236015915976,5.866590331912357,5.921861171722412,261573118.0
2020-10-21,5.985027381325793,6.008714990686705,5.890277696885701,5.9455485343933105,195095247.0
2020-10-22,5.945549135833161,6.000819602430043,5.606028834158305,5.621820449829102,460367519.0
2020-10-23,5.598133336761426,5.621820572533722,5.5112792604254155,5.574445724487305,159953885.0
2020-10-26,5.503383045260923,5.511279041205496,5.353362887332139,5.361258506774902,164744477.0
2020-10-27,5.3454668497051,5.471799771818677,5.321779238557902,5.440216541290283,168600614.0
2020-10-28,5.432321116255156,5.471799967577136,5.345467040943888,5.353363037109375,78185403.0
2020-10-30,5.27440431830588,5.313883544159943,5.203342238871088,5.2191338539123535,165510881.0
2020-11-02,5.242821416444922,5.321779496594338,5.21913418065101,5.227029800415039,171461779.0
2020-11-03,5.250717042868433,5.542862107094496,5.211237817323593,5.48759126663208,353351142.0
2020-11-04,5.4796958464603565,5.598133150895016,5.416529384495688,5.471799850463867,413771423.0
2020-11-05,5.4796953201293945,5.574445003975582,5.4323204782063,5.4796953201293945,302368286.0
2020-11-06,5.479695924315061,5.54286238717719,5.456008312490855,5.503383159637451,254468194.0
2020-11-09,5.803424116685646,5.969236266576819,5.732362035662149,5.898173809051514,690428956.0
2020-11-10,5.8034237813043905,6.135048061922091,5.7797365478327185,6.127152442932129,539419871.0
2020-11-11,6.198214351530218,6.735129605829679,6.166631123424472,6.727234363555908,190956784.0
2020-11-12,6.711442612263965,7.0430668956984706,6.656172149359407,6.82198429107666,104193969.0
2020-11-13,6.853568430187445,7.0035886007037265,6.782505966731008,6.972005367279053,569349318.0
2020-11-16,7.114128602826693,7.200982285844393,7.043066156265163,7.066753387451172,385669747.0
2020-11-17,7.01148403817908,7.035171273107723,6.66406774520874,6.66406774520874,527503329.0
2020-11-18,6.727235111226954,7.011484195770372,6.474568505295834,7.0035881996154785,875806240.0
2020-11-19,6.987796037896758,7.643148572171405,6.821983905549947,7.516815662384033,429230017.0
2020-11-20,7.5010236389371014,7.572086088628651,7.406273957016215,7.477336406707764,469210290.0
2020-11-23,7.422065300169504,7.445753285740689,7.0509625622635115,7.122025012969971,337983734.0
2020-11-24,7.232566498035714,7.429961875178627,7.066754351115525,7.153608798980713,555768630.0
2020-11-25,7.232567158197124,7.31942161399006,7.153609451935162,7.169400691986084,364963947.0
2020-11-26,7.224669594902157,7.382586479187012,7.169399137204565,7.382586479187012,388001992.0
2020-11-27,7.414171366585052,7.508921066582485,7.224671213586506,7.248359203338623,353043738.0
2020-11-30,7.106233060591918,7.169399516445784,6.908837697797698,6.9246296882629395,268026401.0
2020-12-01,7.035171474107393,7.287837328574752,6.940421778682134,7.272046089172363,514317530.0
2020-12-02,7.272045563205969,7.382587243042095,7.248358329313795,7.279941558837891,303265706.0
2020-12-03,7.279940701562403,7.3510031478743,7.177295029445607,7.264148712158203,302968759.0
2020-12-04,7.256253510433109,7.295732735254472,7.1930870519203625,7.200983047485352,131523437.0
2020-12-07,7.106233437660171,7.169399896865752,7.0272749871514,7.04306697845459,158209906.0
2020-12-08,7.043066156265163,7.1772950546583845,7.043066156265163,7.066753387451172,138328731.0
2020-12-09,7.122026125036371,7.453649691775188,7.114130128613058,7.327316761016846,489328007.0
2020-12-10,7.343108563694697,7.595774418667947,7.319421328041866,7.5010247230529785,515430134.0
2020-12-11,7.493128201388248,7.579982647697481,7.335212053103632,7.508920192718506,310847465.0
2020-12-14,7.611565421950297,7.7457943282121295,7.579982194183016,7.651043891906738,229037046.0
2020-12-15,7.666837719587572,7.706316952008438,7.611567246000595,7.619462490081787,208518974.0
2020-12-16,7.698420147267708,7.785273847078646,7.61156644745677,7.682628154754639,239999991.0
2020-12-17,7.761585451544086,7.801064673923961,7.682627006784337,7.7142109870910645,177492922.0
2020-12-18,7.690523684009352,7.801065365877326,7.666836449681788,7.769482135772705,118604400.0
2020-12-21,7.690523575257453,7.714211562253648,7.4773369633168425,7.698419570922852,185883846.0
2020-12-22,7.753689037550164,7.982667611377913,7.73000180660343,7.9431891441345215,250519256.0
2020-12-23,7.958982188504554,8.014252657604109,7.856336493745619,7.872128486633301,154849317.0
2020-12-24,7.887918869292985,8.132689461425803,7.7931691812748705,7.856335639953613,341960854.0
2020-12-25,7.856336009548475,7.911607228245252,7.761586317072939,7.785273551940918,77638014.0
2020-12-28,7.848439914081591,7.864231905795765,7.753690222807378,7.801065444946289,69278577.0
2020-12-29,7.808960307353343,7.895813990163885,7.78527232322033,7.887917995452881,138511771.0
2020-12-30,7.951085081807039,8.195855666361787,7.93529384412804,8.187959671020508,188406544.0
2020-12-31,8.180064682609009,8.298502368296678,8.101106978487548,8.266919136047363,194474483.0
2021-01-04,8.21954233741421,8.298500779421518,8.148479890208332,8.156375885009766,131841519.0
2021-01-05,8.124793609978108,8.219543299677131,7.935294230580062,7.966877460479736,200649427.0
2021-01-06,8.053731824724778,8.243231219893913,7.998461356051362,8.211647987365723,225358010.0
2021-01-07,8.314292680478207,8.361667900069403,8.203751756438034,8.306397438049316,162347598.0
2021-01-08,8.35377250478567,8.535376647761163,8.266918807799598,8.519584655761719,237594804.0
2021-01-11,8.424834962675476,8.49589742066488,8.180064357712372,8.243230819702148,149716522.0
2021-01-12,8.36166756687525,8.432730016928575,8.251125894236349,8.282709121704102,118236711.0
2021-01-13,8.337980765194343,8.385355232341162,8.219543091320139,8.290605545043945,122473499.0
2021-01-14,8.377459315581454,8.377459315581454,8.124793480413281,8.132689476013184,117879322.0
2021-01-15,8.014250983145017,8.077417435490718,7.864230847074854,7.919501304626465,142253685.0
2021-01-18,7.880023188937881,8.014252107250769,7.8089614848342475,7.982668876647949,153201267.0
2021-01-19,8.053732850271366,8.140587315536509,7.9826703797830705,8.014253616333008,116131950.0
2021-01-20,8.037939835705558,8.037939835705558,7.856335700843966,7.935294151306152,114317512.0
2021-01-21,7.958981385243372,8.164272754042186,7.911606917368932,7.935294151306152,232206974.0
2021-01-22,7.895814944536258,7.919502178528861,7.62735711594145,7.698419570922852,209832734.0
2021-01-25,7.745794873328739,7.78527334606351,7.524711510395301,7.54050350189209,129358749.0
2021-01-26,7.4852316819336515,7.651043814280462,7.37469076237147,7.516815662384033,202388501.0
2021-01-27,7.45364942648594,7.4931286541937,7.177296338538903,7.193087577819824,189065479.0
2021-01-28,7.11412921660897,7.414170265197754,7.082545987968233,7.414170265197754,255518336.0
2021-01-29,7.2483584379451855,7.4615450521769615,7.22467045069441,7.351004123687744,237175665.0
2021-02-01,7.422065892651985,7.5405035709518105,7.351004189276418,7.485232353210449,162525674.0
2021-02-02,7.53260697603032,7.666835882292153,7.516815738648453,7.651043891906738,173228903.0
2021-02-03,7.682627590959164,7.974773406982422,7.666836352608595,7.974773406982422,188357860.0
2021-02-04,7.982669883834981,8.030045112218431,7.82475371089633,7.8326497077941895,141601521.0
2021-02-05,7.919501637977791,7.958980860606509,7.690523050335475,7.706315040588379,136562162.0
2021-02-08,7.753690144218593,7.872127821863623,7.666836449681788,7.769482135772705,149803327.0
2021-02-09,7.76948190226212,8.132689414050914,7.737898673106729,8.053730964660645,242762175.0
2021-02-10,8.132689716317312,8.132689716317312,7.958981573004685,8.03794002532959,126328276.0
2021-02-11,8.02214783240561,8.03004382804073,7.840544450819398,7.848439693450928,115900007.0
2021-02-12,7.801066473206459,7.951086649247251,7.769483238618729,7.8326497077941895,153511688.0
2021-02-15,7.9273981556592155,7.943190146953089,7.856335700843966,7.935294151306152,94084359.0
2021-02-16,7.951084966022423,8.014251421825703,7.674731910133962,7.690523147583008,179626893.0
2021-02-17,7.714211643338762,7.737898877580345,7.5326075061436955,7.54050350189209,185293465.0
2021-02-18,7.548400170065813,7.603670639220968,7.351004776793213,7.366796016693115,187758541.0
2021-02-19,7.366795821220006,7.4931287490817216,7.264150129081451,7.453649520874023,175234466.0
2021-02-22,7.453649483819866,7.477337472428914,7.256254096766332,7.272046089172363,126629651.0
2021-02-23,7.311525670003579,7.390483376832934,7.2325672101705445,7.248359203338623,143332203.0
2021-02-24,7.193086291114556,7.303627958321767,7.066753387451172,7.066753387451172,165832073.0
2021-02-25,7.200983925091604,7.224671161669826,7.011484526458485,7.169400691986084,147611241.0
2021-02-26,6.972004523597414,7.1220254289633615,6.9325252983430286,7.04306697845459,218008145.0
2021-03-01,7.177295436983144,7.319420337677002,7.058857768737082,7.319420337677002,194681438.0
2021-03-02,7.287835943261002,7.366794384274999,7.216774249952605,7.264148712158203,156318198.0
2021-03-03,7.311525417341599,7.461545582235751,7.2483589528594665,7.256254196166992,201891087.0
2021-03-04,7.2167760462105965,7.43785868187243,7.18519281254462,7.422066688537598,139373118.0
2021-03-05,7.358898905453954,7.398378128728566,7.232565993378041,7.303628444671631,165444095.0
2021-03-08,7.343107707897464,7.3510037031960564,7.08254588707238,7.1062331199646,251186738.0
2021-03-09,7.161503482914851,7.224669938430916,7.074649794831149,7.122025012969971,273328024.0
2021-03-10,7.114129385597765,7.248358298760258,7.082546156206802,7.240462303161621,335443963.0
2021-03-11,7.2720461532584455,7.2799421495310455,7.05885877192013,7.074650764465332,139999432.0
2021-03-12,7.07465020805738,7.169399896865752,7.019379744503395,7.04306697845459,206973540.0
2021-03-15,7.02727458108488,7.05096256667087,6.87725443739134,6.88515043258667,143083195.0
2021-03-16,6.916734550014369,7.05885871679299,6.900942557592498,6.995692253112793,163080876.0
2021-03-17,6.979900729088279,7.106233651297433,6.900942276205751,6.908838272094727,169018165.0
2021-03-18,6.956213517936772,7.264149828611497,6.940421526105444,7.137816905975342,395224269.0
2021-03-19,7.114129937265895,7.129921176684123,6.900942557592498,6.995692253112793,138991882.0
2021-03-22,6.395610471409001,6.442984939876671,6.300860404968262,6.300860404968262,142481284.0
2021-03-23,5.677091121673584,5.874486499854855,5.677091121673584,5.677091121673584,330241223.0
2021-03-24,5.6849870681762695,5.8271119896068635,5.574445755453895,5.6849870681762695,993663283.0
2021-03-25,5.7007778456921745,5.740257068393666,5.519174098968506,5.519174098968506,496703105.0
2021-03-26,5.598133224719539,5.621820460017755,5.408633459824722,5.432321071624756,455777816.0
2021-03-29,5.448112537173285,5.511278998230073,5.4165293066448905,5.440216541290283,278311837.0
2021-03-30,5.432321116255156,5.4481127320843115,5.305987813120088,5.353363037109375,275933869.0
2021-03-31,5.353362930324128,5.39284178085861,5.258612860737381,5.2823004722595215,433561192.0
2021-04-01,5.321779561876855,5.550758561871794,5.274404713206056,5.534966945648193,640050538.0
2021-04-02,5.574445597047177,5.629716440088669,5.527070750083819,5.550758361816406,342792396.0
2021-04-05,5.597964471201347,5.597964471201347,5.541500714615252,5.565699577331543,125722945.0
2021-04-06,5.565699803506167,5.614097146277608,5.47697114944458,5.47697114944458,174438671.0
2021-04-07,5.4769707280979665,5.525368067146172,5.404374527211729,5.5173020362854,170390517.0
2021-04-08,5.541500401314511,5.565699262662666,5.45277214050293,5.45277214050293,109008505.0
2021-04-09,5.444706188233339,5.468905051639535,5.331779056469492,5.355977535247803,161767380.0
2021-04-12,5.355977628186245,5.404374971210555,5.315646701313265,5.339845180511475,121869310.0
2021-04-13,5.347910756937717,5.436639012902959,5.307579451769638,5.404374122619629,199621174.0
2021-04-14,5.476970247470745,5.638294696807861,5.468904217317802,5.638294696807861,218295459.0
2021-04-15,5.6866929528467995,6.009341881966957,5.670560506390792,5.896414756774902,803733708.0
2021-04-16,5.856083778364772,5.9286795944262165,5.848017362898022,5.87221622467041,241399289.0
2021-04-19,5.8964144504027125,5.9044808655255245,5.646361351013184,5.646361351013184,168941412.0
2021-04-20,5.638295283313915,5.783487687448332,5.638295283313915,5.718957901000977,214478455.0
2021-04-21,5.702825287624938,5.718957733765026,5.565699303120264,5.614096641540527,170211412.0
2021-04-22,5.581831535692273,5.710891099874989,5.549566644646593,5.70282506942749,227724371.0
2021-04-26,5.694758530318757,5.759288311004639,5.654427609703997,5.759288311004639,146532173.0
2021-04-27,5.799619707571486,5.864149489273492,5.7431559562683105,5.7431559562683105,130270987.0
2021-04-28,5.7431559562683105,5.815752152996987,5.727023510842809,5.7431559562683105,117225835.0
2021-04-29,5.783487049656918,5.872215688551148,5.775420634926613,5.831884384155273,144520450.0
2021-04-30,5.8480169195843565,5.87221577952233,5.79961958433624,5.815752029418945,116784823.0
2021-05-03,5.815752721794628,5.944812297821045,5.799620274791326,5.944812297821045,135618450.0
2021-05-04,5.977076690007122,5.977076690007122,5.856083539954579,5.864149570465088,140612336.0
2021-05-05,5.8802816280600885,5.896414072644332,5.807685435117084,5.848016738891602,139863758.0
2021-05-06,5.864149502941597,5.985143036228789,5.856083472523965,5.960944175720215,250932484.0
2021-05-07,5.977076830470637,6.275527658930056,5.920613461686632,6.227129936218262,307707789.0
2021-05-10,6.251329054181612,6.340057703291606,6.154534374040456,6.315858840942383,220249664.0
2021-05-11,6.235196535318181,6.251328981821638,6.146467887235233,6.1948652267456055,148512241.0
2021-05-12,6.1787327802421474,6.210997673249063,6.16260033373869,6.1948652267456055,40529800.0
2021-05-17,6.251328285009642,6.444917621472457,6.251328285009642,6.420719146728516,180378325.0
2021-05-18,6.469117749556041,6.565912431015625,6.461051333787139,6.517514705657959,219396958.0
2021-05-20,6.517513747618068,6.6546397185096255,6.444917554880697,6.638506889343262,213139762.0
2021-05-21,6.670773637844674,6.694972116293212,6.58204460144043,6.58204460144043,130864153.0
2021-05-24,6.606242971348641,6.6304422186553476,6.485249811838098,6.517514705657959,165921723.0
2021-05-25,6.549778957250183,6.614308738562546,6.291659832000732,6.291659832000732,288262186.0
2021-05-26,6.412653195041279,6.557845592498779,6.340057380940377,6.557845592498779,246875676.0
2021-05-27,6.549778704370393,6.5820435937808615,6.420719146728516,6.420719146728516,171710992.0
2021-05-28,6.428785563150666,6.50138214562916,6.388454641277517,6.436851978302002,203629130.0
2021-05-31,6.461051464371188,6.461051464371188,6.396521290799376,6.444918632507324,93763779.0
2021-06-01,6.477182923388264,6.573977597784129,6.45298444710322,6.533647060394287,191976349.0
2021-06-02,6.452984627741059,6.533647243290107,6.4287857661507735,6.501382350921631,174757975.0
2021-06-03,6.525580827117934,6.565912134887723,6.3965208730313226,6.4852495193481445,184131401.0
2021-06-04,6.477182923388264,6.557845536679331,6.461050862283465,6.533647060394287,131160813.0
2021-06-07,6.541712981729379,6.703038215103414,6.525580919945409,6.686905384063721,191740927.0
2021-06-08,6.694971561431885,6.73530286834074,6.64657383929012,6.694971561431885,142195041.0
2021-06-09,6.7030380873219135,6.759501456373018,6.654640364381175,6.743368625640869,139334191.0
2021-06-10,6.759502328272228,6.864363433789966,6.743369495459127,6.8401641845703125,189586218.0
2021-06-11,6.856296245735943,6.89662755397377,6.824031352996826,6.824031352996826,139556198.0
2021-06-14,6.872428963730935,6.880494609841302,6.735302979530503,6.743368625640869,111393418.0
2021-06-15,6.703037907803606,6.815964642881451,6.694971492653562,6.791766166687012,145948388.0
2021-06-16,6.783699933215533,6.799832763947682,6.719170148798354,6.743368625640869,112342242.0
2021-06-17,6.711103264535937,6.783699459246985,6.573977289916323,6.6062421798706055,169110152.0
2021-06-18,6.6465743901403735,6.703038532194646,6.55784612299189,6.58204460144043,111684680.0
2021-06-21,6.5659116443694945,6.6062421798706055,6.485249034855961,6.6062421798706055,126464168.0
2021-06-22,6.64657365774177,6.727236269356213,6.6143087669471265,6.711103439331055,106167026.0
2021-06-23,6.751434873216357,6.75950128838196,6.606242477258256,6.670773029327393,143880998.0
2021-06-24,6.694971380102472,6.783699637494242,6.6788385500736,6.727236270904541,120621081.0
2021-06-25,6.751435300381584,6.76756813173352,6.614309310913086,6.614309310913086,80946889.0
2021-06-28,6.670773155529228,6.703038047546359,6.549779233523209,6.598176956176758,134404756.0
2021-06-29,6.590110414952505,6.654640197753906,6.533647047315203,6.654640197753906,128762737.0
2021-06-30,6.6627066697559405,6.743368514317953,6.64657383929012,6.694971561431885,174157753.0
2021-07-01,6.70303749385041,6.815964221954346,6.686904664546624,6.815964221954346,127515044.0
2021-07-02,6.8159646416004716,6.824031056748998,6.743368443775106,6.775633335113525,65620761.0
2021-07-05,6.775633380709157,6.969223499298096,6.751434904356424,6.969223499298096,121302067.0
2021-07-06,6.953091383225123,7.074085315930602,6.928892904386336,6.9450249671936035,178972977.0
2021-07-07,6.969223192907754,7.082149923759665,6.961156778059572,7.041818618774414,163838142.0
2021-07-08,7.017620337489423,7.041818813447283,6.888560773373264,6.904693603515625,111730496.0
2021-07-09,6.904693840618502,6.936958732755498,6.840163287088803,6.880494594573975,96401249.0
2021-07-12,6.880494470578588,7.082150235114643,6.880494470578588,6.969223499298096,165435479.0
2021-07-13,6.969223023317746,6.98535508336589,6.775632917950523,6.815964221954346,139847060.0
2021-07-14,6.8240312979374975,6.888561082895076,6.791766405458708,6.799832820892334,126804095.0
2021-07-16,6.8320976009535395,6.840163246998736,6.719170094508066,6.735302925109863,68323838.0
2021-07-19,6.703037920734117,6.743368458050753,6.654640198996186,6.670773029327393,26677556.0
2021-07-26,6.678839042385288,6.703038289212375,6.485249683302985,6.573977947235107,139400809.0
2021-07-27,6.549779524016821,6.638507788685251,6.533647461920624,6.614309310913086,106196993.0
2021-07-28,6.5981772488168895,6.662707035713154,6.5981772488168895,6.614309310913086,84218170.0
2021-07-29,6.670772904314839,6.735302685918977,6.622375183483899,6.727236270904541,172520404.0
2021-07-30,6.703038019351608,6.872428894042969,6.694971604067328,6.872428894042969,182851576.0
2021-08-02,6.904694318891537,6.94502485991461,6.815965282426952,6.896627902984619,113667361.0
2021-08-03,6.888561210461699,7.154746770655027,6.888561210461699,7.1466803550720215,210117644.0
2021-08-04,7.138614280476655,7.3725349335600505,7.138614280476655,7.340270042419434,261835298.0
2021-08-05,7.275740481257244,7.4854618954171155,7.235409173791831,7.469329833984375,250319007.0
2021-08-06,7.461263656244925,7.566124751292027,7.420932347495157,7.445130825042725,235359326.0
2021-08-09,7.420932182749968,7.5419261063131975,7.340270336296863,7.372535228729248,157522857.0
2021-08-10,7.356402635470138,7.428998838101525,7.291872848521291,7.348336219787598,168545356.0
2021-08-11,7.332202968013984,7.420931218358381,7.21927547454834,7.21927547454834,184948064.0
2021-08-12,7.291872596528612,7.541926089255843,7.283806181124831,7.493528366088867,208466062.0
2021-08-13,7.501594487359361,7.590322745554832,7.428998290083211,7.477396011352539,127527871.0
2021-08-16,7.509662306061028,7.654853958495091,7.50159588946585,7.5822577476501465,164627792.0
2021-08-17,7.582256611955898,7.638720750408938,7.477396288948204,7.630654335021973,214807185.0
2021-08-18,7.679051760949163,7.6951838218431545,7.533859366624828,7.598389148712158,151228895.0
2021-08-19,7.533859673852061,7.566124566211474,7.461263473729455,7.493528366088867,120897422.0
2021-08-20,7.5015939451768014,7.566123722701518,7.469329056414443,7.5580573081970215,122206058.0
2021-08-23,7.622588265986434,7.719382947260984,7.606456203735216,7.703250885009766,158260891.0
2021-08-24,7.7274493630144665,7.735515778767949,7.654853159744618,7.703250885009766,125553324.0
2021-08-25,7.695184946527215,7.791979633805167,7.679052883275453,7.6871185302734375,170572362.0
2021-08-26,7.695184600686657,7.735515910887164,7.6145219802856445,7.6145219802856445,126848935.0
2021-08-27,7.630653973998875,7.727448646295746,7.606455498238576,7.7113165855407715,112793560.0
2021-08-31,7.77584634772151,7.9936341675335765,7.77584634772151,7.969435691833496,196195556.0
2021-09-01,8.001701967589089,8.009768383970611,7.921039342285469,7.929105758666992,132109808.0
2021-09-02,7.937171751288365,8.033966434931424,7.9291053353375025,7.953303813934326,99152733.0
2021-09-03,7.969436832041893,7.977503248181228,7.8726421461372285,7.92103910446167,108906612.0
2021-09-06,7.937170857154162,8.042031944935323,7.929104442111993,7.993634223937988,114196979.0
2021-09-07,7.96943599931675,8.001700891246951,7.816177185706517,7.848442077636719,110634071.0
2021-09-08,7.848441614724204,7.904905749213497,7.582256079686128,7.590322494506836,219483007.0
2021-09-09,7.566124192467628,7.7113165855407715,7.525792886696681,7.7113165855407715,196660038.0
2021-09-10,7.751647061834189,7.832309672749424,7.606455439144701,7.654852390289307,177312451.0
2021-09-13,7.679051704036326,7.687117349795704,7.55805778657756,7.574190616607666,158562007.0
2021-09-14,7.606455498238576,7.73551506130107,7.549991362456979,7.7113165855407715,223700479.0
2021-09-15,7.6790520023619155,7.7355153711494955,7.574190910859477,7.6064558029174805,145167979.0
2021-09-16,7.6467866899388595,7.7677806176185955,7.622588212105209,7.662919521331787,176800041.0
2021-09-17,7.7355150706303455,7.743581485645398,7.549991371562506,7.574190616607666,152127066.0
2021-09-20,7.501595473494852,7.525793952682728,7.316071748372377,7.324138164520264,139936918.0
2021-09-21,7.4048004150390625,7.461263786722693,7.348336274099687,7.4048004150390625,149526413.0
2021-09-22,7.445130448623572,7.646786212921143,7.445130448623572,7.646786212921143,139181718.0
2021-09-23,7.69518445845512,7.711317289939441,7.396733999296902,7.4048004150390625,354905496.0
2021-09-24,7.356402734544433,7.36446915033561,7.082150751690405,7.114415645599365,239336274.0
2021-09-27,7.178945065362917,7.219276372995325,7.098283219353814,7.195077896118164,166162952.0
2021-09-28,7.16281289208698,7.211209845086062,7.106349523836153,7.130548000335693,159299932.0
2021-09-29,7.178944995920345,7.3241373942902674,7.178944995920345,7.308005332946777,187861646.0
2021-09-30,7.324136965361214,7.4693293552281235,7.235408710029024,7.4531965255737305,249317224.0
2021-10-01,7.396733924224713,7.501595020041285,7.380601092904131,7.485462188720703,164277487.0
2021-10-04,7.493528014339187,7.574190626079234,7.4370646476745605,7.4370646476745605,164612907.0
2021-10-05,7.445130879674985,7.5096614357015765,7.3886675085644224,7.485462188720703,162815555.0
2021-10-06,7.4451302934440236,7.509660844389467,7.364468450959653,7.4370646476745605,154556172.0
2021-10-07,7.54192572580313,7.598389092397149,7.477395944194058,7.574190616607666,177561053.0
2021-10-08,7.574190259824344,7.630653623758648,7.485461237349707,7.501594066619873,161841619.0
2021-10-11,7.525793713249137,7.638721227959404,7.517727297357884,7.6145219802856445,144311226.0
2021-10-12,7.582256902878631,7.727449308392017,7.55805842504498,7.662919521331787,192434349.0
2021-10-13,7.695184491482154,7.703250907258934,7.525793606448507,7.56612491607666,161036717.0
2021-10-14,7.533859618226752,7.598389402469129,7.461263418640151,7.469329833984375,158680320.0
2021-10-15,7.501595005889597,7.5177270679240085,7.1708796569989275,7.203144550323486,329506686.0
2021-10-18,7.211209545841395,7.2192759607584085,7.05795150869648,7.098282814025879,240099859.0
2021-10-19,7.146680804333964,7.316071695946844,7.146680804333964,7.283806800842285,203568437.0
2021-10-20,7.27574078641195,7.380601113262021,7.219276645889905,7.348336219787598,198220752.0
2021-10-21,7.348335329554989,7.437064352802156,7.146679577456004,7.251540660858154,478944606.0
2021-10-22,7.283806196876165,7.404800120427398,7.235409242860245,7.356402397155762,376782530.0
2021-10-25,7.267674789996624,7.3725358921518005,7.219277062365088,7.324138164520264,426474663.0
2021-10-26,7.356401855414344,7.501594245281253,7.356401855414344,7.4531965255737305,272365102.0
2021-10-27,7.493527995931057,7.727448646295746,7.469329520170757,7.7113165855407715,306391488.0
2021-10-28,7.7113169744053724,7.945237636566162,7.638720774207936,7.945237636566162,196122762.0
2021-11-01,7.985568321779237,8.195290510811237,7.937171366929223,8.17109203338623,270286644.0
2021-11-02,8.195289611816406,8.332415584275415,8.138826247599983,8.195289611816406,340278304.0
2021-11-03,8.171091657079822,8.388879482386475,7.7919786050207565,8.372747421264648,447246852.0
2021-11-04,8.50987327501003,8.566336641974384,8.421144247773837,8.429210662841797,252085325.0
2021-11-05,8.429211826204195,8.59860271973152,8.372748451447016,8.558271408081055,299894438.0
2021-11-08,8.590534390429303,8.719594712820081,8.509872554347634,8.695395469665527,295234195.0
2021-11-09,8.671197904188,8.792191055613927,8.534071922302246,8.534071922302246,319142683.0
2021-11-10,8.534071438261346,8.727660777264983,8.509872963199806,8.655064582824707,349619162.0
2021-11-11,8.606667641995024,8.695395896820253,8.461475252957692,8.550204277038574,331517127.0
2021-11-12,8.590535290400252,8.622800182064212,8.501807030638286,8.534071922302246,186583443.0
2021-11-15,9.381026268005371,9.381026268005371,9.381026268005371,9.381026268005371,14837964.0
2021-11-16,9.856933898758438,10.08278813765021,9.71980791854594,9.735939979553223,332518764.0
2021-11-17,9.744006406134714,9.77627129744288,9.590748364734841,9.598814010620117,238391959.0
2021-11-18,9.606881331459432,10.115053994413316,9.558484374562354,9.873066902160645,585903143.0
2021-11-19,9.889199461475085,9.937596417038627,9.719808578491211,9.719808578491211,178007663.0
2021-11-22,9.792403942843464,9.8166024185538,9.614946659371109,9.631078720092773,150631736.0
2021-11-23,9.631078680164462,9.687542815595384,9.324562604422512,9.33262825012207,397787117.0
2021-11-24,9.405224786860147,9.606880552510685,9.381026310373677,9.542350769042969,420541692.0
2021-11-25,9.574616269849006,9.590749101370045,9.4536231104642,9.469755172729492,163524304.0
2021-11-26,9.397158826451427,9.397158826451427,9.195503051040403,9.227767944335938,169002203.0
2021-11-29,9.251967376201014,9.29229868594061,9.163238340922755,9.195503234863281,185822456.0
2021-11-30,9.163237866566366,9.340695158680646,9.163237866566366,9.21163558959961,245035471.0
2021-12-01,9.276165885251844,9.510086559414052,9.268099469425897,9.389093399047852,334426883.0
2021-12-02,9.421357869130565,9.461688407933904,9.381026561071508,9.3971586227417,169697906.0
2021-12-03,9.42135763062737,9.477820998927239,9.389092738848058,9.405224800109863,150813859.0
2021-12-06,9.42942208688883,9.590747294686146,9.389091554195101,9.550415992736816,248004252.0
2021-12-07,9.639145444244543,9.64721185949193,9.49395381607003,9.542350769042969,251790326.0
2021-12-08,9.582682534672298,9.703675692151338,9.566549703405368,9.663344383239746,410614582.0
2021-12-09,9.679475842568468,9.719807145763628,9.558482702238612,9.566548347473145,277325529.0
2021-12-10,9.566549130879269,9.582681961180702,9.421357504444803,9.461688041687012,151096196.0
2021-12-13,9.461688500754002,9.711741997768634,9.364893822016128,9.614947319030762,330074543.0
2021-12-14,9.639145651973863,10.010192299537355,9.623013590387126,9.808536529541016,678063044.0
2021-12-15,9.937595135986397,9.985992854566744,9.663343192294263,9.671409606933594,348352820.0
2021-12-16,9.744006372725794,10.026324747646047,9.711741481528252,10.010191917419434,374121222.0
2021-12-17,10.123119543788228,10.953941079124537,9.20356897964277,9.381026268005371,656202412.0
2021-12-20,9.195502039011888,9.631078435191279,8.776058472332602,9.340694427490234,285157157.0
2021-12-21,9.953729079289415,9.985993972202197,8.864787597285547,9.179370880126953,500717974.0
2021-12-22,8.977714385456194,9.687542741735252,8.977714385456194,9.582681655883789,444475907.0
2021-12-23,9.703675844994335,9.744007154541185,9.364894075609977,9.469755172729492,343875872.0
2021-12-24,9.469753924457665,9.493953168549359,9.381025670555054,9.453621864318848,151162138.0
2021-12-27,9.453623241257187,9.54235150808324,9.413291931152344,9.413291931152344,202712855.0
2021-12-28,9.397157802169508,9.437489106706783,9.026111185086748,9.066442489624023,182499858.0
2021-12-29,9.034178584562731,9.284232084544923,8.985781629247297,9.227767944335938,162409388.0
2021-12-30,9.251967668800757,9.40522572755121,9.219702773839831,9.243901252746582,235220932.0
2021-12-31,9.195502293027566,9.235833598636288,9.034177839848352,9.090641975402832,140695710.0
2022-01-03,9.106775256848705,9.308431042668433,9.106775256848705,9.243901252746582,169236298.0
2022-01-04,9.268098719495903,9.364893393807856,9.139039153746634,9.219701766967773,183862957.0
2022-01-05,9.219702060100383,9.27616542959697,9.20356922924095,9.235834121704102,164659874.0
2022-01-06,9.179370806798861,9.332628854596358,9.163237975843481,9.260032653808594,223955311.0
2022-01-07,9.260033677336128,9.50202078362402,9.260033677336128,9.477822303771973,388789472.0
2022-01-10,9.542351376062674,9.614947579395858,9.469755172729492,9.469755172729492,226449293.0
2022-01-11,9.526219129014308,9.606880977287641,9.421358033928817,9.502019882202148,230410361.0
2022-01-12,9.574617094783136,9.61494840780487,9.518153718106195,9.55848503112793,166235208.0
2022-01-13,9.550416765564544,9.639145021628552,9.542350350670816,9.582681655883789,177638969.0
2022-01-14,9.566548347473145,9.574614761963302,9.469753681358135,9.566548347473145,118345939.0
2022-01-17,9.695608850851587,9.71980732551394,9.631078302992579,9.671409606933594,206368074.0
2022-01-18,9.647212136208193,9.768205291366748,9.292298316955566,9.292298316955566,314908728.0
2022-01-19,9.413291243207965,9.711741685363174,9.397158412642748,9.703675270080566,266284829.0
2022-01-20,9.735939807178454,9.808536003565129,9.477820681586426,9.631078720092773,316515563.0
2022-01-21,9.598814250371605,9.64721197317054,9.526218820056764,9.623013496398926,156826318.0
2022-01-24,9.614946495745745,9.735939641494051,9.405224325143397,9.421357154846191,231715124.0
2022-01-25,9.48588621732013,9.566548051963188,9.421356441903445,9.550415992736816,129484465.0
2022-01-26,9.558484794115605,9.59881533688149,9.518153482093926,9.534285545349121,86605730.0
2022-01-27,9.461688500754002,9.614947319030762,9.445556438925552,9.614947319030762,99329314.0
2022-01-28,9.623013326774698,9.65527821832002,9.493953760593408,9.518152236938477,124394141.0
2022-01-31,9.57461529747868,9.6149466029296,9.550416821910394,9.606880187988281,133263397.0
2022-02-01,9.647211550070113,9.735939807178454,9.623013074359777,9.631078720092773,150576827.0
2022-02-02,9.695609953755016,9.937596266416465,9.695609953755016,9.913397789001465,287602316.0
2022-02-03,9.76013905214446,9.8166024185538,9.60688024438244,9.631078720092773,156869217.0
2022-02-04,9.6391455578281,9.65527838851298,9.566549358257552,9.623013496398926,72306695.0
2022-02-07,9.614946659371109,9.647211550070113,9.526218402262767,9.631078720092773,85793003.0
2022-02-08,9.623014317944277,9.744007481387598,9.614947901913183,9.67947769165039,136183116.0
2022-02-09,9.719808100645784,9.7359401619553,9.671410378205833,9.703675270080566,100967611.0
2022-02-10,9.70367515849932,9.735940050003045,9.639145375491873,9.655278205871582,86043561.0
2022-02-11,9.590748183660775,9.647211550070113,9.534284047995763,9.631078720092773,79761374.0
2022-02-14,9.558484261950806,9.582682740114256,9.461688810785507,9.526219367980957,86728225.0
2022-02-15,9.534284228003784,9.647211732210213,9.518152166977544,9.598814010620117,89179142.0
2022-02-16,9.606879353912516,9.62301218239449,9.534283164254845,9.550415992736816,68067877.0
2022-02-17,9.574615604828868,9.631078972719259,9.518152236938477,9.518152236938477,115007865.0
2022-02-18,9.550415992736816,9.566548051963188,9.477819803079145,9.550415992736816,64111005.0
2022-02-21,9.598814081173936,9.614946911574444,9.502019406537968,9.518152236938477,83890434.0
2022-02-22,9.437489747520658,9.477821054796465,9.38102637888795,9.429423332214355,76636086.0
2022-02-23,9.453622466392604,9.461688112347868,9.381026268005371,9.381026268005371,63342351.0
2022-02-24,8.953515649905022,9.26809812906421,8.800256848399473,8.880919456481934,191408283.0
2022-02-25,8.929317383111108,9.235834250410388,8.929317383111108,9.179370880126953,144311434.0
2022-02-28,9.001913436498167,9.074509636672461,8.929317236323874,8.937383651733398,144868945.0
2022-03-01,9.018045356598849,9.54234999717782,9.018045356598849,9.37295913696289,283856942.0
2022-03-02,9.405224026086895,9.510085108053815,9.332627833243977,9.37295913696289,111799250.0
2022-03-03,9.461688573437616,9.558484022174786,9.397158787116657,9.502019882202148,154531936.0
2022-03-04,9.437491092062725,9.647213304371096,9.381027715385786,9.55848503112793,147460939.0
2022-03-07,9.558484928953206,9.6552796176172,9.421358927698593,9.477822303771973,159389609.0
2022-03-08,9.453623373628705,9.542351641697147,9.356828689575195,9.356828689575195,206245450.0
2022-03-09,9.445554915370801,9.574614466204174,9.413290027662457,9.550415992736816,180863274.0
2022-03-10,9.582681422451968,9.5907478371492,9.429422620227152,9.453621864318848,158601796.0
2022-03-11,9.429423152866644,9.534284242086999,9.413291091816575,9.493953704833984,174683696.0
2022-03-14,9.502018570063138,9.590747590943616,9.477820095848292,9.566548347473145,146919335.0
2022-03-15,9.542351537856547,9.663344699292836,9.542351537856547,9.574616432189941,157521445.0
2022-03-16,9.598813236178147,9.623012479648619,9.558482702238612,9.566548347473145,82785755.0
2022-03-17,9.598813236178147,9.647210953863464,9.550416287748455,9.566548347473145,254127349.0
2022-03-18,9.566549245529437,9.582682076024215,9.518152292556499,9.542350769042969,82583750.0
2022-03-21,9.566549245529437,9.574615660776827,9.518152292556499,9.542350769042969,139554145.0
2022-03-22,9.542350881485937,9.6391455578281,9.534284466143498,9.623013496398926,167530701.0
2022-03-23,9.679476725096524,9.832734768104713,9.679476725096524,9.81660270690918,327815783.0
2022-03-24,9.776271949733923,9.784338365413092,9.69561010070944,9.719808578491211,157500927.0
2022-03-25,9.711741029854432,9.800469284207175,9.703674615116277,9.75207233428955,109428624.0
2022-03-28,9.800470003471391,9.808536418801545,9.760139465332031,9.760139465332031,80986012.0
2022-03-29,9.768204689025879,9.800469579695646,9.735939798356112,9.768204689025879,126715382.0
2022-03-30,9.784338107358401,9.856934308044782,9.776271691891976,9.832735061645508,176665611.0
2022-03-31,9.848867654284929,9.921463853214844,9.784337870626272,9.840801239013672,253516104.0
2022-04-01,9.921464421588974,10.115053783655163,9.881133112177915,10.042457580566406,473620260.0
2022-04-04,10.082787688917936,10.19571518796585,9.994059434187493,10.18764877319336,338196320.0
2022-04-05,10.187650764838171,10.211849244630697,10.058591180270296,10.074723243713379,265811110.0
2022-04-06,10.090854530041131,10.131185836351978,10.010191917419434,10.010191917419434,176496101.0
2022-04-07,10.05052326824429,10.179582833606064,10.034390437946223,10.171516418457031,205647440.0
2022-04-08,10.260245174882298,10.7442185321728,10.252178759946874,10.728086471557617,423532534.0
2022-04-11,10.889411707314057,11.195928573608398,10.889411707314057,11.195928573608398,464147960.0
2022-04-12,11.147531162578403,11.25239225945756,10.905544844363456,11.074934959411621,351150433.0
2022-04-13,11.17979492221284,11.195927752060388,10.889410908258002,11.002338409423828,271795242.0
2022-04-14,11.083001320861449,11.107200567968995,10.970074578049198,11.050736427307129,237731524.0
2022-04-15,11.050735520142084,11.21205997467041,10.962007262465423,11.21205997467041,188436798.0
2022-04-18,11.236258961997684,11.679901009458177,11.17979482726647,11.63150405883789,290307960.0
2022-04-19,11.696034947791375,11.728299841015055,11.349186768695038,11.437915802001953,256596160.0
2022-04-20,11.494377790665187,11.52664268000911,11.349185403989717,11.445980072021484,183234705.0
2022-04-21,11.478246068497329,11.720233146545382,11.445981176041304,11.687968254089355,240420804.0
2022-04-22,11.623437348040877,11.752496905416566,11.357251818639607,11.445980072021484,238288878.0
2022-04-25,12.091280645193748,12.091280645193748,12.042883687732221,12.075148582458496,244715396.0
2022-04-26,12.083212852478027,12.091279267554478,12.07514720665726,12.083212852478027,147133884.0
2022-04-27,12.083214229198237,12.091280645193748,12.075148582458496,12.075148582458496,68650444.0
2022-04-28,12.091279267554478,12.196140355781296,12.083212852478027,12.083212852478027,157138301.0
2022-04-29,12.09934568263093,12.10741209770738,12.07514720665726,12.083212852478027,124207229.0
2022-05-05,12.10741209770738,12.115478512783831,12.083212852478027,12.083212852478027,66297040.0
2022-05-06,12.083212852478027,12.09934568263093,12.083212852478027,12.083212852478027,60414429.0
2022-05-09,12.083212614928321,12.10741185968193,12.083212614928321,12.091279029846191,64845147.0
2022-05-10,12.09934544476406,12.09934544476406,12.091279029846191,12.091279029846191,6928697.0
2022-05-11,12.091279267554478,12.10741209770738,12.083212852478027,12.083212852478027,84540979.0
2022-05-12,12.091279267554478,12.09934568263093,12.083212852478027,12.083212852478027,88840583.0
2022-05-13,12.091279267554478,12.09934568263093,12.083212852478027,12.083212852478027,50210740.0
2022-05-16,12.083214229198237,12.091280645193748,12.059015750467474,12.075148582458496,146325141.0
2022-05-17,12.002552377010437,12.091280645193748,11.881558444845083,12.075148582458496,67928310.0
2022-05-18,12.059015475073615,13.228618843760318,12.010618518717338,12.623651504516602,175313752.0
2022-05-20,12.542989007305732,13.785188515720074,12.421995084143418,13.107625007629395,246624606.0
2022-05-23,13.24474994300697,13.389942331596547,12.204206286378183,12.236471176147461,269946351.0
2022-05-24,12.38166495695671,12.4703932214851,12.083213731462857,12.196141242980957,186901833.0
2022-05-25,12.353665303375761,12.353665303375761,11.950112425300793,12.147770881652832,170996857.0
2022-05-26,12.131299596246315,12.180714605675444,12.073649406433105,12.073649406433105,92721640.0
2022-05-27,12.073647959529076,12.09835506857028,11.67009510834846,11.711274147033691,116671258.0
2022-05-30,11.777161973186184,11.925405433985206,11.760690041194655,11.83481216430664,94665118.0
2022-05-31,11.884225889758635,12.221892604822001,11.867753959548294,11.983055114746094,132289711.0
2022-06-01,12.040705472472366,12.526616424704422,12.040705472472366,12.378372192382812,133704673.0
2022-06-02,12.468966892127455,12.576032089365148,12.370137660544565,12.41131591796875,104831134.0
2022-06-03,12.452494206658583,12.551323432256089,12.37837209110424,12.403079986572266,88334548.0
2022-06-06,12.460729647449227,13.341958246437132,12.444257717830373,13.292542457580566,196546662.0
2022-06-07,13.243129056627827,13.31725117363608,12.831340215848543,12.88899040222168,118952277.0
2022-06-08,12.971348668708176,13.020763675890208,12.468966558577838,12.55955982208252,101872611.0
2022-06-09,12.55956043530682,12.70780467866609,12.394845045699256,12.600739479064941,47042819.0
2022-06-10,12.35366576976459,12.99605616987337,12.35366576976459,12.617210388183594,105113173.0
2022-06-13,12.518381080675512,12.68309646619264,12.411315883733149,12.419551849365234,64548094.0
2022-06-14,12.485437622273041,12.518380698370402,12.271307234927752,12.36190128326416,57730659.0
2022-06-15,12.35366500489557,12.518380381209205,12.221892703844663,12.287778854370117,71275376.0
2022-06-16,12.320722527168856,12.33719367288661,11.843047519980384,11.900697708129883,59215432.0
2022-06-17,11.900697730393832,12.436023712158203,11.884226584645262,12.436023712158203,60616834.0
2022-06-20,12.43602325684979,12.790161124439834,12.312486133846386,12.683095932006836,68281729.0
2022-06-21,12.69956817902254,12.95487682582652,12.69956817902254,12.864283561706543,55792976.0
2022-06-22,12.765453619456814,12.971348032673859,12.674860360394261,12.847811698913574,58444645.0
2022-06-23,12.930169633526463,12.963112709856249,12.608974835667283,12.666625022888184,55485127.0
2022-06-24,12.691331742684257,12.740746748368613,12.444258285112218,12.501909255981445,35695815.0
2022-06-27,12.2713075376911,12.452494853409366,12.221893315038333,12.328958511352539,28853830.0
2022-06-28,12.296015066699352,12.419551405061517,11.867754294250735,11.941876411437988,44201125.0
2022-06-29,11.859519172769737,11.99129227127046,11.423023189349966,11.431259155273438,50608049.0
2022-06-30,11.39831489116769,11.620680449992783,11.365371816326014,11.447729110717773,51592050.0
2022-07-01,11.34889989720693,11.653623536144378,11.34889989720693,11.554794311523438,35170939.0
2022-07-04,11.645389164740525,11.670096276254338,11.159478187561035,11.159478187561035,30660962.0
2022-07-05,11.159477842345414,11.406551306115125,11.011233606998609,11.093591690063477,43113628.0
2022-07-06,11.406551361083984,11.44772961738997,11.175949041561028,11.406551361083984,36713703.0
2022-07-07,11.431257364930117,11.777160025291858,11.431257364930117,11.735980987548828,30451194.0
2022-07-08,11.694803198385609,11.735982240525061,11.554794926366405,11.59597396850586,13477619.0
2022-07-13,11.61244555282831,11.61244555282831,11.315957086616175,11.5300874710083,45053300.0
2022-07-14,11.488908472066944,11.670095781477912,11.488908472066944,11.62891674041748,28418978.0
2022-07-18,11.727746698209181,12.221893650864175,11.727746698209181,12.18071460723877,37364528.0
2022-07-19,12.131299669195135,12.534853356589068,12.024235254733918,12.485438346862793,44091319.0
2022-07-20,12.50190956018603,12.551323781647895,12.33719339418011,12.468966484069824,36195364.0
2022-07-21,12.468966789080248,12.633682173690476,12.38660870406268,12.436023712158203,37027952.0
2022-07-22,12.47720196924208,12.551324088672908,12.361901592727374,12.436023712158203,26414436.0
2022-07-25,12.46896638154972,12.930169443384585,12.452494450914605,12.88899040222168,52867720.0
2022-07-26,12.930169901561248,13.045471063818068,12.361901626736367,12.427787780761719,80362522.0
2022-07-27,12.50190921216977,12.51838035705692,12.386608056260247,12.403079986572266,37775167.0
2022-07-28,12.485437991611366,12.543088180130907,12.081885101124765,12.098356246948242,49908962.0
2022-07-29,12.10659268783575,12.139535766200849,11.908934217645152,11.958349227905273,75303231.0
2022-08-01,11.958348690890263,12.147771186626931,11.958348690890263,12.114828109741211,48572203.0
2022-08-02,12.16424339023535,12.263072623106076,12.015999148216798,12.090121269226074,60548242.0
2022-08-03,12.123064079852751,12.24660042186418,12.057177926056669,12.221893310546875,53636349.0
2022-08-04,12.320722655552299,12.518381118774414,12.320722655552299,12.518381118774414,66624734.0
2022-08-05,12.559559544795688,13.177242801097115,12.493673393624192,12.913698196411133,114903911.0
2022-08-08,12.996055839428616,13.06194199235811,12.806633346112545,12.979584693908691,64711911.0
2022-08-09,12.888990622890276,13.300779470719677,12.773690248169977,13.201951026916504,59428986.0
2022-08-10,13.136063892136036,13.967876755383232,13.136063892136036,13.753747940063477,115748580.0
2022-08-11,13.869048425182733,14.931462828434316,13.827870169022898,14.882048606872559,119634415.0
2022-08-12,14.890284137485112,15.129122414617573,14.511439165157434,14.61850357055664,90737188.0
2022-08-15,14.676155225725283,15.269132209940377,14.593797136712087,15.07147216796875,91972334.0
2022-08-16,15.137357542909752,16.00211507659417,14.667918501893833,15.895049095153809,129620204.0
2022-08-17,15.960935254358246,17.476318359375,15.911521031826124,17.476318359375,137487518.0
2022-08-18,17.47631828064449,18.250481760792585,16.800984815965222,17.27865982055664,207886626.0
2022-08-19,17.3116021846324,17.459846409582674,16.669211066797775,16.817455291748047,87484424.0
2022-08-22,16.76804430774895,17.591622097782203,16.463319834262663,17.295133590698242,102007289.0
2022-08-23,17.37748954256727,19.024644919666542,17.27865952876741,19.0081729888916,129288031.0
2022-08-24,19.18936082114727,19.930582047979048,18.695215431059268,19.288190841674805,159495395.0
2022-08-25,19.46937531675312,21.215360641479492,19.37054687754863,21.215360641479492,131088051.0
2022-08-26,21.561263180107925,22.681329289469286,20.4906112900273,20.589441299438477,219306674.0
2022-08-29,20.671799305448666,20.91887197182526,19.716449358212923,19.947050094604492,142864485.0
2022-08-31,19.963523623170065,19.979995554474083,18.94228744506836,18.94228744506836,208928827.0
2022-09-01,18.958759438484307,19.46937674378311,18.250482098589377,18.711685180664062,232879038.0
2022-09-02,18.925816452899557,20.342371198340718,18.59638566472135,20.078824996948242,272345843.0
2022-09-05,20.095295802091158,21.34713429781302,19.96352349420989,20.836515426635742,295044278.0
2022-09-06,21.133003384723274,22.07188144798455,20.095295307558285,21.314189910888672,312515155.0
2022-09-07,21.281247731094698,21.742450799733497,19.848222732543945,19.848222732543945,142165759.0
2022-09-08,20.177653622912676,20.85298708467011,19.4858482301734,19.60114860534668,218924306.0
2022-09-09,19.765864433995393,21.561264038085938,19.765864433995393,21.561264038085938,113799174.0
2022-09-12,23.191947295133478,23.702566146850586,22.516613850267124,23.702566146850586,66068460.0
2022-09-13,25.102646962293065,26.05799693221513,24.344955444335938,24.344955444335938,156835785.0
2022-09-14,24.62497317676587,25.119120116172002,21.92363929748535,21.92363929748535,85616266.0
2022-09-15,21.693035375000484,22.813101479004665,19.732919692993164,19.732919692993164,72019922.0
2022-09-16,17.772808609524414,18.563444103171964,17.772808609524414,17.937524795532227,217060856.0
2022-09-19,16.94922795412264,17.212772550475034,16.150358200073242,16.150358200073242,203982271.0
2022-09-20,16.80098726438738,16.883345360805215,15.186775486337922,16.586856842041016,229477436.0
2022-09-21,16.405669475818474,16.81745836670664,15.853872299194336,15.853872299194336,139656425.0
2022-09-22,15.837399105423646,16.208009706051275,15.582090453241186,15.779748916625977,127296386.0
2022-09-23,15.779747390986735,16.002113729864185,15.326780319213867,15.326780319213867,69821010.0
2022-09-26,15.112651635110321,15.911521466406125,14.643212581109188,15.870343208312988,101239661.0
2022-09-27,15.870341640739973,16.883341769931963,15.680919158861737,16.158594131469727,171140065.0
2022-09-28,16.076238677277935,16.65274218201139,15.837400366554819,15.853872299194336,123609769.0
2022-09-29,15.936230796057592,16.331547764340726,15.145595288641326,15.483262062072754,107761258.0
2022-09-30,15.49973049347436,16.208007746440448,15.425608382310484,16.002113342285156,87092798.0
2022-10-03,16.01858800812164,17.59162139892578,15.960936245595649,17.59162139892578,105478490.0
2022-10-04,18.102237463267354,18.54697017513452,17.42690400081704,17.509262084960938,139438228.0
2022-10-05,17.706919031302817,17.772805178817862,16.850397542757538,17.048057556152344,81661547.0
2022-10-06,17.29513034118327,17.575146862851355,17.179829974913947,17.45984649658203,60144694.0
2022-10-07,17.459848472711823,17.72339309449844,17.212774211649478,17.443376541137695,57089882.0
2022-10-10,17.542204985118357,17.739865022265757,17.229246139526367,17.229246139526367,53014484.0
2022-10-11,17.27866037424526,18.316368501096814,17.196302287190402,17.87163734436035,99107885.0
2022-10-12,17.8222204392288,17.970464672521423,17.328075089386406,17.542203903198242,69388202.0
2022-10-13,17.55867698975812,17.772807388517347,17.32807623020961,17.426904678344727,55130943.0
2022-10-14,17.9210517768836,18.201068333620054,17.80575139617443,18.036352157592773,62199668.0
2022-10-17,18.23400794494989,19.831748962402344,18.23400794494989,19.831748962402344,85814920.0
2022-10-18,20.88593104158507,21.149475655093433,19.848222947758547,20.012937545776367,129996435.0
2022-10-19,20.111767160384908,21.4130198417823,19.897636773465113,21.116531372070312,116855966.0
2022-10-20,21.05064581965526,21.67656506751619,20.836515426635742,20.836515426635742,96613624.0
2022-10-21,20.83651603635518,21.10006223067944,20.556499481201172,20.556499481201172,57725905.0
2022-10-24,20.721213549585656,21.034173936280425,20.095294347045822,20.16118049621582,59175695.0
2022-10-25,20.309427334097943,20.671801986518926,19.979996545919732,20.078824996948242,89999027.0
2022-10-26,20.21059706342615,20.638856264074928,20.111767050445806,20.490612030029297,56714126.0
2022-10-27,20.58944368652853,20.638857911538228,19.683507850151297,19.699979782104492,56574319.0
2022-10-28,19.601149693453866,19.963524340921634,19.288190841674805,19.288190841674805,33753391.0
2022-10-31,19.370548316872643,19.650564866841453,18.645799044888726,19.354076385498047,72543212.0
2022-11-01,19.452907088690356,20.062354433387444,19.189360889955225,19.271718978881836,61331456.0
2022-11-02,19.271718367822857,19.798809177730465,19.205832212940635,19.337604522705078,51901460.0
2022-11-03,19.30466084365888,19.419961213706035,18.859928152020323,19.074058532714844,38695803.0
2022-11-04,19.17289106421864,19.699980334707146,18.97523258778545,19.43643569946289,70666241.0
2022-11-07,19.683504803300647,20.556496640639264,19.683504803300647,20.260009765625,73552875.0
2022-11-08,20.260010596260795,21.05064438984672,19.947050208162413,20.35883903503418,82002326.0
2022-11-09,20.45766892819242,20.688271235433692,19.864693586378763,19.947050094604492,51009050.0
2022-11-10,19.9799960100634,20.918874123903397,19.94705214670417,20.556499481201172,68483649.0
2022-11-11,21.08359064659727,21.264777185510606,19.979996339466286,20.12824058532715,59869283.0
2022-11-14,20.01293553712186,20.4741401353212,19.996465178568034,20.260009765625,48490496.0
2022-11-15,20.42472529475599,21.42949104309082,20.029408395829037,21.42949104309082,111438937.0
2022-11-16,21.445963880865314,23.191947710442033,21.16594733956248,21.72597885131836,159083174.0
2022-11-17,21.725977626294856,21.92363764382805,20.490611156385715,20.622385025024414,75277840.0
2022-11-18,20.375309895067424,21.314187868356296,20.375309895067424,20.90239906311035,67807052.0
2022-11-21,21.001231027312855,21.824808714658456,20.474141810083598,21.54479217529297,67114959.0
2022-11-22,21.709507306426648,22.335426507479962,21.478904999454468,22.071880340576172,66904235.0
2022-11-23,22.13776789305444,23.01076138639078,21.857752920132178,22.763687133789062,80076206.0
2022-11-24,22.846045609682943,23.29077832948105,22.088354049576775,22.31895637512207,81865315.0
2022-11-25,22.0718815452307,22.187183490434666,21.709508491303325,21.72597885131836,66451702.0
2022-11-28,21.84128009073505,22.714271977313228,21.84128009073505,22.253068923950195,80802027.0
2022-11-29,22.351898590208407,22.566028983726927,21.775395134596845,22.12129783630371,70264404.0
2022-11-30,21.98952497736955,22.467199975300993,21.94010918489921,21.956581115722656,55307847.0
2022-12-01,22.450727286448306,22.467199216715592,21.8577519344736,22.055410385131836,52957709.0
2022-12-02,21.98952535336015,22.137768020756557,21.198889939663587,21.297719955444336,44717130.0
2022-12-05,21.39654770502719,21.643621951024702,20.968286935311305,21.16594696044922,39706257.0
2022-12-06,21.16594785244527,21.70950901735742,21.133003989917345,21.24830436706543,41433351.0
2022-12-07,21.248302792680626,21.561263180107925,20.3423686321851,20.589441299438477,55534188.0
2022-12-08,20.655328912702597,21.44596433147892,20.325898142733223,21.2647762298584,62157254.0
2022-12-09,21.347133957080164,22.187183584552137,21.29771973512587,22.137767791748047,43435655.0
2022-12-12,22.104825678174837,23.17547606392802,21.940109509205207,22.961345672607422,102351716.0
2022-12-13,22.730744015171986,23.076646699542962,22.286011319187985,22.664857864379883,77444752.0
2022-12-14,22.730744133207548,23.653150249086835,22.253069144771906,22.417783737182617,122860749.0
2022-12-15,23.027230652598327,23.801394093945902,22.631913752235633,23.521377563476562,108237762.0
2022-12-16,23.653151648578138,24.09788437318514,23.653151648578138,23.76845359802246,28071006.0
2022-12-19,23.91669645415531,26.041526794433594,23.900224523638872,26.041526794433594,105931351.0
2022-12-20,25.926225885821857,25.942697816995334,24.377900485060817,24.872047424316406,93938263.0
2022-12-21,24.90498859846395,26.173298966622873,24.377899391358813,24.542613983154297,72977341.0
2022-12-22,24.756744842790944,25.119119465075876,24.06493945972415,24.509672164916992,49195238.0
2022-12-23,24.57555784402324,24.88851666802948,24.22965515914806,24.542613983154297,28566793.0
2022-12-26,24.822631226988467,25.514436616522236,24.822631226988467,24.888517379760742,31575093.0
2022-12-27,24.92146178420149,25.580323326270005,24.47672906516787,24.83910369873047,40356590.0
2022-12-28,24.789690566881937,25.300307891746908,23.702568189195336,24.097885131835938,55218693.0
2022-12-29,24.09788295844563,25.38266369157804,24.09788295844563,24.954402923583984,44544125.0
2022-12-30,25.201479436322323,25.465024064695122,24.67438860872683,24.740276336669922,35161085.0
2023-01-02,25.020288890685098,25.514435806208418,24.82263043864572,25.21794891357422,34373499.0
2023-01-03,25.399137418184658,25.44855164233992,24.427315441648627,24.5590877532959,33494882.0
2023-01-04,24.641444551359385,25.06970532722808,24.443786094231474,24.70733070373535,39106174.0
2023-01-05,24.789689221783522,24.987347682378797,23.62020881845746,23.817867279052734,43368818.0
2023-01-06,22.500143865010394,24.031998981752796,21.38007762301811,23.241363525390625,92632410.0
2023-01-09,23.504907477019376,23.71903628906484,21.693035973044392,22.00599479675293,53096255.0
2023-01-10,22.005994368700563,22.450727056259005,20.91887211580177,21.23183250427246,56119179.0
2023-01-11,21.248303344895877,21.627149891493115,19.667034149169922,19.667034149169922,53273576.0
2023-01-12,20.17765229190648,20.474140746622723,18.662269300234097,20.194124221801758,83416807.0
2023-01-13,19.96352256444633,20.55649792229532,19.634091810085778,19.89763641357422,53392828.0
2023-01-16,20.095296784889076,20.93534646685372,20.095296784889076,20.754159927368164,56436509.0
2023-01-17,20.82004628930912,21.396549777442452,20.4082574102782,20.918874740600586,97895535.0
2023-01-18,21.001228867810923,21.660090321598478,20.65532621186005,20.951814651489258,58008314.0
2023-01-19,20.869458694543503,21.4953779245745,20.78710061175131,21.116531372070312,46557752.0
2023-01-20,21.18241772428018,22.33542775256579,21.067117349791538,22.154239654541016,65375710.0
2023-01-23,22.648386597940316,24.04846930688018,22.07188158347101,22.368370056152344,73835800.0
2023-01-24,22.368369807621708,22.944874815685576,21.511849831730846,21.775394439697266,82963487.0
2023-01-25,21.989522058860278,22.05540820255969,20.24353689455151,21.00122833251953,85486406.0
2023-01-26,21.067116015259423,21.198888312284762,20.177652224913547,20.210596084594727,64263205.0
2023-01-27,19.848222788534457,20.144709690928018,18.991701230653565,19.61762046813965,66014374.0
2023-01-30,19.76586416114956,20.144709136897045,19.436433405967016,19.667034149169922,52673936.0
2023-01-31,19.535262862815046,20.358840579017446,19.40349055389065,19.798809051513672,64470844.0
2023-02-01,19.930582489079637,20.111769031398573,18.415199279785156,18.415199279785156,62440361.0
2023-02-02,18.448139144751494,18.975229911755623,17.295130742738845,18.019878387451172,85320501.0
2023-02-03,18.069293241392508,19.63409038952676,18.052821312153814,19.419960021972656,92333656.0
2023-02-06,18.85992913593485,19.518792242640536,18.464612214421322,18.56344223022461,15873001.0
2023-02-07,18.77757239272917,18.826988189586032,16.949230321973147,17.344547271728516,31696148.0
2023-02-08,16.199771881103516,16.199771881103516,16.199771881103516,16.199771881103516,10.0
2023-02-15,18.530497401278648,19.074058532714844,18.299895090334612,19.074058532714844,16410375.0
2023-02-16,20.836515636663005,20.836515636663005,18.876401359034286,18.92581558227539,55610527.0
2023-02-17,18.612855305553236,19.38701874060798,18.563441086121998,18.678741455078125,32797153.0
2023-02-20,18.77757126650024,19.17288976339537,18.579912803477583,18.72815704345703,27650860.0
2023-02-21,18.579911445365934,19.02464413279623,18.546969156028347,18.678741455078125,44632791.0
2023-02-22,18.678742684005854,19.123473829846564,18.612856530146125,18.76110076904297,46286447.0
2023-02-23,18.810515129095595,19.321132432524994,18.563442443029732,18.72815704345703,56279883.0
2023-02-24,18.744628889725334,18.84345733536344,18.26695388020829,18.316368103027344,27666140.0
2023-02-27,18.448141746447007,19.73292262868771,18.08576708756119,19.43643569946289,84469630.0
2023-02-28,19.568206634406156,19.83175125102849,19.10700355531707,19.172889709472656,61318882.0
2023-03-01,19.27171776091368,19.60114852495028,19.172889317127595,19.40349006652832,39292939.0
2023-03-02,19.337602641716774,19.930579548827136,19.337602641716774,19.551733016967773,52487396.0
2023-03-03,19.41996147549545,19.94705068378752,19.205831091914362,19.667034149169922,74343721.0
2023-03-06,19.81527849987219,21.34713348416759,19.76586427901259,21.16594696044922,90048224.0
2023-03-07,21.429491703622162,22.15423937399415,21.100060944362166,21.13300323486328,62803615.0
2023-03-08,21.083590701375954,23.241363525390625,20.968288748267994,23.241363525390625,75123624.0
2023-03-09,23.224890969401574,24.114354791969948,22.68132983176811,23.09311866760254,91118821.0
2023-03-10,23.027233188274042,24.16377136553043,22.829574716327258,23.439022064208984,81762370.0
2023-03-13,23.389606695329,23.68609517417769,22.104825905067713,22.12129783630371,70236539.0
2023-03-14,22.121297889633272,22.796631363439083,21.643622878586495,21.676565170288086,65238931.0
2023-03-15,21.824808660978526,21.94010903425139,21.264775583625,21.775394439697266,60849061.0
2023-03-16,21.940110952206375,22.318957537413347,21.5777378699996,21.989526748657227,43327097.0
2023-03-17,22.22012623930801,22.43425663241492,21.05064582824707,21.05064582824707,54255387.0
2023-03-20,21.133003317354103,21.67656446496728,20.86945870891738,21.33066177368164,48547813.0
2023-03-21,21.281247994065186,21.396548369937197,20.572970666051855,20.65532875061035,55985073.0
2023-03-22,20.83651531908765,21.561264579543632,20.572970704685403,21.511850357055664,52001732.0
2023-03-23,21.39655007630481,22.549558639526367,21.36360778236416,22.549558639526367,41960946.0
2023-03-24,22.56602843223791,22.664858446388784,21.923638838231476,22.170711517333984,39444131.0
2023-03-27,22.450728676288623,22.66485907047015,22.055411750499566,22.104825973510742,31383114.0
2023-03-28,21.907166797562972,22.401313724140287,21.49537795389017,21.54479217529297,44035139.0
2023-03-29,21.413018259558985,22.598970479926308,21.413018259558985,22.58249855041504,51027307.0
2023-03-30,22.582501160433747,23.65315156881444,22.500143074208346,23.356664657592773,60095499.0
2023-03-31,23.10958839714772,23.471963002640436,22.763685721643242,22.944873809814453,45438999.0
2023-04-03,22.78015915353587,23.307248381113045,22.33542801048008,23.17547607421875,47928441.0
2023-04-04,23.191949906632686,23.620210724574044,22.763689088691333,23.38960838317871,46629713.0
2023-04-05,23.422550236543835,23.488436389734332,22.681330620438292,22.763687133789062,33138822.0
2023-04-06,22.730745308914642,23.07664801297301,22.434256828050373,22.51661491394043,23456497.0
2023-04-07,22.483669685058874,22.829572368098997,22.417783534520265,22.467199325561523,20987722.0
2023-04-10,22.56602928524842,23.02723237007011,22.549557353792327,22.91193199157715,24030305.0
2023-04-11,22.994288383533288,23.801394115207195,22.829572222810164,23.73550796508789,37563747.0
2023-04-12,23.850808713441484,25.514435993907014,23.669622190451577,24.954402923583984,68738643.0
2023-04-13,24.970875355085674,25.349721910019714,24.262598037719727,24.262598037719727,56972900.0
2023-04-14,24.927099435071266,24.962556733236912,24.182477575038483,24.23566436767578,40608550.0
2023-04-17,24.25339179224221,24.66115998562328,23.987454470196827,24.147016525268555,30534562.0
2023-04-18,24.18247624579534,24.99801434810922,24.18247624579534,24.678890228271484,40191613.0
2023-04-19,24.802992925088077,26.948212573159378,24.359765739046715,26.15040397644043,71794368.0
2023-04-20,25.370323580667065,25.742634465608592,24.856180138678997,24.94482421875,32940630.0
2023-04-24,25.0866592273225,25.40578335725148,24.838453073624507,24.98028564453125,30544795.0
2023-04-25,24.998013807857,25.122116878099554,23.845622117113543,24.005184173583984,30435913.0
2023-04-26,23.898810119153044,24.62570415673545,23.774707042609087,24.02291488647461,46997959.0
2023-04-27,24.022913978041547,24.980284638494464,24.022913978041547,24.820722579956055,63612940.0
2023-04-28,24.82072252848397,25.104387658285095,23.75697660095221,24.271120071411133,60221766.0
2023-05-02,24.359767378666938,24.99801565162368,24.271121597336542,24.466142654418945,40643478.0
2023-05-03,24.572513678309146,24.82072150200913,23.668331537155407,24.25339126586914,52300708.0
2023-05-04,24.111560794928327,24.802994157408644,23.3314799619023,23.56195831298828,32232569.0
2023-05-05,23.49103998670391,23.703788825199627,22.604585647583008,22.604585647583008,32074841.0
2023-05-08,22.781878384297322,24.802993301196132,22.35637899425449,24.678890228271484,53078829.0
2023-05-09,24.554787352459815,26.114945595623272,24.4129547848995,25.175304412841797,88085322.0
2023-05-10,25.122116405168303,25.937654474504185,25.068929617605253,25.157573699951172,50460988.0
2023-05-11,25.157574479257402,27.657377243041992,25.104387690046785,27.657377243041992,81536450.0
2023-05-12,28.79203966905058,29.83805617382094,28.277896163916736,29.34164047241211,87083754.0
2023-05-15,26.41634178161621,27.19642263996097,26.41634178161621,26.41634178161621,65651722.0
2023-05-16,24.82072176364751,25.015741111681983,23.881080627441406,23.881080627441406,138841033.0
2023-05-17,24.076100614521643,24.519327800636958,23.15418894660611,23.313749313354492,86174975.0
2023-05-18,23.331479313215823,23.579687151510008,22.161359786987305,22.161359786987305,67096707.0
2023-05-22,22.445025889038664,22.46275538341895,21.097614750134497,21.36355209350586,57783050.0
2023-05-23,21.38128089904785,22.001797965367945,21.221718836321156,21.38128089904785,44569655.0
2023-05-24,21.43446781355311,21.71813295302742,20.884865337738436,20.920324325561523,37987867.0
2023-05-25,21.06215436783221,21.540838810558395,20.849405538756418,21.3458194732666,46477428.0
2023-05-26,21.416736357073994,22.072712354691,21.274903800333966,21.789047241210938,51477884.0
2023-05-29,22.14362886753936,22.83506385705168,21.416736583855293,22.28546142578125,81992183.0
2023-05-30,23.225105276858102,24.501598358154297,23.136459501295928,24.501598358154297,121250450.0
2023-05-31,24.395224296673728,24.696618913146015,23.739248275756836,23.739248275756836,135999773.0
2023-06-01,24.022913295307763,24.53705675222088,23.89880853620632,24.05837059020996,114460106.0
2023-06-02,25.707177327654144,25.955385165704524,25.05120128149697,25.40578269958496,190288607.0
2023-06-05,26.008572096589873,26.239050442289766,25.38805334349188,26.132675170898438,141182798.0
2023-06-06,25.973114299764326,26.185864852299108,25.4944297835052,25.742637634277344,65898531.0
2023-06-07,26.079487068458295,27.107773980135576,25.52988462701406,26.57590103149414,152475656.0
2023-06-08,26.416341640433117,27.675107013090287,26.380884342031134,26.87729835510254,100519094.0
2023-06-09,27.231878297570077,27.462356642248054,26.36315339970679,26.593631744384766,63472537.0
2023-06-12,26.770922988912215,26.930483357277225,25.778093338012695,25.778093338012695,49670971.0
2023-06-13,25.884469361155713,26.345424367812655,25.281680093860942,25.52988624572754,62962789.0
2023-06-14,25.583074605504724,26.912756209686425,25.441242036320883,25.990842819213867,109792126.0
2023-06-15,26.41634053629239,27.26733764247994,26.327696448603717,27.178691864013672,66227025.0
2023-06-16,27.373709775193433,27.568730815652753,26.646817473642344,26.664546966552734,64139443.0
2023-06-19,26.664548528363863,26.965943162383994,25.937656184236822,26.07948875427246,60099531.0
2023-06-20,26.079488607053687,27.444627508634884,26.026301816284963,27.178691864013672,79537582.0
2023-06-21,27.480086298336317,27.728294138097993,26.416340345960656,26.68227767944336,69852342.0
2023-06-22,26.753192008563758,27.355981224809383,25.49442678957362,26.91275405883789,157209979.0
2023-06-23,27.46235660991539,28.437458468327886,27.426899313502293,28.011959075927734,94832554.0
2023-06-26,29.430285499215152,29.518929582806706,28.774307783350547,28.80976676940918,56752947.0
2023-06-27,28.685663644712125,28.774307728133575,28.384269026902164,28.40199851989746,22347087.0
2023-07-03,28.66793573007049,29.3593690871797,28.632476742127658,29.004789352416992,72292774.0
2023-07-04,29.18207537244948,30.919528456142302,29.146619768682044,30.015344619750977,105395036.0
2023-07-05,30.050805356873635,30.121719950097404,28.987059406075822,29.784866333007812,58050514.0
2023-07-06,29.83805617382094,30.17490980626105,29.30618486496208,29.34164047241211,66856076.0
2023-07-07,29.32391197729524,29.78486527069722,29.07570245597682,29.2175350189209,38526019.0
2023-07-10,29.501201157638466,29.713951700136214,29.235265515682645,29.377098083496094,40977795.0
2023-07-11,30.139446642740353,31.380484033592776,29.465742852727935,31.096818923950195,97853783.0
2023-07-12,31.07909143648179,33.951201702250636,30.90179988613129,33.18885040283203,124421039.0
2023-07-13,33.330685037928724,35.54682110113024,33.20658195943828,35.014949798583984,114050514.0
2023-07-14,35.45817585734578,35.9014030555626,33.86255862007625,34.12849426269531,71069824.0
2023-07-17,34.341244805723655,34.90857507839236,33.383872434428845,34.12849426269531,64456150.0
2023-07-18,34.12849570425413,35.15678271228892,31.71733856201172,31.71733856201172,80163183.0
2023-07-19,31.84143935434533,33.18885040283203,31.309568084848895,33.18885040283203,71219591.0
2023-07-20,33.41933244225454,34.48307842676539,32.65698109699585,33.50797653198242,102766871.0
2023-07-21,33.24203645641844,33.82709616278921,32.56833267211914,32.56833267211914,36574412.0
2023-07-24,32.67470696015455,32.88745410448125,31.93008519190134,32.17829132080078,45560797.0
2023-07-25,32.35558191761158,34.34124103550801,32.33785242584275,33.66753387451172,104516848.0
2023-07-26,33.41933169587746,34.02212096091925,32.69243935536621,33.614349365234375,53926305.0
2023-07-27,34.03984820639556,35.369529724121094,33.80936818298569,35.369529724121094,74068316.0
2023-07-28,36.876498282457106,38.525303855266635,36.29143856773968,37.90478515625,93487058.0
2023-07-31,38.24164458923391,39.92590940378321,37.79841736241097,38.91535186767578,83996817.0
2023-08-01,38.48985058412721,39.394034528638386,37.49702254726518,37.86933517456055,45078409.0
2023-08-02,37.816142164824406,41.202397487041004,37.355185500340085,40.40459060668945,83307329.0
2023-08-03,40.440046210453666,42.3902464427935,40.227299061648566,40.40459060668945,92445474.0
2023-08-04,40.61734031895832,42.05339549946818,40.05001004426579,41.66335678100586,67966941.0
2023-08-07,41.840648020666286,42.30160471075512,40.98965261506619,41.48606491088867,41610773.0
2023-08-08,41.48606411310061,43.64901495435066,41.13148439169681,42.74483108520508,70174284.0
2023-08-09,42.744831492173276,46.98208236694336,42.63845453133976,46.98208236694336,85322476.0
2023-08-10,48.75498710422341,51.68028565416584,47.38098359850626,48.31175994873047,121377530.0
2023-08-11,48.533374734826985,50.705188527125664,47.33666273782308,49.19821548461914,94389497.0
2023-08-14,49.641445768254094,51.99055125098103,48.799313422660184,49.50847625732422,69768845.0
2023-08-15,49.64144265114724,51.14841569365377,47.159371194900864,49.19821548461914,95309445.0
2023-08-16,49.15389619193034,49.5971233832344,47.64692306518555,47.64692306518555,43511684.0
2023-08-17,47.6912466557763,49.15389778717058,47.646924611518486,48.04582977294922,44254030.0
2023-08-18,48.134470697041735,49.06524709148617,43.75538741008546,44.8989143371582,55714019.0
2023-08-21,42.939849773238144,45.65240144541283,42.37251950020806,44.09224319458008,96896952.0
2023-08-22,44.588656859408545,45.12053154284333,42.60300084294009,43.649017333984375,68226856.0
2023-08-23,43.71992784670749,45.43078499610978,43.329889153856776,43.87948989868164,67799060.0
2023-08-24,44.05678256691698,48.26744079589844,44.0035940877174,48.26744079589844,129979765.0
2023-08-25,49.1982176931037,49.64144487952806,46.40588506600822,47.11505126953125,108967638.0
2023-08-28,47.5139562594743,48.79931586372453,46.361566172805404,46.76047134399414,57217270.0
2023-08-29,46.89344048912905,48.09015261163518,45.253497772057166,45.563758850097656,57734404.0
2023-08-31,45.91833712789302,46.22859819604371,44.5000114440918,44.5000114440918,33697415.0
2023-09-01,44.76594851081266,45.475111375266955,44.45569081434993,45.07620620727539,30521405.0
2023-09-04,45.47511199309871,46.80479365009899,44.898918637331775,45.430789947509766,68729314.0
2023-09-05,45.342143910721234,46.36156444174539,44.765947198123314,46.00698471069336,74712807.0
2023-09-06,46.49452848389659,47.42530481803301,45.07619958190105,45.60807418823242,68120445.0
2023-09-07,45.82969559663413,46.71615004383574,45.51943451118036,46.45021438598633,47291670.0
2023-09-08,46.62750028102388,47.73556828562573,46.00698490369099,46.36156463623047,44993485.0
2023-09-11,46.93776201154163,47.07072814503124,43.96813768850042,44.544334411621094,51477027.0
2023-09-12,44.50001232206731,45.16485313350789,43.63128740090491,43.932682037353516,41004715.0
2023-09-13,43.897218580475666,45.47510619690287,43.17032630448865,43.578094482421875,55230507.0
2023-09-14,43.32989209829054,44.94323883872456,43.01076797265653,44.854591369628906,58503285.0
2023-09-15,44.677302683188465,45.696723204456795,44.056783932841796,44.32271957397461,42737220.0
2023-09-18,44.09224228727254,44.76594612724385,43.86176225512479,43.968135833740234,47391627.0
2023-09-19,44.021322077701264,44.72162181292006,43.453991845163735,44.36703872680664,43317515.0
2023-09-20,44.3670414318729,46.93776050904507,44.18088682201319,45.652400970458984,64818497.0
2023-09-21,45.652399649986855,47.42530837425819,44.677301204259635,46.09562683105469,104964637.0
2023-09-22,46.09562920541281,46.36156485144069,45.031883239746094,45.031883239746094,52605579.0
2023-09-25,45.16484887688755,46.27291679152387,45.031879374509224,45.696720123291016,56997929.0
2023-09-26,45.962653877565224,46.893433593256425,45.47510469126089,45.60807418823242,59341332.0
2023-09-27,45.741046089672174,45.96265969162127,44.89891710750975,45.031883239746094,42455913.0
2023-09-28,45.16485110284793,45.741044417923696,45.12052906038904,45.29781723022461,44031830.0
2023-09-29,45.563757903155754,48.40040930222497,45.563757903155754,47.203697204589844,75151115.0
2023-10-02,47.69124254483069,48.799310463537516,47.026401793606595,47.868534088134766,56418434.0
2023-10-03,48.04583050717253,48.13447459704278,46.45021321862102,47.24802017211914,32361981.0
2023-10-04,47.2036964747992,47.646923671745675,45.82969284057617,45.82969284057617,36116949.0
2023-10-05,46.184269926928074,46.937758147561965,44.632974826367374,46.71614456176758,50449835.0
2023-10-06,46.09563002758263,46.804792890157465,45.60808077090964,45.74104690551758,31455272.0
2023-10-09,44.54433285348322,45.253495685287355,43.87949206462526,44.14542770385742,38848549.0
2023-10-10,44.94323566974073,45.475106920591294,44.45568645953522,45.209171295166016,32884966.0
2023-10-11,45.25349530251854,46.18427172273585,44.54433247671274,45.12052917480469,32255893.0
2023-10-12,45.56375707466796,46.05130631367065,43.3830767016465,44.32271957397461,36017420.0
2023-10-13,43.87949056992678,44.2695292687441,42.9753067220932,43.08168029785156,24585838.0
2023-10-16,43.61355909203905,43.73766217249836,42.33706253518818,42.8512077331543,24391127.0
2023-10-17,42.86893144701394,43.914947814913,42.6029958273822,43.808570861816406,28793380.0
2023-10-18,42.54980671691042,43.34761694547442,41.893829042140595,42.000205993652344,25973892.0
2023-10-19,42.000208146597735,42.532079405201095,40.81235917959891,40.98965072631836,43956505.0
2023-10-20,40.510968922931,40.72371609663831,39.14582826234689,39.55359649658203,28937551.0
2023-10-23,39.943635350076796,40.812360231686164,39.4649491760609,40.77690124511719,29792228.0
2023-10-24,41.220130748171115,44.854592536785596,40.8300920186666,44.056785583496094,51172575.0
2023-10-25,44.16315813951647,44.500011759892985,40.26275740905056,40.333675384521484,35806691.0
2023-10-26,40.971924799341856,43.06395779328331,40.280488045114666,42.3193359375,65728529.0
2023-10-27,42.44343908571671,44.21634794698995,42.12431494963869,43.542640686035156,47721147.0
2023-10-30,43.453995027882335,44.5886555760638,42.44343755446382,42.939849853515625,34875994.0
2023-10-31,43.4362655801976,43.71993071754386,41.50379471855419,41.66335678100586,34643918.0
2023-11-01,41.929291628669525,42.28387473439923,39.9613651983795,41.361961364746094,36363723.0
2023-11-02,41.66335351650185,42.99303501170936,41.32649992421391,42.19522476196289,33106068.0
2023-11-03,42.24841677805074,42.727102967995556,41.48606544922496,42.709373474121094,32187897.0
2023-11-06,43.09941097671363,44.72162411405372,43.081681483340205,44.4556884765625,26710135.0
2023-11-07,44.500009580847625,44.67730112928826,43.63128471319905,44.1276969909668,20374873.0
2023-11-08,44.4113627663242,44.72162382602833,43.0462256009133,43.205787658691406,30469849.0
2023-11-09,42.76256364184202,43.560370608318486,42.4434395026293,42.8512077331543,26953547.0
2023-11-10,42.88666563166844,43.32989284006895,42.19522888710609,42.372520446777344,21864447.0
2023-11-13,41.89383117483109,42.088852214309085,40.4755055646866,40.70598220825195,28020376.0
2023-11-14,40.776905659086765,41.55698654027004,40.10320174912538,41.13148880004883,35135582.0
2023-11-15,41.397420306131814,41.53925287195679,40.75917206914187,40.954193115234375,30971304.0
2023-11-16,41.025108106760015,42.17750151955631,41.00737861316491,41.947021484375,26185565.0
2023-11-17,41.87610873317082,42.407980038194175,41.66335818222831,42.035667419433594,24538472.0
2023-11-20,42.35479039418706,43.45399534441109,42.337060900298184,43.11714172363281,23468846.0
2023-11-21,43.436262663993475,43.95040780438712,42.83347344221366,43.47172164916992,28706121.0
2023-11-22,43.45399615545452,44.14542952224996,43.06395742728496,43.8263053894043,32303880.0
2023-11-23,43.96813768850042,45.82969399135205,43.87949359950734,44.544334411621094,58179787.0
2023-11-24,44.54433239402417,46.09562755202501,43.755388540432556,45.785369873046875,38209670.0
2023-11-27,47.20369699556533,48.97660580291051,46.58317823668349,48.53337860107422,53303684.0
2023-11-28,48.04582433174567,49.37550579822449,47.77988871476087,48.31175994873047,47035851.0
2023-11-29,48.31176251530098,48.75498969434044,47.38098611562912,48.09014892578125,23926508.0
2023-11-30,47.86853501436916,49.10957245995628,47.513951920899984,47.91285705566406,24673499.0
2023-12-01,49.6857687528474,50.705192671812604,49.10957541819527,50.04035186767578,38562941.0
2023-12-04,50.17331316066025,51.325706481933594,48.93227914156146,51.325706481933594,43128827.0
2023-12-05,51.32570989265551,52.30080835685621,50.882482703190625,51.81325912475586,37760496.0
2023-12-06,51.81325985828735,55.04881635825441,51.680290346943366,53.18726348876953,51921537.0
2023-12-07,53.18726297019514,53.275907055856756,50.572221864516195,52.655391693115234,34012271.0
2023-12-08,52.83268366068864,53.76346353479158,50.61654754435849,51.14842224121094,33694534.0
2023-12-11,51.05977240508579,51.54732503336361,49.77441622233209,50.04035186767578,27831613.0
2023-12-12,49.907381077388756,53.142940927364336,49.774414948896336,52.655391693115234,47770958.0
2023-12-13,52.389450180711414,54.738555536097074,51.72460942521226,52.212162017822266,53663940.0
2023-12-14,53.320230246664956,55.84662377929688,52.43377590096183,55.40339660644531,51302169.0
2023-12-15,55.75798196682827,56.91036860528119,54.738558075154764,55.004493713378906,44635855.0
2023-12-18,54.51694539552515,55.669335434891885,54.29533179635634,55.0488166809082,27233832.0
2023-12-19,55.04881297523024,55.492040143731465,53.098616139068795,53.71913146972656,25799684.0
2023-12-20,53.719131996987386,55.66933223384525,53.320230246664956,55.40339660644531,31614066.0
2023-12-21,55.802304330625546,56.378497653166725,54.251009153579474,55.181785583496094,39549879.0
2023-12-22,55.2704321937375,55.44772375552204,53.231587687103456,53.45320129394531,30220754.0
2023-12-25,53.009975226306125,53.275910883954666,50.39493393272547,51.14842224121094,15474017.0
2023-12-26,51.59164579706554,51.76893735008018,48.48905545475212,49.8187370300293,33919418.0
2023-12-27,49.64144391115471,50.04034904746606,48.97660314448746,49.419830322265625,24508620.0
2023-12-28,50.08467452467211,50.705193292439276,49.19822010830623,49.90738296508789,20041745.0
2023-12-29,49.86305661403147,51.94622295995125,49.81873457335221,51.724609375,22696671.0
2024-01-02,52.56674419867386,53.320232452627785,51.63596777348852,52.16783905029297,16881291.0
2024-01-03,51.94622381201088,52.43377641214478,49.90737947332776,50.08467102050781,20141213.0
2024-01-04,49.99602990828097,51.192742005129446,48.75499238583757,51.05977249145508,31275024.0
2024-01-05,51.14841624782507,51.41435187431224,50.12899240114344,50.88248062133789,22935879.0
2024-01-08,51.680290649853454,55.62501339136915,51.680290649853454,55.0488166809082,62599601.0
2024-01-09,55.31475437168687,56.46714438327303,54.29533048746348,55.492042541503906,60396241.0
2024-01-10,55.40339990578056,57.13198327759678,55.27043039338462,56.555789947509766,41187587.0
2024-01-11,56.95469702347771,60.89941652452883,56.73308341638247,58.15140914916992,48524495.0
2024-01-12,57.974116461050556,61.34263896911769,57.30927569145848,60.10160827636719,66351606.0
2024-01-15,59.43677138475547,59.96864268250931,58.638961056569464,58.94921875,30258890.0
2024-01-16,58.86057245020171,59.702701409757324,56.20120929820263,56.51146697998047,41142548.0
2024-01-17,56.28985410889216,57.176308504307784,55.75798282426485,56.201210021972656,29536066.0
2024-01-18,57.57520867412804,57.885473114374115,55.6693338059764,55.802303314208984,28400991.0
2024-01-19,56.06823947247088,56.777405680924076,54.871527413427536,56.33417510986328,31685876.0
2024-01-22,56.02391731148401,56.06823935402994,54.64991370322987,55.314754486083984,27428721.0
2024-01-23,55.84662795957193,56.15688565116969,53.05429520897125,53.408878326416016,39476717.0
2024-01-24,53.763457103449625,56.422820124925025,53.45319605534453,55.226104736328125,46864332.0
2024-01-25,55.403398861492676,56.37849732883291,54.738558075154764,55.004493713378906,32847801.0
2024-01-26,55.137466608316785,56.201212608074904,54.56126987216084,55.97959899902344,33307202.0
2024-01-29,56.600111794665565,56.77740673161488,55.40339971347653,56.201210021972656,25433993.0
2024-01-30,56.821725274169424,57.08766429747965,55.270430085450464,56.37849807739258,49008987.0
2024-01-31,56.42282164962293,56.999018339134985,55.49204186171038,56.289852142333984,27691383.0
2024-02-01,56.24552873174505,58.37301712571266,56.24552873174505,57.397918701171875,30611971.0
2024-02-02,57.264951239467685,58.24004969878526,56.422822288945724,56.64443588256836,24516446.0
2024-02-05,57.796824171275716,58.90489217120899,56.95469519657056,57.57521057128906,25716069.0
2024-02-06,57.57520947225421,58.240050259523244,56.82172459930468,57.66386032104492,39001668.0
2024-02-07,57.79682051024065,58.1957290228147,56.73307800292969,56.73307800292969,33900071.0
2024-02-08,56.73308060223566,57.75250449692913,56.73308060223566,56.999019622802734,25022297.0
2024-02-09,57.08766223578514,57.84114709047196,55.979594283860386,57.131980895996094,29880133.0
2024-02-12,57.61953529397385,58.4616642584109,56.954694502120304,58.37302017211914,34156483.0
2024-02-13,58.5059886320254,59.08218532723556,57.30927658081055,57.30927658081055,39231796.0
2024-02-14,57.397923991818146,57.57521217149074,55.97959826510575,56.777408599853516,34286513.0
2024-02-15,56.95469702347771,58.638961790023686,56.95469702347771,58.15140914916992,36930585.0
2024-02-16,58.24004821141211,58.90488897530088,57.84114645832285,58.41734313964844,24075860.0
2024-02-19,58.860570741110564,60.54483537442728,58.77192665790654,59.126502990722656,44089893.0
2024-02-20,59.2151575550259,60.722127353443824,58.77193034806645,60.278900146484375,42317867.0
2024-02-21,60.54483979703954,61.69722648909027,59.879998979779714,60.63348388671875,32293760.0
2024-02-22,61.076710695698225,61.47561247818094,58.06276432469501,58.461666107177734,73537487.0
2024-02-23,58.550313779871026,59.12650370925436,57.97411708737758,58.816246032714844,43386925.0
2024-02-26,58.860570998430305,58.90488965867105,56.99901819056742,57.61953353881836,31945009.0
2024-02-27,57.75250319629224,58.062760871226395,56.289852142333984,56.289852142333984,23868328.0
2024-02-28,56.378499854938475,56.91037115521789,55.447723388671875,55.447723388671875,22093502.0
2024-02-29,55.66933277212826,56.42282100219459,55.27042763639373,55.93526840209961,26890578.0
2024-03-01,55.93526592228285,56.20120492201915,54.73855394968892,54.82719802856445,20175496.0
2024-03-04,55.04881763609882,55.66933640084955,53.09862063481826,53.408878326416016,20743774.0
2024-03-05,53.49752085475319,54.38397524095659,52.74403597910235,53.009971618652344,26402602.0
2024-03-06,52.74403513892223,53.49752000257052,51.94622485142575,52.30080795288086,26497367.0
2024-03-07,52.56674504652866,55.0488166809082,52.52242300300593,55.0488166809082,26192056.0
2024-03-08,55.13746214486493,56.60010981726814,54.51694341344158,56.289852142333984,37657003.0
2024-03-11,58.86057254480335,59.03786071664413,55.84662628173828,55.84662628173828,48191463.0
2024-03-12,55.979594393593,58.018435371265085,55.4477197466935,56.95469284057617,45364832.0
2024-03-13,56.99902094993096,57.57521090272486,54.51694591054803,56.068241119384766,42112367.0
2024-03-14,56.334179010342964,57.043341886342255,53.94075134498444,54.64991760253906,25463829.0
2024-03-15,54.51694436492809,55.492042830215325,53.67481202769541,53.98507308959961,19105710.0
2024-03-18,54.42829759001839,55.71365367213967,53.80777887842764,54.38397216796875,20322939.0
2024-03-19,54.38397599489213,56.821725590746475,53.985074220814646,56.555789947509766,33378342.0
2024-03-20,56.33417654098482,57.397922499133074,56.02391885307104,56.910369873046875,32009831.0
2024-03-21,57.309277922059884,60.72212598617929,57.08766432357018,60.23457336425781,70194062.0
2024-03-22,60.10160943570045,62.49503354715598,59.92431450252327,60.98806381225586,40240747.0
2024-03-25,61.07670261362424,63.82470959059749,60.58915004345223,61.12102127075195,49817005.0
2024-03-26,61.386962838405864,62.84961384710538,60.67779666354856,60.899410247802734,36699068.0
2024-03-27,61.076705173072,61.608576422660036,59.968637251801134,60.899410247802734,24146763.0
2024-03-28,61.2096708847358,64.17929137717253,61.2096708847358,63.3814811706543,43756272.0
2024-03-29,64.65038455489778,65.02114086272024,63.028331895814325,63.49177551269531,27774426.0
2024-04-01,64.41867016598633,67.57008853806465,62.61124268061232,64.69673919677734,27219775.0
2024-04-02,64.74307827846464,66.64320012456919,64.41866912882435,64.97480010986328,35198185.0
2024-04-03,64.88210886115827,65.76264893849567,63.86253427908638,64.5113525390625,20349141.0
2024-04-04,64.74307684239241,68.03352960390302,64.37232050606053,67.06029510498047,40655105.0
2024-04-05,69.19213832754497,70.58246927690654,67.19932921914229,68.86772918701172,32337253.0
2024-04-08,69.09944741592736,70.86052753619985,68.58965659905573,68.72869110107422,20752790.0
2024-04-15,68.68234645723965,70.16536470006753,68.26525000730295,69.14579010009766,23868610.0
2024-04-16,68.9140673245833,69.88730178974663,65.43824005126953,65.43824005126953,26419769.0
2024-04-17,65.66995999624771,69.51654348330848,65.66995999624771,68.40428161621094,33953332.0
2024-04-18,68.82138247103305,69.37751344031956,68.1725641854636,68.58966064453125,19527233.0
2024-04-19,68.17256559567657,73.03872405287528,67.89449656948672,72.94602966308594,30127936.0
2024-04-22,74.24367489016896,74.84615307849324,70.86053466796875,70.86053466796875,21434323.0
2024-04-24,71.46301153803972,74.15098620218681,71.46301153803972,73.87291717529297,20996211.0
2024-04-25,74.10464055021197,74.79980606033249,71.8801165750977,73.31678771972656,16495362.0
2024-04-26,73.68753873085562,76.09744424358472,73.50216410356444,74.93883514404297,24103533.0
2024-04-29,75.54131570985025,76.74627204060614,74.3827065731961,75.95841217041016,19436873.0
2024-04-30,76.05111045575421,78.46101616916954,75.8193886165491,76.42185974121094,27651579.0
2024-05-02,77.02433405491142,78.04390868170256,76.05110662226083,77.48777770996094,24252253.0
2024-05-03,78.04390921966515,79.1098310479443,77.39509092675907,78.73907470703125,17804107.0
2024-05-06,78.7390677247084,79.2488585322059,76.977987636819,78.1365966796875,16108282.0
2024-05-07,78.18294197803348,80.59284753253745,77.02433285840765,80.50016021728516,24629413.0
2024-05-08,80.59285093042025,81.93684180880366,78.87811077539646,79.71231079101562,13202458.0
2024-05-09,80.40747499866646,83.28082427594364,80.36112780403738,82.72469329833984,26190963.0
2024-05-10,82.86372529268212,83.37350906016617,80.17575073242188,80.17575073242188,15264443.0
2024-05-13,80.3147857166344,81.42704764463798,79.57327305023944,79.8976821899414,18024895.0
2024-05-14,81.65877347446254,84.48578269822626,81.33436431884766,83.41986083984375,26296830.0
2024-05-15,83.69792585295018,83.83695329040384,80.03671678224444,81.42704772949219,33720846.0
2024-05-16,81.79780346044579,82.77103794498466,81.61242883081403,82.3075942993164,37387709.0
2024-05-17,82.35393579078261,87.26644134521484,82.21490128045171,87.26644134521484,31398368.0
2024-05-20,87.3591295358184,90.2788259956304,87.2664422185332,88.84214782714844,22796917.0
2024-05-21,89.21290078985696,97.69392082471695,89.21290078985696,93.89368438720703,50085601.0
2024-05-22,93.80099094738453,94.54250360824156,91.76184173741093,93.3375473022461,26984626.0
2024-05-23,92.7814156465343,95.00594654083253,92.549693825703,92.68872833251953,22484991.0
2024-05-24,93.05949027486372,93.24486491407774,91.3910902355808,91.99356842041016,13146706.0
2024-05-27,92.22529041414536,93.15217775499104,90.8813065985548,91.3910903930664,16870183.0
2024-05-28,91.71549066757206,93.70829967175177,91.0203252292481,92.87409973144531,29928686.0
2024-05-29,93.05948513462798,94.54250338119165,91.76184151703896,92.41065979003906,20437927.0
2024-05-30,92.87410939351324,95.09864044189453,92.59604743220886,95.09864044189453,20663252.0
2024-05-31,95.46939501734025,102.32836267562232,95.37670769863152,99.91845703125,36751484.0
2024-06-03,99.45500865641114,101.49415785779524,96.95240874025195,100.65995788574219,23553566.0
2024-06-04,100.65995801749352,102.79180160757625,96.30359059447606,96.67434692382812,20963793.0
2024-06-05,97.04509515036996,98.62080776547515,95.5620769203094,96.95240783691406,15641930.0
2024-06-06,97.41585324801503,98.71349687477111,95.19132232666016,95.19132232666016,12058485.0
2024-06-07,95.74745777093374,96.39627603096825,91.90087418807256,92.64237976074219,11584441.0
2024-06-10,92.64238326399683,93.24486142629071,90.60323402255945,91.2520523071289,13330130.0
2024-06-11,91.0666766943311,95.84014767583263,91.0203295009656,95.19132232666016,16620547.0
2024-06-12,95.1913218535076,96.67434717476532,93.3375472735243,95.46939086914062,15913691.0
2024-06-13,96.39627815913228,98.4354273684784,94.72787820851177,95.46939086914062,14295018.0
2024-06-14,97.9719819550501,100.56726914881631,95.65476377189765,97.23047637939453,23642853.0
2024-06-20,98.99156287313933,102.69911193847656,97.60123197363788,102.69911193847656,21840551.0
2024-06-21,102.88448680722131,105.20170497855513,102.23566854788331,103.6259994506836,21941605.0
2024-06-24,103.81137354846756,106.03590439596672,103.44061722861959,105.7578353881836,15789670.0
2024-06-25,106.12859145657556,106.77740971108075,103.16255504799666,104.83094787597656,15014759.0
2024-06-26,104.83095330785882,105.75784061751555,103.34793502672584,104.73826599121094,13031571.0
2024-06-27,105.20170347974928,108.26043425096772,104.55288522965498,108.16773986816406,19261025.0
2024-06-28,109.00194778735498,110.11421681808059,102.69911823293278,104.18213653564453,23597131.0
2024-07-01,104.46019704496594,105.20170972186135,99.82576049334209,102.6064224243164,19521161.0
2024-07-02,102.79180405524959,105.10902232939142,102.23567308377334,104.73826599121094,20298380.0
2024-07-03,105.29439392214431,110.2068993501042,104.73826296672723,110.11421203613281,26580992.0
2024-07-04,112.15336570419184,112.15336570419184,108.81657276697997,110.29959106445312,22935842.0
2024-07-05,111.96799333028893,114.47058631584584,111.13379331124024,113.45101165771484,28390412.0
2024-07-08,114.09982424970761,116.3243551651924,113.54369328873362,114.74864959716797,19936773.0
2024-07-09,115.1193958432405,116.50972674507474,112.89487205757662,113.72906494140625,17512242.0
2024-07-10,114.00714063046642,115.58284624956895,110.94840963857438,114.28520965576172,22768112.0
2024-07-11,116.32436210998176,122.71987915039062,115.86091843623682,122.71987915039062,29619674.0
2024-07-12,122.81256103515625,126.7981790521024,120.40264851983707,122.81256103515625,30617785.0
2024-07-16,123.73945714071176,128.18851910249657,122.34912616160264,123.18331909179688,33738090.0
2024-07-17,123.4613792836877,123.73944828825178,120.68071752440115,122.81256103515625,20443752.0
2024-07-18,123.55407691357765,125.03708807160146,119.47576440686288,120.49534606933594,24035686.0
2024-07-19,120.40265627459623,122.16375065481054,119.56846335035333,121.60761260986328,19622234.0
2024-07-22,121.97837610375358,123.09063805122572,119.29039440891974,119.47576904296875,19517005.0
2024-07-23,119.56846162712431,119.84653064559039,115.58284341091795,116.32435607910156,22728202.0
2024-07-24,115.86091216990685,118.8269486928209,113.72906855734502,117.52931213378906,18497381.0
2024-07-25,116.32435538648078,117.90006095750275,113.63638081980608,115.675537109375,16138139.0
2024-07-26,115.86091173952269,117.43661731054466,114.09982446676418,115.675537109375,20303287.0
2024-07-29,114.47058215425331,117.99275674148129,114.1925131341499,116.97317504882812,14740586.0
2024-07-30,117.15855681867924,118.54888777680063,109.2800147226581,109.9288330078125,26532833.0
2024-07-31,111.2264750583513,116.50972979498745,110.76303141227484,114.74864959716797,34789954.0
2024-08-01,117.62199553387022,121.60760653689084,116.69510826736469,119.19770812988281,27123147.0
2024-08-02,117.62199998156414,118.45619996728084,114.37789442612393,115.11940002441406,20542978.0
2024-08-05,105.66515255957275,112.61680733322885,105.66515255957275,111.1337890625,25176221.0
2024-08-06,114.47058309125887,115.3974704037387,108.72388458251953,108.72388458251953,21696241.0
2024-08-07,109.74345949789807,110.8557214471366,106.31397218983278,107.51892852783203,21518186.0
2024-08-08,107.24085359598683,108.0750535477476,104.92363543642283,105.7578353881836,16215076.0
2024-08-09,106.40666377302628,107.61161300766626,101.9576019502002,102.51373291015625,18500270.0
2024-08-12,103.25524336960164,105.85052348459094,102.23566878615625,104.55288696289062,16003383.0
2024-08-13,104.1821324789151,107.8896816271214,101.86491426128616,107.70429992675781,21882995.0
2024-08-14,108.44581522983788,109.28001522284673,104.55289135791517,104.73826599121094,20553425.0
2024-08-15,105.20170984770122,106.31397179278581,103.53330985848534,105.66515350341797,22471648.0
2024-08-16,105.94322147280397,106.12859610461314,101.03071594238281,101.03071594238281,24182456.0
2024-08-19,101.67953531225918,103.71869164190326,100.4745860494408,103.53330993652344,22851257.0
2024-08-20,102.97717848762268,105.20170944077627,102.6064221501656,103.8113784790039,22826510.0
2024-08-21,103.81138019206932,105.47978020236322,103.44062384849411,104.18213653564453,16190415.0
2024-08-22,104.83095350881003,106.684728131677,103.90406619737654,105.66515350341797,20486407.0
2024-08-23,105.66515245350129,105.66515245350129,100.38189765946179,101.03071594238281,17537919.0
2024-08-26,101.86491148774083,102.69911143769167,99.36231163788827,100.8453369140625,22279723.0
2024-08-27,101.03071655545915,103.8113784790039,100.1038292476109,103.8113784790039,16851863.0
2024-08-28,104.27481746260942,104.55288647114517,99.6403811309379,102.69911193847656,17848878.0
2024-08-29,102.3283597303508,105.5724652929062,101.03071609101086,104.08944702148438,18181481.0
2024-09-02,104.36751172506625,107.70430469175894,104.1821370880902,106.96279907226562,38248910.0
2024-09-03,106.96279764049842,107.61161593281885,105.20171032644281,105.3870849609375,24545695.0
2024-09-04,103.71868623640272,106.03590439596672,103.53330454068443,105.7578353881836,26146097.0
2024-09-05,106.40666993805371,106.87011361013306,103.99675718596973,105.20171356201172,21147590.0
2024-09-06,105.29439125286079,106.12859120063327,103.81137305214783,103.90406036376953,18338807.0
2024-09-09,102.60642131229461,102.97717764672416,99.73307209574624,100.10382843017578,15466863.0
2024-09-10,100.28920109842718,100.93802643887531,96.8597209831613,98.80618286132812,18310553.0
2024-09-11,98.80618112534543,100.84533735316971,97.23047560203503,98.4354248046875,19480406.0
2024-09-12,99.5476983455485,101.77222930022899,96.85972373662578,101.67953491210938,24794121.0
2024-09-13,101.4941600077861,104.4601965583735,99.82576002833761,102.88449096679688,22791953.0
2024-09-16,102.60642044484646,105.01633306247032,102.14297679862477,103.44062042236328,19562271.0
2024-09-17,103.90406599820209,105.66515330086767,103.53330966002159,104.73826599121094,16038598.0
2024-09-18,104.55288836326301,106.9627938850271,104.27481934969498,105.85052490234375,16303380.0
2024-09-19,107.6116197449205,108.26044513181435,106.40667043484211,107.98237609863281,28534740.0
2024-09-20,108.07505691662925,110.4849624633789,106.87010767904884,110.4849624633789,17782648.0
2024-09-23,112.15336437008182,113.82176435463597,111.04110242810502,111.78260803222656,14698554.0
2024-09-24,112.15335967048766,117.99275230014852,111.3191597131663,116.78779602050781,22669955.0
2024-09-25,117.06587067345552,119.01232554838894,116.13898335876969,117.62200164794922,22143556.0
2024-09-26,118.64157339557472,121.32954088554715,114.56326789578408,114.74864959716797,27893268.0
2024-09-27,115.11939537216725,115.30477706793974,112.61680258774176,114.00713348388672,16707451.0
2024-09-30,113.543698977256,113.72907361633828,111.13379331124024,113.45101165771484,16982180.0
2024-10-01,113.6363773828107,116.04628285978607,107.98236647524847,112.80217742919922,26168522.0
2024-10-02,112.24605062145352,113.17293792150117,107.1481704711914,107.1481704711914,19594781.0
2024-10-03,107.88968404785399,109.3727023260934,103.25524750861274,103.8113784790039,29665974.0
2024-10-04,104.64558289836522,107.42624493957109,100.01114616302212,107.05548858642578,35609531.0
2024-10-07,107.0554800102494,108.53849823243728,104.36750550476523,105.47977447509766,19446617.0
2024-10-08,105.57246591116618,108.90925880930365,105.01633494007477,106.87010955810547,21883348.0
2024-10-09,106.8701057784542,111.31916046142578,104.73826221447975,111.31916046142578,19839504.0
2024-10-10,111.5972327744773,112.43143276208532,108.81657086350988,109.00194549560547,14267747.0
2024-10-11,109.28001811975236,113.45101112377657,108.81657445263855,110.67034912109375,20886270.0
2024-10-14,110.76303814409117,112.6168128410634,107.98237609863281,107.98237609863281,18500808.0
2024-10-15,108.26044529455991,109.83615096071934,106.31397620254157,108.90926361083984,25578863.0
2024-10-16,108.3531265258789,108.90925749023467,106.22128291232812,108.3531265258789,18343947.0
2024-10-17,108.1677421523462,109.0946294272475,106.40666198730469,106.40666198730469,23107211.0
2024-10-18,106.68472522599345,107.98236884097528,101.95760148074919,102.79180145263672,19395477.0
2024-10-21,102.97717610167358,103.90406338804614,100.10382692823642,100.65995788574219,18360168.0
2024-10-22,100.93802970550686,105.57246626616752,100.01114239337474,103.53330993652344,25039094.0
2024-10-23,103.53330482090652,104.46019208724083,100.5672683972722,102.69911193847656,23212666.0
2024-10-24,103.53330945801385,105.38708407371034,103.1625601921457,103.8113784790039,17119472.0
2024-10-25,103.34793137743645,104.64557497945295,101.49415682358108,103.06986236572266,26839120.0
2024-10-28,103.06986539091344,103.44062172688427,101.95760345458984,101.95760345458984,6099673.0
2024-10-30,102.1429816442456,102.97718166133652,100.56727600097656,100.56727600097656,33054876.0
2024-10-31,101.4941569115926,102.23566956241324,98.71349507839827,99.0842514038086,22425586.0
2024-11-01,99.54769528167884,100.84533888793612,97.69392072176522,97.8792953491211,28870744.0
2024-11-04,97.50854349006384,98.15736885871205,92.54969772942879,93.15217590332031,27013085.0
2024-11-05,93.70830436994183,94.35712972119369,90.60323333740234,90.60323333740234,23740641.0
2024-11-06,90.97399182736183,95.56208123045894,90.09344463084354,94.35713195800781,36053938.0
2024-11-07,94.54250087788806,98.06467530785659,94.2644318702,97.50853729248047,23181477.0
2024-11-08,97.6012317378419,102.05028636254487,96.76703178583865,101.77222442626953,34562726.0
2024-11-11,101.95759953868779,105.01633035348388,101.86491222615217,103.6259994506836,31830568.0
2024-11-12,103.16255581641683,104.46019233509284,102.32835586041892,103.6259994506836,20791928.0
2024-11-13,103.06986984181103,108.2604446263711,101.21609515349364,105.20171356201172,40566482.0
2024-11-14,105.85052372695311,106.5920363738414,104.73826182820937,105.47977447509766,24458225.0
2024-11-15,105.94322232240027,108.07505889165738,104.36750965303045,104.73826599121094,23978790.0
2024-11-18,105.29439277758124,106.31396736336112,104.1821308788375,105.47977447509766,22230744.0
2024-11-19,106.03590468296233,106.12859199527803,101.12339934275505,102.69911193847656,23474103.0
2024-11-20,103.25524688203747,105.01633417058027,100.56727229127097,101.03071594238281,22411981.0
2024-11-21,101.95760491016404,106.87011052083483,101.77223027532662,106.31397247314453,35417062.0
2024-11-22,106.40667090668717,111.50455134596663,105.66515819597444,110.7630386352539,41346699.0
2024-11-25,111.68992175399713,112.70949638888594,109.28001614291749,111.50454711914062,29353283.0
2024-11-26,111.59723120332353,112.98756213923308,110.02151856633942,111.6899185180664,23223176.0
2024-11-27,113.08024770058876,113.63637865201162,111.22647314812009,111.31916046142578,25266359.0
2024-11-28,111.22647679008656,113.26562603593591,110.94840776947576,112.98756408691406,20471950.0
2024-11-29,113.17293676871881,113.82176211509656,110.76303122746005,111.6899185180664,22682853.0
2024-12-02,110.76303075921695,112.24604900359999,109.46538714353598,111.96798706054688,18506289.0
2024-12-03,112.8948725348481,116.60242162208004,110.85571629391733,115.58283996582031,26521223.0
2024-12-04,116.046286148911,116.97317344106392,113.54369328873362,114.74864959716797,17422711.0
2024-12-05,115.3047866821289,116.04629231228027,113.54369931918694,115.3047866821289,16285925.0
2024-12-06,119.56845737921411,120.77341365430676,119.10501374596134,119.19770812988281,21869803.0
2024-12-09,120.49534653172348,122.34912109375,118.36350295675749,122.34912109375,20600251.0
2024-12-10,122.34912537185163,122.9052634171767,118.82695075220818,119.47576904296875,15079399.0
2024-12-11,119.5684578305199,119.75383245588525,113.63637788817637,116.78779602050781,25740589.0
2024-12-12,117.6219992324808,118.45619921288484,115.67553732593063,116.60242462158203,18260905.0
2024-12-13,115.39746873052728,118.4561996459961,114.56326874707317,118.4561996459961,17103441.0
2024-12-16,118.4561996459961,120.21727985690171,117.3439306441943,118.4561996459961,21133440.0
2024-12-17,118.73426227011429,121.88567325986665,117.52930601761709,120.95878601074219,22313133.0
2024-12-18,120.40266011510029,121.88568552014529,119.0123291015625,119.0123291015625,19049800.0
2024-12-19,117.06586525798404,119.383083437504,115.58283996582031,115.58283996582031,12666348.0
2024-12-20,115.95360516287724,117.06587421712281,115.02671782013387,116.23167419433594,14921005.0
2024-12-23,116.97317982557709,118.36351083969214,114.0998304773905,116.23167419433594,12832565.0
2024-12-24,116.50973092177938,117.52931261027928,115.58284362066232,117.2512435913086,11003306.0
2024-12-25,121.42224107535426,123.55408477783203,120.77342276847277,123.55408477783203,18580720.0
2024-12-26,124.85171368612663,125.87129535057088,120.95878994191877,121.42223358154297,31981591.0
2024-12-27,121.514927731809,122.90525864799363,120.30997144248015,120.49534606933594,17708483.0
2024-12-30,120.68072426839908,121.14416792084545,116.97317504882812,116.97317504882812,16032503.0
2024-12-31,116.78780501402085,117.71469235540197,114.74865569161807,115.3047866821289,21528476.0
2025-01-02,116.32435623727275,119.93921105271369,115.76822527117329,119.38308715820312,27479779.0
2025-01-03,120.12459934918635,121.60761053848854,118.82694864747198,119.6611557006836,21918936.0
2025-01-06,120.03189849853516,121.88567299272103,119.75382949577188,120.03189849853516,20229737.0
2025-01-07,120.0319017124927,120.68071997419501,117.71468353271484,117.71468353271484,15541996.0
2025-01-08,117.52930961000237,119.66115317678567,117.34392791155801,118.3635025024414,16949245.0
2025-01-09,118.91964392279337,121.70030583458194,117.52931296689908,121.23686218261719,20934343.0
2025-01-10,121.42223568764963,121.79298494850876,117.34393017389935,118.73426818847656,20235584.0
2025-01-13,118.64158021167438,119.10502388437624,116.88049284108949,118.08544921875,21165843.0
2025-01-14,118.73427239576095,121.70030901726712,116.32435968524943,117.99275970458984,38032879.0
2025-01-15,118.08544720583568,120.4953528484876,117.62200354103379,118.91964721679688,21465033.0
2025-01-16,120.49534930223957,121.05148734090565,118.27081836234198,120.30997467041016,20940322.0
2025-01-17,120.30997528583255,123.46138647258658,120.0319062650771,123.09063720703125,31204630.0
2025-01-20,124.20289611816406,125.12978340262796,121.42223426477233,124.20289611816406,23761998.0
2025-01-21,123.83215008615399,125.77860494830601,123.73945569802287,124.01752471923828,31503969.0
2025-01-22,124.7590381902711,127.7250747680664,124.4809691672826,127.7250747680664,29388980.0
2025-01-23,128.6519617599763,129.02271102757928,123.27601252066508,123.73945617675781,41589873.0
2025-01-24,123.8321536299227,124.29559729748502,121.88568456888963,122.627197265625,21664345.0
2025-01-27,120.30997548484059,124.48096837353799,120.03190646362518,124.01752471923828,23864013.0
2025-01-28,124.66634388603407,125.87130022434881,123.18331852454237,125.59323120117188,22749413.0
2025-01-29,125.7786128336053,127.07626363290342,124.29560153278018,124.94441986083984,26820125.0
2025-01-30,124.94440710860967,125.59322537044883,121.9783706665039,121.9783706665039,21118865.0
2025-01-31,122.25643292826177,123.0906400095211,117.6220033590043,117.99275970458984,31997623.0
2025-02-03,115.95359407873069,116.78779402177537,111.31915780802531,115.49015045166016,46311577.0
2025-02-04,116.0462875366211,118.17813116270148,114.47058194975398,116.0462875366211,37754999.0
2025-02-05,116.23166680788171,117.34392871985446,113.63637958449357,115.0267105102539,26622636.0
2025-02-06,116.04628214946324,118.8269439300886,115.39746389595275,118.27081298828125,23480562.0
2025-02-07,117.99275185479016,119.75383200387977,116.41703925877756,119.19770812988281,25154138.0
2025-02-10,119.38308194348456,119.75383119029706,118.085438364875,118.27081298828125,15000686.0
2025-02-11,117.80737039949774,120.2172758830236,117.71468308697533,120.12459564208984,13622848.0
2025-02-12,120.12459288051525,120.95878574562809,119.29038587222541,120.03189849853516,18183167.0
2025-02-13,121.14416875328718,121.60761240891809,119.93921242001117,120.68072509765625,22249410.0
2025-02-14,120.86609508574925,121.32953872356758,119.5684585571289,119.5684585571289,18484502.0
2025-02-17,119.66115270336013,120.30997096637657,118.64157104492188,118.64157104492188,12362334.0
2025-02-18,118.64157854804019,121.23686590741423,118.36350951968257,120.77342224121094,18219750.0
2025-02-19,120.8661021230578,121.42224017809134,118.8269528265652,118.91964721679688,21982830.0
2025-02-20,119.47576781924437,122.7198733829977,119.47576781924437,121.23686218261719,34256634.0
2025-02-21,121.42223286628723,121.70030187705925,116.88048381040608,118.64157104492188,25644853.0
2025-02-24,119.84653398110285,120.12460300730801,115.67554101755991,116.13898468017578,21661219.0
2025-02-25,116.04628337586912,118.17812692551387,115.21209049013643,116.78779602050781,33619334.0
2025-02-26,116.97317780244032,119.29039611922074,115.58284681237205,117.06587219238281,34830052.0
2025-02-27,116.97317525451258,119.93921180674923,116.78780062184366,117.90006256103516,36854595.0
2025-02-28,117.71468446850862,119.75383365428824,116.78779718922902,119.29039001464844,35393733.0
2025-03-03,120.68072597551922,130.69111183860085,120.58804572962563,127.44700622558594,59472540.0
2025-03-04,127.16894157895149,129.48615995372532,126.6128176549129,127.63238525390625,25423693.0
2025-03-05,129.3934756393501,131.15455589157705,125.40785733132378,129.30078125,34592664.0
2025-03-06,130.6911115466926,131.6179988626266,125.68592569792027,128.65196228027344,35424872.0
2025-03-07,128.65195699677983,131.89606246931947,128.28119359972595,131.52529907226562,32809447.0
2025-03-10,131.80337320824862,132.17413661971628,129.5788493121547,129.85691833496094,20267904.0
2025-03-11,130.69111448134976,131.2472525406694,126.6128158569336,126.6128158569336,20707229.0
2025-03-12,127.5397017319664,134.02791301483606,127.35431295219901,133.00833129882812,40107544.0
2025-03-13,133.47177219669751,133.93521585015827,131.80337221560322,132.91563415527344,18352229.0
2025-03-14,133.19370317598546,133.93521585015827,131.98874684835192,132.91563415527344,26481922.0
2025-03-17,133.10102059140894,134.95479517266435,131.61799526913356,132.17413330078125,25601379.0
2025-03-18,131.8960612706758,132.26681052118292,128.93002483708688,129.022705078125,24877956.0
2025-03-19,120.68072691654017,122.53450156700369,116.13898468017578,116.13898468017578,41355038.0
2025-03-20,115.21209284794206,117.90006032869184,106.40666360270141,108.63118743896484,72268532.0
2025-03-21,106.87010484616911,108.16774136430624,97.78660678967736,99.36231231689453,50753195.0
2025-03-24,104.18213015029372,106.59203562844519,98.80618117691928,102.69911193847656,60517866.0
2025-03-25,105.75783967495698,111.04110153586709,103.81137775634333,110.20690155029297,41084746.0
2025-03-26,108.44581324803431,111.22647512618904,107.70430058522419,110.4849624633789,30997065.0
2025-03-27,112.61680476118849,114.65595395292019,110.94840482497982,114.09982299804688,30066070.0
2025-03-28,114.76234106829003,114.85845546399132,110.91770657577149,113.41671752929688,22993684.0
2025-04-02,112.07109457508768,113.51283251730509,111.4944008648124,112.55167388916016,21654816.0
2025-04-03,112.74390889410942,114.47399000774072,109.18761760548264,109.57208251953125,27160147.0
2025-04-04,109.28373011702372,109.57208063085451,105.72744622275435,106.49637603759766,24727434.0
2025-04-07,101.5944611560237,106.8808334596269,100.72942428188061,105.53521728515625,37663409.0
2025-04-08,107.45753915436083,107.55365355198987,104.18959830356428,106.1119155883789,21124367.0
2025-04-09,104.57406590586913,105.53522457289714,101.40223937145329,101.69058990478516,23433627.0
2025-04-10,106.49638068472295,106.78472387807783,101.21000814290664,101.40223693847656,22865912.0
2025-04-11,101.21000835541635,104.09348429337057,98.61487561142245,103.32455444335938,26511673.0
2025-04-14,104.67018039305309,104.86240919339517,102.26728372348373,102.65174865722656,15233768.0
2025-04-15,102.94009075017857,103.80513500852803,101.59446716308594,101.59446716308594,21146732.0
2025-04-16,100.92165761649326,102.07504505602978,99.19156912412997,101.40223693847656,25833772.0
2025-04-17,101.59446706722397,104.7662935671596,100.5371940115983,100.63330841064453,46870537.0
2025-04-18,100.92165977621532,101.11388857589894,97.46149005049968,98.80711364746094,18397523.0
2025-04-21,98.51875751310429,102.17116316388658,97.36537011446686,98.13429260253906,41453396.0
2025-04-22,99.19156722624983,99.3838033512001,97.26924997509724,97.36537170410156,20321338.0
2025-04-24,97.55760364281375,100.63330841064453,96.11586565794458,100.63330841064453,31760788.0
2025-04-25,100.82554361652603,101.4022373385697,98.51876139529284,98.61487579345703,19810812.0
2025-04-28,99.09545283030387,99.9604970599342,96.98090678725937,97.36537170410156,23302360.0
2025-04-29,97.26925080843952,99.19156807606132,96.8847932213619,98.42264556884766,22921683.0
2025-04-30,98.42264770918308,98.90322703653939,96.5964447986174,98.71099090576172,30560002.0
2025-05-02,99.76826852300064,100.72942715103318,98.90322429115967,99.28768920898438,19416308.0
2025-05-05,100.24884831767675,100.34496271432916,97.269250690043,97.46148681640625,16315327.0
2025-05-06,97.36537384683214,99.76827046365369,96.980908921529,97.65371704101562,29214566.0
2025-05-07,97.65371930656438,97.84595544020506,95.39499790096191,96.0197525024414,28530661.0
2025-05-08,96.30808949174816,97.07701931059997,95.63528140004651,96.21197509765625,13097428.0
2025-05-09,96.8847913826212,98.13429318302649,94.91441328748057,97.26924896240234,37668552.0
2025-05-12,100.15272717458268,102.74785989774863,99.57603345823196,102.26728057861328,31755667.0
2025-05-13,101.88281806056473,106.01580323586771,101.78670366108159,105.43910217285156,38110249.0
2025-05-14,104.76629371060511,109.95655192985231,104.18959998247956,109.1876220703125,29769443.0
2025-05-15,108.99538900209338,110.05266201774829,105.150754521124,105.82356262207031,20365830.0
2025-05-16,105.8235646887217,109.57208484748416,104.76629165241907,108.89927673339844,21126020.0
2025-05-20,108.89927487390925,109.95654789215861,107.74588012695312,107.74588012695312,25323301.0
2025-05-21,107.2653014045793,109.28373305651155,106.68860769446415,106.8808364868164,17443385.0
2025-05-22,107.74588256672875,109.95655038199214,106.68860952453872,108.03423309326172,27685500.0
2025-05-23,107.84199221398616,109.37985184367277,106.111911130176,106.49637603759766,19884382.0
2025-05-26,107.64976357748988,107.93811409172429,104.95851655482936,107.45753479003906,14368128.0
2025-05-27,107.45753915436083,108.61092659202622,105.53522186954622,106.1119155883789,11916667.0
2025-05-28,106.11191398434899,106.8808364868164,104.86240483488417,106.8808364868164,12023594.0
2025-05-29,107.6497692978263,108.22646302388151,105.05464386404856,105.34298706054688,20461088.0
2025-05-30,105.24686688723949,105.63133179453511,100.92165317954472,101.78669738769531,36474547.0
2025-06-02,101.88281887294171,104.0934867439743,101.21001073813632,103.61290740966797,27796939.0
2025-06-03,105.24686873586555,112.16720785650735,105.15075434061796,109.57208251953125,45759895.0
2025-06-04,109.28373735611325,111.39829082047387,109.18762295615565,111.2060546875,24212522.0
2025-06-05,110.34101332135712,111.59051513671875,110.05266280001148,111.59051513671875,9135713.0
2025-06-10,113.416720388499,118.2225136252998,112.07109681558306,117.5497055053711,54836417.0
2025-06-11,117.16523873794955,118.7030910829387,116.10796570908568,116.39630889892578,27218956.0
2025-06-12,115.05068438546634,116.780772842279,114.08952576125006,114.37787628173828,22832828.0
2025-06-13,109.09150498794465,112.64778900146484,107.64976703656211,112.64778900146484,30121587.0
2025-06-16,113.12837005032405,115.14680907960394,111.68663207687187,112.84002685546875,33027966.0
2025-06-17,112.8400241572665,113.32060347025906,110.5332419882905,110.62935638427734,25375456.0
2025-06-18,110.53324503669572,112.1672118127104,109.47597198556512,110.05266571044922,22352540.0
2025-06-19,111.39828761115604,112.2633318519704,107.84199625070997,107.93811798095703,28405204.0
2025-06-20,109.37985627681041,111.87886727674815,109.28373454626558,110.82159423828125,23057586.0
2025-06-23,109.18761915166864,111.97498065166953,109.09150475506001,110.72547149658203,19266609.0
2025-06-24,115.33903503417969,117.45358107658298,114.76234132562047,115.33903503417969,37509186.0
2025-06-25,115.72350444829524,116.1079693799624,114.0895303219745,114.95457458496094,21682175.0
2025-06-26,114.76233975780971,116.8768857713254,114.1856460571289,114.1856460571289,24519554.0
2025-06-27,114.28176099506041,118.41473864713738,113.41671677339743,118.03028106689453,34525322.0
2025-06-30,119.66424357096354,129.75640869140625,119.37589306287053,129.75640869140625,48827913.0
2025-07-01,129.75641554644412,132.9282419708028,129.66029381662966,131.58261108398438,34197090.0
2025-07-02,131.67873304807782,134.75443774809423,130.23699509499667,133.5049285888672,35755748.0
2025-07-03,136.4845239201763,138.31071943012634,129.85253531444533,130.33311462402344,40690850.0
2025-07-04,130.90979925111577,132.35153716063493,129.37195428063185,132.0631866455078,19260333.0
2025-07-07,130.33312032638756,132.73601697941007,129.37196166517856,131.10203552246094,20830134.0
2025-07-08,132.25543732286772,133.12047424937705,130.23699827285625,131.9670867919922,28593858.0
2025-07-09,131.9670818677227,134.7544360079042,130.81369445337575,134.17774963378906,41834293.0
2025-07-10,135.81171086600884,137.34955580089303,135.23500984910473,136.38839721679688,36354623.0
2025-07-11,137.44568766975001,138.79130392034963,135.61949209163376,136.6767578125,28267561.0
2025-07-14,136.196180494067,136.29230222743513,131.9670882159827,132.15931701660156,18850454.0
2025-07-16,131.870969059661,132.63989894328037,126.9690685505582,128.6991424560547,26471986.0
2025-07-17,129.9486431402572,136.10006713867188,128.89137745264298,136.10006713867188,29612578.0
2025-07-18,136.00394017061743,136.38839773928225,133.31269319161518,133.60104370117188,18006585.0
2025-07-21,134.27385242284646,137.83013628144468,134.17774536327778,137.4456787109375,22893100.0
2025-07-22,137.73403152298494,139.17576943564816,133.21658899653005,133.98550415039062,27906135.0
2025-07-23,134.65832663185265,136.29229332961572,132.1593083886034,134.85055541992188,22385180.0
2025-07-24,135.811724501495,139.65635922388063,133.9855142086913,134.27386474609375,48222349.0
2025-07-25,134.36998128754118,136.1000697789747,133.88940196581618,134.5622100830078,17875574.0
2025-07-28,135.52336201844867,135.8117125304346,131.6787276349466,131.87095642089844,13704507.0
2025-07-29,132.25542754472883,134.75443107328252,131.96707703517214,133.60104370117188,14950323.0
2025-07-30,133.6010544423759,136.96510977006162,133.02435337689712,136.86898803710938,27102191.0
2025-07-31,137.83013483604128,138.9835368676997,136.29228990402348,137.25344848632812,22137226.0
2025-08-01,136.96511101476923,140.04081583766688,136.77288221323516,139.8485870361328,21665337.0
2025-08-04,141.1941987390336,148.4990102896305,140.90586287913177,145.9038848876953,30886805.0
2025-08-05,145.4233067865763,146.76892303113203,143.78934001358226,144.17379760742188,15862512.0
2025-08-06,144.84660285332535,145.90388321456442,141.57866937223216,143.78933715820312,23020977.0
2025-08-07,144.65437962223598,146.76892575990232,142.6359405517578,142.6359405517578,23214381.0
2025-08-08,142.73205540367363,143.30875644346847,140.8097381591797,140.8097381591797,13529901.0
2025-08-11,142.25147609255012,142.92428419489968,140.52138763928227,140.8097381591797,13738516.0
2025-08-12,140.90585845152845,142.251474642511,140.3291574176122,140.6175079345703,13728642.0
2025-08-13,140.80973558096008,143.40486088028692,140.7136138540487,142.34759521484375,17286394.0
2025-08-14,141.86702706603262,143.0204145490659,138.69520048810293,138.98355102539062,17258277.0
2025-08-15,138.98354501725507,139.3680026062739,137.06122773992718,137.3495635986328,18308930.0
2025-08-18,137.15732787602502,137.25344960148288,134.56220261594083,135.5233612060547,18320601.0
2025-08-19,136.29229133329974,137.4456787109375,136.10006254804614,137.4456787109375,17535801.0
2025-08-20,137.06122061670746,141.00196203075492,136.86897716607223,140.2330322265625,19939336.0
2025-08-21,141.1941931563728,142.92428157796283,140.329156278636,142.34759521484375,22326411.0
2025-08-22,142.53982800386154,143.98156595130564,140.3291602178906,143.78933715820312,30751460.0
2025-08-25,145.13494930187696,146.09610790652513,142.34759521484375,142.34759521484375,21000295.0
2025-08-26,142.15534947105837,144.17378837475135,141.38643433261927,143.02040100097656,15691651.0
2025-08-27,143.50099000121622,143.50099000121622,139.36800485504992,139.46412658691406,20049509.0
2025-08-28,139.464124259577,141.67477739438988,139.464124259577,140.13693237304688,14669824.0
2025-08-29,140.42527740616947,140.9058567064423,137.73403039141832,138.50296020507812,20065557.0
2025-09-01,138.5029670330377,142.1553581622748,138.5029670330377,140.32916259765625,24578592.0
2025-09-02,140.90586808457996,144.07767998961117,130.71758022964585,135.138916015625,57824215.0
2025-09-03,135.52336653127247,135.7155953236254,127.54574698663379,128.60302734375,36483093.0
2025-09-04,129.3719618426335,133.98551168987115,129.1797183772342,133.02435302734375,33173392.0
2025-09-05,133.9855151480821,137.44569228893593,131.39038962550055,133.40882873535156,40502344.0
2025-09-08,131.2942824264156,133.79328621134178,129.75642266175515,131.48651123046875,20653021.0
2025-09-09,132.25542839345653,133.98550212966688,129.66028845690855,132.7360076904297,34325956.0
2025-09-10,133.98550075655652,136.38839721679688,132.44765582167233,136.38839721679688,26878973.0
2025-09-11,136.3884039429834,141.5786693527375,132.3515406239192,132.44766235351562,58441974.0
2025-09-12,132.63988393139897,133.4088137279926,130.14086575899867,132.54376220703125,23415882.0
2025-09-15,131.87095869483417,140.8097367238369,129.4680621637107,140.6175079345703,78430234.0
2025-09-16,140.90586266424228,144.07767444726088,139.75246056192609,143.9815673828125,40932468.0
2025-09-17,143.78933601690963,144.36602239163986,142.347598080909,142.7320556640625,29191880.0
2025-09-18,143.3087570897531,143.40486415274123,136.77287549577534,138.0223846435547,21493157.0
2025-09-19,138.40684550517312,142.53983063056492,137.8301444491214,142.25148010253906,31856056.0
2025-09-22,146.3844625303791,147.537849955111,143.78933715820312,143.78933715820312,32400250.0
2025-09-23,141.9631255726527,143.59709229724922,139.65635074570667,140.8097381591797,21892736.0
2025-09-24,141.2903212455854,142.3476016247543,137.25345785750636,140.32916259765625,28763507.0
2025-09-25,141.09808814258463,141.57866745188082,136.38840211181198,136.96510314941406,25962589.0
2025-09-26,136.38840418850563,138.59907197815178,134.08162933520688,134.36997985839844,30753258.0
2025-09-29,132.83211850189232,134.9466645350746,132.15931040035025,132.25543212890625,25384193.0
2025-09-30,132.9282419085575,134.56220865182053,132.15931206875229,134.36997985839844,28646594.0
2025-10-01,133.88940258975435,141.38644297682515,132.9282439418252,140.32916259765625,36857066.0
2025-10-02,139.84857872796653,141.098087862883,134.56220633618773,135.04278564453125,27256027.0
2025-10-03,136.00395300472775,136.19618180719996,130.04477213138367,130.42922973632812,36730967.0
2025-10-06,131.29427577813394,131.4865045724533,127.35351949706113,127.83409881591797,22693319.0
2025-10-07,127.93021694144588,129.2758331298828,126.87293660330506,129.2758331298828,26862988.0
2025-10-08,129.08360670500034,130.62145171050412,125.71955150618263,125.81565856933594,36518898.0
2025-10-09,127.44964087621237,128.02632725758193,123.5088846059946,124.95062255859375,30130619.0
2025-10-10,125.04674530029297,126.20013273848092,123.70111440064288,125.04674530029297,18298861.0
2025-10-13,122.54772315859108,124.37391865686074,120.91375644969985,121.77879333496094,22533076.0
2025-10-14,122.06714939771835,122.6438431251116,114.76234507360047,114.85845947265625,34958433.0
2025-10-15,115.53126224769802,116.68465698211789,112.9361369281053,114.1856460571289,60986453.0
2025-10-16,113.32060718228819,117.16524181216694,113.03225665182383,115.81961822509766,47402415.0
2025-10-17,114.76234179278154,115.62738602567089,110.91770727599193,113.51283264160156,41818981.0
2025-10-20,113.99341334603629,119.85647958901274,113.03225470512021,119.37590026855469,46436345.0
2025-10-21,119.56813449804156,122.4516103750053,118.60697587238698,121.00987243652344,37392880.0
2025-10-22,121.58656686449808,122.7399542888826,120.43317944011355,121.10598754882812,30928020.0
2025-10-23,121.4904539018093,124.08558663688991,120.43318086146913,121.2982177734375,60700239.0
2025-10-24,122.93218833853454,132.44766009468518,121.77879360057364,126.48847961425781,109283397.0
2025-10-27,125.91177961902075,126.29623720179245,123.22053254126872,123.79723358154297,31453242.0
2025-10-28,123.60500610009694,124.47004300355911,123.02830505371094,123.02830505371094,11348291.0
2025-10-30,125.33508014617344,126.20013171740307,123.22053408225139,124.95062255859375,37491614.0
2025-10-31,125.5273288015849,129.37196350097656,124.18169785712733,129.37196350097656,57293889.0
2025-11-03,130.1408700130042,133.50492515021304,128.89137555207697,129.2758331298828,47979367.0
2025-11-04,129.2758383209601,131.77485667539577,128.12245087511175,128.98748779296875,41812400.0
2025-11-05,128.9874788918636,131.1981465657552,127.16128345080133,129.75640869140625,37789382.0
2025-11-06,130.71757993382198,132.15931794779797,129.5641924558647,131.29428100585938,33142722.0
2025-11-07,131.48650854022839,131.6787373403485,126.3923646734002,128.31468200683594,31292097.0
2025-11-10,128.8913798716641,129.46806625769958,124.56616597887158,125.04674530029297,26435072.0
2025-11-11,125.04674156091332,126.96905878911419,119.37589693805081,122.73995208740234,48006535.0
2025-11-12,124.27781534302694,125.81566037054691,122.83607738003619,124.08558654785156,24759552.0
2025-11-13,124.7583898824458,125.81565554844734,123.41275903555784,124.47003936767578,19006448.0
2025-11-14,123.98946523493872,125.33508147181682,122.93219219179512,124.18169403076172,15585454.0
2025-11-17,125.04674404994512,125.52732336656118,122.25937521390188,123.02830505371094,39451141.0
2025-11-18,122.5477272670906,125.14285267599381,122.25937674029755,124.18169403076172,28529518.0
2025-11-19,124.95062009828685,128.98748335285435,124.08558321020689,127.44963836669922,38940935.0
2025-11-20,128.21856044250714,130.23699951171875,127.44964524101452,130.23699951171875,25542755.0
2025-11-21,129.3719522384459,129.3719522384459,126.87293403494745,128.0263214111328,23633060.0
2025-11-24,126.87294139066631,130.71757597826226,126.87294139066631,129.8525390625,30879139.0
2025-11-25,130.429230809,132.92824926004383,129.85254439684056,131.48651123046875,37260250.0
2025-11-26,131.87095988079886,133.12046902144368,130.62145074015405,132.25543212890625,27146020.0
2025-11-27,133.5049358044145,134.85056676635438,133.02435646074687,133.40882873535156,23562610.0
2025-11-28,133.0243492711735,134.1777513665319,132.63989168346527,133.5049285888672,24680403.0
2025-12-01,133.3126924324326,138.02237828539506,131.96707628365252,137.25344848632812,37313017.0
2025-12-02,137.15733570615683,138.40684487786092,135.52336894290548,136.48452758789062,29243646.0
2025-12-03,136.96510547449398,137.73403531564435,134.3699800934638,136.29229736328125,78011613.0
2025-12-04,136.6767508891924,137.9262600106656,131.67872906941594,132.0631866455078,38761297.0
2025-12-05,131.96708853902007,136.1961808274566,131.29428040214844,136.0039520263672,35039193.0
2025-12-08,137.63790863128568,138.69518895807414,134.85055455683087,135.71559143066406,44164705.0
2025-12-09,136.10007469378417,137.15734044008872,134.36998613987416,135.138916015625,27576202.0
2025-12-10,135.42725222958592,136.0039533043908,132.92824845970583,134.27386474609375,32190834.0
2025-12-11,134.65832546376356,135.52336233562957,133.216587566576,133.79327392578125,37533238.0
2025-12-12,134.5622129331502,135.5233715969584,133.12047493743788,134.94667053222656,24568466.0
2025-12-15,135.23501356116148,136.77287320437435,134.8505559834165,135.90782165527344,25705814.0
2025-12-16,136.19618210728655,136.19618210728655,132.83212672519915,134.27386474609375,26938807.0
2025-12-17,133.88940338578476,135.61949189556677,133.02435179783518,134.7544403076172,24075692.0
2025-12-18,135.33113755590304,138.0223846435547,135.33113755590304,138.0223846435547,32703341.0
2025-12-19,138.02238728631366,138.40684487786092,135.90782653445274,136.48452758789062,26550372.0
2025-12-22,136.86898539196247,139.1757749431789,136.58064953091284,138.40684509277344,27091973.0
2025-12-23,138.02238204909654,139.36799823456994,136.29229362054755,136.7728729248047,24444989.0
2025-12-24,137.061222270769,138.1184879314411,135.52336264382518,135.71559143066406,20399604.0
2025-12-25,136.1000688725778,136.77287698528866,135.0427885053772,135.42724609375,6825656.0
2025-12-26,135.42724206305385,135.90782136727495,132.35153744926225,133.98550415039062,20179957.0
2025-12-29,133.6971685840651,137.06122372074134,133.12046755133116,135.90782165527344,21197041.0
2025-12-30,135.90782653445274,136.96510691038318,134.75443909369395,136.48452758789062,17852530.0
2025-12-31,137.25346139358936,138.98354993765778,136.96511085855838,137.92626953125,22541241.0
2026-01-02,138.69518652744583,143.88543701171875,138.50295774397574,143.88543701171875,31195721.0
2026-01-05,144.75049318565235,145.0388290370603,141.86701734264028,142.53982543945312,35743232.0
2026-01-06,142.9242832920092,144.65437173434765,141.4825453677466,144.46214294433594,48341609.0
2026-01-07,144.8466067819079,145.23107904465755,140.23304229173272,140.52139282226562,35181691.0
2026-01-08,140.71361875625666,141.77089912464996,139.464124259577,140.13693237304688,26152338.0
2026-01-09,140.80974570992066,141.67478264988276,138.88742836234496,139.8485870361328,26627584.0
2026-01-12,140.32915973331495,142.2514769899357,139.75245868988202,139.9447021484375,31004444.0
2026-01-13,140.32916793521926,142.9242934501128,139.5602380544055,141.963134765625,31414142.0
2026-01-14,142.44370197580363,142.73205248981444,139.8485766819394,140.42527770996094,27692031.0
2026-01-15,140.52138737582996,140.71361616669563,136.003944792962,138.88742065429688,32432112.0
2026-01-16,139.27187305000675,140.52138214328096,135.5233604363002,139.17576599121094,51765041.0
2026-01-19,139.94470152090796,143.50098549648618,139.7524580632145,142.7320556640625,44295929.0
2026-01-20,142.92427894483433,143.11650772899918,140.52138247748297,141.09808349609375,42094371.0
2026-01-21,141.5786648404951,145.13494873046875,141.0980855400631,145.13494873046875,44963828.0
2026-01-22,146.09611084806397,146.96114774321768,138.7912994392141,142.7320556640625,76033395.0
2026-01-23,143.40487025797216,146.4805750607529,142.63594039074766,145.42330932617188,43464250.0
2026-01-26,143.59708767832697,145.711648312147,141.2903129255803,144.94271850585938,55578675.0
2026-01-27,145.03882638154056,145.61552740603076,140.61750563620873,141.29031372070312,34994940.0
2026-01-28,141.77089588582243,145.90388086859855,140.80973726964737,144.46214294433594,56346313.0
2026-01-29,145.61552669383448,155.61157018458852,145.1349473978152,151.57470703125,71274345.0
2026-01-30,151.4786126945705,155.70770498829955,149.26794481398227,155.03489685058594,45605950.0
2026-02-02,148.97958543749263,156.47662557337685,147.0572682060411,153.88150024414062,56743312.0
2026-02-03,154.65041508192874,159.6484516061927,151.47860338952898,158.59117126464844,47580142.0
2026-02-04,159.55233433969576,163.1086183766945,155.13099872648633,155.3232421875,43574743.0
2026-02-05,153.4970286340758,153.97760794392957,147.63396985352958,148.30677795410156,33494227.0
2026-02-06,148.30677421787823,149.17181108737591,145.03882619353038,148.787353515625,34775469.0
2026-02-09,150.03686579202218,152.8242199113806,149.46016475609864,151.09413146972656,29956375.0
2026-02-10,151.19025292076162,152.824219631396,147.92230483337633,149.17181396484375,35024817.0
2026-02-11,147.3456207571482,150.42132543668777,146.67281265007963,148.49900817871094,32117888.0
2026-02-12,149.1718232317028,157.14944315699387,149.07571616399898,156.95721435546875,60442399.0
2026-02-13,157.2455530472762,158.206711648626,153.977605003017,154.55430603027344,27886795.0
2026-02-16,155.51547618696958,157.05332126372676,152.0552990985604,155.03489685058594,39036225.0
2026-02-17,154.2659668186,156.18828416213395,152.9203505445732,153.11257934570312,33805876.0
2026-02-18,153.78538622920385,158.11060021690022,152.82422756527134,154.84266662597656,41855195.0
2026-02-19,155.6115737456478,155.89992426308132,148.11454828907634,149.17181396484375,30009984.0
2026-02-20,149.46016106198852,151.57470703125,147.8261943887463,151.57470703125,22921972.0
2026-02-23,153.68926608699212,154.55431769315476,151.67084167151424,152.24752807617188,33077680.0
2026-02-24,152.43977262413708,155.32324866621192,151.09414167149828,153.3048095703125,33867997.0
2026-02-25,153.8815082895179,155.22712455544013,151.67084042454513,153.9776153564453,34267899.0
2026-02-26,154.26595637419877,158.11059080097007,152.63198967604427,157.5338897705078,27157685.0
2026-02-27,158.11059228688734,158.30282107680918,151.7669395566507,153.88150024414062,47545032.0
2026-03-02,146.09610909230858,148.59512735112364,140.52138620687876,140.6175079345703,46915066.0
2026-03-03,140.13692988864926,142.4437047128269,131.1981517792568,132.25543212890625,35428017.0
2026-03-04,132.63989743804282,135.13891586491673,131.00593062021798,133.2165985107422,32739963.0
2026-03-05,134.8505620394284,137.44568747104287,134.27386098079538,134.7544403076172,20921427.0
2026-03-06,133.40882604928666,135.23502165200773,128.69913977649873,130.23699951171875,22912198.0
2026-03-09,126.39236759603438,130.8137034316203,124.47005021814792,130.6214599609375,27708713.0
2026-03-10,136.5806502285354,136.96510782264335,133.5049308112034,135.61949157714844,28058059.0
2026-03-11,134.94667002340722,135.715599884778,131.39038591394933,133.889404296875,18675064.0
2026-03-12,132.54376220703125,135.23500916205094,130.52533799035348,132.54376220703125,26859548.0
2026-03-13,130.71757326430418,131.58261016210653,126.96906048567156,127.6418685913086,25704709.0
2026-03-16,128.5069004453069,130.333110564492,126.77681205149015,128.89137268066406,29162251.0
2026-03-17,129.0836048910196,134.8505565793798,129.0836048910196,133.12046813964844,26088953.0
2026-03-18,134.17775057477633,135.33113799721195,130.5253448486328,130.5253448486328,27635597.0
2026-03-19,129.2758380079138,131.00592650555538,128.89138041560102,129.8525390625,12854219.0
2026-03-23,124.9506179923047,129.6602892655681,121.29821237930638,129.08360290527344,49759731.0
2026-03-24,127.16129035246917,128.60302830506834,124.66227203485055,124.95062255859375,20463377.0
2026-03-25,126.87294272547729,127.64187258430968,124.9506254114549,125.3350830078125,30542335.0
2026-03-26,124.75839090173407,126.29623588287785,121.77879333496094,121.77879333496094,29076227.0
2026-03-27,122.35550060254897,123.22053753187892,120.72152647735751,121.5865707397461,20849960.0
2026-03-30,121.39434184953087,122.3555005107843,119.85648212507849,120.62541198730469,17284132.0
2026-03-31,121.10599140875895,123.31665926452325,120.91376260958756,121.5865707397461,29341179.0
2026-04-01,126.39235893054372,127.25739582483841,123.31665427002,123.79723358154297,29567474.0
2026-04-02,120.91376167724732,126.20013427734375,120.91376167724732,126.20013427734375,25472278.0
2026-04-03,126.10401164042096,127.93022187065465,124.75839540013683,127.06517028808594,22370413.0
2026-04-06,127.64186755716283,131.00592272420943,127.06516651922247,130.33311462402344,28633428.0
2026-04-07,130.39999389648438,131.0,126.80000305175781,127.0999984741211,22680912.0
2026-04-08,135.3000030517578,139.8000030517578,134.3000030517578,137.5,52048781.0
2026-04-09,136.60000610351562,137.6999969482422,135.1999969482422,136.6999969482422,27312678.0
2026-04-10,137.6999969482422,140.6999969482422,137.3000030517578,140.39999389648438,34997831.0
2026-04-13,136.6999969482422,139.10000610351562,135.89999389648438,138.6999969482422,37010851.0
2026-04-14,140.8000030517578,144.1999969482422,138.0,140.0,42446024.0
2026-04-15,140.6999969482422,140.6999969482422,138.6999969482422,138.8000030517578,20067355.0
2026-04-16,139.8000030517578,140.5,136.60000610351562,137.0,24457061.0
2026-04-17,137.10000610351562,147.10000610351562,136.39999389648438,146.39999389648438,49171307.0
2026-04-20,144.0,147.6999969482422,142.8000030517578,144.0,38048647.0
2026-04-21,144.89999389648438,145.8000030517578,141.8000030517578,141.8000030517578,20234879.0
2026-04-22,143.10000610351562,144.0,139.3000030517578,139.39999389648438,22544707.0
2026-04-24,138.8000030517578,139.89999389648438,136.39999389648438,138.0,22759476.0
2026-04-27,138.10000610351562,139.39999389648438,136.1999969482422,136.6999969482422,23883931.0
2026-04-28,136.5,137.10000610351562,134.3000030517578,134.60000610351562,18070338.0
2026-04-29,135.8000030517578,136.39999389648438,132.3000030517578,132.6999969482422,24681843.0
2026-04-30,132.0,134.8000030517578,131.0,133.8000030517578,27400523.0
2026-05-04,134.1999969482422,134.89999389648438,128.89999389648438,129.60000610351562,30032824.0
2026-05-05,129.60000610351562,130.8000030517578,128.3000030517578,129.39999389648438,23142970.0
2026-05-06,131.8000030517578,137.5,130.89999389648438,136.60000610351562,74603470.0
2026-05-07,138.0,139.0,136.60000610351562,137.60000610351562,47414602.0
2026-05-08,136.6999969482422,138.1999969482422,134.8000030517578,137.3000030517578,34280123.0
2026-05-11,136.60000610351562,138.60000610351562,136.10000610351562,138.1999969482422,38541286.0
2026-05-12,137.6999969482422,138.3000030517578,133.3000030517578,133.39999389648438,28038200.0
2026-05-13,134.1999969482422,134.60000610351562,130.6999969482422,131.5,28761121.0
2026-05-14,132.10000610351562,134.1999969482422,131.0,133.6999969482422,24762552.0
2026-05-15,131.5,131.6999969482422,129.0,129.8000030517578,26965070.0
2026-05-18,128.6999969482422,130.6999969482422,126.5999984741211,129.3000030517578,26936943.0
2026-05-20,128.8000030517578,131.10000610351562,127.5999984741211,129.8000030517578,24242460.0
2026-05-21,129.0,130.3000030517578,120.0,120.0,27281106.0
2026-05-22,120.5,123.5,116.9000015258789,122.30000305175781,59917827.0
2026-05-25,123.0,125.5999984741211,121.69999694824219,125.19999694824219,38385587.0
2026-05-26,125.0999984741211,125.9000015258789,122.9000015258789,122.9000015258789,10332222.0
2026-05-27,122.9000015258789,122.9000015258789,122.9000015258789,122.9000015258789,0.0
2026-05-28,122.9000015258789,122.9000015258789,122.9000015258789,122.9000015258789,0.0
2026-05-29,122.9000015258789,122.9000015258789,122.9000015258789,122.9000015258789,0.0
2026-06-01,123.69999694824219,126.5999984741211,122.0999984741211,123.0999984741211,29144689.0
2026-06-02,124.30000305175781,130.0,124.19999694824219,128.8000030517578,27336972.0
2026-06-03,128.8000030517578,129.39999389648438,125.80000305175781,125.9000015258789,28021323.0
2026-06-04,126.69999694824219,129.8000030517578,125.0999984741211,129.5,34663394.0
2026-06-05,130.0,130.3000030517578,124.9000015258789,125.0,27324337.0
2026-06-08,123.30000305175781,129.89999389648438,123.19999694824219,129.3000030517578,32688674.0
2026-06-09,129.3000030517578,131.6999969482422,129.10000610351562,130.39999389648438,29060981.0
2026-06-10,130.0,130.6999969482422,126.30000305175781,128.1999969482422,22178509.0
2026-06-11,128.8000030517578,130.60000610351562,126.0,129.0,30160639.0
2026-06-12,131.89999389648438,138.5,131.89999389648438,135.89999389648438,61924913.0
2026-06-15,144.0,144.39999389648438,140.39999389648438,141.0,42802777.0
2026-06-16,140.8000030517578,141.8000030517578,139.39999389648438,140.1999969482422,30872322.0
2026-06-17,141.10000610351562,141.89999389648438,139.60000610351562,141.0,25916912.0
2026-06-18,141.39999389648438,144.8000030517578,141.0,144.0,48151372.0
2026-06-19,141.6999969482422,144.5,141.39999389648438,143.6999969482422,37003568.0
2026-06-22,144.5,145.10000610351562,142.60000610351562,143.6999969482422,23789135.0
2026-06-23,142.39999389648438,143.39999389648438,139.5,140.6999969482422,23429822.0
2026-06-24,140.89999389648438,141.1999969482422,138.89999389648438,140.39999389648438,17364392.0
2026-06-25,142.0,144.10000610351562,137.39999389648438,137.60000610351562,30811428.0
2026-06-26,137.6999969482422,139.0,137.10000610351562,138.39999389648438,15148665.0
2026-06-29,138.39999389648438,138.60000610351562,136.1999969482422,137.3000030517578,19195726.0
2026-06-30,137.5,138.8000030517578,136.60000610351562,138.0,26154176.0
2026-07-01,138.0,139.6999969482422,136.3000030517578,138.5,34988961.0
2026-07-02,138.6999969482422,140.60000610351562,137.6999969482422,138.60000610351562,27151226.0
2026-07-03,139.60000610351562,139.89999389648438,133.5,133.5,34940065.0
2026-07-06,134.0,136.0,133.3000030517578,133.6999969482422,19909940.0
2026-07-07,133.3000030517578,136.5,133.1999969482422,134.39999389648438,26815700.0
2026-07-08,133.10000610351562,134.39999389648438,129.39999389648438,130.39999389648438,32437081.0
2026-07-09,131.3000030517578,131.6999969482422,129.0,130.10000610351562,18710694.0
2026-07-10,130.0,132.1999969482422,127.4000015258789,129.0,30166209.0
2026-07-13,127.0999984741211,128.5,125.5999984741211,126.69999694824219,24738215.0
2026-07-14,125.80000305175781,129.1999969482422,125.69999694824219,128.89999389648438,22620417.0
2026-07-16,129.1999969482422,129.39999389648438,126.5999984741211,128.6999969482422,33824026.0
2026-07-17,127.80000305175781,128.10000610351562,125.0,126.80000305175781,29350060.0
2026-07-20,126.5,126.9000015258789,124.0,124.30000305175781,32704287.0
2026-07-21,125.0,125.9000015258789,124.0,124.19999694824219,24797658.0
2026-07-22,124.4000015258789,127.0999984741211,124.0,125.9000015258789,29426985.0
2026-07-23,125.9000015258789,126.80000305175781,124.30000305175781,125.0,27462682.0
2026-07-24,125.0999984741211,126.69999694824219,124.9000015258789,126.0,20291814.0
2026-07-27,127.9000015258789,129.39999389648438,126.0,127.0999984741211,38634437.0
2026-07-28,127.19999694824219,129.39999389648438,126.5,127.4000015258789,26863675.0
2026-07-29,127.5,128.89999389648438,124.5999984741211,126.30000305175781,28841815.0
2026-07-30,126.0,126.80000305175781,123.0,123.0999984741211,35463365.0
2026-07-31,123.69999694824219,124.30000305175781,120.0,123.4000015258789,58603631.0
2026-08-03,125.0,128.39999389648438,124.5999984741211,127.9000015258789,43911194.0
2026-08-04,127.5,132.39999389648438,126.0999984741211,131.8000030517578,47866335.0
2026-08-05,131.6999969482422,131.6999969482422,128.0,129.6999969482422,32549040.0
2026-08-06,130.0,131.10000610351562,127.5999984741211,127.80000305175781,36864296.0
2026-08-07,127.9000015258789,129.0,126.4000015258789,127.0,29528278.0
2026-08-10,127.5,128.10000610351562,126.4000015258789,126.5999984741211,20052964.0
2026-08-11,126.5,127.19999694824219,123.5,126.5,31346281.0
2026-08-12,126.0999984741211,131.3000030517578,125.9000015258789,131.0,47788394.0
2026-08-13,130.89999389648438,132.0,128.60000610351562,129.60000610351562,29835385.0
2026-08-14,129.5,131.3000030517578,129.1999969482422,131.0,34885000.0
2026-08-17,131.1999969482422,131.8000030517578,129.0,129.0,28438139.0
2026-08-18,128.10000610351562,130.10000610351562,127.80000305175781,129.3000030517578,18068272.0
2026-08-19,129.0,132.8000030517578,129.0,132.0,27052882.0
2026-08-20,132.6999969482422,133.39999389648438,128.8000030517578,129.3000030517578,32281012.0
2026-08-21,129.3000030517578,131.89999389648438,129.1999969482422,129.89999389648438,29112317.0
2026-08-24,134.60000610351562,134.8000030517578,131.1999969482422,131.60000610351562,45057515.0
2026-08-25,131.60000610351562,133.60000610351562,131.5,132.60000610351562,41986684.0
2026-08-26,133.1999969482422,137.3000030517578,133.10000610351562,133.3000030517578,65495707.0
