Date,open,high,low,close,volume
2018-01-01,14.262189865112305,14.262189865112305,14.262189865112305,14.262189865112305,0.0
2018-01-02,14.339367198029558,14.871884478186528,14.215885143503623,14.84873104095459,3486280.0
2018-01-03,14.925906820029553,14.972212219762847,14.416543006896973,14.416543006896973,3270605.0
2018-01-04,14.416544581170031,14.570896421143457,14.022944960401036,14.169580459594727,3558166.0
2018-01-05,14.169581074143196,14.455132800090942,14.1078400410716,14.331650733947754,3505321.0
2018-01-08,14.470566671297124,14.501437920099864,14.200449132361813,14.23132038116455,3840287.0
2018-01-09,14.23132080716284,14.347085049594053,14.08468531500479,14.177297592163086,3564098.0
2018-01-10,14.09240298640758,14.269908254493881,13.992072897821624,14.1464262008667,2630349.0
2018-01-11,14.161860020266003,14.38567066192627,14.12327096341285,14.38567066192627,4371469.0
2018-01-12,14.377954787061299,14.431979473932067,14.04609768555979,14.254472732543945,5195234.0 
2018-01-15,14.161862936875567,14.408827063509532,14.046098686518684,14.084686279296875,2333777.0
2018-01-16,13.891745503571986,14.16958088469057,13.891745503571986,14.061532974243164,4496243.0
2018-01-17,14.084686034087435,14.555462312301323,13.984357411397438,14.501439094543457,5328109.0
2018-01-18,14.586331295536333,14.671225759964045,14.347084999084473,14.347084999084473,3486531.0
2018-01-19,14.316213627268775,14.316213627268775,14.04609755552657,14.277626037597656,2252357.0
2018-01-22,14.277626100629817,14.663507887133326,14.215885073670144,14.609484672546387,2519771.0
2018-01-23,14.678945014613273,14.678945014613273,14.35480422188602,14.570897102355957,2856525.0
2018-01-24,14.524590545399306,14.524590545399306,14.200449778336292,14.354803085327148,4757775.0
2018-01-25,14.347083942334285,14.347083942334285,14.046096640837876,14.053812980651855,3272496.0
2018-01-26,14.092403097334412,14.331649394117507,14.038379882450055,14.308497428894043,2741957.0
2018-01-29,14.308497428894043,14.43969582388622,14.1232728749731,14.308497428894043,3414724.0
2018-01-30,14.27762617923315,14.478284885962335,14.161861937049215,14.308497428894043,4335684.0
2018-01-31,14.223602985336726,14.29306182515402,14.092403118128749,14.123272895812988,3072832.0
2018-02-01,14.100117535501,14.323928153894332,14.053810672091194,14.200446128845215,3016575.0
2018-02-02,14.18501313256292,14.254471968508733,13.9766380967476,14.022943496704102,2171980.0
2018-02-05,14.02294423671514,14.03066204911886,13.644780261066183,13.752826690673828,2633170.0
2018-02-06,13.675648871364956,13.675648871364956,13.36694376167698,13.444120407104492,2901754.0
2018-02-07,13.459557597809384,13.783698368729846,13.436404159878549,13.698803901672363,4658022.0
2018-02-08,13.706520785392831,13.706520785392831,13.390097848560709,13.56760311126709,3074867.0
2018-02-09,13.4364024832303,13.621625547497365,13.31292044038559,13.336073875427246,2974841.0
2018-02-12,13.428687525733721,13.83000498628759,13.382382117830545,13.745110511779785,2464430.0
2018-02-13,13.71423889386139,13.791415544712512,13.482708941308024,13.536733627319336,2434085.0
2018-02-14,13.575322666174912,13.675651292577962,13.22802843627525,13.258899688720703,3928220.0
2018-02-15,13.428686401997123,13.583039711454319,13.297486530565182,13.529016494750977,2092034.0
2018-02-16,13.52901551586855,13.768261803396678,13.521297703751882,13.660215377807617,1518864.0
2018-02-19,13.698804212236828,13.876309490997366,13.536734559113453,13.575322151184082,1575571.0
2018-02-20,13.57532124519912,13.752826512113376,13.366944729070813,13.405533790588379,1397225.0
2018-02-21,13.40553320180003,13.621626048718591,13.374661953941882,13.559885025024414,4646521.0
2018-02-22,13.559885150211263,13.675649386703833,13.374662077418725,13.62934398651123,3119999.0
2018-02-23,13.698802673707155,13.814566908939694,13.598474062378186,13.691084861755371,2383188.0
2018-02-26,13.698803475870005,13.814567717881367,13.68336785106257,13.752826690673828,2135986.0
2018-02-27,13.78369946386586,13.791417277122664,13.621628329517707,13.675651550292969,2312776.0
2018-02-28,13.66793300406907,14.053814814081486,13.606191973347975,13.907180786132812,3467265.0
2018-03-01,13.814566538730062,13.822284350475021,13.428684783614575,13.444120407104492,3420310.0
2018-03-02,13.35922514434735,13.505860614615042,13.282048503573725,13.382378578186035,1869756.0
2018-03-05,13.428684671549748,13.4364024832303,13.243461607282683,13.336073875427246,1531726.0
2018-03-06,13.436403379522401,13.59075667938565,13.397815790567671,13.544449806213379,1840557.0
2018-03-07,13.436402995135628,13.536733078783161,13.336074383510217,13.521297454833984,1537964.0
2018-03-08,13.505862936881528,13.536734187307932,13.343793288209625,13.45955753326416,1465443.0
2018-03-09,13.428684115724089,13.467273172529612,13.204873474340054,13.228025436401367,2186015.0
2018-03-12,13.289767813505419,13.390097899431689,13.2434624126283,13.305203437805176,2161107.0
2018-03-13,13.312921275999496,13.374662301297159,13.16628578890924,13.174003601074219,2698414.0
2018-03-14,13.181720769998954,13.181720769998954,12.903885433706176,13.011933326721191,4405493.0
2018-03-15,13.050521930010149,13.081393179567845,12.734098982154745,12.749534606933594,3223727.0
2018-03-16,12.803559102291196,13.08911082915072,12.780405662807041,12.996500015258789,4116887.0
2018-03-19,13.042804241755029,13.119980894361598,12.803557943494654,12.81899356842041,3111033.0
2018-03-20,12.880734750013385,12.896168903101353,12.664640414537319,12.75725269317627,2774443.0
2018-03-21,12.764969782144995,12.965627009114316,12.749534157909771,12.934757232666016,3374001.0
2018-03-22,12.996498131865167,13.027367908014854,12.788121622771785,12.8652982711792,1874821.0
2018-03-23,12.726380496789734,12.75725174471495,12.595180637151815,12.664639472961426,4558742.0
2018-03-26,12.73410001556057,12.74953564159206,12.471700261114506,12.487135887145996,3758606.0
2018-03-27,12.572030000856488,12.587464154426845,12.255606300307734,12.278759002685547,6706587.0
2018-03-28,12.217015729574767,12.38680316385785,12.170710333319745,12.301909446716309,6025935.0
2018-03-29,12.278757332012267,12.649203463698154,12.247886821038444,12.548874855041504,5485078.0
2018-03-30,12.656922066378895,12.6646398786074,12.564311263681187,12.64920425415039,870764.0
2018-04-02,12.708728243097344,12.71661074586641,12.49586457904101,12.543167114257812,925217.0
2018-04-03,12.56681735257129,12.57470135841509,12.298767920623645,12.330303192138672,5355333.0
2018-04-04,12.33818752614152,12.369722800416978,12.188395161298159,12.298768997192383,4799219.0
2018-04-05,12.322420006585636,12.64565750095748,12.29876873933997,12.629889488220215,3586391.0
2018-04-06,12.598353158244246,12.606237164422321,12.393374260635749,12.401257514953613,4227999.0
2018-04-09,12.456445057184352,12.456445057184352,12.27511667073812,12.338187217712402,2996792.0
2018-04-10,12.432793116883174,12.440676370932966,12.078020369536077,12.290884017944336,3334277.0
2018-04-11,12.243581443099398,12.346071270281454,11.904577439808222,12.085905075073242,6250843.0
2018-04-12,12.014949810176718,12.022833816076327,11.68382908099498,11.754783630371094,10354715.0
2018-04-13,11.825738343413311,11.833622349422033,11.731132526889228,11.73901653289795,3966690.0
2018-04-16,11.731132948225532,11.857274041454803,11.581339836120605,11.581339836120605,8153856.0
2018-04-17,11.731133733347237,11.786320277363421,11.431548240947452,11.675947189331055,9398644.0
2018-04-18,11.636526777769165,11.983414773700135,11.431547131516218,11.951879501342773,17913871.0
2018-04-19,11.936112403869629,11.97553093095874,11.802087306558064,11.936112403869629,5362037.0
2018-04-20,11.873042829574072,11.920345366694692,11.589224599409262,11.668063163757324,4796407.0
2018-04-23,11.668063163757324,11.668063163757324,11.668063163757324,11.668063163757324,0.0
2018-04-24,11.699598351971224,11.699598351971224,11.376361593900524,11.439432144165039,3818724.0
2018-04-25,11.447316194520823,11.470967462995047,10.856029219643348,10.903331756591797,8056645.0
2018-04-26,10.966401947290134,11.13196232489822,10.911215405374186,11.005821228027344,6225853.0
2018-04-27,10.643164581276306,11.305406053297798,10.643164581276306,11.15561294555664,10037109.0
2018-04-30,11.242336023049527,11.250220029472564,10.658933081229064,10.761422157287598,6232223.0
2018-05-01,10.761422157287598,10.761422157287598,10.761422157287598,10.761422157287598,0.0
2018-05-02,10.761421984982544,10.997936910865064,10.61951363094121,10.85602855682373,7805589.0
2018-05-03,10.816609223540508,10.824492477937982,10.524907758747899,10.564326286315918,6946193.0
2018-05-04,10.524907652909178,10.926982193825319,10.493372380055751,10.871795654296875,8806742.0
2018-05-07,10.887564043169125,10.887564043169125,10.643165106208064,10.777190208435059,8256246.0
2018-05-08,10.832377684751044,10.832377684751044,10.248974690507112,10.2883939743042,19104642.0
2018-05-09,10.233204200518374,10.658931460298085,10.099179871009353,10.453951835632324,10295120.0
2018-05-10,10.564326441694268,10.83237664351646,10.35934753900103,10.816609382629395,5694675.0
2018-05-11,10.816608184328286,10.863910713609377,10.57220927684216,10.619512557983398,5392683.0
2018-05-14,10.722004130325265,11.021588869808877,10.674700841435065,10.911215782165527,5482595.0
2018-05-15,10.816608989838919,10.84814426232812,10.493372258859553,10.63528060913086,5421915.0
2018-05-16,10.572210356131528,10.59586162318657,10.3120441629454,10.319928169250488,9400298.0
2018-05-17,10.28839307808926,10.5327912629933,10.264741810615375,10.501255989074707,11822239.0
2018-05-18,10.485488235653436,10.90333078341823,10.485488235653436,10.89544677734375,10870751.0
2018-05-21,10.895447533375759,10.982170102492283,10.62739732312514,10.706235885620117,6869280.0
2018-05-22,10.72988648544675,10.800841036901655,10.532790843343216,10.65893268585205,7220408.0
2018-05-23,10.68258309826495,10.816608184328286,10.564325271341929,10.619512557983398,7068888.0
2018-05-24,10.706236366799518,10.934867306078202,10.658933828664777,10.848145484924316,9692663.0
2018-05-25,10.94275126664716,11.250220770660185,10.8323774250337,11.108311653137207,9962482.0
2018-05-28,11.234452080638773,11.943996121829759,11.218684067702856,11.794203758239746,22810809.0
2018-05-29,11.865159155551064,11.865159155551064,11.423664536167735,11.549805641174316,10335237.0
2018-05-30,11.5498040195378,11.723248390499746,11.423662932241907,11.502501487731934,12825456.0
2018-05-31,11.604992832057876,11.628644101064586,11.108311671755272,11.116195678710938,11416396.0
2018-06-01,11.029472457480406,11.07677574457308,10.808725538721822,10.990053176879883,12915474.0
2018-06-04,10.997937010089215,11.226567931737657,10.997937010089215,11.084659576416016,8590385.0
2018-06-05,11.179264415368658,11.195031674859447,11.013704055484492,11.076774597167969,5126125.0
2018-06-06,11.116193628216672,11.131960887359286,10.722002375469417,10.879678726196289,7313358.0
2018-06-07,10.800841520655052,11.31329066419219,10.800841520655052,11.258103370666504,6839094.0
2018-06-08,11.187148593483753,11.218683866930984,10.966401679353126,11.061007499694824,5869730.0
2018-06-11,11.187148599611803,11.660178453439627,10.93486641189575,11.604991912841797,10064632.0
2018-06-12,11.415779150680372,11.431547162832349,11.053123893507346,11.163496971130371,6039858.0
2018-06-13,11.108310304321687,11.313289948774255,10.926981925964355,10.926981925964355,5221321.0
2018-06-14,10.934865705922226,11.26598643185194,10.848143897458797,10.997936248779297,4625818.0
2018-06-15,10.997936248779297,10.997936248779297,10.997936248779297,10.997936248779297,0.0
2018-06-18,10.974286205727754,11.053124769011937,10.87179637420242,10.942750930786133,4669284.0
2018-06-19,10.87179647842849,11.22656851288793,10.792957914388495,11.179265975952148,6537963.0
2018-06-20,11.16349615905646,11.29752124515797,11.029471072954953,11.13984489440918,5853993.0
2018-06-21,11.124078200840975,11.423663678673986,11.068891659508132,11.3132905960083,6829987.0
2018-06-22,11.360591928371884,11.794202462280918,11.242334851787673,11.376359939575195,8862779.0
2018-06-25,11.589224808076478,11.707482656727837,10.777190888855726,10.832377433776855,8971670.0
2018-06-26,10.871796412896394,10.926982956275582,10.643165480790854,10.682584762573242,5302544.0
2018-06-27,10.651049205112944,11.037356502245062,10.643165198593453,11.005821228027344,6311146.0
2018-06-28,10.990053359743548,11.187149014165394,10.926982810477378,10.982170104980469,5176419.0
2018-06-29,11.03735565720943,11.329057109355315,11.03735565720943,11.234451293945312,6762163.0
2018-07-02,11.100425958748714,11.494617223624335,10.950633608914451,11.297521591186523,5072262.0
2018-07-03,11.376360877823112,11.384244132214771,11.029472121342703,11.10042667388916,3852028.0
2018-07-04,11.092542830923719,11.195032658126156,11.053124302804514,11.084659576416016,2674921.0
2018-07-05,11.147729691354634,11.281754786971373,11.02947185600211,11.15561294555664,5275618.0
2018-07-06,11.155614209768691,11.2502207895161,11.05312512678619,11.116195678710938,3304863.0
2018-07-09,11.179264190189446,11.32905653570546,11.045239103846628,11.14772891998291,5555129.0
2018-07-10,11.029472232833792,11.029472232833792,10.753538777970794,10.792957305908203,8022404.0
2018-07-11,10.785073867164307,10.785073867164307,10.020342558853098,10.075529098510742,10970002.0
2018-07-12,10.170135535257291,10.193787555285054,9.736525694125284,9.909969329833984,21896874.0
2018-07-13,9.95727252960205,10.146484176982266,9.917853248432776,9.95727252960205,6507870.0
2018-07-16,10.02822756974616,10.146484667106117,9.894202458412723,10.09918212890625,3871389.0
2018-07-17,10.114949011519728,10.122833018210672,9.815363524006237,9.917853355407715,11795041.0
2018-07-18,9.96515662470517,9.98092388619675,9.744408948940945,9.909969329833984,8098523.0
2018-07-19,9.949388245447606,10.312044268739813,9.949388245447606,10.280508995056152,7141674.0
2018-07-20,10.2883919251789,10.359346471509674,10.178018102902122,10.312043190002441,4083367.0
2018-07-23,10.367229461669922,10.485487286501751,10.343578197447611,10.367229461669922,2981842.0
2018-07-24,10.375115198265746,10.469721022801453,10.09129772465863,10.185903549194336,6273526.0
2018-07-25,10.162251355213648,10.572209890853244,10.138599337339299,10.461836814880371,5715187.0
2018-07-26,10.517022702242178,10.70623432237046,10.414532886707658,10.603744506835938,4612456.0
2018-07-27,10.60374558511781,10.658932877162263,10.446069218976994,10.572210311889648,4502138.0
2018-07-30,10.595860541482706,10.674699092764719,10.493371477420293,10.619512557983398,3532588.0
2018-07-31,10.6037462840299,10.919099788957272,10.6037462840299,10.911215782165527,4387679.0
2018-08-01,11.013705090102269,11.045240363906402,10.714119613032874,11.029472351074219,5174519.0
2018-08-02,10.879679514868357,10.879679514868357,10.59586131112575,10.627396583557129,3659424.0
2018-08-03,10.572209378213236,10.674699195118514,10.509138837326935,10.580093383789062,4020343.0
2018-08-06,10.532791427287176,10.627397250518648,10.406650329645212,10.485488891601562,4382014.0
2018-08-07,10.493372969860085,10.737771160246057,10.43030166874795,10.706235885620117,4075030.0
2018-08-08,10.682584250921872,10.722003530816242,10.49337260966117,10.532791137695312,5821658.0
2018-08-09,10.375115727594078,10.7614230521223,10.343580451139944,10.54067611694336,5394783.0
2018-08-10,10.461837450418496,10.840260737074361,10.170135227129306,10.769306182861328,17158989.0
2018-08-13,10.59586234088929,11.210801340854589,10.461837983925868,11.131962776184082,15223863.0
2018-08-14,11.281754331558787,11.415778669905142,11.06889068763307,11.297521591186523,9082131.0
2018-08-15,11.478850676753346,11.833622686798247,11.289638286450545,11.628643035888672,16204994.0
2018-08-16,11.707480867550053,11.74689939254948,11.273870325814835,11.297521591186523,10444442.0
2018-08-17,11.265986817312145,11.731132650692917,11.195032266205219,11.707481384277344,7409402.0
2018-08-20,11.754785409828221,11.936113813668076,11.691714856804003,11.786320686340332,4885106.0
2018-08-21,11.786320686340332,11.786320686340332,11.786320686340332,11.786320686340332,0.0
2018-08-22,11.786320686340332,11.786320686340332,11.786320686340332,11.786320686340332,0.0
2018-08-23,11.786320686340332,11.786320686340332,11.786320686340332,11.786320686340332,0.0
2018-08-24,11.786320686340332,11.786320686340332,11.786320686340332,11.786320686340332,0.0
2018-08-27,11.746900976245117,12.070138488583957,11.52615404867492,11.668063163757324,6598115.0
2018-08-28,11.526153068233231,12.014950170776286,11.526153068233231,11.920344352722168,6809524.0
2018-08-29,11.841506546940504,12.125324001102863,11.81785452853182,11.920344352722168,4593561.0
2018-08-30,11.920344352722168,11.920344352722168,11.920344352722168,11.920344352722168,0.0
2018-08-31,11.841505822439212,11.936111634705044,11.612874169638248,11.84938907623291,4131868.0
2018-09-03,11.699597604062753,12.078020881458746,11.699597604062753,11.904577255249023,3573636.0
2018-09-04,11.841508021216457,12.038603687999471,11.723250170030468,11.802088737487793,3353829.0
2018-09-05,11.754783983162406,11.999182910364038,11.754783983162406,11.920344352722168,2790258.0
2018-09-06,11.825738906860352,12.164743662785622,11.794203633183132,11.825738906860352,2984754.0
2018-09-07,11.786320196284548,12.259350076158684,11.786320196284548,12.196279525756836,4227551.0
2018-09-10,12.188394921612918,12.219930195268233,11.928228725991511,12.093789100646973,2994170.0
2018-09-11,12.007066856147336,12.385490902018102,12.007066856147336,12.251465797424316,4134700.0
2018-09-12,12.377605111352231,12.448559656717064,12.188393491619442,12.227812767028809,2851698.0
2018-09-13,12.25935033075905,12.614122372102372,12.117441213477607,12.60623836517334,5315493.0
2018-09-14,12.653539882398002,12.937358094068234,12.472212248817772,12.850635528564453,5667047.0
2018-09-17,12.763913539262113,13.02407971314744,12.653538962899619,12.858518600463867,4558363.0
2018-09-18,12.858518456082251,13.008311555643472,12.81121592601251,12.96100902557373,3028445.0
2018-09-19,13.000428776646357,13.071383330305933,12.700844052977402,12.905823707580566,4342761.0
2018-09-20,13.008312641732973,13.197524281529908,12.858519529665232,13.118685722351074,3858056.0
2018-09-21,13.229061662568741,13.528646413688957,13.189641627078846,13.50499439239502,7067675.0
2018-09-24,13.67843689006895,13.67843689006895,13.213291087483043,13.44192123413086,5081008.0
2018-09-25,13.481341580409994,13.670553207397461,13.300013959178715,13.670553207397461,4582093.0
2018-09-26,13.717858202077824,13.717858202077824,13.19752575847533,13.27636432647705,3435243.0
2018-09-27,13.221175431622791,13.55229615543926,13.20540742007907,13.4182710647583,3985659.0
2018-09-28,13.386736385730769,13.536529502995034,13.213292752496695,13.520761489868164,4187607.0
2018-10-01,13.426155585597858,13.646901740797093,13.18963991452959,13.30001449584961,2772329.0
2018-10-02,13.229060153659665,13.307897208206091,12.961009957784624,13.221176147460938,3552537.0
2018-10-03,13.047732683362309,13.063500697771694,12.819102489308714,13.01619815826416,5640578.0
2018-10-04,12.984659912960089,13.102918497123076,12.756029757933728,12.787564277648926,8060958.0
2018-10-05,12.669309616088867,12.842754770658665,12.519517235471815,12.669309616088867,6401080.0
2018-10-08,12.33818702446252,12.803332865007562,12.33818702446252,12.692959785461426,5028639.0
2018-10-09,12.645657026807406,13.071382828707689,12.645657026807406,13.031964302062988,5144419.0
2018-10-10,13.031964068218949,13.30001425501017,12.692959331764147,12.834868431091309,6797659.0
2018-10-11,12.85063564382389,13.12656985167591,12.622005474154816,12.897939682006836,4544688.0
2018-10-12,12.984659659266054,13.31578038026819,12.70084297249303,13.110800743103027,8370710.0
2018-10-15,13.165991085173236,13.2211776310365,12.850636816719275,13.102920532226562,6017841.0
2018-10-16,13.126568632677985,13.134452638309662,12.921588997415347,12.96100902557373,4033296.0
2018-10-17,12.976778122240699,13.031966172673544,12.779682453285252,13.01619815826416,4777021.0
2018-10-18,13.031964453371964,13.134453526070384,12.803332785761029,12.929473876953125,2787732.0
2018-10-19,12.96889558002667,12.96889558002667,12.472213653658676,12.519516944885254,6021276.0
2018-10-22,12.55105139215006,12.614121941709788,12.369722998270648,12.487980842590332,5866318.0
2018-10-23,12.369720699582377,12.456443253006382,12.046484005191383,12.306650161743164,2808058.0
2018-10-24,12.401257986006785,12.535283088684082,12.141091787129737,12.535283088684082,2834870.0
2018-10-25,12.417026176518979,12.637773849885363,12.054370143828777,12.251465797424316,4688970.0
2018-10-26,12.219928660750167,12.511630093396471,12.212044655361316,12.267231941223145,5472973.0
2018-10-29,12.267231941223145,12.267231941223145,12.267231941223145,12.267231941223145,0.0
2018-10-30,12.282999629674352,12.338186165605906,12.007065446296263,12.117439270019531,4581755.0
2018-10-31,12.093788937435361,12.448560949234894,11.959763838243948,12.109556198120117,6869826.0
2018-11-01,12.219930156427491,12.36972251784907,11.999183241541923,12.078021049499512,4244831.0
2018-11-02,12.109556938524483,12.141092213682347,11.904578025928487,11.912461280822754,3893174.0
2018-11-05,11.991299804218484,12.448561668395996,11.754784865401774,12.448561668395996,4200978.0
2018-11-06,12.409141771023528,12.472212317997808,12.133208315976098,12.338187217712402,3895772.0
2018-11-07,12.275116090171913,12.298768108063788,12.141090996225383,12.24358081817627,3436274.0
2018-11-08,12.298768376835696,12.330303649520497,12.01495017081228,12.188394546508789,6231287.0
2018-11-09,12.156858566443095,12.156858566443095,11.841505857944767,12.125323295593262,3805660.0
2018-11-12,12.04648701773153,12.070139039231131,11.644412426422278,11.746901512145996,2790172.0
2018-11-13,11.683828716802662,11.888808352642046,11.502501097924856,11.84938907623291,2355189.0
2018-11-14,11.809970277858723,12.030717933941082,11.63652665761426,11.983414649963379,2418498.0
2018-11-15,11.97553154285446,11.983415549419203,11.691714073265935,11.770552635192871,2312185.0
2018-11-16,11.912460595868987,11.999183161461865,11.731132962102471,11.857274055480957,2570828.0
2018-11-19,11.857274161284193,11.904577447653327,11.778435601289047,11.817854881286621,2145357.0
2018-11-20,11.786319574137364,11.786319574137364,11.250219924019952,11.344825744628906,3377333.0
2018-11-21,11.43154668139305,11.470965958252645,11.155612495236046,11.297521591186523,2906850.0
2018-11-22,11.321172386646566,11.360591661869973,11.09254149258297,11.171380043029785,2529904.0
2018-11-23,11.147728899911655,11.179264170061414,11.06100634310471,11.13984489440918,1701431.0
2018-11-26,11.226566581491202,11.604990571175472,11.155612036434142,11.431546211242676,4693686.0
2018-11-27,11.423662325757004,11.423662325757004,11.045239083959904,11.13984489440918,3706437.0
2018-11-28,11.139846945047466,11.660179374232058,11.139846945047466,11.589224815368652,5168631.0
2018-11-29,11.794204823102733,12.125325606050483,11.707482999706059,12.038603782653809,5485888.0
2018-11-30,12.062254273927707,12.078021535409464,11.865158618314052,11.94399642944336,3538461.0
2018-12-03,12.21204536992796,12.456444288262002,12.05436901222544,12.070137023925781,3537885.0
2018-12-04,11.951879397467954,12.3224194083417,11.809970297163074,11.99129867553711,4581822.0
2018-12-05,12.030716835094587,12.125322642548815,11.8809237427303,12.007064819335938,3382600.0
2018-12-06,11.833622664292486,11.928228483333852,11.70748157223733,11.888809204101562,3336221.0
2018-12-07,12.022834216069967,12.07802075548289,11.880925112596497,11.936112403869629,1213592.0
2018-12-10,11.746901066426329,11.84150764511441,11.565573419638108,11.620759963989258,1925866.0
2018-12-11,11.581339435493323,11.746899802594653,11.407895814233033,11.478850364685059,2912257.0
2018-12-12,11.38424451863997,11.431547805896672,10.895447392335205,11.005821228027344,6109270.0
2018-12-13,11.06889022819298,11.321172386646566,11.013703693996295,11.171380043029785,3074610.0
2018-12-14,11.226567184938927,11.510385380422893,11.124077364554182,11.273870468139648,4907375.0
2018-12-17,11.447315552175239,11.447315552175239,11.250219904942416,11.336941719055176,1785505.0
2018-12-18,11.273871258355154,11.392128346855639,11.147730163458574,11.28963851928711,1851194.0
2018-12-19,11.289637747710469,11.313289765282283,11.092542112439768,11.281754493713379,2899946.0
2018-12-20,11.250221234134925,11.250221234134925,11.11619611803297,11.242337226867676,2393277.0
2018-12-21,11.171382665183076,11.32117504395921,11.037357549081122,11.242337226867676,2096111.0
2018-12-24,11.242335216287202,11.400011574131726,11.234451210429931,11.281754493713379,1083770.0
2018-12-25,11.155613560862076,11.28175540923436,11.147730306225256,11.265987396240234,398360.0
2018-12-26,11.273870325814835,11.344824873790074,11.202915777839594,11.297521591186523,536848.0
2018-12-27,11.336940915346021,11.336940915346021,11.029471456790553,11.053123474121094,2733087.0
2018-12-28,11.108311653137207,11.226568749832833,10.997937811523748,11.108311653137207,2061816.0
2018-12-31,11.139846549329832,11.218684360486193,11.045240724826042,11.202917098999023,1348794.0
2019-01-01,11.202917098999023,11.202917098999023,11.202917098999023,11.202917098999023,0.0
2019-01-02,11.139844632576732,11.250218451436718,11.005819549625368,11.19503116607666,4244189.0
2019-01-03,11.068892011448034,11.258103660771186,10.90333163032521,10.934866905212402,4153777.0
2019-01-04,10.761422301967572,10.919099425107222,10.682584492257993,10.737771034240723,3562041.0
2019-01-07,10.785074070650925,10.840260611349796,10.737770784437444,10.800841331481934,3670544.0
2019-01-08,10.840259471574065,11.14772891998291,10.753537666471127,11.14772891998291,3312745.0
2019-01-09,11.15561229388977,11.486733010557751,11.100425758398494,11.376359939575195,2439737.0
2019-01-10,11.463083585942918,11.786320348902983,11.336942483505846,11.620759963989258,3933047.0
2019-01-11,11.63652751222809,11.857274432662427,11.620759499124086,11.76266860961914,2656790.0
2019-01-14,11.80997087491506,11.817854881286621,11.589223959532973,11.817854881286621,1931020.0
2019-01-15,11.904577255249023,12.022834341470217,11.778435410923475,11.904577255249023,2171892.0
2019-01-16,11.857274172301993,12.117440367923402,11.707481810404303,12.093789100646973,3299591.0
2019-01-17,12.22781444210754,12.385490813484829,12.085905331937859,12.298768997192383,2436002.0
2019-01-18,12.267233920228216,12.82698561151605,12.164744089219429,12.763915061950684,3790781.0
2019-01-21,12.787564580519511,12.803332592610753,12.37760604032981,12.480095863342285,4343316.0
2019-01-22,12.409142225555833,12.740262985229492,12.393374964164838,12.740262985229492,2511943.0
2019-01-23,12.763913395942769,13.229059202169463,12.724493367784385,12.96100902557373,5426589.0
2019-01-24,12.976775687074312,13.386734962463379,12.929473156443368,13.386734962463379,4589986.0
2019-01-25,13.481343410514278,13.568064478164114,13.252711723708922,13.37096881866455,6625794.0
2019-01-28,13.3552016638074,13.465574746606647,13.292131115962048,13.331549644470215,3020915.0
2019-01-29,13.276362924124149,13.702088740411979,13.268478917784686,13.694206237792969,3170117.0
2019-01-30,13.654786670621805,13.820347801941894,13.544413585555416,13.552297592163086,3896367.0
2019-01-31,13.725738765984671,13.993788927714569,13.568061669536412,13.662668228149414,3372194.0
2019-02-01,13.639017130788856,13.788810232127235,13.386734962463379,13.386734962463379,2299058.0
2019-02-04,13.394620192315566,13.607483855188807,13.28424710951632,13.331549644470215,2981999.0
2019-02-05,13.394621121287459,13.686323365128255,13.394621121287459,13.599600791931152,1441127.0
2019-02-06,13.639018660339643,13.867650340849767,13.426156496768758,13.828231811523438,2818971.0
2019-02-07,13.9701402851316,13.9701402851316,13.347318761597231,13.50499439239502,2626058.0
2019-02-08,13.418271731265948,13.552296828604154,13.355201185678581,13.465574264526367,1599218.0
2019-02-11,13.678439065319871,13.907069248326223,13.568064473508022,13.646903038024902,2088876.0
2019-02-12,13.607484293360628,13.796695942989448,13.607484293360628,13.725741386413574,1284365.0
2019-02-13,13.859765590287726,13.907068123684356,13.457690297115299,13.481342315673828,3220656.0
2019-02-14,13.615366876634875,13.709971939698491,13.441921754817638,13.591714859008789,2863959.0
2019-02-15,13.489225837027531,13.875533103942871,13.489225837027531,13.875533103942871,4064836.0
2019-02-18,14.072627475938699,14.080511481133135,13.528643147284466,13.662668228149414,4574320.0
2019-02-19,13.6469030380249,13.733625609365525,13.323666276854183,13.646903038024902,2162733.0
2019-02-20,13.71785642610382,14.056861172017742,13.662669886763492,13.993790626525879,4447194.0
2019-02-21,13.954370720473731,13.993789243615526,13.70997106508974,13.883416175842285,3214081.0
2019-02-22,13.891300546731063,14.380096862920015,13.796693983493032,14.230303764343262,5170462.0
2019-02-25,14.506239034386258,14.74275470838694,14.490471022042128,14.545659065246582,4259409.0
2019-02-26,14.466820654975326,14.750637361465769,14.435284629965034,14.71121883392334,3024026.0
2019-02-27,14.719102898077358,14.766405432058434,14.411634171619687,14.734870910644531,2950441.0
2019-02-28,14.671799794443595,14.83735940880951,14.616613256321623,14.829475402832031,3737081.0
2019-03-01,14.703333592313314,14.955615756317439,14.317026340716957,14.498353958129883,4358268.0
2019-03-04,14.50623874887491,14.83735948298242,14.356445641994743,14.592961311340332,6198895.0
2019-03-05,14.632381513823928,14.837361182582091,14.490472396705156,14.663917541503906,2453350.0
2019-03-06,14.711219259316007,14.805825833362109,14.53777562790538,14.553542137145996,2200033.0
2019-03-07,14.435282768228259,14.600843870738792,14.356444219590873,14.458934783935547,4108103.0
2019-03-08,14.38798100946106,14.38798100946106,14.15146685462928,14.285491943359375,2371753.0
2019-03-11,14.253958220062009,14.285494247777551,13.946489468438308,14.112049102783203,2415756.0
2019-03-12,14.096280910433109,14.238190025915008,13.98590782226743,14.206655502319336,2490303.0
2019-03-13,14.261840249909358,14.387981335843785,14.135699163974932,14.3564453125,1923471.0
2019-03-14,14.269724768067324,14.324911307179937,14.159350186121683,14.238188743591309,1732401.0
2019-03-15,14.577194977166371,14.577194977166371,14.222423687893802,14.387983322143555,1829555.0
2019-03-18,14.506239514948438,14.529891534248177,14.2618413303997,14.41163444519043,2349261.0
2019-03-19,14.261841003569739,14.734870852681059,14.088397377174443,14.71121883392334,3680120.0
2019-03-20,14.419518355606264,14.695451060330122,14.356446304560283,14.372214317321777,1270667.0
2019-03-21,14.458936774546096,14.466820780867277,14.175118561865396,14.22242259979248,2962971.0
2019-03-22,14.293375029482265,14.317027047420256,13.867649232641112,14.033208847045898,4019054.0
2019-03-25,14.09627975764929,14.285492898631805,13.907068120387201,14.01744270324707,3142370.0
2019-03-26,13.962256676459221,14.0489792532911,13.48134425952401,13.497112274169922,5753320.0
2019-03-27,13.544412619974741,13.623251176710552,12.456444597065621,12.480095863342285,8021607.0
2019-03-28,12.606237220834931,13.24482668691253,12.432793595302373,12.692959785461426,7367528.0
2019-03-29,12.629890207073736,12.787565832259395,12.219930874894036,12.700844764709473,4281928.0
2019-04-01,12.731562395710384,13.515664413600476,12.497140007831943,13.014486312866211,5681351.0
2019-04-02,12.941732739654162,13.572248684626008,12.877064556206623,13.450994491577148,4096220.0
2019-04-03,13.370160528002557,13.547997648485335,13.321658233661788,13.394410133361816,2243574.0
2019-04-04,13.353992142574786,13.68541675450481,13.32974099713685,13.653081893920898,2446818.0
2019-04-05,14.55843871527664,14.55843871527664,13.782418980217328,13.90367317199707,3510480.0
2019-04-08,13.919839891281107,13.93600732339051,13.580331526039558,13.66116714477539,1418511.0
2019-04-09,13.685417538390944,13.919839123807668,13.685417538390944,13.806670188903809,1577382.0
2019-04-10,13.839004575671103,13.919838645360548,13.507578414337972,13.7420015335083,853832.0
2019-04-11,13.539914487577235,13.814754666192355,13.51566333941313,13.66116714477539,2433402.0
2019-04-12,13.459079319078185,13.547998656843273,13.240823603733643,13.434829711914062,2501175.0
2019-04-15,13.370159258300363,13.515661502071621,13.119568720103858,13.176153182983398,2357105.0
2019-04-16,13.176155713340993,13.46716334039076,13.127654956103123,13.224658012390137,5466447.0
2019-04-17,13.370158646169507,13.903671474337706,13.337823787826753,13.782417297363281,4618659.0
2019-04-18,13.758170456733588,13.944091304086719,13.620750364817965,13.709668159484863,3024332.0
2019-04-19,13.68541818084793,13.742002650956197,13.564165524642904,13.717751502990723,1034617.0
2019-04-22,13.580330310507312,13.822837145008794,13.531829560331436,13.7420015335083,1617684.0
2019-04-23,13.7420015335083,13.7420015335083,13.7420015335083,13.7420015335083,0.0
2019-04-24,13.677334707304352,13.766254042942773,13.450995281048009,13.47524642944336,6951043.0
2019-04-25,13.394410255937434,13.644999278413444,12.990233716932389,13.208489418029785,6087540.0
2019-04-26,13.297408650242142,13.305490824167814,13.087236666518752,13.135737419128418,4506386.0
2019-04-29,13.23274203825596,13.32974355499942,12.998318879471864,13.014486312866211,5153109.0
2019-04-30,13.054901651320074,13.176154302335707,13.014484614918567,13.030652046203613,8928427.0
2019-05-01,13.030652046203613,13.030652046203613,13.030652046203613,13.030652046203613,0.0
2019-05-02,13.127654267532366,13.410578163234037,13.00640160989199,13.273158073425293,4105267.0
2019-05-03,13.362076823194773,13.378242712843777,13.176154445025526,13.265073776245117,3235960.0
2019-05-06,13.135738979701191,13.135738979701191,12.747729829104731,13.014486312866211,2751433.0
2019-05-07,12.731558818888079,12.925563339682402,12.545638012519879,12.618389129638672,6434525.0
2019-05-08,12.56989089551828,12.634559082032778,12.295050717378876,12.367802619934082,5979947.0
2019-05-09,12.367802619934082,12.489055276922365,12.189964721566422,12.367802619934082,5150342.0
2019-05-10,12.375885274203076,12.529472011271848,12.198047391092766,12.424386024475098,5161400.0
2019-05-13,12.367802398511458,12.43247058386819,11.939375477796714,12.206131935119629,4147869.0
2019-05-14,12.214214488813292,12.561806552149388,12.052544030600766,12.472887992858887,4525342.0
2019-05-15,12.489054579461559,12.513304955323816,12.189964040808555,12.416302680969238,2898305.0
2019-05-16,12.400136425220314,12.674976596977046,12.400136425220314,12.577974319458008,6300404.0
2019-05-17,12.448635815001854,12.610307030730972,12.254631281213497,12.286965370178223,3540803.0
2019-05-20,12.29505073336474,12.327384826664028,12.173798076218805,12.238466262817383,2264738.0
2019-05-21,12.27888314689437,12.303134294743153,11.931291841023274,11.979792594909668,2833899.0
2019-05-22,11.947458040617859,12.125295930113072,11.76153720639079,11.785787582397461,3106423.0
2019-05-23,11.745369997877248,12.109128728498534,11.745369997877248,11.947458267211914,3651641.0
2019-05-24,12.036377755831811,12.286966781362754,12.036377755831811,12.206131935119629,3422572.0
2019-05-27,12.286965744569393,12.319299834519358,12.1172115796057,12.149545669555664,1945107.0
2019-05-28,12.23038301690769,12.739645584126965,12.23038301690769,12.448637962341309,6070967.0
2019-05-29,12.343551626288866,12.569890267786404,12.343551626288866,12.472887992858887,4312328.0
2019-05-30,12.569890179414509,13.11956973347261,12.569890179414509,12.957900047302246,7621590.0
2019-05-31,12.933649903362584,13.135738183102625,12.74772905603644,12.990234375,3692128.0
2019-06-03,13.079153000025295,13.103402605515866,12.820479491812764,12.893231391906738,1226832.0
2019-06-04,12.893231391906738,12.893231391906738,12.893231391906738,12.893231391906738,0.0
2019-06-05,12.893231391906738,12.893231391906738,12.893231391906738,12.893231391906738,0.0
2019-06-06,12.893231391906738,12.893231391906738,12.893231391906738,12.893231391906738,0.0
2019-06-07,12.893231816521094,13.612666354481275,12.796229536836396,13.499497413635254,5911060.0
2019-06-10,13.547998236254617,13.693502041967243,13.135737967339242,13.402494430541992,4805708.0
2019-06-11,13.41057709053097,13.539913453910001,13.273157011714366,13.329741477966309,4371678.0
2019-06-12,13.297408575618029,13.61266577852835,13.297408575618029,13.362076759338379,3964386.0
2019-06-13,13.39441091551899,13.467162819467314,13.038735111972871,13.1195707321167,3418312.0
2019-06-14,13.135738698527069,13.45099593391211,12.957901560429839,13.386327743530273,4202128.0
2019-06-17,13.111487164381412,13.604583065211957,13.111487164381412,13.523747444152832,7518169.0
2019-06-18,13.491412104636483,14.146177607924777,13.467160959399507,14.10576057434082,11035983.0
2019-06-19,14.13809538596791,14.227014719416573,13.8794226433658,14.073427200317383,6519716.0
2019-06-20,14.42101952604723,14.477603996744724,14.073427443978403,14.251264572143555,6331853.0
2019-06-21,14.162347516773835,14.202764557431573,13.879423606735855,13.944091796875,4332202.0
2019-06-24,14.34018347964737,14.477603565163841,14.0410937029305,14.227014541625977,3795622.0
2019-06-25,14.17851288805899,14.542270826518278,14.162345457422298,14.388683319091797,4011119.0
2019-06-26,14.388684032086353,14.421018894962009,14.049175680947586,14.081510543823242,2875324.0
2019-06-27,14.113845568843665,14.29168425250788,14.057261093790983,14.06534481048584,2925779.0
2019-06-28,14.041094388365996,14.275515991684095,13.96834248414043,14.17851448059082,2819858.0
2019-07-01,14.259349144394541,14.55035677323893,14.235099536531697,14.477604866027832,2639417.0
2019-07-02,14.43718682233348,14.582690626649903,14.332100056188875,14.445270538330078,2198803.0
2019-07-03,14.550356699569752,14.606941173378274,14.412936602401365,14.574607849121094,1752896.0
2019-07-04,14.574605687791662,14.62310643789069,14.299765534212085,14.388683319091797,1343238.0
2019-07-05,14.299766704274811,14.429103076329058,14.130011752321627,14.27551555633545,2462781.0
2019-07-08,14.146179279810946,14.388684593597517,14.049176229209607,14.348267555236816,2197661.0
2019-07-09,14.259347664205977,14.299766242800548,14.00875864416414,14.081510543823242,2461148.0
2019-07-10,14.041094964572533,14.50185601570196,14.008760098340364,14.477604866027832,3649747.0
2019-07-11,14.52610374975578,14.728192012204413,14.437185962709918,14.647357940673828,3148910.0
2019-07-12,14.728193583949919,14.800945489540164,14.469520827100716,14.518021583557129,3576187.0
2019-07-15,14.518021583557129,14.518021583557129,14.518021583557129,14.518021583557129,0.0
2019-07-16,14.55035484218599,14.86561203705381,14.4371859090152,14.736275672912598,3831509.0
2019-07-17,14.712026429648821,14.954531732917633,14.712026429648821,14.857528686523438,1936459.0
2019-07-18,14.833280405056888,15.237456974449113,14.728193633600608,15.148537635803223,3458506.0
2019-07-19,15.302124186912874,15.415293125737806,15.172787816309762,15.277873039245605,6781166.0
2019-07-22,15.277873963912878,15.310208829426246,15.011117490672587,15.116204261779785,3031698.0
2019-07-23,15.100035997276308,15.520379974929028,15.019200379756759,15.479961395263672,2393860.0
2019-07-24,15.520379491751747,15.601213564943622,15.342540830382944,15.544629096984863,1851940.0
2019-07-25,15.601212610053446,15.649714901173272,15.188953928212083,15.415291786193848,2329014.0
2019-07-26,15.43954393332403,15.625464769244399,15.269788987014604,15.455711364746094,2931042.0
2019-07-29,15.4637943974966,15.48804554597659,15.24554022842151,15.382960319519043,1537008.0
2019-07-30,15.520380018707845,15.520380018707845,14.978783384153687,15.091952323913574,3053880.0
2019-07-31,15.075784301604234,15.213204383850098,14.760527100727117,15.213204383850098,2411145.0
2019-08-01,15.05961518639382,15.172785650878433,14.833277341046465,15.1000337600708,2075758.0
2019-08-02,15.035367685016766,15.067701006665622,14.639274858498581,14.687775611877441,2585780.0
2019-08-05,14.631192322929616,14.8090294608723,14.550356699569752,14.574607849121094,1846787.0
2019-08-06,14.550355922452214,15.043451810981564,14.550355922452214,14.849447250366211,2491743.0
2019-08-07,14.768611255534884,15.108119613425727,14.29168281131177,14.429102897644043,3681791.0
2019-08-08,14.550355461357265,14.784778594970703,14.388684228395505,14.784778594970703,2822671.0
2019-08-09,14.88986567712646,14.88986567712646,14.47760536920565,14.58269214630127,1851945.0
2019-08-12,14.58269214630127,14.58269214630127,14.58269214630127,14.58269214630127,0.0
2019-08-13,14.58269214630127,14.58269214630127,14.58269214630127,14.58269214630127,0.0
2019-08-14,14.58269214630127,14.58269214630127,14.58269214630127,14.58269214630127,0.0
2019-08-15,14.67969220359035,14.752444106088557,14.235098614377907,14.348267555236816,4727345.0
2019-08-16,14.534186259334653,14.78477679408284,14.421017335132863,14.590770721435547,5883556.0
2019-08-19,14.582690511400056,14.865612859989138,14.065343484384671,14.073427200317383,3060231.0
2019-08-20,14.024926955913378,14.259348559231476,13.863255715009625,14.17851448059082,3066558.0
2019-08-21,14.146178826949017,14.31593223280306,14.065343211004224,14.15426254272461,3007957.0
2019-08-22,14.194678356587724,14.218929501824698,13.806669283662142,14.10576057434082,3733993.0
2019-08-23,14.105763065439094,14.429104016646228,13.952175535436478,14.404852867126465,2934081.0
2019-08-26,14.307851880849526,14.396769682081874,14.14618062837217,14.380603790283203,1614321.0
2019-08-27,14.364434527456616,14.380601959007802,14.08151064255541,14.15426254272461,3344793.0
2019-08-28,14.081510916250094,14.154262817833333,13.766253703930166,14.073427200317383,2954721.0
2019-08-29,14.130009542913937,14.356348929523401,14.033008049946261,14.057257652282715,4154509.0
2019-08-30,14.057257652282715,14.057257652282715,14.057257652282715,14.057257652282715,0.0
2019-09-02,14.11384425471225,14.574606812549867,14.000675315143976,14.372518539428711,3500035.0
2019-09-03,14.364435597809946,14.679692827493504,14.259348826707926,14.518021583557129,3906623.0
2019-09-04,14.695859491505878,14.768611393290456,14.526104540071476,14.663524627685547,2557055.0
2019-09-05,14.720106656969817,14.825193405151367,14.639272594443593,14.825193405151367,2744098.0
2019-09-06,14.865612535264278,14.865612535264278,14.469519714080661,14.542271614074707,3094282.0
2019-09-09,14.69586056332446,14.80094579478242,14.57460789877719,14.606941223144531,1729195.0
2019-09-10,14.606940779664939,14.768612022027005,14.51802144218468,14.712027549743652,1914714.0
2019-09-11,14.77669428316683,15.100035194238199,14.736275705650982,15.035367012023926,2366346.0
2019-09-12,15.0434530857474,15.067702694247208,14.833281075151556,14.930282592773438,2323160.0
2019-09-13,14.954532414709622,14.978783562866584,14.817112325442546,14.93836498260498,1259679.0
2019-09-16,14.873697395863271,15.197038341940706,14.800945490269442,15.116204261779785,2400683.0
2019-09-17,15.13236685145939,15.213202455796527,14.800942261306954,14.825193405151367,2241188.0
2019-09-18,14.809028903397927,14.857529658863562,14.550356151832913,14.728193283081055,2664588.0
2019-09-19,14.817112682849427,14.833280115344047,14.437187270093215,14.639275550842285,2806381.0
2019-09-20,14.639276089323152,14.817113227871731,14.526105599509256,14.606941223144531,2478739.0
2019-09-23,14.671606751976395,14.679690467054508,14.396766606564565,14.493769645690918,1674571.0
2019-09-24,14.768610521016475,14.994948387145996,14.69585862352882,14.994948387145996,6383347.0
2019-09-25,14.986864940130749,15.108117578371,14.873694474870362,15.043449401855469,5544452.0
2019-09-26,15.06770180657524,15.172788576587926,14.849447633878182,15.132369995117188,3995819.0
2019-09-27,15.116202861257308,15.479960813712879,15.067700567481014,15.471877098083496,3331826.0
2019-09-30,15.609297993099837,15.835637417077082,15.334457814631465,15.366792678833008,2031352.0
2019-10-01,15.358709047757445,15.374876479947666,14.994949532533449,15.140453338623047,6193376.0
2019-10-02,15.075785822143951,15.34254229790137,15.035368781682113,15.22128963470459,3918927.0
2019-10-03,15.245539993049546,15.463794158755066,15.124285794332812,15.197037696838379,3041526.0
2019-10-04,15.213202419048232,15.358706198141423,15.156617958692193,15.180869102478027,2165251.0
2019-10-07,15.180870626387419,15.706299793337667,15.11620244494448,15.447627067565918,4961375.0
2019-10-08,15.358708835990914,15.601214148255776,15.285956933949223,15.552713394165039,8586752.0
2019-10-09,15.56079745937038,15.601214498384522,14.881780719616595,14.954532623291016,6002866.0
2019-10-10,14.970700683630495,15.067702198058056,14.461437336546346,14.703944206237793,5292834.0
2019-10-11,14.776694997157227,14.865612788366318,14.63119119469179,14.720108985900879,3240680.0
2019-10-14,14.623106984037609,14.623106984037609,13.733918309353554,14.235097885131836,7072583.0
2019-10-15,14.372518606281721,14.485687546376397,14.259348124375874,14.27551555633545,3144946.0
2019-10-16,14.138095468301414,14.348267458342361,13.644999586212608,14.27551555633545,5425463.0
2019-10-17,14.291680819865041,14.542269809972703,14.016840685497565,14.485685348510742,4618380.0
2019-10-18,14.695858160358641,15.00303162977225,14.655439584244332,14.800943374633789,4533200.0
2019-10-21,14.833280591107963,14.833280591107963,14.299767636163374,14.404852867126465,2745562.0
2019-10-22,14.445270924688835,14.728193283081055,14.388684911199173,14.728193283081055,1927971.0
2019-10-23,14.817111426196336,14.986866369370317,14.712026207516134,14.978782653808594,2366028.0
2019-10-24,15.035367065730272,15.132368568492632,14.889863269775645,15.067700386047363,2462445.0
2019-10-25,15.051534120830675,15.26978826749988,15.043450405500549,15.205120086669922,1484610.0
2019-10-28,15.156620509749391,15.342541351300971,15.091952323913574,15.091952323913574,2007806.0
2019-10-30,15.091952257772643,15.326373852220934,14.90603141703587,15.188955307006836,4531100.0
2019-10-31,15.164701673287471,15.277870593999548,15.11620092752671,15.180869102478027,3311705.0
2019-11-01,15.261704452278623,15.261704452278623,14.800943474154563,15.003031730651855,2255738.0
2019-11-04,15.197036515389856,15.520378964415606,15.003031971061043,15.447627067565918,2287398.0
2019-11-05,15.439543724060059,15.463793329053358,15.285956211254385,15.439543724060059,1485482.0
2019-11-06,15.504211420951806,15.722467109915069,15.285955731988542,15.63354778289795,3280212.0
2019-11-07,15.74671930808189,16.00539207458496,15.657801508228525,16.00539207458496,2254926.0
2019-11-08,16.05389150196948,16.26406347259775,15.989223321915476,16.13472557067871,3616629.0
2019-11-11,16.16706317435336,16.344900314219178,15.973058601278472,16.199398040771484,3243021.0
2019-11-12,16.1670605831799,16.538902236523736,16.126643548446367,16.247896194458008,4188591.0
2019-11-13,16.09430983880675,16.344898864069343,15.989224615893779,16.26406478881836,4679195.0
2019-11-14,16.328734654094813,16.474236929603343,16.21556416183976,16.377235412597656,7018787.0
2019-11-15,16.49040288446185,16.82991124716303,16.409567266330868,16.70057487487793,3235444.0
2019-11-18,16.700573913480685,16.975414074217667,16.652073162118594,16.829910278320312,3371823.0
2019-11-19,16.975416465931147,17.08858541565774,16.781411891337864,16.894580841064453,3998430.0
2019-11-20,16.862244399763288,16.87841028829984,16.587404251098633,16.587404251098633,3560583.0
2019-11-21,16.652073378629016,16.81374306587504,16.522737012107754,16.71674156188965,2861366.0
2019-11-22,16.65207200753606,16.732907615408806,16.425732613854557,16.555068969726562,2960280.0
2019-11-25,16.328733251230183,16.668241615204234,16.183229446411133,16.183229446411133,9589175.0
2019-11-26,16.199395617056428,16.24789636761576,15.770967951984327,15.964972496032715,8395934.0
2019-11-27,15.924556139642085,16.126644407699416,15.9003049924232,16.045808792114258,4094985.0
2019-11-28,16.15089315256207,16.280229513882624,16.053891652477176,16.247896194458008,1864747.0
2019-11-29,16.31256577395518,16.37723396016089,16.061976745134448,16.142810821533203,2999774.0
2019-12-02,16.19939563650445,16.7005736571117,16.19939563650445,16.65207290649414,7582422.0
2019-12-03,16.700571992390547,16.700571992390547,16.24789476752394,16.312562942504883,5188103.0
2019-12-04,16.296397866392056,16.40956680349678,16.01347398181912,16.078142166137695,4597703.0
2019-12-05,16.199398373009632,16.247899131820247,16.021559687685173,16.150896072387695,3871541.0
2019-12-06,16.247900512708952,16.37723690840361,16.037728484252266,16.34490203857422,2331411.0
2019-12-09,16.247896838657436,16.31256502188169,16.070058178432408,16.158977508544922,2717431.0
2019-12-10,16.150895487566018,16.183230353476468,15.819470821040232,15.851805686950684,3406119.0
2019-12-11,15.876054694632765,16.029642218280962,15.819470223239012,15.973057746887207,2249204.0
2019-12-12,16.110475436681927,16.328731115361716,16.013472398887252,16.296396255493164,3685140.0
2019-12-13,16.44190072806407,16.538902228099555,16.247896186182054,16.506568908691406,5115691.0
2019-12-16,16.4904031411815,16.700575134869496,16.29639857973362,16.328733444213867,5090050.0
2019-12-17,16.361066756764085,16.409567511643257,15.99730878245349,16.02964210510254,4288469.0
2019-12-18,15.997308877506104,16.118561536330095,15.819470205540458,16.102394104003906,3070829.0
2019-12-19,16.086227699569996,16.19939819127357,15.932640166279558,16.00539207458496,2437740.0
2019-12-20,16.02155696198711,16.150893324686034,15.908388030078317,15.964972496032715,1954106.0
2019-12-23,15.973056041199067,16.247896194458008,15.892220429920958,16.247896194458008,2338937.0
2019-12-24,16.377235180637307,16.377235180637307,16.158979457748828,16.199398040771484,1128179.0
2019-12-25,16.231729306445946,16.247896737604233,16.086225509643555,16.086225509643555,683534.0
2019-12-26,16.13472710553109,16.26406501975369,16.110477499335936,16.142810821533203,1060232.0
2019-12-27,16.199395292543745,16.231728611665233,16.086224821090966,16.13472557067871,2141790.0
2019-12-30,16.1670605831799,16.3448976945429,16.126643548446367,16.247896194458008,2010878.0
2019-12-31,16.28023092408427,16.587405965186527,16.247897601858927,16.44190216064453,2434083.0
2020-01-02,16.5065691788441,16.522736609718297,16.361065384598458,16.42573356628418,2422263.0
2020-01-03,16.409568786621094,16.522739279213795,16.14281230134261,16.409568786621094,3107735.0
2020-01-06,16.441903421718727,16.441903421718727,16.142812073685654,16.231731414794922,1825254.0
2020-01-07,16.344898665871664,16.3934009606075,16.102393359437013,16.118560791015625,2682724.0
2020-01-08,16.07814179406441,16.126644087539272,15.892220961177399,16.086225509643555,2604676.0
2020-01-09,16.328732265239346,16.635905746567005,16.231729220613666,16.571237564086914,7689399.0
2020-01-10,16.603574752807617,16.73291113589105,16.377235311505952,16.603574752807617,4210086.0
2020-01-13,16.587407595401725,16.862247799478833,16.571240161794524,16.813745498657227,4291285.0
2020-01-14,16.813743733529584,16.943080105186645,16.66824147177377,16.92691421508789,3351697.0
2020-01-15,16.862247516204558,17.201755907195633,16.603574750080178,16.894580841064453,4433409.0
2020-01-16,16.862246058678558,16.99158243056127,16.65207406891636,16.668241500854492,5453623.0
2020-01-17,16.652073821632374,17.0562503632166,16.490402588274222,17.040082931518555,3678167.0
2020-01-20,17.088584260165312,17.476594924926758,17.088584260165312,17.476594924926758,3024295.0
2020-01-21,17.21792118536555,17.492761375034895,16.94308099569621,17.314924240112305,2719237.0
2020-01-22,17.58976350528312,17.58976350528312,16.910746783177967,16.92691421508789,2903123.0
2020-01-23,16.975414276123047,17.104750642501,16.862245340995113,16.975414276123047,3444663.0
2020-01-24,17.185588762566216,17.201756196173417,16.6682432216264,16.813745498657227,3216466.0
2020-01-27,16.652072004992338,16.700572752984186,16.296396255493164,16.296396255493164,2265246.0
2020-01-28,16.29639955640328,16.377235180637307,16.07006011691027,16.199398040771484,3001828.0
2020-01-29,16.26406478881836,16.393401159393317,16.167061739981563,16.26406478881836,1834515.0
2020-01-30,16.312564375118285,16.312564375118285,15.997307187125813,16.247896194458008,2412010.0
2020-01-31,16.264065763090432,16.264065763090432,15.827554329893077,15.835638046264648,4895968.0
2020-02-03,15.811389129298073,15.884141045101604,15.698220167742122,15.795223236083984,2776573.0
2020-02-04,15.908389672442256,15.948806711779131,15.665882810987346,15.916473388671875,7953680.0
2020-02-05,15.964975212104237,16.280232457090214,15.859889977712685,16.150896072387695,7751065.0
2020-02-06,16.490402946287094,17.072418165563285,16.167062014362088,16.183229446411133,7642741.0
2020-02-07,16.231728077567038,16.458067471213965,16.158976184673776,16.296396255493164,4243794.0
2020-02-10,16.21556201483661,16.312565060810034,15.50421199767226,15.641632080078125,6734735.0
2020-02-11,15.698218451761914,16.296399606016763,15.488046444838108,16.231731414794922,9892358.0
2020-02-12,16.16706059603573,16.183228026666416,15.77096779645018,15.85988712310791,10423756.0
2020-02-13,15.738634603328846,16.00539106976455,15.601214512024926,15.973057746887207,4741897.0
2020-02-14,16.280230105539367,16.393400582165985,16.029641089100256,16.126644134521484,5136906.0
2020-02-17,16.167062014362088,16.29639838713209,15.924556700871129,16.183229446411133,3176450.0
2020-02-18,16.199396307544944,16.215562197213075,15.924556139642085,16.045808792114258,2915839.0
2020-02-19,16.005390266052906,16.11047702920255,15.932638365968119,16.078142166137695,3023311.0
2020-02-20,16.16706423423608,16.409569581025064,15.762887628380177,15.803304672241211,6582996.0
2020-02-21,15.762885450656988,16.029641911995657,15.609297929943455,15.884138107299805,3930044.0
2020-02-24,15.884137570557678,15.884137570557678,15.15662011347319,15.358708381652832,4260208.0
2020-02-25,15.358708881564734,15.479961538056957,15.140453174792027,15.164704322814941,5692388.0
2020-02-26,15.067700719672173,15.560796585367266,14.897947315173868,15.455711364746094,7231797.0
2020-02-27,15.366794768022881,15.415295529107922,14.849449204952053,14.881782531738281,3909418.0
2020-02-28,14.63119158145863,14.792861278174081,13.5641657242541,14.162346839904785,4399719.0
2020-03-02,14.227013642502886,14.752442803867462,14.0734261350295,14.259346961975098,4237987.0
2020-03-03,14.469518500456578,14.792859394526083,14.453351070300354,14.493769645690918,3101972.0
2020-03-04,14.76052870358089,14.962616991074913,14.550356699569752,14.574607849121094,2530665.0
2020-03-05,14.736276166788448,15.164703850996586,14.534187898318576,14.542271614074707,3398036.0
2020-03-06,14.477602217108421,14.477602217108421,14.008757535203925,14.10576057434082,2456728.0
2020-03-09,13.64499936078763,13.976425543238816,13.572249001793777,13.968341827392578,2566167.0
2020-03-10,14.138096535089765,14.275516633492819,13.44291232648476,13.62883472442627,5825017.0
2020-03-11,13.628834724426271,13.628834724426271,13.628834724426271,13.62883472442627,0.0
2020-03-12,12.440554280744028,12.731561114404407,11.648367854976854,11.9070405960083,4123416.0
2020-03-13,11.979793206026223,12.691144056860814,11.979793206026223,12.448637962341309,2998536.0
2020-03-16,12.2061309484925,12.2061309484925,11.4866964809191,11.519030570983887,3562672.0
2020-03-17,11.640283148438144,11.640283148438144,10.524756662224961,10.945099830627441,3892194.0
2020-03-18,10.880433019760988,11.155273203747372,10.686428456090225,11.122939109802246,3914794.0
2020-03-19,10.896599207757722,11.3169431816835,10.734928745057646,11.187606811523438,3018726.0
2020-03-20,11.333110412323075,11.502863816967043,10.977434629788078,11.042102813720703,2861459.0
2020-03-23,10.484338788008513,11.066352401958211,10.007410387287267,10.500505447387695,3453787.0
2020-03-24,10.90468294964796,11.066353412733935,10.629842776949012,10.928934097290039,4095884.0
2020-03-25,11.1229395988144,11.446280552481127,10.99360321734771,11.058271408081055,3738413.0
2020-03-26,10.977434762525032,11.777704126547128,10.888516201268878,11.559449195861816,4505814.0
2020-03-27,11.510947764399551,11.672618227485527,10.912766665528652,10.928934097290039,4781226.0
2020-03-30,10.88043189713655,10.90468227236688,10.654093262873895,10.718761444091797,4028025.0
2020-03-31,10.783429411025587,11.017851756008511,10.718761231092746,10.831930160522461,4986156.0
2020-04-01,10.751096534383743,10.90468328633103,10.589426066306176,10.605592727661133,6002065.0
2020-04-02,10.751096420556896,10.75918013660159,10.605592615374803,10.662177085876465,5502434.0
2020-04-03,10.72684673784625,11.139106261044915,10.654094830544825,11.058271408081055,10767906.0
2020-04-06,11.37802039123733,11.575042989234655,11.279509483686219,11.53399658203125,5424823.0
2020-04-07,11.706390989448671,12.379549256262639,11.706390989448671,12.026551246643066,8058814.0
2020-04-08,11.919831573488088,12.116853388861006,11.903412697426127,12.092225074768066,4435394.0
2020-04-09,12.231781756056364,12.535524684306656,12.108643323551156,12.461641311645508,6635915.0
2020-04-10,12.527316781219406,12.642245790197006,12.338503607635245,12.46985149383545,2796266.0
2020-04-13,12.313875297113537,12.650454429971424,12.182527419207544,12.371339797973633,3504021.0
2020-04-14,12.478060908399053,13.134801121029563,12.478060908399053,13.126591682434082,6913621.0
2020-04-15,13.26614718222949,13.29077549462833,12.502686721556527,12.592988967895508,4473374.0
2020-04-16,12.461642291591033,12.551943763669547,12.067597867376808,12.116853713989258,5827135.0
2020-04-17,12.395967591590031,12.469850182637565,12.116852971315767,12.330293655395508,5666789.0
2020-04-20,12.395968124476777,12.445223187292545,12.20715496262938,12.248201370239258,4868386.0
2020-04-21,12.190736933567264,12.190736933567264,11.928040393216705,11.993714332580566,4207626.0
2020-04-22,12.051179926314573,12.264619843283272,11.977296546908237,12.141481399536133,5729750.0
2020-04-24,12.034761065638856,12.190737263014523,11.96087768613408,12.018342971801758,8105674.0
2020-04-27,12.20715496262938,12.256410808340256,12.067597646492858,12.248201370239258,9158373.0
2020-04-28,12.281036897375063,12.437012288499602,12.19073543755507,12.198944091796875,10755540.0
2020-04-29,12.231783217189967,12.379549980163574,12.198946245739739,12.379549980163574,6594256.0
2020-04-30,12.478060027815332,12.765384095219293,12.39596799633927,12.658663749694824,13035870.0
2020-05-04,12.445223187292545,12.453432625393543,12.116853492203735,12.248201370239258,6182031.0
2020-05-05,12.338503108548375,12.395968393607887,12.190737133997791,12.207155227661133,4881548.0
2020-05-06,12.239991301412749,12.248200739090715,12.026550619156044,12.051178932189941,5985064.0
2020-05-07,12.059388429125546,12.166108777706585,11.870576046717257,12.116853713989258,4906141.0
2020-05-08,12.166109466062283,12.3549226420487,12.149691371525948,12.1579008102417,6433653.0
2020-05-11,12.330293655395508,12.37133927834578,12.001923191527814,12.330293655395508,5253730.0
2020-05-12,12.264619757955144,12.551943835226323,12.198945817360896,12.5191068649292,6418357.0
2020-05-13,12.527317105456593,12.54373520020898,12.437014844185343,12.49448013305664,5365112.0
2020-05-14,12.395968124476777,12.404176779682667,12.182527431221496,12.248201370239258,6051055.0
2020-05-15,12.395967473910341,12.412385566355573,12.264618819873164,12.297455787658691,3703687.0
2020-05-18,12.371339687730865,12.527315878525638,12.313875187382845,12.437013626098633,5147236.0
2020-05-20,12.478060415092653,12.584780763929365,12.412386474715465,12.428805351257324,6801705.0
2020-05-21,12.3877583552336,12.568362074152208,12.363130824484044,12.445222854614258,6339098.0
2020-05-22,12.437012892668765,12.55194266948232,12.363130303533323,12.527315139770508,7587736.0
2020-05-27,12.888522256935026,13.110172381237327,12.790011351543475,12.822848320007324,11107214.0
2020-05-28,12.93777822294052,13.701238725535001,12.93777822294052,13.660191535949707,14398293.0
2020-05-29,13.610937032798189,13.955725610513062,13.27435789333727,13.331822395324707,10397437.0
2020-06-01,13.32361302819594,13.873632867825107,13.32361302819594,13.832587242126465,6587518.0
2020-06-02,13.824376831265363,14.210211009375508,13.807957955824895,14.202001571655273,10310413.0
2020-06-03,14.530372069288344,14.661719934470087,14.407232075614155,14.538579940795898,5626163.0
2020-06-04,14.65351190969597,14.686348096261614,14.333350087387208,14.374397277832031,5427441.0
2020-06-05,14.431863449051134,14.645304166697832,14.193795980077384,14.60425853729248,8803472.0
2020-06-08,14.661722372746834,15.03934715649666,14.49753673107019,14.776651382446289,8714410.0
2020-06-09,14.776650665346612,14.858743482201032,14.366188146864761,14.423652648925781,6122260.0
2020-06-10,14.431862330675385,14.489326833705908,14.160957126538435,14.169166564941406,7829792.0
2020-06-11,14.111701554085062,14.128118864509934,13.832586921589401,13.90647029876709,5344135.0
2020-06-12,13.816166989781603,14.218420031576777,13.66840024671601,14.095281600952148,5966437.0
2020-06-15,14.062445640563965,14.234840718008863,13.758704244089582,14.062445640563965,8719443.0
2020-06-16,14.32514211625498,14.440071117127127,14.218420987624956,14.316932678222656,6338576.0
2020-06-17,14.300513707145331,14.36618764517739,13.996770765128181,14.03781795501709,6527947.0
2020-06-18,14.021398769318898,14.070653830307316,13.881841458359917,13.98856258392334,5940255.0
2020-06-19,14.054237236936618,14.300514120223133,13.980353858792617,14.144537925720215,9262386.0
2020-06-22,14.259468276166954,14.53858134224068,14.251258838077991,14.374397277832031,10768174.0
2020-06-23,14.366186350690207,14.497534214919028,14.32514073028997,14.357976913452148,5080214.0
2020-06-24,14.341559975881005,14.366188290921365,14.095283088638459,14.111701965332031,4397351.0
2020-06-25,14.029609451612012,14.193795090524372,13.881842689748948,14.160957336425781,4263833.0
2020-06-26,14.284094826748778,14.35797820273565,14.177375264651182,14.259468078613281,4044484.0
2020-06-29,14.152747435104137,14.57141939142875,14.152747435104137,14.546791076660156,7041063.0
2020-06-30,14.57962880376111,14.916207942715525,14.481117110652145,14.891579627990723,13025562.0
2020-07-01,14.891578131598767,14.98188037739204,14.374396100669308,14.407232284545898,11237500.0
2020-07-02,14.448280949166275,14.678138957178831,14.431862072653878,14.546791076660156,8751941.0
2020-07-03,14.612464719251149,14.628883595429077,14.308723338910529,14.374397277832031,7721518.0
2020-07-06,14.44827926210224,14.587836564581599,14.440069824804622,14.538579940795898,6226533.0
2020-07-07,14.546791271590168,14.842324789612515,14.448281142776228,14.760231971740723,12196247.0
2020-07-08,14.817694244416947,14.940834235586918,14.694555819037006,14.71097469329834,8580951.0
2020-07-09,14.776649032784357,14.866951277926418,14.25125756822707,14.349767684936523,8961647.0
2020-07-10,14.169165502172692,14.259467752041914,13.89005088056797,14.013189315795898,8239467.0
2020-07-13,14.284095633298566,14.50574577377463,14.169166626736287,14.472908020019531,6988804.0
2020-07-14,14.456490300633105,14.456490300633105,14.19379454117285,14.26767635345459,6192137.0
2020-07-16,14.448280963719181,14.513954904044667,14.390816461658162,14.423652648925781,6761490.0
2020-07-17,14.497536335335855,14.497536335335855,14.34976957501848,14.472908020019531,5060609.0
2020-07-20,14.481117150986801,14.555000529576754,14.407233772396848,14.423652648925781,4846256.0
2020-07-21,14.579628415389228,14.710976292175511,14.226630409354767,14.341559410095215,11633055.0
2020-07-22,14.37439834718854,14.481117918703855,14.284096087282277,14.308724403381348,4365066.0
2020-07-23,14.34976864537965,14.522163709844865,14.308723021635169,14.448280334472656,3963345.0
2020-07-24,14.349768328079382,14.399024954431818,14.202001580602362,14.30051326751709,3482081.0
2020-07-27,14.39081466240438,14.464698031756848,14.32514073028997,14.357976913452148,2921391.0
2020-07-28,14.333350451968958,14.366188205160073,13.807958927233127,13.832587242126465,8375501.0
2020-07-29,13.947514948156199,14.004979445100268,13.504216281880442,13.586307525634766,7409458.0
2020-07-30,13.668401434265824,13.693029748846568,13.274357795715332,13.274357795715332,4604603.0
2020-08-04,13.413915439932453,13.693030082147175,12.748965805074132,13.200474739074707,13407525.0
2020-08-05,13.200474171835015,13.25793867232927,12.748965257236303,12.97061538696289,10039678.0
2020-08-06,12.855684752288663,12.863894189785999,12.215363502502441,12.215363502502441,17233149.0
2020-08-07,12.108643533567683,12.354921185744685,11.755645539350812,12.330293655395508,12022486.0
2020-08-10,12.256410122247509,12.256410122247509,11.813110667245201,12.084015846252441,17584739.0
2020-08-11,12.141481369746504,12.527316359646747,12.125063275971563,12.4862699508667,18637514.0
2020-08-12,12.453432660578168,12.601199415233172,12.289247812569892,12.560153007507324,24384754.0
2020-08-13,12.56836239772773,12.691500837540824,12.272828889544137,12.371339797973633,22828566.0
2020-08-14,12.239991560735577,12.32208437346436,12.0922248109818,12.133271217346191,21673873.0
2020-08-17,12.174318904778032,12.272829820681533,12.075807988874532,12.1579008102417,13095063.0
2020-08-18,12.166107348536038,12.46984948209559,12.15789869414418,12.412384986877441,30102058.0
2020-08-19,12.560152466265862,12.945987429630263,12.420595155748845,12.888522148132324,31287768.0
2020-08-20,12.880312605995266,12.880312605995266,12.478059553244458,12.609407424926758,23984198.0
2020-08-21,12.847476959228516,13.011662598610279,12.60940872159914,12.847476959228516,37553055.0
2020-08-24,12.94598717150831,13.241519096400623,12.929568296294814,13.15121841430664,18060755.0
2020-08-25,13.184055622816398,13.282567315957662,12.74075691815632,12.896732330322266,15512567.0
2020-08-26,12.888522148132324,13.019870020878908,12.740756182739954,12.888522148132324,8433082.0
2020-08-27,13.003451663349148,13.01986975566049,12.880312447986297,12.92956829071045,7109702.0
2020-08-28,12.98703338499911,12.9952428229796,12.675081787796344,12.691500663757324,10467606.0
2020-08-31,12.683291297736167,12.691500735763233,12.248201259937924,12.313875198364258,12302497.0
2020-09-01,12.281038229151092,12.354921605604494,12.042970006631853,12.313875198364258,10550109.0
2020-09-02,12.36313099906909,12.379549092168945,12.215364246694907,12.223573684692383,12099653.0
2020-09-03,12.264618989389518,12.305665395412522,12.0675971799532,12.075806617736816,10044962.0
2020-09-04,12.05117971817642,12.190737036223595,12.010133310004584,12.149690628051758,10062045.0
2020-09-07,12.19894531592567,12.272828691781019,12.174317784938918,12.256410598754883,6163343.0
2020-09-08,12.305665182306063,12.31387461994751,12.0593875333281,12.084015846252441,8342097.0
2020-09-09,12.116853070307933,12.166108131408691,12.042969695761713,12.166108131408691,12379362.0
2020-09-10,12.215363502502441,12.272827999193689,12.1250620387169,12.215363502502441,13612705.0
2020-09-11,12.231782661500313,12.239992099713705,12.10043478166653,12.149690628051758,8332822.0
2020-09-14,12.223574104219601,12.26461972982552,12.174318257439323,12.207155227661133,8095974.0
2020-09-15,12.215364567968651,12.256410976140486,12.075807249921475,12.149690628051758,9341429.0
2020-09-16,12.19894574781651,12.207155186067771,12.07580730562807,12.116853713989258,6235650.0
2020-09-17,12.108643950830027,12.108643950830027,12.001923605112587,12.092225074768066,5805624.0
2020-09-18,12.16610829564766,12.174317733573638,12.051179296264326,12.067597389221191,5337705.0
2020-09-21,12.02655233350213,12.067598744847924,11.509370212388731,11.525788307189941,14031866.0
2020-09-22,11.4929499125833,11.525786881017735,11.312346194746368,11.353392601013184,24694168.0
2020-09-23,11.378020077822475,11.640716606951065,11.345183109543287,11.607879638671875,21263845.0
2020-09-24,11.533996918825052,11.977296407196995,11.525787480565635,11.895203590393066,29195179.0
2020-09-25,12.19073677670603,12.19073677670603,11.919831584592128,11.969086647033691,19235973.0
2020-09-28,11.928039663315381,11.944458538599198,11.739227294921875,11.739227294921875,11964435.0
2020-09-29,11.772064953050908,11.870575861846488,11.681762699483627,11.780274391174316,14782424.0
2020-09-30,11.862365406337823,12.07580608186989,11.804900910192666,12.05938720703125,17173009.0
2020-10-01,12.133270746136562,12.207154118144103,12.084015686728236,12.182526588439941,18681590.0
2020-10-02,12.08401742759028,12.264620381965782,12.042971016906698,12.1579008102417,18290744.0
2020-10-05,12.198945942573836,12.289248198989156,12.198945942573836,12.231782913208008,12189812.0
2020-10-06,12.272828427173135,12.281037864956751,12.0675971799532,12.075806617736816,17809085.0
2020-10-07,12.051179517358147,12.116853456180662,11.870575794148676,11.936249732971191,23079581.0
2020-10-08,11.936249744928613,11.969086714372766,11.739227928263697,11.813111305236816,32978267.0
2020-10-09,11.821319731707476,12.07580682714717,11.79669220082463,12.067597389221191,14285304.0
2020-10-12,12.084016156024989,12.182527061562478,12.042969749660598,12.133271217346191,15043584.0
2020-10-13,12.182528343493782,12.215365315461616,12.092226083410864,12.1579008102417,13971120.0
2020-10-14,12.166108025266883,12.453432083129883,12.116852964595845,12.453432083129883,25831648.0
2020-10-15,12.437012831494581,12.543733170247586,12.297455525655653,12.338501930236816,20355045.0
2020-10-16,12.33850392698549,12.502688788985246,12.33850392698549,12.49448013305664,17876990.0
2020-10-19,12.584780792602844,12.790012052472944,12.51089741378639,12.74075698852539,20845841.0
2020-10-20,12.724337677155575,12.839267460597926,12.675081831995968,12.7818021774292,21950821.0
2020-10-21,12.831058729751778,12.855686262241338,12.625827465583441,12.699710845947266,12927584.0
2020-10-22,12.691500510795072,12.70791860366308,12.371339479470505,12.445222854614258,16344253.0
2020-10-23,12.420595388020239,12.478059887697716,12.149690199690575,12.289247512817383,12032742.0
2020-10-26,12.149689617208068,12.182526584434507,11.81311050741331,11.837738037109375,15085816.0
2020-10-27,11.82131968712434,12.03476037502426,11.755645749754379,11.977295875549316,12113089.0
2020-10-28,11.944458538599198,11.952667976241106,11.739227294921875,11.739227294921875,3977956.0
2020-10-30,11.533996264319931,11.640716606951065,11.32876501685123,11.607879638671875,13182195.0
2020-11-02,11.681761908221878,11.84594752798854,11.67355325354959,11.804901123046875,11000094.0
2020-11-03,11.862365406337823,12.100433611232807,11.78027338082975,12.05938720703125,17665754.0
2020-11-04,12.084017406512729,12.289248676677506,12.034761557199309,12.281039237976074,14848999.0
2020-11-05,12.387757938984358,12.560152214228685,12.330293441534602,12.461641311645508,17861312.0
2020-11-06,12.683292331090001,12.81464021864406,12.609408948617052,12.716129302978516,25987083.0
2020-11-09,13.05270671948896,13.463169204792324,12.91314941185421,13.39749526977539,36697703.0
2020-11-10,13.200472664273255,13.783330172271533,13.1840537900671,13.775120735168457,28323099.0
2020-11-11,13.832586362201393,14.957252719020001,13.832586362201393,14.825904846191406,52561895.0
2020-11-12,14.850533671822502,15.622203625653695,14.505745102305603,15.088601112365723,56226286.0
2020-11-13,15.105020903071056,15.581157378777101,15.105020903071056,15.531902313232422,27354412.0
2020-11-16,15.69608439990462,15.811013382091062,15.252784212974147,15.334877014160156,22278495.0
2020-11-17,15.24457746843125,15.24457746843125,14.513954697008497,14.530373573303223,23912053.0
2020-11-18,14.546791067489275,14.90799852158303,14.464699816559541,14.866952896118164,24529527.0
2020-11-19,14.940838009234321,15.73713482255145,14.481118808544657,15.704297065734863,44566792.0
2020-11-20,15.655039975143854,16.106549678336847,15.589366035779992,15.991619110107422,20056873.0
2020-11-23,16.008037995458903,16.164014188707714,15.318460848852839,15.76996898651123,14720357.0
2020-11-24,15.728924140177183,15.942364845243967,15.351299361375391,15.630414009094238,15133758.0
2020-11-25,15.646830355601924,15.852061609458472,15.425181791437408,15.433389663696289,16539162.0
2020-11-26,15.523691287803484,15.76176028421561,15.293831729107998,15.679667472839355,12924429.0
2020-11-27,15.687879625872823,15.778180324805158,15.326672132772243,15.343091011047363,12121411.0
2020-11-30,15.228159233370668,15.228159233370668,14.579629250322721,14.628884315490723,15629087.0
2020-12-01,14.702766632394441,15.039345757306528,14.563209319690149,15.014719009399414,13418100.0
2020-12-02,15.047557710554894,15.310253504077506,14.957255444360081,15.113231658935547,11818022.0
2020-12-03,15.031135995466899,15.400552864013958,14.817695312060835,15.211740493774414,11465343.0
2020-12-04,15.28562492144113,15.351298861956646,15.088601534104333,15.170694351196289,6278022.0
2020-12-07,15.080392090587134,15.367714571791417,14.9982992820473,15.195321083068848,12979411.0
2020-12-08,15.219950032513982,15.548319714629624,15.219950032513982,15.269205093383789,11098903.0
2020-12-09,15.285624590374622,15.613994285840144,15.285624590374622,15.466227531433105,13120269.0
2020-12-10,15.458017574404128,15.605784323850704,15.31846026279238,15.42518138885498,9277516.0
2020-12-11,15.269203937040453,15.687875837203002,15.129646636986271,15.646828651428223,9904679.0
2020-12-14,15.802805258127208,16.361034473616037,15.794595820747658,15.975198745727539,18033196.0
2020-12-15,16.040876598618393,16.147596168632532,15.860272081346341,16.03266716003418,8939301.0
2020-12-16,16.13117631248135,16.599103322851324,16.10654956401359,16.37745475769043,14416802.0
2020-12-17,16.51701292069509,16.681196993464926,16.188641643574837,16.34461784362793,9830736.0
2020-12-18,16.262525024347866,16.50059404368102,16.213269959095946,16.34461784362793,6173547.0
2020-12-21,16.196848752043472,16.196848752043472,15.65503841484495,15.917734146118164,10565956.0
2020-12-22,16.016246580101743,16.278942323706854,15.950572644200465,16.147594451904297,7631136.0
2020-12-23,16.17222433235106,16.53343023191887,16.17222433235106,16.34461784362793,11688561.0
2020-12-24,16.26252302106078,16.451336951883107,16.22147739937207,16.410289764404297,6706312.0
2020-12-25,16.369244877919293,16.484173876441652,16.278942627200202,16.319988250732422,2887381.0
2020-12-28,16.352828020934922,16.517013666912746,16.352828020934922,16.451339721679688,4556304.0
2020-12-29,16.451337068709474,16.960309670740305,16.418499318493236,16.911054611206055,9598455.0
2020-12-30,17.009564617183674,17.305098104004486,16.927473373769093,17.223005294799805,9844850.0
2020-12-31,17.108078909347327,17.55137764136502,17.00956721012654,17.45286750793457,6649381.0
2021-01-04,17.33793933398057,17.649890192623342,17.272265386593126,17.42003059387207,10353058.0
2021-01-05,17.239425659179688,17.73198099117144,17.12449665583803,17.239425659179688,15345270.0
2021-01-06,17.436445972415935,17.518538781620617,17.12449517638627,17.223005294799805,11481406.0
2021-01-07,17.403612557421052,17.452867624465146,17.140915213008405,17.38719367980957,7609127.0
2021-01-08,17.420027939989847,17.6663063795159,17.33793669260467,17.633468627929688,9849174.0
2021-01-11,17.633469663102066,18.158862758793394,17.518540657383777,17.91258430480957,19592972.0
2021-01-12,17.9290019094683,18.257371592357984,17.83049022170632,18.20811653137207,9886265.0
2021-01-13,18.273792190669663,18.38872119906818,17.945422476823687,18.093189239501953,6695651.0
2021-01-14,18.14244228496669,18.20811622042308,17.92900160328589,18.15886116027832,6456550.0
2021-01-15,18.043928324471118,18.126021124891437,17.567791960981186,17.666303634643555,7954818.0
2021-01-18,17.584215008697957,18.109606550851524,17.206588663432353,18.093189239501953,8196010.0
2021-01-19,18.2737908883996,18.421557640547363,18.126024136251836,18.19169807434082,7409132.0
2021-01-20,18.323046049896146,18.569324493408203,17.830490728662227,18.569324493408203,11527529.0
2021-01-21,18.61857870847305,18.84843669967535,18.10960453434343,18.15886116027832,9038675.0
2021-01-22,18.011097257518653,18.175281339184785,17.73198259631681,18.060352325439453,8710119.0
2021-01-25,18.19169917796453,18.306628185145026,17.748400460418125,17.78123664855957,5821588.0
2021-01-26,17.731980316898145,17.961838314840914,17.584213566340548,17.633468627929688,6914112.0
2021-01-27,17.600632370482273,17.666306307597164,16.763288497924805,16.763288497924805,11036806.0
2021-01-28,16.6155210181693,17.206586426242087,16.517010899718887,16.976728439331055,11387003.0
2021-01-29,16.69761446844885,17.1573320257102,16.533428843674717,16.582685470581055,12646558.0
2021-02-01,16.74686920432291,16.91105482590838,16.566266273210992,16.779706954956055,6504957.0
2021-02-02,16.894635736097936,17.173750349775528,16.861799551671808,16.911054611206055,10332655.0
2021-02-03,16.99314926828659,17.633469809211583,16.99314926828659,17.60063362121582,14474830.0
2021-02-04,17.567794582101012,17.978257079653794,17.518539520815924,17.699142456054688,11110363.0
2021-02-05,17.74840103980659,17.89616623995226,17.45286750793457,17.45286750793457,7187571.0
2021-02-08,17.58421304223632,17.814072599118216,17.239424489808545,17.715560913085938,8506060.0
2021-02-09,17.649887606398362,18.355883611707156,17.649887606398362,18.01109504699707,15477687.0
2021-02-10,18.09318814679273,18.30662727355957,17.89616476459375,18.30662727355957,8267639.0
2021-02-11,18.388720293237526,18.782763930442062,18.37230141690645,18.618579864501953,12932030.0
2021-02-12,18.50364855151566,19.0290400021913,18.372299123056717,18.63499641418457,14806472.0
2021-02-15,18.799181835005257,18.914112397591587,18.405138218169636,18.52006721496582,9903628.0
2021-02-16,18.634997681622504,19.094715232230854,18.158861255616326,18.33946418762207,25163786.0
2021-02-17,18.388720967607494,18.700673366177327,17.97825843901898,18.02751350402832,16606433.0
2021-02-18,18.109604523475603,18.421556891048848,18.027511712756848,18.40513801574707,13513342.0
2021-02-19,18.306626638215043,18.651415196411808,18.290209328426744,18.45439338684082,14438068.0
2021-02-22,18.5200697889373,19.045462916862224,18.470814721434774,18.996206283569336,22739686.0
2021-02-23,19.045460381343936,19.19322556417956,18.45439338684082,18.45439338684082,15096785.0
2021-02-24,18.306627074548995,18.569324392695126,18.043931322193057,18.19169807434082,11726048.0
2021-02-25,18.552907943725586,18.65141808085058,18.011097492166936,18.552907943725586,12706016.0
2021-02-26,17.994675530088905,18.470811953366297,17.715560913085938,17.715560913085938,13526734.0
2021-03-01,17.92900189589916,18.897693634033203,17.912583020319563,18.897693634033203,11773196.0
2021-03-02,18.881273687270184,19.17680716777593,18.717088072369197,18.86485481262207,7974587.0
2021-03-03,18.93052874542445,19.29173615873258,18.602159081412548,18.86485481262207,9218131.0
2021-03-04,18.766344800808078,18.946947725572738,18.667833118160942,18.79918098449707,6312080.0
2021-03-05,18.733506430606802,19.14396889075433,18.700670248005814,18.94694709777832,6736534.0
2021-03-08,18.97978633373086,19.029041394387775,18.437974403344196,18.52006721496582,7686267.0
2021-03-09,18.733507690759716,19.58727041687612,18.733507690759716,19.094715118408203,19321512.0
2021-03-10,19.078297506744033,19.258900449635306,18.930530750837434,19.242483139038086,6268232.0
2021-03-11,19.291736395934212,19.505177071613826,19.111133469954577,19.176807403564453,7373116.0
2021-03-12,19.127552793577102,19.24248336384173,18.93053097199664,19.111135482788086,5042125.0
2021-03-15,19.07829772962955,19.275319551210014,18.979787601734444,19.111135482788086,5251407.0
2021-03-16,19.127553291620124,19.406667937574262,18.88127639967955,19.275320053100586,9591258.0
2021-03-17,19.34099239199146,20.917168440802712,19.275318455198917,19.767873764038086,38096344.0
2021-03-18,20.014152607496822,20.21117600307674,19.226065288338404,19.52159881591797,20168730.0
2021-03-19,19.505178050645043,19.521596926319152,18.815600930234094,18.832019805908203,11894187.0
2021-03-22,17.239424601104712,17.649887091607205,16.960309982299805,16.960309982299805,20593654.0
2021-03-23,15.59757643071753,17.07524093994306,15.359507407300908,16.714035034179688,32226575.0
2021-03-24,16.861798791891108,17.239423507621698,16.549846442053624,16.681194305419922,20423027.0
2021-03-25,16.828962993054848,17.124496502766245,16.434919357299805,16.434919357299805,15931217.0
2021-03-26,16.648359195561607,16.71403313147784,15.67966746645456,15.80280590057373,21348850.0
2021-03-29,15.794596469292026,16.147594462156825,15.679667472839355,15.679667472839355,16558139.0
2021-03-30,15.69608488459814,16.26252194211422,15.622201517828216,16.00803565979004,21047780.0
2021-03-31,15.942364902757275,16.114758415669503,15.81922645556421,15.934155464172363,13136844.0
2021-04-01,16.02445633068445,16.599102889592846,16.016246892812738,16.517011642456055,12151995.0
2021-04-02,16.664776167773116,16.71403279305556,16.344615932387786,16.467754364013672,6853088.0
2021-04-05,16.451337054709633,16.582684923882596,16.40208042942719,16.467754364013672,5025994.0
2021-04-06,16.484173996669366,16.599102996029963,16.122966556948693,16.131175994873047,13416883.0
2021-04-07,16.13117493899877,16.13117493899877,15.76175965132419,15.95057201385498,13643842.0
2021-04-08,16.016249426174898,16.246109025570288,16.016249426174898,16.04908561706543,11186724.0
2021-04-09,16.008037146035726,16.008037146035726,15.515481843768907,15.80280590057373,11941815.0
2021-04-12,15.802804912450538,15.860269407060315,15.236366271972656,15.236366271972656,15989572.0
2021-04-13,15.285623329041673,15.367714571791417,14.92441591094046,15.195321083068848,13257168.0
2021-04-14,15.352148391751783,15.776006698608398,15.352148391751783,15.776006698608398,12221647.0
2021-04-15,15.82687154703731,16.047278092720084,15.54712508845751,15.716669082641602,17076512.0
2021-04-16,15.623417689707551,15.682757594877478,15.41148853302002,15.41148853302002,11348760.0
2021-04-19,15.41996696563697,15.54712414511392,15.097833719611353,15.27585506439209,10841448.0
2021-04-20,15.301286613287038,15.436921163249133,15.080881682267165,15.14022159576416,9207416.0
2021-04-21,15.131745122142414,15.157175591195342,14.46204807762982,14.487480163574219,16582715.0
2021-04-22,14.284026917759995,14.631590640260114,14.156869734363346,14.589203834533691,24769252.0
2021-04-26,14.597682610183861,15.182607650756836,14.597682610183861,15.182607650756836,18097574.0
2021-04-27,15.216514365363778,15.657325790213157,15.216514365363778,15.487783432006836,17776899.0
2021-04-28,15.43692169324026,15.759054973128473,15.216516754653291,15.292811393737793,12996249.0
2021-04-29,15.343672627502725,15.801438805737332,15.343672627502725,15.699713706970215,14512059.0
2021-04-30,15.648848495740253,15.733620483646378,15.462351415859729,15.52169132232666,11512967.0
2021-05-03,15.53016997442956,16.004890882538092,15.496262146581753,15.996415138244629,10332097.0
2021-05-04,16.047277543748677,16.310069270541792,15.759053733630566,15.784485816955566,22673416.0
2021-05-05,15.818393053186883,15.91164240500147,15.657326431932026,15.801438331604004,11759783.0
2021-05-06,15.826872523776604,15.98793916650242,15.74210052145294,15.843827247619629,14060816.0
2021-05-07,15.945549433172856,16.072706604897512,15.759052355769436,16.01336669921875,24024363.0
2021-05-10,16.055754688842363,16.403318405151367,16.055754688842363,16.403318405151367,17966648.0
2021-05-11,16.19139029943156,16.318547488954227,16.115095662339684,16.267684936523438,13641644.0
2021-05-12,16.149004482991597,16.28463904239407,16.149004482991597,16.174436569213867,3676887.0
2021-05-17,16.19138941278838,16.479613222265307,16.19138941278838,16.301591873168945,15185705.0
2021-05-18,16.445704398570502,16.547431118592076,16.343979295440292,16.41179656982422,14588420.0
2021-05-20,16.293113371857853,16.31006809285028,16.13204837310336,16.182910919189453,14927703.0
2021-05-21,16.25920626779712,16.352455620499526,16.191388997711165,16.233774185180664,11177013.0
2021-05-24,16.26768420304394,16.26768420304394,15.996415113122236,16.072708129882812,11252319.0
2021-05-25,16.14052773799028,16.343979564491242,15.57255744934082,15.57255744934082,22113434.0
2021-05-26,15.742098924549666,15.852303001458592,15.479307199206627,15.826870918273926,14675637.0
2021-05-27,15.759053414034149,15.869255872424947,15.436920166015625,15.436920166015625,18541385.0
2021-05-28,15.428446257190787,15.767532650525334,15.428446257190787,15.750577926635742,15547777.0
2021-05-31,15.75057792663574,15.88621248396956,15.657328562134442,15.750577926635742,9032342.0
2021-06-01,15.818392261448198,16.064230861421542,15.809914901081067,16.01336669921875,13779344.0
2021-06-02,15.86925661071411,15.962505968461619,15.784486231188753,15.852303504943848,11115882.0
2021-06-03,15.835347777125923,16.098139494134664,15.776007868468263,16.0218448638916,16138443.0
2021-06-04,16.030323831594817,16.174435745734293,15.962506555346321,16.038801193237305,11153232.0
2021-06-07,16.038801816654782,16.3355030181088,16.030324454682784,16.27616310119629,11545534.0
2021-06-08,16.25920638552256,16.4117956485436,16.14900231027791,16.318546295166016,18208926.0
2021-06-09,16.335502323285958,16.437227428840153,16.293115515228877,16.35245704650879,13431113.0
2021-06-10,16.35245497022885,16.479612144472082,16.34397760969381,16.437225341796875,12667652.0
2021-06-11,16.47961303720859,16.57286077436309,16.35245585607698,16.403318405151367,12890233.0
2021-06-14,16.471136164795524,16.50504399288716,16.216820178097272,16.284637451171875,10079318.0
2021-06-15,16.233773644036763,16.267683086395017,15.945549851556427,16.08118438720703,11028392.0
2021-06-16,16.05575427353033,16.199866172922775,15.89468765258789,15.89468765258789,7684017.0
2021-06-17,15.776007596496514,15.92859685435206,15.725143432617188,15.725143432617188,9928374.0
2021-06-18,15.767532107644923,15.88621193700297,15.453876194052562,15.470830917358398,15347111.0
2021-06-21,15.470828493141239,15.759052276611328,15.360626042704396,15.759052276611328,12455314.0
2021-06-22,15.792961174409157,16.064231872558594,15.776008069498971,16.064231872558594,14472742.0
2021-06-23,16.123572625315138,16.19138989917686,15.954028632215156,15.979460716247559,9895359.0
2021-06-24,16.013366647494347,16.335499872840202,16.013366647494347,16.199865341186523,11217127.0
2021-06-25,16.199864745265664,16.259204648569902,15.894686251825464,15.92011833190918,7488236.0
2021-06-28,15.996414993989983,15.996414993989983,15.691236461655205,15.784485816955566,7745847.0
2021-06-29,15.759052881282297,15.945549964904785,15.631895705317364,15.945549964904785,11488620.0
2021-06-30,15.894688744218511,15.962506018184857,15.530170290315152,15.538647651672363,12216953.0
2021-07-01,15.614940616233914,15.759052510104182,15.597985895333606,15.708189964294434,7544593.0
2021-07-02,16.233774534178597,16.66611024660524,16.233774534178597,16.48809051513672,45342576.0
2021-07-05,16.471137817842546,16.750884299462108,16.377888451672195,16.700021743774414,14933153.0
2021-07-06,16.666111383654197,16.776315467988802,16.589816745850673,16.60677146911621,13252840.0
2021-07-07,16.59829501550753,16.76783902365517,16.59829501550753,16.700021743774414,10917333.0
2021-07-08,16.640678221626942,16.801744848441132,16.62372511635016,16.74240493774414,14327081.0
2021-07-09,16.784790154953882,16.911948954540488,16.70849552195844,16.86956214904785,12579012.0
2021-07-12,16.903470288416973,17.022150100851125,16.50504243200315,16.538951873779297,14286822.0
2021-07-13,16.606771579103818,16.793268685585726,16.564386387550655,16.691543579101562,11780855.0
2021-07-14,16.69154275554892,17.123878479003906,16.69154275554892,17.123878479003906,8673258.0
2021-07-16,17.12387632195787,17.174738866283406,16.928900271076238,16.95433235168457,7115527.0
2021-07-19,16.852607700507182,16.920424973505327,16.700020048929847,16.72545051574707,3682120.0
2021-07-26,16.742404519844136,16.827176511677294,16.555907431324194,16.67458724975586,8894349.0
2021-07-27,16.64067792358159,16.82717663030759,16.496566021516617,16.75935935974121,11331466.0
2021-07-28,16.759359008434934,16.98824289813288,16.75088164768043,16.94585609436035,9738796.0
2021-07-29,17.03910478432402,17.5138256499094,17.03910478432402,17.462963104248047,10674726.0
2021-07-30,17.293419722578097,17.53078097195638,17.22560245374019,17.429054260253906,7305822.0
2021-08-02,17.462963822485968,17.632506187294016,17.429054379389612,17.513826370239258,4895533.0
2021-08-03,17.46296221780425,17.598596743943652,17.344280794763957,17.496870040893555,5872963.0
2021-08-04,17.58164405822754,17.717278600060457,17.47991896029849,17.58164405822754,7230555.0
2021-08-05,17.42905397694295,18.056364107719393,17.395146151520787,17.886821746826172,11698683.0
2021-08-06,17.886821925911146,17.9207297516728,17.61555285225305,17.78509521484375,8802085.0
2021-08-09,17.785094840239154,17.819004282177797,17.496871051325435,17.5477352142334,7453605.0
2021-08-10,17.5138255527799,17.835958779594705,17.429053565886996,17.81900405883789,11809006.0
2021-08-11,17.768141778095746,18.27677213642259,17.547736852482405,18.25981903076172,23564722.0
2021-08-12,18.242862009158994,19.310985141968107,18.124180583141673,19.243167877197266,22312346.0
2021-08-13,19.26012423666303,20.0230706154257,19.022764578284786,19.531394958496094,17700234.0
2021-08-16,19.48052954217642,19.785708074154435,19.412712270280338,19.751798629760742,14549086.0
2021-08-17,19.65007461505204,20.31129264831543,19.599212062545178,20.31129264831543,20268088.0
2021-08-18,20.34520132509003,20.396063875673185,19.785708418001363,20.006114959716797,13834365.0
2021-08-19,19.768753660760556,19.836570933715997,19.31098747253418,19.31098747253418,12965003.0
2021-08-20,19.294032914847406,19.700936556055076,19.26012346963443,19.650074005126953,11412547.0
2021-08-23,19.751797681075136,20.14174818841662,19.616163143797547,19.972204208374023,20364703.0
2021-08-24,20.09088723224719,20.531698704863565,19.989160512787194,20.429973602294922,16506773.0
2021-08-25,20.328247099953188,20.413019097593377,19.83657145390974,19.887434005737305,10290933.0
2021-08-26,19.887431078324582,20.277381563312527,19.700934004481475,19.85352325439453,8805733.0
2021-08-27,19.88743351916767,20.226521501432234,19.81961624609302,20.006114959716797,12674001.0
2021-08-31,20.10784099805141,20.209567720850234,19.412713512415564,19.531394958496094,23851231.0
2021-09-01,19.65007311498684,19.85352492637439,19.548346400847425,19.68398094177246,12340397.0
2021-09-02,19.683981833448588,19.81961638051781,19.59921145419883,19.650074005126953,5725620.0
2021-09-03,19.667029510966923,19.717892063920633,19.29403368322644,19.531394958496094,8457172.0
2021-09-06,19.633116193556273,19.717888176359825,19.53139110770488,19.7009334564209,4786237.0
2021-09-07,19.70093578547942,19.70093578547942,19.327939987182617,19.327939987182617,4315638.0
2021-09-08,19.294032342740294,19.36184961426399,18.802356719970703,18.802356719970703,10269384.0
2021-09-09,18.734538799883108,19.005807876586914,18.615857366156764,19.005807876586914,12280363.0
2021-09-10,19.10753416623468,19.27707652697952,18.8871276420643,18.937990188598633,9317102.0
2021-09-13,18.937990607410963,19.124487693422022,18.81931079057586,19.005807876586914,5354995.0
2021-09-14,18.95494532892776,19.175351857972412,18.768446626025465,19.005807876586914,8534973.0
2021-09-15,18.988853391334853,19.192305201394113,18.921036121315097,19.175352096557617,12018158.0
2021-09-16,19.26012420654297,19.633120033700138,19.158399100794632,19.26012420654297,11652859.0
2021-09-17,19.327940501068024,19.921342849731445,19.31098739556523,19.921342849731445,12246060.0
2021-09-20,19.63312077929304,19.700938057997845,19.44662366707769,19.582258224487305,11082758.0
2021-09-21,19.751799129445644,19.819616403057378,19.209260940551758,19.209260940551758,10280640.0
2021-09-22,19.34489410975874,19.446620821375603,19.158397024834258,19.361848831176758,7428208.0
2021-09-23,19.41271216368393,19.565301428835063,18.683676899027066,18.802356719970703,14289595.0
2021-09-24,18.632813046449986,18.666722491228438,18.19199996567805,18.344589233398438,12051116.0
2021-09-27,18.497177542859458,18.615857359653102,18.242863187761298,18.56499481201172,7983409.0
2021-09-28,18.497175474279715,18.90407904368835,18.497175474279715,18.666719436645508,8743838.0
2021-09-29,18.887128239817308,19.02276277946232,18.76844680495948,18.904081344604492,5911276.0
2021-09-30,18.887128294750852,19.412711733181126,18.802356303003343,19.175352096557617,10071772.0
2021-10-01,19.039718942533014,19.44662424371908,18.988856386219073,19.294034957885742,6845836.0
2021-10-04,19.260120600976055,19.34489258449097,18.954943723969908,18.98885154724121,5442620.0
2021-10-05,18.988852390328304,19.209258910496484,18.93798984471755,19.124486923217773,7243400.0
2021-10-06,18.971897384849036,19.039714650276274,18.531085968017578,18.531085968017578,9882463.0
2021-10-07,18.751494286073065,18.954946101897548,18.70063011944847,18.887128829956055,6428886.0
2021-10-08,18.81931174272285,19.039716666027463,18.768447575599026,18.785402297973633,4612862.0
2021-10-11,18.853220286983714,19.02276428338964,18.819312457837356,18.836265563964844,8068300.0
2021-10-12,18.70063066579301,18.971899761484195,18.598905563354492,18.598905563354492,14293227.0
2021-10-13,18.666724233689493,19.039718459721986,18.344590945789694,18.446317672729492,22822568.0
2021-10-14,18.480223174619944,18.70062970780093,18.29372608510893,18.378498077392578,17402304.0
2021-10-15,18.463271459652894,18.497179288984288,18.090275635659225,18.225910186767578,10812913.0
2021-10-18,18.242864193668055,18.344589294559917,18.124182753439108,18.175046920776367,15044868.0
2021-10-19,18.25981963299036,18.480224565872895,18.225910186767578,18.225910186767578,14223739.0
2021-10-20,18.310679118019646,18.395451102484174,18.090272605168327,18.107227325439453,21678885.0
2021-10-21,18.10722941729339,18.14113724486176,17.513827074379485,18.005502700805664,36629350.0
2021-10-22,18.090275643814177,19.03971750200066,18.03941309134846,18.921037673950195,33944726.0
2021-10-25,18.80235802629684,19.531394958496094,18.734540750061427,19.531394958496094,30573691.0
2021-10-26,19.616163490713863,19.887432570066494,19.599210385922763,19.785707473754883,17893859.0
2021-10-27,19.887432218352725,20.006113651139035,19.667027307945062,19.972204208374023,11956007.0
2021-10-28,19.904386641619457,20.12479316561723,19.870478816253524,19.989158630371094,4499038.0
2021-11-01,20.056977034972817,20.19261157790773,19.75179850492362,20.107839584350586,12873027.0
2021-11-02,20.073933431820844,20.15870543245047,19.768754876310748,19.95525360107422,15556082.0
2021-11-03,19.90438787415089,20.633424758911133,19.497484243215943,20.633424758911133,22032257.0
2021-11-04,20.887737935807024,21.413322975201474,20.87078483148427,21.125099182128906,13879981.0
2021-11-05,21.074239903543454,21.667640686035156,20.90469589889356,21.667640686035156,14881972.0
2021-11-08,21.888044177372585,22.464491772114343,21.752409639420552,21.989770889282227,19836226.0
2021-11-09,22.227132496265703,22.871397417201266,21.854138292217254,22.24408721923828,26992224.0
2021-11-10,22.244088611131794,22.515357728101826,21.735458208367245,22.09149932861328,15974141.0
2021-11-11,22.00672429378968,22.447537356587294,21.921953919082743,21.972816467285156,13988765.0
2021-11-12,22.04063462508849,22.430583538501452,21.93890790769436,22.36276626586914,12158790.0
2021-11-15,22.888349640019918,24.583782946688057,22.888349640019918,24.024290084838867,40318489.0
2021-11-16,23.820838142111718,24.041244664710575,23.43088764308569,23.49870491027832,21857215.0
2021-11-17,23.32916390826368,23.973428792528985,23.14266519996321,23.786930084228516,14348001.0
2021-11-18,23.820838208544973,24.58378287081264,22.888349569377286,23.769975662231445,41141904.0
2021-11-19,24.058199295192487,24.12601656668773,23.278299864551553,23.430889129638672,20531188.0
2021-11-22,23.668249729504268,23.70215755586241,23.227436668609723,23.634340286254883,16439988.0
2021-11-23,23.532614417949667,24.63464541712617,22.990076278895536,23.769975662231445,41506323.0
2021-11-24,24.10906361594397,24.770281613036044,23.990382177398462,24.651601791381836,45018818.0
2021-11-25,24.685511520095773,25.245004424182586,24.65160207529472,25.07546043395996,23761504.0
2021-11-26,24.60073797432572,24.804189779633898,23.7869291362018,24.007335662841797,19734072.0
2021-11-29,24.159927335407712,24.787237535352737,23.617389133702044,24.600740432739258,19590729.0
2021-11-30,24.244696851789982,24.532920646164357,24.176879583519025,24.19383430480957,21765445.0
2021-12-01,24.583784164162704,25.177186497640385,24.49901217125285,24.838098526000977,23231362.0
2021-12-02,24.855054170166632,25.499319076538086,24.804191619290062,25.499319076538086,20933503.0
2021-12-03,25.65190806496425,26.855665868461152,25.65190806496425,26.65221405029297,18472749.0
2021-12-06,26.838708980259405,26.889571526474175,26.126626865687864,26.482667922973633,13119556.0
2021-12-07,26.720031300499915,27.516883850097656,26.465715315335498,27.516883850097656,19011704.0
2021-12-08,27.889881416085906,28.381555432728415,27.330388509543653,28.313739776611328,26828719.0
2021-12-09,28.398507060441396,28.720640284795,27.906829863597352,28.34764289855957,28070356.0
2021-12-10,28.347646059812476,28.41546494988455,27.499929336607504,28.127241134643555,17159833.0
2021-12-13,28.262874305484246,29.212316083806456,28.262874305484246,28.72064208984375,21447674.0
2021-12-14,28.991912891470367,29.60226673975526,28.991912891470367,29.246227264404297,20914696.0
2021-12-15,30.09394310575849,30.585620348152734,29.314045287346037,30.43303108215332,33028787.0
2021-12-16,30.68734421585672,31.975873947143555,30.11089661939202,31.975873947143555,35968807.0
2021-12-17,33.06094855213364,33.68826028085885,28.788455963134766,28.788455963134766,38266067.0
2021-12-20,27.449067356135043,29.670084180780034,25.95708578616029,28.262874603271484,27432651.0
2021-12-21,28.381554826638443,28.652823912879132,25.448455810546875,25.448455810546875,22379094.0
2021-12-22,24.32946892965461,24.78723508792222,22.90530467390432,22.956167221069336,39313404.0
2021-12-23,23.464798748780655,23.8717023807859,22.057589142094045,23.346118927001953,26266051.0
2021-12-24,24.007336088163775,24.973732584721414,23.99038136653158,24.95677947998047,20401879.0
2021-12-27,25.126321845628674,25.651906897987985,24.600738410160616,24.95677947998047,16646618.0
2021-12-28,25.058504935629873,25.12632220624072,23.78692989900812,24.329469680786133,12731794.0
2021-12-29,24.227743896616953,25.126323170933222,23.634341543320712,24.97373390197754,13483077.0
2021-12-30,25.160231649991776,25.39759128868409,24.193835139564445,24.329469680786133,10705223.0
2021-12-31,24.346422732521525,24.702463806672558,23.78692984698294,24.058198928833008,9474178.0
2022-01-03,24.244697405721062,25.651906967163086,23.905611056618994,25.651906967163086,17004120.0
2022-01-04,25.821449398059467,26.24530773972341,25.482363048106567,25.906221389770508,20173933.0
2022-01-05,25.90622272563563,26.6352596282959,25.567136358197597,26.6352596282959,13532618.0
2022-01-06,26.279218046561184,27.466022735725385,26.211400774342486,27.194753646850586,14987338.0
2022-01-07,27.398200023384874,27.788148880004883,26.66916323609745,27.788148880004883,12575659.0
2022-01-10,27.974650260974855,28.161148964191746,27.601656088323548,27.669471740722656,12280661.0
2022-01-11,27.88988042618893,27.974650801772196,26.974344847733494,27.82206153869629,14136711.0
2022-01-12,28.127238515715465,28.466326466938032,27.550790938906523,28.059419631958008,16859412.0
2022-01-13,27.720334914517807,28.245918328508655,27.686425472639076,28.059419631958008,12788028.0
2022-01-14,27.97464926104355,28.19505416569056,27.618609822663984,28.059419631958008,12101154.0
2022-01-17,28.178103091667886,28.754547443146024,28.144193649291992,28.144193649291992,11980088.0
2022-01-18,28.144195787988618,28.245920889064045,26.73698616027832,26.73698616027832,9766739.0
2022-01-19,26.94043644083814,27.85597038269043,26.109672872743968,27.85597038269043,18888811.0
2022-01-20,27.805106756045006,28.07637583785754,26.550486444216403,27.126934051513672,18915811.0
2022-01-21,26.87261909026079,27.347338355919586,26.41485131227627,26.720029830932617,15145947.0
2022-01-24,26.652213664613857,26.872620201996092,25.194139896837747,25.2619571685791,13480322.0
2022-01-25,25.397592544734888,26.533533096313477,24.600739979871555,26.533533096313477,20150913.0
2022-01-26,26.567442541741542,26.838711637600664,26.279218723168388,26.533533096313477,9973777.0
2022-01-27,25.940132790843542,26.94043881136345,25.804498240626405,26.872621536254883,13176848.0
2022-01-28,27.02520721976601,27.41515773584279,26.8217554092921,27.04216194152832,16736465.0
2022-01-31,27.347339859988047,27.601657462043786,27.16084438127185,27.516883850097656,12861846.0
2022-02-01,27.61861228942871,28.025515926969092,27.482974509799263,27.61861228942871,13867637.0
2022-02-02,27.822063747266913,28.144197020863466,27.49993047367036,27.80510902404785,15382359.0
2022-02-03,27.63556246303617,27.754245514564293,26.448761051797423,26.703075408935547,12274281.0
2022-02-04,26.99129956850667,27.076071560977745,26.363989411246717,26.516578674316406,10313671.0
2022-02-07,26.363988780170416,27.618610681549633,25.85535845441033,27.601655960083008,14509607.0
2022-02-08,27.618609769293332,28.347643365583032,27.550790885666927,28.24591827392578,15159861.0
2022-02-09,28.466327794737648,28.720642153125773,28.144194549428683,28.534143447875977,12581438.0
2022-02-10,28.585010528564453,28.924095296405707,28.279831973859334,28.585010528564453,13014121.0
2022-02-11,28.245920765550398,28.720643291464302,27.499929148766448,28.65282440185547,17758379.0
2022-02-14,28.008559480231867,28.720641610535473,27.364293001785416,28.381553649902344,22207051.0
2022-02-15,28.41546264004685,29.229269852062977,28.41546264004685,28.924091339111328,16240947.0
2022-02-16,29.314041272613313,29.70399012841372,29.246222393109505,29.38185691833496,14458114.0
2022-02-17,29.6361738786075,29.771808415868172,28.958001192304145,29.008865356445312,17440979.0
2022-02-18,29.008867513885555,29.195362995374943,28.398510433927985,28.737598419189453,13978935.0
2022-02-21,28.974955913684536,29.28013443096666,28.50023341638096,29.008865356445312,15153562.0
2022-02-22,28.398507918907047,29.17840568864357,28.212009220151618,28.924091339111328,11567701.0
2022-02-23,29.059726885412925,29.14450049406115,28.09333038330078,28.09333038330078,14901751.0
2022-02-24,25.431500552837072,26.380943951575144,25.295866012573242,25.295866012573242,20987244.0
2022-02-25,25.804495034040208,27.177796705450096,25.601043233996368,26.753936767578125,18040257.0
2022-02-28,25.889269269312027,27.109980175556764,25.889269269312027,26.82175636291504,19059590.0
2022-03-01,27.126935913689167,27.398205014123437,26.703077540037775,26.872621536254883,12104186.0
2022-03-02,27.109981536865234,27.330389704896763,26.669168434584968,27.109981536865234,11057170.0
2022-03-03,27.381248880821506,27.754246300044045,27.228659615463663,27.466022491455078,16337730.0
2022-03-04,27.262568596192313,27.482973512527042,26.24530792236328,26.24530792236328,19880284.0
2022-03-07,25.990994159199193,26.279217969506377,25.414546538584833,25.78754234313965,21177958.0
2022-03-08,25.601045680416338,26.245308967008302,25.38063913841747,25.414546966552734,21914682.0
2022-03-09,25.736679024402896,26.55048626432664,25.601044484415606,26.347034454345703,26682492.0
2022-03-10,26.482668573102274,26.753937648762076,25.94013042178267,26.279216766357422,19749407.0
2022-03-11,26.211401449203606,26.923483634279478,26.075766901274044,26.533533096313477,17852916.0
2022-03-14,26.974342893320294,28.957999935799606,26.940435068922017,28.788455963134766,47992752.0
2022-03-15,28.703689226083707,29.008867768743645,28.39851068342377,28.46632957458496,32383215.0
2022-03-16,28.652824681588257,29.212317591192797,28.347646142934387,29.076683044433594,23476021.0
2022-03-17,29.36490242424043,30.687341480693213,29.24622261797842,30.331298828125,31960197.0
2022-03-18,30.297395369360178,30.90774917602539,30.16176083079208,30.90774917602539,17687858.0
2022-03-21,31.450287441930566,31.501151606742575,30.87383984252442,31.009477615356445,13707366.0
2022-03-22,31.009477046743275,31.772420102238577,30.94165816157084,31.450286865234375,18773432.0
2022-03-23,31.61983293862176,31.806331651415668,31.145113646102924,31.36551856994629,15947507.0
2022-03-24,31.48419672448382,33.01008608945054,31.48419672448382,31.975873947143555,22002915.0
2022-03-25,32.2301877573619,32.857496273989454,31.823284149169922,31.823284149169922,14494336.0
2022-03-28,31.908059613957047,32.17932872937864,31.31465721130371,31.31465721130371,16556092.0
2022-03-29,31.670693777905637,32.82358891078941,31.670693777905637,32.73881530761719,23111428.0
2022-03-30,32.78967902686054,33.95952886458581,32.72186014523832,33.90866470336914,21978860.0
2022-03-31,34.11212250516498,34.637705970258175,33.28135726727284,33.620445251464844,12944674.0
2022-04-01,33.75607709807727,34.34947940605289,33.027040254031434,33.298309326171875,16060129.0
2022-04-04,33.51871801686987,33.8917121887207,33.50176329536086,33.8917121887207,14555862.0
2022-04-05,34.0273513463817,34.24775952213781,33.60349295246308,33.77303695678711,18424639.0
2022-04-06,33.89171356408659,34.400345528650405,33.65435392089304,33.7391242980957,15777096.0
2022-04-07,34.01841739509708,34.330672638448895,33.844941892260515,34.122501373291016,13329830.0
2022-04-08,34.66027045823977,35.82255195891243,34.59088224636295,35.770511627197266,22954223.0
2022-04-11,35.701127857552585,37.48792019689271,35.44091621617329,36.95014572143555,37168586.0
2022-04-12,36.86340434163495,37.05422772879807,36.04807376617719,36.620540618896484,21121609.0
2022-04-13,36.880753963692,36.95014218399064,35.475608587749825,35.52764892578125,18717255.0
2022-04-14,35.805207753333136,35.89194716304324,34.955181390795026,35.007225036621094,16013134.0
2022-04-15,35.007226981490554,35.631737531018146,34.97253121567895,35.336830139160156,9715373.0
2022-04-18,35.35417399990601,35.83990478515625,35.35417399990601,35.83990478515625,12198738.0
2022-04-19,35.97868328211142,36.53380226945517,35.61438768745589,36.48176193237305,24045300.0
2022-04-20,36.568496805879434,36.620540449984794,35.683774708708555,35.85725021362305,18518743.0
2022-04-21,35.85725237081965,36.13481187187299,35.66642897305663,35.68377685546875,21234491.0
2022-04-22,35.37151794978182,35.59703708916263,34.226584298560496,34.26128005981445,20674153.0
2022-04-25,34.12250021467044,35.21539022052299,33.77554922077794,34.86844253540039,15106202.0
2022-04-26,35.354176560656306,35.475611747342285,33.75820764640194,34.3480224609375,13972610.0
2022-04-27,34.348019773822635,34.9031420860758,33.86229230016022,34.76436233520508,12969366.0
2022-04-28,35.04191775749772,35.4409090812057,34.60823067291864,34.81639862060547,10593586.0
2022-04-29,34.93783074891695,35.16334988757804,34.48679578036466,34.86844253540039,10702218.0
2022-05-05,35.40621299902784,35.63173213387353,34.66027069091797,34.66027069091797,13746187.0
2022-05-06,34.62558053729823,34.851099708662346,33.58473402222511,34.0184211730957,18600092.0
2022-05-09,34.0184159731895,34.95517835531998,33.96637233188286,34.81639862060547,15845173.0
2022-05-10,35.128658116374744,35.97868450831113,35.128658116374744,35.73582077026367,5619440.0
2022-05-11,36.18685788940348,36.308289765472004,34.69497299194336,34.69497299194336,20731045.0
2022-05-12,33.810248707633164,33.91433269376247,32.94287443609172,33.3939094543457,23680593.0
2022-05-13,33.758206459695856,33.82759799250566,33.25513108190638,33.515342712402344,14796047.0
2022-05-16,33.359212025668654,33.56738329631548,33.06430465570155,33.22043228149414,12821426.0
2022-05-17,33.37656234677054,33.758205843952155,33.04695918947668,33.099002838134766,13047301.0
2022-05-18,33.04695815724053,33.70616445123767,33.04695815724053,33.34186553955078,16611894.0
2022-05-20,33.220432213157494,33.51533958251795,33.012264251708984,33.012264251708984,7836920.0
2022-05-23,33.3071715458638,33.82759475708008,32.85613655205032,33.82759475708008,15937433.0
2022-05-24,34.01841998866203,34.22658796092063,33.3939094543457,33.3939094543457,13762243.0
2022-05-25,33.827595720327636,34.86844548116868,33.758204192178816,34.504146575927734,23996927.0
2022-05-26,34.52149502364419,34.937834273048836,34.191891877076685,34.712318420410156,15937168.0
2022-05-27,34.72966674849453,35.05926659052229,34.05311256435432,34.15719985961914,12801214.0
2022-05-30,34.69497170672676,35.66642998805941,34.556191952250664,35.336830139160156,15170346.0
2022-05-31,35.47560994599004,36.32563635700684,35.44091418012722,35.54499816894531,22129648.0
2022-06-01,35.63173760966415,36.4297203724704,35.388870557217174,35.64908218383789,13711921.0
2022-06-02,35.718472944186864,36.100116434403375,35.49295377955462,35.94398880004883,12108783.0
2022-06-03,36.13481211360689,36.2562439825338,35.510301577673914,35.631736755371094,8553997.0
2022-06-06,35.82255808806756,36.7593239244567,35.82255808806756,36.56850051879883,12912111.0
2022-06-07,36.42971958568189,36.51645568975873,35.57969319240174,35.94398880004883,17079322.0
2022-06-08,36.25623919165103,36.533798657884596,34.45210266113281,34.45210266113281,17124262.0
2022-06-09,34.46945100241231,34.76435835282623,33.35920981385824,34.10515213012695,18570023.0
2022-06-10,33.636776752397346,34.72967030314584,32.90818215482189,33.23778533935547,20473770.0
2022-06-13,32.99491500438925,34.19188900509782,32.96021924266061,33.914329528808594,15472169.0
2022-06-14,34.15719879886956,34.50414651266702,33.84494354031273,34.29597854614258,17561682.0
2022-06-15,34.29597647927376,34.67761993408203,33.77554997678615,34.67761993408203,10829922.0
2022-06-16,34.60823619276395,34.64292865039845,33.324519305945785,33.515342712402344,13100207.0
2022-06-17,33.584731754449244,33.9837231122038,33.411256244060695,33.42860412597656,15266419.0
2022-06-20,33.67146845644913,33.86229185216062,33.237781327119514,33.74085998535156,13307962.0
2022-06-21,33.98372468981571,34.57353946725541,33.79290128865278,34.5214958190918,13226657.0
2022-06-22,34.26128486697359,35.77051760558025,33.98372535553771,35.597042083740234,22848779.0
2022-06-23,35.54499647735388,35.90929538403567,34.71231798889576,35.26743698120117,18072706.0
2022-06-24,35.440916871882884,35.51030510010823,34.60823828055512,35.47561264038086,11105509.0
2022-06-27,34.10515213012695,34.10515213012695,34.10515213012695,34.10515213012695,131700.0
2022-06-28,35.215396240537935,35.99603445585995,34.34802191630034,34.59088897705078,19403921.0
2022-06-29,34.59088461775082,34.677620715735515,32.196929931640625,32.196929931640625,17177426.0
2022-06-30,31.936716855681297,32.66531129496098,31.62446162330859,31.745893478393555,22587323.0
2022-07-01,31.74589592400927,32.16223847176001,31.607116177682407,31.84998321533203,17930995.0
2022-07-04,32.14489161719508,32.422451118719366,31.26016946529757,31.381601333618164,11982077.0
2022-07-05,31.4162968002056,31.93672003342969,30.826482037874182,31.225473403930664,14204829.0
2022-07-06,31.277515176532724,31.50303101507762,30.774436546961,31.32955551147461,14192018.0
2022-07-07,31.450992550180246,31.58977231416054,30.91322137835293,31.017305374145508,14665145.0
2022-07-08,30.96525791447145,31.190773738324403,30.89586639404297,30.89586639404297,5641885.0
2022-07-13,30.791786081014415,30.878522183086655,29.872368178705724,30.25401496887207,13278184.0
2022-07-14,30.254015362369433,30.271363244763556,29.178469815325517,29.369293212890625,14315647.0
2022-07-18,29.750934600830078,29.95910586610638,29.64685062257693,29.750934600830078,16505909.0
2022-07-19,29.75093604801367,30.271362582134685,29.66419994671192,30.20197105407715,35842234.0
2022-07-20,30.392796161335507,30.670355671677083,30.236668523172078,30.583616256713867,29061497.0
2022-07-21,30.583614072959758,31.034649072252265,30.514225854714052,30.653005599975586,22648550.0
2022-07-22,30.774438391043685,31.607116887710315,30.774438391043685,31.225473403930664,21137880.0
2022-07-25,31.26016946529757,31.62446507025935,31.03465030232768,31.381601333618164,18997076.0
2022-07-26,31.537726777552226,31.79793837857173,31.190775770346207,31.32955551147461,16303309.0
2022-07-27,31.503030739829356,31.711202004088136,30.98260754233739,31.39894676208496,14745778.0
2022-07-28,31.71120328637858,31.74589574118289,30.89586938622992,30.982608795166016,12801315.0
2022-07-29,31.017300667859892,31.988762177091704,31.017300667859892,31.919370651245117,19741113.0
2022-08-01,32.09284555314477,32.85613577924273,32.04080190973922,32.75204849243164,14558863.0
2022-08-02,32.752052881763134,33.428607101624955,32.7173604236134,33.064308166503906,20519963.0
2022-08-03,33.324515476767104,33.5673825049242,33.06430387617095,33.4112548828125,15936080.0
2022-08-04,33.79290032325818,34.07045982132751,33.636772691997905,33.74085998535156,16746289.0
2022-08-05,33.79290205137318,34.50414871514414,33.18573937750836,34.22658920288086,24643520.0
2022-08-08,34.60823367826507,35.19804842921317,34.41741028567299,35.007225036621094,21551824.0
2022-08-09,34.972525142720045,35.44090797353133,34.348014701638334,34.85109329223633,20399807.0
2022-08-10,34.85109835230873,35.68377685546875,34.6429270721336,35.68377685546875,19649960.0
2022-08-11,36.08277264345334,36.308291833658416,35.52765357336492,35.996036529541016,26460218.0
2022-08-12,36.013378934087356,36.637889447293254,35.42356418467516,35.82255554199219,30049688.0
2022-08-15,36.10011683444876,36.204204131018756,34.97253092510297,35.180702209472656,18097052.0
2022-08-16,36.08276506507895,37.36648178100586,34.694967681333594,37.36648178100586,51577861.0
2022-08-17,37.36648529726912,39.03184231447708,36.915450277916065,38.788978576660156,49908363.0
2022-08-18,38.78897992872526,40.697200750264884,38.65020017245383,40.593116760253906,43458752.0
2022-08-19,40.61046021215036,41.44313865892077,40.14207734505324,40.28085708618164,21626862.0
2022-08-22,39.84717156249996,40.67985335107714,39.656351478858866,40.24616622924805,23799588.0
2022-08-23,40.24616260846123,42.01560339166909,40.17677108700178,41.82478332519531,27786197.0
2022-08-24,42.06764943112609,42.39725255931011,40.1594254962076,40.33290100097656,22671527.0
2022-08-25,40.62780987972289,41.44314048110469,40.62780987972289,41.11354064941406,19897994.0
2022-08-26,41.148233600699854,41.68600802287426,39.951259507197314,40.7665901184082,25437306.0
2022-08-29,40.21146750983597,40.67985036108988,39.53491670831582,40.26350784301758,22357164.0
2022-08-31,40.31555294687434,40.47168056962041,39.569610595703125,39.569610595703125,16108195.0
2022-09-01,39.378792742124844,39.378792742124844,38.21651110094262,38.476722717285156,22927369.0
2022-09-02,38.58080803306507,40.41964060192973,38.47672404469131,40.07269287109375,25557567.0
2022-09-05,41.6686573528509,43.5855535403204,40.870671368467725,43.498817443847656,40636257.0
2022-09-06,43.88913673454979,44.14935166254262,41.807440471998916,42.553382873535156,41071725.0
2022-09-07,42.79624883663563,43.54219127697698,42.032958512940944,42.588077545166016,26021189.0
2022-09-08,43.07380817054594,44.626408982012606,42.67481678141821,43.29932403564453,36357418.0
2022-09-09,43.54218398849557,45.190192925958925,43.368708492770516,44.322818756103516,25943828.0
2022-09-12,45.01672758908604,47.0550558749056,44.626408491503256,46.8815803527832,28402936.0
2022-09-13,47.70558288613412,48.48622102050618,43.1085001061334,43.19523620605469,38510723.0
2022-09-14,43.10850043949651,43.54218755999694,41.13088492005087,43.455448150634766,23877003.0
2022-09-15,43.71566343775244,44.62640573671183,42.3972541832863,42.692161560058594,23283560.0
2022-09-16,42.81359422335054,43.498820686382025,42.431947429373395,42.501338958740234,21564727.0
2022-09-19,42.501342313922706,42.77890183576097,40.54107777734365,40.61046600341797,18270609.0
2022-09-20,40.64515973819914,42.31051678594517,40.36760023024147,41.65131378173828,21564445.0
2022-09-21,41.94621753805024,42.76154810843414,41.3043591635314,42.51868438720703,22631598.0
2022-09-22,42.5186874317498,43.28197772153746,42.102348176075694,42.813594818115234,26538395.0
2022-09-23,43.21258355166941,43.67229083133502,42.067649841308594,42.067649841308594,20493960.0
2022-09-26,41.99826064562898,42.48399142891658,40.593115251993396,41.28701400756836,23036868.0
2022-09-27,41.460484873226115,42.466638783146806,41.21762116320833,41.373748779296875,17250397.0
2022-09-28,41.02679804779025,41.720696729960906,40.246163271136986,40.26350784301758,16262926.0
2022-09-29,40.41963685187643,40.99210369797528,38.407328949906535,39.36144256591797,16875567.0
2022-09-30,39.32674816353856,39.91656291128401,38.771629179488755,39.37879180908203,24084010.0
2022-10-03,39.63900408679609,43.02176169360539,39.63900408679609,42.848289489746094,25117804.0
2022-10-04,43.17789121612273,44.06261339140795,42.32786480663779,43.41208267211914,29801166.0
2022-10-05,43.75903112024715,44.322822391635626,42.640117555251216,43.455448150634766,23690300.0
2022-10-06,43.8891356191489,45.320304451656654,43.75903146722922,45.1901969909668,29463317.0
2022-10-07,45.36367621941328,46.49126217229624,44.66977742600611,45.667259216308594,23839450.0
2022-10-10,46.14430880691615,46.31778431132114,45.32030264256996,45.62388229370117,15163131.0
2022-10-11,45.623879441042156,45.88409433576459,44.71313723582317,45.27693176269531,15581077.0
2022-10-12,45.190195424657595,45.363670929974624,43.28197479248047,43.28197479248047,25574318.0
2022-10-13,43.2819754663569,44.23608579730043,43.05645631330254,43.802398681640625,32786416.0
2022-10-14,44.66977443265286,45.19019766564169,44.27945535352612,44.583038330078125,22151691.0
2022-10-17,44.84325029554311,49.00664611816406,44.84325029554311,48.78980255126953,47807876.0
2022-10-18,49.050012653504005,49.700543334077715,47.271896121689885,48.00916290283203,39861235.0
2022-10-19,48.13927053914976,49.31022444497237,47.14178883510076,48.87653732299805,26273042.0
2022-10-20,49.310226296786,50.00412836502008,48.00916488200251,48.44285202026367,28163624.0
2022-10-21,48.57295586908469,49.57043753633283,48.00916130781051,49.31022262573242,21360224.0
2022-10-24,49.700541630012374,51.08834235291534,49.22348647570231,49.78728103637695,25307702.0
2022-10-25,49.960756468233136,50.394443601842,48.91990999458805,50.264339447021484,26090569.0
2022-10-26,50.35107335290023,50.69802436815438,48.87653650122524,48.96327590942383,21599868.0
2022-10-27,48.96327884959253,49.310226576910246,47.22853028669302,47.70558547973633,21191382.0
2022-10-28,47.575476024609586,47.70558348489464,46.75147313870481,47.27189636230469,9150897.0
2022-10-31,47.40200268801705,48.44284911030402,46.70810066146563,48.22600555419922,22401236.0
2022-11-01,48.52958961068068,50.177598688921016,48.31274604969352,48.87653732299805,30221562.0
2022-11-02,48.919906958528955,49.61380566748446,48.48621985183551,49.180118560791016,20652419.0
2022-11-03,49.74390959764229,50.69802321347563,49.006642842981556,49.91738510131836,34485241.0
2022-11-04,50.307704898326364,52.34603299742294,49.83064973776867,51.91234588623047,46223702.0
2022-11-07,52.90983104133356,55.25174225737616,52.606251367063535,54.60121154785156,49385074.0
2022-11-08,55.165002662595725,56.5094354382041,54.38436779899793,55.2083740234375,42935961.0
2022-11-09,55.25173981164965,56.379325663158795,53.9940465004867,54.03741455078125,28797879.0
2022-11-10,53.86393906445619,55.945638567209244,53.56035940349102,55.5119514465332,22563407.0
2022-11-11,56.552797864337016,56.943120243298445,53.82057099053833,54.03741455078125,34042706.0
2022-11-14,53.90731188289783,54.99152971393946,53.560360853456416,54.81805419921875,26697398.0
2022-11-15,55.25174496337855,56.11911597645464,53.90731542627051,55.42522048950195,36363488.0
2022-11-16,55.68542548576938,57.94060388175261,54.90479062804856,55.07826614379883,46462881.0
2022-11-17,55.16500450071728,55.251743916520745,52.43277742393061,53.43025588989258,31645074.0
2022-11-18,53.43025428544512,55.81553355370196,53.30015012880238,54.60121154785156,25033425.0
2022-11-21,54.86142366408497,57.0732307434082,54.471104573100256,57.0732307434082,27797324.0
2022-11-22,57.50691666865818,59.371766052552324,56.986486813343944,59.15492248535156,29536739.0
2022-11-23,59.32839790826279,59.80544975823016,57.76712166691109,59.28502655029297,33259092.0
2022-11-24,59.58860529874277,60.67282305612557,58.63449499575391,59.501869201660156,34505392.0
2022-11-25,59.198296236486954,61.67031167889803,58.7646090845713,61.06315231323242,35208997.0
2022-11-28,61.583570638518516,62.36420877293736,61.41009843866555,61.540199279785156,25819196.0
2022-11-29,61.93052683858384,62.01726294576906,59.848827178434476,61.453468322753906,21309080.0
2022-11-30,61.453465423191574,61.800416453103054,60.71619862059247,61.23662185668945,31681062.0
2022-12-01,62.10400102380046,62.581059554769645,60.75957477591265,61.88715744018555,34807664.0
2022-12-02,61.71368302782074,61.71368302782074,58.85134517877729,59.718719482421875,31174060.0
2022-12-05,60.10904240992884,60.412622095324274,58.677873473017996,59.371768951416016,22124197.0
2022-12-06,59.415133104577535,60.75956577074822,59.111553456018356,59.501869201660156,23712189.0
2022-12-07,59.501870562419874,59.76208547715866,56.55279687138771,57.81049346923828,22364434.0
2022-12-08,57.76712073750311,58.5911302028914,56.37932333281866,58.37428665161133,25424165.0
2022-12-09,58.98145151422641,59.76208969601106,58.287549437631014,59.54524612426758,20683299.0
2022-12-12,60.10903863487017,61.75704442852792,59.89219507070042,60.7161979675293,37401840.0
2022-12-13,61.14988100175017,62.234098750008144,60.02229189654588,61.930519104003906,41204903.0
2022-12-14,62.190734097835545,63.361694686227224,60.36924940789614,60.80293655395508,46290907.0
2022-12-15,61.62693611289289,63.49178524464074,60.32587488560485,61.58356475830078,41189570.0
2022-12-16,61.843789520215616,63.31832316610873,61.67031069170188,62.40757751464844,12607821.0
2022-12-19,63.62189530249727,65.96380957827293,63.62189530249727,65.35664367675781,34433420.0
2022-12-20,65.40002174929494,66.18065992138672,63.92548150922369,65.57349395751953,30788736.0
2022-12-21,65.92044225107813,67.04803141028374,65.57349123151177,66.2240219116211,27991643.0
2022-12-22,66.70108105886375,67.87203497128195,65.79033545057162,66.74444580078125,23976981.0
2022-12-23,66.74445269805891,67.00466764661557,65.61687002857576,66.70108795166016,17420960.0
2022-12-26,67.30823850083591,68.26234882432244,67.0913949447008,67.65518951416016,15891835.0
2022-12-27,67.78529963772577,69.38994069273723,66.91792537906655,67.48171997070312,21834110.0
2022-12-28,67.52508421208118,71.03795258060197,65.48675604286434,68.95625305175781,50663228.0
2022-12-29,69.04299270795794,71.03795623779297,68.39246198529965,71.03795623779297,34200114.0
2022-12-30,71.51501000574702,74.07376821915392,71.38490915183655,72.59922790527344,31993725.0
2023-01-02,73.85691590245935,74.03038809884659,72.81606287151553,73.29312133789062,23211322.0
2023-01-03,73.37985679995747,73.94365135963868,71.73184447840472,72.29563903808594,28387374.0
2023-01-04,72.46912818078727,73.81355442662826,70.95122309779387,72.12217712402344,34781031.0
2023-01-05,72.4257522865578,72.51248839093778,68.86951906665409,70.25731658935547,22608382.0
2023-01-06,66.65770755494505,71.03795001765647,64.74948691591561,68.86951446533203,33555880.0
2023-01-09,68.82614298528489,69.17309399654991,65.22653865129809,65.92044067382812,37078770.0
2023-01-10,65.83370679001942,66.61434493724106,62.581053357879526,62.667789459228516,31811657.0
2023-01-11,62.84126138116425,64.27243020841969,60.282510006329005,60.45598220825195,29371250.0
2023-01-12,62.19073407014977,63.40505940208235,59.11155930502649,63.27495193481445,30261733.0
2023-01-13,63.058107215845546,64.01222421344261,61.93052462761169,63.101478576660156,25042851.0
2023-01-16,63.49179284911652,65.35664882175965,62.797897415311446,65.26991271972656,35793752.0
2023-01-17,65.26990891037103,66.96128596269355,64.879593165232,66.87454986572266,37197860.0
2023-01-18,66.7878170874811,68.21898592000662,66.26739386225555,67.22150421142578,31862146.0
2023-01-19,66.96128792585593,68.99962266090168,66.74444436830129,68.91287994384766,26796043.0
2023-01-20,68.86951854241565,71.86195713476003,68.60930361371591,71.73184967041016,25773179.0
2023-01-23,72.07880917299435,73.64008569358133,70.25732431067043,71.99207305908203,31847998.0
2023-01-24,72.03543735451017,72.16553820383855,69.17309955355374,70.51753234863281,27372923.0
2023-01-25,70.86447621584894,71.25479861340254,66.70108363139468,69.52005004882812,26471496.0
2023-01-26,69.3899429563492,69.47667906153652,67.78530184899175,68.30572509765625,22277870.0
2023-01-27,67.78530266576036,69.08636411186885,65.31328724166238,68.5659408569336,27369572.0
2023-01-30,68.60930505876918,69.04299220404275,67.3082436229485,67.5684585571289,16331959.0
2023-01-31,67.22150613135892,68.08888040402161,65.79033725795736,66.31076049804688,23777574.0
2023-02-01,66.61434475227928,67.39497627979307,61.62694283684617,61.8004150390625,27667994.0
2023-02-02,62.36421513277563,64.87960199240169,59.285033639821854,62.97137451171875,40792111.0
2023-02-03,62.92800682709521,67.26487823854104,62.32084085896843,67.04803466796875,22403433.0
2023-02-06,65.44338042398586,67.13476407626534,62.45094209558824,66.3541259765625,6354309.0
2023-02-07,66.26739664256732,66.26739664256732,59.718718149230426,59.80545425415039,22063231.0
2023-02-08,57.246700286865234,57.246700286865234,57.246700286865234,57.246700286865234,10000.0
2023-02-15,64.18569482543886,65.7469711303711,63.274949211304985,65.7469711303711,11668763.0
2023-02-16,70.69100090738394,70.86447310922028,64.70611729846544,65.00969696044922,33541195.0
2023-02-17,63.70863487149333,66.44086503343983,63.49179131288711,64.9663314819336,14699783.0
2023-02-20,65.05306890646713,66.9179248719606,64.27243075608145,66.0071792602539,14609054.0
2023-02-21,65.61686198681494,66.87455197643857,64.66275165494112,65.2265396118164,18201603.0
2023-02-22,65.96381317503028,66.3541289335054,64.87959538199915,64.9663314819336,17838031.0
2023-02-23,65.1397933959961,66.13727493158689,64.70610634726438,65.1397933959961,14539164.0
2023-02-24,65.13980351210792,65.96381300318912,65.00969605377507,65.2265396118164,12491186.0
2023-02-27,65.18317261090941,67.69855912049144,62.971365748552444,67.61181640625,25778056.0
2023-02-28,67.74192151404823,67.87202896336454,66.13728061925299,67.2648696899414,18182774.0
2023-03-01,67.43835116030539,69.82363046179529,67.30824369307962,69.56341552734375,21445168.0
2023-03-02,70.64763078863209,71.73184861299747,69.73689178668943,69.9537353515625,21511969.0
2023-03-03,69.52005471766525,71.81859804360036,66.96129644255218,68.43583679199219,31451178.0
2023-03-06,68.86951415461472,73.42322879395111,68.43582704610648,73.29312133789062,31118918.0
2023-03-07,73.55334577503908,75.63503887142204,72.85944366455078,72.85944366455078,29398907.0
2023-03-08,72.94617486657515,77.97694828532124,72.64259519523749,77.62999725341797,25534993.0
2023-03-09,77.62999093535589,77.93357058198616,75.67839898446705,75.93861389160156,17048208.0
2023-03-10,75.4181850778719,77.19630485928724,74.29060257292319,74.76765441894531,20156626.0
2023-03-13,75.20134469676907,75.50493097777165,72.64259331074985,73.1196517944336,15838133.0
2023-03-14,73.29312309460364,74.24723343268214,69.91036224365234,69.91036224365234,21270373.0
2023-03-15,70.12721062173935,70.51753302609633,67.09140058081954,68.5659408569336,19857941.0
2023-03-16,69.38994267173726,71.6451144850606,68.91288416885283,71.51500701904297,15257379.0
2023-03-17,72.03544162873497,72.68597238413882,68.43583679199219,68.43583679199219,18230339.0
2023-03-20,68.39245657662558,68.86951504919743,66.13728490659719,66.44086456298828,17348208.0
2023-03-21,66.78781483584793,67.91540396710556,65.35664605157173,66.39749908447266,16028657.0
2023-03-22,67.17813399964133,69.21646881103516,66.00718006849496,69.21646881103516,13688221.0
2023-03-23,68.86951597432028,70.04046987472402,68.04550647585818,69.65015411376953,14045048.0
2023-03-24,70.69099906560476,70.90784262102073,68.08887640061317,68.3924560546875,25062586.0
2023-03-27,69.88505957118983,69.92939882163186,67.80091857910156,67.80091857910156,19198497.0
2023-03-28,68.20001103553462,68.59909811261025,65.71678300900265,66.2489013671875,17964753.0
2023-03-29,66.07152978773831,68.82081356659516,65.27334888000519,68.68778228759766,20077961.0
2023-03-30,68.06697492961642,71.52575416202639,67.84525839890105,70.06242370605469,26697429.0
2023-03-31,69.61899292391111,69.61899292391111,67.35748153007316,67.84526062011719,17266559.0
2023-04-03,67.53485896625148,69.39727653601231,65.58374936810772,69.1755599975586,20601446.0
2023-04-04,68.86516832874867,71.34838986502268,68.37738916588536,71.25970458984375,20223536.0
2023-04-05,71.25969807282533,71.9691937418758,69.70768221724808,69.84071350097656,17897646.0
2023-04-06,69.84070961291974,70.594544490412,68.99818947329634,69.1755599975586,11353816.0
2023-04-07,69.26424633141785,69.70767941518653,68.5547574571391,68.77647399902344,10138901.0
2023-04-10,69.2642479334012,71.08232632540312,69.21990868374996,70.94929504394531,14430607.0
2023-04-11,71.52575717694393,72.50130859996216,70.72757627947378,72.45696258544922,20043193.0
2023-04-12,72.45696633664944,73.8759576795048,71.96919398301357,72.81171417236328,18366755.0
2023-04-13,72.81171531169763,73.16646315296245,71.39273071289062,71.39273071289062,17485211.0
2023-04-14,71.52575672028694,72.45696212284693,71.2153549194336,71.2153549194336,11801852.0
2023-04-17,71.34838071226929,71.70312853372985,70.0624274715082,70.41717529296875,13117174.0
2023-04-18,70.55021285855251,71.25970179844451,69.57465457104067,69.88506317138672,10921933.0
2023-04-19,69.97374971276187,70.63889941199677,68.99819817380121,70.10678100585938,12712062.0
2023-04-20,69.75202683715892,70.4171764762299,69.44162502550955,70.3284912109375,7158524.0
2023-04-24,70.68323130341668,71.5257582277779,70.41717551118572,71.03797912597656,15145783.0
2023-04-25,70.86061469264604,71.03798523605592,69.57465457104067,69.88506317138672,13259539.0
2023-04-26,69.84071473152406,70.06243128622731,68.0226362764565,68.73213195800781,17417813.0
2023-04-27,68.51041669875666,70.55021174709762,68.46607068047656,70.28414916992188,17180209.0
2023-04-28,70.19546242332017,70.50586424599548,66.6923368066923,67.0914306640625,17253071.0
2023-05-02,67.22445936989027,68.02263352149355,65.18466444273253,65.62809753417969,13130078.0
2023-05-03,65.9385081994564,67.71224080342968,62.65710558860698,67.18012237548828,20228970.0
2023-05-04,66.47061927330164,68.95384735062902,66.24890272233499,67.80091857910156,15031087.0
2023-05-05,67.80091469043444,68.33303979523652,66.7366780133338,67.1357650756836,13316001.0
2023-05-08,67.84526470639183,71.83616263029724,67.22446106917408,71.48141479492188,19591065.0
2023-05-09,71.08232914964321,78.5763460299111,70.7719273247435,77.02433013916016,58514478.0
2023-05-10,76.75827185434912,79.3301784058623,75.6053430947899,77.91119384765625,40009846.0
2023-05-11,78.31029396219596,85.67127990722656,78.17726266909996,85.67127990722656,44487763.0
2023-05-12,87.75540777895787,90.46035239531875,83.45410806243089,85.89299011230469,57876617.0
2023-05-15,77.33472442626953,77.33472442626953,77.33472442626953,77.33472442626953,4258163.0
2023-05-16,69.61899692465701,72.90039916874507,69.61899692465701,70.86061096191406,118841611.0
2023-05-17,71.6587870513591,72.85605499099934,70.77192090847718,71.92484283447266,46257139.0
2023-05-18,72.146560259588,72.41262281223317,69.1755599975586,69.1755599975586,34352575.0
2023-05-22,69.61899793124873,69.88506050245503,66.16021833682795,66.7810287475586,23544707.0
2023-05-23,66.78102261129678,67.75657400565967,65.982841737272,66.60364532470703,19791693.0
2023-05-24,67.04708867896632,67.35749052030938,64.03174200680657,64.38648986816406,22634441.0
2023-05-25,64.82991511506597,65.58374999981928,64.29779677090198,64.78557586669922,14686067.0
2023-05-26,64.962952931722,67.04708726979636,64.3421492620837,66.51496887207031,21724415.0
2023-05-29,66.86971185476196,68.86516077556304,65.18466474616842,67.5792007446289,31790713.0
2023-05-30,68.8208148311818,73.03342922391445,68.8208148311818,71.96919250488281,70397283.0
2023-05-31,71.9248514856103,71.96919750458902,69.88506317138672,69.88506317138672,37114798.0
2023-06-01,70.50586449285473,72.41262821918238,70.46151847535201,71.39273071289062,27038263.0
2023-06-02,75.38362615717696,76.18180708150336,73.38817722948698,75.64968872070312,44463095.0
2023-06-05,78.04422283232071,83.18804931640625,75.69402613241523,83.18804931640625,60095719.0
2023-06-06,82.16815823131203,86.64682866950135,81.59169382387117,83.27674102783203,53359156.0
2023-06-07,86.46945705413819,91.25853602884861,86.33642576695827,88.6866226196289,47375080.0
2023-06-08,88.50924971569435,90.10560482043753,86.42510872682485,88.8639907836914,30153695.0
2023-06-09,90.54903424634456,92.94357695564423,88.15449830329678,91.87933349609375,35461087.0
2023-06-12,92.7662032994414,93.56438423383354,89.573486328125,89.573486328125,22706743.0
2023-06-13,89.21873722132895,90.90378433294616,86.64682392109762,88.33187103271484,30457123.0
2023-06-14,88.6422687401262,91.87933153189769,87.17894500968653,88.06581115722656,32298664.0
2023-06-15,88.50924959310358,89.66217159500142,87.66672264214715,89.573486328125,25989506.0
2023-06-16,89.83955002551711,90.54903893570865,88.15450286865234,88.15450286865234,22481317.0
2023-06-19,88.2431825482482,88.2875285625621,84.296630859375,84.296630859375,19476984.0
2023-06-20,84.29663236980923,85.27218380592907,83.32107416743747,85.13915252685547,17517041.0
2023-06-21,85.75995601887848,87.35631783298714,83.58713660669075,83.80885314941406,21429163.0
2023-06-22,84.03057493209839,89.0413704633579,83.32107924464043,88.6866226196289,32507889.0
2023-06-23,91.34721514944445,93.12094748244337,89.75085334324467,91.87933349609375,27307482.0
2023-06-26,93.12094997524629,93.56438307036652,92.23408378500585,93.03226470947266,19219943.0
2023-06-27,92.58882794645118,92.85488373323228,91.87933231586463,91.968017578125,5822315.0
2023-07-03,93.2983205978358,95.69286337357286,93.12095006611544,94.36256408691406,26603211.0
2023-07-04,94.62861858924651,94.8946811494373,93.1209487915039,93.1209487915039,22524018.0
2023-07-05,93.47569952321575,98.35346365921963,91.70196711012343,96.84578704833984,37764775.0
2023-07-06,97.11185319251624,98.35346728064822,96.04761641197594,96.5797348022461,23118932.0
2023-07-07,96.49103806347324,99.50637750537733,96.04760499657539,96.9344711303711,22228166.0
2023-07-10,97.64396506507293,98.1760834198243,96.31366579506853,96.49104309082031,15471058.0
2023-07-11,98.44214768826266,100.03850954646506,97.02316312888948,98.9742660522461,24213733.0
2023-07-12,98.88557552035518,99.94981219165203,96.66841014994363,98.79689025878906,25133753.0
2023-07-13,99.32901494668324,101.01406208920777,98.53083400903981,99.59507751464844,22301149.0
2023-07-14,100.48194144293916,101.19143033101805,98.53083177665516,99.06295013427734,20733722.0
2023-07-17,99.861127084868,100.65930797270367,98.88557567362518,100.12718963623047,17691293.0
2023-07-18,100.65930872756215,101.54617488375213,95.69285960614864,96.047607421875,28037059.0
2023-07-19,96.31366874933127,101.54618072509766,95.24943200718484,101.54618072509766,20719673.0
2023-07-20,101.81224241904349,108.28636161627445,100.83668418649651,106.95606231689453,42881562.0
2023-07-21,106.9560533203236,109.08453337354554,105.00495055185024,105.71443939208984,21778636.0
2023-07-24,106.42393720910904,107.22211809142769,102.96515789656266,104.20677185058594,16078975.0
2023-07-25,104.56152212537391,104.82757791491572,100.65930964916049,103.31990814208984,15920688.0
2023-07-26,106.77869170456451,107.6655579034957,103.5859747416627,105.62576293945312,24418054.0
2023-07-27,106.42394519243084,108.7297959850164,105.71444951798041,108.19767761230469,23632387.0
2023-07-28,109.9714012537449,119.01743316650389,109.0845351146018,119.0174331665039,39457445.0
2023-07-31,120.6138025354456,122.03279386062898,116.88896722246945,119.72693634033203,37066353.0
2023-08-01,119.81563082182218,120.79117553688428,115.2039156869669,117.50977325439453,23047233.0
2023-08-02,118.21926906575955,118.75138067480565,116.17947406648824,116.80027770996094,23407428.0
2023-08-03,116.80027739956677,118.75138035922646,113.43018985413164,113.51887512207031,23505303.0
2023-08-04,114.3170417433289,119.01743506215351,113.60755964671682,117.59845733642578,23566482.0
2023-08-07,118.84005946685724,119.46086304115367,116.7115862028401,118.04188537597656,16863501.0
2023-08-08,118.48533401689313,118.75138306050884,113.69624824423899,115.29261016845703,16573272.0
2023-08-09,116.17946661824789,120.96853845515895,113.96230122476987,118.13056945800781,26967249.0
2023-08-10,118.75136744231362,123.8951936182752,117.50976029372079,118.04188537597656,47726454.0
2023-08-11,118.48532705834255,124.07257316621399,117.33239831786763,123.89520263671875,30498552.0
2023-08-14,124.07257504136172,125.668936895953,120.08167717113558,121.14592742919922,34045707.0
2023-08-15,121.32329063683206,122.032786255206,117.59845555599799,121.0572280883789,20908929.0
2023-08-16,121.05723076723142,122.47622203537992,118.30794025988257,120.79116821289062,20297401.0
2023-08-17,121.5006611582997,122.38752729814131,119.90429940008414,121.0572280883789,16493057.0
2023-08-18,121.41197669804613,123.27440112078631,115.91340899484284,119.72693634033203,25548466.0
2023-08-21,118.13057195636337,124.69338977935817,117.15502728210332,123.36309051513672,27935249.0
2023-08-22,124.60470598571402,125.49157222048778,121.05724104661896,125.22550964355469,29282561.0
2023-08-23,125.93499455138715,126.02368658026987,121.23460120317972,121.50066375732422,30374988.0
2023-08-24,121.5893632307017,129.39377508008658,120.87986755371094,120.87986755371094,60953509.0
2023-08-25,121.4119717284415,123.0083335208049,117.5984580715503,121.50066375732422,28441039.0
2023-08-28,122.47621981781768,125.84630033677007,122.03278674611306,125.04812622070312,27931336.0
2023-08-29,125.49156467832368,132.3204315691592,124.95943955643874,128.59559631347656,46119695.0
2023-08-31,129.12773148223366,129.48247256942184,124.95944927899481,125.75763702392578,22377010.0
2023-09-01,126.73317908870196,127.88610789633807,125.13683069774937,127.35399627685547,16272419.0
2023-09-04,127.79742939267668,129.74853239578908,126.55580854887442,127.35399627685547,20634951.0
2023-09-05,127.70873260498047,127.88610313820875,125.13682604190964,127.70873260498047,13239297.0
2023-09-06,128.06346353896396,128.24084759066176,125.22549463434072,125.84629821777344,16808723.0
2023-09-07,126.4671253398782,128.68429083649244,125.66893764159451,127.70873260498047,16180656.0
2023-09-08,128.32953354082397,131.9656902918631,128.32953354082397,130.01458740234375,26759015.0
2023-09-11,130.45802315174552,131.07882678390627,124.33863826543582,126.37843322753906,17180779.0
2023-09-12,126.8218560554612,128.0634632192267,124.51599871417882,125.93498992919922,18807886.0
2023-09-13,126.11236489378507,126.9992310513117,122.21015921366937,122.9196548461914,12250712.0
2023-09-14,123.27439393388464,125.04812622070311,121.41196961972386,125.04812622070312,13718878.0
2023-09-15,125.22550446367605,125.58025906241423,120.96854400634766,120.96854400634766,12621529.0
2023-09-18,120.96853845515895,122.12146716626823,117.2437033006166,118.13056945800781,16105775.0
2023-09-19,118.2192718502081,120.25906689752321,117.50977615559786,119.19481658935547,13580710.0
2023-09-20,119.54956291103655,121.76672834509694,118.6626967374124,119.3721923828125,16112569.0
2023-09-21,118.92876959842621,123.27440881263209,118.04190334797562,123.09703826904297,16849246.0
2023-09-22,123.54045352326197,125.5802483107285,120.8798551567847,121.944091796875,16101734.0
2023-09-25,122.38752542415136,127.26528911859218,122.38752542415136,125.93498992919922,19935003.0
2023-09-26,126.3784301010371,127.88609989398728,123.36309051513672,123.36309051513672,19851644.0
2023-09-27,124.16127027667847,125.58026163569946,122.9196629869135,123.45177459716797,11940737.0
2023-09-28,123.89519513229607,126.99922657421295,123.71782461354431,125.93498992919922,17015531.0
2023-09-29,126.28972922864244,130.63538130702102,126.20105073673858,130.10325622558594,29525477.0
2023-10-02,130.36933433732924,134.27154029224747,130.0145932623383,133.38467407226562,25932602.0
2023-10-03,133.9167963448752,137.73032371550164,131.6996308424766,136.4000244140625,31760947.0
2023-10-04,136.40002225589998,139.1492993158718,133.38466910084514,137.1981964111328,23608502.0
2023-10-05,137.3755692657779,139.3266857360248,133.29599285640776,139.0606231689453,25270436.0
2023-10-06,137.46424904352503,141.89857965783227,137.46424904352503,140.12484741210938,30000644.0
2023-10-09,137.46426664079902,142.25333890431523,136.75477094518425,138.52850341796875,24921683.0
2023-10-10,140.1248597041887,141.18909643847914,137.2868905685794,138.4398193359375,15074020.0
2023-10-11,138.61717717841609,140.47958790978453,134.62627964083694,135.42445373535156,16191715.0
2023-10-12,136.48870055817406,137.64162930601682,133.11861987871617,134.53759765625,15579615.0
2023-10-13,134.5375916740097,134.80365422437427,129.74851989746094,129.74851989746094,14083888.0
2023-10-16,131.25620799957798,132.3204448173978,128.6843012288046,128.77297973632812,13653675.0
2023-10-17,129.4824601853077,132.9412328183521,128.95033507291453,132.85255432128906,11955735.0
2023-10-18,131.25618167990623,132.0543557500938,127.44265477594897,128.418212890625,13066173.0
2023-10-19,128.41822599484846,131.6996281651908,128.41822599484846,129.21640014648438,10565900.0
2023-10-20,128.41822512050294,128.41822512050294,122.38753241113466,122.65359497070312,15766382.0
2023-10-23,124.1612623328403,126.28973570268752,122.03278896299307,125.58025360107422,13608810.0
2023-10-24,126.11235563730126,128.77295391459666,125.31418156711369,128.418212890625,17010754.0
2023-10-25,129.0390367331915,130.63539865701028,120.87987010673464,121.32330322265625,20771466.0
2023-10-26,123.27440184794231,126.2897415161133,119.54956651299455,126.28974151611328,35813824.0
2023-10-27,124.87077076994416,125.75763702039474,121.41198427368383,123.09703826904297,23887927.0
2023-10-30,122.21016945449949,123.71783934213205,120.70249956686695,121.32330322265625,18531593.0
2023-10-31,122.5649105342349,124.2499644942399,119.72694129883747,121.32330322265625,16846005.0
2023-11-01,122.29884282719875,124.16126724893445,119.01744061354918,123.80652618408203,15504698.0
2023-11-02,124.16126205372723,125.13682024000795,122.65359229243269,122.9196548461914,15095364.0
2023-11-03,123.36310085067916,124.42733764471886,121.76673889336709,123.09703826904297,12832532.0
2023-11-06,124.16126561551978,127.79742237869019,123.983895085427,127.17660522460938,15561441.0
2023-11-07,127.17660747279135,131.43356793279156,126.64449587310648,127.70873260498047,16660295.0
2023-11-08,128.50690656806506,129.30509426508974,125.22550434475261,127.08792877197266,12758175.0
2023-11-09,125.4915669104275,129.03903169941486,125.22550434475261,127.08792877197266,12143542.0
2023-11-10,127.3539887497523,127.62003777751671,124.42732765180807,124.60469818115234,7849083.0
2023-11-13,123.0083436501565,123.45177676607813,121.05724064660234,121.32330322265625,11911120.0
2023-11-14,121.94409697494783,123.18570418569128,119.5495610499405,122.83096313476562,12044280.0
2023-11-15,123.36309104823307,125.66893499667894,123.00833645673866,123.89520263671875,12959254.0
2023-11-16,124.16126812312645,127.62004089355469,124.07257609003679,127.62004089355469,12284852.0
2023-11-17,127.53136471226556,128.15216835767032,125.75763227824936,126.11237335205078,7837178.0
2023-11-20,126.99923706054688,128.15216582638544,126.64449599375236,126.99923706054688,9334228.0
2023-11-21,127.7087348438338,128.9503421307026,126.8218686296405,128.24085998535156,12357377.0
2023-11-22,128.41823098160043,129.03903462725813,127.44267272949219,127.44267272949219,9233260.0
2023-11-23,127.70872980844084,129.12772110820288,124.60469818115234,124.60469818115234,13098071.0
2023-11-24,124.69339565924673,126.20106552329075,124.07257848066578,125.40287780761719,9257505.0
2023-11-27,125.93500044897704,127.08792921592627,124.16126804828721,126.28974151611328,13858906.0
2023-11-28,126.5558039608016,127.53136219324291,125.58025926086455,126.99923706054688,11697361.0
2023-11-29,127.35399165984566,127.79742475959094,126.20106289400708,126.99923706054688,11610583.0
2023-11-30,126.91055316147279,127.44266473902915,123.27439648523769,125.49156188964844,16640746.0
2023-12-01,126.8218560554612,127.79741420735061,124.07256565104784,125.93498992919922,14498080.0
2023-12-04,126.20105241072268,127.08791853654293,124.51599865216232,126.64448547363281,10306573.0
2023-12-05,127.26529704126818,129.0390294042127,126.73317191938324,128.59559631347656,18908397.0
2023-12-06,128.68429835699592,130.4580308579469,125.75763702392578,125.75763702392578,23157668.0
2023-12-07,125.93499221116966,126.46711730957031,122.65359019104126,126.46711730957031,17514675.0
2023-12-08,126.64450327440127,127.26530694323311,124.42733764821254,125.75763702392578,10803041.0
2023-12-11,125.84631067457444,126.11237324595393,123.27440406041647,123.45177459716797,10098743.0
2023-12-12,123.36308792495471,124.0725700249731,121.58935560990146,122.9196548461914,12586379.0
2023-12-13,122.65359518028988,123.36309082951686,120.96854132181284,121.23460388183594,12653973.0
2023-12-14,122.38753058093641,128.15216064453125,122.21016005471117,128.15216064453125,18319966.0
2023-12-15,128.24085545952028,131.43356559843744,127.62003830549105,131.25619506835938,20691779.0
2023-12-18,130.45802552083478,132.14306591480025,127.53136430749603,128.24085998535156,16837775.0
2023-12-19,128.32953364642108,128.50690417606805,125.5802566056328,127.26529693603516,12236121.0
2023-12-20,127.26530200451404,127.7087351125437,125.13682849897344,126.82186889648438,10088548.0
2023-12-21,126.91055342845077,128.59559372634624,126.46712034663578,128.15216064453125,11170056.0
2023-12-22,128.15216289805346,128.506903956742,124.60469818115234,124.60469818115234,10365879.0
2023-12-25,124.51600328428556,124.69338734205098,121.50066375732422,121.50066375732422,6084344.0
2023-12-26,122.47621688317169,123.45176149804483,120.7024846388535,121.944091796875,8821245.0
2023-12-27,121.94410702761482,122.65360272045825,119.99300402167393,120.61380767822266,9411433.0
2023-12-28,120.79117815636465,125.75763447121713,120.79117815636465,125.31420135498047,10027634.0
2023-12-29,125.66894498587622,126.37844069275762,123.71784194133114,125.75763702392578,9179187.0
2024-01-02,126.20105037884642,127.08791649038785,124.60468867157127,126.73316192626953,13934022.0
2024-01-03,126.82186628525928,126.82186628525928,122.8309683951637,123.00833892822266,10837888.0
2024-01-04,123.00832931315018,125.84629821777344,122.91965081980447,125.84629821777344,9338045.0
2024-01-05,126.02369689941406,126.37843797898475,124.51601347997676,126.02369689941406,6402993.0
2024-01-08,126.37843570846408,129.92590057045606,126.37843570846408,128.86166381835938,16354050.0
2024-01-09,129.74852756836643,131.167505366697,127.44267003888591,127.70873260498047,13713564.0
2024-01-10,127.44268478625065,131.0788420344672,127.35400627562697,130.45803833007812,15329928.0
2024-01-11,130.7240777872403,136.93214143989766,130.01459562436904,135.86790466308594,29682455.0
2024-01-12,134.6262823252331,140.30222018996488,134.00547873573169,137.90768432617188,25628932.0
2024-01-15,137.90769703565425,144.913934751795,136.4000271700612,142.16465759277344,36905093.0
2024-01-16,142.1646574056628,144.9139345610659,140.47960347250813,141.54385375976562,20511302.0
2024-01-17,140.56828047354009,141.36645457111416,139.06061077117624,140.12484741210938,11797678.0
2024-01-18,141.54384620523396,142.0759577879581,138.5284931064485,138.7945556640625,11167730.0
2024-01-19,139.23799355063184,139.41536408432287,135.60183671369643,136.4000244140625,16644406.0
2024-01-22,137.19820115704815,138.35112994643603,136.40002697420513,136.8434600830078,17758454.0
2024-01-23,138.1737517759114,139.50405102882613,134.005483489946,134.0941619873047,25620009.0
2024-01-24,134.62629499369004,136.5773979725107,133.6507367380274,136.04527282714844,14285723.0
2024-01-25,136.66607925369374,138.26242749915912,135.7792131028781,137.10951232910156,11083171.0
2024-01-26,137.37556711583747,142.69676424413336,137.28688861653498,141.89859008789062,16137753.0
2024-01-29,142.0759606020822,144.2931260719415,141.45515697702243,143.93838500976562,17738502.0
2024-01-30,144.47049444792094,145.889485740465,142.4307130720817,144.73655700683594,14412086.0
2024-01-31,144.55920434006686,145.8895037665092,142.43073067076133,142.5194091796875,14175405.0
2024-02-01,142.7854692315803,152.54099818529073,142.7854692315803,150.67857360839844,26878438.0
2024-02-02,151.6541111741947,154.13733909290443,150.67855299925404,151.21067810058594,14288239.0
2024-02-05,152.54098251993855,152.62967455068429,149.7916919568683,150.05775451660156,10502919.0
2024-02-06,150.5011897508278,152.89572575755494,150.5011897508278,151.29937744140625,11798114.0
2024-02-07,151.56543457219286,152.00886769093248,148.55009477776554,149.1708984375,18661965.0
2024-02-08,149.436950479535,152.71835262035933,149.34825844903818,150.85594177246094,13437454.0
2024-02-09,151.83148964992364,155.29027592474188,151.47674858545702,153.1617889404297,17615214.0
2024-02-12,154.84685261665663,155.9110894098371,151.6541287046102,153.0731201171875,14356053.0
2024-02-13,153.4278456336023,153.69390818802256,150.41250610351562,150.41250610351562,11497363.0
2024-02-14,150.7672501722508,152.09754943847656,148.99351781728316,152.09754943847656,11220509.0
2024-02-15,152.4522981878607,154.58078524070882,152.1862491471962,153.4278564453125,12253199.0
2024-02-16,153.7825945561418,153.8712865896563,151.03331743974854,151.74281311035156,10014835.0
2024-02-19,152.45227835437467,156.08843480545747,152.36359986319144,153.78257751464844,23627687.0
2024-02-20,154.40340947073346,157.24137857919382,153.87128434242658,156.62057495117188,14319855.0
2024-02-21,157.06400304560913,157.06400304560913,153.6939089161614,154.31471252441406,9041477.0
2024-02-22,154.84683808323575,156.0884453033289,154.58077552678614,155.5563201904297,7916132.0
2024-02-23,155.733713754805,156.7092584779901,154.8468475341797,154.8468475341797,9108096.0
2024-02-26,155.64500962551318,156.88661682490903,153.87127732208853,155.11288452148438,11355610.0
2024-02-27,155.11288925186122,155.91107693224623,154.04865254385177,154.75814819335938,10480638.0
2024-02-28,154.75815016973388,155.37895379629217,151.29937744140625,151.29937744140625,13587616.0
2024-02-29,151.92018918668745,153.51655112065097,148.10666165902595,149.1708984375,19186092.0
2024-03-01,149.7916834031729,150.32380849225294,146.8650360107422,146.8650360107422,10704020.0
2024-03-04,147.30848724047985,148.7274650988455,145.88949584960938,145.88949584960938,8068867.0
2024-03-05,145.6234182789714,148.7274497859699,145.09130671155944,146.51028442382812,11816876.0
2024-03-06,146.68767244468958,150.67857057261952,145.18000252508372,148.3727264404297,17066785.0
2024-03-07,148.9935227838246,155.0242156982422,148.9935227838246,155.0242156982422,12863027.0
2024-03-08,155.20158860942797,156.53188794036592,153.87128927849002,154.8468475341797,19382842.0
2024-03-11,157.8621777004666,163.80417831190474,157.50743664672547,159.6359100341797,31040390.0
2024-03-12,159.6359173412531,161.6757123248922,158.12824749508658,159.724609375,12333419.0
2024-03-13,159.7246092402264,161.05490855028106,156.97531858644513,157.0640106201172,12087282.0
2024-03-14,157.50744884025093,159.6359223924821,156.08845745042694,157.9508819580078,12870383.0
2024-03-15,158.12824538495033,159.28117414575283,156.97531662414784,158.4829864501953,12502690.0
2024-03-18,157.7735034997595,157.7735034997595,151.83150221685358,155.37896728515625,20177260.0
2024-03-19,155.20157461573478,160.43407943263534,154.13733795344186,159.9906463623047,16231781.0
2024-03-20,159.90197578533406,167.52901685317477,158.92641756930018,166.02134704589844,24296182.0
2024-03-21,166.99690357176115,174.97869915215065,166.19871589421987,174.18051147460938,23420603.0
2024-03-22,174.18051342185043,175.59950473167365,171.51991486530991,172.76153564453125,13324740.0
2024-03-25,172.93890914473127,187.39483092333018,170.72174364287574,174.4465789794922,24491125.0
2024-03-26,175.24475361194166,175.51080262632206,170.01223529824057,172.22940063476562,12390974.0
2024-03-27,172.2294181881019,172.76154333610253,167.97245760161078,169.39144897460938,11648041.0
2024-03-28,170.27831101854144,182.87180839778688,168.68194914624175,180.38858032226562,16319216.0
2024-03-29,181.80756866589232,184.46816723173467,175.77687587681558,176.6637420654297,11976625.0
2024-04-01,183.13787359143396,188.104329813695,178.08273886708173,185.53240966796875,19777506.0
2024-04-02,185.53239205339494,194.2236828509423,183.13785620419904,185.7097625732422,21592939.0
2024-04-03,185.62108536577333,187.48349613582926,180.92069212848364,181.00938415527344,9149570.0
2024-04-04,181.7188822329295,189.70067817638184,180.03384183564694,185.53240966796875,14165021.0
2024-04-05,200.4317518803064,200.4317518803064,187.57219257825133,197.41641235351562,19584007.0
2024-04-08,197.50510333184167,198.74672415207934,191.65179443359375,191.65179443359375,12085507.0
2024-04-15,192.44995652937283,193.9576262933787,188.10431776267876,191.91783142089844,17624455.0
2024-04-16,191.29702975781962,194.75581593300498,189.34592689444784,192.5386505126953,16326687.0
2024-04-17,194.40107741037474,197.68247979708744,191.65180018150946,192.3612823486328,13452382.0
2024-04-18,193.3368276720425,193.8689527942332,188.90249676213327,190.14410400390625,12884261.0
2024-04-19,188.3703695535353,196.44085713318225,187.6608874418113,195.02186584472656,15256653.0
2024-04-22,197.94851312194996,198.65800871672454,190.49884320807394,191.56307983398438,15078321.0
2024-04-24,194.78652104791604,197.7336429056562,192.7603756490313,195.24700927734375,12661938.0
2024-04-25,195.6153852776746,200.3123706238414,195.247000332204,196.53636169433594,13180996.0
2024-04-26,197.0889386295723,201.04913973973524,195.89166656561832,199.85186767578125,13040940.0
2024-04-29,201.69383748372394,208.41696821044508,200.40447610730513,207.21969604492188,16748327.0
2024-04-30,207.2196931505518,211.54827948576636,206.29871673654935,208.23277282714844,15097259.0
2024-05-02,209.98260887632978,218.63978098951122,209.70631315931678,216.429443359375,15150124.0
2024-05-03,216.429451509148,218.4555967552325,211.54827383472778,214.3112030029297,11574009.0
2024-05-06,215.600595135151,218.08722876918304,211.64039354236675,215.8768768310547,12182754.0
2024-05-07,216.7057526714575,219.65287438085525,211.54827914027285,217.35043334960938,19075683.0
2024-05-08,217.99511546301366,218.17930793612908,212.28506447852664,214.77169799804688,10932528.0
2024-05-09,214.7716886649863,217.35042533549583,213.85071228644605,216.98204040527344,9535258.0
2024-05-10,217.16623559886594,222.87628640695976,216.33734841597501,218.45559692382812,12760549.0
2024-05-13,219.74498642810696,223.06049321385507,216.70576133476547,218.54771423339844,10092162.0
2024-05-14,219.3765837072941,232.0860613035624,217.8109265805258,227.02069091796875,13855029.0
2024-05-15,227.02068574711092,227.02068574711092,220.11336265135702,221.4948272705078,10206706.0
2024-05-16,222.87629039162115,223.0604828623396,215.23218340643555,219.92916870117188,11679835.0
2024-05-17,221.95531911220027,226.00760977355264,221.8632158482211,225.4550323486328,12979954.0
2024-05-20,226.37600708007812,230.15200197418167,224.71824671177134,226.37600708007812,15066884.0
2024-05-21,227.0206884302799,248.8938784920209,225.73132705836076,242.90753173828125,56712120.0
2024-05-22,242.90751977317538,249.35435442118384,237.38166150345387,241.06556701660156,19446022.0
2024-05-23,241.98655790265525,245.67046363666333,235.30947875976562,235.30947875976562,11693498.0
2024-05-24,231.16507089773262,232.08604727581124,227.84955031545587,228.58633422851562,13610763.0
2024-05-27,229.04683913289034,233.2372847695544,226.83650128538977,230.15200805664062,10937207.0
2024-05-28,231.3953189664119,231.62556306488597,226.19180796209238,230.05990600585938,11227166.0
2024-05-29,229.7836092248158,234.8489793680482,227.3890649904576,230.93482971191406,12323009.0
2024-05-30,231.6255610822195,233.6977579507483,228.8626319241811,229.3231201171875,10859064.0
2024-05-31,229.78362357809638,235.53972637313888,219.3765869140625,219.3765869140625,25833605.0
2024-06-03,218.27141292117167,218.54770865951699,212.10087367872288,213.85072326660156,23701921.0
2024-06-04,215.047992185349,218.8240010954505,209.0616455078125,209.0616455078125,22537588.0
2024-06-05,210.3510100282941,210.62730576662685,203.90417504779313,205.5619354248047,17039913.0
2024-06-06,206.2987021169355,206.48289457608598,199.85186767578125,199.85186767578125,14536800.0
2024-06-07,200.7728662625165,201.23335448788924,195.24700755804355,196.16798400878906,11688161.0
2024-06-10,196.16796808450016,196.53635301369988,191.93147113378205,192.85244750976562,10564356.0
2024-06-11,192.39195560062748,199.75976646599162,191.5630824994676,198.10202026367188,39832078.0
2024-06-12,197.4573422140884,202.61481587575628,196.44427656650075,199.66769409179688,19114622.0
2024-06-13,202.15431683463254,206.48290304054032,201.14123718829939,204.36465454101562,17390029.0
2024-06-14,208.14066190171516,208.3248543671375,199.4834895500057,200.31236267089844,16760528.0
2024-06-20,202.6148155757359,206.29872131347656,201.87803161759075,206.29872131347656,16986728.0
2024-06-21,206.7591975444072,206.7591975444072,203.16739527952882,204.45675659179688,12673695.0
2024-06-24,204.91725473735158,207.21969580181621,203.07530188577988,205.5619354248047,11795416.0
2024-06-25,206.02241049316825,207.40387504370756,200.68074475381934,201.325439453125,14775327.0
2024-06-26,200.95703648366808,204.08836450116186,199.85186767578125,199.85186767578125,11930335.0
2024-06-27,200.40446953405572,207.58807418560338,200.40446953405572,206.7592010498047,18628392.0
2024-06-28,207.86436178834026,213.75861892829724,207.49597686527346,208.87744140625,20106926.0
2024-07-01,210.9035970160774,213.9428219670807,202.89110509287576,205.0093536376953,16177690.0
2024-07-02,206.11451288091325,207.31178496358964,199.85187080097705,202.98318481445312,15178385.0
2024-07-03,203.71998562906612,210.53521971390205,203.71998562906612,210.35101318359375,15654136.0
2024-07-04,210.44309705369017,217.1662272537484,209.06163252160906,216.429443359375,15984586.0
2024-07-05,216.5215635774657,219.19238959418402,209.15375216253514,211.3640899658203,19056382.0
2024-07-08,212.28505926783734,213.66652386177122,208.6011536840137,209.24583435058594,11172454.0
2024-07-09,209.5221220481089,211.45617802666968,207.40387360801475,208.87744140625,20641129.0
2024-07-10,209.52214201756505,209.70633449665377,204.64096403029504,206.9434051513672,11886188.0
2024-07-11,209.15374335055637,212.92973810982863,208.50904863652394,212.6534423828125,13306910.0
2024-07-12,212.65345815046,214.31121858249054,211.0878009852589,211.8245849609375,9900058.0
2024-07-16,213.6665237026279,216.42945288843774,211.2719794537322,211.7324676513672,13588647.0
2024-07-17,211.7324592656652,211.82456252273823,207.5880656510899,209.70631408691406,11204570.0
2024-07-18,210.62731165883332,213.1139452674206,206.7592133729214,207.7722930908203,15502079.0
2024-07-19,207.6801806215138,209.06164523762143,205.2856363324,207.4038848876953,13398852.0
2024-07-22,208.41696150871968,212.10086709772762,207.49598511146772,210.90359497070312,17419730.0
2024-07-23,211.36409673276154,213.85073035431458,206.94340693167533,211.8245849609375,21966361.0
2024-07-24,211.17989056436178,211.4561862939562,206.7592010498047,206.7592010498047,11622505.0
2024-07-25,206.75920261748848,207.58807575957186,201.5096399273296,201.69383239746094,10856601.0
2024-07-26,202.98318876093253,205.377732972841,200.9570435332323,204.45675659179688,12809977.0
2024-07-29,203.44368731816925,205.1014476991187,200.5886688232422,200.5886688232422,7577409.0
2024-07-30,201.14124382367044,202.4306192390823,198.65461030871276,200.68075561523438,7549113.0
2024-07-31,199.94397298001292,201.32543751726868,196.9047481874534,198.10202026367188,9789673.0
2024-08-01,200.77284921606838,203.2594826113586,200.4965534937063,201.23333740234375,8785135.0
2024-08-02,198.47040449017632,198.83878941095986,189.72112911821958,192.29986572265625,13252646.0
2024-08-05,179.40621292746178,186.4056254242547,178.0247482705044,180.60348510742188,19206062.0
2024-08-06,186.03723873285824,186.12934199698933,177.0116669144295,177.38006591796875,15131325.0
2024-08-07,178.7615167674522,181.52444584235573,177.47214143404017,178.94570922851562,15072541.0
2024-08-08,178.66943016830754,181.6165519790434,177.38006876766852,180.51138305664062,15346707.0
2024-08-09,177.8405601924206,178.0247526739739,171.2095184326172,171.2095184326172,20692256.0
2024-08-12,172.1304900198484,174.24873863020144,170.1043446741571,171.48580932617188,14909551.0
2024-08-13,171.48580811294303,173.97244165838018,167.89400566430996,171.57791137695312,15090786.0
2024-08-14,172.68308352117668,173.41986748813076,168.0782012939453,168.0782012939453,11380860.0
2024-08-15,168.63078412758267,171.5779057911553,166.7888313312267,171.0253143310547,15866835.0
2024-08-16,171.76209439925037,172.40677505288662,167.0651092529297,167.0651092529297,12025752.0
2024-08-19,167.61771278492927,170.93323360406703,165.9599523753604,170.56483459472656,14161043.0
2024-08-20,170.19644359950922,173.51195024802183,169.45965965995592,170.9332275390625,15487608.0
2024-08-21,170.93322715260751,179.2220148346265,170.56482815717138,175.906494140625,22414696.0
2024-08-22,177.2879554076516,179.31410065885643,173.23566490524192,177.74844360351562,15932609.0
2024-08-23,177.74845366753487,178.48523763323053,170.10434637278996,170.56483459472656,17121464.0
2024-08-26,171.76209889538438,172.40677956589613,166.60462542532107,167.70980834960938,14572704.0
2024-08-27,167.61769305535083,172.22257473269565,166.9730124311193,170.8411102294922,11976785.0
2024-08-28,171.39370727539062,173.51194167408156,170.47273090970444,171.39370727539062,9228825.0
2024-08-29,171.48580811294303,173.14356849422947,168.81498209247076,171.57791137695312,13911609.0
2024-09-02,172.590974890236,177.8405517084785,172.49888568034527,177.47215270996094,15037816.0
2024-09-03,178.30104017493753,180.5113779573024,177.47215296681205,179.12991333007812,18722957.0
2024-09-04,176.8274688720703,179.22201313424011,173.41985900127838,176.8274688720703,17519010.0
2024-09-05,177.65634513637414,178.20893660751386,172.2225898997679,173.3277587890625,15159526.0
2024-09-06,172.86726909955146,174.1566445035011,171.76210021972656,171.76210021972656,11081049.0
2024-09-09,170.6569256686646,171.30160632272313,164.57847595214844,164.57847595214844,13813350.0
2024-09-10,165.13106096069623,166.42042221853308,161.72345130528424,163.2891082763672,14048259.0
2024-09-11,162.55234827268828,164.21010874272363,158.6842498779297,158.6842498779297,13315042.0
2024-09-12,161.07876997426095,161.63136144655425,155.00033404395924,160.06570434570312,18687445.0
2024-09-13,160.52619883360964,161.63136776843777,158.13165443066083,161.35507202148438,15656892.0
2024-09-16,161.44716871231336,162.55233760212744,158.40794372558594,158.40794372558594,11792989.0
2024-09-17,159.3289251434669,165.49946452050702,158.8684369205089,163.93380737304688,18063565.0
2024-09-18,163.93381291153233,166.05206161930099,163.01283643450125,164.4864044189453,12397920.0
2024-09-19,167.06512435923284,172.0384056790854,166.69673939612622,171.2095184326172,17299859.0
2024-09-20,171.39371332211664,172.9593703884223,169.92014546383803,171.0253143310547,14589149.0
2024-09-23,172.0383895700242,173.78823906040927,170.01224435668775,170.4727325439453,11754725.0
2024-09-24,170.84113095322917,178.66943075432053,170.19645025079518,175.53811645507812,23900391.0
2024-09-25,175.9064960484788,176.27488099492564,171.9462946357433,172.49888610839844,12766977.0
2024-09-26,173.8803487702987,176.45908552521325,170.9332270731041,171.76210021972656,16879301.0
2024-09-27,172.22259158309856,173.41986374694707,170.84112694473149,172.4067840576172,11186074.0
2024-09-30,171.85420495433135,174.1566459957721,169.5517639128906,173.3277587890625,11601062.0
2024-10-01,174.06454268527943,174.89341583877732,166.97302709017984,169.18336486816406,18172152.0
2024-10-02,168.99917229583815,169.82804544884723,160.80248781658,160.8945770263672,14898771.0
2024-10-03,160.89457032767072,164.30218011359128,156.65808742325046,157.94744873046875,13596828.0
2024-10-04,158.86842059938218,162.73651846424863,158.1316367077448,162.36813354492188,11270906.0
2024-10-07,163.2891211174803,166.2362428335727,162.36814470288988,163.38121032714844,9584331.0
2024-10-08,163.2891237714696,166.88092622555703,162.36814734191023,164.94688415527344,13893796.0
2024-10-09,164.8547789850418,168.3544921875,162.5523379377647,168.3544921875,10811473.0
2024-10-10,168.1702836453607,171.20949429497688,164.9468664871757,165.03895568847656,13187608.0
2024-10-11,164.76266897690581,167.3414056548849,160.15778707086614,161.26296997070312,12526934.0
2024-10-14,161.53925053582526,161.99973872327402,158.59212894675017,158.7763214111328,9606163.0
2024-10-15,159.1447358654794,166.9730358132022,157.57907868653194,166.2362518310547,21296709.0
2024-10-16,165.86785315791684,167.80189514160156,162.18394760463036,167.80189514160156,17886587.0
2024-10-17,167.433513827778,169.82804405739898,166.32834494849257,167.61770629882812,15274000.0
2024-10-18,167.7098112043373,170.3806371931989,162.0918494378541,162.55233764648438,13253444.0
2024-10-21,162.46024108491412,162.46024108491412,156.8422931396801,157.21067810058594,10761794.0
2024-10-22,157.94745411735457,163.01282436601608,156.56598950408323,160.98667907714844,17215919.0
2024-10-23,160.43409373164806,160.89458195364074,155.36872328972873,156.47389221191406,21207602.0
2024-10-24,158.40794518220636,161.0787711948984,157.8553537057256,159.97360229492188,13430353.0
2024-10-25,157.5790701029502,159.7894078760065,156.84228616093648,159.23681640625,11880762.0
2024-10-28,159.23680959858154,160.15778597347904,158.6842322054336,158.7763214111328,4545195.0
2024-10-30,158.8684302533982,160.43408733515358,157.5790689044196,159.32891845703125,13838824.0
2024-10-31,158.96052477756493,160.3419893125276,155.3687085548716,155.64500427246094,13884579.0
2024-11-01,156.28969511092822,158.131647944417,154.0793573319356,154.2635498046875,16654027.0
2024-11-04,154.17144698346522,154.17144698346522,148.46139599388965,149.290283203125,14780508.0
2024-11-05,150.94803565321763,151.40852388163256,148.7376977780202,148.92189025878906,12216333.0
2024-11-06,149.38235836244564,152.78996798304655,147.5404056969334,151.68479919433594,17040047.0
2024-11-07,151.13224186549743,152.4216032811224,148.73769746163907,151.4085235595703,13822357.0
2024-11-08,149.29029197721908,158.59214592788197,148.82980374046392,157.85536193847656,22914158.0
2024-11-11,158.50004703173198,163.65750653660004,157.67115982440657,162.55233764648438,22211933.0
2024-11-12,161.26298280782356,163.1970249305264,159.97360733970285,161.35507202148438,14456258.0
2024-11-13,160.61827953112788,171.76209966116977,158.03955683758386,168.4465789794922,35821198.0
2024-11-14,170.10433476825395,173.41985536120654,168.2623820061657,170.38063049316406,23343661.0
2024-11-15,170.47273692393864,172.59097139736033,169.6438497337877,171.0253143310547,15622156.0
2024-11-18,171.30162017291192,175.26182172944192,168.99917904155558,173.7882537841797,17369049.0
2024-11-19,174.89341115586913,175.0776176765896,168.35448720684283,171.11741638183594,21040462.0
2024-11-20,171.9462810593844,174.34082518117754,167.7097982978061,169.0912628173828,19112334.0
2024-11-21,169.9201429358524,174.89340979082993,169.55175800325569,173.69615173339844,25079652.0
2024-11-22,173.88033925785916,179.03779843255535,171.9462832842331,178.94570922851562,28760624.0
2024-11-25,180.69556509978716,182.90591686993116,180.23507690429688,180.23507690429688,17524750.0
2024-11-26,180.51137966579861,182.72171746908376,180.23508392714172,182.35333251953125,18921134.0
2024-11-27,184.7478819648854,185.94514011056688,180.78768040913442,183.73480224609375,20185663.0
2024-11-28,183.27430391074412,185.1162567138672,182.72171244861335,185.1162567138672,10956551.0
2024-11-29,185.66884134438567,191.37889201337114,180.32717560127637,184.65576171875,37305267.0
2024-12-02,179.8666972751947,180.97186616637714,178.20893691192862,179.12991333007812,18238574.0
2024-12-03,179.77459037260363,183.27430350131613,177.74844510429153,179.31410217285156,25961100.0
2024-12-04,179.59039372438139,186.5898198189356,179.59039372438139,182.90591430664062,28199447.0
2024-12-05,183.6426890239716,183.91898475529845,180.97186307810938,182.62962341308594,11036764.0
2024-12-06,185.11625839233398,186.1293380644312,183.45849804389525,184.19528198242188,19453142.0
2024-12-09,185.39255729690532,186.86611114617787,184.10318186918371,184.8399658203125,22031704.0
2024-12-10,185.02415629720917,185.4846445050698,179.9587860107422,179.9587860107422,20582650.0
2024-12-11,181.34023890403176,182.53751097761887,179.5903894485472,179.7745819091797,17681855.0
2024-12-12,180.97187127872388,183.18220912352945,179.9587915689466,180.51138305664062,12773141.0
2024-12-13,180.0508815866039,181.43234615120699,178.85360948668435,181.24815368652344,11832160.0
2024-12-16,181.98493402150632,182.2612156866095,178.94570922851562,178.94570922851562,10449748.0
2024-12-17,179.03780326703514,180.2350753757529,177.10376129416898,178.66941833496094,15002018.0
2024-12-18,178.66941813365764,178.85361059948724,174.5250244140625,174.5250244140625,14099779.0
2024-12-19,172.2225881467709,174.06454096117486,170.10433959960938,170.10433959960938,12101272.0
2024-12-20,170.74902046563432,171.66999687386962,167.61770629882812,167.61770629882812,11749326.0
2024-12-23,168.53869299214963,169.27547697429713,166.2362518310547,166.2362518310547,10143177.0
2024-12-24,166.78883652668446,167.98609463922264,164.39429219563803,165.7757568359375,13498842.0
2024-12-25,170.1043279562827,170.84111184220973,168.90705589827422,169.92013549804688,13099229.0
2024-12-26,171.3016117395689,173.7882452284173,168.99917072156396,170.10433959960938,18608130.0
2024-12-27,170.1043449381204,170.65693642097784,167.89400711266083,168.99917602539062,15776523.0
2024-12-30,169.09127020099257,169.64384760116207,166.14413452148438,166.14413452148438,14509645.0
2024-12-31,166.4204465889191,167.34142306595018,164.4864044189453,164.4864044189453,19359008.0
2025-01-02,165.31527638380055,170.3806469693766,165.13108390037675,170.28854370117188,21369623.0
2025-01-03,170.74902054897933,172.68307662841144,170.3806356066993,171.76210021972656,22250857.0
2025-01-06,172.4067840576172,173.7882486959843,171.85420663406134,172.4067840576172,24710289.0
2025-01-07,172.40677892832164,173.5119477955383,170.74901860100437,171.0253143310547,19953547.0
2025-01-08,170.65693254403476,173.1435660544323,170.10434107373092,171.6699981689453,21663919.0
2025-01-09,172.222588424069,173.23566809481625,170.3806356066993,171.76210021972656,24983432.0
2025-01-10,172.03840281996136,172.8672759996689,167.8940088154531,168.0782012939453,24964097.0
2025-01-13,167.8940069244424,169.18336831235084,163.197021484375,163.197021484375,27558218.0
2025-01-14,164.3942815048546,166.88091488508752,163.3812018799896,163.84169006347656,29868604.0
2025-01-15,163.93380398220486,164.30218893175737,160.34200153862022,161.63136291503906,30131126.0
2025-01-16,163.3812076156926,163.8416958153456,159.1447246106757,161.90765380859375,29597044.0
2025-01-17,162.82863724240894,164.02590942382812,161.3550693186645,164.02590942382812,31597150.0
2025-01-20,164.76266281922767,165.31525424849417,159.8814994236369,161.53924560546875,33544265.0
2025-01-21,160.98668706087017,163.10493571686558,160.06571060634914,161.35507202148438,25502311.0
2025-01-22,161.72346762004895,163.473317225494,160.618284655573,163.197021484375,20736765.0
2025-01-23,164.21009492950444,167.34140906828978,163.93379919890936,166.0520477294922,42390176.0
2025-01-24,166.42043923566968,167.34141567200763,164.39429388632323,164.8547821044922,17541032.0
2025-01-27,163.47330155491764,164.30217464583356,161.0787574320746,161.53924560546875,18136518.0
2025-01-28,162.27604212890648,162.9207228112587,159.0526246641604,160.06570434570312,39599535.0
2025-01-29,160.7103894754407,160.98668521923338,156.47389221191406,156.47389221191406,38578757.0
2025-01-30,157.21066842735226,159.6052126848593,156.6580910199938,157.7632598876953,35726963.0
2025-01-31,158.1316550693856,158.6842465655244,155.46082896168085,156.38180541992188,31623165.0
2025-02-03,154.90823344862258,155.00033671325255,148.9218866252877,149.1060791015625,38275976.0
2025-02-04,150.02704779082745,152.42159201773794,148.73768647048144,150.39544677734375,31557042.0
2025-02-05,151.04013623686825,151.6848169345993,146.06686907953133,147.44833374023438,36900093.0
2025-02-06,148.73768615722656,150.7638313933535,147.26411832023365,148.73768615722656,36800423.0
2025-02-07,148.64559251321128,152.69789730058724,148.55350330055734,152.32949829101562,36440784.0
2025-02-10,152.78998483899935,154.26355275516815,148.9218866252877,149.1060791015625,31772864.0
2025-02-11,148.73769293891058,149.84286184055316,148.00090898682052,149.19818115234375,17365797.0
2025-02-12,149.2902740453657,150.02704389328898,146.2510492372379,146.43524169921875,21241699.0
2025-02-13,147.90881663991246,149.7507694545914,147.3562251743149,148.55349731445312,24078445.0
2025-02-14,149.0139803385451,149.47446852620874,146.80362860596918,147.17202758789062,21644795.0
2025-02-17,147.6325154367619,148.36929934592976,145.51426696777344,145.51426696777344,24087598.0
2025-02-18,145.51427151954252,146.52735118296104,142.38295737386014,143.58021545410156,35956502.0
2025-02-19,145.51428080240885,147.63252947278787,138.14646911621094,138.14646911621094,70931074.0
2025-02-20,139.34372958945536,139.71211452154347,137.3175843570021,137.96226501464844,30735896.0
2025-02-21,138.0543561835257,141.64617256086953,135.4756335162855,138.6990509033203,43701907.0
2025-02-24,139.9884134590428,140.44890166121067,138.14646065037115,138.60694885253906,18228493.0
2025-02-25,139.06742900292102,140.4488935294401,138.23855590820312,138.23855590820312,20567844.0
2025-02-26,138.4227580641113,139.34373447963702,136.3966127605517,137.68597412109375,25973247.0
2025-02-27,137.87017184960777,142.01456587746964,137.1333878785019,140.72520446777344,38293099.0
2025-02-28,139.9884113297114,142.93553296816106,139.89630806948492,140.35679626464844,30396106.0
2025-03-03,142.3829457963683,145.05377152386833,140.81727479785084,140.9093780517578,48054801.0
2025-03-04,140.72519205428694,141.6461684236828,138.60694359407958,139.7121124267578,23424005.0
2025-03-05,141.09358279380953,148.92188225619503,140.35679885734103,148.55349731445312,57583911.0
2025-03-06,150.1191561790659,155.9213104248047,147.26412366121485,155.9213104248047,67726284.0
2025-03-07,155.64501282796692,159.32891845703125,153.98725248429105,159.32891845703125,50411476.0
2025-03-10,160.06571073305525,160.7103914411332,156.3818049120551,157.21067810058594,29522318.0
2025-03-11,157.7632526020571,161.4471580262593,156.10549235056928,160.61827087402344,41104291.0
2025-03-12,161.44716997287208,168.44658236500172,160.24989781081496,166.60462951660156,56075790.0
2025-03-13,167.43351170989803,169.3675537109375,165.22315992630135,169.3675537109375,41964812.0
2025-03-14,170.1043461607492,170.93323339099305,168.0782007973508,168.90707397460938,35137919.0
2025-03-17,169.09128100513033,170.380642407561,167.70981633696093,168.0782012939453,27780561.0
2025-03-18,166.97302112827109,172.77517515454002,166.88091786873335,169.5517578125,40826411.0
2025-03-19,156.56599058043716,161.72346412663376,152.6057891845703,152.6057891845703,52796738.0
2025-03-20,152.60579474005075,157.67116520793587,149.7507761808522,153.15838623046875,52164692.0
2025-03-21,152.23739574327436,152.88207638732288,139.62002237009816,141.46197509765625,46014257.0
2025-03-24,145.51428085592607,150.30335564311892,141.09359103198437,149.7507781982422,27655451.0
2025-03-25,151.96111981606353,157.6711712046154,150.11916684859608,156.93438720703125,38629869.0
2025-03-26,155.0924263882234,155.46082539485874,150.30335172584554,152.42160034179688,24090876.0
2025-03-27,154.6319331711028,154.90822890390157,147.90881663991246,148.55349731445312,21086275.0
2025-03-28,148.09301605757585,151.13224115495794,146.52735890225338,150.6717529296875,19976641.0
2025-04-02,149.75076870337045,151.2243225159307,147.724609375,147.724609375,14695103.0
2025-04-03,147.63252952708413,151.13224288991236,147.44833704545854,149.7507781982422,16192445.0
2025-04-04,150.02704792575247,151.96110396099527,147.26411876282526,147.9088134765625,19830650.0
2025-04-07,142.01456174265667,148.4613967094062,141.0935853188353,145.88265991210938,44040903.0
2025-04-08,148.27720813751222,148.6455930955417,145.51427879333497,147.35623168945312,17743365.0
2025-04-09,145.8826536801159,146.43524513199645,142.10665893554688,142.10665893554688,24691715.0
2025-04-10,149.79903960011177,149.8954412658079,143.43692680255177,144.1116943359375,19314400.0
2025-04-11,144.59367479800198,144.69007646473233,141.2198223860486,142.28018188476562,22134728.0
2025-04-14,143.3405194074273,144.01528691384206,141.50900550304027,141.6053924560547,17733084.0
2025-04-15,141.79820165955348,142.08737723941616,138.03875732421875,138.03875732421875,21304800.0
2025-04-16,137.84596203753858,138.32794092578175,133.79734231806188,134.08653259277344,26299198.0
2025-04-17,134.5685156970789,141.50900896346172,131.58024061281674,138.42434692382812,54646084.0
2025-04-18,139.9666729703917,142.76215948263996,136.7856092124405,138.03875732421875,41412960.0
2025-04-21,141.70180067905162,149.31706163473427,139.00271581958955,145.07565307617188,52482149.0
2025-04-22,146.03961211148544,146.23240073686344,139.67748451220584,139.9666748046875,30876030.0
2025-04-24,140.25586410487756,142.47297005311225,137.26758895175743,141.79820251464844,43316369.0
2025-04-25,142.28017663095414,142.858542483492,139.48469019612088,140.255859375,22603026.0
2025-04-28,140.15945053137253,141.12340827838014,136.68921146744196,139.09910583496094,26079262.0
2025-04-29,138.3279452744115,139.48469170079412,134.76130433105305,135.6288604736328,24506607.0
2025-04-30,135.62885761229123,136.88200567644697,132.44779397522782,132.7369842529297,24224115.0
2025-05-02,132.73699088040883,134.76130821656628,132.25501196311697,133.41175842285156,16173521.0
2025-05-05,134.4721181233724,135.2432873339461,129.941519235892,130.13430786132812,23107185.0
2025-05-06,130.134304959873,133.5081573106845,128.88115685923435,130.51988220214844,41241618.0
2025-05-07,130.51987793168644,134.37570906359835,129.94151208719674,132.2550048828125,39564899.0
2025-05-08,133.0261707850865,135.82164240356067,131.38744553602135,134.95408630371094,22075657.0
2025-05-09,135.14687545342113,139.38829843662688,133.79734046852684,138.71351623535156,38367015.0
2025-05-12,143.1477257864816,149.22066254949186,141.79819082084728,148.44949340820312,42506815.0
2025-05-13,147.38913449061232,149.7026419221743,145.65402230297585,148.9314727783203,27217830.0
2025-05-14,148.25670480008793,151.72694387264525,147.87111287502958,148.44949340820312,30843909.0
2025-05-15,148.54590175236837,149.60624649913947,142.76215499563236,143.05133056640625,24484357.0
2025-05-16,143.62970930375394,153.75126599965606,143.05132875188528,153.269287109375,43451149.0
2025-05-20,151.91975307483278,154.7152247728672,149.70264722354935,150.95579528808594,29434027.0
2025-05-21,149.60624941281463,152.01614394172216,145.55762954601573,145.94320678710938,23878225.0
2025-05-22,146.71437266869967,147.77473212103212,143.72611234555765,145.36483764648438,33053976.0
2025-05-23,145.2684423386268,146.42518879524496,140.73784347005525,142.28018188476562,24979842.0
2025-05-26,143.62971309739717,144.40088228398116,141.316220246474,141.70179748535156,13617923.0
2025-05-27,141.99098980904867,142.569355675675,137.55677795410156,137.55677795410156,18941146.0
2025-05-28,137.5567670634031,139.0991053366208,136.592809319849,138.61712646484375,21871145.0
2025-05-29,139.6774764226756,141.12341309251212,137.36398363446855,137.84596252441406,16581243.0
2025-05-30,137.84596731302412,139.09911541218102,136.40003059295742,136.5928192138672,22515996.0
2025-06-02,136.40002632805695,138.90632244800491,134.66489937646438,138.32794189453125,25753900.0
2025-06-03,139.58109090756986,146.03960515759204,139.58109090756986,145.36483764648438,30004596.0
2025-06-04,144.5936608177032,145.7504071624793,142.47295673414246,143.72610473632812,39440211.0
2025-06-05,143.7261161685103,143.7261161685103,142.4729680666474,143.14773559570312,12481633.0
2025-06-10,144.2080850979204,146.4251761530044,143.05132403234688,145.1720428466797,45733831.0
2025-06-11,145.65401984853546,147.58193532126882,145.17204098035214,146.52157592773438,35481031.0
2025-06-12,144.78646342263346,145.654034296719,140.93063209468676,142.28018188476562,32909104.0
2025-06-13,134.95408825373332,140.15945434570312,134.3757077062574,140.15945434570312,29517322.0
2025-06-16,140.15946198651844,143.4369274195062,138.2315463349359,141.31622314453125,25938835.0
2025-06-17,141.60538626267532,142.95493592530823,139.5810838319677,141.41259765625,22304487.0
2025-06-18,140.83424096398724,141.12341653795184,137.36398698812417,137.94236755371094,23390591.0
2025-06-19,138.80992126464844,141.21981573104858,138.1351537558221,138.80992126464844,23472330.0
2025-06-20,140.7378387451172,141.70179654474128,138.52073286421603,140.7378387451172,34878460.0
2025-06-23,139.29189726565448,141.50900307047206,138.23153783892442,139.19549560546875,17884259.0
2025-06-24,144.59366843795183,145.65402789002823,141.50900645304122,142.56935119628906,36918548.0
2025-06-25,143.1477347740905,143.24413643861473,138.32794572445783,138.9063262939453,29436388.0
2025-06-26,139.09911541218102,139.38830569796013,136.49643225782677,136.5928192138672,20483753.0
2025-06-27,136.68921613031054,139.29189919425056,135.91804696463205,137.84596252441406,31107346.0
2025-06-30,138.6171273060488,149.12426089102027,138.6171273060488,148.44949340820312,71757420.0
2025-07-01,148.1603093476489,153.4620771914471,147.4855418365676,151.43777465820312,43949627.0
2025-07-02,151.91975490094083,159.53501562424648,151.82335323757596,156.16116333007812,43033719.0
2025-07-03,159.05304255258315,159.43861980251225,155.19721121797505,155.87197875976562,29183338.0
2025-07-04,156.16116905162707,157.6071058021051,154.23325338432304,155.87197875976562,17608438.0
2025-07-07,152.88371371286794,153.55848123440947,150.66660782023538,151.05218505859375,21818336.0
2025-07-08,152.5945278338855,153.55848566643206,148.16031592063968,149.3170623779297,28242509.0
2025-07-09,149.5098530567192,155.38998651225057,148.93147252261477,154.52243041992188,37553744.0
2025-07-10,156.06475973156122,158.86024613736342,155.67918250054024,157.5106964111328,32207064.0
2025-07-11,159.63140869140625,161.36652086790778,158.37826067928899,159.63140869140625,34046488.0
2025-07-14,159.92059523484028,160.11339856443308,157.12512346169143,158.57106018066406,21265899.0
2025-07-16,158.08907796729426,159.5350146560195,151.8233523161515,155.19720458984375,29711666.0
2025-07-17,157.1251210707372,162.61967757745737,153.94405739563754,162.23410034179688,37826557.0
2025-07-18,162.13769962004196,163.00527046855936,160.11339705782558,160.40257263183594,22366887.0
2025-07-21,161.27014664900335,167.05389358411048,161.27014664900335,166.57191467285156,38545525.0
2025-07-22,166.957482826106,169.27099029945663,164.06560951603896,166.7646942138672,30430979.0
2025-07-23,167.15027239705898,167.53586433257652,164.25839907040518,164.45120239257812,21556719.0
2025-07-24,165.22236384999786,170.0421529320728,164.35480769875596,168.88540649414062,43401331.0
2025-07-25,168.88540273254037,169.36738163001272,165.8971423935091,167.82505798339844,19631935.0
2025-07-28,168.21062838646674,168.49981865497125,163.96922014449393,164.35479736328125,16427070.0
2025-07-29,164.35480024801586,167.0538849533853,163.39084247530022,163.96922302246094,18549606.0
2025-07-30,164.25839954940201,169.84935760566896,164.16201259686284,168.21063232421875,29048053.0
2025-07-31,168.6926098698748,173.70518733567113,167.7286520991898,172.83763122558594,40741615.0
2025-08-01,174.86193941471174,178.71777062305227,172.83763685563022,175.82589721679688,47169938.0
2025-08-04,176.9826516265936,179.3925460403063,173.89797500997875,175.151123046875,28977549.0
2025-08-05,176.40426774244918,176.40426774244918,173.99437337438292,174.57275390625,20355862.0
2025-08-06,174.95834107845178,176.11508749918818,173.12682713802153,175.82589721679688,23942562.0
2025-08-07,176.50067138671875,179.10335439175054,176.4042697273802,176.50067138671875,26410780.0
2025-08-08,176.50067468056076,176.59706163286998,173.1268224643423,173.8015899658203,19762161.0
2025-08-11,174.7655496596488,177.07904246405406,174.28357076632864,175.72950744628906,18304026.0
2025-08-12,175.8258919811972,175.8258919811972,172.64484309610197,173.31961059570312,13792440.0
2025-08-13,173.70518493652344,174.76554435316297,172.06645969075802,173.70518493652344,17802028.0
2025-08-14,173.22321615742612,174.8619414987356,171.00611024444086,171.19891357421875,20767994.0
2025-08-15,170.81332208448086,172.8376393819804,170.81332208448086,171.68089294433594,14733013.0
2025-08-18,172.25925683950055,173.994383830546,170.3313412291898,173.03042602539062,19373538.0
2025-08-19,173.70518733567113,175.34391260406997,171.58448318192978,172.83763122558594,18300042.0
2025-08-20,172.54844703231143,176.59706687007477,171.10251032533677,176.30787658691406,30478083.0
2025-08-21,177.36823883362766,180.16371062736516,176.78985825824725,179.1997528076172,34107405.0
2025-08-22,179.68172936264074,180.7420888339984,178.6213846001119,179.58534240722656,21105532.0
2025-08-25,181.2240643764336,183.24838161736136,180.93487409789697,182.284423828125,21759418.0
2025-08-26,181.8024396764929,183.63395353955033,179.97091110460732,183.5375518798828,22895547.0
2025-08-27,183.44117315782543,183.44117315782543,179.10336303710938,179.10336303710938,15463054.0
2025-08-28,180.5492987957266,182.7664046764358,177.94661567873263,178.139404296875,19216001.0
2025-08-29,178.42859315360593,181.03127624981536,176.0186986739993,176.69346618652344,26149001.0
2025-09-01,177.079038196293,178.23578457061703,175.729503211053,177.46463012695312,18311146.0
2025-09-02,177.7538160976791,178.33219667312355,162.2341040233155,166.08993530273438,44806544.0
2025-09-03,166.08993394004688,166.2827225606703,160.11339844774798,161.8485107421875,34943370.0
2025-09-04,162.42688749296568,164.64399335006564,160.6917605305036,164.06561279296875,33098744.0
2025-09-05,164.83678926740373,167.92145138795186,161.3665351887688,161.94491577148438,28778720.0
2025-09-08,158.66746184546048,160.69176442672477,157.22152512648785,158.57106018066406,17735696.0
2025-09-09,160.01699829101562,163.29444899898675,158.47465989383568,160.01699829101562,25555923.0
2025-09-10,161.36653473490932,162.23410560654253,159.245830452299,161.4629364013672,23795430.0
2025-09-11,161.6557236450012,166.28272412771202,160.01699829101562,160.01699829101562,30618195.0
2025-09-12,159.82421012624522,162.33049164280328,157.79989281275334,160.4989776611328,18174994.0
2025-09-15,159.92059131953837,173.41600036621094,156.16116182578244,173.41600036621094,52192576.0
2025-09-16,173.6087989629798,175.34391116894895,171.29529150697397,174.6691436767578,34363768.0
2025-09-17,174.7655472557749,176.21148391584669,173.22320893483368,173.31961059570312,25462886.0
2025-09-18,175.53672028370204,177.56102282710532,170.52412798461884,171.10250854492188,37362629.0
2025-09-19,171.87368323529338,176.88626098632812,171.1025140330967,176.88626098632812,32864156.0
2025-09-22,181.3204650363209,183.63395783416482,178.33219002267975,178.5249786376953,33584218.0
2025-09-23,175.82589730038958,176.69346814797592,172.16286941778756,172.54844665527344,35617887.0
2025-09-24,172.934019553274,173.89797733162857,168.30703398423492,171.4880828857422,32622126.0
2025-09-25,172.54844328788107,173.2232107947272,169.84935855166808,172.45204162597656,20087615.0
2025-09-26,171.29528881885975,172.25924656652788,165.99352120668507,166.18630981445312,24743823.0
2025-09-29,165.5115509033203,168.78901624040142,165.02957200452857,165.5115509033203,28835423.0
2025-09-30,166.4755005762282,167.15026805983953,164.35479646680918,166.6682891845703,23508915.0
2025-10-01,166.86109873707755,172.25925351651676,164.7403798395826,169.6565704345703,43108932.0
2025-10-02,170.04215494006365,170.81332414406802,166.186323628871,167.53587341308594,25708425.0
2025-10-03,168.69261064237318,169.2709911909641,161.36652566808735,161.6557159423828,26978761.0
2025-10-06,162.8124594905813,164.64398805661713,160.40256509487213,161.559326171875,25038356.0
2025-10-07,162.04131358413065,165.60795453583432,161.655721635215,164.16201782226562,26040326.0
2025-10-08,163.77642683435786,166.18632137111314,161.0773567202551,162.3304901123047,24964356.0
2025-10-09,164.8367888037838,165.2223660519569,160.7881688626497,161.4629364013672,22386344.0
2025-10-10,161.55932367982567,162.61966837228505,157.60709104829448,159.14942932128906,26361003.0
2025-10-13,156.5467386538221,157.703499764757,153.84766861851676,154.23324584960938,26404967.0
2025-10-14,154.23323949842248,155.2935989035053,151.05217599200193,151.24496459960938,25260402.0
2025-10-15,151.630567479474,153.8476733992228,150.08822908951942,152.9801025390625,30945796.0
2025-10-16,151.5341572614345,154.1368402773574,149.79903034787648,150.37741088867188,22209369.0
2025-10-17,149.7026462097567,150.18462509986614,145.07564592294042,147.19635009765625,24246355.0
2025-10-20,147.87112329926055,150.3774195079242,140.73784133433932,149.70265197753906,57283972.0
2025-10-21,149.89543012821844,152.01613423649837,149.50985291174135,151.72694396972656,28244772.0
2025-10-22,152.4017290898482,156.64313738789687,151.91975020557774,154.6188201904297,30480150.0
2025-10-23,155.10079868953147,158.86024280280196,154.8116231267499,156.9323272705078,32859251.0
2025-10-24,160.0169976512301,170.04215306632977,159.053039834054,165.6079559326172,73055033.0
2025-10-27,164.3548045555871,165.60795263472681,160.88455059932767,162.23410034179688,32427224.0
2025-10-28,161.84851364954028,162.71608452117349,161.27014777728064,161.4629364013672,10882290.0
2025-10-30,161.65571545837219,163.19805377744447,160.1133918481282,161.17373657226562,25073791.0
2025-10-31,160.8845477942368,165.4151611328125,160.59537222694766,165.4151611328125,32813023.0
2025-11-03,166.76470132233788,170.23495532587185,166.282722416782,167.92144775390625,32117856.0
2025-11-04,167.24668319984943,169.46378914657004,163.0052746391198,164.74038696289062,24638842.0
2025-11-05,164.7403750739997,166.86109391014685,163.77641731532486,164.83677673339844,29416023.0
2025-11-06,166.2827125972077,170.90971275906952,165.318754843021,169.9457550048828,36428927.0
2025-11-07,166.66830070621347,168.1142374319776,162.81246943750912,165.6079559326172,37468770.0
2025-11-10,166.66829884025697,167.72865831081086,160.88455200195312,160.88455200195312,21755923.0
2025-11-11,160.88454284453172,162.13769086326846,153.2692824910845,157.7998809814453,36293409.0
2025-11-12,158.8602509294552,159.92059570116302,156.93233529853663,159.05303955078125,24001630.0
2025-11-13,159.72780707983694,160.69176489529622,157.8962931139959,159.05303955078125,23831330.0
2025-11-14,158.08908081054688,159.8242078099894,156.06476352639245,158.08908081054688,19393819.0
2025-11-17,159.82420538133508,162.3304868234859,157.70350117372172,161.7521209716797,31373072.0
2025-11-18,160.8845533902515,164.74038464905996,160.59537781290405,162.3304901123047,26337223.0
2025-11-19,163.1016615966464,165.80074645748763,162.234105434761,164.74038696289062,30489789.0
2025-11-20,166.08992815497402,167.34307620862114,163.4872450951398,164.9331817626953,24993265.0
2025-11-21,163.87281848538308,164.35479736328125,161.84850131467945,164.35479736328125,19622260.0
2025-11-24,163.19806389481528,164.1620217267884,160.88455627278225,161.94491577148438,40538290.0
2025-11-25,162.716078766852,164.54759269414794,161.46293069136226,161.7521209716797,44951818.0
2025-11-26,162.23410606284216,163.48725418617306,161.84851410475537,161.94491577148438,24995303.0
2025-11-27,163.1980533796191,165.4151591920703,162.81246144637683,163.48724365234375,28731897.0
2025-11-28,163.10165930583216,164.16201878553608,161.84851120495364,162.3304901123047,26753223.0
2025-12-01,162.42689354040792,167.63225991277065,161.4629357152423,167.05389404296875,32165560.0
2025-12-02,167.82505124311308,169.46377648693786,167.15026904668986,167.6322479248047,26468789.0
2025-12-03,168.21063426490983,169.94576122774626,165.41516255893848,166.86109924316406,48442134.0
2025-12-04,167.05389029621355,167.53586919798633,163.0052704630879,163.19805908203125,27369305.0
2025-12-05,163.3908486332632,166.0899334403572,162.9088697287403,164.16201782226562,31900156.0
2025-12-08,165.80073931747776,168.8854012932465,165.70433765527338,166.37911987304688,31345819.0
2025-12-09,166.7646942138672,168.40341948113954,164.8367786738225,166.7646942138672,30746117.0
2025-12-10,167.24667261096013,168.78901092202767,165.22235541628754,166.28271484375,31394367.0
2025-12-11,166.66829779189615,168.30703781950413,165.22236109141528,165.9935302734375,32074074.0
2025-12-12,166.8610949435359,170.23494711979248,166.8610949435359,169.07818603515625,30149118.0
2025-12-15,169.75297731198555,171.68089294433594,168.01785030110437,171.68089294433594,29804917.0
2025-12-16,171.58447974604098,171.58447974604098,167.53586013200112,169.46377563476562,32216363.0
2025-12-17,168.7890071600144,170.13854212049853,167.8250494142892,168.49981689453125,22206922.0
2025-12-18,169.27098702625477,170.04214146029818,168.49981788338337,169.46377563476562,21304768.0
2025-12-19,169.65657722915012,169.8493658524174,166.86110541970146,167.05389404296875,26437360.0
2025-12-22,167.24667794952703,167.63225518518755,161.94491006063714,162.23410034179688,39843084.0
2025-12-23,161.84851120495364,163.10165930583216,161.55933562760617,162.3304901123047,27316728.0
2025-12-24,162.42688096573224,167.82505025227886,161.84850043187797,166.6682891845703,43723715.0
2025-12-25,167.24667113008556,167.24667113008556,164.35479785406102,164.83677673339844,11858549.0
2025-12-26,164.8367742430916,164.8367742430916,160.98094326664503,162.4268798828125,20871371.0
2025-12-29,162.42689084569244,162.61967946576132,159.72780603824157,161.3665313720703,25511747.0
2025-12-30,161.46292828739854,163.4872455106525,160.59537216819163,162.6196746826172,22637859.0
2025-12-31,163.0052699939111,164.35480503145905,162.426889429917,162.71607971191406,23300746.0
2026-01-02,163.19804929304263,168.49981689453125,163.19804929304263,168.49981689453125,33158442.0
2026-01-05,169.65656811508893,173.80158948239372,168.21063145501716,173.31961059570312,43157489.0
2026-01-06,173.31960975138955,178.52497581875906,172.74122920664703,178.4285888671875,42583893.0
2026-01-07,178.81417617380944,179.39255675116473,175.72951408184917,176.40428161621094,36469944.0
2026-01-08,176.40428161621094,177.5610280620924,174.18717568145448,176.40428161621094,26611657.0
2026-01-09,176.88624622510827,179.0069503225538,174.95833073491636,177.36822509765625,32252418.0
2026-01-12,177.85020882742745,183.1519765702505,177.17544132919747,182.18801879882812,54954007.0
2026-01-13,182.28441609436558,184.9834860226514,180.93486642139473,181.12765502929688,42688810.0
2026-01-14,181.89883369520655,187.8753691061129,181.80244674062197,187.4897918701172,47418050.0
2026-01-15,187.3933854711257,189.70689295512219,185.56187158318664,188.74293518066406,40069988.0
2026-01-16,188.83932164844123,190.28525830641956,187.2969980385613,188.26095581054688,28700598.0
2026-01-19,189.32130288688262,190.4780639947015,186.33304258189312,187.8753662109375,38063660.0
2026-01-20,187.97176934276837,188.55014990120065,184.50151540983197,186.04385375976562,34598936.0
2026-01-21,186.5258331298828,189.5141081746682,183.24838251397446,186.5258331298828,41961554.0
2026-01-22,187.97176553718555,189.12851192180256,184.98349056049895,188.26095581054688,40260985.0
2026-01-23,189.03212172061328,192.30957220549652,188.74293145222285,190.9600372314453,41098357.0
2026-01-26,189.41770832773946,192.02039145459915,188.16456024182074,191.731201171875,30989646.0
2026-01-27,192.11679556280035,193.17714033450818,188.06817567963716,190.8636474609375,42629547.0
2026-01-28,191.24921286646878,196.06900164545064,191.24921286646878,194.23748779296875,47227159.0
2026-01-29,195.3942422939988,201.5635810132718,193.3699397478352,199.1536865234375,76144736.0
2026-01-30,198.96088693416291,202.23835232719364,196.45460544295833,200.2140350341797,50380744.0
2026-02-02,194.71947569398606,201.370778633665,192.79156009305552,197.32215881347656,45239841.0
2026-02-03,198.5753049713573,202.91311503141122,196.4546007726522,201.46717834472656,50159043.0
2026-02-04,202.4311351776123,204.0698604729987,199.82845209566585,200.5032196044922,33880777.0
2026-02-05,200.4068145489498,201.65996259202484,197.12936401367188,197.12936401367188,28957803.0
2026-02-06,196.74379342586033,198.76809598634892,194.33389891897244,197.80413818359375,23022504.0
2026-02-09,200.1176386221153,202.91311026720584,199.15368085362502,202.72032165527344,32811796.0
2026-02-10,202.91311212187833,206.47975295612665,197.32215407176636,198.57530212402344,37939866.0
2026-02-11,196.64738467732076,201.65996212929073,196.1654057933077,199.92483520507812,30750297.0
2026-02-12,202.23834384603603,216.79409740231426,201.65996329833615,213.03466796875,71397648.0
2026-02-13,213.22745897338916,215.44456481933594,211.9743109118689,215.44456481933594,41184406.0
2026-02-16,216.50492474492057,220.84273478444084,213.6130513852404,215.92654418945312,44969746.0
2026-02-17,214.57701543596187,216.119339114186,211.78152894803176,212.84188842773438,29910994.0
2026-02-18,213.0346684435238,218.9148167592067,209.56441456724727,210.23919677734375,53337534.0
2026-02-19,211.29954044145842,212.93826571023783,203.58787827418746,206.47975158691406,39815664.0
2026-02-20,206.0941777228968,207.443712740645,203.20230436301188,206.57615661621094,26354891.0
2026-02-23,208.69686553156504,210.33559086418106,206.96173853457145,208.6004638671875,27983569.0
2026-02-24,207.9256842645236,207.9256842645236,202.23833940852253,202.62391662597656,27114305.0
2026-02-25,203.58788160991153,204.55183939661455,197.22576904296875,197.22576904296875,31379460.0
2026-02-26,197.61134956480848,200.50322297307397,194.33389891897244,197.80413818359375,36613928.0
2026-02-27,199.05727802170264,199.6356585629241,190.09246788573927,192.40597534179688,40592651.0
2026-03-02,180.54929633642783,189.32130336746505,180.54929633642783,188.3573455810547,33391585.0
2026-03-03,187.00781111185168,190.28526171172385,181.80244493350682,182.284423828125,24431420.0
2026-03-04,182.0916214482097,186.14025595107628,180.35650918564247,183.24838256835938,23792583.0
2026-03-05,185.176297157565,188.83932498884326,185.07989549512985,185.56187438964844,19016633.0
2026-03-06,184.59791757466107,187.8753681911497,179.4889383240405,180.45289611816406,30278905.0
2026-03-09,175.5367239163081,181.12766747373752,172.93402604991215,181.03128051757812,27707920.0
2026-03-10,186.42943146695606,186.9114103639325,182.76640361699802,186.5258331298828,34372554.0
2026-03-11,186.04384707789433,187.20059344438505,181.70603717193308,185.36907958984375,28179669.0
2026-03-12,183.73036325607887,190.09247593476277,183.3447713093282,188.45375061035156,38973701.0
2026-03-13,187.20059492246057,187.97176407581932,184.2123346778342,186.8150177001953,26912833.0
2026-03-16,187.29700804895842,188.55015616128188,184.79071182431147,186.2366485595703,27043502.0
2026-03-17,187.29700372113774,188.55015180450505,185.8510670192898,187.97177124023438,27669416.0
2026-03-18,188.5501528529405,189.51411065953258,182.28442711009205,182.86279296875,30148052.0
2026-03-19,181.99523535861985,187.4897918701172,181.5132564592108,187.4897918701172,13958641.0
2026-03-23,183.3447620076072,188.74293131761837,179.48893098869294,188.16455078125,55876587.0
2026-03-24,186.3330406518297,187.00780815184905,181.70604039496672,182.6699981689453,26559558.0
2026-03-25,185.5,188.8000030517578,185.0,186.6999969482422,35730927.0
2026-03-26,187.10000610351562,191.39999389648438,186.39999389648438,189.3000030517578,43204587.0
2026-03-27,189.60000610351562,192.60000610351562,189.0,192.60000610351562,28409424.0
2026-03-30,192.5,197.0,189.89999389648438,194.0,24461207.0
2026-03-31,194.39999389648438,196.60000610351562,191.5,194.8000030517578,24588352.0
2026-04-01,199.60000610351562,200.8000030517578,195.6999969482422,195.8000030517578,20779200.0
2026-04-02,193.0,194.89999389648438,192.0,193.10000610351562,16050285.0
2026-04-03,192.89999389648438,194.5,191.3000030517578,191.3000030517578,11930364.0
2026-04-06,191.5,195.60000610351562,191.1999969482422,194.39999389648438,16987854.0
2026-04-07,194.0,196.0,189.5,190.10000610351562,14348080.0
2026-04-08,199.89999389648438,205.39999389648438,198.5,201.39999389648438,42719049.0
2026-04-09,201.1999969482422,201.60000610351562,198.3000030517578,199.60000610351562,22782337.0
2026-04-10,200.8000030517578,204.60000610351562,200.8000030517578,204.0,24776022.0
2026-04-13,199.0,205.0,199.0,204.10000610351562,23189297.0
2026-04-14,206.10000610351562,209.39999389648438,206.0,206.3000030517578,24888950.0
2026-04-15,206.89999389648438,208.89999389648438,205.6999969482422,207.8000030517578,13507672.0
2026-04-16,209.0,211.0,201.8000030517578,204.5,17788231.0
2026-04-17,204.0,212.0,202.60000610351562,211.8000030517578,32343017.0
2026-04-20,209.10000610351562,210.5,207.6999969482422,208.0,17470374.0
2026-04-21,209.0,209.8000030517578,205.5,206.0,11723953.0
2026-04-22,206.89999389648438,208.1999969482422,202.1999969482422,204.89999389648438,12690718.0
2026-04-24,203.6999969482422,207.0,201.89999389648438,207.0,16190573.0
2026-04-27,207.1999969482422,209.1999969482422,203.89999389648438,205.0,16773777.0
2026-04-28,204.0,205.89999389648438,202.39999389648438,202.39999389648438,22758674.0
2026-04-29,203.5,205.1999969482422,201.0,202.3000030517578,14148196.0
2026-04-30,201.0,202.3000030517578,199.10000610351562,202.1999969482422,20347110.0
2026-05-04,203.0,203.89999389648438,196.8000030517578,197.39999389648438,17627449.0
2026-05-05,198.10000610351562,204.10000610351562,196.6999969482422,201.89999389648438,20548740.0
2026-05-06,205.1999969482422,213.89999389648438,203.6999969482422,210.5,33421876.0
2026-05-07,210.3000030517578,212.39999389648438,208.89999389648438,211.5,17128062.0
2026-05-08,210.5,215.10000610351562,208.5,213.0,19667179.0
2026-05-11,208.1999969482422,213.6999969482422,208.1999969482422,212.3000030517578,19232218.0
2026-05-12,211.39999389648438,211.5,203.1999969482422,203.60000610351562,14970138.0
2026-05-13,205.3000030517578,205.6999969482422,201.39999389648438,204.39999389648438,15473875.0
2026-05-14,205.0,207.6999969482422,203.6999969482422,204.5,12668108.0
2026-05-15,202.5,202.89999389648438,197.39999389648438,199.0,21455287.0
2026-05-18,198.1999969482422,198.39999389648438,194.5,195.0,14300999.0
2026-05-20,194.5,197.8000030517578,193.60000610351562,196.0,16259860.0
2026-05-21,195.39999389648438,196.1999969482422,178.0,183.3000030517578,26343994.0
2026-05-22,182.5,192.10000610351562,179.0,190.1999969482422,32473300.0
2026-05-25,190.8000030517578,192.1999969482422,189.39999389648438,190.89999389648438,15395812.0
2026-05-26,191.0,191.5,189.10000610351562,189.10000610351562,6708013.0
2026-05-27,189.10000610351562,189.10000610351562,189.10000610351562,189.10000610351562,0.0
2026-05-28,189.10000610351562,189.10000610351562,189.10000610351562,189.10000610351562,0.0
2026-05-29,189.10000610351562,189.10000610351562,189.10000610351562,189.10000610351562,0.0
2026-06-01,191.10000610351562,193.8000030517578,186.0,186.0,22803040.0
2026-06-02,187.8000030517578,194.0,187.6999969482422,193.3000030517578,21973275.0
2026-06-03,192.0,193.6999969482422,188.5,188.60000610351562,13539636.0
2026-06-04,189.1999969482422,192.89999389648438,188.60000610351562,191.1999969482422,16405117.0
2026-06-05,191.3000030517578,192.3000030517578,188.60000610351562,189.0,13162691.0
2026-06-08,185.39999389648438,191.6999969482422,185.1999969482422,190.89999389648438,17496431.0
2026-06-09,190.89999389648438,191.3000030517578,186.39999389648438,186.6999969482422,16337073.0
2026-06-10,186.6999969482422,187.5,183.39999389648438,185.0,11051184.0
2026-06-11,185.5,187.10000610351562,180.1999969482422,184.1999969482422,15842074.0
2026-06-12,187.39999389648438,192.10000610351562,185.6999969482422,187.5,32351826.0
2026-06-15,196.0,198.5,193.8000030517578,196.8000030517578,22802407.0
2026-06-16,199.8000030517578,202.3000030517578,198.8000030517578,200.10000610351562,21627688.0
2026-06-17,200.89999389648438,201.39999389648438,195.3000030517578,195.6999969482422,12510071.0
2026-06-18,196.89999389648438,199.6999969482422,195.6999969482422,199.6999969482422,26196416.0
2026-06-19,197.0,198.60000610351562,194.6999969482422,195.3000030517578,23553266.0
2026-06-22,196.5,199.1999969482422,195.8000030517578,197.1999969482422,18650729.0
2026-06-23,195.5,196.0,191.39999389648438,191.60000610351562,15192289.0
2026-06-24,192.0,194.89999389648438,190.89999389648438,193.0,14602555.0
2026-06-25,195.0,198.0,194.10000610351562,194.89999389648438,26363679.0
2026-06-26,194.5,198.6999969482422,194.10000610351562,198.1999969482422,13016489.0
2026-06-29,198.1999969482422,198.6999969482422,194.8000030517578,195.6999969482422,17849353.0
2026-06-30,196.0,196.6999969482422,191.6999969482422,193.5,21326594.0
2026-07-01,192.5,196.8000030517578,191.10000610351562,195.0,25458118.0
2026-07-02,195.5,197.10000610351562,192.60000610351562,193.6999969482422,21562522.0
2026-07-03,194.5,194.8000030517578,189.60000610351562,189.60000610351562,15206523.0
2026-07-06,190.39999389648438,193.6999969482422,187.1999969482422,188.0,26602248.0
2026-07-07,187.8000030517578,192.39999389648438,187.3000030517578,189.1999969482422,23144752.0
2026-07-08,188.6999969482422,188.8000030517578,183.89999389648438,184.0,18991492.0
2026-07-09,184.8000030517578,185.5,182.10000610351562,185.10000610351562,14454751.0
2026-07-10,185.10000610351562,193.6999969482422,184.6999969482422,192.8000030517578,27823562.0
2026-07-13,191.1999969482422,192.89999389648438,189.5,191.5,15891038.0
2026-07-14,191.0,191.89999389648438,189.10000610351562,191.10000610351562,19976629.0
2026-07-16,191.10000610351562,197.39999389648438,190.6999969482422,197.0,21181153.0
2026-07-17,196.6999969482422,199.60000610351562,196.3000030517578,197.0,20215767.0
2026-07-20,197.0,202.39999389648438,196.6999969482422,199.8000030517578,23508891.0
2026-07-21,201.0,202.8000030517578,199.39999389648438,201.5,23313368.0
2026-07-22,201.6999969482422,205.6999969482422,201.39999389648438,204.3000030517578,23758368.0
2026-07-23,204.6999969482422,205.60000610351562,197.8000030517578,198.1999969482422,16449268.0
2026-07-24,198.3000030517578,199.5,195.1999969482422,197.60000610351562,10642442.0
2026-07-27,200.5,202.5,195.60000610351562,196.6999969482422,20586105.0
2026-07-28,196.6999969482422,199.6999969482422,194.60000610351562,195.0,15542843.0
2026-07-29,195.39999389648438,200.10000610351562,192.60000610351562,193.60000610351562,21634068.0
2026-07-30,193.1999969482422,196.10000610351562,190.5,191.5,15667099.0
2026-07-31,192.10000610351562,196.89999389648438,191.60000610351562,196.89999389648438,18259732.0
2026-08-03,198.5,198.89999389648438,193.39999389648438,196.6999969482422,21793813.0
2026-08-04,196.8000030517578,198.89999389648438,193.8000030517578,198.89999389648438,27517652.0
2026-08-05,201.5,206.8000030517578,201.10000610351562,206.0,33644514.0
2026-08-06,205.8000030517578,205.89999389648438,195.60000610351562,195.89999389648438,55256224.0
2026-08-07,196.3000030517578,200.89999389648438,196.1999969482422,198.5,44420506.0
2026-08-10,199.5,205.60000610351562,199.1999969482422,203.89999389648438,31094008.0
2026-08-11,203.5,204.8000030517578,197.1999969482422,199.89999389648438,29025155.0
2026-08-12,199.39999389648438,206.0,198.6999969482422,205.8000030517578,40180693.0
2026-08-13,207.0,209.5,201.8000030517578,202.39999389648438,25410017.0
2026-08-14,202.5,207.1999969482422,202.10000610351562,207.1999969482422,29864826.0
2026-08-17,207.5,208.10000610351562,202.8000030517578,205.60000610351562,22739109.0
2026-08-18,204.6999969482422,208.6999969482422,204.1999969482422,207.89999389648438,27445976.0
2026-08-19,207.6999969482422,214.89999389648438,207.39999389648438,214.60000610351562,34274951.0
2026-08-20,215.0,219.10000610351562,211.60000610351562,218.0,31058845.0
2026-08-21,218.6999969482422,223.8000030517578,217.0,222.39999389648438,28405521.0
2026-08-24,226.6999969482422,226.8000030517578,218.5,218.8000030517578,29740853.0
2026-08-25,218.5,219.3000030517578,212.39999389648438,217.5,31694936.0
2026-08-26,217.8000030517578,220.1999969482422,214.1999969482422,214.1999969482422,38046607.0
