Date,open,high,low,close,volume
2018-01-01,25.843029022216797,25.843029022216797,25.843029022216797,25.843029022216797,0.0
2018-01-02,25.786767259108583,26.18060159424312,25.692996838643786,26.124340057373047,624960.0
2018-01-03,26.1055856707588,26.274372070247818,25.505457840150736,25.542964935302734,694275.0
2018-01-04,25.467946908355064,26.236861076616385,25.130374136524484,25.317914962768555,908985.0
2018-01-05,25.43044090270996,25.69299592444282,25.224145627323345,25.43044090270996,676791.0
2018-01-08,25.50545607963253,25.76801109313965,25.50545607963253,25.76801109313965,1081690.0
2018-01-09,25.786766031941827,25.974306863946538,24.924081424059626,25.130374908447266,678558.0
2018-01-10,25.092868090606704,25.092868090606704,24.061397080302072,24.117658615112305,1108165.0
2018-01-11,24.267691176094303,24.58650952889148,24.136413662067934,24.28644561767578,840976.0
2018-01-12,24.380213822270857,24.642770614993943,24.323952291159422,24.417722702026367,655887.0
2018-01-15,24.342704105305778,24.605260888998842,23.930117173316088,23.948871612548828,402983.0
2018-01-16,23.93012021338451,24.417724964250176,23.46126990413413,24.361461639404297,442203.0
2018-01-17,24.34270831091664,24.586510697497914,23.911366865172745,24.54900360107422,498453.0
2018-01-18,24.605263491764397,24.849065862014342,24.192674727608956,24.34270668029785,704730.0
2018-01-19,24.34270702058384,24.567756741285105,23.630056129610438,24.061397552490234,610637.0
2018-01-22,24.042644385438788,24.642774024916566,23.98638284654221,24.54900360107422,417063.0
2018-01-23,24.661526097902428,25.261655723242626,24.511494138697888,25.111623764038086,667104.0
2018-01-24,25.074117145141347,25.4116899781085,24.961594059833757,25.055362701416016,570055.0
2018-01-25,25.149127858046374,25.336668678930195,24.886572855035208,24.999095916748047,409417.0
2018-01-26,25.05536091615086,25.28040885925293,24.84906741543781,25.28040885925293,313158.0
2018-01-29,25.374177842836822,25.749257726723307,25.130375471180116,25.224145889282227,571873.0
2018-01-30,25.167885010151235,25.280408083990544,24.624018717202535,24.81155776977539,576748.0
2018-01-31,24.84906652304084,25.036607363151834,24.586509704589844,24.586509704589844,365773.0
2018-02-01,24.77405050084756,24.98034399378689,24.47398658801872,24.511493682861328,378451.0
2018-02-02,24.586507547389417,24.717786839357576,24.15516615691048,24.211427688598633,264766.0
2018-02-05,24.23018307191123,24.54900141142495,23.8363487577191,24.098905563354492,271864.0
2018-02-06,23.723824492680073,23.817594910495487,23.42376058648831,23.61130142211914,412557.0
2018-02-07,23.723825765769465,24.211430533758342,23.292484324602263,23.36750030517578,679003.0
2018-02-08,23.44251364927402,23.798839069793367,23.254972824671086,23.630054473876953,679168.0
2018-02-09,23.46127141066502,23.46127141066502,22.78612577733692,22.954912185668945,397107.0
2018-02-12,23.25497277789483,23.292481658148713,22.74861541412039,22.973663330078125,348542.0
2018-02-13,23.08618621814414,23.142447745216376,22.242254369452077,22.39228630065918,465141.0
2018-02-14,22.61733872192365,22.786123323557586,22.054718017578125,22.054718017578125,595744.0
2018-02-15,22.242259581894505,22.429800434114167,22.035966075270572,22.223506927490234,437003.0
2018-02-16,22.317275206094866,22.72986400122818,22.223506570015463,22.50481605529785,305106.0
2018-02-19,22.523571014404297,22.86114204677949,22.523571014404297,22.523571014404297,271217.0
2018-02-20,22.598585705630768,22.692356127019515,21.848424123042818,22.035964965820312,507559.0
2018-02-21,22.317273739422063,22.46730569351564,22.16724178532849,22.373537063598633,427565.0
2018-02-22,22.373536545450044,22.486059614153316,22.185995712915343,22.354782104492188,265070.0
2018-02-23,22.411043057495657,22.93615487104058,22.392288617024295,22.84238624572754,683776.0
2018-02-26,22.936156525592278,23.40500684006658,22.936156525592278,23.27372932434082,1136186.0
2018-02-27,23.348743717030082,23.423759690709236,22.898647874955152,22.99241828918457,437861.0
2018-02-28,22.879894072766298,23.02992602431058,22.579830169677734,22.579830169677734,334230.0
2018-03-01,22.50481646993886,22.692357322597196,21.548361340721147,21.567115783691406,1097108.0
2018-03-02,21.56711354291248,21.998454955280202,21.56711354291248,21.84842300415039,589339.0
2018-03-05,21.942194202440955,22.354782977007627,21.904687107583257,22.31727409362793,779224.0
2018-03-06,22.41104523871809,22.917404449596468,22.35478370035007,22.711109161376953,470805.0
2018-03-07,22.71110653386651,23.086188182317915,22.31727223381001,22.973663330078125,785884.0
2018-03-08,22.992420430261184,23.780089121501728,22.636093180712237,22.711109161376953,1570021.0
2018-03-09,22.879892451785285,23.254972304072556,22.636090100668106,23.029924392700195,1619054.0
2018-03-12,23.517531179367612,23.78008799350085,22.748616966896957,23.254974365234375,1819836.0
2018-03-13,23.405004568333016,23.442513448340847,22.692353733402676,22.748615264892578,807641.0
2018-03-14,22.673602065305626,22.9361571033711,22.673602065305626,22.711109161376953,750452.0
2018-03-15,22.72986255268203,22.898648948503748,22.42979864389763,22.44855308532715,452528.0
2018-03-16,22.37353555419083,23.32998874988074,22.37353555419083,22.973663330078125,840593.0
2018-03-19,22.748618809774317,23.142453168617912,22.167243598711064,22.223506927490234,593455.0
2018-03-20,22.33602826877614,22.46730578199451,21.773407544448578,21.867177963256836,1123052.0
2018-03-21,21.979701858816803,22.598584091857074,21.96094741817391,22.56107521057129,875959.0
2018-03-22,22.729862121222016,22.89864851383982,22.523568634979114,22.579830169677734,696316.0
2018-03-23,22.054718111043453,22.261011595151565,22.017209229284564,22.204750061035156,517678.0
2018-03-26,22.27976668950543,22.692355458344966,22.27976668950543,22.44855308532715,475642.0
2018-03-27,22.542321737522396,22.63609036027827,22.035962589735856,22.09222412109375,456718.0
2018-03-28,22.110979645159862,22.29852047691045,22.017209229284564,22.204750061035156,390777.0
2018-03-29,22.223504548529252,22.41104359215129,22.03596371638529,22.279766082763672,268986.0
2018-03-30,22.42979751095343,22.42979751095343,22.204749590732455,22.261011123657227,130285.0
2018-04-02,22.39229007186532,22.42979895524502,22.223505462222686,22.31727409362793,111619.0
2018-04-03,22.29852126232215,22.767371569690827,22.20475084314402,22.673601150512695,646226.0
2018-04-04,22.692354840367237,22.82363234975486,22.03596371638529,22.279766082763672,479356.0
2018-04-05,22.317273360214273,22.786123655920637,22.22350473189055,22.579830169677734,505157.0
2018-04-06,22.561074589894684,23.029924861937094,22.298519582204918,22.973663330078125,924137.0
2018-04-09,23.02992678114418,23.16120608445112,22.223505462222686,22.31727409362793,478602.0
2018-04-10,22.336029441394864,22.411045422675336,21.248296818566985,21.39832878112793,615747.0
2018-04-11,21.567112668633694,21.717144613681572,19.74797309927586,20.49813461303711,1750401.0
2018-04-12,20.40436434559447,21.098262543514085,20.048037132176205,20.723182678222656,1492149.0
2018-04-13,20.816954965547968,21.004494020814377,20.591905237593018,20.648168563842773,395426.0
2018-04-16,20.779445175540328,21.004493105162698,20.68567475773385,20.83570671081543,541112.0
2018-04-17,20.910723338541,21.0044937592676,19.954270054991326,20.19807243347168,890034.0
2018-04-18,20.066791758395134,21.06075385775225,19.541679942124453,21.02324676513672,1667131.0
2018-04-19,21.192034420067007,22.861140382979542,21.192034420067007,22.31727409362793,3184235.0
2018-04-20,22.317273739422063,22.5423234590844,21.942193854188126,22.373537063598633,828403.0
2018-04-23,22.373537063598633,22.373537063598633,22.373537063598633,22.373537063598633,0.0
2018-04-24,22.298521614334796,22.5423239926379,21.435836963616897,21.73590087890625,760715.0
2018-04-25,21.717146479791875,22.486060711363947,21.567114521852055,21.810916900634766,877547.0
2018-04-26,21.7171467091449,22.035965070264535,21.473344327787416,21.529605865478516,555629.0
2018-04-27,21.548358565542323,21.97970175569565,21.454588151289695,21.60462188720703,642233.0
2018-04-30,21.5858701102379,22.204752416741496,21.304558832767647,21.34206771850586,565142.0
2018-05-01,21.34206771850586,21.34206771850586,21.34206771850586,21.34206771850586,0.0
2018-05-02,21.398326535536505,21.754653750616473,20.76068986730657,20.873214721679688,824630.0
2018-05-03,20.79819874827157,21.22954014823777,20.685673893898453,20.873214721679688,606107.0
2018-05-04,20.835707447421115,20.98573940580678,19.991777234371238,20.34810447692871,756588.0
2018-05-07,20.423119846596197,20.441872499443217,20.06679261467326,20.179317474365234,487833.0
2018-05-08,20.141807955400438,20.141807955400438,19.22286181961065,19.35413932800293,942868.0
2018-05-09,19.260368168424023,19.841741447872277,18.519583951859246,19.691709518432617,670287.0
2018-05-10,19.635454144352337,19.747977232427825,19.147849326632578,19.56043815612793,472372.0
2018-05-11,19.69171047910834,19.916758384246968,18.960303446016482,19.07282829284668,356713.0
2018-05-14,19.072829162142643,19.27912263745833,18.997813190344043,19.035320281982422,331732.0
2018-05-15,19.035322682322377,19.279125068541582,18.613358458441578,18.65086555480957,624777.0
2018-05-16,18.707128857878565,18.735258732987553,18.078869344961504,18.24765396118164,947988.0
2018-05-17,18.341422168284062,18.425815360456625,17.68503285957973,17.797555923461914,775137.0
2018-05-18,17.8163118802946,18.51021012837817,17.8163118802946,18.332046508789062,1806309.0
2018-05-21,18.200766556898344,18.632109716810696,17.77880061660602,17.835063934326172,1184324.0
2018-05-22,17.910083115163925,18.12575383954248,17.77880380545873,17.994476318359375,590608.0
2018-05-23,17.956964104124,18.041357291673865,17.38496801892374,17.68503189086914,1214204.0
2018-05-24,17.71316506449958,17.98509911699123,17.56313310054629,17.66628074645996,655411.0
2018-05-25,17.722540689340946,18.050736251620247,17.656901934589474,17.863195419311523,643847.0
2018-05-28,18.07886713591573,19.372893099952943,18.003851163921137,19.110336303710938,1491294.0
2018-05-29,19.05407631963689,19.97302249834852,18.960305899896074,19.166601181030273,1399714.0
2018-05-30,19.072829162142643,19.616695404812948,18.979058750263935,19.035320281982422,779261.0
2018-05-31,19.22286223297359,19.335387091530897,18.200768439455675,18.566471099853516,796485.0
2018-06-01,18.660239437760783,18.6977483159406,17.97571850767487,18.341421127319336,610221.0
2018-06-04,18.29453872821654,18.9978141708201,18.29453872821654,18.669618606567383,368238.0
2018-06-05,18.810270545150473,18.847779421678638,18.14450408347064,18.20076560974121,357600.0
2018-06-06,18.360177227724364,18.38830888890471,17.563131379500295,17.638147354125977,818262.0
2018-06-07,17.675656304533074,18.55709535120881,17.563131447895394,18.36955451965332,629736.0
2018-06-08,18.341424482032146,18.369556145812393,17.581887445186283,17.844444274902344,480926.0
2018-06-11,17.85381919392409,18.06011266947825,17.384968922510392,17.7225399017334,343688.0
2018-06-12,17.816311263035452,17.938211553148673,17.469361256753004,17.610017776489258,269585.0
2018-06-13,17.535003245302065,17.647526324135427,17.272446413820738,17.338085174560547,285296.0
2018-06-14,17.15992008780732,17.535001754760742,17.11303577369911,17.535001754760742,197758.0
2018-06-15,17.535001754760742,17.535001754760742,17.535001754760742,17.535001754760742,0.0
2018-06-18,17.159923339716702,17.48811896623504,17.06615469373056,17.113039016723633,201207.0
2018-06-19,16.98176021219164,17.52562654546144,16.85985811988581,17.356840133666992,207010.0
2018-06-20,17.39434625548374,18.12575340270996,17.375593601853872,18.12575340270996,283718.0
2018-06-21,18.125751421312675,18.125751421312675,17.544376297810075,17.7225399017334,371870.0
2018-06-22,17.825688662702063,17.872572977403955,17.394345455652413,17.581886291503906,311155.0
2018-06-25,18.28516053349008,18.332044845090294,17.619394008453494,17.647523880004883,625731.0
2018-06-26,17.788177836226044,18.031980180781414,17.713161867787605,17.835063934326172,265000.0
2018-06-27,17.872573500666945,18.66024217266899,17.863196279747633,18.482078552246094,299609.0
2018-06-28,18.491454772579484,18.829027553320344,18.42581601821808,18.62273406982422,234067.0
2018-06-29,18.75401148546746,19.541680110938845,18.697749951797192,19.279123306274414,552235.0
2018-07-02,18.941551658625556,19.616695404812948,18.669617643029483,19.035320281982422,378845.0
2018-07-03,18.922798855517296,19.222862768669597,18.56647161725744,18.58522605895996,416408.0
2018-07-04,18.575846808924048,18.847780818339096,18.575846808924048,18.688371658325195,192582.0
2018-07-05,18.847782869771727,19.579188210660558,18.847782869771727,19.24161720275879,371905.0
2018-07-06,19.354141114694784,19.597943501731468,18.979061207146838,19.129093170166016,204602.0
2018-07-09,19.222862105567884,19.541680449424913,18.866536668121647,18.997814178466797,279351.0
2018-07-10,18.754012634197366,18.754012634197366,17.966343960479318,18.00385284423828,301654.0
2018-07-11,17.910082215734906,17.910082215734906,16.53166115844707,16.64418601989746,405192.0
2018-07-12,16.709823537992772,16.934871455682018,16.128450197759353,16.306612014770508,418242.0
2018-07-13,16.34412156111163,16.991135468651315,16.325367120076407,16.878610610961914,432101.0
2018-07-16,16.991135946725635,17.197429438351687,16.15658118239599,16.49415397644043,965041.0
2018-07-17,16.494154102833978,17.281822769292194,16.315990483665047,17.04739761352539,470509.0
2018-07-18,17.25369296173747,17.50687258643113,17.0098905589053,17.300579071044922,346716.0
2018-07-19,17.422476014192128,17.825687533771404,17.422476014192128,17.7225399017334,215574.0
2018-07-20,18.34142328201338,18.41643925866391,17.788179783519983,17.91008186340332,764190.0
2018-07-23,17.994475322985625,19.4104034678595,17.994475322985625,19.016569137573242,985675.0
2018-07-24,19.03532156087155,19.147846420390362,17.59126355959895,17.985097885131836,1212950.0
2018-07-25,18.13512946614779,18.810273243821133,17.76942681013997,18.51958656311035,1025065.0
2018-07-26,18.56647161725744,19.279124305255152,18.47270298578885,18.58522605895996,821609.0
2018-07-27,18.519585693825743,18.97905874451829,18.31329221857251,18.55709457397461,338532.0
2018-07-30,18.557096895557063,18.61335843429711,18.003853363800754,18.24765396118164,442011.0
2018-07-31,18.210145385445845,18.350800115130014,18.078867876210207,18.116374969482422,341539.0
2018-08-01,18.116376798655143,18.153885684236474,17.863197186547467,17.966344833374023,223688.0
2018-08-02,17.45998720369949,17.81631267015283,17.45998720369949,17.591264724731445,288198.0
2018-08-03,17.44123045429392,18.003851137694724,17.44123045429392,17.7225399017334,373963.0
2018-08-06,17.722539061439562,17.80693224937437,17.028640907270294,17.25368881225586,375259.0
2018-08-07,17.216184050855276,17.478739081255,17.01926598953348,17.45060920715332,290542.0
2018-08-08,17.441232703329206,18.003853459279583,17.3287078367303,17.844444274902344,615316.0
2018-08-09,17.647525313779987,18.11637562196127,17.61001821915692,17.703786849975586,523128.0
2018-08-10,17.5818865006667,17.5818865006667,15.190750651984821,16.419137954711914,1175222.0
2018-08-13,16.50353121886786,16.50353121886786,13.596658948117625,14.009246826171875,3211814.0
2018-08-14,14.534359651514439,15.003209962853614,14.009246909339721,14.48747444152832,2563978.0
2018-08-15,14.759407588180197,14.834423566462966,13.502888610552326,13.718560218811035,2369627.0
2018-08-16,13.718560334123795,13.737313881721622,13.109054387626786,13.137186050415039,1526426.0
2018-08-17,13.099677181578478,13.305970662611154,12.630826897713575,13.249709129333496,831008.0
2018-08-20,13.259087239714441,13.35285676622559,13.127808829485621,13.137186050415039,318724.0
2018-08-21,13.137186050415039,13.137186050415039,13.137186050415039,13.137186050415039,0.0
2018-08-22,13.137186050415039,13.137186050415039,13.137186050415039,13.137186050415039,0.0
2018-08-23,13.137186050415039,13.137186050415039,13.137186050415039,13.137186050415039,0.0
2018-08-24,13.137186050415039,13.137186050415039,13.137186050415039,13.137186050415039,0.0
2018-08-27,13.15594043882322,13.29659607897091,12.837122060935068,12.912138938903809,1134562.0
2018-08-28,12.902761146573294,13.202825068129547,12.865253156378762,13.146563529968262,2126411.0
2018-08-29,13.08092178684867,13.202822959073318,12.930889850037069,12.959020614624023,1343730.0
2018-08-30,12.959020614624023,12.959020614624023,12.959020614624023,12.959020614624023,0.0
2018-08-31,12.996530360212939,13.184071200905247,12.677712898410224,12.696466445922852,1519009.0
2018-09-03,12.752727274990287,12.977775182437425,12.705842070706911,12.780858039855957,2007840.0
2018-09-04,12.790237405657122,12.855876166110937,12.312009851393798,12.387025833129883,2028040.0
2018-09-05,12.396401983749255,12.471417959006297,12.180730384189534,12.199484825134277,1762953.0
2018-09-06,12.236993869657711,12.818368175242894,12.236993869657711,12.387025833129883,3299167.0
2018-09-07,12.49017132993578,13.12780800490916,12.405778135393899,13.034037590026855,3176033.0
2018-09-10,13.12780894421301,13.53102050509165,12.89338378449492,12.996530532836914,3157348.0
2018-09-11,12.98715412084414,13.071546426609482,12.687089310276999,12.846498489379883,1361607.0
2018-09-12,12.846497818084952,13.193446926749312,12.818367050966481,12.893383026123047,2897172.0
2018-09-13,12.940268053531856,14.084263000092255,12.752728118258254,14.018623352050781,5104101.0
2018-09-14,14.253049830168697,14.806293361758511,14.131148637253904,14.21554183959961,3507606.0
2018-09-17,14.187411416262675,14.40308214372978,13.371611930792264,13.531021118164062,2598453.0
2018-09-18,13.531020799030898,13.76544596384149,13.287218413005235,13.409119606018066,1827299.0
2018-09-19,13.502889391364684,14.037379385362852,13.502889391364684,13.896723747253418,3190960.0
2018-09-20,13.943607780046383,14.243671685137375,13.690429083691104,13.849838256835938,3034791.0
2018-09-21,13.915476515655419,14.028000476046858,13.746690127937788,13.86859130859375,1251798.0
2018-09-24,13.859213899400018,14.39370382179935,13.849837573524258,14.262425422668457,2844773.0
2018-09-25,14.365573551150067,14.740654344555598,14.234296033579998,14.571867942810059,2497243.0
2018-09-26,14.534360329129116,14.721900283555993,14.243672729071674,14.440589904785156,726937.0
2018-09-27,14.487474480165695,14.965702013629702,14.412458501692242,14.89068603515625,1432587.0
2018-09-28,15.050094982093695,15.462683776144745,14.900063912794733,15.1719970703125,1979142.0
2018-10-01,15.31265181166391,15.322029032951107,14.796916266261633,14.806293487548828,1176446.0
2018-10-02,14.918817253697245,14.918817253697245,14.206164542433992,14.43121337890625,1211294.0
2018-10-03,14.403080779719257,14.628129601570928,14.131147643648589,14.140524864196777,916482.0
2018-10-04,14.074885822616363,14.131147356239264,12.996529626553276,13.071545600891113,1672037.0
2018-10-05,13.024660672208277,13.259085804502632,12.658957143895156,13.193446159362793,2199024.0
2018-10-08,13.174693341561637,13.662297178653334,12.987153404218677,13.549773216247559,1494422.0
2018-10-09,13.58728265825937,13.802954279987533,13.27784150495201,13.531021118164062,1137489.0
2018-10-10,13.52164254617637,13.831083668576525,13.27784017875171,13.296594619750977,2400720.0
2018-10-11,13.296594592708084,13.831083640446579,13.184070629724243,13.662297248840332,1305755.0
2018-10-12,13.87797027600476,14.103018225119715,13.596659892480538,14.04675579071045,1815595.0
2018-10-15,14.346819705830969,14.534359651514439,14.29993449584485,14.48747444152832,1678705.0
2018-10-16,14.534358664649714,14.85317699779475,14.487473457847043,14.740653038024902,1696800.0
2018-10-17,14.909440239821453,15.200126945653698,14.909440239821453,15.1719970703125,1529906.0
2018-10-18,15.162619114117234,15.237635092261332,14.731276792658164,14.778162002563477,1299682.0
2018-10-19,14.731276818047332,14.909439542881378,14.29993449584485,14.48747444152832,731842.0
2018-10-22,14.468720261935024,14.665637419864376,13.840460800649046,13.877968788146973,1262086.0
2018-10-23,13.877969239398618,13.877969239398618,13.052792593352107,13.45600414276123,975590.0
2018-10-24,13.690429472139467,13.971738944013579,13.343479454207527,13.756068229675293,722152.0
2018-10-25,13.681051069485532,13.92485342536004,13.493511139682422,13.784197807312012,846296.0
2018-10-26,14.065508581201861,14.065508581201861,13.652920722961426,13.652920722961426,670692.0
2018-10-29,13.652920722961426,13.652920722961426,13.652920722961426,13.652920722961426,0.0
2018-10-30,13.606035491770095,13.999869802897598,13.212201180642595,13.615412712097168,1702184.0
2018-10-31,13.671675402994143,14.309312131042706,13.456004682778321,13.62479019165039,2151283.0
2018-11-01,13.690428451090607,14.665636991835353,13.549772831382818,14.628129005432129,2494434.0
2018-11-02,14.628130006866801,15.171996294076832,14.459343609366794,15.143864631652832,2163674.0
2018-11-05,15.153240513844334,15.490813279023635,14.759406217309095,15.23763370513916,3110564.0
2018-11-06,15.237635542630393,15.39704472446341,14.675014795659632,14.759407997131348,2237219.0
2018-11-07,14.81566905319687,15.200125246137805,14.81566905319687,15.106356620788574,1409564.0
2018-11-08,15.256389932796589,15.603338170088042,15.125110626220703,15.125110626220703,3112992.0
2018-11-09,15.12511016335932,15.312651002144545,14.421835594958706,14.665637969970703,1807506.0
2018-11-12,14.66563899216816,14.731277753761425,14.037379463526452,14.04675579071045,1671137.0
2018-11-13,14.084263849996821,14.168656155266822,13.71856028344947,13.831084251403809,1713647.0
2018-11-14,13.915476836249702,13.915476836249702,13.531019739156331,13.662297248840332,1741043.0
2018-11-15,13.681051229808366,13.924853588539897,13.559150050442602,13.643543243408203,2362141.0
2018-11-16,13.793576697850666,14.009247419678005,13.681052726341486,13.81233024597168,1610632.0
2018-11-19,13.868591356469013,14.084262951992823,13.765444615986027,13.943607330322266,3118550.0
2018-11-20,13.934231183878294,13.990493615734618,13.315348904763818,13.362234115600586,2605955.0
2018-11-21,13.409118888912493,13.502888413265413,13.127808527331757,13.380988121032715,3524539.0
2018-11-22,13.456004743434633,13.756068666569616,13.334103551095788,13.737314224243164,2285801.0
2018-11-23,13.70918155661705,14.131146613658698,13.70918155661705,14.027999877929688,2067540.0
2018-11-26,14.11239439927154,14.365573099671986,13.971738770817078,14.224918365478516,1272061.0
2018-11-27,14.337441612467916,14.646882727579667,14.28117918505626,14.599997520446777,1376839.0
2018-11-28,14.628129561870335,14.740653525360296,14.374949973322197,14.393704414367676,998161.0
2018-11-29,14.496851219028379,14.984455062893277,14.496851219028379,14.909439086914062,1603265.0
2018-11-30,14.909439017768257,15.078225410069193,14.693768311393477,14.796915054321289,796216.0
2018-12-03,14.890686239489098,14.956324997988824,14.393705151717558,14.459343910217285,1022831.0
2018-12-04,14.403080779719257,14.581244393090957,14.112394096813183,14.140524864196777,938380.0
2018-12-05,14.065509023054018,14.45934334724041,13.868591860960823,14.365572929382324,1279132.0
2018-12-06,14.34681830312995,14.412457054136356,14.074885184910809,14.178031921386719,403859.0
2018-12-07,14.253048509088313,14.506228092658828,14.20616330165737,14.346818923950195,771766.0
2018-12-10,14.318689223968367,14.403081530518323,14.093640390385426,14.206164360046387,674008.0
2018-12-11,14.224917742334128,14.478096431643692,14.046754132948738,14.346818923950195,713554.0
2018-12-12,14.39370442236312,14.468720398064763,13.75606773463818,13.774821281433105,798247.0
2018-12-13,13.765444568466833,14.253048396829735,13.765444568466833,13.86859130859375,358924.0
2018-12-14,13.84983949290766,13.84983949290766,13.484135905243935,13.531021118164062,712909.0
2018-12-17,13.540396578194171,13.859214932520215,13.51226580994805,13.681052207946777,492825.0
2018-12-18,13.681051069485532,13.812328573217247,13.60603509756429,13.784197807312012,379871.0
2018-12-19,13.896723392425338,14.112395007648592,13.727937882969128,14.065509796142578,893655.0
2018-12-20,13.887346531159338,14.46872080638444,13.849838542250009,14.337442398071289,1038906.0
2018-12-21,14.290557122200669,14.374950320421148,13.952985223579745,14.224918365478516,795562.0
2018-12-24,14.346820115403823,14.421836095818767,14.21554170254716,14.318689346313477,456112.0
2018-12-25,14.1217708828512,14.253048389442702,13.484134213369243,14.159278869628906,219443.0
2018-12-26,14.253050069320572,14.253050069320572,14.093640883161966,14.187411308288574,98661.0
2018-12-27,14.253048663126231,14.299933871063878,13.756067605213472,13.877968788146973,733827.0
2018-12-28,13.85921516814146,14.112394769443872,13.85921516814146,14.093640327453613,606135.0
2018-12-31,14.12177218739376,14.159280177636383,13.934231341919613,13.990493774414062,317977.0
2019-01-01,13.990493774414062,13.990493774414062,13.990493774414062,13.990493774414062,0.0
2019-01-02,13.96236197266303,14.10301670210501,13.512265228778967,13.549773216247559,542130.0
2019-01-03,13.51226536478719,13.54977335263332,13.015284302260723,13.043415069580078,930665.0
2019-01-04,13.109053507617457,13.334102323510931,13.052791974339799,13.249709129333496,736758.0
2019-01-07,13.315349182389415,13.531020799030898,13.315349182389415,13.409119606018066,694039.0
2019-01-08,13.446627514410768,13.456004735568511,13.071546716450271,13.259087562561035,866968.0
2019-01-09,13.324726761811215,13.352857531951631,13.20282556552133,13.240333557128906,756182.0
2019-01-10,13.240331909033571,13.521642258204702,13.14656238881716,13.249709129333496,1625810.0
2019-01-11,13.324724766117534,13.502887476004158,13.315347546054836,13.418495178222656,1070848.0
2019-01-14,13.287218511020107,13.287218511020107,13.099678556640429,13.230956077575684,871986.0
2019-01-15,13.334103723180288,13.380988935340469,13.212202529268236,13.230956077575684,912966.0
2019-01-16,13.259086834427643,13.68105192648225,13.230955172499284,13.634166717529297,2471814.0
2019-01-17,13.690429886490723,14.018624578363914,13.6529218961549,13.699806213378906,1825138.0
2019-01-18,13.74669012081319,14.18740963614695,13.69980491377582,14.159278869628906,2191832.0
2019-01-21,14.187410444209227,14.449966366607386,13.981116058051606,14.009246826171875,1786025.0
2019-01-22,14.046753950292128,14.487473463594576,14.028000404120183,14.449965476989746,2339586.0
2019-01-23,14.487476108663591,14.67501607592808,14.346821356780499,14.515606880187988,1561767.0
2019-01-24,14.618752613568157,15.003209719549865,14.553113857208642,14.84380054473877,2719282.0
2019-01-25,14.890686359087267,15.14386506837755,14.693769187745483,15.125110626220703,2422826.0
2019-01-28,15.153241323796797,15.20012563767911,14.946946944522955,15.01258659362793,2583712.0
2019-01-29,14.956324058570516,15.575207191987904,14.881308083779492,15.556452751159668,4043011.0
2019-01-30,15.593960158155255,15.922155725167325,15.584584726074356,15.753369331359863,2062477.0
2019-01-31,15.940910598051904,16.175335753905607,15.80025586224408,15.950287818908691,2146945.0
2019-02-01,15.95028563879065,16.315988259610396,15.95028563879065,16.194087982177734,2841450.0
2019-02-04,16.2128456460718,16.512909578070552,15.950288811311836,16.025304794311523,1527023.0
2019-02-05,16.05343576225734,16.27848370149415,15.781501717853258,16.03468132019043,1962780.0
2019-02-06,16.128452921561998,16.128452921561998,15.350161404085028,15.565832138061523,1373365.0
2019-02-07,15.509568437610996,15.912778184286552,15.331404826786596,15.556452751159668,1905036.0
2019-02-08,15.53769748147468,15.743992742536637,15.359533880154396,15.453304290771484,1094653.0
2019-02-11,15.612713379473524,15.800254199833335,15.547074628904134,15.631467819213867,1195464.0
2019-02-12,15.697109437684981,15.715863880851808,15.059472678189945,15.11573600769043,1069837.0
2019-02-13,15.125109311466735,15.200125285051298,14.515604302526933,14.56248950958252,2015232.0
2019-02-14,14.609375716531055,14.72189968460925,14.253049370486274,14.637506484985352,1322923.0
2019-02-15,14.618752760274397,14.815669925590086,14.431212815750166,14.665637969970703,1015943.0
2019-02-18,14.721898210285216,14.806291401457559,14.215539957512073,14.253047943115234,815250.0
2019-02-19,14.215540869197588,14.515604773266885,13.999870161713023,14.50622844696045,1271074.0
2019-02-20,14.562489358530787,14.72189852430972,14.384326646680709,14.628129005432129,1435474.0
2019-02-21,14.628130395788945,14.721899923579029,14.46872121485868,14.609375953674316,1707453.0
2019-02-22,14.712522681423994,14.740654344555598,14.515605510807871,14.571867942810059,1035947.0
2019-02-25,14.665637989723816,15.078225868232835,14.665637989723816,15.031341552734375,1759865.0
2019-02-26,15.096979480503725,15.162618234004567,14.871930664873366,14.928193092346191,1153571.0
2019-02-27,14.956324857435106,15.200126341397663,14.90943964712119,15.003210067749023,1259572.0
2019-02-28,15.050093701386878,15.1251096767833,14.66563749817594,14.721899032592773,1481497.0
2019-03-01,14.759407849723846,14.806293060546656,14.374950730646647,14.496851921081543,958555.0
2019-03-04,14.534359561673245,14.693768738084088,14.515605120090324,14.665637969970703,1157598.0
2019-03-05,14.693768868098187,15.003210002866428,14.656260878861461,14.89068603515625,1508940.0
2019-03-06,14.815670691485883,15.622092941758552,14.768785479365848,15.500192642211914,5489459.0
2019-03-07,15.49081589331205,15.922157354038779,15.331406703799534,15.668977737426758,2248240.0
2019-03-08,15.593958857284768,15.612713296925953,14.628128466547178,14.862553596496582,2125640.0
2019-03-11,14.90943945250381,15.134487385959785,14.29993440916196,14.337442398071289,1520070.0
2019-03-12,14.506229120971811,14.665638300980591,14.374950709711342,14.459343910217285,1112159.0
2019-03-13,14.440590527147563,14.581246169725496,14.140526587132365,14.281181335449219,761284.0
2019-03-14,14.20616461839208,14.534360206567369,14.178033849030523,14.21554183959961,910194.0
2019-03-15,14.412457961152185,14.468720390027649,14.281179556616747,14.393704414367676,953549.0
2019-03-18,14.403080831875451,14.628129654542064,14.403080831875451,14.543736457824707,1149049.0
2019-03-19,14.712521043092702,14.815668674567073,14.581243540141203,14.618751525878906,885180.0
2019-03-20,14.506228377857635,14.571867132994871,14.290556777139486,14.393704414367676,800911.0
2019-03-21,14.42183673912521,14.487475501350938,14.17803434477098,14.196788787841797,853634.0
2019-03-22,14.178032995157183,14.271803413063086,13.54977352026618,13.634166717529297,1443676.0
2019-03-25,13.409118761348397,13.596658702531112,13.09967763483167,13.268463134765625,1223468.0
2019-03-26,13.456003437200728,13.709182124203435,13.334102256695372,13.540395736694336,1491268.0
2019-03-27,13.54977316909553,13.624789143771666,12.415155434292792,12.45266342163086,1860612.0
2019-03-28,12.56518852764503,12.81836813592349,12.283879044128128,12.677713394165039,1557368.0
2019-03-29,12.696466209358583,12.771482186533385,12.621450232183781,12.724596977233887,1076580.0
2019-04-01,12.780859063388197,13.174693380090652,12.387024746685745,12.893383026123047,1300621.0
2019-04-02,13.024661736547166,13.127808481251618,12.865252562019661,12.977776527404785,1215898.0
2019-04-03,12.996530185081832,13.230955338527284,12.930891428280624,13.165316581726074,1097626.0
2019-04-04,13.362234239791242,13.615413844106264,13.240333048187088,13.587282180786133,1360931.0
2019-04-05,13.774822068137105,13.831084500257067,13.34347973608746,13.47475814819336,1321170.0
2019-04-08,13.51226639451052,13.568528827697767,13.034038842332558,13.11843204498291,1731288.0
2019-04-09,13.202824378916919,13.352856331863093,13.202824378916919,13.268463134765625,847473.0
2019-04-10,13.371611955383086,13.380989176836568,13.146564006065875,13.202825546264648,625829.0
2019-04-11,13.1934467587702,13.296594393992924,13.015284043606966,13.034037590026855,765446.0
2019-04-12,12.968399635634889,12.968399635634889,12.69646648882536,12.771482467651367,947459.0
2019-04-15,12.780860442432354,12.940269630405416,12.733975229335384,12.874629974365234,551868.0
2019-04-16,12.8933830724256,13.052792243771012,12.865252305206106,12.968399047851562,851680.0
2019-04-17,13.034038365990481,13.109054344657917,12.930891618888008,13.062170028686523,997709.0
2019-04-18,13.052793141535359,13.052793141535359,12.799613536363449,12.855875968933105,901117.0
2019-04-19,12.893384417308445,12.893384417308445,12.818368434057717,12.874629974365234,333255.0
2019-04-22,12.85587545134849,12.865252672109406,12.790236694544069,12.83712100982666,314512.0
2019-04-23,12.83712100982666,12.83712100982666,12.83712100982666,12.83712100982666,0.0
2019-04-24,12.827744683326737,12.940268649674744,12.818367462565822,12.83712100982666,637803.0
2019-04-25,12.83712135839705,12.902761011244799,12.508926671202369,12.555811882019043,1054876.0
2019-04-26,12.6308269973326,12.743350959036336,12.499548594881096,12.705842971801758,770804.0
2019-04-29,12.705842452676826,12.752727658369691,12.574564055588988,12.687088012695312,587200.0
2019-04-30,12.715220052992256,12.921513533393833,12.64958040535453,12.884005546569824,797546.0
2019-05-01,12.884005546569824,12.884005546569824,12.884005546569824,12.884005546569824,0.0
2019-05-02,12.92151314689872,12.949644806870989,12.63082648127261,12.687088012695312,591256.0
2019-05-03,12.743350674341922,12.790235880902939,12.612072274823259,12.658957481384277,545288.0
2019-05-06,12.612073025592853,12.62145024631545,12.171353488501696,12.321386337280273,1173340.0
2019-05-07,12.115091535955615,12.115091535955615,11.890043611920387,12.049452781677246,1138235.0
2019-05-08,12.096337363804478,12.236992990146051,11.908797422943357,12.171353340148926,760020.0
2019-05-09,12.161978009036593,12.171354336151198,11.730635662628064,11.768143653869629,1283578.0
2019-05-10,11.880666379371686,11.918174366672536,11.608733247875278,11.721257209777832,811954.0
2019-05-13,11.693125983992573,11.711879529776573,11.055489330640011,11.12112808227539,1271770.0
2019-05-14,11.177389606059126,11.336798756531882,11.027357674852027,11.19614315032959,1101820.0
2019-05-15,11.224277257972895,11.252408027648926,10.830442905464299,11.252408027648926,1466074.0
2019-05-16,11.214899063110352,11.468077756738609,11.177391075377981,11.214899063110352,1723506.0
2019-05-17,11.158636564633985,11.214898993011355,11.055489822579931,11.102375030517578,661947.0
2019-05-20,11.139882782069723,11.158636328291001,11.046112368180511,11.130505561828613,351179.0
2019-05-21,11.158638614389602,11.214901053101947,10.924213425900232,10.961721420288086,420717.0
2019-05-22,10.95234395638379,10.95234395638379,10.56788683021981,10.62414836883545,816482.0
2019-05-23,10.586639686093056,10.699163650227588,10.502246489426915,10.633524894714355,672659.0
2019-05-24,10.642902544715769,11.074244871765965,10.642902544715769,10.94296646118164,794234.0
2019-05-27,10.98985173523326,11.243030442649859,10.924212082431094,11.055490493774414,559502.0
2019-05-28,11.121128031864677,11.196144003182479,11.017981294867928,11.046112060546875,1100484.0
2019-05-29,11.271162033081055,11.355554338835685,11.14926084353191,11.271162033081055,832602.0
2019-05-30,11.364931515545756,11.721257861857545,11.364931515545756,11.63686466217041,1464657.0
2019-05-31,11.664994986840636,12.077583748666878,11.571225464069926,12.058829307556152,1430018.0
2019-06-03,12.096337620955321,12.32138644903386,12.08696129440867,12.180730819702148,339871.0
2019-06-04,12.180730819702148,12.180730819702148,12.180730819702148,12.180730819702148,0.0
2019-06-05,12.180730819702148,12.180730819702148,12.180730819702148,12.180730819702148,0.0
2019-06-06,12.180730819702148,12.180730819702148,12.180730819702148,12.180730819702148,0.0
2019-06-07,12.236993139298882,12.349517105187074,12.096337511242902,12.321386337280273,762712.0
2019-06-10,12.312008692678345,12.574564604044818,12.171353069464875,12.45266342163086,1392518.0
2019-06-11,12.565188504778519,12.621450937936135,12.180731376694762,12.27450180053711,976521.0
2019-06-12,12.255747078927213,12.424533480294741,12.115092340628282,12.227616310119629,712497.0
2019-06-13,12.152599111554089,12.152599111554089,11.758764810705411,11.815027236938477,660965.0
2019-06-14,11.833782216297344,11.908798197521016,11.486833079572596,11.87129020690918,729368.0
2019-06-17,11.824404707815008,12.180731057101317,11.768143170394598,12.152600288391113,659318.0
2019-06-18,12.152600259247874,12.565188144965164,12.143223038279956,12.44328784942627,1104818.0
2019-06-19,12.424533326701583,12.537057294801901,12.227616158960778,12.405778884887695,678359.0
2019-06-20,12.565188586410413,12.72459777142141,12.358895083434687,12.42453384399414,1211221.0
2019-06-21,12.37764805149267,12.405778819804919,12.143222895614926,12.293254852294922,901996.0
2019-06-24,12.612073093253231,12.640203861310946,12.377647939496624,12.433910369873047,1397008.0
2019-06-25,12.396402256997394,12.668335396863508,12.312009059407739,12.649580955505371,1385884.0
2019-06-26,12.630826973772884,12.855874896760586,12.602695312703705,12.6683349609375,1519647.0
2019-06-27,12.67771222844903,12.818366957274275,12.67771222844903,12.743350982666016,567605.0
2019-06-28,12.743352154417511,12.799613693416475,12.630828182158542,12.677713394165039,748100.0
2019-07-01,12.921513246030797,13.484133930139688,12.921513246030797,13.418495178222656,2129056.0
2019-07-02,13.390364884398238,13.484135306071773,13.184071387534091,13.362234115600586,1207928.0
2019-07-03,13.362234291800794,13.484135483879424,13.18407156138497,13.221579551696777,693681.0
2019-07-04,13.268462485145635,13.662296789477818,13.268462485145635,13.643543243408203,1340043.0
2019-07-05,13.652920591207698,13.849837745214668,13.493511423951535,13.540395736694336,900499.0
2019-07-08,13.230955016281358,13.484134605081417,13.18407070214295,13.371610641479492,653458.0
2019-07-09,13.39036442353173,13.437249632754813,12.987153770439589,13.015284538269043,937872.0
2019-07-10,13.03403890191176,13.259087741428417,12.808990956656144,13.230956077575684,903462.0
2019-07-11,13.32472519837725,13.512265134410447,13.305970757643452,13.399741172790527,744006.0
2019-07-12,13.437249724610359,13.502888481414782,12.827744683326737,12.83712100982666,697625.0
2019-07-15,12.83712100982666,12.83712100982666,12.83712100982666,12.83712100982666,0.0
2019-07-16,12.940268995290742,13.099678175439925,12.912138226517655,12.996530532836914,500063.0
2019-07-17,13.043414847196976,13.427871939630268,13.024661300724134,13.399741172790527,802109.0
2019-07-18,13.31534830313242,13.587281440585611,13.268463094414082,13.521642684936523,928398.0
2019-07-19,13.681051491732491,14.224917752077662,13.59665829715118,14.056131362915039,3129518.0
2019-07-22,14.112395007648592,14.41245893046944,14.028001805789973,14.065509796142578,2304163.0
2019-07-23,14.06550923331839,14.421835574540443,14.06550923331839,14.299934387207031,1639428.0
2019-07-24,14.318689407800635,14.487474917328543,14.1499030040117,14.43121337890625,1170621.0
2019-07-25,14.48747338572434,14.778160951045024,13.990492342316395,14.628129005432129,1854981.0
2019-07-26,14.618752664816858,15.453305636065465,14.609375444086629,15.359535217285156,2712929.0
2019-07-29,15.472061816670273,15.87527341078341,15.472061816670273,15.79088020324707,1763628.0
2019-07-30,15.922155416220773,16.072187365911372,15.743993593789385,15.884648323059082,1475964.0
2019-07-31,15.94091217475119,15.978421061888309,15.190752317230594,15.79088020324707,2300117.0
2019-08-01,15.734617491742181,15.865895009921825,15.518944983775851,15.74399471282959,943768.0
2019-08-02,15.734617104768564,16.05343545981136,15.472060286344494,15.950287818908691,2277534.0
2019-08-05,15.922156160415334,16.11907422141431,15.59396058443171,15.622092247009277,1053457.0
2019-08-06,15.612714120746855,15.884648144327507,15.171995497054853,15.697107315063477,883419.0
2019-08-07,15.884648717026884,16.541038066072414,15.800255519667578,16.11907386779785,3315751.0
2019-08-08,16.36287592122993,17.08490401229609,15.987794256468062,17.056774139404297,2935894.0
2019-08-09,17.066149679129655,17.44122951843016,16.831724556001618,17.103656768798828,1587013.0
2019-08-12,17.103656768798828,17.103656768798828,17.103656768798828,17.103656768798828,0.0
2019-08-13,17.103656768798828,17.103656768798828,17.103656768798828,17.103656768798828,0.0
2019-08-14,17.103656768798828,17.103656768798828,17.103656768798828,17.103656768798828,0.0
2019-08-15,16.925495714955925,17.10365933606172,16.66294068229688,16.691070556640625,1245452.0
2019-08-16,16.87860952841269,17.72253964712896,16.87860952841269,17.34745979309082,1946183.0
2019-08-19,17.4037235410234,18.003853172453205,17.4037235410234,17.54437828063965,1668197.0
2019-08-20,17.619394654607262,17.722540501614752,17.18805146027498,17.56313133239746,980590.0
2019-08-21,17.572508927732166,17.685033786030946,16.944249457825347,17.028642654418945,887370.0
2019-08-22,17.009888174295533,17.572508887456014,16.92549497789536,17.281822204589844,1338127.0
2019-08-23,17.244314612105853,17.46936255649701,17.056775552707595,17.441232681274414,689735.0
2019-08-26,16.97238134061011,17.488115958936024,16.97238134061011,17.07552719116211,1276070.0
2019-08-27,17.253688704519032,17.347459111474596,17.00050914229553,17.103656768798828,876414.0
2019-08-28,17.16929655883991,17.422476136424812,17.05677349448342,17.14116668701172,1060648.0
2019-08-29,17.18805419722923,17.694413446616547,17.131792654582483,17.300579071044922,2029495.0
2019-08-30,17.300579071044922,17.300579071044922,17.300579071044922,17.300579071044922,0.0
2019-09-02,17.347460582568715,17.675656140483856,17.347460582568715,17.488115310668945,1622869.0
2019-09-03,17.55375518174081,18.06011438135471,17.516248086503865,18.00385284423828,1762529.0
2019-09-04,18.1632610463854,18.707127311988188,18.050736189681896,18.697750091552734,1089730.0
2019-09-05,18.75401028759007,19.57918595329444,18.75401028759007,19.522924423217773,1977520.0
2019-09-06,19.466665093383295,19.691713027648063,18.847782827024687,19.166601181030273,1640206.0
2019-09-09,19.279125051475596,19.635452303527504,18.84778360675411,18.979061126708984,1052041.0
2019-09-10,18.979061734975172,19.110339259137405,18.350802201664003,18.416440963745117,1330646.0
2019-09-11,18.425816245925315,19.129091688811947,18.378931931808317,18.997814178466797,1514138.0
2019-09-12,19.054076588667332,19.335387851861707,18.51021029271796,18.96030616760254,1446629.0
2019-09-13,19.091582624422344,19.185351242976722,18.74463265479717,18.92279624938965,547459.0
2019-09-16,18.904045064120602,19.129093006726556,18.63211280416752,18.829029083251953,637172.0
2019-09-17,18.79152081696813,18.960305422021168,18.444570809228217,18.566471099853516,709016.0
2019-09-18,18.660241024348547,19.354139232978138,18.575847829790174,19.2041072845459,1016042.0
2019-09-19,19.29787865144241,19.69171298263601,18.922798761858502,19.091585159301758,1277095.0
2019-09-20,19.07283098758076,19.222862945537337,18.68837387175177,18.885290145874023,601622.0
2019-09-23,19.091585429455833,19.12909252468397,18.725880966979908,18.885290145874023,409734.0
2019-09-24,19.12909293670304,19.654204800861383,19.07283139838802,19.410404205322266,1714863.0
2019-09-25,19.391648498024185,19.391648498024185,18.997814178466797,18.997814178466797,937868.0
2019-09-26,19.12909054153257,19.241615392595335,18.772765125457173,18.810272216796875,586738.0
2019-09-27,18.86653472055267,19.14784415325932,18.847780281433092,18.92279624938965,1106335.0
2019-09-30,19.12909297708529,19.48542022705078,18.922799477146672,19.48542022705078,1961609.0
2019-10-01,19.50417175339453,19.579187729810588,19.2041078477303,19.29787826538086,1361958.0
2019-10-02,19.279124341012697,19.522926718031627,19.20410836258549,19.316633224487305,1103966.0
2019-10-03,19.335387794757185,20.048038700292036,19.335387794757185,19.54168128967285,1632446.0
2019-10-04,19.72922156870211,20.49813577789855,19.691712686047666,20.10430145263672,1643821.0
2019-10-07,20.16056413796634,20.40436652355974,19.485420308376806,19.635452270507812,1172853.0
2019-10-08,19.11033743007974,19.39164868303142,18.51958683936853,19.29787826538086,1269803.0
2019-10-09,19.185354545247527,19.50417291106981,18.829029083251953,18.829029083251953,873570.0
2019-10-10,18.744634394242382,18.847782030450094,18.144506594899884,18.36955451965332,933717.0
2019-10-11,18.56646891028262,18.66961653608564,18.303913918815645,18.444568634033203,699870.0
2019-10-14,18.360175571846835,18.360175571846835,16.934870393983164,17.103656768798828,1030486.0
2019-10-15,17.253689726554207,18.022603889797885,17.253689726554207,17.87257194519043,686509.0
2019-10-16,17.806936264038086,17.816313485758513,17.394347450950104,17.806936264038086,497685.0
2019-10-17,17.816311709375206,18.135130061993156,17.647525312280766,18.031982421875,431679.0
2019-10-18,18.84778274051885,19.447910562470483,18.829028298952363,19.016569137573242,900523.0
2019-10-21,19.09158364762752,19.1290907393551,18.55709462372612,18.632110595703125,734577.0
2019-10-22,18.744634759801333,18.744634759801333,18.500832389433317,18.64148712158203,758881.0
2019-10-23,18.84778360675411,19.072831550329067,18.810274721897247,18.979061126708984,685885.0
2019-10-24,19.2603716877974,19.410403644651815,19.16660126763289,19.316633224487305,955452.0
2019-10-25,19.279124654477236,19.485419939897774,19.07283115757873,19.185354232788086,643430.0
2019-10-28,19.260372479199354,19.260372479199354,18.997815649654754,19.129093170166016,170077.0
2019-10-30,19.072828185302765,19.2041056820963,18.566469060204685,18.92279624938965,719859.0
2019-10-31,18.979061719191602,19.29788009633942,18.9603072761777,19.14784812927246,706563.0
2019-11-01,19.410402171148775,20.10430036605502,19.297877317789066,19.991775512695312,1540153.0
2019-11-04,20.385607807030443,20.4981326492973,20.123051034088906,20.42311668395996,906624.0
2019-11-05,20.535643530649782,20.62941395177133,20.23557961387845,20.34810447692871,719034.0
2019-11-06,20.573150642763718,20.66692105580983,19.860498007543875,19.991775512695312,1259734.0
2019-11-07,20.254333970498834,20.385611486402862,19.99177715016876,20.19807243347168,1132750.0
2019-11-08,20.273088116644423,20.291840769698606,19.898006439208984,19.898006439208984,1054556.0
2019-11-11,19.691712947437082,20.085547277926704,19.31663305852363,19.898006439208984,1388197.0
2019-11-12,19.916758317956326,20.34810147609434,19.879251228152274,20.235576629638672,1678229.0
2019-11-13,20.27308711947889,21.285803663994056,20.160562264078585,21.17327880859375,2190001.0
2019-11-14,21.09826264190404,21.379572095054005,20.835705840714688,20.873214721679688,860781.0
2019-11-15,21.11701823255182,22.14848926448522,20.98573893054591,21.94219398498535,2360542.0
2019-11-18,22.204750971407023,23.142451591560885,22.204750971407023,22.898649215698242,1723228.0
2019-11-19,22.89865040767066,23.480025609378792,22.65484801911706,23.236223220825195,1580722.0
2019-11-20,23.44251248675789,23.517528455174645,22.59858239493896,22.86113739013672,932057.0
2019-11-21,22.67360064522994,23.38625331117145,22.636091762985778,23.311237335205078,1048617.0
2019-11-22,21.66088560987062,21.94219509254187,21.267051261017624,21.39832878112793,9971074.0
2019-11-25,21.529605430664528,21.567114314049086,20.76069120650108,20.77944564819336,3162586.0
2019-11-26,20.798199580377716,21.49209780929514,20.741938045201156,21.417081832885742,3656868.0
2019-11-27,21.43583865235098,21.43583865235098,20.479383505624284,20.554399490356445,6833872.0
2019-11-28,20.62941499585642,20.76069251895752,20.198073540797306,20.610660552978516,2604018.0
2019-11-29,20.685674361236092,20.9107222865448,20.573151292842702,20.816953659057617,3833178.0
2019-12-02,20.89196977304002,21.285804092078756,20.854460890978267,21.042001724243164,3844347.0
2019-12-03,20.985740623437977,21.43583831323249,20.910724639892578,20.910724639892578,3330215.0
2019-12-04,21.02325013619713,21.210790994912482,20.9669885939914,21.15452766418457,2111505.0
2019-12-05,21.342066458115326,21.642130372211806,21.210788942828618,21.58586883544922,2727570.0
2019-12-06,21.698391053020583,22.01720939630191,21.454588685304156,21.84842300415039,3430342.0
2019-12-09,21.848426851800465,22.07347660664984,21.698394874249047,21.923442840576172,2222979.0
2019-12-10,21.96094663387998,21.998453725304373,21.229539571625082,21.36081886291504,2283204.0
2019-12-11,21.304555593045187,21.642128359266927,21.192032529985838,21.435834884643555,1849664.0
2019-12-12,21.56711354291248,21.867177445172103,21.454588685304156,21.84842300415039,2138445.0
2019-12-13,22.18599598387112,22.9736646285015,22.18599598387112,22.80487823486328,6423264.0
2019-12-16,22.954911545667795,23.12369794929392,22.523570103976194,22.711109161376953,2867041.0
2019-12-17,22.84238802551615,22.87989512085939,22.411044803675708,22.617340087890625,1589428.0
2019-12-18,22.67360110627593,22.823633061259432,22.411044290793814,22.59858512878418,1918196.0
2019-12-19,22.69235450654964,22.879893547412873,22.56107521057129,22.56107521057129,1331675.0
2019-12-20,22.59858535340966,22.71110842650475,22.26101255708038,22.31727409362793,1455611.0
2019-12-23,22.242260089744825,22.59858735939366,22.242260089744825,22.467308044433594,1501519.0
2019-12-24,22.654845418057697,23.19871167207398,22.579829444694138,22.84238624572754,2335085.0
2019-12-25,22.954911353943448,23.142452198299885,22.861140931765227,23.06743621826172,1072722.0
2019-12-26,23.161206640439936,23.34874569627433,22.917404258185385,23.06743621826172,1588315.0
2019-12-27,23.236220025006112,23.31123599666504,22.729860874916973,22.823631286621094,1353208.0
2019-12-30,22.954912146568873,23.16120744018867,22.804880181311987,22.87989616394043,1875385.0
2019-12-31,22.973664106319227,22.992418547079847,22.71110730123626,22.786123275756836,1029424.0
2020-01-02,22.842387341438073,23.367499180171716,22.729862481734166,23.17995834350586,2516388.0
2020-01-03,22.973663229606107,23.123695172921785,22.017208249577262,22.24225616455078,2704381.0
2020-01-06,22.035963648490746,22.035963648490746,21.417081408253186,21.548358917236328,1965293.0
2020-01-07,21.829670139956896,22.279765988981513,21.79216125827722,22.12973403930664,1601266.0
2020-01-08,21.473340274885267,22.673597513063765,21.323308343678168,22.39228630065918,1982113.0
2020-01-09,23.06743527232392,23.292483203209766,22.823632900067093,23.17995834350586,2679738.0
2020-01-10,23.19871365179381,23.273729631559043,22.823633752967634,22.917404174804688,2055307.0
2020-01-13,23.0486801978471,23.780087294527142,23.029925756991272,23.592546463012695,3792930.0
2020-01-14,23.611302978394093,24.811558682272732,23.405007687898397,24.624019622802734,4291145.0
2020-01-15,24.6615244784338,25.130374767290125,24.380215020528773,24.90532684326172,2976160.0
2020-01-16,24.980343811976955,25.67424205247387,24.624018365216585,24.867820739746094,3158175.0
2020-01-17,25.18663808968866,25.22414518276577,24.642771826156203,24.90532684326172,1117084.0
2020-01-20,25.205390789442532,25.411686061581914,24.92408133100764,24.980342864990234,1569209.0
2020-01-21,24.755295271918342,24.83031124773996,24.530247344453496,24.699033737182617,1901056.0
2020-01-22,24.79280413968606,24.980343184870172,23.911365082902716,24.04264259338379,3032602.0
2020-01-23,24.09890634608147,24.436477348837585,23.83634953191829,23.911365509033203,2143670.0
2020-01-24,24.192674793235188,24.342706746331068,23.348744609940372,23.61130142211914,3355486.0
2020-01-27,23.348743861993217,23.405005395471417,22.936155109935317,23.217466354370117,2190958.0
2020-01-28,23.480023669309514,24.211428986014848,23.29248283560346,24.04264259338379,4410676.0
2020-01-29,24.305200229591268,24.361461766208002,23.536286004581896,23.7050724029541,2573352.0
2020-01-30,23.592546273291223,23.592546273291223,22.992418478906043,23.292482376098633,2183641.0
2020-01-31,23.5175304881113,23.79883994686105,23.38625297916434,23.592546463012695,2095590.0
2020-02-03,23.648807806884356,23.723823781182503,23.254973494688606,23.292482376098633,1158030.0
2020-02-04,23.68631892106436,24.586510697497914,23.611302939694895,24.54900360107422,3239268.0
2020-02-05,24.605262756347656,25.430440259995144,24.492739689455117,24.605262756347656,3916905.0
2020-02-06,24.86781975018461,25.036606140336392,24.417723902127797,24.90532684326172,3472723.0
2020-02-07,25.167884172266056,25.39293210097443,24.642772338613188,24.924081802368164,4371897.0
2020-02-10,24.961591206433088,25.22414623448583,23.611301817440467,24.28644561767578,3044902.0
2020-02-11,24.680277908876935,24.755293880482082,24.11765722757742,24.71778678894043,2611872.0
2020-02-12,24.680280516636582,25.07411485630725,24.248939081461195,24.380216598510742,2643649.0
2020-02-13,24.28644496179288,24.473985795498933,23.930119523977712,24.04264259338379,1564311.0
2020-02-14,24.192674591033263,24.436476959906862,24.061397080302072,24.117658615112305,1041828.0
2020-02-17,24.248940832207794,24.380218358735434,24.023892877365203,24.080154418945312,931235.0
2020-02-18,23.911367139901724,23.911367139901724,23.23622329981951,23.386255264282227,1406186.0
2020-02-19,23.573791999524513,23.592546440362337,22.729861835563568,22.936155319213867,1874548.0
2020-02-20,22.973663962105437,23.311236739589912,22.354781729065166,22.56107521057129,3065078.0
2020-02-21,22.448554123311478,22.823634026635055,22.017210893097815,22.711109161376953,1739665.0
2020-02-24,22.035965798144094,22.673602541445415,22.035965798144094,22.654848098754883,2313045.0
2020-02-25,22.78612474241396,23.029927122428944,22.20475134958917,22.69235610961914,2294937.0
2020-02-26,22.504814709788995,22.729862642264248,22.223505241325427,22.59858512878418,2055103.0
2020-02-27,22.336026490733072,22.561074404844927,21.26704845157131,21.36081886291504,2830363.0
2020-02-28,18.022604237974765,21.135771620027096,18.022604237974765,21.02324676513672,2239655.0
2020-03-02,20.816956001852425,21.567115837306407,20.798201558835544,20.910724639892578,1460142.0
2020-03-03,21.02324444178679,22.486056662570014,20.685671702943857,21.66088104248047,3665901.0
2020-03-04,21.92343843403094,22.185995236233914,21.548358565542323,21.60462188720703,1490885.0
2020-03-05,21.7921590582222,22.035961398960975,21.56711115642989,21.679636001586914,1209732.0
2020-03-06,21.47334428578436,21.660885129083905,20.70443004759589,21.45458984375,1752084.0
2020-03-09,20.910722265534066,21.267049488306267,18.754011642101197,20.16056251525879,1420697.0
2020-03-10,20.535643914233,20.760691856015146,18.791521918290847,19.410404205322266,1835104.0
2020-03-11,19.410404205322266,19.410404205322266,19.410404205322266,19.410404205322266,0.0
2020-03-12,21.567113855030122,23.236221571156882,17.413099900267326,17.91008186340332,13624461.0
2020-03-13,18.285162749257225,19.22286340306529,17.244314451203216,18.425817489624023,4690834.0
2020-03-16,17.87257199990676,18.275783522969416,16.869232696577008,16.88798713684082,2406339.0
2020-03-17,16.9254964175082,17.86319708969197,15.190751604785902,17.413101196289062,3656106.0
2020-03-18,16.925494422621167,18.285160952442297,16.869232889707472,17.188051223754883,3249541.0
2020-03-19,17.253692007962794,18.285163104919057,17.23493756527655,18.144508361816406,4736444.0
2020-03-20,18.44457114661884,19.185353701554952,18.44457114661884,18.941553115844727,3073507.0
2020-03-23,19.20410839627573,20.92947769165039,19.20410839627573,20.92947769165039,3563561.0
2020-03-24,22.373536498835655,22.84238679067364,21.754654256691268,22.279766082763672,6420032.0
2020-03-25,22.504815108965722,23.217467802038946,21.492098500603145,21.73590087890625,6370814.0
2020-03-26,21.735899537520996,22.279765797549892,21.285803692363682,21.829669952392578,5427744.0
2020-03-27,21.942192400920824,22.148487665527696,21.023246295830482,21.07950782775879,3168501.0
2020-03-30,21.21078787811383,21.942193184879258,20.85446065661926,21.473342895507812,3135358.0
2020-03-31,21.604622576093277,21.717145645966834,21.135772278402243,21.26704978942871,2267114.0
2020-04-01,21.154527072035876,21.679640746331224,20.835708694257317,20.985740661621094,3069333.0
2020-04-02,21.229540436885216,21.735899605666127,20.948230979910424,21.32331085205078,4579609.0
2020-04-03,21.49209786183477,22.185996092448498,21.30455702609183,22.148488998413086,4881436.0
2020-04-06,22.504816571349526,22.767373408549904,22.42980058765258,22.523571014404297,2630077.0
2020-04-07,22.654847286418125,23.011174530672992,22.0547194500167,22.110980987548828,3930441.0
2020-04-08,21.960947230029255,22.467304603395988,21.754653750290498,22.261011123657227,2461758.0
2020-04-09,22.204750799821994,22.786124178252567,22.129734822330242,22.59858512878418,5214359.0
2020-04-10,22.78612465673838,22.86114063580539,22.486060740470336,22.54232406616211,2005111.0
2020-04-13,22.504814638595086,24.473986277176554,22.448553102784754,23.98638153076172,9168947.0
2020-04-14,24.755296146538836,25.317916879339673,24.492741116147915,24.66152572631836,6484863.0
2020-04-15,24.867822498867895,27.062042236328125,22.786125841598277,27.062042236328125,20472927.0
2020-04-16,28.037245886262262,29.03120796134921,27.193315755017803,27.568395614624023,20394823.0
2020-04-17,27.92472408878309,27.962231182183405,26.574434744455047,27.324594497680664,10873888.0
2020-04-20,27.62466030013166,28.59986983496193,27.099548436734924,27.980987548828125,14466209.0
2020-04-21,27.79344668866184,28.431083416710404,26.96827090376032,27.24958038330078,9227455.0
2020-04-22,27.36210362349155,28.037247407412416,26.724466933305315,26.893253326416016,11408700.0
2020-04-24,27.00577735900879,27.549643651466596,26.912008727068002,27.00577735900879,6486985.0
2020-04-27,27.418365261257605,28.168526812507036,27.080792473769264,27.699676513671875,16138322.0
2020-04-28,28.018492257927438,28.056001139235725,27.043284594696704,27.230825424194336,11788489.0
2020-04-29,27.47462529764111,29.481305683389785,27.24957738109882,28.299802780151367,40797910.0
2020-04-30,28.59986904042942,28.637377923891037,27.17456366228405,27.512136459350586,13179842.0
2020-05-04,27.1933188450971,27.549644305083152,26.799484500627226,27.24958038330078,5635732.0
2020-05-05,27.4183652510978,27.474626786151024,26.893253417383146,27.043285369873047,3542563.0
2020-05-06,27.024528468805624,27.718426633040647,26.761973470108032,27.530887603759766,10991461.0
2020-05-07,27.793444432346647,28.468589990069663,27.287087052576293,27.380857467651367,12516845.0
2020-05-08,27.549644155455738,28.318560186499496,27.47462817541757,27.680923461914062,11297386.0
2020-05-11,27.90597069743478,29.650094424937578,27.83095471929068,29.556324005126953,17937466.0
2020-05-12,29.631336246191275,32.294404028703866,29.368779461539376,30.944116592407227,19242418.0
2020-05-13,30.869102299520865,31.244183973552317,30.325237806923596,30.56903839111328,8282536.0
2020-05-14,30.45651650978205,31.337953828040195,30.250221223299555,30.68156623840332,8743743.0
2020-05-15,31.131659229379732,31.656769252355577,30.681563390953112,30.794086456298828,5861184.0
2020-05-18,30.98163068271494,31.300449050380127,30.737826507829954,30.92536735534668,4116224.0
2020-05-20,31.075395315934337,32.63197806888499,30.869100052529074,32.01309585571289,16972985.0
2020-05-21,32.21939320387499,33.119584921818856,31.900574856639388,32.08811569213867,6790512.0
2020-05-22,32.03185236837571,32.31316183310268,31.84431153287643,32.08811569213867,2454084.0
2020-05-27,32.44444179553814,32.87578682288142,32.069363673251864,32.10687255859375,5146271.0
2020-05-28,32.40693636651179,32.40693636651179,31.056645115587862,31.375463485717773,3073620.0
2020-05-29,31.50673997792144,31.694280820763222,30.36274763297028,30.45651626586914,3940494.0
2020-06-01,31.337953031877515,32.03185306520702,30.94412048810098,31.75054359436035,3908870.0
2020-06-02,31.69428794436656,32.70700657710424,31.58176484418844,32.27566146850586,5461783.0
2020-06-03,32.21939225808661,32.53821059596342,32.088114750203886,32.20063781738281,2128132.0
2020-06-04,32.2569047243223,32.40693668958241,31.900577465437948,31.9755916595459,2558255.0
2020-06-05,31.956835910745475,32.21939091557079,31.619263146230836,31.713031768798828,1659530.0
2020-06-08,31.54425048828125,32.12562391172602,31.431727407592252,31.54425048828125,3395605.0
2020-06-09,31.76929803602266,31.93808443393946,31.52549387145662,31.75054359436035,1855735.0
2020-06-10,31.88182094266614,32.57572097237646,31.76929787032316,32.33191680908203,3460759.0
2020-06-11,32.350666157746865,33.2321033102513,32.144370910058065,32.50069808959961,4968642.0
2020-06-12,32.29440685487055,34.28233467024705,32.18188378625953,34.113548278808594,8814051.0
2020-06-15,34.13230281235596,34.91997144885783,34.05728504838251,34.263580322265625,4747832.0
2020-06-16,34.35735185797249,34.45112407087557,33.70096067582759,33.7197151184082,3161362.0
2020-06-17,33.719711400111336,34.188561681793786,33.66345165561746,33.86974334716797,1845865.0
2020-06-18,33.85098637308337,34.54488631193782,33.68219999814698,33.70095443725586,3239638.0
2020-06-19,33.94476477158291,34.03853340721877,33.11958718521958,33.56968307495117,2849074.0
2020-06-22,33.888498471786974,34.71367598577819,33.7572209625928,33.96351623535156,5477557.0
2020-06-23,34.263580584298666,34.50738116498912,33.66345277609703,34.05728530883789,2301419.0
2020-06-24,34.0010218318174,36.57032302324742,33.8509898804448,35.070003509521484,5340856.0
2020-06-25,35.14501777491203,35.50134500160651,34.35734913419174,34.56364440917969,3255174.0
2020-06-26,34.844953793940654,35.27629520700638,34.56364433224753,35.070003509521484,6088219.0
2020-06-29,35.08875279133184,36.04520777959577,35.03249304775637,35.74514389038086,4212366.0
2020-06-30,35.782652619195034,36.62658453968886,35.76389817906809,36.101470947265625,4826140.0
2020-07-01,36.382780549223476,36.92664858407783,35.52009776199153,35.74514389038086,4887963.0
2020-07-02,35.91392655574634,36.53280871028765,35.85766681799745,36.40153121948242,3503575.0
2020-07-03,36.64534539186797,37.24547327276318,36.45780453482713,37.07668685913086,3826146.0
2020-07-06,37.32048645831041,40.789979699919286,37.32048645831041,40.5649299621582,10905096.0
2020-07-07,40.65869656850514,41.25882435036528,39.383423243530494,39.983551025390625,7979636.0
2020-07-08,40.00230885560124,41.14630477236957,39.10211710652651,39.233394622802734,4461326.0
2020-07-09,39.383426233246695,39.927294312496464,38.5019889338575,38.63326644897461,2900501.0
2020-07-10,38.18316947480009,39.60847481224334,37.69556473485551,39.102115631103516,5482810.0
2020-07-13,39.57096352499171,39.77725521151452,39.458440461702565,39.739749908447266,2379116.0
2020-07-14,39.796005948563455,40.00230119293424,39.17712379249445,39.383419036865234,2237085.0
2020-07-16,39.38342405066826,39.645979066352034,39.02709683149471,39.064605712890625,1682223.0
2020-07-17,39.195879741511355,39.49594361195587,38.614506439655536,39.008338928222656,1469735.0
2020-07-20,39.02709395316478,39.30840338879935,38.68952119958588,38.95207977294922,1704562.0
2020-07-21,39.40217963593705,40.414894423737785,39.23339324179628,39.908538818359375,5091036.0
2020-07-22,40.22735892587617,40.26486423295909,39.49594999357605,39.83352279663086,2554777.0
2020-07-23,41.05253157379704,41.05253157379704,39.85227593728123,40.0023078918457,1829338.0
2020-07-24,39.570961877898206,40.883740433745196,39.570961877898206,40.26485824584961,2860955.0
2020-07-27,40.321126508237946,40.78997681647327,40.321126508237946,40.4524040222168,1962140.0
2020-07-28,40.60243942947756,40.65870275898471,39.4771978786446,39.702247619628906,3548116.0
2020-07-29,39.664731720575055,40.6962044502429,38.68952231046701,40.60243225097656,4635838.0
2020-07-30,40.78998002738298,42.496594997537535,40.67745694612122,41.97148132324219,4569024.0
2020-08-04,42.19652802096128,42.721641657402415,39.739753391090964,40.24610900878906,5945717.0
2020-08-05,40.414894782489526,40.75246757376761,39.00834387019345,39.85227584838867,4397577.0
2020-08-06,39.62722336288565,40.22735471496493,36.364025903346906,36.60783004760742,5700997.0
2020-08-07,36.42029267869305,36.94540632018643,33.550927457925,36.00770568847656,6654534.0
2020-08-10,36.27025843568371,39.570964880604016,35.55760399733661,39.064605712890625,7458650.0
2020-08-11,39.5334579374234,40.489912997648645,39.15837625916269,39.946044921875,5497543.0
2020-08-12,39.13962859942443,39.289660567604855,37.41425917682742,38.08940124511719,6785785.0
2020-08-13,37.88310841518228,38.22067765091991,35.82016623032785,35.98895263671875,3874089.0
2020-08-14,35.670130741135594,36.06396326576105,34.28233431900559,35.78265380859375,3713234.0
2020-08-17,35.913933232763995,37.26422442247344,35.763901275801175,36.664093017578125,3764969.0
2020-08-18,36.57032167386551,36.66409029862202,35.857670825402245,36.19524002075195,2043107.0
2020-08-19,36.1952426191998,36.75786513926067,35.63262367618294,36.514060974121094,2506858.0
2020-08-20,36.5703266491905,37.41425869498951,36.15773963626889,36.38278579711914,1863142.0
2020-08-21,36.75786496295283,36.907896918840635,35.67013238850522,36.21399688720703,1956431.0
2020-08-24,36.64533844176103,36.870384565892614,36.28901123866843,36.81412124633789,2149143.0
2020-08-25,37.17044636568647,38.01437822647893,35.83891340426221,36.43904113769531,4173278.0
2020-08-26,35.83892213199527,36.75786839473305,35.83892213199527,36.12023162841797,2076762.0
2020-08-27,36.43904912585382,36.98291366211211,36.2327538308709,36.38278579711914,2002944.0
2020-08-28,36.51405789892721,36.6453389798158,35.857670379702796,36.101470947265625,1253143.0
2020-08-31,36.307769517922196,36.34527482454774,35.57636059454184,35.85767364501953,1557550.0
2020-09-01,36.57032429924038,36.72035625584781,35.89517870598494,36.514060974121094,1622243.0
2020-09-02,36.664094846225154,36.72035817428389,36.17649364455953,36.28901672363281,943411.0
2020-09-03,36.176491047961164,36.34527386593446,35.68888630424959,35.97019577026367,1064789.0
2020-09-04,36.00770222403372,36.43904361462864,35.82016140032698,35.951438903808594,1096099.0
2020-09-07,35.91393522395738,36.15773940319183,35.857675472629595,35.93268966674805,643588.0
2020-09-08,35.91393654232184,36.06396851311049,35.44508618647679,35.7639045715332,985523.0
2020-09-09,35.91393235622833,36.514060169432575,35.55760512574684,35.82016372680664,1421473.0
2020-09-10,36.082718750822515,36.082718750822515,35.76390040292727,35.82016372680664,1096726.0
2020-09-11,35.82016819189396,35.932691276635104,35.42633202973341,35.55760955810547,1322245.0
2020-09-14,35.40757267965317,36.21399575881428,35.40757267965317,36.02645492553711,2575764.0
2020-09-15,36.214001773312155,37.601798446781196,36.15774201791598,37.20796585083008,5988621.0
2020-09-16,37.28297546166073,37.48927074484156,36.757865398355385,36.96415710449219,1754422.0
2020-09-17,36.85163012604104,37.189202889282065,36.42028874058579,36.81412124633789,1108039.0
2020-09-18,37.039174072536014,37.18920602696326,36.776619046549314,36.92665100097656,853721.0
2020-09-21,36.88914342340021,37.22671622706724,36.289015584456195,36.75786590576172,1545998.0
2020-09-22,36.85163492271082,38.27694034355769,36.75786628829152,38.1644172668457,4494894.0
2020-09-23,38.27693949124301,38.38946256544944,37.62054833379147,37.77058029174805,2242508.0
2020-09-24,37.676814374640486,39.233397392008484,37.62055104496057,38.38946533203125,3669607.0
2020-09-25,38.5394905827091,38.82080360502671,38.145658074734314,38.27693557739258,1708230.0
2020-09-28,38.258183377623894,38.53949283936977,37.60179224885426,37.995628356933594,1271275.0
2020-09-29,38.01437887381199,38.63326105658403,37.82683805965972,37.8455924987793,1963612.0
2020-09-30,37.95811974748872,38.539493116212256,37.95811974748872,38.44572448730469,1357377.0
2020-10-01,38.72703815602215,39.19588850555521,38.23943336326244,38.38946533203125,1848911.0
2020-10-02,38.46447728086516,40.058568943318136,38.46447728086516,39.62722396850586,3946745.0
2020-10-05,39.702245445411236,40.30237328577881,39.702245445411236,40.13358688354492,1288018.0
2020-10-06,40.07732583616863,40.56492700789217,39.60847552893572,39.64598083496094,1476993.0
2020-10-07,39.58972159338074,39.889785507681275,39.2896576790802,39.43968963623047,1091003.0
2020-10-08,39.43968753811743,39.608473928062885,38.276937249275846,38.70827865600586,1294385.0
2020-10-09,38.558253717789455,39.270908288704675,38.558253717789455,39.12087631225586,782600.0
2020-10-12,39.008343694192895,39.852275668580404,38.97083838858762,39.55221176147461,1215358.0
2020-10-13,39.49595392933324,39.66474034768015,38.63327097071073,39.32716751098633,1038603.0
2020-10-14,39.17713102843449,39.683490225208146,38.952084881231094,39.43968963623047,1124910.0
2020-10-15,39.51470607701262,41.52138495958794,39.34591966847412,41.0712890625,4914914.0
2020-10-16,41.44637089325787,41.72768038267605,40.152342949481145,40.5649299621582,1878001.0
2020-10-19,40.22735716539818,40.97751692988834,39.81476661214566,39.908538818359375,1373626.0
2020-10-20,39.683488069634706,40.508665577660246,39.1958833411216,39.871028900146484,2379071.0
2020-10-21,39.87103217404344,40.78997838425963,39.72100021272333,40.73371505737305,3028746.0
2020-10-22,40.78997708692924,40.958763485176604,40.039817304187615,40.24610900878906,2010836.0
2020-10-23,40.321127370301184,40.73371436263353,39.75850841920763,40.189849853515625,2255044.0
2020-10-26,39.6459803910537,41.46512185205702,39.23339341304421,39.55221176147461,7878263.0
2020-10-27,39.402175149834974,39.683484582360045,37.52677416360986,38.351951599121094,2824291.0
2020-10-28,38.35195537670177,38.38946068156739,36.757863665987294,37.0391731262207,885024.0
2020-10-30,36.551564830392856,36.551564830392856,34.54488634536668,35.37006378173828,3686303.0
2020-11-02,35.63262131693007,36.045208276021924,35.40757160839757,35.53885269165039,1749936.0
2020-11-03,35.538856901403946,36.476557573451075,35.538856901403946,36.28901672363281,1850725.0
2020-11-04,36.38278551715141,37.30173175048108,36.38278551715141,36.589080810546875,1556567.0
2020-11-05,36.85163464610479,37.15169856644723,35.53885588886766,36.25150680541992,1677078.0
2020-11-06,36.251507244056185,36.73911201477359,35.97019776246187,36.34527587890625,1228845.0
2020-11-09,36.889141527625405,38.201923790633124,36.570323182440326,36.98291015625,4012873.0
2020-11-10,37.02042138309703,37.28297642150917,36.70160301772052,36.85163497924805,1607136.0
2020-11-11,36.83288045470403,37.057930185015,36.53281653231882,36.701602935791016,3860296.0
2020-11-12,36.645339435305715,36.757862500422284,36.00770277123892,36.19524002075195,3254430.0
2020-11-13,36.157735937152765,37.09543652453391,35.98894954526065,36.532814025878906,3553687.0
2020-11-16,36.79537410983411,37.039174698507196,36.38278354540333,36.664093017578125,2631680.0
2020-11-17,37.301724495442066,38.276933867399066,37.301724495442066,37.8455924987793,9017482.0
2020-11-18,38.3519584242761,38.633267906863296,36.94540743429596,37.30173110961914,5236644.0
2020-11-19,37.301730752792956,37.84559884736385,36.45780231310433,37.357994079589844,5351468.0
2020-11-20,37.508021225163965,38.35195313354762,37.508021225163965,37.976871490478516,3130736.0
2020-11-23,38.40821619625803,39.027098456890485,37.54553335048599,37.73307418823242,3294213.0
2020-11-24,37.75182549492377,38.25818468965786,37.56428823202433,37.82684326171875,2717921.0
2020-11-25,38.089395787061406,38.426968561355615,37.71431770887965,38.31444549560547,4104925.0
2020-11-26,38.40821830335121,38.539495823862474,38.14566326232869,38.25818634033203,1785291.0
2020-11-27,38.239430593906775,38.50198920302053,37.88310692953902,38.426971435546875,2363739.0
2020-11-30,39.28965638586437,40.30237116903425,39.12086999249541,39.60847473144531,7821382.0
2020-12-01,40.039813640892866,40.18984558371458,38.558245075615304,38.933326721191406,3251251.0
2020-12-02,39.85227337885405,39.85227337885405,39.08335921394319,39.177127838134766,2140456.0
2020-12-03,39.17713103866241,39.458444088306116,38.745789608873274,38.78329849243164,2033990.0
2020-12-04,38.74579015233277,38.8958221116266,38.351957600578004,38.37070846557617,1676029.0
2020-12-07,38.38945848200396,38.38945848200396,37.32048044813887,37.47051239013672,2295420.0
2020-12-08,37.433012026503725,37.52678424723813,37.05793387469949,37.20796585083008,1811679.0
2020-12-09,37.151703011529314,37.770585368413386,37.151703011529314,37.45176696777344,1538924.0
2020-12-10,37.52677581098358,37.92060831839868,37.18920304631712,37.62054443359375,2048718.0
2020-12-11,37.601796454269746,38.23943321329761,37.395504733674336,38.08940124511719,1973273.0
2020-12-14,38.29569661814424,38.59576055509578,38.07064687690844,38.23943328857422,2174037.0
2020-12-15,38.23943126779079,38.76454491822821,38.18317151823813,38.52074432373047,1845435.0
2020-12-16,38.53949283936977,38.80205143710395,37.883105287644014,37.995628356933594,1685769.0
2020-12-17,37.95812386895146,38.59576063047997,37.50802796264504,38.38946533203125,1865447.0
2020-12-18,38.50198945720558,39.12087173477287,38.35195749831182,38.87706756591797,2188858.0
2020-12-21,39.327160241444346,40.02106023049842,38.16441354892401,38.31444549560547,3756239.0
2020-12-22,38.408217163377344,39.008344997641984,38.16441657209885,38.72703552246094,2274839.0
2020-12-23,38.614515087234835,39.852279724272215,38.59576064400163,39.19588851928711,3829195.0
2020-12-24,39.19587823080483,39.58971428123602,38.6707682662877,39.383419036865234,2676477.0
2020-12-25,39.383421358732086,39.871026052418756,39.195880541615125,39.25214385986328,2794075.0
2020-12-28,39.21464036768995,39.68349068636348,38.70828116503198,38.87706756591797,1638100.0
2020-12-29,38.89581867863369,39.66473284927975,38.31444533481334,39.62722396850586,3693557.0
2020-12-30,39.83352087124133,40.07732502923823,39.47719364334642,39.60847473144531,2579371.0
2020-12-31,39.60847579038985,40.246108921555155,39.51470358209791,40.09607696533203,2355645.0
2021-01-04,40.50866229518471,42.06524498132585,40.32112147986964,41.783935546875,4342275.0
2021-01-05,42.00899229037223,42.25279648506852,40.69621340516823,41.24007797241211,3655192.0
2021-01-06,41.615152096081,41.97147573547909,41.20256155797659,41.39010238647461,2361545.0
2021-01-07,41.46512380432166,41.76518772555509,41.0150279224715,41.09004211425781,2328174.0
2021-01-08,41.8026990110814,42.42158133130394,41.46512618604287,41.76519012451172,3953160.0
2021-01-11,41.7276737628732,42.17776958994659,40.86499098857678,41.40885543823242,2260731.0
2021-01-12,41.54014023342417,41.74643553177457,41.16506210020304,41.465126037597656,1067233.0
2021-01-13,41.54013094020744,42.00898118462749,40.99626651674281,41.99022674560547,2180632.0
2021-01-14,42.25278886446349,43.22799473622971,41.40885692279256,41.54013442993164,4981508.0
2021-01-15,41.40886418207986,41.52138726834753,40.50867233784962,40.789981842041016,2071293.0
2021-01-18,40.73371357543444,41.408859165334434,40.15234019360055,41.258827209472656,1929338.0
2021-01-19,41.72768041493151,44.54078246537634,41.315093401935535,43.64059066772461,9289454.0
2021-01-20,44.07192847772997,48.15092468261719,43.921896523866266,48.15092468261719,17001768.0
2021-01-21,48.29158300697848,48.99485848766263,46.322413091880485,46.4911994934082,11677243.0
2021-01-22,46.50994761641221,46.79126065373619,44.18445059329599,44.709564208984375,9210544.0
2021-01-25,44.672053086411466,44.672053086411466,42.571605883099714,42.87166976928711,13720789.0
2021-01-26,43.07796823847204,43.88439140097192,42.90918182878396,43.13423156738281,11743477.0
2021-01-27,43.359278359052226,43.77186534522355,40.75246819606704,40.90250015258789,10405961.0
2021-01-28,40.69620951048458,42.40282440185547,39.79601417081401,42.40282440185547,5416563.0
2021-01-29,41.821443788089425,42.19652544508547,41.31508820130167,41.39010238647461,4013648.0
2021-02-01,41.80269152257393,42.23403290972214,41.315086815650176,41.40885543823242,3948278.0
2021-02-02,42.10275691672686,42.196525542670834,41.42761136339011,41.54013442993164,3683577.0
2021-02-03,41.72767829072007,42.64662448450637,41.390105489524274,42.60911560058594,4121521.0
2021-02-04,42.66537780225669,44.05317427734855,42.290296127023666,43.73435592651367,5898605.0
2021-02-05,44.07192350489628,44.409496257260756,43.24674606323242,43.24674606323242,3586098.0
2021-02-08,43.5093132472525,43.77186829459407,42.102762218703965,42.32780838012695,3799523.0
2021-02-09,42.32780560880333,42.40282337572886,41.67141445638099,41.70892333984375,3221889.0
2021-02-10,42.02774447144728,43.32177242004115,41.971481142536504,43.13423156738281,7371013.0
2021-02-11,42.68413364844953,42.927934241443666,41.29633712768555,41.29633712768555,5370535.0
2021-02-12,41.25882344060421,41.408855382761026,40.321122907863206,40.752464294433594,4112923.0
2021-02-15,41.07129341752041,41.577652696828046,40.133592638229786,40.8650016784668,5092911.0
2021-02-16,41.071287316048355,42.40282408489367,40.471159478783335,41.146305084228516,6210851.0
2021-02-17,41.296330172406044,42.34655371287714,40.88373967015266,41.690162658691406,5213154.0
2021-02-18,41.821443135315675,42.19652478645723,40.84623728102634,40.99626922607422,3172505.0
2021-02-19,40.996270450500305,41.40885741744368,40.60243434733469,41.33384323120117,3366021.0
2021-02-22,41.44637076526206,42.30905367375289,40.86499734532067,41.0712890625,3919003.0
2021-02-23,41.202563893891224,41.31509054359583,39.87103073244925,39.946044921875,2822134.0
2021-02-24,39.383426768575944,40.00230904614323,38.783298933000886,38.87706756591797,2537138.0
2021-02-25,39.23338899343086,39.60847062358239,37.95811574336788,38.652015686035156,2501192.0
2021-02-26,37.50802810140688,38.23943350473013,36.40154098625183,36.626590728759766,4456576.0
2021-03-01,37.17044846181051,37.976871490478516,36.945402337603966,37.976871490478516,5075441.0
2021-03-02,36.28901954989968,37.86435708779307,36.10147868547533,37.20796585083008,8730228.0
2021-03-03,37.414260194389996,37.75182944919367,36.607837002096176,37.32048797607422,3632124.0
2021-03-04,37.32048093473669,38.5207400634125,36.7953709194195,37.26422119140625,5261496.0
2021-03-05,37.1329458618737,37.41425893027191,36.701604403328005,36.832881927490234,2957437.0
2021-03-08,36.926649870862136,37.20795932967345,36.457799580495326,36.73910903930664,2549832.0
2021-03-09,36.907898196347084,37.583043809733276,36.87038931181583,37.357994079589844,3218870.0
2021-03-10,37.357992870227996,37.63930234101759,36.98291119114588,37.02042007446289,3261168.0
2021-03-11,37.545535170614194,38.20192634602518,37.26422568887924,37.80809020996094,7059581.0
2021-03-12,37.95812623532709,38.033144012910384,37.30173498965137,37.45176696777344,2989840.0
2021-03-15,37.50802631775312,37.583044087369814,37.09543931599373,37.15169906616211,1637331.0
2021-03-16,37.15169600709365,37.28297351606934,36.701600157586775,36.73910903930664,2537500.0
2021-03-17,36.75786854322066,37.67681480967064,36.17649510465932,36.42029571533203,5114400.0
2021-03-18,36.476558241062534,37.77058261669961,36.176494306679075,36.832881927490234,6164602.0
2021-03-19,36.85162806016971,37.77057409911958,36.345268943694236,36.43904113769531,4685404.0
2021-03-22,32.83827487305247,33.75722101590689,32.80076599121094,32.80076599121094,3850451.0
2021-03-23,30.4752734044271,33.738471481255814,29.575081571586978,33.49467086791992,5553354.0
2021-03-24,33.532173467861774,35.16377416292069,33.21335510570286,34.788692474365234,3019611.0
2021-03-25,34.788693223438095,35.088757149925826,33.532174189879164,33.56968307495117,3099209.0
2021-03-26,34.038537325279954,34.038537325279954,32.2944133161572,32.76326370239258,2948068.0
2021-03-29,32.76325587542742,33.11958308541414,32.36942336205556,32.463191986083984,2389822.0
2021-03-30,32.68824533856241,33.83224127996946,32.48195005023154,32.819522857666016,4880816.0
2021-03-31,32.85703174227965,33.00706370369007,31.975590839079814,32.819522857666016,4633674.0
2021-04-01,32.87578974004583,34.338600627736874,32.782017518370445,33.982276916503906,4824557.0
2021-04-02,34.50738321534784,36.94540705233429,34.50738321534784,35.895179748535156,12149555.0
2021-04-05,36.28901676645029,37.11419436039777,35.44508472979444,35.632625579833984,4463078.0
2021-04-06,35.9139288090756,36.420287942845995,35.03249161762029,35.107505798339844,3560539.0
2021-04-07,35.08875135889906,35.726387991711356,34.544886923290676,35.107505798339844,3068808.0
2021-04-08,35.18252914631119,36.739112096788304,35.18252914631119,36.49530792236328,6872230.0
2021-04-09,36.49530831929689,36.94540778820094,34.919974486309414,35.33256149291992,7181688.0
2021-04-12,35.651377771665025,36.90789673744122,35.651377771665025,36.5703239440918,8218910.0
2021-04-13,36.8703865027458,36.96415512988582,35.426326751708984,35.426326751708984,4670697.0
2021-04-14,35.4825911113068,35.74514613660789,35.08875499631122,35.463836669921875,2690584.0
2021-04-15,35.53885565981366,35.91393376930222,35.14501953125,35.14501953125,2653578.0
2021-04-16,35.145018320466,35.726391695222965,35.145018320466,35.463836669921875,2076673.0
2021-04-19,35.4825966928651,35.613874226166146,33.982276916503906,33.982276916503906,2544404.0
2021-04-20,34.019780981887806,34.319844926167846,33.13834359269573,33.49467086791992,2281148.0
2021-04-21,33.75722730029653,34.09480014562662,32.144380851294784,32.51946258544922,3477395.0
2021-04-22,32.4631997413655,32.76326370239258,31.544253413589495,32.76326370239258,3202556.0
2021-04-26,32.76325605671623,34.13230158359517,32.744501616398026,33.92600631713867,2906425.0
2021-04-27,34.88246095978076,35.76389818359636,34.78868875913418,34.938720703125,5696465.0
2021-04-28,34.938729043257794,34.95748348786393,34.019782719824285,34.226078033447266,2132308.0
2021-04-29,34.24482897739656,34.95747991435678,34.24482897739656,34.826202392578125,2041339.0
2021-04-30,34.84495146858585,34.84495146858585,34.03852844238281,34.03852844238281,2377358.0
2021-05-03,34.03853360732508,34.82620231324697,34.03853360732508,34.676170349121094,2173404.0
2021-05-04,34.226069263344115,34.60115090526671,34.019774002582324,34.03852844238281,2049721.0
2021-05-05,34.226072987737076,35.29505113338319,33.94476351420558,35.2012825012207,4205032.0
2021-05-06,35.670133896053876,36.06396645551267,34.52613794840745,34.582401275634766,5028939.0
2021-05-07,34.58239875807299,34.99498572990499,34.35734904259125,34.413612365722656,2726193.0
2021-05-10,34.65741546822705,34.76994212268168,34.169810696722735,34.582401275634766,2719485.0
2021-05-11,34.39485939968131,34.657414431466286,34.01977771680789,34.544891357421875,2284893.0
2021-05-12,34.54488970821863,35.445081411686076,34.46987194440775,34.76993942260742,2078934.0
2021-05-17,34.76994160927714,34.919973569290505,34.451123247118225,34.788692474365234,1714936.0
2021-05-18,34.88246208930674,35.482589884702705,34.73243014045775,35.12626266479492,2417710.0
2021-05-20,34.901219642501275,35.088756912504046,34.52613794840745,34.582401275634766,1558160.0
2021-05-21,34.60115270072329,34.91997103978791,34.43236631080414,34.619903564453125,1648008.0
2021-05-24,34.619902823212044,34.76993834618896,34.05728392022359,34.0760383605957,1852306.0
2021-05-25,34.13230348251624,34.78869104495222,33.00706204012838,33.04457092285156,3262813.0
2021-05-26,33.32587918016104,33.58843419561022,32.744502250175266,33.36338806152344,1931962.0
2021-05-27,33.41964815978555,33.86974400976066,33.213352887155516,33.307125091552734,2167641.0
2021-05-28,32.96955351131795,33.23210853911075,32.59447183414769,32.98830795288086,1621751.0
2021-05-31,32.65073908455235,32.95080303154874,32.313166249920314,32.48195266723633,1863004.0
2021-06-01,32.444437545869555,32.969551140742425,32.35066892184113,32.463191986083984,1473156.0
2021-06-02,32.294410346626336,32.40693700444788,31.881823332413383,32.35067367553711,1904094.0
2021-06-03,32.538209547067034,32.65073261061869,31.975587075221366,32.16312789916992,1664949.0
2021-06-04,32.106874382421516,32.444443638541486,31.97559327626751,32.181888580322266,1051102.0
2021-06-07,32.25690217690265,32.7820122253215,32.21939329428875,32.2381477355957,1261535.0
2021-06-08,32.25690244266157,32.35067107292493,32.03185272216797,32.03185272216797,1202067.0
2021-06-09,32.088115008228066,32.35067002610474,31.994342803955078,31.994342803955078,1646026.0
2021-06-10,32.050604835618266,32.66948705071791,31.750540948118054,32.16312789916992,3605337.0
2021-06-11,32.219387865714296,32.3319109175533,31.88181513315397,31.956832885742188,1056822.0
2021-06-14,31.99434100755937,32.18188182853159,30.944117417976038,31.412967681884766,2848990.0
2021-06-15,31.4129737736122,31.581760187514558,30.869105645028082,31.131664276123047,1654670.0
2021-06-16,31.131661420752284,31.825557879112285,30.869102813738984,31.244184494018555,2713030.0
2021-06-17,31.03789067298679,32.2381499601463,31.03789067298679,31.375463485717773,3382682.0
2021-06-18,31.375464131006222,31.619268312790247,30.625304296755854,30.887859344482422,2054175.0
2021-06-21,30.5877904729902,30.887854358250983,30.362744347566444,30.47526741027832,1458918.0
2021-06-22,30.531536760128816,30.962878233250592,30.531536760128816,30.85035514831543,1411045.0
2021-06-23,30.906614531905124,31.638023517830124,30.906614531905124,31.131664276123047,2422185.0
2021-06-24,31.03788809130752,31.281692247798087,30.850350834984162,31.056642532348633,1523561.0
2021-06-25,31.056643316127563,31.431724992327997,30.869102478027344,30.869102478027344,1456123.0
2021-06-28,30.9441203217734,31.037888952536942,30.137697219848633,30.137697219848633,1463859.0
2021-06-29,30.100187466635376,30.475269132935203,29.987664397562977,30.17520523071289,1607346.0
2021-06-30,30.343989907607185,30.681562672786487,29.98766270246863,30.47526741027832,2318110.0
2021-07-01,30.062683790968347,30.68156606997434,30.062683790968347,30.381502151489258,1528471.0
2021-07-02,30.38150310537825,30.794090111988233,30.17520781355117,30.49402618408203,1459514.0
2021-07-05,30.475269849672273,30.794088200412144,30.456515408211818,30.719070434570312,813441.0
2021-07-06,30.719068059728983,31.63801773502912,30.662808316740914,31.356704711914062,2149948.0
2021-07-07,31.337952438081803,32.2381477355957,31.24418380859099,32.2381477355957,2239775.0
2021-07-08,32.2381499601463,32.48195055987192,31.319203734958723,31.375463485717773,1949279.0
2021-07-09,31.30044482163853,31.994341213546473,31.18791818210454,31.713031768798828,1190418.0
2021-07-12,31.73178701394856,31.881818960090765,30.794086456298828,30.794086456298828,968651.0
2021-07-13,30.83159597291559,31.544246837526675,30.812841532130584,31.18791961669922,1606697.0
2021-07-14,31.187922040911523,31.487989539751794,30.906612561358127,31.206676483154297,1357793.0
2021-07-16,31.187916923074226,31.9755854827963,31.187916923074226,31.881816864013672,1656669.0
2021-07-19,31.600513974309585,31.788054827753456,31.37546423476809,31.6192684173584,414970.0
2021-07-26,31.67552505652719,32.25690200277241,31.337952268912264,31.506738662719727,1556397.0
2021-07-27,31.506741006881118,31.93808603261747,31.225431521953354,31.375463485717773,1200192.0
2021-07-28,31.525493957633856,31.900575637817383,31.525493957633856,31.900575637817383,1344343.0
2021-07-29,31.975590948732115,32.444441276878,31.938085641033982,32.31316375732422,1726102.0
2021-07-30,32.16313251038209,32.31316447564221,31.863068579861867,31.9755916595459,1235407.0
2021-08-02,32.01309436112676,32.14437185823986,31.638016308952714,31.881816864013672,1337389.0
2021-08-03,31.919329387465428,32.35067080639347,31.919329387465428,32.2381477355957,1415243.0
2021-08-04,32.29441591470969,32.51946569211079,32.163138368327736,32.27566146850586,1386042.0
2021-08-05,32.2381505947598,32.50070564225493,31.938086661324157,32.35067367553711,1316393.0
2021-08-06,32.36943369952501,32.83828412348619,32.25691059934689,32.27566146850586,1666414.0
2021-08-09,32.29440922900102,32.50070451749027,31.938085556030273,31.938085556030273,1018591.0
2021-08-10,31.919329823102785,33.400894936132964,31.919329823102785,32.98830795288086,3328321.0
2021-08-11,32.98830759876679,33.250862623741185,32.57572061994361,33.04457092285156,2009292.0
2021-08-12,33.250865170186245,34.60115643527837,33.250865170186245,34.46987533569336,3677458.0
2021-08-13,34.48862784991392,34.938723720760876,33.944763347365345,34.90121841430664,1992231.0
2021-08-16,34.619907062542744,34.788693469516524,33.907256126354476,34.019779205322266,2586638.0
2021-08-17,33.94476104763497,34.58239771572979,33.94476104763497,34.376102447509766,2232424.0
2021-08-18,34.41361534727582,34.69492483321739,33.9447650116918,34.019779205322266,1400829.0
2021-08-19,33.738469719380696,34.28233782563937,33.36339159713999,34.019779205322266,1436158.0
2021-08-20,33.79473605019763,34.376109516407034,33.68220938418716,33.982276916503906,2084297.0
2021-08-23,33.98226973577887,34.35734781208993,33.98226973577887,34.0760383605957,911997.0
2021-08-24,34.113546890387234,34.37610189880824,34.038529129670536,34.132301330566406,1354250.0
2021-08-25,34.11355117736278,34.11355117736278,33.3821422266353,33.56968307495117,1861403.0
2021-08-26,33.38213698730185,33.88849612516828,32.83827254729404,32.93204116821289,1669346.0
2021-08-27,32.93204549269917,32.98830881886488,32.500704056560906,32.72575378417969,1182166.0
2021-08-31,32.819518943026665,32.98830532661144,32.51945505599677,32.66948699951172,1237784.0
2021-09-01,32.8007675532469,33.400895383115255,32.78201311143301,33.08207702636719,1403814.0
2021-09-02,33.06331971029973,33.32587829582546,32.96955108642578,32.96955108642578,846726.0
2021-09-03,32.98830750890311,33.13833946234319,32.556966089893365,32.89453887939453,1154174.0
2021-09-06,32.83827452046224,32.9883064691736,32.74450231686526,32.85702896118164,650149.0
2021-09-07,32.87578734757161,32.93204709943814,32.219396151789546,32.35067367553711,967537.0
2021-09-08,32.256903149429064,32.313162898002176,31.694280624389652,31.69428062438965,1091297.0
2021-09-09,31.48798437267439,31.93808018150936,31.48798437267439,31.881816864013672,1412185.0
2021-09-10,31.938081265198253,31.975586567757784,31.375458802281596,31.412967681884766,931012.0
2021-09-13,31.450478640124214,31.54424726828589,31.056642532348633,31.056642532348633,1038128.0
2021-09-14,31.112907848984534,31.4129717707807,30.9253670036009,31.206676483154297,1608246.0
2021-09-15,31.112906892227578,31.45047968812855,30.92536605261104,31.094152450561523,1035044.0
2021-09-16,30.96287555400599,31.487989200005515,30.606548309326172,30.606548309326172,1701174.0
2021-09-17,30.944117678128755,31.131658500677666,30.47526741027832,30.47526741027832,1178250.0
2021-09-20,30.15644992014135,30.30648186692638,29.98766353287772,30.21271324157715,1162017.0
2021-09-21,30.381501818009383,30.419007124625296,30.006420135498047,30.006420135498047,862233.0
2021-09-22,30.13769714418486,30.88785691954176,30.10018826115602,30.869102478027344,1425709.0
2021-09-23,31.03788741222968,31.469232392650085,30.962873226750347,31.394214630126953,1726844.0
2021-09-24,30.719073070213344,30.719073070213344,29.74386528138413,30.15645408630371,3114772.0
2021-09-27,30.175205401120856,30.494023746163005,29.668846221869693,29.818878173828125,1430523.0
2021-09-28,29.912650153500703,30.21271586161425,29.70635665591205,30.100189208984375,1238316.0
2021-09-29,30.193960411278162,30.362746807542813,29.912649154663086,29.912649154663086,1079532.0
2021-09-30,29.950158337513972,29.987665432325024,29.312521629028133,29.556324005126953,2037191.0
2021-10-01,29.53756637362492,29.781368723394916,29.50005749434255,29.725107192993164,894178.0
2021-10-04,29.687598313710794,30.100185254686046,29.53756637362492,29.725107192993164,1406261.0
2021-10-05,29.743860395634787,29.968908309936523,29.350026098476285,29.968908309936523,1045176.0
2021-10-06,30.006416301522044,30.043925180389405,29.368779668951216,29.42504119873047,1604902.0
2021-10-07,29.462556111909215,29.912652019372263,29.462556111909215,29.800128936767578,762493.0
2021-10-08,29.80012673986589,29.8188793932361,29.481308381786036,29.50006103515625,1042934.0
2021-10-11,29.500058967799394,29.95015659906011,29.500058967799394,29.856386184692383,1167058.0
2021-10-12,29.631340543940528,30.13769795886374,29.500061238312856,29.650094985961914,1205608.0
2021-10-13,29.76261552834395,29.85638594194929,29.387535662444463,29.481306076049805,1189863.0
2021-10-14,29.350028948689502,29.70635618899529,29.275012969970703,29.275012969970703,1245721.0
2021-10-15,29.387537476168177,29.46255345397787,29.012457587119716,29.331275939941406,1187014.0
2021-10-18,29.331276937620476,29.57507932092521,29.275013610957963,29.518815994262695,755006.0
2021-10-19,29.612582845892646,30.662808232827228,29.593828405933387,30.47526741027832,2252250.0
2021-10-20,30.56903690583341,30.831595495715884,30.193958827070094,30.437759399414062,1646486.0
2021-10-21,30.47526715406731,31.694277124821276,30.47526715406731,31.412967681884766,3419387.0
2021-10-22,31.412968082581607,32.50070056564298,31.412968082581607,32.01309585571289,2132924.0
2021-10-25,31.99434298954271,32.40693353664945,31.71303352917966,32.29440689086914,1595496.0
2021-10-26,32.48195056211267,33.26961926619125,31.975591342981268,33.063323974609375,2170184.0
2021-10-27,33.06332196407364,33.19460305430719,32.425688839587615,32.6882438659668,1787654.0
2021-10-28,32.669492000491424,33.00706481933594,32.613228671669255,33.00706481933594,506621.0
2021-11-01,31.95683954513528,32.875785743577524,31.825558450748616,32.72575378417969,3150041.0
2021-11-02,32.9132834842985,33.00705567301766,32.14436942201766,32.36941909790039,1481761.0
2021-11-03,32.36942697343475,32.89454062689329,31.713035800872603,32.819522857666016,1805847.0
2021-11-04,32.875786664545465,33.79473288873067,32.725754700944705,33.7197151184082,2510053.0
2021-11-05,33.907254927216144,34.057286886215344,33.513422376234764,33.68220520019531,1419973.0
2021-11-08,34.75118525658285,35.33255862254119,34.15105387247952,35.220035552978516,4263497.0
2021-11-09,35.688884442285186,35.688884442285186,34.99498445707835,35.23878860473633,2467582.0
2021-11-10,35.2575390267718,36.8328762269978,35.22003372356163,36.101470947265625,5685638.0
2021-11-11,36.120231843547856,36.739114170181544,35.576363713786314,35.7639045715332,2832483.0
2021-11-12,36.27025532579118,37.50801968937715,36.0827145119356,36.68284225463867,5110993.0
2021-11-15,37.22671414389048,37.92061057744809,37.03917331045409,37.339237213134766,3997693.0
2021-11-16,37.45176165883256,39.195885392917674,37.45176165883256,38.63326644897461,6960286.0
2021-11-17,39.00834342512731,40.22735706351071,38.78329728487221,39.102115631103516,5198380.0
2021-11-18,39.19588555565696,40.07732643574987,38.72703524140976,39.5897216796875,4457222.0
2021-11-19,39.83352018333683,40.05856989629026,39.19588350318661,39.51470184326172,2150698.0
2021-11-22,39.75850999376207,40.60243845382447,39.47719693003041,39.81476974487305,3356173.0
2021-11-23,39.81476038687383,40.18984199899465,38.83955105699438,39.383419036865234,4363716.0
2021-11-24,39.495950217134315,41.14630535762288,39.495950217134315,40.94001007080078,4294867.0
2021-11-25,41.071287061299564,41.63390958802884,40.41489590197076,40.69620895385742,2289630.0
2021-11-26,40.35863547430199,41.93397279937265,40.33988103268877,41.258827209472656,3702808.0
2021-11-29,41.48387532622714,41.6339072762822,39.608474162017025,40.32112503051758,4303555.0
2021-11-30,40.52742047145751,40.86499325474356,39.608474326425416,39.96479797363281,3470378.0
2021-12-01,40.09607176316744,40.47115339358322,39.68348483134489,40.11482620239258,2818443.0
2021-12-02,40.15233705921285,40.28361456321357,39.43968621876163,40.03981399536133,2414578.0
2021-12-03,40.0773289665018,40.58368461931002,39.73975614660016,39.75851058959961,2788530.0
2021-12-06,39.8335202059606,40.35863381845428,39.64597937456688,40.17109298706055,3262635.0
2021-12-07,40.7899817021748,41.07129120540161,40.208608251900145,40.48991775512695,3827528.0
2021-12-08,40.752467395587146,40.77122183691437,39.79601235016242,40.20860290527344,3351835.0
2021-12-09,40.246108921555155,40.58368171731819,39.9272941444945,40.09607696533203,4077715.0
2021-12-10,40.11482975780043,41.24007117173527,39.946043366858014,40.32112503051758,8133737.0
2021-12-13,40.86499745034189,42.140267373513,40.54617907528805,42.02774429321289,10467273.0
2021-12-14,42.552858017967715,43.92190015736024,42.552858017967715,43.64059066772461,8132292.0
2021-12-15,44.071932123635534,44.48451913663151,42.75914973594359,43.64059066772461,6578239.0
2021-12-16,43.97815986560033,46.35991668701172,43.49055512108668,46.35991668701172,7425007.0
2021-12-17,46.50995096176048,48.713549642715954,41.72767906188965,42.196529388427734,7419086.0
2021-12-20,40.039817625886684,43.50931067311676,38.18317080729248,40.39614486694336,5821530.0
2021-12-21,42.47783740764204,42.47783740764204,36.36402893066406,36.36402893066406,5857750.0
2021-12-22,35.40757584437769,37.0954399176894,35.29505276517165,35.632625579833984,5563740.0
2021-12-23,36.27025879978084,36.64534046341759,33.28837066270464,35.576358795166016,3295722.0
2021-12-24,35.85766816412317,36.889137268066406,35.65137291251713,36.889137268066406,2833518.0
2021-12-27,36.90789700771956,37.30172955148196,36.270260299399865,36.36402893066406,2784771.0
2021-12-28,36.58907882424374,36.66409301419623,34.50738229166304,34.90121841430664,1726549.0
2021-12-29,35.01374045868047,35.68888603362994,34.20731737238947,35.52009963989258,1868953.0
2021-12-30,35.7826556251757,35.9326875817512,34.75118637084961,34.75118637084961,1214023.0
2021-12-31,34.88246236759504,35.576358795166016,34.41361207657103,35.576358795166016,1842799.0
2022-01-03,35.59511487708749,36.92665162504608,35.46383736187552,36.664093017578125,2503974.0
2022-01-04,37.03917299314987,40.32112503051758,36.73910909303976,40.32112503051758,5842711.0
2022-01-05,40.78997865501134,41.54013846659123,40.002309958591425,40.077327728271484,5645873.0
2022-01-06,39.96479736456361,40.54617429449325,39.25214650396586,40.22735595703125,3608043.0
2022-01-07,40.50866716931026,40.92125415101231,40.03981686313084,40.80873107910156,3937386.0
2022-01-10,41.03377589901813,41.07128478079286,40.32112503051758,40.32112503051758,2740042.0
2022-01-11,40.677453836779,41.07128637961317,39.946044921875,39.946044921875,4152413.0
2022-01-12,40.22735642365822,41.93397119779704,40.15233866007048,40.977516174316406,6259329.0
2022-01-13,40.82748069296421,41.10879012799974,39.98354881081408,40.26485824584961,2960857.0
2022-01-14,40.22735873746694,40.94000964732172,40.077326778705725,40.189849853515625,2703768.0
2022-01-17,40.377391113887555,41.18381066491809,40.32112778737859,40.94001007080078,3199537.0
2022-01-18,40.95876483830148,41.258828761311115,38.91457712714571,38.97084045410156,3765831.0
2022-01-19,38.76454599195255,39.92729640118339,38.652022912686405,39.81476974487305,2792011.0
2022-01-20,39.964794672455454,40.546171563222394,38.464475289606895,39.25214385986328,3331361.0
2022-01-21,39.252152375253125,39.66473940078251,38.65202449192153,38.98959732055664,2345509.0
2022-01-24,38.970842110767734,39.25215160341734,37.30173244389744,37.939369201660156,2439773.0
2022-01-25,38.29569365179117,38.63326644897461,37.508024984044475,38.63326644897461,2110650.0
2022-01-26,39.08335966947839,39.08335966947839,38.22067329327721,38.31444549560547,1870409.0
2022-01-27,38.126904953543864,38.83955581135722,37.695563550734626,38.76454162597656,1856390.0
2022-01-28,38.82080615702278,39.49594815465389,38.16441502353807,38.44572448730469,2103299.0
2022-01-31,38.652017222453615,38.80204916506929,38.27693557739258,38.27693557739258,1293927.0
2022-02-01,38.44572195996568,39.06460417038582,38.051889451990895,38.27693557739258,1807643.0
2022-02-02,38.426970727678714,38.53949379977236,37.658056510458195,37.88310623168945,1563668.0
2022-02-03,37.864354493429474,38.67077765126911,37.13294552999313,37.6955680847168,2310944.0
2022-02-04,37.65805678267609,37.77057985558313,36.851633676580335,37.02042007446289,1157379.0
2022-02-07,36.85163273609668,37.17045108206678,35.85767239287054,37.13294219970703,2153603.0
2022-02-08,37.189207950970456,37.48927187534895,36.476557024832566,37.15169906616211,1907599.0
2022-02-09,37.41425859587708,38.63326876554535,37.37674971015332,37.6955680847168,3293328.0
2022-02-10,37.75182301276719,38.31444549560547,37.733072149345304,38.31444549560547,1145312.0
2022-02-11,38.10815540545016,38.35195958758663,37.54553642321013,38.29569625854492,1803605.0
2022-02-14,37.80808555693067,38.40821333131946,37.05792583894468,38.070640563964844,2131819.0
2022-02-15,38.08939880429375,39.008344997641984,37.71432069640037,38.72703552246094,2029128.0
2022-02-16,38.97083951859876,39.19588566693166,38.0893986360035,38.426971435546875,1505404.0
2022-02-17,38.44572392834543,38.53949255588971,37.50802334472725,37.5455322265625,1182471.0
2022-02-18,37.714321301442496,38.01438522338867,37.508026013712964,38.01438522338867,1144892.0
2022-02-21,38.01438558070326,38.52074479513847,37.714321655936644,37.95812225341797,1588026.0
2022-02-22,37.11419315152626,37.470516820246715,36.75786590576172,36.75786590576172,2012814.0
2022-02-23,36.7578652263324,37.26422442247344,36.57032438586786,36.664093017578125,1561481.0
2022-02-24,33.28837430935828,34.61990756475138,33.00706481933594,33.00706481933594,1871377.0
2022-02-25,33.41965080673997,35.295052118696596,32.932046036385955,34.432369232177734,3168452.0
2022-02-28,32.81952063242595,34.48862653707814,32.81952063242595,33.75722122192383,3550288.0
2022-03-01,34.69492235996584,34.844954313575826,33.700958431647216,34.00102233886719,1815417.0
2022-03-02,34.132302527366335,35.988949245680594,33.75722086471859,35.426326751708984,3678522.0
2022-03-03,35.55760565548742,36.2702601270676,35.313805069132506,35.40757369995117,3703460.0
2022-03-04,35.72639405690575,36.101475755311064,35.33256149291992,35.33256149291992,1954201.0
2022-03-07,35.29505053548697,37.733074277896044,35.25754165243976,37.226715087890625,4175912.0
2022-03-08,37.226713717280454,39.68348823371583,37.15169595394803,39.51470184326172,3883073.0
2022-03-09,39.55221331976654,40.56492815188691,38.877067713656906,39.83352279663086,4406617.0
2022-03-10,40.302372928325525,40.50866821301372,39.38342673378256,40.189849853515625,3271286.0
2022-03-11,40.17109308046252,40.658697812402416,39.81476585769032,40.32112503051758,1579568.0
2022-03-14,40.4336464636751,41.50262451171875,40.4336464636751,41.50262451171875,2210328.0
2022-03-15,41.596400004422655,41.80269528512409,41.01502662258876,41.258827209472656,2024372.0
2022-03-16,41.29633382487795,41.54013439837334,40.75246577909346,40.88374328613281,1101738.0
2022-03-17,40.80873152115386,41.2588273907164,40.41489539963414,40.90250015258789,1433711.0
2022-03-18,41.12754721561194,41.746429443359375,40.63994249419824,41.746429443359375,2409143.0
2022-03-21,41.746431780039174,42.00898680740268,41.31509035592943,41.61515426635742,2048658.0
2022-03-22,41.540140382137935,41.76519012451172,41.37135396961867,41.76519012451172,1728745.0
2022-03-23,42.1965239830525,42.38406480505258,41.33384120971328,41.91521453857422,2644515.0
2022-03-24,41.84020417081879,42.2340403243019,41.29633962568265,41.465126037597656,1881357.0
2022-03-25,41.05252503694549,41.40885221368913,40.789970052525646,40.84623336791992,1813669.0
2022-03-28,40.921250685904376,42.23403286286125,40.602432361617346,41.91521453857422,2924505.0
2022-03-29,42.04649456642458,42.45908153797225,41.87770817419055,42.08400344848633,2073938.0
2022-03-30,42.10275790517372,42.890426543544095,42.10275790517372,42.740394592285156,2949976.0
2022-03-31,42.85291810700432,42.946686736124605,42.2340358544963,42.834163665771484,1452150.0
2022-04-01,42.90918069742651,45.17841815837689,42.496593694091956,45.065895080566406,4499188.0
2022-04-04,45.00962571520515,45.00962571520515,43.13422464373827,44.1844482421875,3320498.0
2022-04-05,44.3532326932719,44.50326462937385,43.05920500874032,43.453041076660156,2863479.0
2022-04-06,43.52805813583375,44.12818949698742,43.17173449967084,43.56556701660156,2023543.0
2022-04-07,43.49055655580048,43.97816131639977,43.227997944989134,43.4155387878418,2119414.0
2022-04-08,43.60308191050654,44.05317781066,42.3840717337937,43.13423156738281,4362862.0
2022-04-11,43.13422801992014,43.64058720734018,42.85291855259032,43.58432388305664,3402029.0
2022-04-12,43.60307824158129,45.00962915260004,43.35927765757071,44.747074127197266,6879160.0
2022-04-13,45.40346177908301,45.90982096652594,44.05317418961246,44.24071502685547,4602825.0
2022-04-14,44.5407779853414,44.93461051580968,44.33448271107105,44.35323715209961,2448565.0
2022-04-15,44.48451937024499,44.50327381325842,43.86563705897879,44.0906867980957,1345621.0
2022-04-18,44.10943760240551,44.85959737583881,43.865633440387214,44.3907470703125,1712381.0
2022-04-19,44.484515877321385,45.14090702307462,44.42825612974286,44.69081115722656,3139250.0
2022-04-20,44.80333535085546,45.06589396195498,44.63454894980722,44.878353118896484,2205921.0
2022-04-21,45.00962864947538,45.45972450672487,44.91586002060654,44.953365325927734,3377010.0
2022-04-22,44.87834578740237,45.028377721930575,43.09671343496686,43.35927200317383,2006946.0
2022-04-25,43.32176962794668,43.415538259710324,41.9714784374685,43.17173767089844,2501903.0
2022-04-26,43.24675258118625,43.94065262974396,41.765187427789535,41.952728271484375,3570652.0
2022-04-27,41.95272835509534,42.45908398392328,41.615155551180656,42.102760314941406,1649334.0
2022-04-28,42.55285487904099,43.41553772722673,42.102759013416616,42.27154541015625,1462759.0
2022-04-29,42.38406865802163,42.64662368646339,41.390104714994436,42.57160949707031,2476046.0
2022-05-05,42.77790173033073,43.00295145538435,42.21528278326272,42.81541061401367,2313744.0
2022-05-06,42.81541167637624,43.0029525224003,42.02774298471049,42.196529388427734,1970043.0
2022-05-09,42.29029929084894,42.90918159735254,42.065253130508125,42.68413543701172,1130339.0
2022-05-10,42.47784032094828,42.759149811078224,41.12755262209802,41.521385192871094,1667270.0
2022-05-11,41.315090084912406,41.52138178632595,39.25214803146938,39.85227584838867,3508315.0
2022-05-12,39.739750877585294,40.00230589067748,37.97687281686003,38.4644775390625,3347792.0
2022-05-13,38.67077739803532,39.75851003759171,38.65202295529625,39.15837860107422,3203302.0
2022-05-16,39.15837259743918,39.477190921034705,38.708276771841454,39.13962173461914,1566580.0
2022-05-17,39.28965609104321,40.88374422994233,39.27090165002696,40.77122116088867,3337252.0
2022-05-18,40.77122078588541,41.07128468529785,39.814765765116846,40.17109298706055,2520163.0
2022-05-20,40.17109810514817,40.17109810514817,39.02710210723253,39.19588851928711,1383379.0
2022-05-23,39.36466611576684,39.55220692905554,38.35195144727745,39.008338928222656,1641838.0
2022-05-24,39.12086864883673,39.158373952818636,38.38945977701115,38.4644775390625,2299921.0
2022-05-25,38.539488683522656,39.13962000145519,38.48322894346649,39.008338928222656,1330537.0
2022-05-26,39.120868611067394,40.752465586627565,38.98959110464804,40.58367919921875,3237455.0
2022-05-27,40.58368858304393,41.35260293589867,40.302379064665665,40.8650016784668,1885903.0
2022-05-30,41.25882591251823,41.59639869685677,40.97751645125075,41.4276123046875,3050618.0
2022-05-31,41.44636580398767,42.196525542670834,41.071284146124185,41.54013442993164,2554829.0
2022-06-01,41.783937821393806,43.28425727149761,41.44636505085952,43.11547088623047,4357705.0
2022-06-02,43.32177005408739,43.99691207892359,42.946688369255234,43.921897888183594,3120528.0
2022-06-03,43.9031457144453,44.46576469371657,43.37803204395968,43.64059066772461,2608569.0
2022-06-06,43.696845491644694,44.22195910291221,43.6030768646887,44.10943603515625,2034372.0
2022-06-07,44.24071607490178,44.27822495864775,43.227997676024984,43.62183380126953,2678345.0
2022-06-08,43.65933582124862,44.33447773731544,41.48387098460818,41.690162658691406,2523699.0
2022-06-09,41.63391200370485,42.0277445759266,39.946047902628074,41.821449279785156,3283542.0
2022-06-10,41.25882935533602,42.30905310099039,40.546178422188746,41.48387908935547,1893374.0
2022-06-13,41.427615761589564,41.765188574096655,40.471160651834204,41.48387908935547,1932844.0
2022-06-14,41.48387146819153,44.74706876119173,41.48387146819153,43.453041076660156,10065492.0
2022-06-15,43.509310641484674,44.35323906184448,42.852919485397706,43.4718017578125,5515062.0
2022-06-16,43.64058876712311,44.55953496766854,43.19049288789948,43.86563491821289,3760356.0
2022-06-17,44.034426547352744,45.065899522932675,43.64059394767196,43.846885681152344,2489715.0
2022-06-20,44.428261159173736,45.290944105446826,44.05317943998451,45.17842102050781,3240550.0
2022-06-21,45.36595777727051,45.4784808520331,44.80333524936944,45.38471221923828,2556945.0
2022-06-22,45.14090413940577,47.40076233357529,44.859594688351706,47.353878021240234,5940606.0
2022-06-23,47.30699806803141,47.775848388671875,45.94733142276526,47.775848388671875,3508982.0
2022-06-24,47.77584826047262,48.85420184882564,47.16634141445791,48.104042053222656,3402572.0
2022-06-27,47.63519287109375,47.63519287109375,47.63519287109375,47.63519287109375,13966.0
2022-06-28,46.88503153368221,47.96338868977451,46.05985397711707,46.69749069213867,2582834.0
2022-06-29,46.73500160569365,47.40076822389755,45.947332898635274,45.966087341308594,2955341.0
2022-06-30,45.66602329428406,46.64123284850423,45.0096321105957,45.0096321105957,2638016.0
2022-07-01,45.290939503921386,45.928576215533035,45.21592531393155,45.59100341796875,1443675.0
2022-07-04,45.83480573921558,46.772506327137904,45.49723295523652,45.515987396240234,1491294.0
2022-07-05,45.64726786115843,46.82876910452471,45.15966309462889,45.77854537963867,2223404.0
2022-07-06,45.94732476147796,47.11945039314832,45.94732476147796,46.67873001098633,1902738.0
2022-07-07,47.16634171491771,47.26011392561797,45.75979074781056,46.13487243652344,1939645.0
2022-07-08,46.15362764086681,47.26011470609436,46.05985542861795,46.82876968383789,748487.0
2022-07-13,46.82876924467691,47.3069985800509,45.49723603662753,46.73500061035156,1533844.0
2022-07-14,46.566213446855635,47.26011349148707,45.38471221923828,45.38471221923828,1369095.0
2022-07-18,45.75979256019623,46.67873879919053,45.68477836570906,46.20988845825195,1482246.0
2022-07-19,46.22864135081614,47.3538828467416,46.22864135081614,47.213226318359375,1949684.0
2022-07-20,47.447650890678524,48.47912373954618,47.26011362456082,48.104042053222656,1539700.0
2022-07-21,48.19781201630707,48.66666231383129,47.77584603312649,48.38534927368164,1398672.0
2022-07-22,48.760435186851126,50.82337739093444,48.526010017683575,50.776493072509766,4033758.0
2022-07-25,51.38598914939968,51.47976135012373,49.69812888384756,49.88566970825195,2010691.0
2022-07-26,50.07321862701518,51.19845660124936,49.97944641113281,49.97944641113281,1595394.0
2022-07-27,50.16698220508008,51.901726887896125,50.16698220508008,51.43287658691406,3386087.0
2022-07-28,51.948613768796946,52.18303891472645,50.21386554269226,51.57353210449219,2589047.0
2022-07-29,51.57353103782232,53.026966197115826,50.77648698896439,52.69877243041992,3839637.0
2022-08-01,52.74565604222346,54.52728852157828,52.65188741785477,54.245975494384766,2147040.0
2022-08-02,54.24597550841894,54.66794147227464,52.60499954223633,52.60499954223633,2045482.0
2022-08-03,52.88631696139816,53.49582022465538,52.46435096250068,53.02696990966797,1524319.0
2022-08-04,53.54270008048845,54.71482577031564,53.54270008048845,54.245975494384766,1561247.0
2022-08-05,54.24598211060521,55.51188015624261,53.542706610932484,54.38663864135742,2103875.0
2022-08-08,54.85548752398822,56.82465744018555,54.62106236362929,56.82465744018555,2348786.0
2022-08-09,56.73088227285381,57.621698495026365,56.16826338360992,56.35580062866211,1948833.0
2022-08-10,59.96595568997614,61.98200988769531,59.07513938073092,61.98200988769531,5984240.0
2022-08-11,62.59151381675523,65.31084693399359,62.12266352599302,63.48232650756836,9350227.0
2022-08-12,63.48232942096775,66.38920708036918,62.638404582135614,64.60757446289062,4529211.0
2022-08-15,64.3731535417053,64.88888462668831,62.6852894448245,64.70134735107422,3284123.0
2022-08-16,65.07641371242393,67.84262722299007,64.04494463157317,66.99869537353516,4421956.0
2022-08-17,67.13936048738346,69.95246224373267,66.9518232319286,69.81180572509766,3312362.0
2022-08-18,70.14001653440774,70.79640417505755,66.95183266391852,70.18689727783203,5124312.0
2022-08-19,70.18689179837206,70.93705517548297,68.78034083185523,69.57738494873047,1784289.0
2022-08-22,69.24919078411332,74.45343219406091,66.10789507315683,74.172119140625,3642734.0
2022-08-23,74.17212142563511,75.85998549007216,73.3281893934166,75.53179168701172,2692985.0
2022-08-24,75.53178731260272,76.32883140361409,74.17211712997114,74.45343017578125,1773454.0
2022-08-25,75.01604974402773,77.73538297806634,73.98458049086494,76.61013793945312,2230514.0
2022-08-26,76.89144570820193,77.92291489054324,76.0006330402907,76.65702056884766,1744617.0
2022-08-29,75.95374837735804,77.54783653105018,74.17211581176294,76.89144897460938,2632234.0
2022-08-31,76.89144908876625,78.57931302795966,74.7816227418184,76.5632553100586,1982387.0
2022-09-01,75.90686147766066,77.73538195864492,75.1098173904004,76.75079345703125,2365469.0
2022-09-02,80.64225206915063,82.28322812869729,79.79832009342333,80.3609390258789,3193335.0
2022-09-05,80.64224592232223,86.17468050362459,80.64224592232223,83.50223541259766,3407597.0
2022-09-06,84.6274729393221,87.20614940007707,81.48617759067442,86.12779235839844,2740074.0
2022-09-07,86.12780355422875,86.7373104095459,83.40847022949019,84.39305877685547,2547295.0
2022-09-08,85.47141121079345,90.11302632404455,84.72124786836862,88.23762512207031,3607360.0
2022-09-09,88.3313925277517,90.48810674178159,87.86254223375283,89.03466796875,1798382.0
2022-09-12,89.3159833821025,90.39434051779587,87.20615700299773,87.7687759399414,2235972.0
2022-09-13,88.94090195979209,90.0192590985612,84.48682403564453,84.48682403564453,3335097.0
2022-09-14,83.92420918454405,87.20616149902344,81.20487583601492,87.20616149902344,2761135.0
2022-09-15,88.05007600804227,89.69105183882122,85.19008669847848,85.84648132324219,2114426.0
2022-09-16,85.79961121082306,90.0192642211914,85.1901043451744,90.0192642211914,3220148.0
2022-09-19,90.01926243945525,90.95696308986624,85.70584087838233,87.34681701660156,1206702.0
2022-09-20,88.14385928389136,90.06614843841996,83.92420644583274,84.67436981201172,2683759.0
2022-09-21,86.40910656823377,93.11366688925773,85.98713703094316,91.8946533203125,5290079.0
2022-09-22,91.70712507460095,93.77006361243939,90.62876791224028,90.76942443847656,2569752.0
2022-09-23,91.14449603273407,98.92741392341514,91.05072740296072,96.30184936523438,3276225.0
2022-09-26,96.48939836011884,101.55298330326131,92.5510513358577,94.42645263671875,3796245.0
2022-09-27,95.64546928655632,99.95889098042646,93.8638365651067,97.61463928222656,2738535.0
2022-09-28,97.52086439185163,100.99035382108039,94.23891222481816,96.48939514160156,3770602.0
2022-09-29,96.58316873764566,97.52086940500145,88.19075062644674,92.64482879638672,2840009.0
2022-09-30,92.73859464128957,97.9897167896291,91.00384988970706,94.89530181884766,2863987.0
2022-10-03,96.58315992024629,103.99099594688855,95.2703776749788,103.80345153808594,2053824.0
2022-10-04,103.80345162065774,107.46048532320917,100.05264929067425,106.42901611328125,2438428.0
2022-10-05,108.77327581828243,109.14835751054244,99.86511960902655,101.83428955078125,4688185.0
2022-10-06,102.58444440095603,104.83492721320255,98.08347877646297,102.95952606201172,3279454.0
2022-10-07,103.70967966048215,104.2722985610822,101.6467413069195,101.92804718017578,1326014.0
2022-10-10,102.11560055408054,103.70968877150452,101.4592058173092,103.42838287353516,1579634.0
2022-10-11,104.08475587078344,104.55360612245363,100.33395385742188,100.33395385742188,1788556.0
2022-10-12,100.70904973268341,102.02183205384192,98.17725372314453,98.17725372314453,2030247.0
2022-10-13,101.0841333203495,101.83428955078125,98.92741895542066,101.83428955078125,1647522.0
2022-10-14,102.86575022962454,104.55361412648536,101.45919936693639,101.64674377441406,1748767.0
2022-10-17,102.11559059362571,111.58636464990064,102.11559059362571,110.2735824584961,3676186.0
2022-10-18,111.11751324875003,114.68077813861491,106.4290105800264,107.46047973632812,3168862.0
2022-10-19,108.77327141405327,114.3994751078836,108.58573415256078,111.77391052246094,3962553.0
2022-10-20,112.992925579265,114.49324515198951,109.8985106478242,110.64867401123047,2278164.0
2022-10-21,111.11753026486178,117.3063533044921,111.11753026486178,115.71226501464844,3446465.0
2022-10-24,116.64994807200587,123.40139622150456,113.64930206531068,121.90106964111328,3676836.0
2022-10-25,121.90109116767395,122.276165724919,117.5876693725586,117.5876693725586,3338334.0
2022-10-26,119.18173791521738,120.21320708456227,115.71224875812435,117.49388122558594,2694248.0
2022-10-27,118.33782123746754,120.6820729034561,114.02439960286624,115.52471923828125,2274048.0
2022-10-28,114.8683323579676,115.43095133053589,111.21129830514116,111.58638000488281,1360274.0
2022-10-31,112.52406853289644,115.05585721325156,111.39883070920251,113.4617691040039,2312799.0
2022-11-01,114.8683154566453,118.15026732683518,112.24275109885848,114.02438354492188,2352311.0
2022-11-02,114.5870134559391,118.33781595405937,114.11816314367407,116.55619049072266,2746191.0
2022-11-03,116.27487857560533,124.99549733041096,113.46177667458262,123.49517059326172,5390079.0
2022-11-04,124.43287848333402,129.49647078536785,123.40141631104757,128.74630737304688,4456727.0
2022-11-07,130.34038859123945,131.46562649442066,127.24597362635895,129.59022521972656,2884977.0
2022-11-08,130.1528581127818,133.52857199836643,128.46499401590097,129.40269470214844,2463006.0
2022-11-09,129.40268718351552,132.12201329236242,123.58894612821021,124.15155792236328,3481521.0
2022-11-10,124.71416785715766,131.18429565429688,124.62039208286753,131.18429565429688,2940243.0
2022-11-11,132.49710010566793,137.9357665484453,130.43416160893884,134.4662628173828,3403479.0
2022-11-14,133.6223299137362,136.24789434560603,131.46561576226543,132.9659423828125,2630708.0
2022-11-15,133.9036608577716,134.18497392528124,127.15221877842534,129.40269470214844,3550398.0
2022-11-16,130.62168290170533,130.71544436708086,122.55745285435378,123.7764663696289,4112240.0
2022-11-17,124.15154309793465,124.43285611550883,117.02502773237742,118.90042877197266,2558684.0
2022-11-18,118.90044697332648,125.55811309814453,117.49389597831436,125.55811309814453,3663651.0
2022-11-21,126.4958013401946,129.49645461477843,117.21257140795468,119.3692855834961,6697506.0
2022-11-22,119.36929072803535,121.99485530236431,117.86896402608285,120.96337890625,4473207.0
2022-11-23,121.15091758840774,122.27615547398655,115.33717658943715,115.89979553222656,6388378.0
2022-11-24,116.83750064902027,117.68143267270995,114.77456206141287,116.64996337890625,5555058.0
2022-11-25,116.6499611426923,118.15028073710779,116.18111082230696,116.2748794555664,3325901.0
2022-11-28,116.27487278735545,119.55682484183725,113.93062131986844,119.08797454833984,5629881.0
2022-11-29,120.02568074017204,123.2138571615624,119.74436768930204,121.99485778808594,5853456.0
2022-11-30,123.40141103276076,125.93319992139618,121.33845816007316,125.83942413330078,5469770.0
2022-12-01,127.52728501237151,128.65252290084547,123.21385641368265,123.96401977539062,4380826.0
2022-12-02,123.68270848257154,123.68270848257154,117.49389285399315,118.24404907226562,5548316.0
2022-12-05,118.33780683996068,124.90171070613476,114.30569875747764,124.24532318115234,6446404.0
2022-12-06,124.24532814089575,127.80859324355276,122.36992696141053,126.49580383300781,3740272.0
2022-12-07,126.589593107993,126.6833689002327,116.36865415956697,118.71290588378906,5255775.0
2022-12-08,118.71289600740916,121.24469195138806,116.36864447821826,120.96337890625,2805044.0
2022-12-09,121.80731267670157,123.58895255460192,120.2132243814474,122.46371459960938,1928581.0
2022-12-12,122.83877464995963,126.40203967701335,122.4637001452909,125.93318939208984,2839467.0
2022-12-13,128.46497865874193,138.31083468733163,126.40204025724388,135.96658325195312,9091961.0
2022-12-14,135.4977381415127,136.8105132722086,128.74629661132164,129.4964599609375,4046842.0
2022-12-15,130.34038884943183,131.9344770744443,125.74566144060006,128.933837890625,3873294.0
2022-12-16,129.4026871269878,132.4033262856885,126.58958523292283,126.7771224975586,1264436.0
2022-12-19,129.12137043594052,131.8407107751159,127.6210580529729,131.4656219482422,2603765.0
2022-12-20,133.15346830013522,136.90427022408267,130.90299286903627,132.40330505371094,3679633.0
2022-12-21,133.9974064253893,142.4367115992027,132.77840712460093,138.59214782714844,4149960.0
2022-12-22,138.59217637789607,142.53051674202698,135.122686397785,136.90431213378906,3319590.0
2022-12-23,137.37313390085137,138.12329722064808,134.93510668855595,136.6229705810547,1810758.0
2022-12-26,136.99806230362807,137.74821133117584,132.77840963688192,133.7161102294922,2314755.0
2022-12-27,135.3101997063626,137.46691395221723,134.5600363632598,135.40396118164062,2359998.0
2022-12-28,135.87280292357494,137.46690529281756,131.84070203621943,135.21641540527344,2755277.0
2022-12-29,135.31020462112136,137.4669189453125,133.52856482801727,137.4669189453125,2003532.0
2022-12-30,137.93576451316605,141.68656692757517,136.2479005650468,137.37313842773438,3018940.0
2023-01-02,139.15476587416305,141.4052559404287,138.02952799511817,139.71739196777344,2044372.0
2023-01-03,139.90492515544477,140.7488642712842,136.99806191157697,137.65444946289062,3046402.0
2023-01-04,137.84200096410274,138.31085130751805,130.99678308860373,131.3718719482422,4296689.0
2023-01-05,130.7154499289827,132.68462679192072,124.24532190762893,128.6525115966797,2222337.0
2023-01-06,124.33910944094133,128.4649864956328,120.77584418015716,126.7771224975586,3172712.0
2023-01-09,126.87089538574219,132.12201021646862,123.68270472706017,126.87089538574219,3453394.0
2023-01-10,127.43349388575298,127.99611991634731,121.71352934619077,122.65122985839844,2172833.0
2023-01-11,122.65124078970145,124.90171649630399,117.4001117300614,118.61912536621094,2862492.0
2023-01-12,120.02566653409491,122.08860481601478,114.02438177657272,118.90042877197266,2694625.0
2023-01-13,118.90044264854623,123.21385695811841,117.49389170469476,120.02568054199219,2169669.0
2023-01-16,120.11944892026035,125.27680206298827,120.02567313984976,125.27680206298828,1423819.0
2023-01-17,125.27680916427123,129.68399923806044,124.71418306626578,129.21514892578125,2045826.0
2023-01-18,130.3404067575115,137.1856252258366,129.3089301893966,136.90431213378906,3716536.0
2023-01-19,136.9042834049197,138.1232970092013,134.372494724135,137.27935791015625,2252312.0
2023-01-20,137.84197326000822,138.96721099641428,136.62295975049577,138.02951049804688,1650473.0
2023-01-23,139.71738575818043,144.59342588944833,138.12329764136646,141.21771240234375,3655959.0
2023-01-24,141.40524965582034,141.59278690929693,135.68527042164487,141.21771240234375,2698242.0
2023-01-25,143.46817830825415,145.24980355743986,131.09053441388278,137.74819946289062,3952752.0
2023-01-26,137.56067339272545,138.96722427467188,133.1534834909284,135.68527221679688,2127347.0
2023-01-27,134.09119081121517,135.40396597700556,129.59022490137133,132.87217712402344,2113920.0
2023-01-30,132.8721799502648,133.24726879716619,129.6840034465738,130.6217041015625,958283.0
2023-01-31,129.40268618905773,129.68399923806044,125.37057064182144,129.21514892578125,2295218.0
2023-02-01,129.2151478389326,129.30890931569417,120.40075345731735,121.80730438232422,1371847.0
2023-02-02,121.90108180046082,123.77648305892944,109.71097362041473,120.02568054199219,2703578.0
2023-02-03,120.96338511984644,127.71482700908628,119.36929685974734,126.68336486816406,2104614.0
2023-02-06,122.83878771006631,131.0905564636756,122.36993737529507,130.34039306640625,765759.0
2023-02-07,131.27809192194695,131.55940498055787,117.30635070800781,117.30635070800781,2091254.0
2023-02-08,111.86768341064453,111.86768341064453,111.86768341064453,111.86768341064453,33.0
2023-02-15,124.90171208867301,129.02760314941406,121.90107314970003,129.02760314941406,1772527.0
2023-02-16,133.99741290920977,139.71739241595202,122.36993094148818,123.1200942993164,3114852.0
2023-02-17,123.12009029483971,130.3403819742227,117.11880508966946,126.49580383300781,2090009.0
2023-02-20,126.49580114909293,128.46497806904176,122.4637001452909,125.93318939208984,1023629.0
2023-02-21,125.93317724278116,129.96529216576312,124.80793952915623,129.12135314941406,1738345.0
2023-02-22,129.027615849717,132.12201656463853,127.43351328969499,130.6217041015625,1482222.0
2023-02-23,130.62169535818578,134.37249772707452,129.7777562402805,131.09054565429688,1447409.0
2023-02-24,131.6531442436898,132.9659335262705,129.3088929978394,130.15283203125,895497.0
2023-02-27,131.93447227016665,134.27872378281415,127.62105807180068,134.0911865234375,1570501.0
2023-02-28,135.02888089766418,137.84198258303218,134.09118033587484,135.5915069580078,1847357.0
2023-03-01,134.93508726921425,135.3101760292189,131.18428551820708,134.5600128173828,2462376.0
2023-03-02,135.6852660554823,137.8419801715013,132.68462717188729,137.1855926513672,1885085.0
2023-03-03,136.43542935805914,138.77968072159968,130.24660003504218,133.9036407470703,1480504.0
2023-03-06,135.31019571168218,135.96658325195312,132.68463124242322,135.96658325195312,1378988.0
2023-03-07,137.279347081201,141.12392484339364,136.52919812990163,138.68589782714844,1570523.0
2023-03-08,138.6859237283921,140.5613250732422,136.15413477447987,140.5613250732422,962668.0
2023-03-09,142.624278109922,146.18752922136397,140.65510097302888,142.53050231933594,1901983.0
2023-03-10,142.8118157500952,153.68913500173628,141.3114889459214,152.75143432617188,3238901.0
2023-03-13,154.72060057494016,162.2222054513009,154.72060057494016,156.1271514892578,3687184.0
2023-03-14,155.65828992940556,156.9710649645764,150.40716117237255,152.28256225585938,2821659.0
2023-03-15,151.06356737210976,154.90813111967046,146.93767628407062,150.40716552734375,2612586.0
2023-03-16,151.4386423306181,163.25367525739154,150.9697920447648,160.909423828125,4130386.0
2023-03-17,163.25367063460376,169.1611726225349,160.72186771614776,166.72315979003906,5725395.0
2023-03-20,166.44187137445647,168.22349695040523,158.19010249538326,158.3776397705078,2563572.0
2023-03-21,158.19007633779154,166.44184385239,153.6891109381765,156.50221252441406,3576873.0
2023-03-22,158.94025331789308,160.44058001643555,155.65830118448525,156.1271514892578,1535038.0
2023-03-23,157.7212416704816,161.94089446711965,157.15862988250208,158.47140502929688,2028116.0
2023-03-24,159.4091098818961,162.59728635626345,155.9396203519842,159.87796020507812,2034121.0
2023-03-27,161.37828318085036,162.3159838052407,157.15863037109375,157.15863037109375,934367.0
2023-03-28,155.6582968971946,161.00318736275236,154.72059631347656,154.72059631347656,2062573.0
2023-03-29,152.93898373921627,157.34617399024154,150.78226935436405,155.65830993652344,1930602.0
2023-03-30,155.75207451845637,162.03466564193712,155.75207451845637,157.7212371826172,1905128.0
2023-03-31,157.6274759344701,161.7533528342176,155.7520747421893,157.06484985351562,1781121.0
2023-04-03,158.4714140959745,158.94026443353656,150.59473414820272,157.34617614746094,2250939.0
2023-04-04,157.43992639306987,164.0976064345416,156.59600156896255,159.4091033935547,2641311.0
2023-04-05,159.4091073172433,166.8169365810683,159.22157005262295,164.0976104736328,2247504.0
2023-04-06,164.00383493925685,167.56710020522374,0.9377006327188526,163.44122314453125,1348042.0
2023-04-07,163.4412011636333,165.7854524301565,161.37826291072773,163.6287384033203,964786.0
2023-04-10,167.84840587721038,167.84840587721038,163.44121595882933,164.9415283203125,960494.0
2023-04-11,164.94153127990015,166.2543207164511,160.90943011067253,164.6602325439453,1690403.0
2023-04-12,164.94153452897544,170.28643954821555,164.94153452897544,168.6923370361328,2353459.0
2023-04-13,169.63004241820892,173.4746208190918,167.84841690063476,168.78611755371094,2999958.0
2023-04-14,169.63003319036008,174.4123119841639,169.06742141402626,173.19329833984375,2134581.0
2023-04-17,173.1932833476704,173.94344662602126,168.4110192760106,168.5985565185547,1310127.0
2023-04-18,168.59856050098082,171.8805124016355,166.53562216791855,171.31788635253906,1479076.0
2023-04-19,170.3801858094949,173.56837624075,169.53626104402503,171.31788635253906,1283958.0
2023-04-20,171.31790406589636,173.8496929322542,170.1926661595347,172.34938049316406,477642.0
2023-04-24,173.005768079527,175.8188699995193,170.9428295331679,172.34938049316406,1206092.0
2023-04-25,172.34937215092123,173.94346030012284,167.66086917787212,168.8798828125,1697071.0
2023-04-26,168.7861046424279,169.63002944236987,162.22220057300012,164.5664520263672,1937625.0
2023-04-27,161.56581281627177,166.9107032613194,161.56581281627177,165.22283935546875,1430084.0
2023-04-28,164.19137498790315,165.41037427833632,159.50287215339048,163.53497314453125,1356293.0
2023-05-02,163.62874494280135,164.94151998125017,159.50286827209806,160.81564331054688,1345677.0
2023-05-03,161.28449758761124,164.09759928972076,156.22092024708422,160.25302124023438,1610784.0
2023-05-04,165.0353109042364,166.06678732065834,159.6904201740867,162.12843322753906,1398178.0
2023-05-05,162.1284183489957,164.47266970920776,160.06548001364405,160.81564331054688,1473779.0
2023-05-08,161.37828797125138,167.28579063372987,159.69042393561048,166.8169403076172,1239507.0
2023-05-09,167.0045002037583,172.81824167552557,165.6917106403417,171.59922790527344,1575580.0
2023-05-10,171.88053491429878,173.19331012323613,165.78548058619015,167.84841918945312,1489299.0
2023-05-11,167.84841735947637,183.2267023886941,167.66088008998375,181.6326141357422,2617459.0
2023-05-12,181.44506217754392,186.60241536605292,177.03787231445312,177.03787231445312,1465701.0
2023-05-15,165.97300740726175,174.03723834918995,159.50287894346928,160.06549072265625,1641288.0
2023-05-16,157.06485622371352,164.37892403188587,155.65830527245637,162.7848358154297,2236635.0
2023-05-17,163.0661206423661,168.03593644096412,163.0661206423661,167.75462341308594,949617.0
2023-05-18,168.69232195896518,169.44248525498472,160.5343300966677,161.47203063964844,1405302.0
2023-05-22,161.47205757412164,162.22222099527278,155.189465749813,156.78355407714844,1397707.0
2023-05-23,157.53370489757947,159.9717322442648,155.65830364879878,157.15863037109375,908249.0
2023-05-24,157.6274894951702,158.3776385900774,152.56389725548564,156.68978881835938,1003747.0
2023-05-25,156.40845137056866,158.37761389998502,151.90748596191406,151.90748596191406,771976.0
2023-05-26,153.407824985043,158.3776267541955,151.4386479876301,157.43992614746094,1385072.0
2023-05-29,158.00255661312667,165.12908714506042,156.40846839913985,163.44122314453125,1752555.0
2023-05-30,165.92286688699355,168.4930976752595,164.20937485300715,165.82766723632812,1821628.0
2023-05-31,165.8276735484357,166.58922720646513,162.2103045668669,164.20938110351562,1815438.0
2023-06-01,164.68535020648588,170.68256528672094,163.92379654900037,168.20751953125,1965363.0
2023-06-02,169.82582632799046,172.68164189085192,167.5411796878729,168.58831787109375,1585797.0
2023-06-05,170.4921776066752,173.06240844726562,169.15945509736443,173.06240844726562,2516771.0
2023-06-06,174.0143515467742,174.20473633166856,170.68256697212482,171.7296905517578,1381893.0
2023-06-07,173.44317170415746,177.4413100359481,172.68161808728613,174.77589416503906,2296500.0
2023-06-08,175.15668424705373,177.25094604492188,172.49125353820847,177.25094604492188,1770524.0
2023-06-09,179.05963198494317,182.8673858642578,176.39420136433722,182.8673858642578,1968956.0
2023-06-12,184.0097046597279,186.29435112173022,180.67792009614152,183.9145050048828,1929664.0
2023-06-13,183.72413257992704,188.95979438919957,181.05870184466613,184.77127075195312,2645000.0
2023-06-14,186.1039770758857,188.10305373955777,180.67793052146993,185.15203857421875,1881560.0
2023-06-15,185.1520372707041,189.43576049804688,183.62892986858853,189.43576049804688,1285692.0
2023-06-16,190.00693716990355,197.62244544083467,187.05592190474601,191.43484497070312,3325899.0
2023-06-19,191.53001666967336,194.76661617297296,188.5790161370091,190.9588623046875,2235367.0
2023-06-20,190.86366824049446,191.14925269406973,185.05683761103612,189.43576049804688,1703308.0
2023-06-21,189.5309577369467,190.95886546115645,186.10397338867188,186.10397338867188,1611873.0
2023-06-22,187.0559033428582,196.57528773689677,186.38954934036107,196.38490295410156,1567784.0
2023-06-23,196.95606014553786,202.38212094880706,193.52909042947255,195.5281524658203,1749929.0
2023-06-26,196.2897065802762,204.85715267808538,196.00412213859693,203.4292449951172,1654138.0
2023-06-27,205.04755742731538,205.52352670131143,202.28694144831024,202.38214111328125,527876.0
2023-07-03,204.6667709431014,217.51794028138917,203.33406289596883,210.6639862060547,2160523.0
2023-07-04,210.85437255859375,215.138095703125,209.42646484374998,214.1861572265625,1329206.0
2023-07-05,220.849737508461,225.13346086530615,214.09096817971144,223.13438415527344,2130418.0
2023-07-06,225.1334588435227,228.27485884875068,222.18244363624785,223.80075073242188,1578692.0
2023-07-07,223.80074669009244,233.22493201012603,223.7055470301209,228.75082397460938,1349162.0
2023-07-10,233.22491891922488,239.12693437046255,232.2729804746566,236.0807342529297,1455635.0
2023-07-11,237.98463164491628,240.36447796136545,229.7979545061595,230.94029235839844,2029101.0
2023-07-12,231.03546237405516,234.17686221124282,228.0844618500647,230.7498779296875,1623928.0
2023-07-13,230.65469517500796,235.89035678245563,229.89314149065714,234.17686462402344,1625583.0
2023-07-14,234.1768738670271,234.65284312285436,230.36911982040877,231.79702758789062,1096097.0
2023-07-17,234.65283901266386,246.64726985958814,234.65283901266386,244.83859252929688,1917703.0
2023-07-18,244.93375990917403,249.59828171377194,238.365390190571,241.60198974609375,2028102.0
2023-07-19,241.60197350357882,249.8838348388672,235.03358970112922,249.8838348388672,2371943.0
2023-07-20,252.26370239257812,256.2618557112186,246.6472710551413,252.26370239257812,1588775.0
2023-07-21,252.73965503500517,267.58990046305235,250.0742390316261,264.6388854980469,2083904.0
2023-07-24,264.73406982421875,275.5861615680219,261.4022854874724,264.73406982421875,1814658.0
2023-07-25,265.11486812440256,268.82742240645797,252.26369857438664,253.40603637695312,1473682.0
2023-07-26,254.16757256930197,260.92634154517384,253.12043443768405,258.0705261230469,1585051.0
2023-07-27,261.8782826212935,265.49563723825446,258.92726751226905,261.2119140625,1058777.0
2023-07-28,262.2590538144736,274.34868424949457,262.2590538144736,272.7303771972656,1655956.0
2023-07-31,277.49002370026153,283.7728224998719,275.6813466801387,280.8218078613281,1705609.0
2023-08-01,280.8218499052574,287.770989146977,276.06215753398186,281.8689880371094,1411739.0
2023-08-02,284.2488652868972,289.7700974206223,282.4401877983225,285.5815734863281,1635722.0
2023-08-03,295.1009296266983,307.2857305844901,293.19705266136475,296.90960693359375,4301735.0
2023-08-04,297.29039171640164,300.05103669796756,292.43552844726645,297.00482177734375,1842314.0
2023-08-07,298.90871512171736,320.51773258047854,297.67120658391417,316.0436096191406,2602281.0
2023-08-08,316.0435674135685,321.2792289219258,310.2367370214009,315.18682861328125,2089238.0
2023-08-09,316.61471385317475,327.46680567286035,310.3319146783502,316.9954833984375,2924847.0
2023-08-10,319.8513314068814,332.03613241156256,304.3347457000452,304.5251159667969,3851708.0
2023-08-11,304.62028280336256,325.56292724609375,304.62028280336256,325.56292724609375,2711700.0
2023-08-14,329.3706837222478,340.1275759344535,327.56200658712305,336.8909912109375,2925665.0
2023-08-15,337.9381974164177,339.270905624226,317.47151785457834,323.65911865234375,2733291.0
2023-08-16,328.89475635641253,336.70066378608306,321.6600178449132,329.94189453125,1961693.0
2023-08-17,329.9418666083509,333.93999059547275,325.5629440074365,333.2736511230469,1270019.0
2023-08-18,336.0342757950968,338.03335236778844,314.1396912532066,318.8993835449219,1761982.0
2023-08-21,318.4234315343037,334.8919561338214,311.2838927106646,334.03521728515625,2557915.0
2023-08-22,334.2255779142014,336.7957941626431,322.8975167689808,332.22650146484375,1901652.0
2023-08-23,332.7024925832498,333.2736614708172,324.9917852282307,326.514892578125,1232622.0
2023-08-24,326.61008792828625,329.1803043121676,301.5740892686662,303.6683654785156,3073126.0
2023-08-25,304.2395361578486,325.5629517487661,302.90682813045174,322.9927062988281,3029376.0
2023-08-28,324.1350593029206,328.79955214351065,319.94653571240826,323.0879211425781,1931401.0
2023-08-29,323.18312628029366,327.8476191999407,316.99552592441177,321.7552185058594,1674578.0
2023-08-31,322.040770905269,330.2274475097656,318.613815673911,330.2274475097656,1914177.0
2023-09-01,330.32268758089583,339.6516740536146,326.3245339206678,335.3679504394531,1864901.0
2023-09-04,342.6978510408107,360.4039124880906,342.03148248788864,353.073974609375,2318685.0
2023-09-05,353.07395914492974,360.4038967025981,348.9806355015703,353.35955810546875,1601105.0
2023-09-06,356.02499966736605,358.9760148330692,342.7930603027344,342.7930603027344,1686047.0
2023-09-07,347.7431227724018,361.3558607663334,347.7431227724018,354.6922912597656,2219515.0
2023-09-08,356.97697460808666,360.78472900390625,352.40768095344737,360.78472900390625,1279587.0
2023-09-11,365.0683579369656,372.30309522124554,352.9787292480469,352.9787292480469,1857930.0
2023-09-12,357.9289134417393,372.3983917756858,357.54814381207984,368.4002380371094,2539684.0
2023-09-13,370.97041154146575,381.0609354887826,365.1635814061245,371.2559814453125,2456129.0
2023-09-14,371.2560239381428,376.0157165527344,353.5499616016905,376.0157165527344,2329045.0
2023-09-15,376.01570527092355,387.43896720320475,363.0693359375,363.0693359375,2935864.0
2023-09-18,363.0693315417263,363.0693315417263,347.0767766505015,348.5998840332031,1438432.0
2023-09-19,348.8854569774447,360.8798877751081,348.12391780493095,355.64422607421875,1748175.0
2023-09-20,357.92884018841914,363.16450141457955,353.0739485139904,356.02496337890625,1149713.0
2023-09-21,356.02498917442585,362.5933588329806,350.88452722646383,361.07025146484375,1731045.0
2023-09-22,361.73662094615224,364.306866452165,353.64514389867253,357.1673278808594,1305138.0
2023-09-25,358.4048130147898,361.0702289547172,352.31241297291655,355.0730285644531,2063944.0
2023-09-26,357.9288635253906,359.26157156877133,351.9316628047493,357.9288635253906,1601386.0
2023-09-27,358.5000623174482,360.3087397450986,348.7902775256383,350.3133850097656,1473551.0
2023-09-28,351.1701154512777,352.88362222381113,344.7921447753906,344.7921447753906,1172498.0
2023-09-29,348.21908907378986,351.0749045524186,343.6497959283268,347.64794921875,1404324.0
2023-10-02,350.5989375577169,364.59244511321464,350.12296830822186,362.6885681152344,1802210.0
2023-10-03,368.8761336641162,370.87521013414425,362.0221654956926,363.6404724121094,1558448.0
2023-10-04,365.54436049665196,378.87149863975907,363.35491370776947,372.8742980957031,2012262.0
2023-10-05,376.01568793148425,396.9583338415922,369.6376886930635,395.34002685546875,3680690.0
2023-10-06,393.91215168118373,405.5258133553662,386.29664344915807,398.86224365234375,2572146.0
2023-10-09,395.05447028442535,404.9546246934299,383.53600883463577,384.107177734375,2486279.0
2023-10-10,390.29480114981385,395.6256627805684,384.9639395190593,386.20147705078125,2559398.0
2023-10-11,390.19957297259833,390.19957297259833,365.7347717285156,365.7347717285156,2228468.0
2023-10-12,370.4945184076381,373.1599348936772,346.41045415872867,359.64239501953125,3341339.0
2023-10-13,359.6423719698717,359.92797096491086,351.83649330340523,357.7384948730469,1716109.0
2023-10-16,359.4519788976079,361.92702477670764,346.8863792350135,348.0287170410156,1566709.0
2023-10-17,348.40948015897084,353.8355410604778,345.93443432581233,353.4547424316406,1236824.0
2023-10-18,353.1691875286256,360.1183270375519,346.8863875467858,353.7403564453125,1348258.0
2023-10-19,353.74032140843553,356.024967798038,346.12481407585716,350.9797058105469,1302033.0
2023-10-20,347.45756958886017,350.40858489417025,330.1322764164145,330.79864501953125,1355956.0
2023-10-23,335.36789890993185,345.4584521274856,331.46497456851546,344.98248291015625,1120472.0
2023-10-24,345.36331572335706,355.8346404223116,341.1747916539474,352.0268859863281,1184358.0
2023-10-25,352.5979889203428,355.0730346503285,324.6110048679947,329.3706970214844,949174.0
2023-10-26,333.5592510559747,344.12577442098143,326.8956814267994,329.5611267089844,1871118.0
2023-10-27,330.7986169798761,337.74775616227623,318.9945858100461,334.1304016113281,1363203.0
2023-10-30,334.1304470340357,336.31989418343016,325.18223004614526,326.6101379394531,1207940.0
2023-10-31,330.32265121744075,337.9381590264884,318.5186199235883,321.4696350097656,2051630.0
2023-11-01,324.70619391807406,334.51114781374343,319.85130226987826,332.22650146484375,1818609.0
2023-11-02,342.69784168407006,349.1710115177601,339.8420263367028,343.8401794433594,2009985.0
2023-11-03,345.8392393382093,357.2625011370054,340.7939769974172,348.40948486328125,2235867.0
2023-11-06,354.3591065322689,356.50096815670844,349.3614294085768,350.7893371582031,785913.0
2023-11-07,353.88309789625265,358.8807744637182,346.02960614737816,351.02728271484375,1267632.0
2023-11-08,355.0730493863424,366.97228026390076,351.74126474062604,365.54437255859375,2083082.0
2023-11-09,362.2126256967385,364.3544874781253,347.9335471541601,350.0754089355469,1657127.0
2023-11-10,351.2652731699486,353.1691499892979,347.45751953125,347.45751953125,760061.0
2023-11-13,347.6955298098772,348.4094836698564,336.0342834302167,340.7939758300781,924095.0
2023-11-14,340.55601578724537,341.5079543359169,329.6087224775226,338.4141540527344,1372222.0
2023-11-15,340.79396716031164,341.50792100212794,333.4164441282099,335.08233642578125,896650.0
2023-11-16,335.7963167852881,347.4575637891713,335.7963167852881,341.9839172363281,1229651.0
2023-11-17,343.1738099647449,349.36140986702185,341.9838869066147,347.9335021972656,1309000.0
2023-11-20,351.26528915941594,352.21722761242245,344.1257507618668,345.315673828125,1171497.0
2023-11-21,347.2195996923761,350.5513847476833,345.07773787110716,346.5056457519531,1505640.0
2023-11-22,348.40947394642404,357.92885848047933,346.505597039613,351.2652893066406,1679655.0
2023-11-23,350.31339404524283,364.3544879641758,346.5056397621424,357.69091796875,2097212.0
2023-11-24,357.6908838063599,360.3087146259673,351.7412683072521,352.6932067871094,1302644.0
2023-11-27,357.69091796875,359.83277975299404,353.1692097575682,357.69091796875,1410266.0
2023-11-28,357.9288635253906,362.6885558595049,355.78700197503923,357.9288635253906,1498683.0
2023-11-29,359.8327693379373,361.4986617885759,346.267645097023,348.6474914550781,1309235.0
2023-11-30,347.4575464223474,350.5513464932313,341.0319616597423,342.4598693847656,1624638.0
2023-12-01,347.4575363505971,348.40947480635214,331.7505518306385,335.08233642578125,1908262.0
2023-12-04,337.93817917563194,338.4141484420765,326.5149167809627,330.0846862792969,1698214.0
2023-12-05,330.32264290155473,335.558304388467,330.32264290155473,333.41644287109375,1198247.0
2023-12-06,333.65446065998765,341.74593830794737,329.37073719930305,330.79864501953125,1893524.0
2023-12-07,330.79859386542466,333.6544090642629,322.46913286881323,332.22650146484375,1561017.0
2023-12-08,332.2265032599954,344.12573331945083,328.4187496409697,339.8420104980469,1943610.0
2023-12-11,339.84207173353735,340.7940103098218,322.9451620044889,326.2769470214844,2193382.0
2023-12-12,326.514901193786,330.08467052170636,320.3273010253906,320.3273010253906,1476481.0
2023-12-13,320.32728523732993,327.22883893115056,318.6613929664077,322.4691467285156,2104352.0
2023-12-14,324.6110313041753,338.8901089275261,323.42110816889607,330.3226623535156,2394089.0
2023-12-15,331.03661488604916,337.938169042552,328.89475325127245,334.60638427734375,1773453.0
2023-12-18,334.60638751405656,335.55832602761006,314.13970947265625,314.13970947265625,1525157.0
2023-12-19,314.13971913885746,319.13739648879385,310.09398033176615,315.567626953125,1554337.0
2023-12-20,315.0916491395653,320.80328024179306,312.4738182177109,315.80560302734375,1127265.0
2023-12-21,315.56758338243895,322.94510607086704,311.7598297367987,321.0412292480469,1469667.0
2023-12-22,321.27927594480263,327.70486146369865,318.6614448074746,322.7071838378906,1450344.0
2023-12-25,322.70712979202096,322.9451144010121,307.00014559860404,314.8536376953125,896710.0
2023-12-26,316.51951282429246,321.75517393867926,308.6660211527123,315.32958984375,1243894.0
2023-12-27,314.8536535811751,319.13737675915024,312.23582275019027,312.7117919921875,1109027.0
2023-12-28,313.18776123418473,317.4714844121599,312.23582275019027,312.7117919921875,1320975.0
2023-12-29,314.1396912532066,323.42109122205136,313.6637220240351,318.8993835449219,1620056.0
2024-01-02,323.65908446549673,326.0389306748018,319.3753612887475,324.61102294921875,1235959.0
2024-01-03,324.61101301326306,324.61101301326306,313.90170539918915,317.2334899902344,1064065.0
2024-01-04,317.23352689985796,328.18082040127837,316.7575576171875,327.2288818359375,1515457.0
2024-01-05,325.8009399679625,330.3226476811775,322.23117072068754,328.1807861328125,1284965.0
2024-01-08,331.5125816630577,342.2218897569827,331.5125816630577,337.2242126464844,1710496.0
2024-01-09,340.3179916360006,340.3179916360006,330.79860725457405,332.7024841308594,1323268.0
2024-01-10,334.13039000251666,347.45752806529515,331.98852852814156,347.21954345703125,1782991.0
2024-01-11,347.9335228239339,354.8350769702363,342.93584568350803,352.4552307128906,1664096.0
2024-01-12,351.2652775129949,358.4048156738281,345.0776777736061,358.4048156738281,2018481.0
2024-01-15,357.2148926470226,361.26063093816146,352.6931851451616,358.4048156738281,1764688.0
2024-01-16,358.40482400430216,359.8327316696579,348.64745495770427,352.21722412109375,1045573.0
2024-01-17,352.21722412109375,357.92885478251685,349.83737801216745,352.21722412109375,1275847.0
2024-01-18,353.645123566606,358.64280027918926,348.4094622486616,358.4048156738281,1515735.0
2024-01-19,359.1188026045477,359.83275648646526,349.12344825770145,355.7870178222656,1117169.0
2024-01-22,355.07306600518456,368.1622205831237,352.21725046090694,365.06842041015625,2227205.0
2024-01-23,370.06611242294315,385.5351139068604,368.6382045936585,380.7754211425781,2837758.0
2024-01-24,381.72732663244796,383.3932189556569,376.2536804276186,377.443603515625,1905920.0
2024-01-25,379.3474779590092,383.86918566366495,373.8738317902155,374.11181640625,1136141.0
2024-01-26,375.3017126143999,390.2947423510563,375.06372801540533,389.3428039550781,1870366.0
2024-01-29,391.96068998104533,393.86456704227686,382.6792893075415,386.9630126953125,1785307.0
2024-01-30,390.29479009285114,392.6746363739051,381.9653281091622,388.86688232421875,1868729.0
2024-01-31,388.86688232421875,393.6265748863267,383.6312205059,388.86688232421875,1878024.0
2024-02-01,390.7707339356337,402.90794917967594,390.29476471037714,401.48004150390625,2068386.0
2024-02-02,403.6219116066133,406.4777270189242,395.53043460506564,401.2420654296875,1359706.0
2024-02-05,401.2420807929888,416.9490661621094,399.1002191517451,416.9490661621094,1757914.0
2024-02-06,419.8048669461212,422.89866698597353,412.6653283926157,420.7568054199219,1373413.0
2024-02-07,420.756805384395,422.1847130949755,407.90563598917026,408.8575744628906,1481330.0
2024-02-08,408.8575624863125,419.32888539050214,408.8575624863125,415.9971008300781,1430419.0
2024-02-09,417.9009863722136,422.1847094671452,414.80718635920744,421.708740234375,1239861.0
2024-02-12,423.61258513799135,426.46840031869687,417.42498557979593,420.0428161621094,1771901.0
2024-02-13,421.2327833208507,421.94673719088604,412.18936763373637,414.5692138671875,1220067.0
2024-02-14,414.5692474365234,433.1320495605469,408.6196313711313,433.1320495605469,2297288.0
2024-02-15,433.1320165428941,440.7475245260659,429.5622471757823,435.7498474121094,1714781.0
2024-02-16,435.7498302290925,439.5575840705264,422.66067639916344,430.27618408203125,1382347.0
2024-02-19,431.228132321527,444.0793018277977,426.46843991179713,431.7041015625,1551999.0
2024-02-20,435.27386479547494,453.12271108287825,434.3219263268134,441.2234802246094,2203211.0
2024-02-21,443.60331053639123,445.0312181883324,433.3699723641461,443.3653259277344,1067873.0
2024-02-22,448.36304903431096,455.5025880316726,441.22351003694934,453.12274169921875,2077331.0
2024-02-23,453.12271484375,456.2165148925781,447.411083984375,452.1707763671875,1029446.0
2024-02-26,452.4087402888135,459.3102939281484,448.8389711650196,453.5986633300781,1060066.0
2024-02-27,453.5987026458091,455.26459504797106,444.079317490598,447.4111022949219,1023352.0
2024-02-28,447.4111189569101,461.2142279460063,444.5553033039937,452.884765625,1525077.0
2024-02-29,452.88474670812315,474.541347838149,452.88474670812315,469.5436706542969,2285696.0
2024-03-01,469.0676647153243,472.1614646348064,463.356034094742,467.1637878417969,867846.0
2024-03-04,469.78164199635955,477.87311911281154,451.2188415527344,451.2188415527344,1687973.0
2024-03-05,451.45684302381204,458.1204126625399,445.98319653485703,456.6925048828125,868523.0
2024-03-06,456.6925263162387,457.8824495218568,447.41112531241725,449.31500244140625,730780.0
2024-03-07,449.31494038152545,455.5025401961015,449.31494038152545,453.5986633300781,1121127.0
2024-03-08,456.6924877421584,465.9738879620355,454.78861077397846,463.1180725097656,1191219.0
2024-03-11,470.73357295306704,478.3490807055939,464.78395752140545,465.0219421386719,1232411.0
2024-03-12,466.4498332395392,485.0126327256025,458.83432575807734,477.3971252441406,1918529.0
2024-03-13,477.39711538696287,481.2048690490723,468.3537004394531,475.9692077636719,894261.0
2024-03-14,475.9692357591361,480.2529588809683,455.5025586214932,460.73822021484375,1215360.0
2024-03-15,465.0219470353847,469.54365481106146,456.4545007235762,459.7862854003906,1250713.0
2024-03-18,459.7862647089058,462.88006462671933,449.07695730108964,461.21417236328125,969698.0
2024-03-19,442.65138559492806,455.0265856223131,437.4157240448805,449.7909240722656,2389827.0
2024-03-20,450.74289229509003,455.9785541908092,438.84366071391025,442.1754455566406,1362834.0
2024-03-21,446.4591303753958,447.8870380418416,431.9420690998632,432.1800537109375,1606556.0
2024-03-22,432.4180390207391,437.17773124991623,415.9971008300781,415.9971008300781,1672022.0
2024-03-25,415.9971438045605,417.6630362568671,395.29248046875,395.29248046875,2625972.0
2024-03-26,401.0040820188088,402.19400511085274,391.00872804563966,396.9583435058594,2169902.0
2024-03-27,399.1001725138545,406.71567968168,389.3428039550781,389.3428039550781,1793221.0
2024-03-28,391.2467064936323,397.67229108933066,387.43895265914443,388.6288757324219,1904042.0
2024-03-29,392.19865840314384,398.38625859639734,388.39090443806475,395.0544738769531,1737633.0
2024-04-01,403.6218960074491,410.9994188707928,393.3885578421659,409.3335266113281,1864686.0
2024-04-02,410.7614652530876,412.42735763823913,397.1963415454248,397.434326171875,1776448.0
2024-04-03,397.43429435138165,400.29010964013406,391.4846791664807,395.7684020996094,1565020.0
2024-04-04,397.4343280726238,412.66534423828125,397.4343280726238,412.66534423828125,1907732.0
2024-04-05,412.6652980322077,430.9901123046875,410.04746742185347,430.9901123046875,2168824.0
2024-04-08,430.9901489056708,438.3676721613725,423.8506102711208,433.3699951171875,2041637.0
2024-04-15,421.47077048933625,425.27852448585196,411.9513854980469,411.9513854980469,1887097.0
2024-04-16,409.3335636683872,410.0475175585065,399.33820920671735,399.8141784667969,2100275.0
2024-04-17,402.9079861618115,406.9537249478427,396.7203856655285,397.9103088378906,1813536.0
2024-04-18,398.38624747854766,400.2901244079553,390.2947705285652,391.9606628417969,2011093.0
2024-04-19,389.1048852452692,403.6219482421875,388.390931327388,403.6219482421875,1795375.0
2024-04-22,410.28550794062045,411.71341574087785,401.71806113907616,408.1436462402344,1505999.0
2024-04-24,411.4753953987193,414.3312107513998,402.6699647279543,407.4296569824219,1513035.0
2024-04-25,409.3335603776631,422.18473029649675,409.3335603776631,420.2808532714844,2261827.0
2024-04-26,425.0405334782829,428.1343335539927,419.8048718116971,421.47076416015625,1758498.0
2024-04-29,423.85061032097695,430.51417971400747,417.66301017030577,427.4203796386719,2072558.0
2024-04-30,427.89634397342735,432.656036342431,420.7568054199219,420.7568054199219,2205782.0
2024-05-02,424.5645446777344,432.41803681583144,422.1846985752807,424.5645446777344,2541410.0
2024-05-03,426.70643958233774,447.4111022949219,425.51651643793633,447.4111022949219,3339221.0
2024-05-06,447.4110728918418,447.4110728918418,436.2257960695457,443.1273498535156,2439870.0
2024-05-07,443.8413221129377,446.45915296722313,430.5141832183937,438.36767578125,2688881.0
2024-05-08,439.5575840705264,447.4110763684838,429.5622302367624,430.27618408203125,2560977.0
2024-05-09,431.228124031188,450.9808471518219,428.3723086402529,449.7909240722656,2905820.0
2024-05-10,449.79094334569197,460.5002515205894,446.4591585801683,458.59637451171875,2141778.0
2024-05-13,461.2141819020385,464.069997269853,447.4110742909352,450.74285888671875,1931974.0
2024-05-14,452.17080123942276,454.7886321939668,442.17544668570923,443.8413391113281,3241812.0
2024-05-15,442.1754438389232,455.9785524194708,430.75218156536647,452.4087829589844,3546908.0
2024-05-16,452.6467527788282,462.1661376953125,450.26690654970713,462.1661376953125,1921139.0
2024-05-17,463.5940039811101,483.58471051828326,460.5002041598809,481.2048645019531,2377151.0
2024-05-20,481.204887743419,485.9645800059652,471.20953399207207,483.1087646484375,2243809.0
2024-05-21,483.1087781217065,486.91653203793675,462.6421008219692,465.73590087890625,3833309.0
2024-05-22,467.40178349915783,473.5893834843809,465.2599219658114,470.2575988769531,1805875.0
2024-05-23,464.54595689015736,464.54595689015736,453.59866487327866,461.21417236328125,2474374.0
2024-05-24,451.45682873469525,454.78861344860445,440.03356685843517,442.6513977050781,3263992.0
2024-05-27,447.631639016422,456.5697775180991,442.8002127992993,454.63720703125,1789031.0
2024-05-28,454.63721945377404,465.5079287393318,452.94622023157615,465.266357421875,1287354.0
2024-05-29,466.23264093049534,468.8899254124826,458.0192161679892,461.4012145996094,1274149.0
2024-05-30,460.67651061367883,462.36750986606256,449.322658490531,458.01922607421875,1488001.0
2024-05-31,458.50233686628746,472.99661516553783,456.3281951213999,459.22705078125,2150012.0
2024-06-03,459.2271004617518,475.89552230912733,456.3282444882952,473.96295166015625,1581530.0
2024-06-04,486.52460159170283,486.52460159170283,475.8954643176041,476.62017822265625,1929032.0
2024-06-05,476.62021010484153,484.10892095798397,469.856213205229,475.412353515625,1737502.0
2024-06-06,477.34489283279527,489.42345793483963,477.34489283279527,481.69317626953125,1182458.0
2024-06-07,488.4571853250416,498.6031802724461,474.44604944529266,475.8954772949219,2595346.0
2024-06-10,475.89550336849425,481.21007244164497,470.5809342953435,474.4460754394531,1084934.0
2024-06-11,474.2044915366221,488.4571991273815,471.06406444035304,480.2437744140625,1549018.0
2024-06-12,480.2437470232854,484.5920304470375,468.6483245599465,471.54718017578125,1340943.0
2024-06-13,481.21000920599033,510.6817065569596,480.4852953367042,505.85028076171875,4000623.0
2024-06-14,506.3334927817648,511.16491923960604,487.49092959618383,498.60321044921875,1794017.0
2024-06-20,510.1986155790441,515.5131844913258,501.01890563964844,509.2323303222656,1771992.0
2024-06-21,509.7155209195994,515.5132330058887,504.4009515071676,515.0300903320312,1109494.0
2024-06-24,517.9289140034263,519.378341934406,507.78291848656806,511.1649169921875,1157289.0
2024-06-25,511.1648667014689,528.5580001620103,509.71543891309045,524.209716796875,1746595.0
2024-06-26,524.2097405653733,525.1760258014385,502.46832275390625,502.46832275390625,1256747.0
2024-06-27,502.4683664501906,510.1986490109628,501.5020811300941,506.816650390625,970802.0
2024-06-28,510.68173672658094,515.9963054153154,505.85031064591317,512.1311645507812,1188344.0
2024-07-01,512.1311389741444,520.8277054850261,502.9514298793248,507.2997131347656,1277404.0
2024-07-02,508.2660785995911,517.4457891446408,506.8166506187938,516.962646484375,952717.0
2024-07-03,520.3446701093031,521.7940981597468,498.60324935264697,511.6481018066406,1561497.0
2024-07-04,515.9963119036677,521.3108806592298,510.1986005339636,517.4457397460938,1602004.0
2024-07-05,520.8276884164384,524.2096863931685,514.0636924629781,517.9288330078125,922050.0
2024-07-08,521.3109082471143,541.1197564752252,519.8614803279843,536.288330078125,1993729.0
2024-07-09,536.7714727178351,539.6703285560951,530.4906184016047,536.288330078125,893565.0
2024-07-10,537.2545307035481,540.153386085042,530.0073922498132,535.3219604492188,627053.0
2024-07-11,550.7826420689238,556.5803540907019,524.6929379709221,530.0075073242188,3092123.0
2024-07-12,532.4230865641712,543.5353651403743,524.692805815508,542.0859375,2260624.0
2024-07-16,542.5691592369551,557.5465803735051,542.5691592369551,547.8837280273438,1553463.0
2024-07-17,547.8837689655584,556.0971940735076,546.4343410053319,554.6477661132812,1412261.0
2024-07-18,556.5802662543782,562.3779773611947,548.849984778623,551.7488403320312,1404435.0
2024-07-19,551.748872707201,561.4117251188859,550.2994448454483,555.614013671875,1110144.0
2024-07-22,558.0296889940898,564.3105426364475,550.7825501759847,556.5802612304688,1292943.0
2024-07-23,556.5803188270247,559.9623172921195,548.8500366210938,548.8500366210938,782418.0
2024-07-24,558.9960174025151,560.4454452782346,548.8500222724781,550.7825927734375,1459888.0
2024-07-25,550.7825567716171,562.3779790194405,547.8837012096612,561.8948364257812,1463384.0
2024-07-26,563.3442851310315,564.3105703542409,539.1871545507986,542.5691528320312,1481947.0
2024-07-29,538.7040159903166,538.7040159903166,523.2434523027022,527.5917358398438,1352570.0
2024-07-30,527.5917612140098,530.9737596833304,511.64805414435574,515.996337890625,1433853.0
2024-07-31,515.0300228173134,516.9625932594046,505.85031321738,509.7154541015625,1556849.0
2024-08-01,518.4120632346617,530.9737721294438,517.4457779350631,526.62548828125,1201011.0
2024-08-02,521.3108728454478,527.1085841282517,515.5131615626439,524.69287109375,734551.0
2024-08-05,478.31118441757997,516.9625932594046,476.62018528075015,509.7154541015625,1404219.0
2024-08-06,530.4905809859155,530.4905809859155,513.5805897887324,514.546875,989776.0
2024-08-07,518.8951912403566,522.277189693506,499.5694857937884,501.9851989746094,1313405.0
2024-08-08,500.53575858743164,516.9626078074824,495.22118972212104,507.78289794921875,1246180.0
2024-08-09,511.164885268032,521.7940227688796,497.6368920851351,501.0188903808594,1795818.0
2024-08-12,503.9177150472005,513.580566725958,499.0862892078218,507.2997131347656,928870.0
2024-08-13,506.8166459851237,508.2660739526694,491.3560809979703,505.3672180175781,1183880.0
2024-08-14,507.2997404242356,511.1648813036583,492.3223195164724,493.2886047363281,1283441.0
2024-08-15,495.70435457451396,498.60321044921875,482.6595031383426,498.60321044921875,1439158.0
2024-08-16,500.5357438852458,505.3671699845242,493.2886047363281,493.2886047363281,981217.0
2024-08-19,496.67062728706446,505.8503373244713,487.4909172496576,504.4009094238281,985699.0
2024-08-20,505.36718382603914,505.85032644919977,495.2211887396655,497.63690185546875,925245.0
2024-08-21,484.1088892899401,489.42345793483963,478.3111780409588,481.69317626953125,2803441.0
2024-08-22,487.0077767721036,487.0077767721036,474.68763956209506,475.412353515625,1202466.0
2024-08-23,476.86174997430095,478.79432038959703,458.9854736328125,458.9854736328125,1211201.0
2024-08-26,461.88432036801515,468.64831669139613,456.32818053095224,467.4404602050781,992333.0
2024-08-27,464.3000623250745,474.2044861311765,462.12592051397894,468.6483459472656,861749.0
2024-08-28,469.8562242183448,477.5865065705232,465.74951171875,465.74951171875,880753.0
2024-08-29,464.7832539561363,472.27196542840255,460.67654121328064,468.1652526855469,1064553.0
2024-09-02,472.99661641336564,481.4516121102338,472.03033119086643,480.7268981933594,1004256.0
2024-09-03,485.55832624197717,491.35603760009036,481.2100427233923,484.592041015625,775361.0
2024-09-04,479.2774652129975,495.2211712130267,478.5527513039053,485.5583190917969,1779506.0
2024-09-05,488.9403453260365,491.8392011283648,479.2774926516089,487.97406005859375,746956.0
2024-09-06,487.9740509347817,489.90662143353336,467.1989180732019,468.6483459472656,1535316.0
2024-09-09,470.09777924219765,475.1707768599192,463.8169250488281,463.8169250488281,1172164.0
2024-09-10,464.5416542381576,477.5865056832229,462.3675123306468,477.1033630371094,1366114.0
2024-09-11,472.5134910051391,487.9740551280066,470.09777786094105,481.4516296386719,1736994.0
2024-09-12,483.6257701182628,486.0414832557167,467.19892078357657,482.65948486328125,1510765.0
2024-09-13,482.1763627221049,488.94035979435887,477.58650756593255,486.04150390625,1140656.0
2024-09-16,486.041456581454,496.18745120194154,482.41788707413696,490.3897399902344,1052915.0
2024-09-17,491.839173117518,510.6817347595447,491.839173117518,508.2660217285156,1795495.0
2024-09-18,505.85031321738,515.996308038359,504.8840279963344,509.7154541015625,1062303.0
2024-09-19,512.6143185207883,515.9963168522168,493.7717563885445,496.1874694824219,1578360.0
2024-09-20,497.1537664708957,501.50205014265276,474.4460628517197,480.2437744140625,1620791.0
2024-09-23,483.14260797948776,484.10889319544674,473.23818451590824,478.0696105957031,1064313.0
2024-09-24,479.7606636070695,480.9685202626764,472.5135236734279,473.96295166015625,1712237.0
2024-09-25,473.96289839655714,481.45160881974437,458.9854775501828,466.71575927734375,2136583.0
2024-09-26,469.61461556945994,478.0696112201446,460.4349060058594,460.4349060058594,2109652.0
2024-09-27,461.15964064793764,463.333782484413,442.80022069547914,447.39007568359375,2913278.0
2024-09-30,444.9743644205729,449.56421942816837,434.10365519205726,434.828369140625,3258914.0
2024-10-01,435.31151093883324,437.72722409609645,422.2666598896118,424.682373046875,2577589.0
2024-10-02,424.19921095827794,432.8957779255319,415.9857866003158,420.0924987792969,2174352.0
2024-10-03,420.0925061375044,424.923932315049,407.7723693847656,407.7723693847656,2658577.0
2024-10-04,410.9127967504271,424.19921875,409.7049402050114,424.19921875,1581139.0
2024-10-07,425.6486669140178,427.3396661582846,417.91838465451235,422.50823974609375,1115564.0
2024-10-08,422.50823629798066,423.2329502538949,414.7779541015625,414.7779541015625,1695336.0
2024-10-09,413.32854263681156,432.89582022511183,406.3229741175436,431.9295349121094,2142408.0
2024-10-10,430.7216508976646,431.9295074621561,417.1936573753599,418.1599426269531,1334358.0
2024-10-11,417.4352020050262,424.440769631268,409.70492048641466,414.5363464355469,1264939.0
2024-10-14,413.57008484944714,415.26108402815396,404.1488037109375,404.1488037109375,967744.0
2024-10-15,405.11508630218776,409.946512495416,402.94094451523506,406.56451416015625,1412011.0
2024-10-16,406.56453362551804,416.2273864746094,402.9409638071088,416.2273864746094,1566160.0
2024-10-17,417.4352560329606,420.09254064891115,408.4971168702178,410.4296875,2092881.0
2024-10-18,411.6375091663977,413.0869370155752,396.9016593664269,397.6263732910156,1832446.0
2024-10-21,397.62636943377527,398.5926546571866,386.5140893645446,389.8960876464844,1406227.0
2024-10-22,389.89610378956826,400.5252416871773,385.306248788328,391.82867431640625,2615912.0
2024-10-23,391.5870966720581,394.727523727417,383.61524337768554,386.51409912109375,1636061.0
2024-10-24,391.58708418296476,395.4522250509027,389.41294244474966,392.3117980957031,1621799.0
2024-10-25,391.82870773063144,395.93542045037293,387.4804236744345,394.4859924316406,1049297.0
2024-10-28,396.17699318160555,403.42413330078125,393.2781371339353,403.42413330078125,740772.0
2024-10-30,403.4240676806523,406.08135195878833,398.35107042239264,401.9746398925781,1523788.0
2024-10-31,401.0083518001882,406.08134902175686,393.0364990234375,393.0364990234375,1608442.0
2024-11-01,395.21066781489594,404.6319490158623,394.7275251892053,401.73309326171875,1531918.0
2024-11-04,401.24994098686733,408.73865150498466,386.51409125766867,393.76123046875,1605424.0
2024-11-05,396.17696637484295,399.55896486828675,383.8568290058692,384.58154296875,1523755.0
2024-11-06,400.7668319344861,422.99139404296875,399.3174039708894,422.99139404296875,3198377.0
2024-11-07,427.33964576808086,435.55307027690776,418.40150733200454,424.19921875,4357248.0
2024-11-08,424.19924711516285,442.80023915836756,421.78353386279855,441.8339538574219,2081478.0
2024-11-11,441.8339595256951,444.974386794057,428.5475364672406,437.0025329589844,2293209.0
2024-11-12,436.76092529296875,440.1429236082904,430.7216425870372,436.76092529296875,2552549.0
2024-11-13,437.36586227332873,447.3336223362562,433.7191207868919,441.0126037597656,2523299.0
2024-11-14,443.44381596991354,457.54455134614983,440.7695385709722,457.0583190917969,2294197.0
2024-11-15,457.0582711309623,466.2966829942477,452.9252974026504,456.8151550292969,1971255.0
2024-11-18,457.7876237932366,460.70501704098956,446.60428301018356,455.5995788574219,1473090.0
2024-11-19,457.0582973213988,459.9756907085567,450.2510460846971,456.3289489746094,1492870.0
2024-11-20,458.7600792005707,461.1912401926246,444.90246154586345,447.8198547363281,1338306.0
2024-11-21,449.278577295804,458.03075737299497,444.1731389174426,457.5445251464844,1354164.0
2024-11-22,457.5445208947077,458.5169853386922,443.6869025679286,451.9528503417969,1860798.0
2024-11-25,454.14088657924106,468.7278529575893,454.14088657924106,467.9985046386719,2272885.0
2024-11-26,468.7278659222365,472.86083984375,464.1086597746626,472.86083984375,1523284.0
2024-11-27,476.26445663734137,477.7231532886043,467.7553928383077,473.5901794433594,1273445.0
2024-11-28,473.5901750837054,476.99380057198664,465.08111136300226,466.29669189453125,1217405.0
2024-11-29,465.08112862118776,469.9434509277344,457.7876451613678,469.9434509277344,1349364.0
2024-12-02,469.9434464873876,473.5901881828406,464.35177588769284,472.86083984375,923336.0
2024-12-03,475.0488889137984,483.5579529424488,473.5901922231726,481.85614013671875,1880275.0
2024-12-04,482.0992388044085,484.0441676548549,476.2644522530692,481.6130065917969,1246671.0
2024-12-05,483.801038599726,488.6633605957031,478.20936830435227,488.6633605957031,1631085.0
2024-12-06,493.0394505733831,496.44307597181864,486.7184319762884,495.4706115722656,1349121.0
2024-12-09,496.44308040808335,501.30540244929864,494.0119193874757,499.3604736328125,1040204.0
2024-12-10,499.8467276819741,501.7916565834604,494.49817320288685,498.3880310058594,1248626.0
2024-12-11,512.4887782010165,520.7547262365167,511.03008148886937,513.4612426757812,3018157.0
2024-12-12,515.4061364898535,516.3786008983249,504.7090279966678,506.167724609375,1507708.0
2024-12-13,506.1677247250815,513.9474399946313,502.2778670903066,512.9749755859375,1694729.0
2024-12-16,512.4887433234062,512.4887433234062,503.73656364615636,509.57135009765625,1013676.0
2024-12-17,509.57135009765625,511.51627891482286,500.33293821611477,509.57135009765625,1261093.0
2024-12-18,510.5438277169057,511.03005993377894,496.9293256444549,497.4155578613281,1307631.0
2024-12-19,494.9844143444788,503.2503623246911,488.663395300787,492.5532531738281,986504.0
2024-12-20,492.5532491385727,499.360500360626,483.5579528808594,483.5579528808594,1276435.0
2024-12-23,485.25975711137824,488.17715044070513,473.83329990484776,474.076416015625,996154.0
2024-12-24,474.0763901219224,481.369873046875,466.7829071969697,481.369873046875,894715.0
2024-12-25,490.6083068251027,500.81918337944086,488.6633779576097,497.4155578613281,787278.0
2024-12-26,499.8466846865699,512.4887214587983,497.90175595238094,510.5437927246094,1228991.0
2024-12-27,510.54384891117843,521.2409581264603,507.62645548882887,520.2684936523438,1130513.0
2024-12-30,520.7546997070312,524.6445574079241,517.35107421875,524.1583251953125,1208898.0
2024-12-31,515.4060946783592,549.4423462137225,511.0300051952411,531.93798828125,2923433.0
2025-01-02,525.1307546461525,530.9655408088876,509.57132487885906,523.6720581054688,2261352.0
2025-01-03,523.6721639227934,525.6170930367128,514.9199829101562,514.9199829101562,1319404.0
2025-01-06,516.3786010163656,522.6996196728747,512.9749755859375,512.9749755859375,1461179.0
2025-01-07,513.9474661033407,521.7271817681028,512.0025371871503,515.8923950195312,1403899.0
2025-01-08,516.8648681640625,517.8373326385009,510.5438490802122,516.8648681640625,1931719.0
2025-01-09,520.2685375106267,523.672163456958,512.975053339917,518.3236083984375,1253688.0
2025-01-10,518.3236079433758,526.1033243853026,515.4062142776531,521.7272338867188,1309939.0
2025-01-13,521.7271465955769,521.7271465955769,511.03003827768055,518.8097534179688,1180432.0
2025-01-14,522.2134141143856,525.6170397184832,511.03007284377964,512.48876953125,1769374.0
2025-01-15,512.4888210618698,523.1859311789107,509.0851951155385,518.3236083984375,1203907.0
2025-01-16,523.1858607700893,531.9380405970983,518.3235386439733,530.965576171875,1776057.0
2025-01-17,531.4518083844866,539.2315237862723,529.5068795340402,534.3692016601562,1339533.0
2025-01-20,534.8554338727679,538.2590593610491,527.5619506835938,534.3692016601562,1175958.0
2025-01-21,534.8553819346514,539.2314714232076,530.4792924460952,538.7452392578125,1611079.0
2025-01-22,539.7177304171256,554.7909282936399,538.7452660379956,551.87353515625,2085009.0
2025-01-23,552.3597757756497,554.304704563592,542.1488996389519,542.6351318359375,1274294.0
2025-01-24,543.121407598337,548.4699621942024,537.7728530024715,544.0938720703125,915208.0
2025-01-27,539.2314885596326,541.1764172830217,530.4793093043816,533.8829345703125,907361.0
2025-01-28,534.8554771155038,541.6627286424284,529.993154596272,539.2315673828125,1984521.0
2025-01-29,540.6902705751617,567.4330447492928,537.7728770288927,564.0294189453125,2952833.0
2025-01-30,562.5706438110774,577.1576095105867,561.1119472411265,562.0844116210938,1660758.0
2025-01-31,562.0844722389156,569.864188117655,560.625775511652,568.8917236328125,1562450.0
2025-02-03,565.4881250999531,573.7540736181811,549.9286925950532,558.1946411132812,1683510.0
2025-02-04,560.1395432692308,577.157671753973,555.7634530874399,568.8917236328125,1692303.0
2025-02-05,568.8916800138577,571.3228410395579,557.2221070904965,567.4329833984375,1809354.0
2025-02-06,567.9191980599742,571.3228233908131,561.1119473982965,565.488037109375,2115180.0
2025-02-07,566.946777035232,583.478672763532,564.0293836714143,577.1576538085938,2758328.0
2025-02-10,577.6438773759153,581.047502916009,570.8366262957277,572.7815551757812,957594.0
2025-02-11,572.7815811569626,576.1852068514437,558.6808461369695,575.698974609375,2020501.0
2025-02-12,576.1851808213696,576.6714130414721,560.1395175579897,565.9743041992188,1891050.0
2025-02-13,570.8366435869091,578.1301271080366,566.4605534742326,574.7265014648438,1943608.0
2025-02-14,576.6713598130293,581.0474493900253,563.0568589068196,566.9467163085938,1653138.0
2025-02-17,567.9192154436628,567.9192154436628,554.304713703575,557.2221069335938,1137137.0
2025-02-18,556.2496250239437,560.6257147312999,547.4974456092314,555.2771606445312,1935744.0
2025-02-19,555.2771603198762,557.222089077564,546.5249809102809,548.4699096679688,1851750.0
2025-02-20,547.4974714006696,553.8184901646206,534.8554338727679,551.3873291015625,2027776.0
2025-02-21,551.8735077234812,555.2771328812472,529.5068281153049,538.7452392578125,1567954.0
2025-02-24,542.6351492745536,553.8184901646206,538.7452915736608,544.580078125,1192082.0
2025-02-25,544.5801221539675,554.3047671924312,538.2591028789661,539.2315673828125,1681860.0
2025-02-26,539.7177821097614,547.0112656517852,536.8003886929519,540.6902465820312,2138662.0
2025-02-27,541.6626934527928,551.8735700798203,536.3141390291117,548.9561767578125,1750891.0
2025-02-28,549.4424791437875,555.2772665329251,540.204065777653,546.5250854492188,2093176.0
2025-03-03,549.4423572257095,563.0568581127184,549.4423572257095,556.73583984375,1669861.0
2025-03-04,558.6807948824222,562.5706524621083,556.2496338951183,559.6532592773438,1276902.0
2025-03-05,564.0294005988927,582.5062257909254,563.0569361151015,579.1026000976562,2477484.0
2025-03-06,576.1851988053611,581.5337533934278,554.3047482178157,561.1119995117188,4599400.0
2025-03-07,562.0843835394479,564.5155443679057,540.690168249019,542.1488647460938,4428026.0
2025-03-10,529.0206473214286,530.965576171875,501.305411202567,507.14019775390625,6671711.0
2025-03-11,508.5988987597469,511.0300598436845,494.9843966896963,507.6264343261719,6129529.0
2025-03-12,509.0851438128645,520.2684850809599,502.2778926061977,515.8923950195312,5589230.0
2025-03-13,517.8372891388792,527.0757008699953,514.4336637642575,522.21337890625,4510068.0
2025-03-14,525.617039143656,530.9655936585314,518.3235557142806,529.5068969726562,3782235.0
2025-03-17,529.5068795340402,532.9105050223214,520.7546997070312,520.7546997070312,2277534.0
2025-03-18,520.2684453231753,520.7546775150662,510.05756929346813,511.5162658691406,2461548.0
2025-03-19,468.2416470394254,492.06702679532555,462.4068601604294,465.81048583984375,4048628.0
2025-03-20,465.32421896764953,489.6358291540471,457.30138760613835,477.2369079589844,4677644.0
2025-03-21,475.53508019394224,475.53508019394224,436.3933890327844,436.6365051269531,3069105.0
2025-03-24,441.9850853919983,469.21408955256146,441.9850853919983,466.7829284667969,3502734.0
2025-03-25,474.3195234026228,497.9017857142857,473.34705897739957,490.1220703125,4194279.0
2025-03-26,485.74599341282334,497.9017990537849,479.6680905923426,488.1771545410156,3389907.0
2025-03-27,495.47062020874023,500.33294229125977,484.28727941894533,486.2322082519531,1607839.0
2025-03-28,486.23221261160717,486.71844482421875,467.2691563197545,481.6130065917969,2351120.0
2025-04-02,481.3698860128926,481.3698860128926,467.9985002903123,469.2140808105469,1329881.0
2025-04-03,470.6727907206969,474.56264849524814,460.4619140625,460.4619140625,1345561.0
2025-04-04,460.46188362518905,466.2966699013266,451.2234720213046,462.1636962890625,1729334.0
2025-04-07,453.6546670513193,472.61772387340017,447.33364811062563,467.7554016113281,2861406.0
2025-04-08,475.2919790501698,479.4249527810408,465.567334977532,472.1314697265625,1924289.0
2025-04-09,467.2691431240773,478.9387158972072,462.8930533341536,463.13616943359375,2373831.0
2025-04-10,477.2369032504668,479.9111803445856,463.865517779873,464.8379821777344,2170453.0
2025-04-11,462.4068127004763,473.34703697572417,461.9205805104653,468.970947265625,2058939.0
2025-04-14,472.61771065848217,474.076407296317,466.7829241071429,467.9985046386719,1160053.0
2025-04-15,468.72785733540854,474.5626439412435,464.35176738103235,466.7829284667969,1337557.0
2025-04-16,466.78291082760444,468.4847235233301,452.1959448642418,459.7325439453125,1922662.0
2025-04-17,459.73255702427457,479.42496163504467,457.5445120675223,474.8057556152344,2615279.0
2025-04-18,476.5075511577205,486.23219505889847,471.88834530466096,483.0716857910156,1871776.0
2025-04-21,486.23220815843655,488.6633691992287,472.1314741218419,476.0213317871094,1472381.0
2025-04-22,484.0441948367061,486.7184721562459,465.81048583984375,465.81048583984375,1555789.0
2025-04-24,466.7829241071429,476.0213361467634,464.3517630440848,474.8057556152344,1972798.0
2025-04-25,477.4800240918464,484.2872749444797,474.80574697116907,478.938720703125,1736650.0
2025-04-28,480.64054216657365,480.64054216657365,472.61771065848217,476.507568359375,1231171.0
2025-04-29,476.50757703002125,483.8010603519093,472.1314870368884,479.1818542480469,1904744.0
2025-04-30,481.36988146551727,483.8010424830199,458.03073569749216,465.32421875,2096047.0
2025-05-02,467.7553715869634,482.82856963186555,465.810442806976,481.369873046875,1417857.0
2025-05-05,482.342372244489,489.1496234656814,479.91121109406316,485.259765625,1557653.0
2025-05-06,485.2597659998321,487.6909271521358,472.61772800785246,475.04888916015625,1978227.0
2025-05-07,474.5626437554578,487.2046813964844,474.0764115384953,487.2046813964844,1612540.0
2025-05-08,495.9568612406573,499.3604867589755,488.17714577021565,494.0119323730469,1291246.0
2025-05-09,494.49820261384514,509.571402496863,490.122112325227,508.59893798828125,1631942.0
2025-05-12,520.2685370538575,527.0757889405435,516.378678832894,521.7272338867188,1462672.0
2025-05-13,519.295994414716,528.5344063003711,514.9199045741425,523.1858520507812,1749906.0
2025-05-14,520.7546820874484,524.6445396567291,508.59887718344635,515.4061279296875,1873835.0
2025-05-15,515.8923687534477,518.3235297749061,506.6539568719063,509.57135009765625,1190193.0
2025-05-16,509.57139336454395,516.8648770481967,506.65399989108283,514.4337158203125,956228.0
2025-05-20,512.9749843052456,515.4061453683036,496.9293212890625,500.33294677734375,1824202.0
2025-05-21,498.38800467992485,501.791630077739,491.5807538842966,492.0669860839844,1015910.0
2025-05-22,495.9568568638393,498.3880179268973,483.3148193359375,490.1220703125,1828649.0
2025-05-23,490.12206591796877,493.03945916748046,480.3974217529297,486.2322082519531,1479293.0
2025-05-26,488.6633824113597,493.52570462440804,485.9891051941831,487.69091796875,953195.0
2025-05-27,487.204672668457,494.01192358398436,485.98909214782714,486.2322082519531,1314941.0
2025-05-28,487.61665160510006,490.3283721145318,476.52324952106085,483.1792907714844,1372583.0
2025-05-29,486.38406883310313,487.3701490537481,476.7697866818153,479.72802734375,1174774.0
2025-05-30,479.2350129901238,479.48153305853435,467.4020497064171,470.36029052734375,1673635.0
2025-06-02,470.1137567759798,477.7558786742784,466.41595585744824,474.7976379394531,919983.0
2025-06-03,478.2489055170674,486.63058736633553,471.3463439941406,471.3463439941406,2081476.0
2025-06-04,471.34635007888585,482.93279278479986,469.37418961830474,480.96063232421875,1755195.0
2025-06-05,481.94669526466583,486.63057619051165,478.74193463119235,484.4118957519531,519351.0
2025-06-10,488.10972190765017,491.0679626464844,482.19324042998164,491.0679626464844,1817928.0
2025-06-11,492.05403537134976,492.5470754869523,487.12363421532416,489.0957946777344,1037388.0
2025-06-12,483.42585618486294,488.1097375043491,476.52329424035696,487.1236572265625,1293300.0
2025-06-13,470.1137658107675,477.5093677899616,457.0482023141914,469.127685546875,2155818.0
2025-06-16,468.63463888691444,472.0859197624625,462.718157385975,467.40203857421875,1746797.0
2025-06-17,466.90899471097464,470.853315680022,464.4437941053201,466.41595458984375,1158893.0
2025-06-18,464.4437787684204,465.9228990829695,446.44781494140625,446.44781494140625,1650420.0
2025-06-19,448.66651231568653,457.0481944138917,446.9408718837031,450.88519287109375,1394521.0
2025-06-20,456.3086294876902,458.52731002004526,448.17346753572167,449.652587890625,1155436.0
2025-06-23,444.2291502837801,450.638671875,441.51742961057164,450.638671875,842349.0
2025-06-24,468.3881126507016,477.2628347851359,462.4716312277454,473.8115539550781,2257595.0
2025-06-25,473.8115516424053,473.8115516424053,461.4855487380763,465.183349609375,1258285.0
2025-06-26,464.44379469348536,465.1833548761183,457.2947129280336,458.5273132324219,1030349.0
2025-06-27,458.28077962629584,463.4577007517139,450.1456178577817,462.96466064453125,1164296.0
2025-06-30,462.96469305885626,491.0679811359114,462.96469305885626,487.86322021484375,2828210.0
2025-07-01,485.15148669176995,495.0122892668059,485.15148669176995,492.5470886230469,1445755.0
2025-07-02,495.5053078146542,505.36610996021943,490.57490674187153,502.9009094238281,2711726.0
2025-07-03,509.3104389130123,511.7756394885835,492.30055494157097,496.98443603515625,1555120.0
2025-07-04,497.477501135679,503.39398281420046,494.0262201565415,495.5053405761719,1645625.0
2025-07-07,490.08188705176906,492.3005676269531,484.6584456457636,492.3005676269531,1153558.0
2025-07-08,495.01226921560374,495.9983494331647,470.36026377657964,471.3463439941406,2515334.0
2025-07-09,472.5789517879486,477.2628328959147,471.83939161300657,473.3185119628906,2439493.0
2025-07-10,476.7697987578364,485.39800090702164,476.7697987578364,482.93280029296875,1899448.0
2025-07-11,486.1375601498659,487.6166805154335,475.53719752996517,482.686279296875,1863781.0
2025-07-14,483.17930621865355,484.6584265438127,478.24890513478977,479.2349853515625,1225228.0
2025-07-16,479.23500280824965,484.411924134882,468.881160154985,475.7837219238281,1797206.0
2025-07-17,478.7419604786185,492.54708395277027,473.3185191137732,491.3144836425781,2162824.0
2025-07-18,491.0679532540915,497.47747473230754,486.3840721738567,488.6027526855469,1697646.0
2025-07-21,490.5749177096183,508.3243619684588,490.5749177096183,505.8591613769531,1999533.0
2025-07-22,505.85915715144233,516.7060396634615,503.88699669471157,512.76171875,2017336.0
2025-07-23,512.7617437055509,515.7199845346214,508.32438246194516,511.2826232910156,988965.0
2025-07-24,511.7756321392291,527.5529155963152,506.84523105888974,527.0598754882812,1979019.0
2025-07-25,527.5529023078875,527.5529023078875,516.212980108746,523.6085815429688,1013319.0
2025-07-28,524.1016216385837,531.4972230728064,521.1433810648946,523.6085815429688,1175594.0
2025-07-29,521.636474609375,526.5668760707113,518.6782337325733,521.636474609375,1062930.0
2025-07-30,518.1851310621711,524.1016121018914,516.706010802241,521.1433715820312,1164132.0
2025-07-31,521.636455972686,524.1016566152791,510.2965330167581,516.7060546875,2218353.0
2025-08-01,516.706058407738,521.6364597284227,513.7478176153273,517.692138671875,1523015.0
2025-08-04,521.143384833085,526.0737858248833,518.6781843371857,524.5946655273438,1798158.0
2025-08-05,525.5807285109968,527.0598487600896,518.6781673485634,520.1572875976562,1482079.0
2025-08-06,520.1573232299123,530.51116568283,516.2130022954674,529.5250854492188,1843229.0
2025-08-07,530.5111562445188,536.4276375409261,524.5946749481116,527.0598754882812,1559091.0
2025-08-08,526.5668705210966,536.4276733398438,523.1155895345352,536.4276733398438,1515663.0
2025-08-11,539.3859179015553,542.3441587675602,537.4137573242188,537.4137573242188,1090459.0
2025-08-12,539.3858489709226,539.3858489709226,530.51112750705,535.4415283203125,817963.0
2025-08-13,517.1990627946525,517.1990627946525,500.4356994628906,500.4356994628906,4356242.0
2025-08-14,500.92877270507813,502.9009332275391,492.54709048461916,493.0401306152344,2366360.0
2025-08-15,493.04011654793766,496.98443748032116,489.09579561555415,489.3423156738281,1625386.0
2025-08-18,489.3423090858575,492.3005497453186,486.8771085363066,487.6166687011719,1737179.0
2025-08-19,488.356229274393,490.82142982600527,478.9884671782663,479.72802734375,1794407.0
2025-08-20,481.20714261673214,488.60274419383353,479.4815022487418,486.3840637207031,2175880.0
2025-08-21,490.081889831543,497.47749179077147,487.6166891784668,493.0401306152344,3651687.0
2025-08-22,496.491407772821,496.491407772821,490.0818861233208,492.0540466308594,1989551.0
2025-08-25,494.0261793494403,498.9565803409517,492.7935791015625,492.7935791015625,2466643.0
2025-08-26,492.5470726479189,495.01227321172234,488.3562316894531,488.3562316894531,2824298.0
2025-08-27,491.56100718698286,492.7936075059071,484.1654052734375,484.1654052734375,2431840.0
2025-08-28,484.41191972337043,489.58884100285684,482.19323917501913,482.686279296875,1817999.0
2025-08-29,482.6862651610951,485.6445058055962,476.0302237109677,478.98846435546875,2489677.0
2025-09-01,479.23501393481536,480.2210942104014,470.1137713856445,470.6068115234375,2222184.0
2025-09-02,471.59286970044883,475.78371067530907,448.17346425270046,456.8016662597656,4285401.0
2025-09-03,456.80167529830516,459.0203558583077,448.91303330718495,451.1317138671875,2837070.0
2025-09-04,453.35040654116716,458.03428784855276,449.8991255778304,454.33648681640625,2712001.0
2025-09-05,455.815595992467,460.7459972471178,449.6525944241535,451.37823486328125,2791529.0
2025-09-08,444.4756561558634,445.95477647584966,430.91705322265625,430.91705322265625,2463571.0
2025-09-09,433.62881205819474,435.8474927338762,424.2610492053173,424.75408935546875,3077623.0
2025-09-10,427.2192725234836,431.4101136272916,424.7540718741848,428.2053527832031,2064260.0
2025-09-11,427.95881717916916,431.4100979628721,414.6467341563148,416.1258544921875,3464610.0
2025-09-12,416.37237642728365,418.3445368840145,410.94893517127406,416.618896484375,2026205.0
2025-09-15,414.6467373519053,441.0243835449219,409.71633619433214,441.0243835449219,5551205.0
2025-09-16,441.7639521343159,446.94087344838994,433.8753101319174,443.2430725097656,4353571.0
2025-09-17,443.48957558964076,446.940856333529,436.83353415499914,438.8056945800781,2097465.0
2025-09-18,441.0243973131573,448.1734792148239,435.84747593608836,436.5870361328125,2440269.0
2025-09-19,437.57308375365466,446.4478054523203,436.83352361209916,443.98260498046875,2599511.0
2025-09-22,452.3643113644187,454.3364718499312,448.17347033270477,450.39215087890625,2325045.0
2025-09-23,446.6943515021445,451.6247527328525,440.77787002529493,442.7500305175781,3729511.0
2025-09-24,443.73611822360897,450.8852001283227,440.28483730409204,444.7221984863281,3687083.0
2025-09-25,447.433905049767,449.8991056285536,439.79178325552857,441.0243835449219,1740745.0
2025-09-26,441.024375058292,444.72217585531513,434.61485367678523,438.8056945800781,2022765.0
2025-09-29,437.8196270762351,440.03830761885115,432.64270581013096,434.121826171875,2214307.0
2025-09-30,433.38225341111087,442.996535483371,432.1496531454365,438.8056945800781,3306894.0
2025-10-01,438.31266285917906,461.97858841288047,437.81962274347694,457.0481872558594,3914971.0
2025-10-02,457.0481993680851,464.19728123522344,454.8295187886284,460.2529602050781,2818226.0
2025-10-03,461.9785879222105,471.59287016819036,459.02034723113985,464.93682861328125,3016817.0
2025-10-06,464.9368271961583,467.4020277645366,456.5551452636719,456.5551452636719,2529626.0
2025-10-07,458.2808006172262,463.95076210953187,457.54124042257763,460.4994812011719,1562461.0
2025-10-08,459.51338641826925,462.9646672175481,443.48958270733175,448.66650390625,2073809.0
2025-10-09,454.33648578734477,457.04820653811026,442.7500425795286,445.9548034667969,1513563.0
2025-10-10,445.95479694667057,453.10387882143755,442.75003610625777,444.2291564941406,1648214.0
2025-10-13,438.8057076784812,446.44782955378065,436.34050707354595,442.2569885253906,1629008.0
2025-10-14,443.7361056487308,445.2152260008932,433.38226318359375,433.38226318359375,1615369.0
2025-10-15,434.8614002949483,439.7918016588366,430.4240390674488,437.81964111328125,1848591.0
2025-10-16,436.5870163574219,441.0243773367746,430.9170551060268,431.41009521484375,2372877.0
2025-10-17,428.2053610673093,429.6844814855038,415.3863174429569,422.28887939453125,2046407.0
2025-10-20,422.5353896887593,437.81963365649744,418.8375887288227,435.84747314453125,2377104.0
2025-10-21,436.8335151672363,436.8335151672363,425.24707317352295,425.98663330078125,1915833.0
2025-10-22,429.68446544022066,447.1873897352612,425.98666453281777,442.2569885253906,2848945.0
2025-10-23,443.9826336320471,445.7082740737041,436.34051167613734,443.4895935058594,2176469.0
2025-10-24,445.7082844080643,467.40205046332403,443.4896037887763,454.33648681640625,4394741.0
2025-10-27,453.596921968512,455.0760423662354,447.4339203113311,453.1038818359375,1881925.0
2025-10-28,452.6108229231126,453.35038309128765,448.1734619140625,448.1734619140625,632125.0
2025-10-30,449.6525836553931,451.624744110022,438.0661409844482,440.5313415527344,1787740.0
2025-10-31,440.2848164180936,450.6386586854844,437.08005571628223,447.1873779296875,2698954.0
2025-11-03,450.1456391910063,458.527321410335,448.66651879936006,452.61083984375,2548703.0
2025-11-04,452.8573486595823,453.8434288961846,446.2013070625172,449.652587890625,2362016.0
2025-11-05,449.4060589801187,457.54122077185974,446.2012982742813,455.3225402832031,2544195.0
2025-11-06,457.78774231054376,464.1972637430016,451.62474093318053,463.7042236328125,2795927.0
2025-11-07,493.0401268846286,496.98444789970563,488.10972561578234,492.0540466308594,8106849.0
2025-11-10,494.0261990688815,505.36612180199955,494.0261990688815,497.97052001953125,4444358.0
2025-11-11,500.43571348864623,500.43571348864623,475.53718784216676,488.1097106933594,4569062.0
2025-11-12,491.1790354703179,511.541361511049,489.93743022393187,501.11187744140625,2957391.0
2025-11-13,502.6018324608599,504.58840096861036,494.1589163029206,500.1186218261719,1973603.0
2025-11-14,498.132029636842,503.5950927734375,491.42736124192936,503.5950927734375,2313095.0
2025-11-17,504.09172905815973,505.0850132533482,494.40720815507194,500.615234375,2785026.0
2025-11-18,498.1320258112237,505.58165730391397,495.89713636341656,501.6085205078125,2091626.0
2025-11-19,503.09843467856354,527.4338969680498,502.601792591023,526.4406127929688,4449180.0
2025-11-20,526.4406108315366,531.4070316884378,522.4674741460155,525.4473266601562,1953832.0
2025-11-21,523.4608154296875,527.4339525486984,518.9910361708003,523.4608154296875,1517073.0
2025-11-24,521.9708806234113,525.4473755466881,517.5011014363412,518.9910278320312,1752922.0
2025-11-25,518.9910278320312,524.4540912828948,514.0246065130644,518.9910278320312,1795090.0
2025-11-26,519.4876783106766,524.4540997094402,515.0178990517893,523.4608154296875,1611775.0
2025-11-27,524.9507371813371,526.9373057231776,517.5011051494355,520.9776000976562,1882519.0
2025-11-28,521.9708777956679,526.4406569585233,516.5078143744001,517.5010986328125,2064946.0
2025-12-01,516.5077691177339,526.4406108315366,513.5279166035932,525.4473266601562,2034221.0
2025-12-02,523.4608172792376,528.4272386955492,520.4809644294508,524.4541015625,2521808.0
2025-12-03,524.4540710449219,530.910418510437,497.63539695739746,508.5615234375,6230122.0
2025-12-04,509.0581721871022,514.0245933791715,506.57496159106756,512.0380249023438,2612603.0
2025-12-05,512.0380114590055,515.5145062021801,501.60852722948164,505.08502197265625,2473970.0
2025-12-08,507.07159519382185,515.0178689676721,504.58838463949365,507.5682373046875,2313683.0
2025-12-09,508.5615384615385,516.5078125,506.07832782451925,516.5078125,3166280.0
2025-12-10,518.4943781735926,523.9574415451535,515.0178833007812,515.0178833007812,2355444.0
2025-12-11,517.501110666284,528.427237762885,514.0246156810019,523.9574584960938,3173844.0
2025-12-12,523.9574081678551,534.3868921219072,523.4607660748051,529.4204711914062,2262208.0
2025-12-15,529.4204949677046,541.8365478515625,526.937284390933,541.8365478515625,2176985.0
2025-12-16,542.3332003335554,547.2996215820312,536.3734948353845,547.2996215820312,2705633.0
2025-12-17,547.2996004457827,553.2593057137949,533.8902635927553,536.3734741210938,2601179.0
2025-12-18,537.3667659759521,546.8029661178589,536.8701238632202,540.3466186523438,2426686.0
2025-12-19,542.8298175911035,543.3264596931997,530.9104071407957,534.3869018554688,1866440.0
2025-12-22,535.3801713632481,537.3667397171006,526.937255859375,526.937255859375,1562873.0
2025-12-23,526.4406617027072,526.937303836389,516.0111768953894,519.9843139648438,2007027.0
2025-12-24,520.4809248717243,536.3734721960517,517.5010722484128,535.3801879882812,3713301.0
2025-12-25,536.8701455460907,539.8499983428313,517.5011023672771,519.4876708984375,2085961.0
2025-12-26,521.4742261309956,522.4675103712451,506.0783204071281,512.53466796875,3838318.0
2025-12-29,515.0178833007812,519.4876624229673,512.0380305526571,515.0178833007812,2339088.0
2025-12-30,515.0178889185904,519.4876680895329,506.0783305767056,517.9977416992188,3153121.0
2025-12-31,517.9977426346235,525.4473745996468,514.024605586611,518.494384765625,2372792.0
2026-01-02,518.990982443965,527.4338979478381,516.0111299131862,526.937255859375,1745272.0
2026-01-05,527.433934770064,549.2861881880327,526.9372926469283,546.3063354492188,3407233.0
2026-01-06,548.2928813733553,566.1719970703125,545.809670859889,566.1719970703125,3999568.0
2026-01-07,568.6552284752851,577.5947866521891,559.2190281774419,577.09814453125,2866770.0
2026-01-08,577.0981576102121,587.0310002541055,570.6418098916813,584.0511474609375,2233601.0
2026-01-09,587.0310077151737,594.4806397927774,582.0645863301046,588.0242919921875,2131344.0
2026-01-12,590.010859614394,600.4403445065676,584.0511539617233,587.5276489257812,3920626.0
2026-01-13,587.5276184333205,610.8697976948303,587.5276184333205,603.420166015625,3918047.0
2026-01-14,605.406735420227,608.8832302093506,593.4873247146606,603.9168090820312,2803108.0
2026-01-15,604.4134671968459,619.3127309732678,603.9168250709652,612.3597412109375,3637102.0
2026-01-16,612.8563843243301,646.6280489386367,612.8563843243301,645.1381225585938,5993173.0
2026-01-19,648.6145844591465,650.6011528648406,625.27240569224,628.2522583007812,3367015.0
2026-01-20,628.7489399933008,628.7489399933008,615.3396024105053,616.8295288085938,2470859.0
2026-01-21,617.8228121380188,618.3194542699624,610.8698222908063,616.3328857421875,2074563.0
2026-01-22,621.795896484375,625.769033203125,611.8630546875,620.8026123046875,4577281.0
2026-01-23,623.7824716742492,628.2522505317876,620.802619102557,624.2791137695312,2952235.0
2026-01-26,621.7959147904969,631.728756879802,615.8362095369139,630.2388305664062,3743104.0
2026-01-27,631.2321361488896,631.7287782701711,608.3865985699368,609.3798828125,4111702.0
2026-01-28,608.8832509868172,618.3194514507238,607.3933245977793,614.8429565429688,4131900.0
2026-01-29,620.8026132804694,627.7556025492106,616.8294765554743,621.2992553710938,7694733.0
2026-01-30,624.775772166589,635.7018985478807,621.2992774089053,632.7220458984375,8774125.0
2026-02-02,622.2925616253864,645.6347407126913,606.4000141616893,632.7220458984375,5996579.0
2026-02-03,638.1851410938694,662.5206056180715,638.1851410938694,649.60791015625,7121584.0
2026-02-04,655.5675726792106,663.0172041869289,650.601151674065,659.0440673828125,4050850.0
2026-02-05,657.554171882541,660.0373825014328,641.1649817978554,643.1515502929688,2573649.0
2026-02-06,646.1314133648485,648.6146240234375,629.7422230181613,648.6146240234375,2463923.0
2026-02-09,653.5810175475391,668.9769229760906,651.5944491051454,665.9970703125,3389252.0
2026-02-10,669.4735563810881,669.4735563810881,655.0709353610202,661.5272827148438,2696523.0
2026-02-11,655.0709504260507,669.9702138929056,649.6078871548706,669.4735717773438,3366788.0
2026-02-12,669.47358121577,677.419855176788,659.0440966419337,674.4400024414062,5695579.0
2026-02-13,679.9030799059997,687.8493540320011,668.9769529827477,681.8896484375,4350169.0
2026-02-16,685.3660985274281,693.8090142339254,681.8896038247527,690.33251953125,3309067.0
2026-02-17,690.8291479598645,690.8291479598645,683.3795166015625,683.3795166015625,2067090.0
2026-02-18,688.3459952218192,689.8359216184032,666.9903835374482,681.3930053710938,4708816.0
2026-02-19,682.8828931928755,685.8627458177172,660.5339985065632,661.5272827148438,3257332.0
2026-02-20,663.5138482294018,672.453406064828,649.1112272723265,660.037353515625,4077551.0
2026-02-23,670.4668376569555,671.4601218608917,655.567574597912,660.037353515625,2455377.0
2026-02-24,660.037353515625,668.480269249083,654.0776482920077,660.037353515625,2726416.0
2026-02-25,660.0373602313196,668.4802760506818,652.587728626,663.5138549804688,2666845.0
2026-02-26,664.01049033137,665.9970587392424,635.2052484172193,660.037353515625,4047346.0
2026-02-27,660.5340207407957,665.500441949373,636.695198939624,641.1649780273438,4299132.0
2026-03-02,610.8698211319145,654.07768652905,606.8966840839021,648.1179809570312,2929750.0
2026-03-03,651.0977939654,661.5272780792623,627.2589731337149,627.755615234375,3580209.0
2026-03-04,626.7623714625163,631.7287927894777,615.8362445432015,616.8295288085938,2499895.0
2026-03-05,629.7421858764546,635.7018911055694,596.9638071163238,597.46044921875,4369884.0
2026-03-06,597.4604515703672,597.9570936747482,561.7022200549337,567.165283203125,4128203.0
2026-03-09,554.7492426884639,573.6216430664062,554.2526005732549,573.6216430664062,3542443.0
2026-03-10,581.5679047491222,599.9436626276171,581.5679047491222,598.9503784179688,2859663.0
2026-03-11,599.9436626276171,617.3261362964637,586.5343257973641,598.9503784179688,3360033.0
2026-03-12,595.9705343364197,613.8496503665124,591.9973974408437,603.420166015625,4012022.0
2026-03-13,600.9369506835938,614.842929707677,599.9436664675878,600.9369506835938,3037372.0
2026-03-16,602.9235551951804,605.4067658837932,584.0511539617233,587.5276489257812,2122354.0
2026-03-17,595.970514192054,595.970514192054,587.0309564791733,592.9906616210938,1394155.0
2026-03-18,595.4738632524064,604.4134208325092,585.0443794089531,588.5208740234375,1836610.0
2026-03-19,586.037708439239,587.030992690831,577.0981501749118,580.0780029296875,1288291.0
2026-03-23,580.0779642894627,592.4940166073021,558.225712210065,591.500732421875,3140911.0
2026-03-24,587.5276386143811,588.0242807433874,576.1048696472376,582.0645751953125,1563838.0
2026-03-25,587.0309707225109,616.8294971551256,587.0309707225109,600.4403076171875,3166567.0
2026-03-26,599.943657791684,611.8630682113863,594.9772367834747,596.4671630859375,2537002.0
2026-03-27,599.9436626276171,604.910083675859,592.9906731600785,598.9503784179688,1843312.0
2026-03-30,598.9503618373502,599.9436460195017,589.0175200158352,590.5074462890625,1286422.0
2026-03-31,591.997387999222,600.9369458716935,588.5208932710386,598.4537353515625,2565185.0
2026-04-01,601.9302574911999,614.8429527839154,601.9302574911999,612.8563842773438,1711719.0
2026-04-02,610.3731801588625,620.8026649296812,603.9168324435939,616.3328857421875,2578555.0
2026-04-03,618.8160586238106,618.8160586238106,596.9638061523438,596.9638061523438,1882459.0
2026-04-06,598.4537420493148,605.9033736930822,597.4604578301459,601.9302368164062,1620216.0
2026-04-07,600.936941019694,603.4201515197755,589.0175306193034,595.9705200195312,1385183.0
2026-04-08,611.8630594808267,635.2052378863452,611.8630594808267,623.2858276367188,3247531.0
2026-04-09,619.8093576185597,644.1448211789038,619.8093576185597,636.1985473632812,2679332.0
2026-04-10,641.1649975660371,651.594482421875,634.7086497981375,651.594482421875,3119382.0
2026-04-13,644.6414642572031,644.6414642572031,629.7422008306113,636.6951904296875,2311188.0
2026-04-14,642.6549109883595,653.5810377594134,641.6616267364454,644.6414794921875,3437701.0
2026-04-15,647.6212856411844,659.0440537161438,646.1313593705374,652.091064453125,2108030.0
2026-04-16,654.07763866225,658.5474175141561,645.138080958438,655.0709228515625,2144171.0
2026-04-17,656.5608749049557,669.9702119869781,647.1246747361249,668.4802856445312,3319622.0
2026-04-20,659.540702681108,659.540702681108,652.091071250222,655.5675659179688,1663731.0
2026-04-21,657.0574980170478,665.0037716136259,655.0709296179033,658.5474243164062,1930122.0
2026-04-22,661.0306240531428,663.5138345116445,639.1783720183282,653.0843505859375,2128196.0
2026-04-24,651.0978068543675,651.0978068543675,624.2791328878261,634.2119750976562,3100512.0
2026-04-27,632.7220401222397,636.6951769518927,627.2589769814668,629.7421875,1706308.0
2026-04-28,629.7422185113901,629.7422185113901,612.8563861538291,613.8496704101562,1586556.0
2026-04-29,618.8160458890775,622.7891826203075,615.3395512492511,621.7958984375,1386975.0
2026-04-30,616.8295067826566,637.1918334960938,615.3395804377709,637.1918334960938,2036259.0
2026-05-04,640.6683263845689,647.6213159732387,635.7019052498048,636.1985473632812,2541203.0
2026-05-05,633.2187003466911,643.1515427050706,629.2455634033392,639.1784057617188,3237161.0
2026-05-06,656.0642521152902,682.8829270692838,655.5676099865125,678.9097900390625,5101224.0
2026-05-07,680.3996756166134,689.8358754974278,676.9231809236818,689.3392333984375,1788673.0
2026-05-08,687.3526533259902,691.8224321409714,679.4063798771349,683.3795166015625,1704259.0
2026-05-11,683.3795635102866,686.8560583827953,674.4400052666928,675.929931640625,2075272.0
2026-05-12,680.3997069592851,700.762033955877,673.943359375,673.943359375,3395510.0
2026-05-13,679.0,714.0,677.0,700.0,4226497.0
2026-05-14,704.5,727.0,704.5,724.0,3005288.0
2026-05-15,720.0,720.0,680.0,682.5,2967806.0
2026-05-18,683.5,684.0,664.5,664.5,2113454.0
2026-05-20,662.0,685.5,659.5,685.5,2005297.0
2026-05-21,687.0,689.5,654.0,659.0,1965479.0
2026-05-22,649.5,694.5,647.5,686.5,3506450.0
2026-05-25,687.5,695.0,674.0,679.5,1665766.0
2026-05-26,680.0,680.5,659.0,659.0,640106.0
2026-05-27,659.0,659.0,659.0,659.0,0.0
2026-05-28,659.0,659.0,659.0,659.0,0.0
2026-05-29,659.0,659.0,659.0,659.0,0.0
2026-06-01,659.0,673.0,657.0,664.0,2096118.0
2026-06-02,666.0,676.0,661.5,676.0,2724780.0
2026-06-03,674.0,679.0,666.0,667.0,1582173.0
2026-06-04,669.0,673.5,653.0,662.5,1959335.0
2026-06-05,660.0,673.0,656.0,662.0,1615480.0
2026-06-08,654.5,676.5,654.5,665.5,1962695.0
2026-06-09,668.0,681.0,661.0,674.0,2181395.0
2026-06-10,673.5,675.0,660.5,668.0,1340220.0
2026-06-11,668.0,673.0,659.5,666.5,1363874.0
2026-06-12,673.0,680.0,664.0,672.5,2571595.0
2026-06-15,682.5,704.5,680.0,699.0,2462141.0
2026-06-16,699.0,704.0,689.5,698.5,1934155.0
2026-06-17,701.0,706.5,669.5,681.0,1884173.0
2026-06-18,682.5,698.5,682.5,698.0,1709802.0
2026-06-19,694.0,695.0,681.0,687.0,997535.0
2026-06-22,687.0,689.5,679.5,684.5,935282.0
2026-06-23,681.5,697.0,677.5,696.5,1297337.0
2026-06-24,696.5,706.0,693.5,697.5,1675445.0
2026-06-25,700.0,712.5,691.0,694.0,1565020.0
2026-06-26,694.5,700.0,682.0,688.5,1425286.0
2026-06-29,688.0,690.5,670.0,672.0,1431983.0
2026-06-30,673.0,678.5,656.0,669.5,3055044.0
2026-07-01,667.5,671.5,652.0,659.0,2066175.0
2026-07-02,661.0,661.5,624.5,629.5,3711579.0
2026-07-03,632.5,643.0,628.5,632.5,2332368.0
2026-07-06,636.0,646.0,635.5,639.0,1775451.0
2026-07-07,638.0,654.0,634.5,648.5,2250986.0
2026-07-08,645.5,650.5,635.5,639.5,1942411.0
2026-07-09,641.5,642.0,620.5,626.0,1545684.0
2026-07-10,626.0,627.0,613.0,625.5,2947862.0
2026-07-13,623.0,631.0,617.5,626.0,1678553.0
2026-07-14,625.0,642.0,597.5,608.0,4989012.0
2026-07-16,609.0,629.0,609.0,627.0,3532270.0
2026-07-17,627.0,642.0,627.0,635.5,2499036.0
2026-07-20,635.0,656.5,633.0,649.5,2507246.0
2026-07-21,651.5,655.0,625.0,636.0,3473106.0
2026-07-22,636.5,645.0,634.5,639.0,2100323.0
2026-07-23,639.0,642.5,630.0,630.5,1450087.0
2026-07-24,628.5,636.0,619.5,623.0,1461437.0
2026-07-27,629.0,633.5,617.5,625.0,1542641.0
2026-07-28,625.0,637.0,621.5,634.0,2427010.0
2026-07-29,633.5,639.0,617.0,628.5,2288856.0
2026-07-30,626.0,633.5,611.5,623.0,2625158.0
2026-07-31,623.5,628.0,611.0,625.5,3813797.0
2026-08-03,629.0,635.5,608.0,610.5,2192609.0
2026-08-04,610.5,631.0,609.0,629.0,2222795.0
2026-08-05,627.0,632.5,618.0,631.0,1966737.0
2026-08-06,631.0,634.5,620.5,626.0,1430402.0
2026-08-07,627.5,654.5,626.0,654.5,3022232.0
2026-08-10,655.0,671.0,646.5,658.0,2368556.0
2026-08-11,659.5,659.5,628.5,630.0,2852537.0
2026-08-12,603.0,603.0,572.0,572.0,9738311.0
2026-08-13,572.0,573.5,551.0,552.0,7609525.0
2026-08-14,557.0,563.0,550.0,555.0,5521027.0
2026-08-17,556.5,565.0,554.0,562.0,3462577.0
2026-08-18,564.5,576.5,563.0,568.0,5111401.0
2026-08-19,569.0,575.5,568.0,573.0,4596385.0
2026-08-20,573.0,578.0,559.5,562.5,3394705.0
2026-08-21,564.5,576.0,562.5,573.0,3788990.0
2026-08-24,576.0,577.0,565.0,565.0,2526509.0
2026-08-25,566.0,567.5,554.0,555.5,2540221.0
2026-08-26,557.0,565.5,555.0,558.5,2721588.0
