Date,open,high,low,close,volume
2018-01-01,4.369422435760498,4.369422435760498,4.369422435760498,4.369422435760498,0.0
2018-01-02,4.38629279377719,4.510008449300169,4.369422147615789,4.4987616539001465,48314186.0
2018-01-03,4.504385734469326,4.549372918364601,4.448150848477451,4.476268291473389,49987309.0
2018-01-04,4.481891222996597,4.644972029436259,4.481891222996597,4.6224775314331055,61557850.0
2018-01-05,4.644972111653223,4.75181712803757,4.639348260522197,4.7124528884887695,82710605.0
2018-01-08,4.746194033886141,4.813674808601189,4.723699536191692,4.729323387145996,68042407.0
2018-01-09,4.740570232105425,4.757440879020567,4.65621880977526,4.673088550567627,45251911.0
2018-01-10,4.667465687453532,4.667465687453532,4.3806692154851925,4.4200334548950195,104221784.0
2018-01-11,4.4312799206145765,4.448150566567486,4.307564266620502,4.403162479400635,72439405.0
2018-01-12,4.420033438705539,4.566243599709763,4.386293050530466,4.470644474029541,90808452.0
2018-01-15,4.442526636413695,4.493137667244438,4.262576103210449,4.262576103210449,55570156.0
2018-01-16,4.251329494589578,4.408786444578257,4.18947166598624,4.391915798187256,58594652.0
2018-01-17,4.3919159781741,4.465021511449239,4.335681998104131,4.425657272338867,68384365.0
2018-01-18,4.453774417259365,4.470644157089549,4.403162479400635,4.403162479400635,51826437.0
2018-01-19,4.408786541039098,4.436903983598372,4.3075644727239295,4.335681915283203,35797328.0
2018-01-22,4.3413048165206325,4.493137917468489,4.335681871738911,4.487514972686768,54833859.0
2018-01-23,4.51000859772972,4.583113223297189,4.476268210419219,4.48189115524292,69162983.0
2018-01-24,4.504385484342638,4.538125870390504,4.448150601473462,4.453774452209473,45872753.0
2018-01-25,4.470644077892395,4.538125754385877,4.431279842114756,4.465021133422852,53036496.0
2018-01-26,4.48189115524292,4.515632448676187,4.453774618878885,4.48189115524292,33002213.0
2018-01-29,4.493138032372726,4.526879326416964,4.46502149549957,4.476268291473389,49190933.0
2018-01-30,4.459397430199091,4.504385518055691,4.448150634765625,4.448150634765625,23993198.0
2018-01-31,4.476267928484647,4.515632164262286,4.459397282830599,4.465021133422852,28825442.0
2018-02-01,4.481891270087899,4.543749101470259,4.453774733003399,4.470644474029541,43385065.0
2018-02-02,4.481891268789175,4.487515119878118,4.341304958916262,4.375046253204346,44623155.0
2018-02-05,4.352551439535546,4.397539526618375,4.3075642585754395,4.3075642585754395,29138272.0
2018-02-06,4.206342195292477,4.313187203134091,4.189471549371076,4.3075642585754395,48309007.0
2018-02-07,4.341304541037029,4.358175186557159,4.268199920654297,4.268199920654297,38187232.0
2018-02-08,4.279446978668435,4.307564420889361,4.223213000349342,4.240082740783691,44762582.0
2018-02-09,4.2288360595703125,4.2513296515067225,4.1388607857018895,4.2288360595703125,33403321.0
2018-02-12,4.268200249329417,4.318811283664439,4.251329602510153,4.285070896148682,32623300.0
2018-02-13,4.3019404675491595,4.324434964463867,4.200718402862549,4.200718402862549,30436907.0
2018-02-14,4.245706788169428,4.256953584353751,4.206342548462897,4.223213195800781,23410940.0
2018-02-15,4.262576513230153,4.375046286892746,4.256953568220701,4.369422435760498,41985133.0
2018-02-16,4.386292949440787,4.397539745239943,4.318811268523086,4.335681915283203,34599616.0
2018-02-19,4.380669101911171,4.448150782881731,4.369422306103206,4.431280136108398,58011331.0
2018-02-20,4.442527063161521,4.498761949985457,4.256953567663563,4.273824214935303,55127645.0
2018-02-21,4.380668855842583,4.431279887196915,4.330057824488251,4.408786296844482,53719544.0
2018-02-22,4.414410477930858,4.5212554931640625,4.414410477930858,4.5212554931640625,80661074.0
2018-02-23,4.543748720459336,4.549372571078327,4.476267949767715,4.510008335113525,47014564.0
2018-02-26,4.526878980847787,4.543748720459336,4.4875147448829855,4.510008335113525,33858497.0
2018-02-27,4.521255224305205,4.521255224305205,4.425657010774885,4.453774452209473,34309553.0
2018-02-28,4.448150865985114,4.532502289182148,4.4425270149146785,4.5212554931640625,53022809.0
2018-03-01,4.5381260910445755,4.59436097664802,4.532502240035121,4.577490329742432,91344390.0
2018-03-02,4.571866297276567,4.61685438519831,4.5268791154775645,4.54374885559082,67625281.0
2018-03-05,4.554996480731376,4.57186622056156,4.391915684139603,4.403162479400635,68933280.0
2018-03-06,4.414410159871436,4.425656955079186,4.33568168729446,4.358175277709961,56766810.0
2018-03-07,4.346928843477098,4.380669231902198,4.307564603919749,4.369422435760498,44368801.0
2018-03-08,4.380669116973877,4.420033355498491,4.3694223211272405,4.380669116973877,45252472.0
2018-03-09,4.3750462215862385,4.476268291473389,4.363799425612419,4.476268291473389,49631712.0
2018-03-12,4.504385619277449,4.51563241496365,4.459397530409885,4.487514972686768,40092538.0
2018-03-13,4.4875147448829855,4.538125775963057,4.476267949767715,4.510008335113525,45818174.0
2018-03-14,4.515632333545881,4.560619515479558,4.465021300809122,4.493137836456299,31071747.0
2018-03-15,4.498761739912648,4.594360861824713,4.487514944297597,4.5887370109558105,49041910.0
2018-03-16,4.599983556704304,4.61123035170844,4.5549963766877575,4.5662431716918945,25350874.0
2018-03-19,4.571866510312239,4.57749036136054,4.476268291473389,4.476268291473389,34206926.0
2018-03-20,4.493137917468489,4.51563241496365,4.442526883819204,4.487514972686768,31389665.0
2018-03-21,4.493137823005572,4.54374885559082,4.493137823005572,4.54374885559082,35435658.0
2018-03-22,4.566243319147019,4.605607555994015,4.538125877667345,4.549372673034668,64419941.0
2018-03-23,4.493137689379264,4.538125775963057,4.459397304033454,4.510008335113525,33028697.0
2018-03-26,4.538125742622658,4.571866127720587,4.50438535752473,4.515632152557373,37383084.0
2018-03-27,4.549372918364601,4.571866510312239,4.46502149549957,4.476268291473389,40284571.0
2018-03-28,4.476268029990547,4.571866243244992,4.470644179270765,4.504385471343994,63973647.0
2018-03-29,4.521255231554994,4.560619468401991,4.515632286932699,4.549372673034668,28294420.0
2018-03-30,4.583113308277289,4.599983955306738,4.549372920341174,4.571866512298584,21288682.0
2018-04-02,4.588737110310587,4.644971995726188,4.566243518593457,4.628101348876953,43565133.0
2018-04-03,4.639348194293597,4.650594990272302,4.5662435673706225,4.571866512298584,38756389.0
2018-04-04,4.5831133575227065,4.588737208633878,4.397539862695917,4.4200334548950195,83543194.0
2018-04-05,4.431280136108398,4.442526931916364,4.363799361260608,4.431280136108398,59814011.0
2018-04-06,4.420033179977256,4.504385504661526,4.408786384577234,4.4987616539001465,54509104.0
2018-04-09,4.521255188825555,4.538125834778465,4.375045944309417,4.403162479400635,50189456.0
2018-04-10,4.414410543381286,4.414410543381286,4.24570678836314,4.318811416625977,50631932.0
2018-04-11,4.301940441131592,4.369422119215849,4.144484400431964,4.301940441131592,57076196.0
2018-04-12,4.313187565472159,4.346928860149467,4.240082937209322,4.318811416625977,31431186.0
2018-04-13,4.335681814808264,4.346928610346787,4.290693726531426,4.2963175773620605,21264134.0
2018-04-16,4.3075644909093525,4.386292967958582,4.3019406399246485,4.380669116973877,37840051.0
2018-04-17,4.408786674740837,4.420033470881065,4.256953567663563,4.273824214935303,65994655.0
2018-04-18,4.273823828054058,4.369422039653516,4.178224710331887,4.363799095153809,59411288.0
2018-04-19,4.369422039653516,4.403162425019905,4.3469284494092575,4.363799095153809,44178425.0
2018-04-20,4.352551358009104,4.35817520858514,4.301940327315605,4.313187122344971,25671758.0
2018-04-23,4.313187122344971,4.313187122344971,4.313187122344971,4.313187122344971,0.0
2018-04-24,4.290693625260127,4.324434917202062,4.25132938874302,4.256953239440918,24789295.0
2018-04-25,4.273824182251701,4.28507097830592,4.11636722524705,4.1276140213012695,34420838.0
2018-04-26,4.144484505774105,4.195095539093018,4.088249621587423,4.195095539093018,29853909.0
2018-04-27,4.206342106517114,4.228835696522437,4.155731075943785,4.217588901519775,26905403.0
2018-04-30,4.223213060655447,4.245706652304286,3.992651480947929,4.0376386642456055,35069944.0
2018-05-01,4.0376386642456055,4.0376386642456055,4.0376386642456055,4.0376386642456055,0.0
2018-05-02,4.0488852314829025,4.0770026725179145,3.947663168655034,4.060132026672363,46183043.0
2018-05-03,4.083806037902832,4.107481002807617,3.959517002105713,3.9772720336914062,31894950.0
2018-05-04,3.6991000175476074,3.7819600105285645,3.4801130294799805,3.557054042816162,156249076.0
2018-05-07,3.5629730224609375,3.5629730224609375,3.432765007019043,3.438683032989502,60386136.0
2018-05-08,3.4564390182495117,3.468276023864746,3.1960220336914062,3.1960220336914062,77958373.0
2018-05-09,3.160511016845703,3.2729640007019043,3.0835700035095215,3.1723480224609375,85754549.0
2018-05-10,3.1901040077209473,3.24337100982666,3.1486740112304688,3.1545920372009277,67061692.0
2018-05-11,3.160511016845703,3.178267002105713,2.959280014038086,2.9711170196533203,90033716.0
2018-05-14,2.9711170196533203,3.101325035095215,2.959280014038086,3.042140007019043,73775096.0
2018-05-15,3.018465042114258,3.024384021759033,2.8823390007019043,2.9000940322875977,80994282.0
2018-05-16,2.9237680435180664,3.1723480224609375,2.840909004211426,3.0539770126342773,242746595.0
2018-05-17,3.0539770126342773,3.0598950386047363,2.906013011932373,2.911931037902832,72700259.0
2018-05-18,2.9178500175476074,3.0066280364990234,2.8645830154418945,2.941524028778076,99048973.0
2018-05-21,2.9178500175476074,2.935606002807617,2.85274600982666,2.876420021057129,69891577.0
2018-05-22,2.876420021057129,2.9237680435180664,2.840909004211426,2.8705010414123535,88962622.0
2018-05-23,2.8468270301818848,2.85274600982666,2.7521300315856934,2.7639670372009277,120372446.0
2018-05-24,2.7994790077209473,2.829071044921875,2.6692700386047363,2.704782009124756,122711015.0
2018-05-25,2.722537040710449,2.8053970336914062,2.704782009124756,2.7817230224609375,136356099.0
2018-05-28,2.8705010414123535,2.8823390007019043,2.823153018951416,2.85274600982666,135454358.0
2018-05-29,2.85274600982666,2.858664035797119,2.775804042816162,2.787642002105713,93842842.0
2018-05-30,2.793560028076172,2.823153018951416,2.7284560203552246,2.734375,104188085.0
2018-05-31,2.7462120056152344,2.829071044921875,2.740293025970459,2.775804042816162,163031573.0
2018-06-01,2.7994790077209473,2.8113160133361816,2.6692700386047363,2.6988630294799805,94280631.0
2018-06-04,2.710700035095215,2.7639670372009277,2.704782009124756,2.722537040710449,70914721.0
2018-06-05,2.734375,2.7521300315856934,2.5864100456237793,2.6160030364990234,93195799.0
2018-06-06,2.627840042114258,2.6633520126342773,2.568655014038086,2.5923290252685547,133914245.0
2018-06-07,2.5804920196533203,2.6929450035095215,2.568655014038086,2.6692700386047363,136922125.0
2018-06-08,2.704782009124756,2.7521300315856934,2.6100850105285645,2.633759021759033,135022179.0
2018-06-11,2.651515007019043,2.6692700386047363,2.550899028778076,2.6160030364990234,126926161.0
2018-06-12,2.604166030883789,2.6929450035095215,2.5923290252685547,2.657433032989502,94527601.0
2018-06-13,2.651515007019043,2.657433032989502,2.568655014038086,2.604166030883789,56171458.0
2018-06-14,2.604166030883789,2.604166030883789,2.4798760414123535,2.5331430435180664,52373355.0
2018-06-15,2.5331430435180664,2.5331430435180664,2.5331430435180664,2.5331430435180664,0.0
2018-06-18,2.5331430435180664,2.5864100456237793,2.515388011932373,2.544981002807617,46784721.0
2018-06-19,2.544981002807617,2.710700035095215,2.5331430435180664,2.687026023864746,167861555.0
2018-06-20,2.6811070442199707,2.740293025970459,2.6692700386047363,2.7166190147399902,98081479.0
2018-06-21,2.734375,2.787642002105713,2.687026023864746,2.7639670372009277,100508571.0
2018-06-22,2.793560028076172,2.7994790077209473,2.7166190147399902,2.7521300315856934,68545350.0
2018-06-25,2.9000940322875977,2.906013011932373,2.7284560203552246,2.8645830154418945,133451682.0
2018-06-26,2.858664035797119,2.8882570266723633,2.823153018951416,2.85274600982666,95573825.0
2018-06-27,2.840909004211426,2.8823390007019043,2.8172340393066406,2.858664035797119,76038798.0
2018-06-28,2.8468270301818848,2.8882570266723633,2.840909004211426,2.8705010414123535,67071983.0
2018-06-29,2.8823390007019043,2.941524028778076,2.85274600982666,2.8645830154418945,109380186.0
2018-07-02,2.85274600982666,2.876420021057129,2.823153018951416,2.8468270301818848,64203936.0
2018-07-03,2.85274600982666,2.8941760063171387,2.8172340393066406,2.876420021057129,74397029.0
2018-07-04,2.8776040077209473,2.916666030883789,2.8710930347442627,2.910156011581421,61855157.0
2018-07-05,2.916666030883789,2.96875,2.916666030883789,2.9622390270233154,84269356.0
2018-07-06,2.96875,2.994791030883789,2.916666030883789,2.9557290077209473,75817038.0
2018-07-09,2.9817700386047363,3.0273430347442627,2.9557290077209473,2.975260019302368,90253527.0
2018-07-10,2.9231770038604736,2.96875,2.8776040077209473,2.9036450386047363,71789822.0
2018-07-11,2.8841140270233154,2.8841140270233154,2.682291030883789,2.695312023162842,81533119.0
2018-07-12,2.6888020038604736,2.7669270038604736,2.597656011581421,2.6888020038604736,104506834.0
2018-07-13,2.70182204246521,2.77994704246521,2.682291030883789,2.7669270038604736,55948372.0
2018-07-16,2.7929680347442627,2.8125,2.7278640270233154,2.7669270038604736,55007167.0
2018-07-17,2.773437023162842,2.8710930347442627,2.760416030883789,2.8710930347442627,72574605.0
2018-07-18,2.8776040077209473,2.929687023162842,2.8059890270233154,2.85807204246521,72545207.0
2018-07-19,2.8645830154418945,2.897135019302368,2.7994790077209473,2.819010019302368,56123913.0
2018-07-20,2.819010019302368,2.85807204246521,2.7929680347442627,2.832031011581421,42266861.0
2018-07-23,2.851562023162842,2.8841140270233154,2.8450520038604736,2.8450520038604736,39757807.0
2018-07-24,2.851562023162842,2.85807204246521,2.7148430347442627,2.740885019302368,49576679.0
2018-07-25,2.7473950386047363,2.851562023162842,2.740885019302368,2.838541030883789,60051010.0
2018-07-26,2.85807204246521,2.9036450386047363,2.7994790077209473,2.8255200386047363,82908704.0
2018-07-27,2.838541030883789,2.8776040077209473,2.7994790077209473,2.8645830154418945,43713200.0
2018-07-30,2.85807204246521,2.975260019302368,2.8450520038604736,2.9492180347442627,110853139.0
2018-07-31,2.9622390270233154,3.0013020038604736,2.8841140270233154,2.897135019302368,86782745.0
2018-08-01,2.9036450386047363,2.916666030883789,2.8710930347442627,2.890625,40430209.0
2018-08-02,2.832031011581421,2.851562023162842,2.773437023162842,2.77994704246521,47856296.0
2018-08-03,2.773437023162842,2.8710930347442627,2.773437023162842,2.8710930347442627,73781251.0
2018-08-06,2.8776040077209473,3.007812023162842,2.8776040077209473,3.0013020038604736,192680666.0
2018-08-07,3.0013020038604736,3.072916030883789,2.975260019302368,3.0598950386047363,185271536.0
2018-08-08,3.072916030883789,3.131510019302368,3.0273430347442627,3.0794270038604736,123560873.0
2018-08-09,3.1575520038604736,3.678385019302368,3.131510019302368,3.63932204246521,634202688.0
2018-08-10,3.6263020038604736,4.108071804046631,3.1184890270233154,3.756510019302368,510048675.0
2018-08-13,3.8020830154418945,4.0950517654418945,3.613281011581421,4.029946804046631,401301821.0
2018-08-14,4.140625,4.1927080154418945,3.63932204246521,3.71744704246521,305549248.0
2018-08-15,3.75,3.7630200386047363,3.4895830154418945,3.5286450386047363,262038237.0
2018-08-16,3.5807290077209473,3.59375,3.378906011581421,3.385416030883789,212917971.0
2018-08-17,3.307291030883789,3.4309890270233154,3.2161450386047363,3.3138020038604736,192918305.0
2018-08-20,3.320312023162842,3.4114580154418945,3.300781011581421,3.398437023162842,33897145.0
2018-08-21,3.398437023162842,3.398437023162842,3.398437023162842,3.398437023162842,0.0
2018-08-22,3.398437023162842,3.398437023162842,3.398437023162842,3.398437023162842,0.0
2018-08-23,3.398437023162842,3.398437023162842,3.398437023162842,3.398437023162842,0.0
2018-08-24,3.398437023162842,3.398437023162842,3.398437023162842,3.398437023162842,0.0
2018-08-27,3.4309890270233154,3.5677080154418945,3.4179680347442627,3.5286450386047363,106441078.0
2018-08-28,3.541666030883789,3.671875,3.4895830154418945,3.6523430347442627,151151516.0
2018-08-29,3.619791030883789,3.7239580154418945,3.5872390270233154,3.710937023162842,190258779.0
2018-08-30,3.710937023162842,3.710937023162842,3.710937023162842,3.710937023162842,0.0
2018-08-31,3.7044270038604736,3.7630200386047363,3.5742180347442627,3.59375,115449681.0
2018-09-03,3.5742180347442627,3.697916030883789,3.56119704246521,3.6653640270233154,94058439.0
2018-09-04,3.671875,3.678385019302368,3.5677080154418945,3.5742180347442627,75638659.0
2018-09-05,3.5677080154418945,3.6588540077209473,3.5481770038604736,3.6067700386047363,133066246.0
2018-09-06,3.613281011581421,3.678385019302368,3.59375,3.6588540077209473,78295706.0
2018-09-07,3.6588540077209473,3.671875,3.619791030883789,3.63932204246521,64395400.0
2018-09-10,3.632812023162842,3.7239580154418945,3.619791030883789,3.6263020038604736,118713420.0
2018-09-11,3.632812023162842,3.63932204246521,3.5807290077209473,3.619791030883789,66416474.0
2018-09-12,3.632812023162842,3.6653640270233154,3.5481770038604736,3.56119704246521,61616368.0
2018-09-13,3.5807290077209473,3.6848950386047363,3.522135019302368,3.6588540077209473,119886002.0
2018-09-14,3.691406011581421,3.7044270038604736,3.613281011581421,3.63932204246521,63555701.0
2018-09-17,3.6263020038604736,3.710937023162842,3.600260019302368,3.671875,114455437.0
2018-09-18,3.671875,3.691406011581421,3.63932204246521,3.6653640270233154,50686510.0
2018-09-19,3.6848950386047363,3.87369704246521,3.671875,3.854166030883789,185726095.0
2018-09-20,3.776041030883789,3.789062023162842,3.63932204246521,3.6653640270233154,163385238.0
2018-09-21,3.671875,3.6848950386047363,3.5872390270233154,3.619791030883789,80510335.0
2018-09-24,3.619791030883789,3.632812023162842,3.522135019302368,3.541666030883789,96686714.0
2018-09-25,3.5677080154418945,3.619791030883789,3.541666030883789,3.5742180347442627,84659401.0
2018-09-26,3.5807290077209473,3.5872390270233154,3.5286450386047363,3.535156011581421,48988756.0
2018-09-27,3.541666030883789,3.5807290077209473,3.522135019302368,3.541666030883789,63970589.0
2018-09-28,3.554687023162842,3.554687023162842,3.476562023162842,3.4960930347442627,49841164.0
2018-10-01,3.48307204246521,3.554687023162842,3.457031011581421,3.5026040077209473,62753043.0
2018-10-02,3.5026040077209473,3.5026040077209473,3.4375,3.463541030883789,63231356.0
2018-10-03,3.4505200386047363,3.4960930347442627,3.4114580154418945,3.4179680347442627,66877754.0
2018-10-04,3.4114580154418945,3.4114580154418945,3.2682290077209473,3.28125,47917513.0
2018-10-05,3.2747390270233154,3.385416030883789,3.229166030883789,3.320312023162842,93285911.0
2018-10-08,3.2942700386047363,3.3333330154418945,3.2682290077209473,3.307291030883789,55603772.0
2018-10-09,3.32682204246521,3.535156011581421,3.320312023162842,3.5091140270233154,214632087.0
2018-10-10,3.515625,3.5286450386047363,3.3138020038604736,3.32682204246521,89704670.0
2018-10-11,3.2942700386047363,3.4244790077209473,3.2552080154418945,3.385416030883789,117924613.0
2018-10-12,3.4179680347442627,3.5091140270233154,3.32682204246521,3.5026040077209473,123651362.0
2018-10-15,3.5481770038604736,3.671875,3.5481770038604736,3.6523430347442627,153088958.0
2018-10-16,3.6588540077209473,3.71744704246521,3.59375,3.63932204246521,124849039.0
2018-10-17,3.6653640270233154,3.75,3.6523430347442627,3.7434890270233154,149650102.0
2018-10-18,3.75,3.8020830154418945,3.619791030883789,3.6848950386047363,170433818.0
2018-10-19,3.710937023162842,3.7239580154418945,3.535156011581421,3.5481770038604736,107592861.0
2018-10-22,3.5807290077209473,3.6588540077209473,3.522135019302368,3.535156011581421,85054663.0
2018-10-23,3.4960930347442627,3.522135019302368,3.3723950386047363,3.4375,86872230.0
2018-10-24,3.4505200386047363,3.463541030883789,3.398437023162842,3.4114580154418945,47413401.0
2018-10-25,3.378906011581421,3.515625,3.300781011581421,3.5026040077209473,86662781.0
2018-10-26,3.515625,3.515625,3.3463540077209473,3.3528640270233154,60901072.0
2018-10-29,3.3528640270233154,3.3528640270233154,3.3528640270233154,3.3528640270233154,0.0
2018-10-30,3.3463540077209473,3.4244790077209473,3.2682290077209473,3.3138020038604736,68233986.0
2018-10-31,3.32682204246521,3.385416030883789,3.2942700386047363,3.320312023162842,81696589.0
2018-11-01,3.3138020038604736,3.398437023162842,3.3138020038604736,3.3919270038604736,76914894.0
2018-11-02,3.4375,3.48307204246521,3.3398430347442627,3.359375,120073096.0
2018-11-05,3.378906011581421,3.40494704246521,3.359375,3.385416030883789,77121196.0
2018-11-06,3.3919270038604736,3.444010019302368,3.3398430347442627,3.3528640270233154,89124555.0
2018-11-07,3.359375,3.385416030883789,3.3333330154418945,3.3528640270233154,71839904.0
2018-11-08,3.365885019302368,3.365885019302368,3.2356770038604736,3.242187023162842,59315274.0
2018-11-09,3.2356770038604736,3.2682290077209473,3.151041030883789,3.222656011581421,91696300.0
2018-11-12,3.229166030883789,3.242187023162842,3.131510019302368,3.144531011581421,50369187.0
2018-11-13,3.131510019302368,3.2617180347442627,3.1119790077209473,3.222656011581421,87785567.0
2018-11-14,3.2161450386047363,3.307291030883789,3.1966140270233154,3.307291030883789,67817642.0
2018-11-15,3.307291030883789,3.3333330154418945,3.2552080154418945,3.300781011581421,59967912.0
2018-11-16,3.3138020038604736,3.3463540077209473,3.28125,3.307291030883789,50130654.0
2018-11-19,3.307291030883789,3.359375,3.300781011581421,3.3528640270233154,45263986.0
2018-11-20,3.3398430347442627,3.40494704246521,3.287760019302368,3.300781011581421,72061172.0
2018-11-21,3.307291030883789,3.4309890270233154,3.2747390270233154,3.40494704246521,104415624.0
2018-11-22,3.4114580154418945,3.4309890270233154,3.3528640270233154,3.385416030883789,47356225.0
2018-11-23,3.378906011581421,3.4114580154418945,3.359375,3.3919270038604736,60931415.0
2018-11-26,3.4244790077209473,3.5677080154418945,3.4179680347442627,3.5286450386047363,131107058.0
2018-11-27,3.535156011581421,3.535156011581421,3.463541030883789,3.4700520038604736,48260964.0
2018-11-28,3.4700520038604736,3.5091140270233154,3.4505200386047363,3.4505200386047363,41474715.0
2018-11-29,3.4895830154418945,3.4960930347442627,3.4309890270233154,3.48307204246521,55377368.0
2018-11-30,3.4700520038604736,3.4960930347442627,3.4505200386047363,3.4700520038604736,55032354.0
2018-12-03,3.48307204246521,3.5091140270233154,3.4179680347442627,3.4244790077209473,51173389.0
2018-12-04,3.4114580154418945,3.444010019302368,3.32682204246521,3.378906011581421,41911228.0
2018-12-05,3.3463540077209473,3.3919270038604736,3.3333330154418945,3.365885019302368,27683887.0
2018-12-06,3.3528640270233154,3.3723950386047363,3.3138020038604736,3.3528640270233154,27458680.0
2018-12-07,3.3723950386047363,3.3919270038604736,3.3528640270233154,3.3723950386047363,24798082.0
2018-12-10,3.365885019302368,3.4375,3.359375,3.3919270038604736,58763060.0
2018-12-11,3.398437023162842,3.4114580154418945,3.3333330154418945,3.3463540077209473,32887540.0
2018-12-12,3.3528640270233154,3.359375,3.1966140270233154,3.203125,49904709.0
2018-12-13,3.203125,3.3333330154418945,3.203125,3.32682204246521,39542163.0
2018-12-14,3.3138020038604736,3.3528640270233154,3.242187023162842,3.3463540077209473,59786095.0
2018-12-17,3.359375,3.398437023162842,3.2942700386047363,3.3138020038604736,31908083.0
2018-12-18,3.2942700386047363,3.385416030883789,3.2942700386047363,3.385416030883789,29745718.0
2018-12-19,3.385416030883789,3.457031011581421,3.3528640270233154,3.4375,37043902.0
2018-12-20,3.4114580154418945,3.4309890270233154,3.3528640270233154,3.3723950386047363,42674715.0
2018-12-21,3.378906011581421,3.3919270038604736,3.320312023162842,3.3463540077209473,26867163.0
2018-12-24,3.359375,3.3723950386047363,3.3333330154418945,3.3398430347442627,15461988.0
2018-12-25,3.32682204246521,3.3333330154418945,3.2942700386047363,3.307291030883789,7579135.0
2018-12-26,3.3138020038604736,3.3333330154418945,3.300781011581421,3.300781011581421,8564044.0
2018-12-27,3.320312023162842,3.3333330154418945,3.242187023162842,3.2552080154418945,27211058.0
2018-12-28,3.2747390270233154,3.2942700386047363,3.222656011581421,3.2552080154418945,17959222.0
2018-12-31,3.24869704246521,3.2942700386047363,3.2356770038604736,3.2942700386047363,13477556.0
2019-01-01,3.2942700386047363,3.2942700386047363,3.2942700386047363,3.2942700386047363,0.0
2019-01-02,3.2682290077209473,3.320312023162842,3.1966140270233154,3.229166030883789,39903019.0
2019-01-03,3.1835930347442627,3.242187023162842,3.1184890270233154,3.144531011581421,41716082.0
2019-01-04,3.164062023162842,3.1901040077209473,3.1380200386047363,3.17057204246521,35735582.0
2019-01-07,3.1966140270233154,3.203125,3.1575520038604736,3.1901040077209473,28236231.0
2019-01-08,3.1966140270233154,3.2682290077209473,3.1575520038604736,3.24869704246521,60059443.0
2019-01-09,3.2682290077209473,3.32682204246521,3.229166030883789,3.32682204246521,64462483.0
2019-01-10,3.320312023162842,3.3528640270233154,3.287760019302368,3.32682204246521,56826911.0
2019-01-11,3.320312023162842,3.3333330154418945,3.2617180347442627,3.2747390270233154,36146623.0
2019-01-14,3.2356770038604736,3.3333330154418945,3.222656011581421,3.3138020038604736,39540665.0
2019-01-15,3.3398430347442627,3.385416030883789,3.32682204246521,3.365885019302368,62625755.0
2019-01-16,3.378906011581421,3.4179680347442627,3.3528640270233154,3.4114580154418945,66469856.0
2019-01-17,3.4114580154418945,3.4505200386047363,3.398437023162842,3.4179680347442627,52564815.0
2019-01-18,3.4244790077209473,3.4895830154418945,3.4114580154418945,3.463541030883789,86364272.0
2019-01-21,3.463541030883789,3.600260019302368,3.4375,3.554687023162842,121347095.0
2019-01-22,3.554687023162842,3.6653640270233154,3.535156011581421,3.6523430347442627,100624501.0
2019-01-23,3.678385019302368,3.6848950386047363,3.56119704246521,3.6588540077209473,85519750.0
2019-01-24,3.6523430347442627,3.7630200386047363,3.6263020038604736,3.75,93965184.0
2019-01-25,3.776041030883789,3.8411450386047363,3.7239580154418945,3.834635019302368,86222989.0
2019-01-28,3.828125,3.854166030883789,3.75,3.756510019302368,62725264.0
2019-01-29,3.75,3.867187023162842,3.697916030883789,3.8606770038604736,92030510.0
2019-01-30,3.8802080154418945,3.912760019302368,3.75,3.7825520038604736,63333636.0
2019-01-31,3.834635019302368,3.8802080154418945,3.7304680347442627,3.7630200386047363,79326057.0
2019-02-01,3.776041030883789,3.8151040077209473,3.697916030883789,3.7434890270233154,48228192.0
2019-02-04,3.7304680347442627,3.8085930347442627,3.7239580154418945,3.8020830154418945,44101612.0
2019-02-05,3.828125,3.8802080154418945,3.789062023162842,3.79557204246521,75618269.0
2019-02-06,3.79557204246521,3.8151040077209473,3.710937023162842,3.8020830154418945,50943049.0
2019-02-07,3.789062023162842,3.8151040077209473,3.756510019302368,3.7630200386047363,36935393.0
2019-02-08,3.75,3.789062023162842,3.7239580154418945,3.7369790077209473,33868394.0
2019-02-11,3.776041030883789,3.87369704246521,3.769531011581421,3.854166030883789,63359576.0
2019-02-12,3.867187023162842,3.8997390270233154,3.769531011581421,3.7825520038604736,71190400.0
2019-02-13,3.828125,3.834635019302368,3.6588540077209473,3.691406011581421,49584615.0
2019-02-14,3.691406011581421,3.7369790077209473,3.613281011581421,3.678385019302368,55379613.0
2019-02-15,3.691406011581421,3.7044270038604736,3.5807290077209473,3.600260019302368,52873414.0
2019-02-18,3.600260019302368,3.6588540077209473,3.554687023162842,3.5677080154418945,40042752.0
2019-02-19,3.5677080154418945,3.6588540077209473,3.5091140270233154,3.63932204246521,45139367.0
2019-02-20,3.671875,3.697916030883789,3.59375,3.59375,38385483.0
2019-02-21,3.59375,3.613281011581421,3.554687023162842,3.5742180347442627,34688807.0
2019-02-22,3.59375,3.613281011581421,3.56119704246521,3.5742180347442627,37624940.0
2019-02-25,3.59375,3.6523430347442627,3.5872390270233154,3.600260019302368,71594548.0
2019-02-26,3.59375,3.63932204246521,3.5742180347442627,3.600260019302368,53215274.0
2019-02-27,3.6067700386047363,3.613281011581421,3.5286450386047363,3.541666030883789,48794752.0
2019-02-28,3.5481770038604736,3.613281011581421,3.5481770038604736,3.600260019302368,54239511.0
2019-03-01,3.600260019302368,3.619791030883789,3.5807290077209473,3.6067700386047363,61741711.0
2019-03-04,3.56119704246521,3.56119704246521,3.3398430347442627,3.365885019302368,229720376.0
2019-03-05,3.365885019302368,3.3723950386047363,3.2747390270233154,3.287760019302368,163466179.0
2019-03-06,3.287760019302368,3.320312023162842,3.229166030883789,3.2356770038604736,129864686.0
2019-03-07,3.2356770038604736,3.320312023162842,3.1184890270233154,3.125,212819687.0
2019-03-08,3.1901040077209473,3.229166030883789,3.1575520038604736,3.1770830154418945,117090759.0
2019-03-11,3.209635019302368,3.24869704246521,3.164062023162842,3.203125,96966014.0
2019-03-12,3.203125,3.300781011581421,3.1575520038604736,3.2617180347442627,188133685.0
2019-03-13,3.1966140270233154,3.209635019302368,3.131510019302368,3.164062023162842,90074926.0
2019-03-14,3.151041030883789,3.203125,3.1380200386047363,3.1835930347442627,76024915.0
2019-03-15,3.209635019302368,3.222656011581421,3.1770830154418945,3.203125,117306531.0
2019-03-18,3.2356770038604736,3.2552080154418945,3.209635019302368,3.229166030883789,124664441.0
2019-03-19,3.229166030883789,3.2747390270233154,3.222656011581421,3.2682290077209473,159152232.0
2019-03-20,3.2682290077209473,3.28125,3.1835930347442627,3.1901040077209473,126333918.0
2019-03-21,3.209635019302368,3.2161450386047363,3.151041030883789,3.1575520038604736,75158714.0
2019-03-22,3.1575520038604736,3.1770830154418945,3.0338540077209473,3.046875,124294364.0
2019-03-25,3.0208330154418945,3.0598950386047363,2.9231770038604736,3.0338540077209473,128267758.0
2019-03-26,3.053385019302368,3.053385019302368,2.9622390270233154,2.994791030883789,97973829.0
2019-03-27,2.96875,3.0013020038604736,2.8450520038604736,2.851562023162842,113842764.0
2019-03-28,2.9036450386047363,2.975260019302368,2.8710930347442627,2.9492180347442627,93779546.0
2019-03-29,2.9557290077209473,2.975260019302368,2.93619704246521,2.9557290077209473,59226196.0
2019-04-01,2.9622390270233154,3.01432204246521,2.890625,2.96875,93457935.0
2019-04-02,2.988281011581421,3.0403640270233154,2.975260019302368,3.0013020038604736,59835741.0
2019-04-03,2.988281011581421,3.0403640270233154,2.9817700386047363,2.988281011581421,51329381.0
2019-04-04,2.994791030883789,3.0338540077209473,2.988281011581421,3.0208330154418945,54956749.0
2019-04-05,3.072916030883789,3.1184890270233154,3.0208330154418945,3.053385019302368,90635441.0
2019-04-08,3.0598950386047363,3.066406011581421,3.0013020038604736,3.007812023162842,42162570.0
2019-04-09,3.01432204246521,3.046875,3.007812023162842,3.01432204246521,49422663.0
2019-04-10,3.0273430347442627,3.0403640270233154,3.0013020038604736,3.007812023162842,29852540.0
2019-04-11,3.0013020038604736,3.0208330154418945,2.96875,2.988281011581421,36161393.0
2019-04-12,2.9622390270233154,2.96875,2.910156011581421,2.9427080154418945,40190688.0
2019-04-15,2.9427080154418945,2.9622390270233154,2.9231770038604736,2.929687023162842,31221918.0
2019-04-16,2.9492180347442627,2.9817700386047363,2.9427080154418945,2.9817700386047363,42013260.0
2019-04-17,2.988281011581421,3.1119790077209473,2.9817700386047363,3.066406011581421,177280458.0
2019-04-18,3.072916030883789,3.1575520038604736,3.053385019302368,3.072916030883789,251136735.0
2019-04-19,3.1054680347442627,3.1054680347442627,2.988281011581421,3.0208330154418945,86366380.0
2019-04-22,3.01432204246521,3.01432204246521,2.988281011581421,3.0013020038604736,23011273.0
2019-04-23,3.0013020038604736,3.0013020038604736,3.0013020038604736,3.0013020038604736,0.0
2019-04-24,2.988281011581421,3.007812023162842,2.96875,2.975260019302368,33426651.0
2019-04-25,2.975260019302368,3.0208330154418945,2.93619704246521,2.9427080154418945,51425693.0
2019-04-26,2.9492180347442627,2.9557290077209473,2.9036450386047363,2.93619704246521,40312837.0
2019-04-29,2.9427080154418945,2.9492180347442627,2.8841140270233154,2.916666030883789,26662699.0
2019-04-30,2.9231770038604736,2.929687023162842,2.897135019302368,2.910156011581421,28536339.0
2019-05-01,2.910156011581421,2.910156011581421,2.910156011581421,2.910156011581421,0.0
2019-05-02,2.916666030883789,2.9557290077209473,2.8710930347442627,2.8841140270233154,28707608.0
2019-05-03,2.890625,2.93619704246521,2.8710930347442627,2.916666030883789,28072470.0
2019-05-06,2.897135019302368,2.9036450386047363,2.838541030883789,2.8776040077209473,25515449.0
2019-05-07,2.832031011581421,2.93619704246521,2.819010019302368,2.916666030883789,50580375.0
2019-05-08,2.929687023162842,2.9817700386047363,2.910156011581421,2.9427080154418945,37582193.0
2019-05-09,2.9557290077209473,3.01432204246521,2.9492180347442627,2.9817700386047363,75962245.0
2019-05-10,3.0208330154418945,3.1380200386047363,3.0208330154418945,3.1184890270233154,126631037.0
2019-05-13,3.131510019302368,3.144531011581421,2.988281011581421,3.046875,77502226.0
2019-05-14,2.994791030883789,3.1966140270233154,2.9622390270233154,3.1770830154418945,135012297.0
2019-05-15,3.164062023162842,3.164062023162842,3.066406011581421,3.085937023162842,75758828.0
2019-05-16,3.085937023162842,3.131510019302368,2.988281011581421,3.0013020038604736,87651841.0
2019-05-17,2.9817700386047363,3.0273430347442627,2.96875,3.01432204246521,33730036.0
2019-05-20,3.01432204246521,3.0208330154418945,2.975260019302368,3.01432204246521,31118659.0
2019-05-21,3.0208330154418945,3.072916030883789,2.9557290077209473,2.988281011581421,62396396.0
2019-05-22,2.96875,3.0013020038604736,2.8645830154418945,2.8776040077209473,47800871.0
2019-05-23,2.85807204246521,2.9036450386047363,2.832031011581421,2.8776040077209473,40633981.0
2019-05-24,2.897135019302368,2.9817700386047363,2.890625,2.96875,51672301.0
2019-05-27,2.9817700386047363,3.0208330154418945,2.9557290077209473,2.96875,44829844.0
2019-05-28,2.975260019302368,3.046875,2.96875,3.01432204246521,79530385.0
2019-05-29,2.994791030883789,3.046875,2.9817700386047363,3.0208330154418945,85072134.0
2019-05-30,3.0403640270233154,3.1184890270233154,3.0403640270233154,3.1054680347442627,73951497.0
2019-05-31,3.1119790077209473,3.1575520038604736,3.0794270038604736,3.151041030883789,56706587.0
2019-06-03,3.1380200386047363,3.1575520038604736,3.1054680347442627,3.125,15028942.0
2019-06-04,3.125,3.125,3.125,3.125,0.0
2019-06-05,3.125,3.125,3.125,3.125,0.0
2019-06-06,3.125,3.125,3.125,3.125,0.0
2019-06-07,3.1380200386047363,3.203125,3.125,3.1835930347442627,69146064.0
2019-06-10,3.1835930347442627,3.320312023162842,3.1575520038604736,3.2942700386047363,145856764.0
2019-06-11,3.2942700386047363,3.307291030883789,3.222656011581421,3.2356770038604736,89517685.0
2019-06-12,3.2356770038604736,3.32682204246521,3.2161450386047363,3.2942700386047363,116482907.0
2019-06-13,3.2617180347442627,3.3138020038604736,3.222656011581421,3.2356770038604736,79052871.0
2019-06-14,3.2356770038604736,3.2682290077209473,3.1835930347442627,3.2356770038604736,84590885.0
2019-06-17,3.229166030883789,3.3528640270233154,3.229166030883789,3.3398430347442627,85022853.0
2019-06-18,3.3333330154418945,3.365885019302368,3.2942700386047363,3.3138020038604736,102590784.0
2019-06-19,3.325000047683716,3.358333110809326,3.2750000953674316,3.299999952316284,87049681.0
2019-06-20,3.325000047683716,3.358333110809326,3.2666659355163574,3.2833330631256104,118152925.0
2019-06-21,3.2750000953674316,3.299999952316284,3.233333110809326,3.299999952316284,58831642.0
2019-06-24,3.3499999046325684,3.358333110809326,3.2666659355163574,3.2833330631256104,44348257.0
2019-06-25,3.2750000953674316,3.3166658878326416,3.25,3.2750000953674316,42662158.0
2019-06-26,3.2750000953674316,3.3499999046325684,3.2666659355163574,3.3166658878326416,94776736.0
2019-06-27,3.3416659832000732,3.4083330631256104,3.325000047683716,3.4000000953674316,120706299.0
2019-06-28,3.4083330631256104,3.416666030883789,3.366666078567505,3.375,59236363.0
2019-07-01,3.4416658878326416,3.4749999046325684,3.4083330631256104,3.4749999046325684,99595632.0
2019-07-02,3.4666659832000732,3.4749999046325684,3.416666030883789,3.433332920074463,72245442.0
2019-07-03,3.4416658878326416,3.4583330154418945,3.3833329677581787,3.4000000953674316,73105214.0
2019-07-04,3.4000000953674316,3.416666030883789,3.3416659832000732,3.3833329677581787,45162955.0
2019-07-05,3.3916659355163574,3.424999952316284,3.3416659832000732,3.3499999046325684,71271236.0
2019-07-08,3.299999952316284,3.3333330154418945,3.2750000953674316,3.291666030883789,49966392.0
2019-07-09,3.291666030883789,3.299999952316284,3.1500000953674316,3.1500000953674316,66613098.0
2019-07-10,3.1583330631256104,3.2249999046325684,3.0833330154418945,3.200000047683716,56393330.0
2019-07-11,3.241666078567505,3.2750000953674316,3.200000047683716,3.2249999046325684,54688405.0
2019-07-12,3.2249999046325684,3.308332920074463,3.174999952316284,3.233333110809326,126323350.0
2019-07-15,3.233333110809326,3.233333110809326,3.233333110809326,3.233333110809326,0.0
2019-07-16,3.241666078567505,3.2750000953674316,3.2249999046325684,3.25,40579165.0
2019-07-17,3.2583329677581787,3.366666078567505,3.25,3.3499999046325684,90542106.0
2019-07-18,3.366666078567505,3.4083330631256104,3.3416659832000732,3.3916659355163574,70443800.0
2019-07-19,3.416666030883789,3.4583330154418945,3.3833329677581787,3.416666030883789,97844712.0
2019-07-22,3.424999952316284,3.433332920074463,3.3499999046325684,3.375,47031561.0
2019-07-23,3.3833329677581787,3.4416658878326416,3.375,3.4083330631256104,67304373.0
2019-07-24,3.416666030883789,3.433332920074463,3.3499999046325684,3.3833329677581787,68304691.0
2019-07-25,3.3916659355163574,3.4083330631256104,3.3166658878326416,3.325000047683716,64838911.0
2019-07-26,3.3416659832000732,3.3833329677581787,3.325000047683716,3.366666078567505,52739652.0
2019-07-29,3.366666078567505,3.4083330631256104,3.3416659832000732,3.3916659355163574,48443695.0
2019-07-30,3.4000000953674316,3.4083330631256104,3.3416659832000732,3.358333110809326,51937828.0
2019-07-31,3.358333110809326,3.366666078567505,3.241666078567505,3.2666659355163574,76663514.0
2019-08-01,3.233333110809326,3.2666659355163574,3.2166659832000732,3.233333110809326,44082946.0
2019-08-02,3.2249999046325684,3.2666659355163574,3.166666030883789,3.183332920074463,63562716.0
2019-08-05,3.166666030883789,3.174999952316284,3.116666078567505,3.125,56691338.0
2019-08-06,3.1416659355163574,3.1583330631256104,3.108333110809326,3.116666078567505,48623913.0
2019-08-07,3.1333329677581787,3.1416659355163574,3.0083329677581787,3.049999952316284,61279608.0
2019-08-08,3.058332920074463,3.0666658878326416,2.9000000953674316,2.9416658878326416,118761393.0
2019-08-09,2.9583330154418945,2.983333110809326,2.924999952316284,2.950000047683716,79103086.0
2019-08-12,2.950000047683716,2.950000047683716,2.950000047683716,2.950000047683716,0.0
2019-08-13,2.950000047683716,2.950000047683716,2.950000047683716,2.950000047683716,0.0
2019-08-14,2.950000047683716,2.950000047683716,2.950000047683716,2.950000047683716,0.0
2019-08-15,2.9083330631256104,2.916666030883789,2.8416659832000732,2.858333110809326,70663892.0
2019-08-16,2.8833329677581787,2.9083330631256104,2.8333330154418945,2.858333110809326,60292695.0
2019-08-19,2.8833329677581787,2.8916659355163574,2.7750000953674316,2.791666030883789,64744174.0
2019-08-20,2.799999952316284,2.8833329677581787,2.7750000953674316,2.8499999046325684,68377801.0
2019-08-21,2.858333110809326,2.858333110809326,2.791666030883789,2.808332920074463,54108978.0
2019-08-22,2.808332920074463,2.825000047683716,2.7249999046325684,2.7583329677581787,66440528.0
2019-08-23,2.7666659355163574,2.808332920074463,2.741666078567505,2.799999952316284,49763892.0
2019-08-26,2.7583329677581787,2.8166658878326416,2.75,2.8166658878326416,67855599.0
2019-08-27,2.8333330154418945,2.9000000953674316,2.825000047683716,2.858333110809326,96011341.0
2019-08-28,2.875,2.875,2.799999952316284,2.825000047683716,51429777.0
2019-08-29,2.825000047683716,2.866666078567505,2.8166658878326416,2.8499999046325684,60111240.0
2019-08-30,2.8499999046325684,2.8499999046325684,2.8499999046325684,2.8499999046325684,0.0
2019-09-02,2.866666078567505,2.9416658878326416,2.858333110809326,2.924999952316284,100147491.0
2019-09-03,2.924999952316284,2.9583330154418945,2.9083330631256104,2.933332920074463,86508038.0
2019-09-04,2.950000047683716,2.983333110809326,2.9416658878326416,2.9416658878326416,61100626.0
2019-09-05,2.9583330154418945,2.991666078567505,2.9416658878326416,2.983333110809326,84205699.0
2019-09-06,2.983333110809326,3.0166659355163574,2.924999952316284,2.9416658878326416,87513748.0
2019-09-09,2.9583330154418945,2.983333110809326,2.950000047683716,2.9666659832000732,64508251.0
2019-09-10,2.9749999046325684,3.0166659355163574,2.9666659832000732,2.991666078567505,81498868.0
2019-09-11,3.0083329677581787,3.049999952316284,3.0,3.0250000953674316,101425363.0
2019-09-12,3.0333330631256104,3.049999952316284,3.0083329677581787,3.0333330631256104,86408948.0
2019-09-13,3.0333330631256104,3.075000047683716,3.0250000953674316,3.041666030883789,100754160.0
2019-09-16,3.0166659355163574,3.0166659355163574,2.9000000953674316,2.916666030883789,135308334.0
2019-09-17,2.916666030883789,2.950000047683716,2.8333330154418945,2.950000047683716,169030622.0
2019-09-18,2.9416658878326416,2.9416658878326416,2.8833329677581787,2.9000000953674316,78860917.0
2019-09-19,2.9000000953674316,2.933332920074463,2.858333110809326,2.866666078567505,87185966.0
2019-09-20,2.866666078567505,2.8916659355163574,2.8416659832000732,2.8499999046325684,99911286.0
2019-09-23,2.8416659832000732,2.875,2.825000047683716,2.8499999046325684,82929542.0
2019-09-24,2.875,2.9000000953674316,2.858333110809326,2.8833329677581787,54725283.0
2019-09-25,2.875,2.933332920074463,2.866666078567505,2.924999952316284,64903395.0
2019-09-26,2.933332920074463,2.9583330154418945,2.9083330631256104,2.916666030883789,73993696.0
2019-09-27,2.924999952316284,2.983333110809326,2.916666030883789,2.9666659832000732,109983981.0
2019-09-30,2.991666078567505,3.0250000953674316,2.983333110809326,3.0166659355163574,106901715.0
2019-10-01,3.0166659355163574,3.049999952316284,2.9416658878326416,2.950000047683716,140912430.0
2019-10-02,2.9666659832000732,2.983333110809326,2.9416658878326416,2.950000047683716,93297889.0
2019-10-03,2.9666659832000732,3.0,2.916666030883789,2.933332920074463,79194919.0
2019-10-04,2.950000047683716,2.9666659832000732,2.924999952316284,2.9416658878326416,60834044.0
2019-10-07,2.9416658878326416,2.991666078567505,2.916666030883789,2.933332920074463,120973839.0
2019-10-08,2.916666030883789,2.924999952316284,2.8499999046325684,2.8833329677581787,118454263.0
2019-10-09,2.875,2.8916659355163574,2.8166658878326416,2.825000047683716,71105822.0
2019-10-10,2.825000047683716,2.8333330154418945,2.791666030883789,2.8333330154418945,52380636.0
2019-10-11,2.8416659832000732,2.8916659355163574,2.8333330154418945,2.8833329677581787,65278956.0
2019-10-14,2.866666078567505,2.866666078567505,2.7833330631256104,2.791666030883789,67922480.0
2019-10-15,2.8333330154418945,2.8416659832000732,2.799999952316284,2.8333330154418945,30823657.0
2019-10-16,2.7833330631256104,2.8166658878326416,2.7750000953674316,2.808332920074463,64142119.0
2019-10-17,2.808332920074463,2.858333110809326,2.791666030883789,2.8499999046325684,65359538.0
2019-10-18,2.9416658878326416,2.950000047683716,2.9083330631256104,2.933332920074463,63609878.0
2019-10-21,2.9416658878326416,2.9416658878326416,2.9000000953674316,2.916666030883789,47193194.0
2019-10-22,2.924999952316284,2.9583330154418945,2.916666030883789,2.933332920074463,74271379.0
2019-10-23,2.950000047683716,3.0,2.950000047683716,2.991666078567505,83945407.0
2019-10-24,3.0,3.0166659355163574,2.950000047683716,2.9583330154418945,90618615.0
2019-10-25,2.950000047683716,2.9666659832000732,2.933332920074463,2.950000047683716,45255105.0
2019-10-28,2.950000047683716,2.9583330154418945,2.916666030883789,2.924999952316284,20881098.0
2019-10-30,2.9000000953674316,2.916666030883789,2.875,2.8916659355163574,47505058.0
2019-10-31,2.8916659355163574,2.9000000953674316,2.858333110809326,2.875,44251248.0
2019-11-01,2.866666078567505,2.8833329677581787,2.8333330154418945,2.858333110809326,47518807.0
2019-11-04,2.8833329677581787,2.933332920074463,2.875,2.924999952316284,89719207.0
2019-11-05,2.924999952316284,2.9583330154418945,2.916666030883789,2.916666030883789,74646304.0
2019-11-06,2.933332920074463,2.9666659832000732,2.9083330631256104,2.9583330154418945,81899824.0
2019-11-07,3.0,3.0833330154418945,3.0,3.075000047683716,207227791.0
2019-11-08,3.0666658878326416,3.116666078567505,3.0333330631256104,3.108333110809326,165431790.0
2019-11-11,3.0916659832000732,3.108333110809326,3.041666030883789,3.058332920074463,139137867.0
2019-11-12,3.0666658878326416,3.108333110809326,3.058332920074463,3.075000047683716,101379602.0
2019-11-13,3.0833330154418945,3.0999999046325684,3.058332920074463,3.0666658878326416,64369536.0
2019-11-14,3.058332920074463,3.0833330154418945,3.0250000953674316,3.0333330631256104,90890953.0
2019-11-15,3.041666030883789,3.058332920074463,3.0333330631256104,3.049999952316284,45749516.0
2019-11-18,3.058332920074463,3.125,3.049999952316284,3.0916659832000732,129587047.0
2019-11-19,3.0999999046325684,3.116666078567505,3.075000047683716,3.116666078567505,87802743.0
2019-11-20,3.108333110809326,3.166666030883789,3.0999999046325684,3.1333329677581787,225458196.0
2019-11-21,3.1333329677581787,3.1500000953674316,3.0916659832000732,3.108333110809326,99143271.0
2019-11-22,3.116666078567505,3.1333329677581787,3.0833330154418945,3.0999999046325684,89757944.0
2019-11-25,3.108333110809326,3.125,3.041666030883789,3.058332920074463,131546541.0
2019-11-26,3.058332920074463,3.058332920074463,3.0083329677581787,3.049999952316284,82506718.0
2019-11-27,3.041666030883789,3.049999952316284,3.0,3.0,88051598.0
2019-11-28,3.0083329677581787,3.0250000953674316,2.991666078567505,3.0250000953674316,132163927.0
2019-11-29,3.0250000953674316,3.0333330631256104,2.991666078567505,2.991666078567505,60049561.0
2019-12-02,3.0083329677581787,3.0333330631256104,3.0,3.0166659355163574,75064608.0
2019-12-03,3.0,3.0166659355163574,2.9749999046325684,2.983333110809326,99417960.0
2019-12-04,2.983333110809326,3.0083329677581787,2.9666659832000732,3.0083329677581787,104395070.0
2019-12-05,3.0166659355163574,3.0333330631256104,3.0083329677581787,3.0250000953674316,111359250.0
2019-12-06,3.0250000953674316,3.0250000953674316,2.983333110809326,2.991666078567505,60749356.0
2019-12-09,2.991666078567505,3.0083329677581787,2.9749999046325684,2.991666078567505,60299848.0
2019-12-10,2.983333110809326,3.0166659355163574,2.9666659832000732,2.9749999046325684,95973822.0
2019-12-11,2.9666659832000732,3.0083329677581787,2.9416658878326416,3.0,131590694.0
2019-12-12,3.0083329677581787,3.041666030883789,3.0,3.0250000953674316,204189370.0
2019-12-13,3.0333330631256104,3.058332920074463,2.991666078567505,3.0083329677581787,138525036.0
2019-12-16,3.0083329677581787,3.0333330631256104,2.991666078567505,3.0250000953674316,73398291.0
2019-12-17,3.0250000953674316,3.049999952316284,3.0166659355163574,3.0333330631256104,78474541.0
2019-12-18,3.0166659355163574,3.0250000953674316,3.0,3.0083329677581787,69176907.0
2019-12-19,3.0,3.0166659355163574,2.991666078567505,3.0,55052166.0
2019-12-20,3.0083329677581787,3.0250000953674316,3.0,3.0083329677581787,47374428.0
2019-12-23,3.0166659355163574,3.108333110809326,3.0083329677581787,3.0999999046325684,127697265.0
2019-12-24,3.125,3.1500000953674316,3.108333110809326,3.1333329677581787,141508843.0
2019-12-25,3.1416659355163574,3.1416659355163574,3.0999999046325684,3.116666078567505,55278603.0
2019-12-26,3.116666078567505,3.1416659355163574,3.0833330154418945,3.108333110809326,93260224.0
2019-12-27,3.108333110809326,3.116666078567505,3.0666658878326416,3.0833330154418945,80795688.0
2019-12-30,3.0833330154418945,3.125,3.075000047683716,3.116666078567505,85576995.0
2019-12-31,3.125,3.2083330154418945,3.116666078567505,3.166666030883789,169390922.0
2020-01-02,3.1916658878326416,3.2583329677581787,3.1916658878326416,3.25,225921846.0
2020-01-03,3.2249999046325684,3.2249999046325684,3.116666078567505,3.166666030883789,248993690.0
2020-01-06,3.125,3.125,3.041666030883789,3.058332920074463,126290880.0
2020-01-07,3.0833330154418945,3.108333110809326,3.075000047683716,3.0916659832000732,81575614.0
2020-01-08,3.041666030883789,3.0999999046325684,3.0250000953674316,3.075000047683716,168485415.0
2020-01-09,3.1583330631256104,3.2583329677581787,3.1333329677581787,3.2583329677581787,288137581.0
2020-01-10,3.2666659355163574,3.299999952316284,3.25,3.2666659355163574,210824331.0
2020-01-13,3.291666030883789,3.4083330631256104,3.2833330631256104,3.4000000953674316,440646708.0
2020-01-14,3.416666030883789,3.4749999046325684,3.366666078567505,3.450000047683716,288780974.0
2020-01-15,3.424999952316284,3.450000047683716,3.366666078567505,3.375,218172235.0
2020-01-16,3.3916659355163574,3.424999952316284,3.325000047683716,3.3499999046325684,246938018.0
2020-01-17,3.366666078567505,3.3833329677581787,3.3166658878326416,3.3416659832000732,167614148.0
2020-01-20,3.3499999046325684,3.424999952316284,3.3499999046325684,3.424999952316284,296314969.0
2020-01-21,3.4000000953674316,3.4416658878326416,3.375,3.424999952316284,199830739.0
2020-01-22,3.424999952316284,3.450000047683716,3.366666078567505,3.375,196614250.0
2020-01-23,3.366666078567505,3.4000000953674316,3.358333110809326,3.375,146512225.0
2020-01-24,3.3916659355163574,3.4083330631256104,3.3333330154418945,3.3916659355163574,230301510.0
2020-01-27,3.358333110809326,3.450000047683716,3.3499999046325684,3.3916659355163574,259452412.0
2020-01-28,3.424999952316284,3.4416658878326416,3.375,3.4083330631256104,192665322.0
2020-01-29,3.433332920074463,3.4416658878326416,3.366666078567505,3.375,173487403.0
2020-01-30,3.3499999046325684,3.358333110809326,3.3166658878326416,3.358333110809326,125707398.0
2020-01-31,3.366666078567505,3.3916659355163574,3.3499999046325684,3.366666078567505,107184619.0
2020-02-03,3.358333110809326,3.424999952316284,3.3499999046325684,3.424999952316284,159564674.0
2020-02-04,3.4583330154418945,3.541666030883789,3.450000047683716,3.5333330631256104,249390956.0
2020-02-05,3.541666030883789,3.549999952316284,3.483333110809326,3.5083329677581787,178104607.0
2020-02-06,3.541666030883789,3.541666030883789,3.483333110809326,3.5,109094901.0
2020-02-07,3.491666078567505,3.5,3.416666030883789,3.433332920074463,106461020.0
2020-02-10,3.4000000953674316,3.424999952316284,3.25,3.3333330154418945,209450356.0
2020-02-11,3.3499999046325684,3.3833329677581787,3.291666030883789,3.3833329677581787,152155687.0
2020-02-12,3.375,3.416666030883789,3.358333110809326,3.3833329677581787,133242675.0
2020-02-13,3.3833329677581787,3.433332920074463,3.375,3.4083330631256104,116781954.0
2020-02-14,3.4083330631256104,3.4583330154418945,3.4083330631256104,3.4583330154418945,157974298.0
2020-02-17,3.491666078567505,3.5083329677581787,3.450000047683716,3.4749999046325684,157350338.0
2020-02-18,3.450000047683716,3.450000047683716,3.375,3.4000000953674316,128337000.0
2020-02-19,3.416666030883789,3.416666030883789,3.3499999046325684,3.3916659355163574,119759316.0
2020-02-20,3.3833329677581787,3.3916659355163574,3.2750000953674316,3.291666030883789,132637719.0
2020-02-21,3.2583329677581787,3.3333330154418945,3.2166659832000732,3.325000047683716,136630292.0
2020-02-24,3.2750000953674316,3.2750000953674316,3.2166659832000732,3.2666659355163574,107532721.0
2020-02-25,3.291666030883789,3.308332920074463,3.241666078567505,3.2666659355163574,99661749.0
2020-02-26,3.25,3.2750000953674316,3.2166659832000732,3.2583329677581787,110485360.0
2020-02-27,3.2249999046325684,3.25,3.116666078567505,3.125,102751224.0
2020-02-28,2.916666030883789,3.058332920074463,2.8333330154418945,3.0250000953674316,72054939.0
2020-03-02,3.0916659832000732,3.125,3.058332920074463,3.0916659832000732,68743576.0
2020-03-03,3.125,3.174999952316284,3.108333110809326,3.1500000953674316,88888765.0
2020-03-04,3.1500000953674316,3.183332920074463,3.075000047683716,3.0916659832000732,89053128.0
2020-03-05,3.116666078567505,3.1500000953674316,3.058332920074463,3.075000047683716,72118233.0
2020-03-06,3.0666658878326416,3.0916659832000732,2.9416658878326416,2.950000047683716,86649948.0
2020-03-09,2.875,2.916666030883789,2.7666659355163574,2.799999952316284,84995320.0
2020-03-10,2.875,2.9000000953674316,2.7666659355163574,2.7833330631256104,71549476.0
2020-03-11,2.7833330631256104,2.7833330631256104,2.7833330631256104,2.7833330631256104,0.0
2020-03-12,2.625,2.683332920074463,2.491666078567505,2.5083329677581787,66374896.0
2020-03-13,2.5,2.7083330154418945,2.433332920074463,2.616666078567505,113603650.0
2020-03-16,2.5166659355163574,2.549999952316284,2.3916659355163574,2.4416658878326416,67645561.0
2020-03-17,2.4583330154418945,2.4749999046325684,2.200000047683716,2.3416659832000732,112864250.0
2020-03-18,2.308332920074463,2.4083330631256104,2.2750000953674316,2.3499999046325684,48488604.0
2020-03-19,2.3166658878326416,2.450000047683716,2.299999952316284,2.433332920074463,81797083.0
2020-03-20,2.4666659832000732,2.5250000953674316,2.4416658878326416,2.491666078567505,56536417.0
2020-03-23,2.4000000953674316,2.483333110809326,2.3499999046325684,2.4416658878326416,51728271.0
2020-03-24,2.549999952316284,2.6416659355163574,2.541666030883789,2.6333329677581787,78138075.0
2020-03-25,2.6500000953674316,2.6916658878326416,2.549999952316284,2.5916659832000732,112650319.0
2020-03-26,2.5833330154418945,2.6333329677581787,2.5666658878326416,2.6333329677581787,79035031.0
2020-03-27,2.616666078567505,2.625,2.5,2.5166659355163574,64487998.0
2020-03-30,2.5083329677581787,2.5250000953674316,2.4666659832000732,2.5,38457999.0
2020-03-31,2.5333330631256104,2.558332920074463,2.5083329677581787,2.5250000953674316,55082239.0
2020-04-01,2.483333110809326,2.7750000953674316,2.4749999046325684,2.7750000953674316,151355860.0
2020-04-02,3.049999952316284,3.049999952316284,2.791666030883789,2.8833329677581787,853936582.0
2020-04-03,2.8916659355163574,2.9416658878326416,2.799999952316284,2.8499999046325684,343314819.0
2020-04-06,2.875,2.9083330631256104,2.8416659832000732,2.875,180384543.0
2020-04-07,2.9000000953674316,2.933332920074463,2.8416659832000732,2.8499999046325684,240371737.0
2020-04-08,2.8499999046325684,2.875,2.808332920074463,2.8499999046325684,71044957.0
2020-04-09,2.8499999046325684,2.8916659355163574,2.825000047683716,2.875,106166228.0
2020-04-10,2.866666078567505,2.924999952316284,2.8416659832000732,2.866666078567505,166507668.0
2020-04-13,2.8333330154418945,2.875,2.825000047683716,2.8333330154418945,81043554.0
2020-04-14,2.858333110809326,2.924999952316284,2.8499999046325684,2.875,215022217.0
2020-04-15,2.875,2.8833329677581787,2.7583329677581787,2.808332920074463,128317435.0
2020-04-16,2.825000047683716,2.8333330154418945,2.791666030883789,2.808332920074463,70493790.0
2020-04-17,2.866666078567505,2.875,2.8333330154418945,2.8499999046325684,81590434.0
2020-04-20,2.8499999046325684,2.9000000953674316,2.8416659832000732,2.8833329677581787,109058034.0
2020-04-21,2.866666078567505,2.8833329677581787,2.8333330154418945,2.8499999046325684,69532928.0
2020-04-22,2.858333110809326,2.8833329677581787,2.8499999046325684,2.866666078567505,70541275.0
2020-04-24,2.858333110809326,2.983333110809326,2.8499999046325684,2.8833329677581787,128750122.0
2020-04-27,2.916666030883789,2.950000047683716,2.9083330631256104,2.924999952316284,97639828.0
2020-04-28,2.924999952316284,2.9749999046325684,2.9000000953674316,2.924999952316284,121297568.0
2020-04-29,2.933332920074463,3.0250000953674316,2.924999952316284,2.991666078567505,219727036.0
2020-04-30,3.0083329677581787,3.049999952316284,2.924999952316284,2.9749999046325684,176305593.0
2020-05-04,2.9083330631256104,2.924999952316284,2.858333110809326,2.9000000953674316,61546135.0
2020-05-05,2.9083330631256104,2.916666030883789,2.875,2.8916659355163574,55910331.0
2020-05-06,2.9083330631256104,3.0,2.8916659355163574,2.983333110809326,154103481.0
2020-05-07,2.983333110809326,3.049999952316284,2.9583330154418945,2.991666078567505,127536644.0
2020-05-08,3.0166659355163574,3.058332920074463,3.0,3.041666030883789,114910950.0
2020-05-11,3.0916659832000732,3.125,3.075000047683716,3.125,107907524.0
2020-05-12,3.108333110809326,3.1416659355163574,3.0250000953674316,3.058332920074463,116627598.0
2020-05-13,3.058332920074463,3.0666658878326416,3.0166659355163574,3.0250000953674316,60350698.0
2020-05-14,3.0,3.0333330631256104,2.9416658878326416,2.9583330154418945,61693261.0
2020-05-15,2.933332920074463,2.9416658878326416,2.8833329677581787,2.9000000953674316,63249297.0
2020-05-18,2.9083330631256104,2.9666659832000732,2.8916659355163574,2.916666030883789,80047293.0
2020-05-20,2.924999952316284,2.9416658878326416,2.9083330631256104,2.916666030883789,34931878.0
2020-05-21,2.916666030883789,2.950000047683716,2.9000000953674316,2.9000000953674316,46308932.0
2020-05-22,2.8916659355163574,2.916666030883789,2.875,2.9000000953674316,38375468.0
2020-05-27,2.933332920074463,2.9749999046325684,2.916666030883789,2.9416658878326416,83336281.0
2020-05-28,2.9583330154418945,2.9749999046325684,2.933332920074463,2.9416658878326416,56814777.0
2020-05-29,2.924999952316284,2.991666078567505,2.924999952316284,2.9416658878326416,88709102.0
2020-06-01,2.9583330154418945,3.0250000953674316,2.950000047683716,3.0250000953674316,138886986.0
2020-06-02,3.041666030883789,3.049999952316284,2.991666078567505,3.0333330631256104,107444592.0
2020-06-03,3.041666030883789,3.075000047683716,3.0333330631256104,3.058332920074463,101312974.0
2020-06-04,3.0999999046325684,3.2166659832000732,3.0999999046325684,3.2083330154418945,322642647.0
2020-06-05,3.2166659832000732,3.2249999046325684,3.125,3.1416659355163574,140918414.0
2020-06-08,3.1500000953674316,3.2166659832000732,3.1333329677581787,3.1500000953674316,185239557.0
2020-06-09,3.1583330631256104,3.174999952316284,3.0916659832000732,3.125,105749690.0
2020-06-10,3.1333329677581787,3.183332920074463,3.125,3.166666030883789,126425872.0
2020-06-11,3.1333329677581787,3.291666030883789,3.125,3.2833330631256104,254988542.0
2020-06-12,3.2666659355163574,3.3166658878326416,3.2583329677581787,3.291666030883789,184311230.0
2020-06-15,3.2583329677581787,3.325000047683716,3.25,3.25,124953126.0
2020-06-16,3.2750000953674316,3.3166658878326416,3.2666659355163574,3.2833330631256104,109274571.0
2020-06-17,3.2833330631256104,3.308332920074463,3.2249999046325684,3.233333110809326,97178604.0
2020-06-18,3.233333110809326,3.3916659355163574,3.233333110809326,3.358333110809326,245659293.0
2020-06-19,3.3916659355163574,3.4749999046325684,3.3833329677581787,3.4416658878326416,277090191.0
2020-06-22,3.4666659832000732,3.491666078567505,3.424999952316284,3.433332920074463,136490076.0
2020-06-23,3.450000047683716,3.558332920074463,3.416666030883789,3.4583330154418945,302437226.0
2020-06-24,3.4583330154418945,3.608333110809326,3.4416658878326416,3.549999952316284,283373488.0
2020-06-25,3.558332920074463,3.5833330154418945,3.491666078567505,3.5250000953674316,121311842.0
2020-06-26,3.549999952316284,3.608333110809326,3.5333330631256104,3.549999952316284,143886146.0
2020-06-29,3.549999952316284,3.575000047683716,3.5083329677581787,3.5250000953674316,70929016.0
2020-06-30,3.5250000953674316,3.5999999046325684,3.5166659355163574,3.575000047683716,123892396.0
2020-07-01,3.575000047683716,3.5833330154418945,3.450000047683716,3.483333110809326,122845293.0
2020-07-02,3.491666078567505,3.558332920074463,3.491666078567505,3.549999952316284,112211691.0
2020-07-03,3.558332920074463,3.5666658878326416,3.4416658878326416,3.4749999046325684,120680454.0
2020-07-06,3.5083329677581787,3.575000047683716,3.5,3.5333330631256104,107645121.0
2020-07-07,3.549999952316284,3.7249999046325684,3.5,3.6916658878326416,486021962.0
2020-07-08,3.700000047683716,3.7166659832000732,3.575000047683716,3.5999999046325684,379105228.0
2020-07-09,3.608333110809326,3.666666030883789,3.433332920074463,3.5333330631256104,319576947.0
2020-07-10,3.5333330631256104,3.5333330631256104,3.416666030883789,3.4749999046325684,143956942.0
2020-07-13,3.5166659355163574,3.6416659355163574,3.5083329677581787,3.608333110809326,171232851.0
2020-07-14,3.5833330154418945,3.5999999046325684,3.5083329677581787,3.5333330631256104,123929091.0
2020-07-16,3.541666030883789,3.608333110809326,3.5333330631256104,3.558332920074463,98365254.0
2020-07-17,3.558332920074463,3.5666658878326416,3.5250000953674316,3.5333330631256104,47467113.0
2020-07-20,3.5250000953674316,3.616666078567505,3.5,3.608333110809326,130494614.0
2020-07-21,3.625,3.6416659355163574,3.491666078567505,3.541666030883789,144387290.0
2020-07-22,3.549999952316284,3.5999999046325684,3.491666078567505,3.5333330631256104,155761880.0
2020-07-23,3.549999952316284,3.5916659832000732,3.5166659355163574,3.5333330631256104,108068269.0
2020-07-24,3.5166659355163574,3.549999952316284,3.5,3.5166659355163574,46192567.0
2020-07-27,3.541666030883789,3.5666658878326416,3.5166659355163574,3.541666030883789,77554765.0
2020-07-28,3.541666030883789,3.549999952316284,3.3833329677581787,3.3916659355163574,97144077.0
2020-07-29,3.375,3.4000000953674316,3.2083330154418945,3.2583329677581787,123708332.0
2020-07-30,3.2583329677581787,3.2666659355163574,3.2166659832000732,3.2583329677581787,23702696.0
2020-08-04,3.291666030883789,3.3166658878326416,3.0083329677581787,3.0083329677581787,70933018.0
2020-08-05,3.0916659832000732,3.108333110809326,2.991666078567505,3.058332920074463,113506053.0
2020-08-06,3.058332920074463,3.075000047683716,2.9000000953674316,2.933332920074463,83514277.0
2020-08-07,2.924999952316284,3.041666030883789,2.799999952316284,3.0333330631256104,89202481.0
2020-08-10,3.0166659355163574,3.0833330154418945,2.9583330154418945,3.049999952316284,64884232.0
2020-08-11,3.049999952316284,3.1500000953674316,3.041666030883789,3.125,116400187.0
2020-08-12,3.1333329677581787,3.1500000953674316,3.0666658878326416,3.1416659355163574,61396393.0
2020-08-13,3.1500000953674316,3.174999952316284,3.0666658878326416,3.075000047683716,84468316.0
2020-08-14,3.0333330631256104,3.058332920074463,3.0,3.0250000953674316,30566072.0
2020-08-17,3.0999999046325684,3.2249999046325684,3.0916659832000732,3.1916658878326416,192537326.0
2020-08-18,3.200000047683716,3.233333110809326,3.166666030883789,3.200000047683716,54733174.0
2020-08-19,3.2083330154418945,3.5250000953674316,3.200000047683716,3.5250000953674316,247395034.0
2020-08-20,3.6416659355163574,3.875,3.608333110809326,3.875,1048482816.0
2020-08-21,4.133333206176758,4.133333206176758,3.491666078567505,3.491666078567505,467449164.0
2020-08-24,3.433332920074463,3.549999952316284,3.4083330631256104,3.4416658878326416,949471363.0
2020-08-25,3.4749999046325684,3.5166659355163574,3.3833329677581787,3.4083330631256104,404785526.0
2020-08-26,3.4416658878326416,3.4583330154418945,3.2750000953674316,3.3499999046325684,335825685.0
2020-08-27,3.3833329677581787,3.416666030883789,3.3166658878326416,3.4083330631256104,233939214.0
2020-08-28,3.424999952316284,3.4583330154418945,3.3499999046325684,3.366666078567505,305060995.0
2020-08-31,3.366666078567505,3.366666078567505,3.233333110809326,3.2666659355163574,173638896.0
2020-09-01,3.2750000953674316,3.325000047683716,3.2166659832000732,3.299999952316284,219713314.0
2020-09-02,3.291666030883789,3.3499999046325684,3.2666659355163574,3.291666030883789,201648708.0
2020-09-03,3.299999952316284,3.308332920074463,3.2166659832000732,3.233333110809326,100471461.0
2020-09-04,3.2249999046325684,3.299999952316284,3.2166659832000732,3.2583329677581787,160036882.0
2020-09-07,3.2750000953674316,3.366666078567505,3.2666659355163574,3.3416659832000732,186636436.0
2020-09-08,3.358333110809326,3.4416658878326416,3.308332920074463,3.424999952316284,232622818.0
2020-09-09,3.424999952316284,3.7583329677581787,3.4000000953674316,3.7583329677581787,898482352.0
2020-09-10,3.7249999046325684,3.733333110809326,3.549999952316284,3.5666658878326416,693129541.0
2020-09-11,3.558332920074463,3.6416659355163574,3.483333110809326,3.5333330631256104,473065158.0
2020-09-14,3.5833330154418945,3.6416659355163574,3.575000047683716,3.5916659832000732,245463092.0
2020-09-15,3.5999999046325684,3.7166659832000732,3.549999952316284,3.6583330631256104,501180776.0
2020-09-16,3.683332920074463,3.700000047683716,3.616666078567505,3.625,193555058.0
2020-09-17,3.5916659832000732,3.6583330631256104,3.5833330154418945,3.6416659355163574,171104900.0
2020-09-18,3.6583330631256104,3.7166659832000732,3.6333329677581787,3.6916658878326416,258108441.0
2020-09-21,3.6583330631256104,3.674999952316284,3.483333110809326,3.491666078567505,151889371.0
2020-09-22,3.4749999046325684,3.558332920074463,3.4416658878326416,3.541666030883789,217059327.0
2020-09-23,3.4666659832000732,3.5333330631256104,3.3916659355163574,3.483333110809326,370880929.0
2020-09-24,3.450000047683716,3.5250000953674316,3.4416658878326416,3.5,129250454.0
2020-09-25,3.5166659355163574,3.5666658878326416,3.483333110809326,3.5333330631256104,190136736.0
2020-09-28,3.483333110809326,3.5333330631256104,3.4666659832000732,3.491666078567505,165963223.0
2020-09-29,3.491666078567505,3.5333330631256104,3.450000047683716,3.4583330154418945,144941514.0
2020-09-30,3.483333110809326,3.5083329677581787,3.4666659832000732,3.491666078567505,76442652.0
2020-10-01,3.5083329677581787,3.5333330631256104,3.4749999046325684,3.483333110809326,132704835.0
2020-10-02,3.4583330154418945,3.575000047683716,3.4583330154418945,3.541666030883789,202499767.0
2020-10-05,3.5666658878326416,3.6416659355163574,3.5666658878326416,3.616666078567505,143334770.0
2020-10-06,3.6333329677581787,3.6416659355163574,3.5666658878326416,3.5916659832000732,141575185.0
2020-10-07,3.5666658878326416,3.683332920074463,3.558332920074463,3.666666030883789,247088906.0
2020-10-08,3.7083330154418945,3.7833330631256104,3.625,3.700000047683716,338576852.0
2020-10-09,3.7083330154418945,3.866666078567505,3.674999952316284,3.8416659832000732,556232078.0
2020-10-12,3.858333110809326,3.9666659832000732,3.8166658878326416,3.858333110809326,466372029.0
2020-10-13,3.858333110809326,3.8916659355163574,3.7750000953674316,3.7833330631256104,142247744.0
2020-10-14,3.7833330631256104,4.125,3.7833330631256104,4.041666030883789,329758252.0
2020-10-15,4.008333206176758,4.041666030883789,3.8916659355163574,3.9083330631256104,503457852.0
2020-10-16,3.950000047683716,3.983333110809326,3.8916659355163574,3.8916659355163574,299027066.0
2020-10-19,3.791666030883789,3.8166658878326416,3.7166659832000732,3.733333110809326,198862086.0
2020-10-20,3.733333110809326,3.7750000953674316,3.666666030883789,3.741666078567505,204443799.0
2020-10-21,3.7750000953674316,3.7833330631256104,3.683332920074463,3.6916658878326416,100671228.0
2020-10-22,3.6916658878326416,3.7166659832000732,3.5999999046325684,3.608333110809326,162252728.0
2020-10-23,3.5916659832000732,3.625,3.4666659832000732,3.5166659355163574,138421573.0
2020-10-26,3.483333110809326,3.491666078567505,3.2666659355163574,3.2750000953674316,210034684.0
2020-10-27,3.2750000953674316,3.5083329677581787,3.241666078567505,3.4749999046325684,242235891.0
2020-10-28,3.4583330154418945,3.491666078567505,3.3416659832000732,3.358333110809326,90290970.0
2020-10-30,3.299999952316284,3.5250000953674316,3.2666659355163574,3.424999952316284,309602545.0
2020-11-02,3.433332920074463,3.5,3.4083330631256104,3.433332920074463,181647450.0
2020-11-03,3.433332920074463,3.5666658878326416,3.433332920074463,3.5,344092696.0
2020-11-04,3.5166659355163574,3.558332920074463,3.4749999046325684,3.541666030883789,257797216.0
2020-11-05,3.575000047683716,3.6416659355163574,3.5,3.541666030883789,284150978.0
2020-11-06,3.541666030883789,3.5999999046325684,3.5250000953674316,3.5833330154418945,205555306.0
2020-11-09,3.6333329677581787,3.7666659355163574,3.5916659832000732,3.666666030883789,504123398.0
2020-11-10,3.625,3.7666659355163574,3.616666078567505,3.75,246874548.0
2020-11-11,3.7833330631256104,3.875,3.733333110809326,3.8416659832000732,392291109.0
2020-11-12,3.8333330154418945,3.9749999046325684,3.8166658878326416,3.866666078567505,465837960.0
2020-11-13,3.933332920074463,3.983333110809326,3.8916659355163574,3.9583330154418945,328676055.0
2020-11-16,3.991666078567505,4.016665935516357,3.9000000953674316,3.924999952316284,194246521.0
2020-11-17,3.8833329677581787,3.9083330631256104,3.733333110809326,3.75,140811812.0
2020-11-18,3.7666659355163574,3.950000047683716,3.7666659355163574,3.9083330631256104,204695160.0
2020-11-19,3.9416658878326416,4.125,3.9083330631256104,4.0833330154418945,391829449.0
2020-11-20,4.079999923706055,4.179999828338623,4.03000020980835,4.039999961853027,148178673.0
2020-11-23,4.050000190734863,4.050000190734863,3.880000114440918,3.930000066757202,139443557.0
2020-11-24,3.950000047683716,4.039999961853027,3.9100000858306885,4.039999961853027,146411884.0
2020-11-25,4.090000152587891,4.159999847412109,4.050000190734863,4.090000152587891,249224331.0
2020-11-26,4.119999885559082,4.139999866485596,4.059999942779541,4.130000114440918,143354943.0
2020-11-27,4.150000095367432,4.28000020980835,4.119999885559082,4.25,400370917.0
2020-11-30,4.179999828338623,4.340000152587891,4.159999847412109,4.210000038146973,410741381.0
2020-12-01,4.269999980926514,4.300000190734863,4.199999809265137,4.269999980926514,223626562.0
2020-12-02,4.260000228881836,4.349999904632568,4.21999979019165,4.239999771118164,291632829.0
2020-12-03,4.239999771118164,4.400000095367432,4.210000038146973,4.260000228881836,446213463.0
2020-12-04,4.269999980926514,4.679999828338623,4.25,4.630000114440918,1072409035.0
2020-12-07,4.769999980926514,5.090000152587891,4.769999980926514,5.070000171661377,933022321.0
2020-12-08,5.190000057220459,5.25,4.869999885559082,4.909999847412109,921154231.0
2020-12-09,4.900000095367432,4.96999979019165,4.71999979019165,4.730000019073486,485118679.0
2020-12-10,4.769999980926514,4.869999885559082,4.699999809265137,4.739999771118164,343992286.0
2020-12-11,4.730000019073486,4.869999885559082,4.71999979019165,4.789999961853027,354580079.0
2020-12-14,4.820000171661377,5.0,4.800000190734863,4.860000133514404,458558794.0
2020-12-15,4.940000057220459,5.0,4.889999866485596,4.949999809265137,333566503.0
2020-12-16,4.96999979019165,5.0,4.789999961853027,4.820000171661377,216192902.0
2020-12-17,4.849999904632568,4.860000133514404,4.75,4.769999980926514,152983803.0
2020-12-18,4.760000228881836,4.900000095367432,4.739999771118164,4.869999885559082,185299462.0
2020-12-21,4.800000190734863,4.829999923706055,4.659999847412109,4.730000019073486,166201463.0
2020-12-22,4.760000228881836,4.929999828338623,4.760000228881836,4.869999885559082,208580899.0
2020-12-23,4.889999866485596,5.110000133514404,4.880000114440918,5.050000190734863,291504185.0
2020-12-24,5.059999942779541,5.170000076293945,4.96999979019165,5.119999885559082,355886578.0
2020-12-25,5.110000133514404,5.179999828338623,4.989999771118164,5.03000020980835,98666212.0
2020-12-28,5.039999961853027,5.059999942779541,4.920000076293945,4.96999979019165,130809710.0
2020-12-29,4.96999979019165,5.070000171661377,4.920000076293945,5.050000190734863,179808183.0
2020-12-30,5.059999942779541,5.110000133514404,5.019999980926514,5.059999942779541,129714594.0
2020-12-31,5.070000171661377,5.099999904632568,4.980000019073486,5.0,93781467.0
2021-01-04,5.019999980926514,5.050000190734863,4.980000019073486,4.989999771118164,87869935.0
2021-01-05,4.96999979019165,5.329999923706055,4.940000057220459,5.269999980926514,484908975.0
2021-01-06,5.320000171661377,5.349999904632568,5.150000095367432,5.170000076293945,245537704.0
2021-01-07,5.210000038146973,5.289999961853027,5.179999828338623,5.260000228881836,164072578.0
2021-01-08,5.28000020980835,5.369999885559082,5.210000038146973,5.260000228881836,193330270.0
2021-01-11,5.260000228881836,5.369999885559082,5.170000076293945,5.239999771118164,194498885.0
2021-01-12,5.269999980926514,5.360000133514404,5.21999979019165,5.28000020980835,216461695.0
2021-01-13,5.309999942779541,5.349999904632568,5.159999847412109,5.190000057220459,225361344.0
2021-01-14,5.199999809265137,5.239999771118164,5.070000171661377,5.079999923706055,174730351.0
2021-01-15,5.050000190734863,5.119999885559082,4.989999771118164,5.079999923706055,115587240.0
2021-01-18,5.070000171661377,5.139999866485596,5.010000228881836,5.130000114440918,118461095.0
2021-01-19,5.150000095367432,5.260000228881836,5.110000133514404,5.150000095367432,171106637.0
2021-01-20,5.159999847412109,5.21999979019165,5.130000114440918,5.179999828338623,108851991.0
2021-01-21,5.190000057220459,5.230000019073486,5.059999942779541,5.090000152587891,104741278.0
2021-01-22,5.059999942779541,5.139999866485596,5.0,5.130000114440918,120433092.0
2021-01-25,5.190000057220459,5.309999942779541,5.150000095367432,5.25,288397330.0
2021-01-26,5.230000019073486,5.260000228881836,5.070000171661377,5.079999923706055,147137773.0
2021-01-27,5.079999923706055,5.159999847412109,4.869999885559082,4.869999885559082,154614163.0
2021-01-28,4.820000171661377,5.050000190734863,4.760000228881836,5.039999961853027,147229478.0
2021-01-29,4.949999809265137,5.119999885559082,4.940000057220459,5.0,132308339.0
2021-02-01,5.039999961853027,5.139999866485596,5.039999961853027,5.079999923706055,94641308.0
2021-02-02,5.130000114440918,5.179999828338623,5.039999961853027,5.059999942779541,130835261.0
2021-02-03,5.079999923706055,5.099999904632568,5.03000020980835,5.079999923706055,103599001.0
2021-02-04,5.079999923706055,5.210000038146973,5.079999923706055,5.119999885559082,150844153.0
2021-02-05,5.150000095367432,5.28000020980835,5.090000152587891,5.139999866485596,165769005.0
2021-02-08,5.190000057220459,5.25,5.070000171661377,5.190000057220459,217530942.0
2021-02-09,5.210000038146973,5.440000057220459,5.190000057220459,5.289999961853027,297275830.0
2021-02-10,5.329999923706055,5.360000133514404,5.070000171661377,5.119999885559082,262504719.0
2021-02-11,5.119999885559082,5.21999979019165,5.070000171661377,5.090000152587891,215583304.0
2021-02-12,5.079999923706055,5.090000152587891,4.96999979019165,4.980000019073486,144137475.0
2021-02-15,5.03000020980835,5.179999828338623,4.960000038146973,5.130000114440918,230879892.0
2021-02-16,5.139999866485596,5.380000114440918,5.059999942779541,5.099999904632568,565342768.0
2021-02-17,5.139999866485596,5.170000076293945,5.019999980926514,5.050000190734863,185147455.0
2021-02-18,5.059999942779541,5.210000038146973,5.059999942779541,5.110000133514404,231760990.0
2021-02-19,5.150000095367432,5.289999961853027,5.150000095367432,5.190000057220459,254907801.0
2021-02-22,5.210000038146973,5.21999979019165,5.090000152587891,5.119999885559082,130368104.0
2021-02-23,5.139999866485596,5.619999885559082,5.130000114440918,5.429999828338623,822878131.0
2021-02-24,5.380000114440918,5.429999828338623,5.110000133514404,5.159999847412109,387983457.0
2021-02-25,5.239999771118164,5.440000057220459,5.170000076293945,5.28000020980835,416576290.0
2021-02-26,5.159999847412109,5.329999923706055,5.099999904632568,5.260000228881836,249787820.0
2021-03-01,5.329999923706055,5.420000076293945,5.25,5.380000114440918,200187497.0
2021-03-02,5.349999904632568,5.659999847412109,5.340000152587891,5.539999961853027,362623893.0
2021-03-03,5.699999809265137,5.820000171661377,5.590000152587891,5.730000019073486,372971063.0
2021-03-04,5.71999979019165,5.929999828338623,5.710000038146973,5.889999866485596,265676947.0
2021-03-05,5.920000076293945,6.150000095367432,5.829999923706055,6.019999980926514,409033650.0
2021-03-08,6.090000152587891,6.25,6.070000171661377,6.230000019073486,328299179.0
2021-03-09,6.300000190734863,6.320000171661377,6.139999866485596,6.239999771118164,235918149.0
2021-03-10,6.21999979019165,6.340000152587891,6.210000038146973,6.230000019073486,193755321.0
2021-03-11,6.25,6.329999923706055,6.210000038146973,6.260000228881836,143105036.0
2021-03-12,6.260000228881836,6.28000020980835,6.190000057220459,6.190000057220459,89323632.0
2021-03-15,6.170000076293945,6.28000020980835,6.130000114440918,6.150000095367432,97165053.0
2021-03-16,6.170000076293945,6.199999809265137,6.099999904632568,6.159999847412109,88129688.0
2021-03-17,6.159999847412109,6.210000038146973,6.0,6.010000228881836,87691115.0
2021-03-18,6.039999961853027,6.110000133514404,5.909999847412109,6.090000152587891,136044575.0
2021-03-19,6.079999923706055,6.110000133514404,5.900000095367432,6.050000190734863,284777376.0
2021-03-22,5.699999809265137,5.699999809265137,5.449999809265137,5.449999809265137,97845640.0
2021-03-23,5.010000228881836,5.53000020980835,4.909999847412109,5.369999885559082,204806249.0
2021-03-24,5.409999847412109,5.690000057220459,5.380000114440918,5.619999885559082,186375834.0
2021-03-25,5.610000133514404,5.769999980926514,5.510000228881836,5.630000114440918,170840307.0
2021-03-26,5.690000057220459,5.699999809265137,5.329999923706055,5.440000057220459,120624006.0
2021-03-29,5.440000057220459,5.75,5.440000057220459,5.710000038146973,172190379.0
2021-03-30,5.71999979019165,5.760000228881836,5.590000152587891,5.760000228881836,116975606.0
2021-03-31,5.760000228881836,5.880000114440918,5.730000019073486,5.75,115145026.0
2021-04-01,5.840000152587891,6.090000152587891,5.840000152587891,6.050000190734863,154825872.0
2021-04-02,6.059999942779541,6.070000171661377,5.96999979019165,5.989999771118164,40093162.0
2021-04-05,5.989999771118164,6.170000076293945,5.989999771118164,6.159999847412109,70469509.0
2021-04-06,6.130000114440918,6.150000095367432,5.96999979019165,6.010000228881836,76373501.0
2021-04-07,6.010000228881836,6.090000152587891,5.909999847412109,6.0,115773821.0
2021-04-08,6.070000171661377,6.159999847412109,6.010000228881836,6.099999904632568,95255336.0
2021-04-09,6.099999904632568,6.110000133514404,5.909999847412109,6.010000228881836,49238523.0
2021-04-12,5.980000019073486,6.139999866485596,5.980000019073486,6.019999980926514,109809000.0
2021-04-13,6.03000020980835,6.130000114440918,5.900000095367432,6.119999885559082,108555864.0
2021-04-14,6.170000076293945,6.21999979019165,6.110000133514404,6.150000095367432,77296147.0
2021-04-15,6.159999847412109,6.429999828338623,6.159999847412109,6.409999847412109,160937301.0
2021-04-16,6.420000076293945,6.440000057220459,6.28000020980835,6.329999923706055,94123613.0
2021-04-19,6.429999828338623,6.639999866485596,6.420000076293945,6.610000133514404,236861484.0
2021-04-20,6.610000133514404,6.630000114440918,6.480000019073486,6.570000171661377,167956140.0
2021-04-21,6.570000171661377,6.650000095367432,6.25,6.380000114440918,179532342.0
2021-04-22,6.349999904632568,6.369999885559082,6.190000057220459,6.289999961853027,75975569.0
2021-04-26,6.289999961853027,6.539999961853027,6.269999980926514,6.5,147698135.0
2021-04-27,6.5,6.550000190734863,6.360000133514404,6.519999980926514,104256908.0
2021-04-28,6.539999961853027,6.639999866485596,6.409999847412109,6.519999980926514,106042504.0
2021-04-29,6.519999980926514,6.739999771118164,6.519999980926514,6.699999809265137,111830194.0
2021-04-30,6.690000057220459,6.820000171661377,6.619999885559082,6.710000038146973,136308011.0
2021-05-03,6.710000038146973,6.869999885559082,6.710000038146973,6.800000190734863,111681703.0
2021-05-04,6.820000171661377,6.929999828338623,6.809999942779541,6.880000114440918,125718928.0
2021-05-05,6.909999847412109,6.980000019073486,6.739999771118164,6.739999771118164,136457572.0
2021-05-06,6.760000228881836,6.909999847412109,6.699999809265137,6.900000095367432,121537682.0
2021-05-07,7.059999942779541,7.130000114440918,6.210000038146973,6.53000020980835,861292371.0
2021-05-10,6.579999923706055,6.659999847412109,6.519999980926514,6.610000133514404,177818147.0
2021-05-11,6.539999961853027,6.739999771118164,6.510000228881836,6.630000114440918,161310060.0
2021-05-12,6.619999885559082,6.630000114440918,6.329999923706055,6.409999847412109,95446605.0
2021-05-17,6.460000038146973,6.510000228881836,6.260000228881836,6.389999866485596,112024739.0
2021-05-18,6.400000095367432,6.420000076293945,6.260000228881836,6.260000228881836,71928949.0
2021-05-20,6.369999885559082,6.429999828338623,6.309999942779541,6.320000171661377,113626358.0
2021-05-21,6.329999923706055,6.480000019073486,6.320000171661377,6.460000038146973,96104306.0
2021-05-24,6.46999979019165,6.53000020980835,6.340000152587891,6.369999885559082,86708927.0
2021-05-25,6.400000095367432,6.449999809265137,6.119999885559082,6.119999885559082,99129764.0
2021-05-26,6.210000038146973,6.349999904632568,6.150000095367432,6.340000152587891,99191460.0
2021-05-27,6.329999923706055,6.389999866485596,6.269999980926514,6.269999980926514,73243792.0
2021-05-28,6.269999980926514,6.309999942779541,6.21999979019165,6.260000228881836,50104534.0
2021-05-31,6.269999980926514,6.320000171661377,6.159999847412109,6.179999828338623,53425862.0
2021-06-01,6.210000038146973,6.239999771118164,6.150000095367432,6.230000019073486,48935850.0
2021-06-02,6.300000190734863,6.420000076293945,6.289999961853027,6.380000114440918,142729989.0
2021-06-03,6.409999847412109,6.420000076293945,6.230000019073486,6.320000171661377,116232275.0
2021-06-04,6.380000114440918,6.420000076293945,6.300000190734863,6.320000171661377,101319586.0
2021-06-07,6.28000020980835,6.340000152587891,6.239999771118164,6.260000228881836,56361903.0
2021-06-08,6.25,6.320000171661377,6.25,6.260000228881836,42243784.0
2021-06-09,6.260000228881836,6.28000020980835,6.199999809265137,6.199999809265137,27687726.0
2021-06-10,6.210000038146973,6.239999771118164,6.170000076293945,6.210000038146973,34880600.0
2021-06-11,6.230000019073486,6.269999980926514,6.179999828338623,6.179999828338623,55596755.0
2021-06-14,6.190000057220459,6.210000038146973,5.980000019073486,5.980000019073486,63312188.0
2021-06-15,5.980000019073486,6.03000020980835,5.840000152587891,5.929999828338623,66686758.0
2021-06-16,5.920000076293945,6.0,5.849999904632568,5.849999904632568,47479399.0
2021-06-17,5.800000190734863,5.920000076293945,5.789999961853027,5.800000190734863,47309311.0
2021-06-18,5.840000152587891,5.849999904632568,5.610000133514404,5.679999828338623,81344988.0
2021-06-21,5.659999847412109,5.690000057220459,5.510000228881836,5.579999923706055,78036297.0
2021-06-22,5.599999904632568,5.650000095367432,5.570000171661377,5.599999904632568,60335980.0
2021-06-23,5.619999885559082,5.659999847412109,5.480000019073486,5.489999771118164,70498846.0
2021-06-24,5.5,5.53000020980835,5.429999828338623,5.440000057220459,46405001.0
2021-06-25,5.46999979019165,5.539999961853027,5.369999885559082,5.389999866485596,66176210.0
2021-06-28,5.400000095367432,5.429999828338623,5.25,5.300000190734863,74785934.0
2021-06-29,5.300000190734863,5.360000133514404,5.21999979019165,5.360000133514404,76588526.0
2021-06-30,5.360000133514404,5.369999885559082,5.21999979019165,5.230000019073486,44903201.0
2021-07-01,5.260000228881836,5.320000171661377,5.239999771118164,5.289999961853027,37867021.0
2021-07-02,5.289999961853027,5.309999942779541,5.21999979019165,5.230000019073486,41605906.0
2021-07-05,5.210000038146973,5.309999942779541,5.190000057220459,5.289999961853027,46782356.0
2021-07-06,5.300000190734863,5.329999923706055,5.21999979019165,5.230000019073486,50218329.0
2021-07-07,5.230000019073486,5.369999885559082,5.230000019073486,5.360000133514404,78621554.0
2021-07-08,5.360000133514404,5.400000095367432,5.320000171661377,5.340000152587891,92886186.0
2021-07-09,5.349999904632568,5.519999980926514,5.340000152587891,5.440000057220459,134111298.0
2021-07-12,5.440000057220459,5.489999771118164,5.289999961853027,5.289999961853027,95265777.0
2021-07-13,5.309999942779541,5.369999885559082,5.210000038146973,5.239999771118164,56366087.0
2021-07-14,5.25,5.349999904632568,5.25,5.320000171661377,51112532.0
2021-07-16,5.329999923706055,5.340000152587891,5.239999771118164,5.340000152587891,43285146.0
2021-07-19,5.300000190734863,5.340000152587891,5.269999980926514,5.300000190734863,10183498.0
2021-07-26,5.300000190734863,5.460000038146973,5.300000190734863,5.420000076293945,93990239.0
2021-07-27,5.429999828338623,5.579999923706055,5.340000152587891,5.579999923706055,89562090.0
2021-07-28,5.550000190734863,5.670000076293945,5.53000020980835,5.619999885559082,104749340.0
2021-07-29,5.659999847412109,5.699999809265137,5.590000152587891,5.679999828338623,73122260.0
2021-07-30,5.650000095367432,5.71999979019165,5.610000133514404,5.670000076293945,52936992.0
2021-08-02,5.690000057220459,5.789999961853027,5.670000076293945,5.71999979019165,52534800.0
2021-08-03,5.71999979019165,5.739999771118164,5.619999885559082,5.639999866485596,55129163.0
2021-08-04,5.650000095367432,5.78000020980835,5.650000095367432,5.710000038146973,64105288.0
2021-08-05,5.679999828338623,5.769999980926514,5.670000076293945,5.739999771118164,56033238.0
2021-08-06,5.75,5.820000171661377,5.71999979019165,5.760000228881836,58468788.0
2021-08-09,5.75,5.920000076293945,5.75,5.860000133514404,71288649.0
2021-08-10,5.860000133514404,5.880000114440918,5.730000019073486,5.869999885559082,71037977.0
2021-08-11,5.869999885559082,5.880000114440918,5.760000228881836,5.769999980926514,60048305.0
2021-08-12,5.820000171661377,5.980000019073486,5.820000171661377,5.940000057220459,85610456.0
2021-08-13,5.960000038146973,6.0,5.920000076293945,5.980000019073486,50778970.0
2021-08-16,6.039999961853027,6.099999904632568,5.989999771118164,6.019999980926514,54098009.0
2021-08-17,6.099999904632568,6.119999885559082,6.010000228881836,6.090000152587891,137107080.0
2021-08-18,6.110000133514404,6.119999885559082,5.960000038146973,5.960000038146973,71486745.0
2021-08-19,5.920000076293945,6.0,5.860000133514404,5.960000038146973,64084127.0
2021-08-20,5.96999979019165,6.0,5.909999847412109,5.949999809265137,43897698.0
2021-08-23,5.989999771118164,6.090000152587891,5.960000038146973,6.039999961853027,77002799.0
2021-08-24,6.059999942779541,6.079999923706055,6.010000228881836,6.039999961853027,32079427.0
2021-08-25,6.039999961853027,6.170000076293945,6.039999961853027,6.119999885559082,107508650.0
2021-08-26,6.130000114440918,6.21999979019165,6.059999942779541,6.079999923706055,85768574.0
2021-08-27,6.110000133514404,6.260000228881836,6.110000133514404,6.239999771118164,80987015.0
2021-08-31,6.289999961853027,6.329999923706055,6.179999828338623,6.199999809265137,63514232.0
2021-09-01,6.21999979019165,6.320000171661377,6.150000095367432,6.159999847412109,85623945.0
2021-09-02,6.170000076293945,6.239999771118164,6.150000095367432,6.210000038146973,42149098.0
2021-09-03,6.21999979019165,6.239999771118164,6.130000114440918,6.170000076293945,46915172.0
2021-09-06,6.179999828338623,6.21999979019165,6.119999885559082,6.130000114440918,44222038.0
2021-09-07,6.119999885559082,6.159999847412109,6.039999961853027,6.050000190734863,44800688.0
2021-09-08,6.059999942779541,6.150000095367432,6.0,6.050000190734863,64706224.0
2021-09-09,6.03000020980835,6.139999866485596,6.019999980926514,6.130000114440918,41554705.0
2021-09-10,6.130000114440918,6.150000095367432,6.039999961853027,6.070000171661377,35784817.0
2021-09-13,6.079999923706055,6.179999828338623,6.079999923706055,6.150000095367432,46404740.0
2021-09-14,6.159999847412109,6.260000228881836,6.130000114440918,6.190000057220459,86061227.0
2021-09-15,6.179999828338623,6.210000038146973,6.119999885559082,6.139999866485596,31644065.0
2021-09-16,6.150000095367432,6.239999771118164,6.139999866485596,6.170000076293945,48922503.0
2021-09-17,6.190000057220459,6.289999961853027,6.190000057220459,6.230000019073486,58803570.0
2021-09-20,6.170000076293945,6.199999809265137,6.059999942779541,6.099999904632568,57359477.0
2021-09-21,6.139999866485596,6.179999828338623,6.090000152587891,6.130000114440918,60353805.0
2021-09-22,6.150000095367432,6.269999980926514,6.150000095367432,6.269999980926514,79553960.0
2021-09-23,6.28000020980835,6.329999923706055,6.179999828338623,6.269999980926514,59830923.0
2021-09-24,6.230000019073486,6.28000020980835,6.159999847412109,6.260000228881836,34073846.0
2021-09-27,6.300000190734863,6.429999828338623,6.300000190734863,6.409999847412109,74367321.0
2021-09-28,6.400000095367432,6.429999828338623,6.329999923706055,6.380000114440918,59750752.0
2021-09-29,6.420000076293945,6.480000019073486,6.369999885559082,6.420000076293945,50266288.0
2021-09-30,6.420000076293945,6.579999923706055,6.380000114440918,6.53000020980835,60128030.0
2021-10-01,6.489999771118164,6.559999942779541,6.46999979019165,6.519999980926514,40553577.0
2021-10-04,6.5,6.570000171661377,6.480000019073486,6.550000190734863,30402584.0
2021-10-05,6.559999942779541,6.670000076293945,6.519999980926514,6.659999847412109,66414642.0
2021-10-06,6.639999866485596,6.690000057220459,6.03000020980835,6.099999904632568,301637114.0
2021-10-07,6.170000076293945,6.300000190734863,6.0,6.230000019073486,392445788.0
2021-10-08,6.230000019073486,6.230000019073486,6.119999885559082,6.139999866485596,140313039.0
2021-10-11,6.150000095367432,6.25,6.139999866485596,6.139999866485596,88538242.0
2021-10-12,6.110000133514404,6.21999979019165,6.110000133514404,6.159999847412109,90805212.0
2021-10-13,6.179999828338623,6.260000228881836,6.110000133514404,6.110000133514404,124469152.0
2021-10-14,6.110000133514404,6.170000076293945,6.090000152587891,6.110000133514404,47068305.0
2021-10-15,6.119999885559082,6.179999828338623,6.0,6.059999942779541,65273207.0
2021-10-18,6.059999942779541,6.190000057220459,6.059999942779541,6.170000076293945,74600452.0
2021-10-19,6.179999828338623,6.239999771118164,6.159999847412109,6.179999828338623,53358621.0
2021-10-20,6.179999828338623,6.25,6.159999847412109,6.170000076293945,84347118.0
2021-10-21,6.179999828338623,6.320000171661377,6.170000076293945,6.28000020980835,135775642.0
2021-10-22,6.300000190734863,6.510000228881836,6.28000020980835,6.460000038146973,72829093.0
2021-10-25,6.429999828338623,6.630000114440918,6.429999828338623,6.590000152587891,84231866.0
2021-10-26,6.619999885559082,6.760000228881836,6.380000114440918,6.5,125682121.0
2021-10-27,6.53000020980835,6.559999942779541,6.449999809265137,6.559999942779541,61060567.0
2021-10-28,6.559999942779541,6.570000171661377,6.510000228881836,6.53000020980835,15009023.0
2021-11-01,6.550000190734863,6.659999847412109,6.539999961853027,6.559999942779541,63492187.0
2021-11-02,6.570000171661377,6.639999866485596,6.440000057220459,6.460000038146973,72673818.0
2021-11-03,6.449999809265137,6.519999980926514,6.099999904632568,6.320000171661377,103499648.0
2021-11-04,6.369999885559082,6.579999923706055,6.369999885559082,6.53000020980835,86282127.0
2021-11-05,6.539999961853027,6.679999828338623,6.489999771118164,6.679999828338623,63805386.0
2021-11-08,6.800000190734863,7.119999885559082,6.760000228881836,6.820000171661377,364515502.0
2021-11-09,6.869999885559082,7.340000152587891,6.840000152587891,7.260000228881836,760110357.0
2021-11-10,7.239999771118164,7.309999942779541,7.099999904632568,7.25,453529488.0
2021-11-11,7.300000190734863,7.96999979019165,7.300000190734863,7.650000095367432,29480637.0
2021-11-12,7.630000114440918,7.809999942779541,7.389999866485596,7.650000095367432,426971494.0
2021-11-15,7.690000057220459,8.010000228881836,7.679999828338623,7.929999828338623,273087871.0
2021-11-16,7.929999828338623,8.119999885559082,7.769999980926514,7.929999828338623,304155655.0
2021-11-17,7.929999828338623,8.09000015258789,7.550000190734863,7.710000038146973,391116599.0
2021-11-18,7.730000019073486,7.849999904632568,7.5,7.710000038146973,342213165.0
2021-11-19,7.75,7.829999923706055,7.690000057220459,7.71999979019165,160534635.0
2021-11-22,7.789999961853027,7.829999923706055,7.670000076293945,7.739999771118164,93824530.0
2021-11-23,7.71999979019165,8.020000457763672,7.630000114440918,7.929999828338623,215337002.0
2021-11-24,8.0600004196167,8.34000015258789,7.920000076293945,7.940000057220459,290212853.0
2021-11-25,8.0,8.050000190734863,7.610000133514404,7.670000076293945,275874504.0
2021-11-26,7.590000152587891,7.760000228881836,7.5,7.579999923706055,150765569.0
2021-11-29,7.650000095367432,7.829999923706055,7.579999923706055,7.75,111022376.0
2021-11-30,7.739999771118164,7.860000133514404,7.670000076293945,7.800000190734863,125928956.0
2021-12-01,7.860000133514404,8.09000015258789,7.849999904632568,8.010000228881836,169590375.0
2021-12-02,8.020000457763672,8.180000305175781,8.020000457763672,8.170000076293945,109180571.0
2021-12-03,8.289999961853027,8.319999694824219,8.140000343322754,8.199999809265137,113056632.0
2021-12-06,8.210000038146973,8.510000228881836,8.180000305175781,8.449999809265137,157711392.0
2021-12-07,8.510000228881836,8.579999923706055,8.40999984741211,8.550000190734863,127123374.0
2021-12-08,8.609999656677246,8.880000114440918,8.59000015258789,8.619999885559082,157939547.0
2021-12-09,8.670000076293945,9.0600004196167,8.670000076293945,8.9399995803833,178756155.0
2021-12-10,8.970000267028809,9.270000457763672,8.899999618530273,9.270000457763672,318236200.0
2021-12-13,9.460000038146973,10.039999961853027,9.40999984741211,9.9399995803833,319726589.0
2021-12-14,10.100000381469727,10.3100004196167,9.979999542236328,10.140000343322754,552565134.0
2021-12-15,10.239999771118164,10.449999809265137,10.029999732971191,10.369999885559082,202158567.0
2021-12-16,10.40999984741211,10.6899995803833,10.210000038146973,10.609999656677246,261164891.0
2021-12-17,10.760000228881836,11.369999885559082,9.550000190734863,9.699999809265137,238641759.0
2021-12-20,9.369999885559082,10.050000190734863,8.770000457763672,9.59000015258789,131720885.0
2021-12-21,9.699999809265137,9.720000267028809,8.640000343322754,8.640000343322754,72255927.0
2021-12-22,8.25,8.619999885559082,7.78000020980835,7.78000020980835,111424270.0
2021-12-23,7.920000076293945,8.100000381469727,7.159999847412109,7.739999771118164,111458276.0
2021-12-24,7.800000190734863,8.130000114440918,7.739999771118164,8.119999885559082,98527438.0
2021-12-27,8.149999618530273,8.399999618530273,7.929999828338623,8.010000228881836,90847658.0
2021-12-28,8.119999885559082,8.130000114440918,7.599999904632568,7.820000171661377,59891676.0
2021-12-29,7.730000019073486,8.069999694824219,7.690000057220459,8.050000190734863,106541309.0
2021-12-30,8.149999618530273,8.199999809265137,7.739999771118164,7.739999771118164,88018823.0
2021-12-31,7.739999771118164,7.929999828338623,7.679999828338623,7.800000190734863,53992976.0
2022-01-03,7.840000152587891,8.079999923706055,7.820000171661377,8.079999923706055,69803150.0
2022-01-04,8.140000343322754,8.289999961853027,7.980000019073486,8.1899995803833,99655652.0
2022-01-05,8.199999809265137,8.890000343322754,8.109999656677246,8.84000015258789,190926040.0
2022-01-06,8.779999732971191,9.569999694824219,8.720000267028809,9.380000114440918,194814316.0
2022-01-07,9.399999618530273,9.729999542236328,9.300000190734863,9.449999809265137,154218379.0
2022-01-10,9.550000190734863,9.800000190734863,9.510000228881836,9.649999618530273,176750617.0
2022-01-11,9.729999542236328,9.829999923706055,9.449999809265137,9.449999809265137,131662930.0
2022-01-12,9.579999923706055,9.739999771118164,9.529999732971191,9.550000190734863,117661816.0
2022-01-13,9.510000228881836,9.789999961853027,9.420000076293945,9.600000381469727,199891831.0
2022-01-14,9.569999694824219,9.699999809265137,9.4399995803833,9.510000228881836,82780494.0
2022-01-17,9.5600004196167,9.899999618530273,9.539999961853027,9.619999885559082,336125248.0
2022-01-18,9.609999656677246,9.670000076293945,8.739999771118164,8.739999771118164,98290807.0
2022-01-19,8.75,9.25,8.670000076293945,9.180000305175781,270918160.0
2022-01-20,9.289999961853027,9.359999656677246,8.829999923706055,8.859999656677246,278191457.0
2022-01-21,8.84000015258789,8.960000038146973,8.720000267028809,8.920000076293945,178047047.0
2022-01-24,8.880000114440918,8.989999771118164,8.270000457763672,8.270000457763672,305238751.0
2022-01-25,8.34000015258789,8.4399995803833,8.130000114440918,8.369999885559082,94982325.0
2022-01-26,8.399999618530273,8.800000190734863,8.390000343322754,8.680000305175781,156463772.0
2022-01-27,8.550000190734863,8.850000381469727,8.510000228881836,8.8100004196167,137001797.0
2022-01-28,8.84000015258789,8.949999809265137,8.649999618530273,8.699999809265137,112516482.0
2022-01-31,8.8100004196167,8.850000381469727,8.579999923706055,8.619999885559082,118798519.0
2022-02-01,8.670000076293945,8.770000457763672,8.619999885559082,8.699999809265137,108526225.0
2022-02-02,8.739999771118164,8.760000228881836,8.520000457763672,8.520000457763672,64118869.0
2022-02-03,8.5,8.600000381469727,8.199999809265137,8.229999542236328,71638192.0
2022-02-04,8.279999732971191,8.3100004196167,8.109999656677246,8.149999618530273,62740454.0
2022-02-07,8.149999618530273,8.300000190734863,7.960000038146973,8.300000190734863,107802993.0
2022-02-08,8.300000190734863,8.470000267028809,8.239999771118164,8.329999923706055,143777821.0
2022-02-09,8.390000343322754,8.510000228881836,8.380000114440918,8.430000305175781,106855646.0
2022-02-10,8.449999809265137,8.479999542236328,8.260000228881836,8.270000457763672,99693800.0
2022-02-11,8.220000267028809,8.350000381469727,8.09000015258789,8.3100004196167,112141898.0
2022-02-14,8.180000305175781,8.229999542236328,7.929999828338623,8.050000190734863,102405945.0
2022-02-15,8.069999694824219,8.399999618530273,8.0600004196167,8.3100004196167,113047608.0
2022-02-16,8.380000114440918,8.449999809265137,8.239999771118164,8.25,76241697.0
2022-02-17,8.289999961853027,8.369999885559082,8.09000015258789,8.100000381469727,101051581.0
2022-02-18,8.1899995803833,8.220000267028809,8.010000228881836,8.109999656677246,64501249.0
2022-02-21,8.239999771118164,8.25,8.039999961853027,8.130000114440918,73229052.0
2022-02-22,7.960000038146973,8.199999809265137,7.929999828338623,8.109999656677246,104921716.0
2022-02-23,8.1899995803833,8.25,8.100000381469727,8.130000114440918,102645117.0
2022-02-24,7.599999904632568,7.769999980926514,7.320000171661377,7.320000171661377,90268783.0
2022-02-25,7.420000076293945,7.78000020980835,7.309999942779541,7.730000019073486,153778530.0
2022-02-28,7.599999904632568,7.920000076293945,7.590000152587891,7.75,131124328.0
2022-03-01,7.880000114440918,7.980000019073486,7.650000095367432,7.75,100017795.0
2022-03-02,7.75,7.800000190734863,7.630000114440918,7.639999866485596,94212529.0
2022-03-03,7.730000019073486,8.039999961853027,7.730000019073486,7.900000095367432,170509060.0
2022-03-04,7.840000152587891,8.09000015258789,7.829999923706055,8.0,153540812.0
2022-03-07,8.039999961853027,8.239999771118164,8.039999961853027,8.0600004196167,147361794.0
2022-03-08,8.020000457763672,8.149999618530273,7.929999828338623,7.929999828338623,103510399.0
2022-03-09,8.0600004196167,8.15999984741211,7.989999771118164,8.050000190734863,102045911.0
2022-03-10,8.109999656677246,8.229999542236328,8.020000457763672,8.119999885559082,152080907.0
2022-03-11,8.130000114440918,8.220000267028809,8.079999923706055,8.140000343322754,123555431.0
2022-03-14,8.229999542236328,8.460000038146973,8.229999542236328,8.430000305175781,198873145.0
2022-03-15,8.449999809265137,8.539999961853027,8.34000015258789,8.350000381469727,127827865.0
2022-03-16,8.40999984741211,8.479999542236328,8.350000381469727,8.380000114440918,64648342.0
2022-03-17,8.430000305175781,8.539999961853027,8.420000076293945,8.460000038146973,109673628.0
2022-03-18,8.470000267028809,8.6899995803833,8.460000038146973,8.65999984741211,151099757.0
2022-03-21,8.739999771118164,8.859999656677246,8.739999771118164,8.770000457763672,120006497.0
2022-03-22,8.789999961853027,8.84000015258789,8.770000457763672,8.829999923706055,83704960.0
2022-03-23,8.859999656677246,8.90999984741211,8.699999809265137,8.720000267028809,93722116.0
2022-03-24,8.729999542236328,8.819999694824219,8.710000038146973,8.720000267028809,81375208.0
2022-03-25,8.75,8.770000457763672,8.670000076293945,8.680000305175781,43712739.0
2022-03-28,8.680000305175781,8.779999732971191,8.649999618530273,8.649999618530273,70725101.0
2022-03-29,8.699999809265137,9.069999694824219,8.6899995803833,9.069999694824219,209289757.0
2022-03-30,9.119999885559082,9.210000038146973,8.960000038146973,8.979999542236328,129316825.0
2022-03-31,9.020000457763672,9.180000305175781,8.989999771118164,9.029999732971191,119769344.0
2022-04-01,9.0600004196167,9.460000038146973,9.029999732971191,9.399999618530273,278483613.0
2022-04-04,9.489999771118164,9.789999961853027,9.460000038146973,9.720000267028809,202002974.0
2022-04-05,9.770000457763672,9.890000343322754,9.59000015258789,9.75,213878228.0
2022-04-06,9.770000457763672,10.09000015258789,9.699999809265137,10.079999923706055,258741505.0
2022-04-07,10.100000381469727,10.180000305175781,9.989999771118164,10.029999732971191,109146330.0
2022-04-08,10.0,10.09000015258789,9.789999961853027,10.050000190734863,171235501.0
2022-04-11,10.0600004196167,10.34000015258789,10.010000228881836,10.25,161600587.0
2022-04-12,10.239999771118164,10.5,10.069999694824219,10.470000267028809,187612278.0
2022-04-13,10.479999542236328,10.680000305175781,10.210000038146973,10.449999809265137,232642821.0
2022-04-14,10.550000190734863,10.59000015258789,10.369999885559082,10.420000076293945,64129050.0
2022-04-15,10.430000305175781,10.489999771118164,10.3100004196167,10.3100004196167,59214469.0
2022-04-18,10.329999923706055,10.359999656677246,10.1899995803833,10.220000267028809,54704834.0
2022-04-19,10.260000228881836,10.460000038146973,10.180000305175781,10.279999732971191,106820997.0
2022-04-20,10.3100004196167,10.779999732971191,10.3100004196167,10.760000228881836,194713140.0
2022-04-21,10.779999732971191,10.800000190734863,10.680000305175781,10.710000038146973,117873336.0
2022-04-22,10.680000305175781,10.949999809265137,10.050000190734863,10.100000381469727,189415877.0
2022-04-25,10.050000190734863,10.130000114440918,9.779999732971191,10.0,136795511.0
2022-04-26,10.09000015258789,10.15999984741211,9.489999771118164,9.579999923706055,116952132.0
2022-04-27,9.600000381469727,9.729999542236328,9.350000381469727,9.649999618530273,116987774.0
2022-04-28,9.760000228881836,9.859999656677246,9.4399995803833,9.4399995803833,91437160.0
2022-04-29,9.5600004196167,9.579999923706055,9.430000305175781,9.539999961853027,58789190.0
2022-05-05,9.720000267028809,9.949999809265137,9.680000305175781,9.819999694824219,89525099.0
2022-05-06,9.6899995803833,10.069999694824219,9.609999656677246,10.050000190734863,126994368.0
2022-05-09,10.170000076293945,10.220000267028809,10.050000190734863,10.100000381469727,108753706.0
2022-05-10,10.15999984741211,10.289999961853027,10.130000114440918,10.25,19004467.0
2022-05-11,10.220000267028809,10.369999885559082,10.039999961853027,10.199999809265137,144993649.0
2022-05-12,10.029999732971191,10.109999656677246,9.670000076293945,9.779999732971191,110406183.0
2022-05-13,9.890000343322754,10.1899995803833,9.880000114440918,10.149999618530273,93522701.0
2022-05-16,10.130000114440918,10.25,9.84000015258789,9.850000381469727,65568272.0
2022-05-17,9.9399995803833,9.960000038146973,9.75,9.75,57282992.0
2022-05-18,9.710000038146973,9.829999923706055,9.520000457763672,9.520000457763672,65127523.0
2022-05-20,9.5,9.619999885559082,9.239999771118164,9.239999771118164,60798909.0
2022-05-23,9.329999923706055,9.390000343322754,9.069999694824219,9.130000114440918,247096170.0
2022-05-24,9.15999984741211,9.350000381469727,9.119999885559082,9.199999809265137,73731595.0
2022-05-25,9.229999542236328,9.569999694824219,9.15999984741211,9.460000038146973,101988569.0
2022-05-26,9.460000038146973,9.699999809265137,9.420000076293945,9.670000076293945,108597362.0
2022-05-27,9.680000305175781,9.949999809265137,9.529999732971191,9.550000190734863,121065392.0
2022-05-30,9.699999809265137,9.949999809265137,9.65999984741211,9.859999656677246,89433987.0
2022-05-31,9.90999984741211,10.15999984741211,9.90999984741211,9.920000076293945,105916847.0
2022-06-01,9.989999771118164,10.199999809265137,9.970000267028809,10.09000015258789,111073932.0
2022-06-02,10.149999618530273,10.420000076293945,10.149999618530273,10.3100004196167,113783513.0
2022-06-03,10.34000015258789,10.359999656677246,10.010000228881836,10.100000381469727,68193589.0
2022-06-06,10.15999984741211,10.329999923706055,10.130000114440918,10.220000267028809,87721171.0
2022-06-07,10.220000267028809,10.399999618530273,10.15999984741211,10.399999618530273,114567730.0
2022-06-08,10.510000228881836,10.609999656677246,9.819999694824219,9.90999984741211,141955265.0
2022-06-09,9.90999984741211,10.029999732971191,9.680000305175781,9.979999542236328,104210711.0
2022-06-10,9.8100004196167,10.0,9.5600004196167,9.699999809265137,76240646.0
2022-06-13,9.609999656677246,9.6899995803833,9.479999542236328,9.539999961853027,75277267.0
2022-06-14,9.640000343322754,9.699999809265137,9.420000076293945,9.539999961853027,75601388.0
2022-06-15,9.59000015258789,9.6899995803833,9.539999961853027,9.630000114440918,37410927.0
2022-06-16,9.640000343322754,9.670000076293945,9.260000228881836,9.359999656677246,71697439.0
2022-06-17,9.380000114440918,9.479999542236328,9.34000015258789,9.460000038146973,49055615.0
2022-06-20,9.510000228881836,9.59000015258789,9.460000038146973,9.579999923706055,52297757.0
2022-06-21,9.619999885559082,9.75,9.59000015258789,9.75,80674931.0
2022-06-22,9.680000305175781,9.720000267028809,9.609999656677246,9.619999885559082,48118672.0
2022-06-23,9.609999656677246,9.699999809265137,9.430000305175781,9.460000038146973,51639152.0
2022-06-24,9.520000457763672,9.579999923706055,9.369999885559082,9.5,42318932.0
2022-06-27,9.300000190734863,9.300000190734863,9.300000190734863,9.300000190734863,523761.0
2022-06-28,9.329999923706055,9.460000038146973,9.079999923706055,9.140000343322754,60333411.0
2022-06-29,9.140000343322754,9.199999809265137,8.8100004196167,8.829999923706055,58428482.0
2022-06-30,8.75,8.9399995803833,8.619999885559082,8.819999694824219,63421189.0
2022-07-01,8.779999732971191,8.949999809265137,8.779999732971191,8.84000015258789,35201594.0
2022-07-04,8.90999984741211,9.0600004196167,8.630000114440918,8.649999618530273,51622070.0
2022-07-05,8.680000305175781,8.75,8.300000190734863,8.369999885559082,38501033.0
2022-07-06,8.399999618530273,8.430000305175781,8.210000038146973,8.34000015258789,53658529.0
2022-07-07,8.359999656677246,8.449999809265137,8.289999961853027,8.359999656677246,42051274.0
2022-07-08,8.350000381469727,8.40999984741211,8.34000015258789,8.359999656677246,14437846.0
2022-07-13,8.359999656677246,8.369999885559082,8.149999618530273,8.210000038146973,30330017.0
2022-07-14,8.180000305175781,8.289999961853027,8.09000015258789,8.100000381469727,30901436.0
2022-07-18,8.229999542236328,8.479999542236328,8.229999542236328,8.449999809265137,39258445.0
2022-07-19,8.420000076293945,8.739999771118164,8.380000114440918,8.720000267028809,51540986.0
2022-07-20,8.739999771118164,9.050000190734863,8.729999542236328,9.050000190734863,61696883.0
2022-07-21,9.0600004196167,9.069999694824219,8.859999656677246,8.890000343322754,48578151.0
2022-07-22,8.90999984741211,8.989999771118164,8.770000457763672,8.8100004196167,38942361.0
2022-07-25,8.8100004196167,8.949999809265137,8.760000228881836,8.949999809265137,41147435.0
2022-07-26,8.979999542236328,9.100000381469727,8.8100004196167,8.8100004196167,59310353.0
2022-07-27,8.84000015258789,8.859999656677246,8.720000267028809,8.800000190734863,37915183.0
2022-07-28,8.890000343322754,8.949999809265137,8.720000267028809,8.75,47501653.0
2022-07-29,8.770000457763672,8.979999542236328,8.710000038146973,8.979999542236328,50550494.0
2022-08-01,9.0,9.220000267028809,8.979999542236328,9.180000305175781,81960584.0
2022-08-02,9.1899995803833,9.279999732971191,8.979999542236328,9.0600004196167,63883773.0
2022-08-03,9.109999656677246,9.170000076293945,9.010000228881836,9.069999694824219,53340044.0
2022-08-04,9.140000343322754,9.239999771118164,9.140000343322754,9.170000076293945,66365977.0
2022-08-05,9.199999809265137,9.279999732971191,9.079999923706055,9.229999542236328,83557613.0
2022-08-08,9.279999732971191,9.5,9.279999732971191,9.449999809265137,94254814.0
2022-08-09,9.399999618530273,9.420000076293945,9.270000457763672,9.350000381469727,47551008.0
2022-08-10,9.319999694824219,9.489999771118164,9.220000267028809,9.460000038146973,72646225.0
2022-08-11,9.529999732971191,9.569999694824219,9.359999656677246,9.390000343322754,92242975.0
2022-08-12,9.399999618530273,9.899999618530273,9.350000381469727,9.8100004196167,172229383.0
2022-08-15,9.899999618530273,10.0600004196167,9.800000190734863,9.949999809265137,84557138.0
2022-08-16,10.0,10.569999694824219,9.760000228881836,10.539999961853027,214623908.0
2022-08-17,10.569999694824219,10.84000015258789,10.4399995803833,10.729999542236328,198625064.0
2022-08-18,10.729999542236328,11.149999618530273,10.430000305175781,11.0600004196167,289115592.0
2022-08-19,11.0600004196167,11.630000114440918,10.949999809265137,11.600000381469727,427685450.0
2022-08-22,11.59000015258789,12.4399995803833,11.569999694824219,11.970000267028809,554619576.0
2022-08-23,11.970000267028809,12.109999656677246,11.649999618530273,12.0,238074628.0
2022-08-24,12.010000228881836,12.170000076293945,11.4399995803833,11.449999809265137,134378767.0
2022-08-25,11.5600004196167,11.970000267028809,11.5600004196167,11.90999984741211,208245218.0
2022-08-26,12.010000228881836,13.100000381469727,12.010000228881836,13.100000381469727,263345224.0
2022-08-29,13.350000381469727,14.40999984741211,13.350000381469727,13.449999809265137,438557852.0
2022-08-31,13.619999885559082,14.479999542236328,13.529999732971191,14.420000076293945,515641736.0
2022-09-01,14.300000190734863,14.579999923706055,13.899999618530273,13.899999618530273,410023906.0
2022-09-02,13.930000305175781,14.300000190734863,13.850000381469727,13.930000305175781,166015398.0
2022-09-05,14.020000457763672,14.399999618530273,13.949999809265137,14.010000228881836,117928165.0
2022-09-06,14.130000114440918,14.239999771118164,13.430000305175781,13.729999542236328,121168078.0
2022-09-07,13.760000228881836,14.3100004196167,13.5600004196167,13.869999885559082,177885231.0
2022-09-08,13.899999618530273,15.25,13.869999885559082,15.149999618530273,231749119.0
2022-09-09,15.399999618530273,15.960000038146973,14.949999809265137,14.960000038146973,143693658.0
2022-09-12,15.020000457763672,15.699999809265137,14.800000190734863,15.25,143203259.0
2022-09-13,15.5,15.640000343322754,13.729999542236328,13.729999542236328,112611942.0
2022-09-14,13.729999542236328,14.270000457763672,12.75,14.170000076293945,100438003.0
2022-09-15,14.399999618530273,15.270000457763672,13.880000114440918,13.960000038146973,118994157.0
2022-09-16,13.989999771118164,14.430000305175781,13.880000114440918,13.949999809265137,62606931.0
2022-09-19,13.989999771118164,14.140000343322754,12.5600004196167,12.5600004196167,52944527.0
2022-09-20,12.930000305175781,13.279999732971191,12.510000228881836,13.260000228881836,72566896.0
2022-09-21,13.260000228881836,13.449999809265137,13.010000228881836,13.010000228881836,48580623.0
2022-09-22,13.020000457763672,13.579999923706055,12.9399995803833,13.350000381469727,67942567.0
2022-09-23,13.359999656677246,13.399999618530273,12.970000267028809,13.170000076293945,37261276.0
2022-09-26,13.100000381469727,13.300000190734863,12.75,12.850000381469727,47618251.0
2022-09-27,12.899999618530273,13.170000076293945,12.520000457763672,12.609999656677246,50629248.0
2022-09-28,12.510000228881836,12.680000305175781,12.09000015258789,12.149999618530273,45214628.0
2022-09-29,12.289999961853027,12.449999809265137,11.350000381469727,11.84000015258789,61305935.0
2022-09-30,11.84000015258789,12.539999961853027,11.729999542236328,12.399999618530273,72270308.0
2022-10-03,12.5,13.350000381469727,12.5,13.260000228881836,87393440.0
2022-10-04,13.359999656677246,13.800000190734863,13.260000228881836,13.300000190734863,78154402.0
2022-10-05,13.640000343322754,14.630000114440918,13.449999809265137,14.609999656677246,220952411.0
2022-10-06,14.640000343322754,14.880000114440918,14.210000038146973,14.3100004196167,155897639.0
2022-10-07,14.449999809265137,14.6899995803833,14.1899995803833,14.539999961853027,127124827.0
2022-10-10,14.630000114440918,14.770000457763672,14.40999984741211,14.5600004196167,109810741.0
2022-10-11,14.600000381469727,15.170000076293945,14.529999732971191,14.550000190734863,197955073.0
2022-10-12,14.569999694824219,14.920000076293945,14.149999618530273,14.649999618530273,219036957.0
2022-10-13,14.6899995803833,14.979999542236328,14.5,14.670000076293945,174616798.0
2022-10-14,14.800000190734863,14.960000038146973,14.569999694824219,14.59000015258789,89221084.0
2022-10-17,14.619999885559082,14.9399995803833,14.1899995803833,14.220000267028809,368405925.0
2022-10-18,14.220000267028809,14.289999961853027,13.739999771118164,13.800000190734863,193121600.0
2022-10-19,13.890000343322754,14.079999923706055,13.600000381469727,13.600000381469727,141970266.0
2022-10-20,13.619999885559082,13.75,13.300000190734863,13.489999771118164,150062937.0
2022-10-21,13.529999732971191,13.539999961853027,13.329999923706055,13.34000015258789,70472004.0
2022-10-24,13.390000343322754,13.779999732971191,13.380000114440918,13.4399995803833,127275689.0
2022-10-25,13.5,13.710000038146973,13.25,13.25,86766089.0
2022-10-26,13.390000343322754,13.520000457763672,13.329999923706055,13.369999885559082,67838225.0
2022-10-27,13.449999809265137,13.930000305175781,13.369999885559082,13.5,197534116.0
2022-10-28,13.5,13.510000228881836,13.300000190734863,13.319999694824219,38125659.0
2022-10-31,13.4399995803833,13.5600004196167,13.329999923706055,13.4399995803833,104834212.0
2022-11-01,13.520000457763672,13.880000114440918,13.479999542236328,13.609999656677246,156843700.0
2022-11-02,13.699999809265137,14.039999961853027,13.680000305175781,13.920000076293945,165228424.0
2022-11-03,14.020000457763672,14.300000190734863,13.880000114440918,13.90999984741211,192110086.0
2022-11-04,14.020000457763672,14.149999618530273,13.930000305175781,14.0,165838783.0
2022-11-07,14.020000457763672,15.0,13.949999809265137,14.649999618530273,392944451.0
2022-11-08,14.640000343322754,14.779999732971191,14.0,14.239999771118164,274542157.0
2022-11-09,14.279999732971191,14.630000114440918,14.0600004196167,14.180000305175781,206520568.0
2022-11-10,14.149999618530273,14.609999656677246,14.130000114440918,14.479999542236328,253192680.0
2022-11-11,14.5600004196167,14.739999771118164,14.020000457763672,14.229999542236328,283964616.0
2022-11-14,14.300000190734863,15.479999542236328,14.270000457763672,15.260000228881836,378400013.0
2022-11-15,15.470000267028809,15.5600004196167,14.699999809265137,15.020000457763672,323846455.0
2022-11-16,15.069999694824219,15.34000015258789,14.699999809265137,14.699999809265137,254427872.0
2022-11-17,14.75,14.800000190734863,14.069999694824219,14.40999984741211,141097394.0
2022-11-18,14.34000015258789,15.239999771118164,14.3100004196167,15.0,280854157.0
2022-11-21,15.140000343322754,15.369999885559082,14.880000114440918,15.289999961853027,221701009.0
2022-11-22,15.399999618530273,16.209999084472656,15.359999656677246,16.190000534057617,294019961.0
2022-11-23,16.299999237060547,17.049999237060547,16.290000915527344,16.829999923706055,300917223.0
2022-11-24,16.8799991607666,17.149999618530273,16.520000457763672,16.700000762939453,268891542.0
2022-11-25,16.760000228881836,17.639999389648438,16.700000762939453,17.350000381469727,260173348.0
2022-11-28,17.65999984741211,18.790000915527344,17.649999618530273,18.25,285665771.0
2022-11-29,18.450000762939453,18.559999465942383,17.639999389648438,18.010000228881836,196467752.0
2022-11-30,18.040000915527344,18.229999542236328,17.790000915527344,17.889999389648438,202787740.0
2022-12-01,18.1200008392334,18.469999313354492,17.920000076293945,18.040000915527344,263536626.0
2022-12-02,18.110000610351562,18.219999313354492,17.299999237060547,17.559999465942383,172417479.0
2022-12-05,17.65999984741211,18.34000015258789,17.350000381469727,18.1200008392334,214613572.0
2022-12-06,18.149999618530273,18.309999465942383,17.889999389648438,18.0,173924094.0
2022-12-07,18.059999465942383,18.6200008392334,16.940000534057617,17.059999465942383,325077398.0
2022-12-08,17.1299991607666,17.18000030517578,16.030000686645508,16.31999969482422,276897422.0
2022-12-09,16.299999237060547,16.950000762939453,16.270000457763672,16.8700008392334,212902095.0
2022-12-12,17.100000381469727,17.889999389648438,17.09000015258789,17.59000015258789,175149823.0
2022-12-13,18.100000381469727,18.309999465942383,17.81999969482422,18.309999465942383,264963796.0
2022-12-14,18.43000030517578,18.700000762939453,17.5,17.5,280223634.0
2022-12-15,17.940000534057617,18.360000610351562,17.459999084472656,18.18000030517578,215491632.0
2022-12-16,18.190000534057617,18.420000076293945,18.049999237060547,18.079999923706055,63422967.0
2022-12-19,19.540000915527344,20.260000228881836,19.530000686645508,19.8700008392334,469599494.0
2022-12-20,19.93000030517578,20.31999969482422,19.700000762939453,19.780000686645508,239581871.0
2022-12-21,19.920000076293945,20.0,19.190000534057617,19.3700008392334,210114317.0
2022-12-22,19.5,19.760000228881836,19.100000381469727,19.239999771118164,173386322.0
2022-12-23,19.239999771118164,19.809999465942383,19.100000381469727,19.6299991607666,190022391.0
2022-12-26,20.5,21.059999465942383,20.299999237060547,20.479999542236328,343691413.0
2022-12-27,20.18000030517578,20.239999771118164,19.709999084472656,19.729999542236328,219970166.0
2022-12-28,19.729999542236328,19.979999542236328,18.75,19.040000915527344,221700045.0
2022-12-29,19.049999237060547,19.950000762939453,19.049999237060547,19.860000610351562,188177770.0
2022-12-30,20.0,20.540000915527344,19.799999237060547,19.959999084472656,250773568.0
2023-01-02,20.040000915527344,20.5,19.989999771118164,20.440000534057617,234667853.0
2023-01-03,20.739999771118164,21.040000915527344,20.399999618530273,20.479999542236328,336413518.0
2023-01-04,20.31999969482422,20.399999618530273,19.770000457763672,20.0,224436536.0
2023-01-05,20.18000030517578,20.299999237060547,19.1200008392334,19.299999237060547,152405824.0
2023-01-06,18.5,19.600000381469727,17.889999389648438,19.329999923706055,193085736.0
2023-01-09,19.56999969482422,19.68000030517578,18.209999084472656,18.399999618530273,180649480.0
2023-01-10,18.450000762939453,18.860000610351562,17.600000381469727,18.049999237060547,175445109.0
2023-01-11,18.139999389648438,18.399999618530273,16.670000076293945,16.670000076293945,176180254.0
2023-01-12,17.15999984741211,17.549999237060547,15.850000381469727,17.420000076293945,232859379.0
2023-01-13,17.25,18.139999389648438,17.18000030517578,17.770000457763672,194075083.0
2023-01-16,17.84000015258789,18.350000381469727,17.56999969482422,18.299999237060547,180936812.0
2023-01-17,18.3799991607666,18.65999984741211,18.15999984741211,18.420000076293945,214043593.0
2023-01-18,18.299999237060547,18.829999923706055,18.149999618530273,18.239999771118164,239499562.0
2023-01-19,18.239999771118164,18.489999771118164,17.93000030517578,18.049999237060547,155667058.0
2023-01-20,18.1200008392334,18.760000228881836,18.1200008392334,18.709999084472656,305064618.0
2023-01-23,18.729999542236328,19.0,17.850000381469727,18.18000030517578,351754808.0
2023-01-24,18.110000610351562,18.170000076293945,17.450000762939453,17.610000610351562,181109960.0
2023-01-25,17.75,17.8700008392334,16.6200008392334,17.200000762939453,189538678.0
2023-01-26,17.209999084472656,17.399999618530273,17.0,17.09000015258789,147119464.0
2023-01-27,17.020000457763672,17.059999465942383,16.260000228881836,16.729999542236328,149401112.0
2023-01-30,16.729999542236328,16.8799991607666,16.440000534057617,16.440000534057617,120750692.0
2023-01-31,16.3799991607666,16.809999465942383,16.059999465942383,16.329999923706055,192557232.0
2023-02-01,16.389999389648438,16.520000457763672,15.199999809265137,15.199999809265137,144119926.0
2023-02-02,15.25,15.670000076293945,14.380000114440918,15.239999771118164,218625411.0
2023-02-03,15.260000228881836,16.040000915527344,15.130000114440918,16.010000228881836,211176334.0
2023-02-06,15.6899995803833,16.059999465942383,15.100000381469727,15.609999656677246,28677270.0
2023-02-07,15.600000381469727,15.600000381469727,14.050000190734863,14.09000015258789,69521416.0
2023-02-08,12.890000343322754,12.890000343322754,12.890000343322754,12.890000343322754,100.0
2023-02-15,14.800000190734863,15.489999771118164,14.789999961853027,15.489999771118164,43831734.0
2023-02-16,16.520000457763672,16.690000534057617,15.25,15.420000076293945,129603076.0
2023-02-17,15.300000190734863,15.770000457763672,15.0,15.399999618530273,56563170.0
2023-02-20,15.489999771118164,16.760000228881836,15.359999656677246,16.700000762939453,158293005.0
2023-02-21,16.59000015258789,17.809999465942383,16.479999542236328,17.079999923706055,187638768.0
2023-02-22,17.100000381469727,17.190000534057617,16.559999465942383,16.579999923706055,106867203.0
2023-02-23,16.600000381469727,17.229999542236328,16.56999969482422,16.84000015258789,108621352.0
2023-02-24,16.850000381469727,17.059999465942383,16.469999313354492,16.510000228881836,82195970.0
2023-02-27,16.520000457763672,16.920000076293945,16.420000076293945,16.8799991607666,121732437.0
2023-02-28,16.940000534057617,17.299999237060547,16.670000076293945,16.81999969482422,121289567.0
2023-03-01,16.90999984741211,17.09000015258789,16.809999465942383,16.969999313354492,164222369.0
2023-03-02,16.729999542236328,16.780000686645508,16.260000228881836,16.280000686645508,117702545.0
2023-03-03,16.18000030517578,16.239999771118164,15.399999618530273,15.84000015258789,100587500.0
2023-03-06,15.890000343322754,16.3799991607666,15.779999732971191,16.260000228881836,84265987.0
2023-03-07,16.420000076293945,16.600000381469727,16.139999389648438,16.139999389648438,71301815.0
2023-03-08,16.1200008392334,16.149999618530273,15.850000381469727,16.030000686645508,58031717.0
2023-03-09,16.100000381469727,16.729999542236328,16.079999923706055,16.479999542236328,119431464.0
2023-03-10,16.450000762939453,16.790000915527344,16.350000381469727,16.510000228881836,87625851.0
2023-03-13,16.670000076293945,16.969999313354492,16.219999313354492,16.31999969482422,103642915.0
2023-03-14,16.329999923706055,16.43000030517578,15.720000267028809,15.789999961853027,73579103.0
2023-03-15,15.8100004196167,15.989999771118164,15.0600004196167,15.270000457763672,93261078.0
2023-03-16,15.399999618530273,15.550000190734863,15.079999923706055,15.390000343322754,64099933.0
2023-03-17,15.529999732971191,15.630000114440918,14.970000267028809,14.970000267028809,71669423.0
2023-03-20,14.960000038146973,15.010000228881836,14.430000305175781,14.489999771118164,78180250.0
2023-03-21,14.510000228881836,14.729999542236328,14.149999618530273,14.279999732971191,76863815.0
2023-03-22,14.350000381469727,14.710000038146973,14.170000076293945,14.710000038146973,93880674.0
2023-03-23,14.699999809265137,14.859999656677246,14.569999694824219,14.850000381469727,56129189.0
2023-03-24,14.859999656677246,15.1899995803833,14.720000267028809,14.8100004196167,78101122.0
2023-03-27,14.90999984741211,15.020000457763672,14.579999923706055,14.579999923706055,62564921.0
2023-03-28,14.569999694824219,14.569999694824219,13.920000076293945,13.949999809265137,51274067.0
2023-03-29,13.9399995803833,14.369999885559082,13.779999732971191,14.350000381469727,74104698.0
2023-03-30,14.34000015258789,14.59000015258789,14.050000190734863,14.079999923706055,58608691.0
2023-03-31,14.039999961853027,14.15999984741211,13.800000190734863,13.859999656677246,49067154.0
2023-04-03,13.880000114440918,14.59000015258789,13.760000228881836,14.460000038146973,81956676.0
2023-04-04,14.470000267028809,14.8100004196167,14.34000015258789,14.75,81449548.0
2023-04-05,14.770000457763672,14.850000381469727,14.350000381469727,14.399999618530273,59238492.0
2023-04-06,14.40999984741211,14.489999771118164,14.0,14.140000343322754,43802790.0
2023-04-07,14.199999809265137,14.359999656677246,14.119999885559082,14.170000076293945,44947607.0
2023-04-10,14.289999961853027,14.880000114440918,14.289999961853027,14.880000114440918,70819189.0
2023-04-11,14.979999542236328,15.039999961853027,14.789999961853027,14.9399995803833,74699415.0
2023-04-12,14.960000038146973,15.149999618530273,14.930000305175781,15.140000343322754,81372889.0
2023-04-13,15.239999771118164,15.380000114440918,14.880000114440918,14.899999618530273,66998379.0
2023-04-14,14.930000305175781,15.069999694824219,14.649999618530273,14.699999809265137,49880459.0
2023-04-17,14.729999542236328,15.069999694824219,14.600000381469727,14.859999656677246,83679033.0
2023-04-18,14.859999656677246,14.960000038146973,14.510000228881836,14.539999961853027,46669430.0
2023-04-19,14.550000190734863,14.670000076293945,14.350000381469727,14.550000190734863,41617900.0
2023-04-20,14.510000228881836,14.569999694824219,14.25,14.289999961853027,18183264.0
2023-04-24,14.34000015258789,14.5,14.140000343322754,14.170000076293945,48590476.0
2023-04-25,14.1899995803833,14.369999885559082,13.9399995803833,14.0,61392467.0
2023-04-26,13.989999771118164,14.260000228881836,13.739999771118164,13.800000190734863,60170949.0
2023-04-27,13.760000228881836,13.859999656677246,13.529999732971191,13.630000114440918,51434727.0
2023-04-28,13.65999984741211,13.760000228881836,12.899999618530273,13.0,52308918.0
2023-05-02,13.010000228881836,13.09000015258789,12.460000038146973,12.479999542236328,50204278.0
2023-05-03,12.5,12.609999656677246,11.920000076293945,12.5,66729748.0
2023-05-04,12.5,12.90999984741211,12.199999809265137,12.359999656677246,52361373.0
2023-05-05,12.380000114440918,12.420000076293945,12.069999694824219,12.180000305175781,37205370.0
2023-05-08,12.350000381469727,12.649999618530273,12.140000343322754,12.609999656677246,47887103.0
2023-05-09,12.460000038146973,12.510000228881836,12.140000343322754,12.170000076293945,71971569.0
2023-05-10,12.149999618530273,12.15999984741211,11.760000228881836,11.829999923706055,41381375.0
2023-05-11,11.829999923706055,12.890000343322754,11.829999923706055,12.65999984741211,114711537.0
2023-05-12,12.670000076293945,12.789999961853027,12.170000076293945,12.5,54975573.0
2023-05-15,12.0,13.199999809265137,11.850000381469727,12.329999923706055,76816734.0
2023-05-16,12.4399995803833,12.890000343322754,12.420000076293945,12.890000343322754,49976585.0
2023-05-17,12.90999984741211,13.119999885559082,12.800000190734863,13.0600004196167,51236530.0
2023-05-18,13.079999923706055,13.15999984741211,12.479999542236328,12.59000015258789,65509813.0
2023-05-22,12.729999542236328,12.779999732971191,12.359999656677246,12.5600004196167,44957002.0
2023-05-23,12.539999961853027,12.670000076293945,12.34000015258789,12.5600004196167,26520616.0
2023-05-24,12.529999732971191,12.729999542236328,12.380000114440918,12.529999732971191,24308930.0
2023-05-25,12.520000457763672,12.789999961853027,12.449999809265137,12.649999618530273,27652276.0
2023-05-26,12.6899995803833,13.199999809265137,12.630000114440918,13.020000457763672,63132756.0
2023-05-29,13.449999809265137,13.640000343322754,13.279999732971191,13.550000190734863,71022634.0
2023-05-30,13.75,14.130000114440918,13.579999923706055,14.100000381469727,76659715.0
2023-05-31,14.079999923706055,14.130000114440918,13.710000038146973,13.989999771118164,64832908.0
2023-06-01,14.0600004196167,14.319999694824219,14.010000228881836,14.15999984741211,57950108.0
2023-06-02,14.489999771118164,14.699999809265137,14.210000038146973,14.40999984741211,76419125.0
2023-06-05,14.649999618530273,14.920000076293945,14.520000457763672,14.829999923706055,115104649.0
2023-06-06,14.84000015258789,15.25,14.680000305175781,14.869999885559082,110383431.0
2023-06-07,15.100000381469727,15.390000343322754,15.100000381469727,15.300000190734863,116906154.0
2023-06-08,15.229999542236328,15.289999961853027,14.890000343322754,15.050000190734863,74463499.0
2023-06-09,15.119999885559082,15.279999732971191,14.9399995803833,15.210000038146973,70460650.0
2023-06-12,15.3100004196167,15.8100004196167,15.289999961853027,15.40999984741211,125222598.0
2023-06-13,15.40999984741211,15.5,14.739999771118164,14.800000190734863,85353235.0
2023-06-14,14.789999961853027,14.960000038146973,14.329999923706055,14.390000343322754,63588450.0
2023-06-15,14.479999542236328,14.640000343322754,14.300000190734863,14.640000343322754,47608385.0
2023-06-16,14.680000305175781,14.90999984741211,14.510000228881836,14.510000228881836,71743806.0
2023-06-19,14.510000228881836,14.510000228881836,13.880000114440918,13.90999984741211,45883781.0
2023-06-20,13.90999984741211,13.970000267028809,13.460000038146973,13.470000267028809,61777550.0
2023-06-21,13.5600004196167,13.619999885559082,13.109999656677246,13.15999984741211,45658901.0
2023-06-22,13.180000305175781,14.050000190734863,13.079999923706055,14.010000228881836,65700810.0
2023-06-23,14.210000038146973,14.489999771118164,14.039999961853027,14.319999694824219,75147840.0
2023-06-26,14.5,14.899999618530273,14.380000114440918,14.8100004196167,73766100.0
2023-06-27,14.789999961853027,15.050000190734863,14.640000343322754,15.010000228881836,31454960.0
2023-07-03,15.270000457763672,16.100000381469727,15.25,16.010000228881836,115750143.0
2023-07-04,16.079999923706055,16.3799991607666,15.789999961853027,15.8100004196167,126435867.0
2023-07-05,15.8100004196167,16.100000381469727,15.390000343322754,16.059999465942383,98043000.0
2023-07-06,16.139999389648438,16.329999923706055,15.90999984741211,15.930000305175781,101827900.0
2023-07-07,15.899999618530273,16.15999984741211,15.779999732971191,15.930000305175781,100704680.0
2023-07-10,16.06999969482422,16.690000534057617,16.06999969482422,16.579999923706055,193066381.0
2023-07-11,16.790000915527344,16.8700008392334,16.299999237060547,16.65999984741211,174525991.0
2023-07-12,16.549999237060547,16.770000457763672,16.229999542236328,16.399999618530273,140161690.0
2023-07-13,16.399999618530273,16.610000610351562,16.040000915527344,16.049999237060547,117680820.0
2023-07-14,16.200000762939453,16.270000457763672,16.0,16.110000610351562,72339437.0
2023-07-17,16.299999237060547,16.6299991607666,16.260000228881836,16.420000076293945,131343122.0
2023-07-18,16.469999313354492,16.81999969482422,16.0,16.020000457763672,230951132.0
2023-07-19,16.030000686645508,16.440000534057617,15.890000343322754,16.43000030517578,131753047.0
2023-07-20,16.520000457763672,16.670000076293945,16.209999084472656,16.459999084472656,169213450.0
2023-07-21,16.510000228881836,16.670000076293945,16.149999618530273,16.280000686645508,112493160.0
2023-07-24,16.31999969482422,16.899999618530273,16.139999389648438,16.15999984741211,208145040.0
2023-07-25,16.200000762939453,16.479999542236328,15.930000305175781,16.100000381469727,163586335.0
2023-07-26,16.100000381469727,16.389999389648438,16.020000457763672,16.31999969482422,155628924.0
2023-07-27,16.399999618530273,16.81999969482422,16.34000015258789,16.81999969482422,243338005.0
2023-07-28,17.049999237060547,17.829999923706055,17.010000228881836,17.56999969482422,325772156.0
2023-07-31,17.770000457763672,18.270000457763672,17.65999984741211,17.989999771118164,214375306.0
2023-08-01,17.940000534057617,18.420000076293945,17.690000534057617,18.079999923706055,193960666.0
2023-08-02,18.079999923706055,18.5,18.0,18.190000534057617,175711969.0
2023-08-03,18.25,18.65999984741211,17.81999969482422,17.920000076293945,171265055.0
2023-08-04,17.979999542236328,18.25,17.8799991607666,18.079999923706055,128496081.0
2023-08-07,18.149999618530273,19.139999389648438,18.040000915527344,19.020000457763672,190045633.0
2023-08-08,19.0,19.100000381469727,18.25,18.31999969482422,147865869.0
2023-08-09,18.3700008392334,18.6299991607666,18.059999465942383,18.3799991607666,136730126.0
2023-08-10,18.1299991607666,18.219999313354492,17.200000762939453,17.200000762939453,188611955.0
2023-08-11,17.25,18.920000076293945,17.059999465942383,18.920000076293945,218079374.0
2023-08-14,19.0,19.579999923706055,18.709999084472656,19.0,307491220.0
2023-08-15,19.030000686645508,19.93000030517578,18.90999984741211,19.40999984741211,255048970.0
2023-08-16,19.420000076293945,20.059999465942383,19.100000381469727,19.600000381469727,293946550.0
2023-08-17,19.639999389648438,20.559999465942383,19.549999237060547,20.200000762939453,259156283.0
2023-08-18,20.280000686645508,20.6200008392334,19.110000610351562,19.25,205282289.0
2023-08-21,19.18000030517578,20.200000762939453,19.079999923706055,19.959999084472656,255390758.0
2023-08-22,20.020000457763672,20.420000076293945,19.299999237060547,19.600000381469727,180244539.0
2023-08-23,19.739999771118164,20.360000610351562,19.68000030517578,19.799999237060547,226710409.0
2023-08-24,19.90999984741211,20.18000030517578,18.649999618530273,18.700000762939453,217246415.0
2023-08-25,18.889999389648438,19.969999313354492,18.6200008392334,19.850000381469727,184280146.0
2023-08-28,20.100000381469727,20.700000762939453,19.989999771118164,20.15999984741211,215515177.0
2023-08-29,20.219999313354492,20.440000534057617,19.850000381469727,19.899999618530273,131715629.0
2023-08-31,20.079999923706055,21.020000457763672,20.040000915527344,20.440000534057617,242361173.0
2023-09-01,20.540000915527344,20.799999237060547,20.219999313354492,20.559999465942383,128359562.0
2023-09-04,20.920000076293945,21.139999389648438,20.579999923706055,20.739999771118164,152635725.0
2023-09-05,20.760000228881836,20.84000015258789,20.299999237060547,20.559999465942383,104145745.0
2023-09-06,20.719999313354492,20.8799991607666,20.280000686645508,20.420000076293945,166178204.0
2023-09-07,20.5,21.3799991607666,20.5,21.3799991607666,248238017.0
2023-09-08,21.559999465942383,21.600000381469727,20.81999969482422,20.84000015258789,122772000.0
2023-09-11,20.979999542236328,21.059999465942383,19.93000030517578,19.93000030517578,133568386.0
2023-09-12,19.989999771118164,20.239999771118164,19.56999969482422,19.700000762939453,125969010.0
2023-09-13,19.829999923706055,20.200000762939453,19.530000686645508,19.559999465942383,140420743.0
2023-09-14,19.68000030517578,19.790000915527344,18.989999771118164,19.6299991607666,117536106.0
2023-09-15,19.649999618530273,19.979999542236328,19.299999237060547,19.40999984741211,115730858.0
2023-09-18,19.399999618530273,19.549999237060547,18.510000228881836,18.510000228881836,111489470.0
2023-09-19,18.5,18.760000228881836,18.260000228881836,18.700000762939453,109609488.0
2023-09-20,18.739999771118164,19.40999984741211,18.610000610351562,18.920000076293945,179471821.0
2023-09-21,18.899999618530273,19.719999313354492,18.549999237060547,19.690000534057617,116746523.0
2023-09-22,19.700000762939453,20.219999313354492,19.600000381469727,19.899999618530273,140841404.0
2023-09-25,20.100000381469727,20.520000457763672,20.040000915527344,20.3799991607666,144191641.0
2023-09-26,20.440000534057617,20.639999389648438,19.899999618530273,19.899999618530273,107506688.0
2023-09-27,19.969999313354492,20.0,19.5,19.600000381469727,70243276.0
2023-09-28,19.6299991607666,19.829999923706055,19.3700008392334,19.450000762939453,71867828.0
2023-09-29,19.520000457763672,19.81999969482422,19.5,19.639999389648438,101955123.0
2023-10-02,19.719999313354492,20.780000686645508,19.709999084472656,20.6200008392334,184683517.0
2023-10-03,20.959999084472656,22.360000610351562,20.600000381469727,21.799999237060547,388277328.0
2023-10-04,21.81999969482422,22.68000030517578,21.65999984741211,22.0,313176817.0
2023-10-05,22.34000015258789,23.5,21.799999237060547,23.5,323798672.0
2023-10-06,24.399999618530273,24.639999389648438,23.100000381469727,23.100000381469727,250363282.0
2023-10-09,22.8799991607666,24.040000915527344,22.719999313354492,23.18000030517578,224186989.0
2023-10-10,23.600000381469727,24.799999237060547,22.780000686645508,24.639999389648438,239332668.0
2023-10-11,24.360000610351562,25.139999389648438,24.100000381469727,24.18000030517578,239069830.0
2023-10-12,24.6200008392334,24.700000762939453,22.81999969482422,23.399999618530273,183958936.0
2023-10-13,23.34000015258789,24.639999389648438,23.059999465942383,24.0,231836741.0
2023-10-16,24.299999237060547,24.399999618530273,22.399999618530273,22.440000534057617,165451287.0
2023-10-17,22.5,22.920000076293945,22.1200008392334,22.860000610351562,149092635.0
2023-10-18,22.3799991607666,22.600000381469727,21.440000534057617,21.540000915527344,143009216.0
2023-10-19,21.6200008392334,22.020000457763672,20.600000381469727,20.84000015258789,175182970.0
2023-10-20,20.68000030517578,21.219999313354492,20.0,20.34000015258789,178967542.0
2023-10-23,20.84000015258789,21.1200008392334,20.18000030517578,20.799999237060547,128497167.0
2023-10-24,20.8799991607666,21.479999542236328,20.799999237060547,21.18000030517578,171831152.0
2023-10-25,21.260000228881836,21.639999389648438,19.06999969482422,19.06999969482422,140719780.0
2023-10-26,19.399999618530273,19.81999969482422,18.8700008392334,19.43000030517578,172706267.0
2023-10-27,19.43000030517578,20.299999237060547,19.270000457763672,20.079999923706055,152255845.0
2023-10-30,19.979999542236328,20.81999969482422,19.93000030517578,20.479999542236328,119223342.0
2023-10-31,20.579999923706055,20.600000381469727,19.559999465942383,19.68000030517578,68364886.0
2023-11-01,19.799999237060547,19.8700008392334,18.530000686645508,19.290000915527344,110926953.0
2023-11-02,19.459999084472656,19.700000762939453,19.329999923706055,19.40999984741211,88005314.0
2023-11-03,19.450000762939453,19.770000457763672,19.209999084472656,19.459999084472656,102987106.0
2023-11-06,19.700000762939453,20.420000076293945,19.690000534057617,20.299999237060547,121610089.0
2023-11-07,20.31999969482422,20.959999084472656,20.260000228881836,20.639999389648438,106940473.0
2023-11-08,20.860000610351562,21.0,20.079999923706055,20.479999542236328,80711092.0
2023-11-09,20.299999237060547,21.6200008392334,20.299999237060547,21.479999542236328,163910875.0
2023-11-10,21.420000076293945,21.780000686645508,21.059999465942383,21.18000030517578,97260882.0
2023-11-13,21.18000030517578,21.399999618530273,20.15999984741211,20.200000762939453,103703044.0
2023-11-14,20.739999771118164,21.6200008392334,20.440000534057617,21.479999542236328,161181028.0
2023-11-15,21.520000457763672,21.719999313354492,21.100000381469727,21.31999969482422,85221352.0
2023-11-16,21.34000015258789,22.040000915527344,21.31999969482422,21.84000015258789,104177082.0
2023-11-17,21.860000610351562,22.459999084472656,21.600000381469727,22.360000610351562,88071376.0
2023-11-20,22.520000457763672,22.739999771118164,22.219999313354492,22.34000015258789,74036268.0
2023-11-21,22.420000076293945,22.68000030517578,22.15999984741211,22.280000686645508,67359344.0
2023-11-22,22.34000015258789,22.6200008392334,21.84000015258789,21.959999084472656,83749913.0
2023-11-23,21.920000076293945,22.139999389648438,21.360000610351562,21.360000610351562,83882965.0
2023-11-24,21.3799991607666,22.139999389648438,20.959999084472656,21.920000076293945,89071993.0
2023-11-27,22.0,22.3799991607666,21.84000015258789,22.260000228881836,99756102.0
2023-11-28,22.260000228881836,22.399999618530273,21.6200008392334,21.940000534057617,77189304.0
2023-11-29,21.979999542236328,22.059999465942383,21.3799991607666,21.440000534057617,63411845.0
2023-11-30,21.5,22.059999465942383,21.399999618530273,21.600000381469727,96936762.0
2023-12-01,21.81999969482422,21.940000534057617,21.420000076293945,21.700000762939453,76323299.0
2023-12-04,21.780000686645508,22.0,21.579999923706055,21.6200008392334,105291189.0
2023-12-05,21.68000030517578,21.739999771118164,20.979999542236328,21.059999465942383,67669367.0
2023-12-06,21.079999923706055,21.1200008392334,20.040000915527344,20.100000381469727,69818725.0
2023-12-07,20.15999984741211,20.479999542236328,19.520000457763672,20.479999542236328,72173141.0
2023-12-08,20.520000457763672,20.65999984741211,19.979999542236328,20.1200008392334,63187226.0
2023-12-11,20.100000381469727,20.15999984741211,19.110000610351562,19.110000610351562,105370262.0
2023-12-12,19.079999923706055,19.229999542236328,18.790000915527344,18.889999389648438,84680490.0
2023-12-13,18.850000381469727,19.15999984741211,18.389999389648438,18.389999389648438,84899879.0
2023-12-14,18.600000381469727,19.15999984741211,18.350000381469727,19.0,79409816.0
2023-12-15,19.0,19.649999618530273,19.0,19.579999923706055,79561647.0
2023-12-18,19.360000610351562,19.700000762939453,18.8700008392334,18.889999389648438,64902991.0
2023-12-19,18.889999389648438,19.010000228881836,18.209999084472656,18.479999542236328,96048594.0
2023-12-20,18.479999542236328,18.65999984741211,18.0,18.15999984741211,71635766.0
2023-12-21,18.139999389648438,18.639999389648438,18.1200008392334,18.610000610351562,63826087.0
2023-12-22,18.670000076293945,18.81999969482422,18.0,18.110000610351562,57038690.0
2023-12-25,18.020000457763672,18.059999465942383,17.350000381469727,17.3799991607666,39602033.0
2023-12-26,17.469999313354492,17.75,17.209999084472656,17.280000686645508,88177035.0
2023-12-27,17.270000457763672,17.399999618530273,16.959999084472656,17.049999237060547,73718159.0
2023-12-28,17.100000381469727,17.760000228881836,17.100000381469727,17.59000015258789,64463039.0
2023-12-29,17.59000015258789,18.540000915527344,17.549999237060547,18.209999084472656,72796870.0
2024-01-02,18.399999618530273,18.729999542236328,18.3700008392334,18.68000030517578,57003641.0
2024-01-03,18.649999618530273,19.059999465942383,18.149999618530273,18.149999618530273,77839070.0
2024-01-04,18.219999313354492,19.700000762939453,18.209999084472656,19.540000915527344,113775222.0
2024-01-05,19.459999084472656,19.639999389648438,19.200000762939453,19.43000030517578,74570262.0
2024-01-08,19.6200008392334,20.399999618530273,19.610000610351562,20.399999618530273,74221420.0
2024-01-09,20.299999237060547,20.5,19.600000381469727,19.649999618530273,61918346.0
2024-01-10,19.65999984741211,20.31999969482422,19.530000686645508,20.100000381469727,92350248.0
2024-01-11,20.239999771118164,20.6200008392334,19.959999084472656,20.040000915527344,65429027.0
2024-01-12,19.93000030517578,20.600000381469727,19.65999984741211,20.399999618530273,86447786.0
2024-01-15,20.399999618530273,20.81999969482422,20.31999969482422,20.479999542236328,73663933.0
2024-01-16,20.5,20.84000015258789,20.399999618530273,20.68000030517578,73981879.0
2024-01-17,20.5,20.940000534057617,20.360000610351562,20.420000076293945,81806634.0
2024-01-18,20.65999984741211,20.700000762939453,20.059999465942383,20.15999984741211,50103687.0
2024-01-19,20.219999313354492,20.260000228881836,19.790000915527344,19.81999969482422,59337807.0
2024-01-22,19.799999237060547,20.34000015258789,19.690000534057617,19.850000381469727,96012028.0
2024-01-23,20.1200008392334,20.299999237060547,19.540000915527344,19.670000076293945,72605723.0
2024-01-24,19.780000686645508,20.200000762939453,19.520000457763672,20.040000915527344,70540702.0
2024-01-25,20.18000030517578,20.459999084472656,20.020000457763672,20.399999618530273,76979754.0
2024-01-26,20.479999542236328,22.200000762939453,20.420000076293945,21.81999969482422,122731421.0
2024-01-29,21.719999313354492,21.84000015258789,21.459999084472656,21.459999084472656,86440217.0
2024-01-30,21.520000457763672,22.040000915527344,21.31999969482422,21.780000686645508,146594397.0
2024-01-31,21.739999771118164,22.1200008392334,21.65999984741211,21.719999313354492,96522443.0
2024-02-01,21.760000228881836,22.68000030517578,21.760000228881836,22.3799991607666,98951806.0
2024-02-02,22.520000457763672,22.6200008392334,21.959999084472656,22.0,133694535.0
2024-02-05,22.18000030517578,22.479999542236328,22.040000915527344,22.260000228881836,56212078.0
2024-02-06,22.299999237060547,23.84000015258789,21.920000076293945,23.459999084472656,195333901.0
2024-02-07,23.5,24.020000457763672,23.139999389648438,23.579999923706055,221288369.0
2024-02-08,23.600000381469727,23.959999084472656,23.440000534057617,23.700000762939453,126669609.0
2024-02-09,23.84000015258789,24.18000030517578,23.700000762939453,23.799999237060547,110539704.0
2024-02-12,24.079999923706055,24.1200008392334,23.559999465942383,23.8799991607666,101835796.0
2024-02-13,23.959999084472656,24.299999237060547,23.139999389648438,23.280000686645508,157065370.0
2024-02-14,23.34000015258789,23.920000076293945,23.0,23.719999313354492,128379215.0
2024-02-15,23.84000015258789,24.440000534057617,23.780000686645508,24.139999389648438,141504985.0
2024-02-16,24.18000030517578,24.780000686645508,23.959999084472656,24.5,201275137.0
2024-02-19,24.639999389648438,25.079999923706055,24.18000030517578,24.18000030517578,226642484.0
2024-02-20,24.219999313354492,24.68000030517578,24.1200008392334,24.31999969482422,109662942.0
2024-02-21,24.6200008392334,25.5,24.299999237060547,25.299999237060547,138359845.0
2024-02-22,25.020000457763672,25.6200008392334,24.799999237060547,25.399999618530273,149583730.0
2024-02-23,25.299999237060547,26.0,25.260000228881836,25.440000534057617,135402769.0
2024-02-26,25.540000915527344,25.760000228881836,25.15999984741211,25.260000228881836,87066149.0
2024-02-27,25.239999771118164,25.280000686645508,23.979999542236328,23.979999542236328,122435921.0
2024-02-28,23.979999542236328,24.3799991607666,23.68000030517578,23.68000030517578,90886424.0
2024-02-29,23.799999237060547,24.459999084472656,23.520000457763672,24.200000762939453,91017172.0
2024-03-01,24.260000228881836,24.3799991607666,23.68000030517578,23.739999771118164,45936279.0
2024-03-04,23.8799991607666,23.940000534057617,22.959999084472656,22.959999084472656,61148430.0
2024-03-05,23.040000915527344,23.520000457763672,22.65999984741211,22.65999984741211,84434619.0
2024-03-06,22.68000030517578,23.219999313354492,22.5,22.65999984741211,81610070.0
2024-03-07,22.760000228881836,23.860000610351562,22.760000228881836,23.760000228881836,87141165.0
2024-03-08,23.760000228881836,24.559999465942383,23.68000030517578,24.239999771118164,97135859.0
2024-03-11,24.65999984741211,24.81999969482422,24.239999771118164,24.360000610351562,65968414.0
2024-03-12,24.3799991607666,24.920000076293945,24.059999465942383,24.399999618530273,80264514.0
2024-03-13,24.399999618530273,24.479999542236328,23.700000762939453,23.920000076293945,70005866.0
2024-03-14,24.0,24.139999389648438,23.399999618530273,23.520000457763672,59862352.0
2024-03-15,23.520000457763672,23.700000762939453,23.18000030517578,23.239999771118164,36823068.0
2024-03-18,23.260000228881836,23.700000762939453,22.860000610351562,22.979999542236328,42858701.0
2024-03-19,23.020000457763672,23.399999618530273,22.719999313354492,23.15999984741211,59370566.0
2024-03-20,23.18000030517578,23.639999389648438,22.81999969482422,22.899999618530273,64831339.0
2024-03-21,23.1200008392334,23.6200008392334,22.81999969482422,22.920000076293945,97356460.0
2024-03-22,23.020000457763672,23.799999237060547,22.639999389648438,22.940000534057617,134412548.0
2024-03-25,23.1200008392334,24.18000030517578,23.100000381469727,23.65999984741211,129991427.0
2024-03-26,22.219999313354492,22.420000076293945,21.299999237060547,21.299999237060547,210411666.0
2024-03-27,20.399999618530273,20.6200008392334,19.989999771118164,20.0,253869230.0
2024-03-28,20.200000762939453,20.700000762939453,19.93000030517578,19.969999313354492,113984819.0
2024-03-29,20.1200008392334,20.239999771118164,19.709999084472656,19.829999923706055,85514382.0
2024-04-01,19.899999618530273,19.950000762939453,18.950000762939453,19.020000457763672,109802548.0
2024-04-02,19.06999969482422,19.350000381469727,18.329999923706055,18.440000534057617,100899181.0
2024-04-03,18.440000534057617,18.68000030517578,18.299999237060547,18.670000076293945,75409918.0
2024-04-04,18.75,19.229999542236328,18.68000030517578,18.799999237060547,90595044.0
2024-04-05,19.059999465942383,19.790000915527344,19.030000686645508,19.700000762939453,102777503.0
2024-04-08,19.770000457763672,20.639999389648438,19.559999465942383,20.559999465942383,79447278.0
2024-04-15,20.399999618530273,21.100000381469727,19.940000534057617,19.940000534057617,76131371.0
2024-04-16,19.790000915527344,20.219999313354492,19.639999389648438,19.989999771118164,68012498.0
2024-04-17,20.139999389648438,20.299999237060547,19.579999923706055,19.920000076293945,60115625.0
2024-04-18,20.020000457763672,20.15999984741211,19.700000762939453,19.8700008392334,47030223.0
2024-04-19,19.690000534057617,20.31999969482422,19.649999618530273,20.040000915527344,64464713.0
2024-04-22,20.280000686645508,20.639999389648438,20.100000381469727,20.1200008392334,70803771.0
2024-04-24,20.299999237060547,20.420000076293945,20.100000381469727,20.260000228881836,46032844.0
2024-04-25,20.34000015258789,20.6200008392334,20.139999389648438,20.219999313354492,63574909.0
2024-04-26,20.280000686645508,20.860000610351562,20.239999771118164,20.739999771118164,93792183.0
2024-04-29,20.899999618530273,21.0,20.739999771118164,20.959999084472656,85498938.0
2024-04-30,21.0,21.040000915527344,20.6200008392334,20.719999313354492,92645470.0
2024-05-02,20.899999618530273,21.219999313354492,20.8799991607666,21.15999984741211,99213315.0
2024-05-03,21.18000030517578,21.299999237060547,20.899999618530273,20.979999542236328,74948121.0
2024-05-06,21.0,21.040000915527344,20.34000015258789,20.3799991607666,78205268.0
2024-05-07,20.440000534057617,20.479999542236328,19.65999984741211,20.079999923706055,127794793.0
2024-05-08,20.100000381469727,20.299999237060547,19.899999618530273,19.899999618530273,51115692.0
2024-05-09,20.0,20.239999771118164,19.90999984741211,20.020000457763672,59424176.0
2024-05-10,20.079999923706055,20.579999923706055,20.040000915527344,20.15999984741211,95410356.0
2024-05-13,20.040000915527344,20.100000381469727,19.5,19.5,73184503.0
2024-05-14,19.540000915527344,19.920000076293945,19.40999984741211,19.780000686645508,63961352.0
2024-05-15,19.790000915527344,20.059999465942383,19.649999618530273,19.899999618530273,44866065.0
2024-05-16,19.950000762939453,20.399999618530273,19.950000762939453,20.260000228881836,100376578.0
2024-05-17,20.360000610351562,20.8799991607666,20.31999969482422,20.760000228881836,103060644.0
2024-05-20,20.780000686645508,21.3799991607666,20.760000228881836,21.360000610351562,137638986.0
2024-05-21,21.420000076293945,22.040000915527344,21.200000762939453,21.700000762939453,225047756.0
2024-05-22,21.780000686645508,21.799999237060547,21.239999771118164,21.3799991607666,105956137.0
2024-05-23,21.15999984741211,21.65999984741211,21.079999923706055,21.239999771118164,76995850.0
2024-05-24,21.420000076293945,21.65999984741211,21.18000030517578,21.239999771118164,62796239.0
2024-05-27,21.360000610351562,21.979999542236328,21.360000610351562,21.579999923706055,108469605.0
2024-05-28,21.639999389648438,21.84000015258789,21.479999542236328,21.600000381469727,68943575.0
2024-05-29,21.639999389648438,21.860000610351562,21.020000457763672,21.020000457763672,74398971.0
2024-05-30,21.0,21.219999313354492,20.579999923706055,20.739999771118164,68840265.0
2024-05-31,20.81999969482422,21.079999923706055,20.18000030517578,20.3799991607666,81287846.0
2024-06-03,20.559999465942383,21.440000534057617,20.079999923706055,21.34000015258789,107068372.0
2024-06-04,21.31999969482422,21.65999984741211,21.079999923706055,21.079999923706055,81826620.0
2024-06-05,21.139999389648438,21.34000015258789,20.81999969482422,21.139999389648438,94571249.0
2024-06-06,21.280000686645508,22.260000228881836,21.280000686645508,21.979999542236328,129982988.0
2024-06-07,22.020000457763672,22.15999984741211,21.479999542236328,21.639999389648438,66797295.0
2024-06-10,21.520000457763672,22.0,21.420000076293945,21.600000381469727,69432942.0
2024-06-11,21.5,21.6200008392334,20.920000076293945,21.0,72606172.0
2024-06-12,21.0,21.1200008392334,20.639999389648438,20.639999389648438,68165561.0
2024-06-13,20.979999542236328,21.399999618530273,20.959999084472656,21.200000762939453,72315458.0
2024-06-14,21.459999084472656,21.780000686645508,21.280000686645508,21.540000915527344,77772643.0
2024-06-20,21.899999618530273,22.100000381469727,21.760000228881836,21.979999542236328,59420394.0
2024-06-21,22.020000457763672,22.299999237060547,21.81999969482422,22.079999923706055,72060272.0
2024-06-24,22.139999389648438,22.219999313354492,21.540000915527344,21.719999313354492,54716102.0
2024-06-25,21.719999313354492,22.020000457763672,21.639999389648438,21.68000030517578,56136779.0
2024-06-26,21.68000030517578,21.81999969482422,20.8799991607666,20.959999084472656,64366299.0
2024-06-27,21.0,21.459999084472656,20.920000076293945,21.399999618530273,67055713.0
2024-06-28,21.479999542236328,22.1200008392334,21.420000076293945,21.739999771118164,121500705.0
2024-07-01,21.920000076293945,22.139999389648438,20.420000076293945,20.760000228881836,89427669.0
2024-07-02,20.799999237060547,21.18000030517578,20.540000915527344,21.18000030517578,47305204.0
2024-07-03,21.34000015258789,21.959999084472656,21.239999771118164,21.899999618530273,75591632.0
2024-07-04,21.959999084472656,22.920000076293945,21.940000534057617,22.8799991607666,135891317.0
2024-07-05,22.81999969482422,23.200000762939453,22.559999465942383,23.100000381469727,117061181.0
2024-07-08,23.18000030517578,23.440000534057617,22.700000762939453,22.899999618530273,92044880.0
2024-07-09,22.920000076293945,23.34000015258789,22.700000762939453,23.15999984741211,70162038.0
2024-07-10,23.18000030517578,23.84000015258789,22.899999618530273,23.700000762939453,97484707.0
2024-07-11,23.8799991607666,23.979999542236328,23.399999618530273,23.760000228881836,80665527.0
2024-07-12,23.760000228881836,24.020000457763672,23.559999465942383,23.6200008392334,61343456.0
2024-07-16,23.700000762939453,24.219999313354492,23.700000762939453,24.079999923706055,88946058.0
2024-07-17,24.1200008392334,24.579999923706055,24.0,24.479999542236328,111952726.0
2024-07-18,24.579999923706055,24.719999313354492,24.040000915527344,24.260000228881836,71518285.0
2024-07-19,24.200000762939453,24.899999618530273,24.079999923706055,24.899999618530273,99266065.0
2024-07-22,24.979999542236328,25.34000015258789,24.68000030517578,25.0,83877618.0
2024-07-23,25.0,25.520000457763672,24.6200008392334,24.719999313354492,97739791.0
2024-07-24,24.700000762939453,25.079999923706055,24.5,24.799999237060547,75019524.0
2024-07-25,24.799999237060547,25.5,24.760000228881836,25.440000534057617,102442256.0
2024-07-26,25.440000534057617,25.81999969482422,25.239999771118164,25.780000686645508,76908725.0
2024-07-29,25.579999923706055,26.020000457763672,25.459999084472656,25.979999542236328,64061059.0
2024-07-30,26.040000915527344,26.200000762939453,24.5,24.559999465942383,126506933.0
2024-07-31,24.5,24.6200008392334,23.959999084472656,24.139999389648438,79169981.0
2024-08-01,24.420000076293945,24.65999984741211,24.079999923706055,24.079999923706055,67025176.0
2024-08-02,23.799999237060547,23.979999542236328,22.940000534057617,23.239999771118164,73338732.0
2024-08-05,21.239999771118164,22.040000915527344,20.920000076293945,21.200000762939453,96464407.0
2024-08-06,21.700000762939453,21.780000686645508,20.6200008392334,20.68000030517578,77415819.0
2024-08-07,20.920000076293945,21.34000015258789,20.899999618530273,21.020000457763672,68927598.0
2024-08-08,21.040000915527344,21.81999969482422,20.899999618530273,21.739999771118164,86143845.0
2024-08-09,22.0,22.31999969482422,21.780000686645508,22.020000457763672,70992002.0
2024-08-12,22.239999771118164,22.34000015258789,20.959999084472656,21.100000381469727,75511315.0
2024-08-13,21.139999389648438,21.520000457763672,20.920000076293945,21.5,45928654.0
2024-08-14,21.600000381469727,21.81999969482422,21.219999313354492,21.280000686645508,48420562.0
2024-08-15,21.399999618530273,21.739999771118164,21.100000381469727,21.719999313354492,39568546.0
2024-08-16,21.780000686645508,21.940000534057617,21.239999771118164,21.31999969482422,38219212.0
2024-08-19,21.420000076293945,22.940000534057617,21.079999923706055,22.920000076293945,81954541.0
2024-08-20,22.899999618530273,23.860000610351562,22.719999313354492,23.700000762939453,104457176.0
2024-08-21,23.700000762939453,24.280000686645508,23.5,24.0,96261288.0
2024-08-22,24.1200008392334,24.600000381469727,24.059999465942383,24.579999923706055,73376690.0
2024-08-23,24.559999465942383,24.68000030517578,24.040000915527344,24.1200008392334,76689376.0
2024-08-26,24.260000228881836,24.360000610351562,23.1200008392334,23.540000915527344,67263812.0
2024-08-27,23.540000915527344,23.68000030517578,23.15999984741211,23.420000076293945,51440371.0
2024-08-28,23.420000076293945,23.860000610351562,23.239999771118164,23.34000015258789,38238897.0
2024-08-29,23.6200008392334,23.940000534057617,22.799999237060547,22.979999542236328,71742877.0
2024-09-02,23.059999465942383,23.639999389648438,22.719999313354492,23.440000534057617,73648223.0
2024-09-03,23.440000534057617,23.5,22.84000015258789,22.979999542236328,50387676.0
2024-09-04,22.719999313354492,23.420000076293945,22.700000762939453,23.079999923706055,58995167.0
2024-09-05,23.18000030517578,23.639999389648438,23.1200008392334,23.31999969482422,65436557.0
2024-09-06,23.299999237060547,24.139999389648438,23.280000686645508,23.81999969482422,76103372.0
2024-09-09,23.81999969482422,24.18000030517578,23.3799991607666,23.81999969482422,72543572.0
2024-09-10,23.860000610351562,23.959999084472656,22.68000030517578,23.059999465942383,84315587.0
2024-09-11,22.940000534057617,23.1200008392334,22.059999465942383,22.139999389648438,54614136.0
2024-09-12,22.399999618530273,22.899999618530273,21.940000534057617,22.84000015258789,66901150.0
2024-09-13,22.84000015258789,23.280000686645508,22.700000762939453,23.200000762939453,39685871.0
2024-09-16,23.15999984741211,23.34000015258789,22.700000762939453,22.739999771118164,40915453.0
2024-09-17,22.920000076293945,23.260000228881836,22.860000610351562,23.059999465942383,36217566.0
2024-09-18,23.139999389648438,23.239999771118164,22.899999618530273,23.100000381469727,34637892.0
2024-09-19,23.34000015258789,23.8799991607666,23.260000228881836,23.799999237060547,68212468.0
2024-09-20,23.899999618530273,23.979999542236328,23.600000381469727,23.700000762939453,44054028.0
2024-09-23,23.860000610351562,23.959999084472656,23.360000610351562,23.540000915527344,35654899.0
2024-09-24,23.6200008392334,24.100000381469727,23.540000915527344,23.8799991607666,60996848.0
2024-09-25,23.940000534057617,23.940000534057617,23.040000915527344,23.1200008392334,76485311.0
2024-09-26,23.299999237060547,23.420000076293945,22.600000381469727,22.6200008392334,59182544.0
2024-09-27,22.65999984741211,22.84000015258789,22.479999542236328,22.739999771118164,31390873.0
2024-09-30,22.6200008392334,22.959999084472656,22.579999923706055,22.65999984741211,44434431.0
2024-10-01,22.100000381469727,22.239999771118164,20.600000381469727,20.899999618530273,82839762.0
2024-10-02,20.81999969482422,21.020000457763672,20.059999465942383,20.15999984741211,44999535.0
2024-10-03,20.280000686645508,20.5,19.530000686645508,19.540000915527344,72756467.0
2024-10-04,19.600000381469727,20.079999923706055,19.290000915527344,20.040000915527344,47549763.0
2024-10-07,20.1200008392334,20.15999984741211,19.579999923706055,19.59000015258789,41189503.0
2024-10-08,19.520000457763672,19.719999313354492,19.31999969482422,19.40999984741211,40989965.0
2024-10-09,19.360000610351562,19.780000686645508,19.280000686645508,19.780000686645508,36176390.0
2024-10-10,19.780000686645508,19.920000076293945,19.290000915527344,19.299999237060547,33900042.0
2024-10-11,19.329999923706055,19.700000762939453,19.030000686645508,19.18000030517578,43054605.0
2024-10-14,19.239999771118164,19.270000457763672,18.84000015258789,18.899999618530273,31186720.0
2024-10-15,18.93000030517578,19.260000228881836,18.850000381469727,19.190000534057617,34955617.0
2024-10-16,19.1299991607666,19.440000534057617,19.059999465942383,19.389999389648438,40668012.0
2024-10-17,19.40999984741211,19.84000015258789,19.389999389648438,19.579999923706055,70148312.0
2024-10-18,19.600000381469727,19.81999969482422,19.040000915527344,19.079999923706055,45501031.0
2024-10-21,19.100000381469727,19.15999984741211,18.59000015258789,18.6200008392334,32935220.0
2024-10-22,18.68000030517578,19.100000381469727,18.540000915527344,18.959999084472656,48620432.0
2024-10-23,18.969999313354492,19.020000457763672,18.43000030517578,18.510000228881836,44076272.0
2024-10-24,18.639999389648438,18.940000534057617,18.59000015258789,18.719999313354492,36959975.0
2024-10-25,18.700000762939453,18.899999618530273,18.549999237060547,18.850000381469727,34572118.0
2024-10-28,18.8799991607666,19.040000915527344,18.860000610351562,18.940000534057617,10743160.0
2024-10-30,18.959999084472656,19.059999465942383,18.850000381469727,18.90999984741211,41332613.0
2024-10-31,18.940000534057617,19.0,18.450000762939453,18.559999465942383,44677998.0
2024-11-01,18.610000610351562,18.799999237060547,18.469999313354492,18.579999923706055,45623532.0
2024-11-04,18.520000457763672,18.579999923706055,17.84000015258789,17.90999984741211,38477284.0
2024-11-05,17.979999542236328,18.1200008392334,17.639999389648438,17.8799991607666,43774146.0
2024-11-06,17.959999084472656,18.350000381469727,17.770000457763672,18.25,44767360.0
2024-11-07,17.899999618530273,17.90999984741211,17.549999237060547,17.65999984741211,56876065.0
2024-11-08,17.700000762939453,18.09000015258789,17.65999984741211,18.059999465942383,62292012.0
2024-11-11,18.100000381469727,18.520000457763672,18.100000381469727,18.350000381469727,52806745.0
2024-11-12,18.350000381469727,18.6299991607666,18.200000762939453,18.280000686645508,47333659.0
2024-11-13,18.200000762939453,18.469999313354492,18.010000228881836,18.229999542236328,52128386.0
2024-11-14,18.299999237060547,18.5,18.299999237060547,18.420000076293945,41854803.0
2024-11-15,18.479999542236328,18.68000030517578,18.420000076293945,18.479999542236328,40590126.0
2024-11-18,18.510000228881836,18.579999923706055,18.1299991607666,18.170000076293945,52106854.0
2024-11-19,18.18000030517578,18.229999542236328,17.700000762939453,17.700000762939453,54976116.0
2024-11-20,17.770000457763672,17.799999237060547,17.1200008392334,17.139999389648438,43557316.0
2024-11-21,17.239999771118164,17.709999084472656,17.239999771118164,17.6200008392334,45721601.0
2024-11-22,17.649999618530273,18.350000381469727,17.559999465942383,18.350000381469727,100487666.0
2024-11-25,18.3799991607666,18.6299991607666,18.290000915527344,18.56999969482422,71024053.0
2024-11-26,18.5,18.65999984741211,18.25,18.360000610351562,39558250.0
2024-11-27,18.5,18.549999237060547,18.09000015258789,18.1299991607666,42473326.0
2024-11-28,18.190000534057617,18.469999313354492,18.09000015258789,18.229999542236328,47108767.0
2024-11-29,18.270000457763672,18.40999984741211,18.079999923706055,18.34000015258789,50119170.0
2024-12-02,18.260000228881836,18.850000381469727,18.25,18.81999969482422,56891146.0
2024-12-03,18.81999969482422,19.06999969482422,18.709999084472656,18.84000015258789,50333802.0
2024-12-04,18.889999389648438,19.110000610351562,18.860000610351562,18.950000762939453,40582947.0
2024-12-05,19.030000686645508,19.280000686645508,18.950000762939453,19.110000610351562,54161949.0
2024-12-06,19.219999313354492,19.299999237060547,19.09000015258789,19.1200008392334,39450705.0
2024-12-09,19.229999542236328,19.639999389648438,19.229999542236328,19.479999542236328,67704837.0
2024-12-10,19.489999771118164,19.600000381469727,18.950000762939453,18.989999771118164,40256867.0
2024-12-11,19.0,19.059999465942383,18.700000762939453,18.790000915527344,44721846.0
2024-12-12,18.899999618530273,19.049999237060547,18.639999389648438,18.739999771118164,42316581.0
2024-12-13,18.719999313354492,19.190000534057617,18.690000534057617,19.18000030517578,38195925.0
2024-12-16,19.399999618530273,19.520000457763672,18.950000762939453,18.950000762939453,52862831.0
2024-12-17,18.969999313354492,19.239999771118164,18.780000686645508,19.020000457763672,48735432.0
2024-12-18,19.020000457763672,19.110000610351562,18.450000762939453,18.559999465942383,59686224.0
2024-12-19,18.43000030517578,18.780000686645508,18.399999618530273,18.479999542236328,51832911.0
2024-12-20,18.540000915527344,18.729999542236328,18.450000762939453,18.610000610351562,38259457.0
2024-12-23,18.700000762939453,18.780000686645508,18.280000686645508,18.34000015258789,34277891.0
2024-12-24,18.399999618530273,18.43000030517578,18.040000915527344,18.149999618530273,30386296.0
2024-12-25,18.389999389648438,18.450000762939453,18.270000457763672,18.34000015258789,24792130.0
2024-12-26,18.40999984741211,18.600000381469727,18.299999237060547,18.450000762939453,41911019.0
2024-12-27,18.479999542236328,18.899999618530273,18.469999313354492,18.829999923706055,39409614.0
2024-12-30,18.860000610351562,18.899999618530273,18.389999389648438,18.389999389648438,33889810.0
2024-12-31,18.399999618530273,18.420000076293945,18.100000381469727,18.100000381469727,41910573.0
2025-01-02,18.15999984741211,18.239999771118164,17.8700008392334,18.0,65131363.0
2025-01-03,18.09000015258789,18.389999389648438,18.06999969482422,18.350000381469727,76548982.0
2025-01-06,18.420000076293945,19.59000015258789,18.360000610351562,19.139999389648438,181339475.0
2025-01-07,19.149999618530273,19.149999618530273,18.670000076293945,18.700000762939453,81063870.0
2025-01-08,18.639999389648438,18.65999984741211,18.149999618530273,18.149999618530273,61053664.0
2025-01-09,18.229999542236328,18.31999969482422,18.1200008392334,18.229999542236328,51532689.0
2025-01-10,18.270000457763672,18.360000610351562,17.989999771118164,18.010000228881836,79215360.0
2025-01-13,18.0,18.09000015258789,17.59000015258789,17.670000076293945,65471421.0
2025-01-14,17.780000686645508,17.940000534057617,17.68000030517578,17.780000686645508,45752696.0
2025-01-15,17.809999465942383,17.899999618530273,17.489999771118164,17.639999389648438,51982886.0
2025-01-16,17.829999923706055,17.8700008392334,17.56999969482422,17.799999237060547,45950837.0
2025-01-17,17.81999969482422,18.06999969482422,17.739999771118164,17.989999771118164,51105766.0
2025-01-20,18.06999969482422,18.25,17.899999618530273,18.049999237060547,62309816.0
2025-01-21,17.979999542236328,18.110000610351562,17.65999984741211,17.739999771118164,64493927.0
2025-01-22,17.75,17.8799991607666,17.639999389648438,17.81999969482422,37011032.0
2025-01-23,17.8700008392334,18.1299991607666,17.850000381469727,17.889999389648438,54218940.0
2025-01-24,17.90999984741211,18.1200008392334,17.829999923706055,18.110000610351562,48055531.0
2025-01-27,17.959999084472656,18.06999969482422,17.700000762939453,17.760000228881836,40725000.0
2025-01-28,17.829999923706055,17.959999084472656,17.649999618530273,17.899999618530273,52201642.0
2025-01-29,17.93000030517578,18.200000762939453,17.65999984741211,17.65999984741211,85886888.0
2025-01-30,17.700000762939453,17.829999923706055,17.549999237060547,17.56999969482422,56544139.0
2025-01-31,17.600000381469727,17.700000762939453,17.459999084472656,17.489999771118164,49270146.0
2025-02-03,17.299999237060547,17.34000015258789,16.8799991607666,16.899999618530273,51650288.0
2025-02-04,17.0,17.149999618530273,16.90999984741211,16.959999084472656,53787483.0
2025-02-05,17.0,17.059999465942383,16.329999923706055,16.649999618530273,52213752.0
2025-02-06,16.75,16.959999084472656,16.729999542236328,16.899999618530273,45246222.0
2025-02-07,16.899999618530273,17.170000076293945,16.860000610351562,17.139999389648438,51329102.0
2025-02-10,17.149999618530273,17.200000762939453,16.850000381469727,16.899999618530273,36746735.0
2025-02-11,16.889999389648438,16.959999084472656,16.75,16.8700008392334,39544095.0
2025-02-12,16.8700008392334,16.940000534057617,16.670000076293945,16.780000686645508,37598109.0
2025-02-13,16.8700008392334,17.09000015258789,16.84000015258789,17.0,52363891.0
2025-02-14,17.049999237060547,17.110000610351562,16.780000686645508,16.93000030517578,51524211.0
2025-02-17,16.950000762939453,17.100000381469727,16.860000610351562,16.8700008392334,42765476.0
2025-02-18,16.889999389648438,16.899999618530273,16.65999984741211,16.790000915527344,39443031.0
2025-02-19,16.799999237060547,16.969999313354492,16.450000762939453,16.5,54639108.0
2025-02-20,16.549999237060547,16.649999618530273,16.420000076293945,16.43000030517578,52293730.0
2025-02-21,16.479999542236328,16.6200008392334,16.0,16.329999923706055,103437036.0
2025-02-24,16.510000228881836,16.959999084472656,16.399999618530273,16.649999618530273,89079521.0
2025-02-25,16.649999618530273,16.729999542236328,16.360000610351562,16.389999389648438,52562718.0
2025-02-26,16.420000076293945,16.530000686645508,16.299999237060547,16.43000030517578,56489209.0
2025-02-27,16.420000076293945,16.790000915527344,16.40999984741211,16.6200008392334,71233866.0
2025-02-28,16.56999969482422,16.65999984741211,16.25,16.31999969482422,45213659.0
2025-03-03,16.40999984741211,16.799999237060547,16.40999984741211,16.56999969482422,68364329.0
2025-03-04,16.56999969482422,16.6200008392334,16.34000015258789,16.399999618530273,36814665.0
2025-03-05,16.549999237060547,17.020000457763672,16.549999237060547,17.010000228881836,88875525.0
2025-03-06,17.0,17.600000381469727,16.809999465942383,17.549999237060547,136192150.0
2025-03-07,17.559999465942383,17.809999465942383,17.43000030517578,17.75,80232233.0
2025-03-10,17.760000228881836,18.3799991607666,17.59000015258789,18.079999923706055,116287268.0
2025-03-11,18.079999923706055,18.25,17.950000762939453,18.100000381469727,75196623.0
2025-03-12,18.200000762939453,18.329999923706055,18.059999465942383,18.229999542236328,66855948.0
2025-03-13,18.270000457763672,18.510000228881836,18.100000381469727,18.260000228881836,59865741.0
2025-03-14,18.31999969482422,18.43000030517578,18.209999084472656,18.280000686645508,48462614.0
2025-03-17,18.329999923706055,18.610000610351562,18.299999237060547,18.40999984741211,79809577.0
2025-03-18,18.34000015258789,18.3799991607666,17.850000381469727,17.8700008392334,80168130.0
2025-03-19,16.899999618530273,17.1299991607666,16.270000457763672,16.399999618530273,83901420.0
2025-03-20,16.510000228881836,16.8700008392334,16.079999923706055,16.34000015258789,91793477.0
2025-03-21,16.190000534057617,16.260000228881836,15.180000305175781,15.8100004196167,80699784.0
2025-03-24,15.8100004196167,16.170000076293945,15.359999656677246,16.079999923706055,65008766.0
2025-03-25,16.290000915527344,17.18000030517578,16.1200008392334,17.1200008392334,83002564.0
2025-03-26,16.850000381469727,17.06999969482422,16.700000762939453,16.959999084472656,43241320.0
2025-03-27,17.040000915527344,17.31999969482422,16.860000610351562,16.93000030517578,42514352.0
2025-03-28,16.84000015258789,17.149999618530273,16.5,17.06999969482422,36793540.0
2025-04-02,17.0,17.149999618530273,16.649999618530273,16.719999313354492,28312113.0
2025-04-03,16.690000534057617,16.829999923706055,16.549999237060547,16.549999237060547,32010802.0
2025-04-04,16.540000915527344,16.639999389648438,16.219999313354492,16.299999237060547,33876254.0
2025-04-07,15.789999961853027,16.579999923706055,15.59000015258789,16.440000534057617,43985517.0
2025-04-08,16.670000076293945,16.799999237060547,16.510000228881836,16.59000015258789,29770510.0
2025-04-09,16.350000381469727,16.520000457763672,15.989999771118164,16.040000915527344,46784074.0
2025-04-10,16.489999771118164,16.549999237060547,16.059999465942383,16.059999465942383,37792126.0
2025-04-11,16.06999969482422,16.200000762939453,15.989999771118164,16.1299991607666,32362928.0
2025-04-14,16.229999542236328,16.8700008392334,16.200000762939453,16.850000381469727,44645620.0
2025-04-15,16.899999618530273,17.40999984741211,16.860000610351562,17.149999618530273,61189890.0
2025-04-16,17.0,17.15999984741211,16.459999084472656,16.5,39354426.0
2025-04-17,16.540000915527344,16.850000381469727,16.360000610351562,16.799999237060547,35672834.0
2025-04-18,16.84000015258789,17.010000228881836,16.649999618530273,16.799999237060547,25429516.0
2025-04-21,16.799999237060547,16.8799991607666,16.440000534057617,16.510000228881836,37661853.0
2025-04-22,16.56999969482422,16.670000076293945,16.34000015258789,16.450000762939453,19175450.0
2025-04-24,16.530000686645508,16.790000915527344,16.299999237060547,16.770000457763672,29731424.0
2025-04-25,16.770000457763672,16.969999313354492,16.68000030517578,16.84000015258789,22865513.0
2025-04-28,16.84000015258789,16.940000534057617,16.450000762939453,16.5,24496701.0
2025-04-29,16.350000381469727,16.670000076293945,16.350000381469727,16.559999465942383,32798927.0
2025-04-30,16.450000762939453,16.610000610351562,16.049999237060547,16.149999618530273,35025890.0
2025-05-02,16.190000534057617,16.43000030517578,16.15999984741211,16.3700008392334,18739316.0
2025-05-05,16.40999984741211,16.530000686645508,16.030000686645508,16.110000610351562,26288671.0
2025-05-06,16.100000381469727,16.350000381469727,15.979999542236328,16.149999618530273,38894666.0
2025-05-07,16.0,16.260000228881836,15.979999542236328,16.200000762939453,32260351.0
2025-05-08,15.710000038146973,16.399999618530273,15.609999656677246,16.270000457763672,42706170.0
2025-05-09,16.31999969482422,17.0,16.1299991607666,17.0,81138994.0
2025-05-12,17.200000762939453,17.889999389648438,16.860000610351562,17.889999389648438,122611657.0
2025-05-13,17.799999237060547,18.200000762939453,17.65999984741211,18.200000762939453,107560224.0
2025-05-14,18.190000534057617,18.280000686645508,17.959999084472656,18.09000015258789,57339776.0
2025-05-15,18.059999465942383,18.18000030517578,17.700000762939453,17.700000762939453,41757172.0
2025-05-16,17.649999618530273,18.15999984741211,17.31999969482422,17.93000030517578,85831401.0
2025-05-20,17.899999618530273,18.0,17.600000381469727,17.610000610351562,26987737.0
2025-05-21,17.5,17.600000381469727,17.200000762939453,17.200000762939453,26666836.0
2025-05-22,17.299999237060547,17.360000610351562,17.030000686645508,17.06999969482422,34006062.0
2025-05-23,17.079999923706055,17.18000030517578,16.739999771118164,16.75,23719978.0
2025-05-26,16.829999923706055,16.959999084472656,16.670000076293945,16.770000457763672,16142610.0
2025-05-27,16.799999237060547,16.829999923706055,16.459999084472656,16.520000457763672,23633392.0
2025-05-28,16.5,16.639999389648438,16.3700008392334,16.450000762939453,19304768.0
2025-05-29,16.520000457763672,16.719999313354492,16.399999618530273,16.40999984741211,25394861.0
2025-05-30,16.420000076293945,16.43000030517578,16.1200008392334,16.299999237060547,36866712.0
2025-06-02,16.190000534057617,16.420000076293945,16.139999389648438,16.200000762939453,14831912.0
2025-06-03,16.299999237060547,16.670000076293945,16.299999237060547,16.540000915527344,19086287.0
2025-06-04,16.510000228881836,16.799999237060547,16.459999084472656,16.790000915527344,19324154.0
2025-06-05,16.729999542236328,16.780000686645508,16.6200008392334,16.670000076293945,5382293.0
2025-06-10,16.729999542236328,17.059999465942383,16.700000762939453,16.969999313354492,27446111.0
2025-06-11,16.90999984741211,17.040000915527344,16.829999923706055,16.860000610351562,17269814.0
2025-06-12,16.739999771118164,16.780000686645508,16.3700008392334,16.3799991607666,21569746.0
2025-06-13,15.899999618530273,16.200000762939453,15.670000076293945,16.15999984741211,24658282.0
2025-06-16,16.15999984741211,16.360000610351562,16.040000915527344,16.18000030517578,21171228.0
2025-06-17,16.190000534057617,16.540000915527344,16.110000610351562,16.350000381469727,27848293.0
2025-06-18,16.299999237060547,16.709999084472656,16.149999618530273,16.43000030517578,30999590.0
2025-06-19,16.5,16.93000030517578,16.399999618530273,16.6200008392334,41171683.0
2025-06-20,16.899999618530273,17.030000686645508,16.549999237060547,16.549999237060547,34173769.0
2025-06-23,16.5,17.040000915527344,16.489999771118164,16.510000228881836,51732011.0
2025-06-24,16.670000076293945,17.020000457763672,16.530000686645508,16.6299991607666,53269497.0
2025-06-25,16.670000076293945,16.780000686645508,16.540000915527344,16.549999237060547,21418522.0
2025-06-26,16.65999984741211,16.809999465942383,16.59000015258789,16.65999984741211,24630290.0
2025-06-27,16.68000030517578,16.709999084472656,16.420000076293945,16.600000381469727,29286116.0
2025-06-30,16.639999389648438,17.280000686645508,16.56999969482422,17.209999084472656,66077133.0
2025-07-01,17.850000381469727,17.90999984741211,17.479999542236328,17.639999389648438,69184896.0
2025-07-02,17.65999984741211,18.040000915527344,17.40999984741211,17.459999084472656,81423572.0
2025-07-03,17.639999389648438,17.770000457763672,17.489999771118164,17.549999237060547,41481447.0
2025-07-04,17.579999923706055,17.639999389648438,17.40999984741211,17.530000686645508,25389304.0
2025-07-07,17.3700008392334,17.40999984741211,17.209999084472656,17.290000915527344,21939670.0
2025-07-08,17.399999618530273,17.450000762939453,16.920000076293945,16.940000534057617,29541120.0
2025-07-09,16.950000762939453,17.329999923706055,16.920000076293945,17.200000762939453,27272945.0
2025-07-10,17.3799991607666,17.739999771118164,17.3700008392334,17.56999969482422,31510734.0
2025-07-11,17.719999313354492,17.90999984741211,17.5,17.739999771118164,52629631.0
2025-07-14,17.84000015258789,18.040000915527344,17.360000610351562,17.3700008392334,42037267.0
2025-07-16,17.350000381469727,17.489999771118164,16.899999618530273,17.0,36322990.0
2025-07-17,17.139999389648438,17.520000457763672,17.079999923706055,17.43000030517578,39900002.0
2025-07-18,17.450000762939453,17.530000686645508,17.219999313354492,17.389999389648438,25917020.0
2025-07-21,17.469999313354492,17.790000915527344,17.459999084472656,17.75,30839151.0
2025-07-22,17.809999465942383,18.3700008392334,17.3799991607666,17.479999542236328,87410558.0
2025-07-23,17.520000457763672,17.65999984741211,17.389999389648438,17.450000762939453,35285957.0
2025-07-24,17.530000686645508,17.799999237060547,17.489999771118164,17.559999465942383,41825055.0
2025-07-25,17.579999923706055,17.639999389648438,17.31999969482422,17.360000610351562,34021751.0
2025-07-28,17.309999465942383,17.360000610351562,17.09000015258789,17.1299991607666,31496286.0
2025-07-29,17.1299991607666,17.260000228881836,16.950000762939453,16.950000762939453,31348773.0
2025-07-30,17.030000686645508,17.270000457763672,17.010000228881836,17.100000381469727,41282664.0
2025-07-31,17.15999984741211,17.260000228881836,17.020000457763672,17.100000381469727,38985465.0
2025-08-01,17.139999389648438,17.420000076293945,17.100000381469727,17.270000457763672,44674728.0
2025-08-04,17.350000381469727,17.540000915527344,17.309999465942383,17.459999084472656,43980133.0
2025-08-05,17.479999542236328,17.709999084472656,17.40999984741211,17.59000015258789,40221148.0
2025-08-06,17.700000762939453,18.190000534057617,17.65999984741211,18.049999237060547,79345736.0
2025-08-07,18.059999465942383,18.15999984741211,17.84000015258789,17.84000015258789,47187287.0
2025-08-08,17.850000381469727,18.260000228881836,17.729999542236328,18.09000015258789,55804849.0
2025-08-11,18.209999084472656,18.34000015258789,18.100000381469727,18.18000030517578,37330107.0
2025-08-12,18.209999084472656,18.229999542236328,17.799999237060547,17.8700008392334,25426459.0
2025-08-13,17.8700008392334,18.09000015258789,17.75,17.90999984741211,34071400.0
2025-08-14,17.8700008392334,18.200000762939453,17.790000915527344,17.93000030517578,56594302.0
2025-08-15,17.93000030517578,18.450000762939453,17.899999618530273,18.290000915527344,64491072.0
2025-08-18,18.329999923706055,18.610000610351562,18.329999923706055,18.549999237060547,88941649.0
2025-08-19,18.770000457763672,18.860000610351562,18.5,18.59000015258789,70611871.0
2025-08-20,18.59000015258789,19.799999237060547,18.43000030517578,19.719999313354492,162331415.0
2025-08-21,19.760000228881836,20.239999771118164,19.6299991607666,20.15999984741211,98978976.0
2025-08-22,20.219999313354492,20.920000076293945,20.200000762939453,20.81999969482422,91338472.0
2025-08-25,21.0,22.100000381469727,20.899999618530273,21.84000015258789,97956870.0
2025-08-26,21.780000686645508,21.860000610351562,21.299999237060547,21.579999923706055,59582867.0
2025-08-27,21.65999984741211,21.719999313354492,21.34000015258789,21.479999542236328,46620987.0
2025-08-28,21.5,21.639999389648438,20.940000534057617,20.959999084472656,72581674.0
2025-08-29,20.979999542236328,21.639999389648438,20.0,20.0,101213490.0
2025-09-01,20.079999923706055,20.399999618530273,19.8700008392334,19.899999618530273,62149730.0
2025-09-02,19.93000030517578,20.15999984741211,18.290000915527344,18.639999389648438,112601860.0
2025-09-03,18.649999618530273,18.770000457763672,18.229999542236328,18.520000457763672,62033148.0
2025-09-04,18.549999237060547,18.670000076293945,18.299999237060547,18.450000762939453,48066580.0
2025-09-05,18.600000381469727,18.68000030517578,18.079999923706055,18.18000030517578,72345929.0
2025-09-08,17.950000762939453,17.950000762939453,17.3700008392334,17.420000076293945,57483372.0
2025-09-09,17.5,17.59000015258789,17.229999542236328,17.299999237060547,63620020.0
2025-09-10,17.420000076293945,17.440000534057617,17.139999389648438,17.270000457763672,45885227.0
2025-09-11,17.290000915527344,17.65999984741211,16.950000762939453,17.06999969482422,96072524.0
2025-09-12,17.09000015258789,17.299999237060547,16.93000030517578,17.110000610351562,54510789.0
2025-09-15,17.100000381469727,18.010000228881836,16.829999923706055,18.0,102761762.0
2025-09-16,18.020000457763672,18.219999313354492,17.780000686645508,18.030000686645508,88470833.0
2025-09-17,18.049999237060547,18.309999465942383,17.899999618530273,17.899999618530273,88466582.0
2025-09-18,17.989999771118164,18.309999465942383,17.739999771118164,17.760000228881836,91937744.0
2025-09-19,17.770000457763672,18.100000381469727,17.6299991607666,18.049999237060547,79190561.0
2025-09-22,18.329999923706055,18.780000686645508,18.290000915527344,18.40999984741211,96247924.0
2025-09-23,18.25,18.81999969482422,18.049999237060547,18.520000457763672,84821756.0
2025-09-24,18.610000610351562,18.93000030517578,18.139999389648438,18.600000381469727,91734600.0
2025-09-25,18.690000534057617,19.280000686645508,18.690000534057617,19.18000030517578,110542100.0
2025-09-26,19.149999618530273,19.43000030517578,18.8799991607666,19.0,91955327.0
2025-09-29,19.09000015258789,19.110000610351562,18.270000457763672,18.34000015258789,90417061.0
2025-09-30,18.309999465942383,18.43000030517578,18.020000457763672,18.09000015258789,72361173.0
2025-10-01,18.219999313354492,18.520000457763672,17.84000015258789,18.3799991607666,69027286.0
2025-10-02,18.3799991607666,18.459999084472656,17.920000076293945,18.270000457763672,60135994.0
2025-10-03,18.34000015258789,18.459999084472656,18.059999465942383,18.290000915527344,54466906.0
2025-10-06,18.360000610351562,19.1299991607666,18.260000228881836,18.899999618530273,125244261.0
2025-10-07,18.920000076293945,19.579999923706055,18.81999969482422,19.299999237060547,106922184.0
2025-10-08,19.299999237060547,19.540000915527344,18.799999237060547,19.149999618530273,72767757.0
2025-10-09,19.34000015258789,19.68000030517578,19.280000686645508,19.3799991607666,67935843.0
2025-10-10,19.40999984741211,19.579999923706055,19.209999084472656,19.540000915527344,61578462.0
2025-10-13,19.399999618530273,19.780000686645508,19.09000015258789,19.450000762939453,92994471.0
2025-10-14,19.450000762939453,20.059999465942383,18.93000030517578,19.899999618530273,94712591.0
2025-10-15,19.940000534057617,20.979999542236328,19.81999969482422,20.979999542236328,121451791.0
2025-10-16,21.059999465942383,21.5,18.889999389648438,18.889999389648438,267506357.0
2025-10-17,18.389999389648438,18.40999984741211,17.010000228881836,17.1299991607666,381546271.0
2025-10-20,17.299999237060547,17.299999237060547,16.8799991607666,17.200000762939453,187975603.0
2025-10-21,17.190000534057617,17.280000686645508,16.799999237060547,16.809999465942383,139268994.0
2025-10-22,16.84000015258789,17.110000610351562,16.790000915527344,16.790000915527344,103930427.0
2025-10-23,16.850000381469727,17.010000228881836,16.719999313354492,16.760000228881836,88084831.0
2025-10-24,16.850000381469727,17.639999389648438,16.81999969482422,17.360000610351562,181757977.0
2025-10-27,17.3799991607666,17.75,16.899999618530273,16.969999313354492,89338540.0
2025-10-28,16.969999313354492,17.030000686645508,16.889999389648438,16.889999389648438,23682764.0
2025-10-30,16.959999084472656,17.190000534057617,16.959999084472656,17.100000381469727,59941879.0
2025-10-31,17.1200008392334,17.200000762939453,17.010000228881836,17.170000076293945,61866968.0
2025-11-03,17.239999771118164,17.90999984741211,17.239999771118164,17.610000610351562,85197462.0
2025-11-04,17.600000381469727,17.709999084472656,17.350000381469727,17.43000030517578,62183389.0
2025-11-05,17.459999084472656,18.0,17.260000228881836,17.600000381469727,72688549.0
2025-11-06,17.5,17.5,17.170000076293945,17.31999969482422,71520745.0
2025-11-07,17.360000610351562,17.450000762939453,16.940000534057617,17.049999237060547,52186935.0
2025-11-10,17.139999389648438,17.190000534057617,16.8799991607666,16.93000030517578,45826109.0
2025-11-11,16.959999084472656,17.030000686645508,16.1200008392334,16.5,71538089.0
2025-11-12,16.600000381469727,16.770000457763672,16.34000015258789,16.399999618530273,52552415.0
2025-11-13,16.489999771118164,16.75,16.420000076293945,16.520000457763672,48481345.0
2025-11-14,16.489999771118164,16.739999771118164,16.25,16.739999771118164,80657455.0
2025-11-17,16.81999969482422,17.170000076293945,16.65999984741211,16.799999237060547,75427367.0
2025-11-18,16.799999237060547,17.219999313354492,16.690000534057617,16.969999313354492,75411085.0
2025-11-19,17.040000915527344,17.170000076293945,16.84000015258789,16.950000762939453,79385674.0
2025-11-20,17.049999237060547,17.34000015258789,17.040000915527344,17.15999984741211,73843876.0
2025-11-21,17.059999465942383,17.200000762939453,16.860000610351562,17.059999465942383,63171987.0
2025-11-24,17.0,17.270000457763672,16.950000762939453,16.979999542236328,64366000.0
2025-11-25,17.059999465942383,17.200000762939453,16.860000610351562,16.940000534057617,90552997.0
2025-11-26,16.989999771118164,17.079999923706055,16.90999984741211,16.90999984741211,48550284.0
2025-11-27,17.010000228881836,17.190000534057617,16.780000686645508,16.850000381469727,60514946.0
2025-11-28,16.860000610351562,17.06999969482422,16.790000915527344,17.0,57967289.0
2025-12-01,17.0,17.43000030517578,16.969999313354492,17.3799991607666,57553271.0
2025-12-02,17.440000534057617,17.889999389648438,17.3799991607666,17.700000762939453,68324090.0
2025-12-03,17.790000915527344,17.850000381469727,17.260000228881836,17.290000915527344,55451815.0
2025-12-04,17.34000015258789,17.399999618530273,16.979999542236328,17.139999389648438,41864090.0
2025-12-05,17.139999389648438,17.280000686645508,17.0,17.170000076293945,37980030.0
2025-12-08,17.270000457763672,17.790000915527344,17.25,17.610000610351562,49155249.0
2025-12-09,17.68000030517578,17.709999084472656,17.239999771118164,17.40999984741211,42815395.0
2025-12-10,17.440000534057617,17.510000228881836,17.139999389648438,17.200000762939453,34516644.0
2025-12-11,17.280000686645508,17.40999984741211,17.200000762939453,17.360000610351562,30588718.0
2025-12-12,17.440000534057617,17.579999923706055,17.360000610351562,17.3799991607666,35000595.0
2025-12-15,17.5,17.540000915527344,17.239999771118164,17.399999618530273,63052814.0
2025-12-16,17.40999984741211,17.420000076293945,16.979999542236328,16.989999771118164,52256137.0
2025-12-17,16.959999084472656,17.100000381469727,16.940000534057617,17.0,33716052.0
2025-12-18,17.059999465942383,17.1299991607666,16.969999313354492,16.969999313354492,35549039.0
2025-12-19,17.0,17.010000228881836,16.860000610351562,16.860000610351562,30544204.0
2025-12-22,16.920000076293945,17.020000457763672,16.56999969482422,16.700000762939453,40568908.0
2025-12-23,16.670000076293945,16.700000762939453,16.479999542236328,16.530000686645508,33923340.0
2025-12-24,16.549999237060547,16.709999084472656,16.510000228881836,16.6299991607666,35377012.0
2025-12-25,16.700000762939453,16.770000457763672,16.6299991607666,16.6299991607666,14892132.0
2025-12-26,16.670000076293945,16.670000076293945,16.440000534057617,16.469999313354492,27642824.0
2025-12-29,16.479999542236328,16.489999771118164,16.200000762939453,16.219999313354492,26754158.0
2025-12-30,16.229999542236328,16.299999237060547,16.1299991607666,16.270000457763672,25269937.0
2025-12-31,16.31999969482422,16.399999618530273,16.209999084472656,16.229999542236328,30076674.0
2026-01-02,16.270000457763672,16.579999923706055,16.260000228881836,16.579999923706055,35201621.0
2026-01-05,16.639999389648438,16.709999084472656,16.530000686645508,16.709999084472656,39829935.0
2026-01-06,16.729999542236328,17.010000228881836,16.700000762939453,17.0,63432608.0
2026-01-07,17.049999237060547,17.059999465942383,16.75,16.780000686645508,37818258.0
2026-01-08,16.829999923706055,16.829999923706055,16.40999984741211,16.649999618530273,52431117.0
2026-01-09,16.700000762939453,16.90999984741211,16.6299991607666,16.84000015258789,45047539.0
2026-01-12,16.899999618530273,17.09000015258789,16.829999923706055,16.969999313354492,69697774.0
2026-01-13,16.989999771118164,17.15999984741211,16.90999984741211,16.90999984741211,62625214.0
2026-01-14,16.959999084472656,17.290000915527344,16.8700008392334,16.989999771118164,70945806.0
2026-01-15,17.0,17.290000915527344,16.950000762939453,17.15999984741211,66849839.0
2026-01-16,17.200000762939453,17.360000610351562,17.1299991607666,17.299999237060547,53207467.0
2026-01-19,17.3799991607666,17.540000915527344,17.290000915527344,17.40999984741211,76938767.0
2026-01-20,17.459999084472656,17.5,17.09000015258789,17.229999542236328,50119549.0
2026-01-21,17.239999771118164,17.270000457763672,17.040000915527344,17.079999923706055,38069200.0
2026-01-22,17.149999618530273,17.780000686645508,17.079999923706055,17.780000686645508,74801757.0
2026-01-23,17.959999084472656,18.200000762939453,17.81999969482422,17.969999313354492,72734171.0
2026-01-26,17.860000610351562,18.200000762939453,17.770000457763672,18.200000762939453,59679335.0
2026-01-27,18.200000762939453,18.219999313354492,17.8700008392334,17.940000534057617,53517608.0
2026-01-28,17.940000534057617,18.34000015258789,17.90999984741211,18.209999084472656,67649514.0
2026-01-29,18.350000381469727,18.719999313354492,18.209999084472656,18.520000457763672,90728207.0
2026-01-30,18.540000915527344,18.81999969482422,18.200000762939453,18.440000534057617,81089875.0
2026-02-02,18.200000762939453,18.219999313354492,17.510000228881836,17.81999969482422,74948945.0
2026-02-03,17.860000610351562,18.459999084472656,17.809999465942383,18.3799991607666,77504467.0
2026-02-04,18.440000534057617,18.559999465942383,18.200000762939453,18.360000610351562,50105640.0
2026-02-05,18.360000610351562,18.3799991607666,17.84000015258789,17.850000381469727,73766665.0
2026-02-06,17.8700008392334,17.8799991607666,17.40999984741211,17.709999084472656,51694484.0
2026-02-09,17.90999984741211,18.809999465942383,17.90999984741211,18.729999542236328,94816537.0
2026-02-10,18.959999084472656,19.270000457763672,18.65999984741211,18.920000076293945,101257372.0
2026-02-11,18.790000915527344,19.040000915527344,18.670000076293945,18.75,68778055.0
2026-02-12,18.809999465942383,19.25,18.799999237060547,19.209999084472656,71898529.0
2026-02-13,19.18000030517578,19.309999465942383,18.90999984741211,19.15999984741211,78446286.0
2026-02-16,19.290000915527344,19.559999465942383,19.190000534057617,19.459999084472656,74381880.0
2026-02-17,19.440000534057617,19.510000228881836,19.020000457763672,19.079999923706055,61131100.0
2026-02-18,19.149999618530273,19.25,18.350000381469727,18.5,108567558.0
2026-02-19,18.610000610351562,18.6299991607666,17.309999465942383,17.3799991607666,64251069.0
2026-02-20,17.420000076293945,17.549999237060547,17.1200008392334,17.389999389648438,51745238.0
2026-02-23,17.56999969482422,18.110000610351562,17.56999969482422,18.0,74802261.0
2026-02-24,17.93000030517578,18.1299991607666,17.639999389648438,17.969999313354492,44509957.0
2026-02-25,17.969999313354492,18.020000457763672,17.510000228881836,17.649999618530273,37269812.0
2026-02-26,17.700000762939453,17.829999923706055,17.459999084472656,17.719999313354492,57600341.0
2026-02-27,17.790000915527344,17.8799991607666,17.09000015258789,17.290000915527344,56521092.0
2026-03-02,16.5,18.389999389648438,16.5,17.850000381469727,145547318.0
2026-03-03,18.100000381469727,19.559999465942383,18.100000381469727,19.149999618530273,171690204.0
2026-03-04,19.469999313354492,19.510000228881836,18.43000030517578,18.670000076293945,151881343.0
2026-03-05,18.700000762939453,19.729999542236328,18.690000534057617,19.3799991607666,141029439.0
2026-03-06,19.3799991607666,20.059999465942383,18.200000762939453,18.399999618530273,160836694.0
2026-03-09,19.270000457763672,19.489999771118164,17.56999969482422,17.6299991607666,148468173.0
2026-03-10,17.649999618530273,17.770000457763672,17.3700008392334,17.770000457763672,88180872.0
2026-03-11,17.799999237060547,18.110000610351562,17.6299991607666,17.760000228881836,74068987.0
2026-03-12,18.100000381469727,19.1299991607666,17.959999084472656,18.899999618530273,147280114.0
2026-03-13,18.8799991607666,20.780000686645508,18.860000610351562,20.139999389648438,197479689.0
2026-03-16,20.440000534057617,20.739999771118164,19.5,19.799999237060547,116469692.0
2026-03-17,19.950000762939453,20.68000030517578,19.8799991607666,20.34000015258789,99733036.0
2026-03-18,20.1200008392334,20.81999969482422,19.989999771118164,20.239999771118164,113864089.0
2026-03-19,20.600000381469727,20.81999969482422,20.15999984741211,20.31999969482422,50512754.0
2026-03-23,20.479999542236328,22.31999969482422,19.3799991607666,19.549999237060547,339252840.0
2026-03-24,20.0,20.15999984741211,19.389999389648438,19.549999237060547,117933759.0
2026-03-25,19.219999313354492,19.799999237060547,18.799999237060547,19.030000686645508,156383472.0
2026-03-26,19.260000228881836,19.5,18.969999313354492,19.170000076293945,105130707.0
2026-03-27,19.049999237060547,19.969999313354492,18.760000228881836,19.200000762939453,134993903.0
2026-03-30,19.850000381469727,20.719999313354492,19.600000381469727,20.5,135908681.0
2026-03-31,20.3799991607666,21.360000610351562,20.0,21.219999313354492,124863358.0
2026-04-01,20.579999923706055,21.5,20.15999984741211,20.34000015258789,153072245.0
2026-04-02,21.0,21.440000534057617,19.950000762939453,20.0,121307248.0
2026-04-03,20.079999923706055,20.440000534057617,19.739999771118164,19.8799991607666,87024661.0
2026-04-06,20.31999969482422,21.059999465942383,19.959999084472656,20.860000610351562,143974069.0
2026-04-07,21.280000686645508,22.1200008392334,21.219999313354492,21.920000076293945,122568494.0
2026-04-08,20.280000686645508,20.959999084472656,20.1200008392334,20.799999237060547,278609211.0
2026-04-09,21.200000762939453,21.399999618530273,20.739999771118164,21.399999618530273,142721523.0
2026-04-10,21.219999313354492,21.959999084472656,21.139999389648438,21.360000610351562,132058847.0
2026-04-13,22.100000381469727,22.479999542236328,21.780000686645508,22.200000762939453,173511431.0
2026-04-14,21.899999618530273,22.440000534057617,21.799999237060547,22.059999465942383,163062660.0
2026-04-15,21.979999542236328,22.34000015258789,21.65999984741211,22.0,90639296.0
2026-04-16,22.040000915527344,22.959999084472656,22.020000457763672,22.68000030517578,124779210.0
2026-04-17,22.719999313354492,23.1200008392334,21.299999237060547,21.979999542236328,167132175.0
2026-04-20,22.739999771118164,23.280000686645508,21.920000076293945,22.479999542236328,166719849.0
2026-04-21,22.479999542236328,23.600000381469727,22.479999542236328,22.920000076293945,146859001.0
2026-04-22,22.940000534057617,23.31999969482422,22.65999984741211,23.0,88672085.0
2026-04-24,23.260000228881836,23.540000915527344,22.8799991607666,23.15999984741211,80349600.0
2026-04-27,23.200000762939453,23.84000015258789,23.079999923706055,23.739999771118164,88183613.0
2026-04-28,24.0,24.5,23.860000610351562,24.239999771118164,71814087.0
2026-04-29,24.299999237060547,24.899999618530273,24.040000915527344,24.81999969482422,74752183.0
2026-04-30,24.959999084472656,25.360000610351562,23.5,23.899999618530273,95519222.0
2026-05-04,23.920000076293945,24.639999389648438,23.639999389648438,24.059999465942383,71804483.0
2026-05-05,24.1200008392334,24.219999313354492,23.68000030517578,24.1200008392334,45839526.0
2026-05-06,23.8799991607666,24.940000534057617,23.399999618530273,24.1200008392334,129111726.0
2026-05-07,24.34000015258789,24.479999542236328,23.459999084472656,23.760000228881836,67352061.0
2026-05-08,23.959999084472656,24.81999969482422,23.860000610351562,24.719999313354492,91831071.0
2026-05-11,25.260000228881836,26.68000030517578,25.260000228881836,26.139999389648438,93756546.0
2026-05-12,26.399999618530273,28.059999465942383,26.200000762939453,27.139999389648438,95204808.0
2026-05-13,27.139999389648438,27.200000762939453,26.239999771118164,26.520000457763672,45751252.0
2026-05-14,26.520000457763672,26.799999237060547,25.81999969482422,26.200000762939453,42193126.0
2026-05-15,26.559999465942383,27.219999313354492,25.600000381469727,26.0,82664349.0
2026-05-18,26.299999237060547,26.65999984741211,25.100000381469727,25.399999618530273,53276030.0
2026-05-20,25.1200008392334,25.18000030517578,24.1200008392334,24.34000015258789,55162301.0
2026-05-21,24.260000228881836,24.459999084472656,22.760000228881836,22.760000228881836,44001808.0
2026-05-22,22.260000228881836,23.399999618530273,21.780000686645508,23.219999313354492,76142337.0
2026-05-25,23.18000030517578,23.18000030517578,22.040000915527344,22.3799991607666,49082483.0
2026-05-26,22.5,22.639999389648438,22.100000381469727,22.100000381469727,22722756.0
2026-05-27,22.100000381469727,22.100000381469727,22.100000381469727,22.100000381469727,0.0
2026-05-28,22.100000381469727,22.100000381469727,22.100000381469727,22.100000381469727,0.0
2026-05-29,22.100000381469727,22.100000381469727,22.100000381469727,22.100000381469727,0.0
2026-06-01,22.15999984741211,23.139999389648438,22.15999984741211,23.059999465942383,50612432.0
2026-06-02,22.8799991607666,23.739999771118164,22.440000534057617,23.700000762939453,48881838.0
2026-06-03,24.1200008392334,24.420000076293945,22.3799991607666,22.540000915527344,53912166.0
2026-06-04,22.600000381469727,22.700000762939453,20.920000076293945,21.020000457763672,82421601.0
2026-06-05,21.100000381469727,21.219999313354492,20.239999771118164,20.84000015258789,80139600.0
2026-06-08,21.559999465942383,21.68000030517578,20.860000610351562,20.979999542236328,51365773.0
2026-06-09,20.8799991607666,20.940000534057617,20.139999389648438,20.219999313354492,42366070.0
2026-06-10,20.139999389648438,20.520000457763672,19.940000534057617,19.950000762939453,73381249.0
2026-06-11,20.059999465942383,20.18000030517578,19.170000076293945,19.709999084472656,83471536.0
2026-06-12,19.299999237060547,19.59000015258789,19.1299991607666,19.389999389648438,112557296.0
2026-06-15,19.299999237060547,19.84000015258789,19.200000762939453,19.350000381469727,130177637.0
2026-06-16,19.40999984741211,19.760000228881836,19.110000610351562,19.75,154708197.0
2026-06-17,19.75,20.579999923706055,19.649999618530273,20.079999923706055,101688742.0
2026-06-18,20.15999984741211,20.559999465942383,19.68000030517578,20.420000076293945,108789322.0
2026-06-19,20.700000762939453,20.84000015258789,19.920000076293945,20.1200008392334,65856511.0
2026-06-22,20.020000457763672,20.459999084472656,20.020000457763672,20.260000228881836,44086248.0
2026-06-23,20.260000228881836,20.479999542236328,20.059999465942383,20.1200008392334,37018258.0
2026-06-24,20.15999984741211,20.399999618530273,19.459999084472656,19.459999084472656,76920899.0
2026-06-25,19.510000228881836,19.709999084472656,19.18000030517578,19.31999969482422,42242464.0
2026-06-26,19.209999084472656,19.579999923706055,19.040000915527344,19.579999923706055,31771274.0
2026-06-29,19.579999923706055,19.75,19.149999618530273,19.200000762939453,50732578.0
2026-06-30,19.260000228881836,19.290000915527344,18.81999969482422,19.110000610351562,76375708.0
2026-07-01,19.110000610351562,19.399999618530273,18.950000762939453,19.0,71503799.0
2026-07-02,19.010000228881836,19.270000457763672,18.790000915527344,18.860000610351562,63932039.0
2026-07-03,18.920000076293945,19.010000228881836,18.639999389648438,18.93000030517578,72404536.0
2026-07-06,18.950000762939453,19.100000381469727,18.790000915527344,18.84000015258789,45024870.0
2026-07-07,18.8700008392334,19.3700008392334,18.780000686645508,19.15999984741211,70332324.0
2026-07-08,19.420000076293945,19.59000015258789,18.959999084472656,19.219999313354492,111093518.0
2026-07-09,19.190000534057617,19.709999084472656,19.0,19.020000457763672,79354755.0
2026-07-10,19.059999465942383,19.59000015258789,19.020000457763672,19.34000015258789,61630862.0
2026-07-13,19.649999618530273,19.989999771118164,19.43000030517578,19.799999237060547,97869057.0
2026-07-14,20.040000915527344,20.100000381469727,19.59000015258789,19.600000381469727,75376522.0
2026-07-16,19.610000610351562,20.739999771118164,19.610000610351562,20.6200008392334,114415011.0
2026-07-17,20.639999389648438,21.200000762939453,20.6200008392334,20.940000534057617,72551672.0
2026-07-20,21.239999771118164,22.760000228881836,21.219999313354492,22.700000762939453,158146485.0
2026-07-21,22.700000762939453,22.719999313354492,21.280000686645508,21.31999969482422,89839953.0
2026-07-22,21.5,22.31999969482422,21.440000534057617,22.219999313354492,90103968.0
2026-07-23,22.459999084472656,23.200000762939453,22.3799991607666,22.559999465942383,88086483.0
2026-07-24,22.459999084472656,22.899999618530273,21.920000076293945,22.020000457763672,72727274.0
2026-07-27,21.239999771118164,21.459999084472656,20.15999984741211,20.15999984741211,115984318.0
2026-07-28,20.0,20.280000686645508,19.6299991607666,20.260000228881836,90215941.0
2026-07-29,20.420000076293945,20.600000381469727,19.84000015258789,19.950000762939453,75992407.0
2026-07-30,20.059999465942383,20.200000762939453,18.959999084472656,19.010000228881836,77121992.0
2026-07-31,18.860000610351562,19.149999618530273,18.700000762939453,19.1200008392334,89732176.0
2026-08-03,18.989999771118164,19.079999923706055,18.530000686645508,19.079999923706055,68538170.0
2026-08-04,19.100000381469727,19.889999389648438,19.100000381469727,19.600000381469727,71744835.0
2026-08-05,19.75,20.299999237060547,19.65999984741211,20.239999771118164,97056514.0
2026-08-06,20.360000610351562,20.3799991607666,18.979999542236328,19.059999465942383,144571854.0
2026-08-07,19.149999618530273,19.170000076293945,18.280000686645508,18.520000457763672,115569205.0
2026-08-10,18.610000610351562,19.139999389648438,18.479999542236328,18.770000457763672,101954512.0
2026-08-11,19.0,19.09000015258789,18.200000762939453,18.450000762939453,101690432.0
2026-08-12,18.469999313354492,18.860000610351562,18.389999389648438,18.610000610351562,87457895.0
2026-08-13,18.6299991607666,18.84000015258789,18.469999313354492,18.809999465942383,77119026.0
2026-08-14,18.829999923706055,19.399999618530273,18.829999923706055,19.15999984741211,78306590.0
2026-08-17,19.190000534057617,19.389999389648438,18.969999313354492,19.149999618530273,63258075.0
2026-08-18,19.350000381469727,20.040000915527344,19.229999542236328,19.81999969482422,88338827.0
2026-08-19,19.700000762939453,20.260000228881836,19.610000610351562,20.1200008392334,58843187.0
2026-08-20,20.200000762939453,20.719999313354492,20.1200008392334,20.6200008392334,60160619.0
2026-08-21,20.559999465942383,20.899999618530273,20.399999618530273,20.579999923706055,66278027.0
2026-08-24,20.579999923706055,21.079999923706055,20.34000015258789,20.799999237060547,77156081.0
2026-08-25,20.65999984741211,20.780000686645508,19.479999542236328,19.729999542236328,71505103.0
2026-08-26,19.65999984741211,20.260000228881836,19.510000228881836,20.219999313354492,67229390.0
