Date,open,high,low,close,volume
2018-01-01,6.915460109710693,6.915460109710693,6.915460109710693,6.915460109710693,0.0
2018-01-02,6.9522881507873535,7.263278961181641,6.915460109710693,7.1937150955200195,8149270.0
2018-01-03,7.2223591804504395,7.373762130737305,7.091414928436279,7.3655781745910645,10314438.0
2018-01-04,7.3655781745910645,7.508798122406006,7.205990791320801,7.2264509201049805,7338329.0
2018-01-05,7.2591872215271,7.4351420402526855,7.2591872215271,7.386037826538086,6238209.0
2018-01-08,7.439233779907227,7.508798122406006,7.377853870391846,7.414681911468506,3973540.0
2018-01-09,7.3655781745910645,7.410590171813965,7.24691104888916,7.2591872215271,4125197.0
2018-01-10,7.24691104888916,7.24691104888916,6.989116191864014,7.087323188781738,5552777.0
2018-01-11,7.132335186004639,7.332842826843262,7.083230972290039,7.30419921875,4780399.0
2018-01-12,7.3655781745910645,7.414681911468506,7.083230972290039,7.115966796875,4327084.0
2018-01-15,6.911367893218994,7.0995988845825195,6.719044208526611,6.723135948181152,10445005.0
2018-01-16,6.751780033111572,7.013667106628418,6.575825214385986,6.9563798904418945,8514193.0
2018-01-17,6.980932235717773,7.132335186004639,6.8909077644348145,7.046402931213379,7370651.0
2018-01-18,7.075047016143799,7.111875057220459,6.911367893218994,6.919551849365234,5509482.0
2018-01-19,6.927735805511475,7.013667106628418,6.7599639892578125,6.764056205749512,4569245.0
2018-01-22,6.780424118041992,6.874539852142334,6.723135948181152,6.866355895996094,3484838.0
2018-01-23,6.935919761657715,6.997300148010254,6.874539852142334,6.899092197418213,4826240.0
2018-01-24,6.944104194641113,6.968656063079834,6.825436115264893,6.841804027557373,3107467.0
2018-01-25,6.841804027557373,6.8581719398498535,6.657663822174072,6.690400123596191,3946609.0
2018-01-26,6.694491863250732,6.809068202972412,6.612652778625488,6.645389080047607,4119307.0
2018-01-29,6.674032211303711,6.964563846588135,6.674032211303711,6.940011978149414,6340785.0
2018-01-30,6.9522881507873535,7.079139232635498,6.841804027557373,7.017758846282959,7957060.0
2018-01-31,7.038218975067139,7.418774127960205,7.038218975067139,7.308290958404541,10247824.0
2018-02-01,7.3655781745910645,7.631557941436768,7.361485958099365,7.521073818206787,8960387.0
2018-02-02,7.521073818206787,7.553810119628906,7.410590171813965,7.459693908691406,3476891.0
2018-02-05,7.426958084106445,7.570178031921387,7.357394218444824,7.4678778648376465,6224563.0
2018-02-06,7.263278961181641,7.3655781745910645,7.062770843505859,7.341026782989502,6155359.0
2018-02-07,7.390130043029785,7.459693908691406,7.18143892288208,7.185531139373779,5421559.0
2018-02-08,7.2223591804504395,7.234634876251221,6.927735805511475,6.935919761657715,5351075.0
2018-02-09,6.796792030334473,7.120059013366699,6.776331901550293,7.075047016143799,9612182.0
2018-02-12,7.10778284072876,7.28373908996582,7.0995988845825195,7.205990791320801,7807549.0
2018-02-13,7.23872709274292,7.308290958404541,6.972747802734375,6.972747802734375,6431152.0
2018-02-14,7.034127235412598,7.0995988845825195,6.833620071411133,6.837711811065674,4272377.0
2018-02-15,6.931828022003174,7.038218975067139,6.927735805511475,7.013667106628418,3195458.0
2018-02-16,7.087323188781738,7.1282429695129395,6.940011978149414,6.980932235717773,4251082.0
2018-02-19,7.058679103851318,7.111875057220459,6.935919761657715,7.103691101074219,4347118.0
2018-02-20,7.0995988845825195,7.10778284072876,6.833620071411133,6.849987983703613,3369296.0
2018-02-21,6.976840019226074,7.124151229858398,6.923644065856934,7.079139232635498,5583588.0
2018-02-22,7.0709547996521,7.2550950050354,7.042311191558838,7.177347183227539,8398205.0
2018-02-23,7.214175224304199,7.300107002258301,7.140519142150879,7.1609787940979,5890935.0
2018-02-26,7.2223591804504395,7.3655781745910645,7.185531139373779,7.3655781745910645,5627533.0
2018-02-27,7.398313999176025,7.398313999176025,7.242818832397461,7.2591872215271,3372780.0
2018-02-28,7.2100830078125,7.3246588706970215,7.20189905166626,7.271462917327881,6192197.0
2018-03-01,7.2223591804504395,7.27555513381958,7.046402931213379,7.124151229858398,5092199.0
2018-03-02,7.140519142150879,7.1650710105896,7.017758846282959,7.030035018920898,5438402.0
2018-03-05,7.034127235412598,7.386037826538086,7.034127235412598,7.30419921875,8105731.0
2018-03-06,7.3246588706970215,7.590638160705566,7.21826696395874,7.357394218444824,12234580.0
2018-03-07,7.381946086883545,7.4678778648376465,7.214175224304199,7.242818832397461,5645587.0
2018-03-08,7.242818832397461,7.28373908996582,7.124151229858398,7.15279483795166,3788647.0
2018-03-09,7.169163227081299,7.21826696395874,7.120059013366699,7.14461088180542,2588272.0
2018-03-12,7.20189905166626,7.345118999481201,7.185531139373779,7.26737117767334,4356029.0
2018-03-13,7.279646873474121,7.525166034698486,7.279646873474121,7.4678778648376465,7038270.0
2018-03-14,7.492430210113525,7.774776935577393,7.488337993621826,7.652018070220947,7462489.0
2018-03-15,7.639741897583008,7.787053108215332,7.586545944213867,7.635650157928467,4740512.0
2018-03-16,7.656109809875488,7.680662155151367,7.357394218444824,7.439233779907227,5006084.0
2018-03-19,7.4678778648376465,7.4678778648376465,7.1937150955200195,7.24691104888916,3295967.0
2018-03-20,7.308290958404541,7.476061820983887,7.26737117767334,7.386037826538086,5012467.0
2018-03-21,7.406497955322266,7.504705905914307,7.386037826538086,7.398313999176025,2569875.0
2018-03-22,7.443325996398926,7.492430210113525,7.336935043334961,7.349209785461426,2957549.0
2018-03-23,7.2591872215271,7.2919230461120605,7.14461088180542,7.251002788543701,4407299.0
2018-03-26,7.406497955322266,7.459693908691406,7.296014785766602,7.30419921875,5773428.0
2018-03-27,7.381946086883545,7.414681911468506,7.1609787940979,7.1650710105896,4720282.0
2018-03-28,7.140519142150879,7.23872709274292,7.042311191558838,7.062770843505859,4238306.0
2018-03-29,7.091414928436279,7.336935043334961,7.062770843505859,7.31238317489624,4585589.0
2018-03-30,7.3205671310424805,7.394221782684326,7.263278961181641,7.296014785766602,2286912.0
2018-04-02,7.341026782989502,7.341026782989502,7.271462917327881,7.287830829620361,1647380.0
2018-04-03,7.2919230461120605,7.341026782989502,7.2264509201049805,7.2591872215271,4649993.0
2018-04-04,7.30419921875,7.3205671310424805,7.169163227081299,7.26737117767334,3382727.0
2018-04-05,7.27555513381958,7.296014785766602,7.2264509201049805,7.296014785766602,3051220.0
2018-04-06,7.2919230461120605,7.529257774353027,7.2550950050354,7.480154037475586,7035381.0
2018-04-09,7.545626163482666,7.623373985290527,7.26737117767334,7.336935043334961,5539404.0
2018-04-10,7.381946086883545,7.406497955322266,7.079139232635498,7.185531139373779,5067497.0
2018-04-11,7.1978068351745605,7.271462917327881,6.669939994812012,6.968656063079834,5052472.0
2018-04-12,6.9563798904418945,6.997300148010254,6.714951992034912,6.751780033111572,9206116.0
2018-04-13,6.784515857696533,6.8540802001953125,6.4858012199401855,6.538997173309326,6724339.0
2018-04-16,6.588100910186768,6.719044208526611,6.588100910186768,6.641296863555908,12329013.0
2018-04-17,6.694491863250732,6.772240161895752,6.2812018394470215,6.363040924072266,10070116.0
2018-04-18,6.363040924072266,6.747687816619873,6.301661014556885,6.727228164672852,9129820.0
2018-04-19,6.772240161895752,6.796792030334473,6.6658477783203125,6.690400123596191,4714314.0
2018-04-20,6.714951992034912,6.714951992034912,6.432604789733887,6.436697006225586,6500336.0
2018-04-23,6.436697006225586,6.436697006225586,6.436697006225586,6.436697006225586,0.0
2018-04-24,6.4203290939331055,6.440789222717285,6.1829938888549805,6.1829938888549805,5422273.0
2018-04-25,6.363040924072266,6.363040924072266,5.9579339027404785,6.072509765625,5604209.0
2018-04-26,6.09296989440918,6.14616584777832,5.880187034606934,6.015222072601318,5436843.0
2018-04-27,6.015222072601318,6.19527006149292,6.002945899963379,6.076601982116699,4162827.0
2018-04-30,6.09296989440918,6.162534236907959,5.745151042938232,5.765611171722412,3686672.0
2018-05-01,5.765611171722412,5.765611171722412,5.765611171722412,5.765611171722412,0.0
2018-05-02,5.777886867523193,5.826991081237793,5.593748092651367,5.761518955230713,6157515.0
2018-05-03,5.757427215576172,5.892463207244873,5.696046829223633,5.745151042938232,5474165.0
2018-05-04,5.732874870300293,5.790163040161133,5.5732879638671875,5.606022834777832,7181232.0
2018-05-07,5.626482963562012,5.687862873077393,5.470987796783447,5.487356185913086,5275611.0
2018-05-08,5.495540142059326,5.5732879638671875,5.340044021606445,5.3482279777526855,5075469.0
2018-05-09,5.266387939453125,5.638759136199951,5.098617076873779,5.565104007720947,8445366.0
2018-05-10,5.610115051269531,5.7165069580078125,5.2377448081970215,5.626482963562012,5393236.0
2018-05-11,5.708323001861572,5.786070823669434,5.524184226989746,5.589655876159668,5593579.0
2018-05-14,5.585564136505127,5.761518955230713,5.5691962242126465,5.691955089569092,3401231.0
2018-05-15,5.671494960784912,5.761518955230713,5.601931095123291,5.651034832000732,3883715.0
2018-05-16,5.646943092346191,5.683771133422852,5.466896057128906,5.5691962242126465,4353267.0
2018-05-17,5.565104007720947,5.7165069580078125,5.565104007720947,5.683771133422852,3750519.0
2018-05-18,5.646943092346191,5.7124152183532715,5.630575180053711,5.663311004638672,2510759.0
2018-05-21,5.659218788146973,5.700139045715332,5.548736095428467,5.581471920013428,3738715.0
2018-05-22,5.6182990074157715,5.642850875854492,5.401423931121826,5.434160232543945,4520980.0
2018-05-23,5.405516147613525,5.421884059906006,5.2050089836120605,5.221376895904541,4391107.0
2018-05-24,5.360504150390625,5.360504150390625,4.8694658279418945,4.881742000579834,8932376.0
2018-05-25,4.918569087982178,5.245928764343262,4.828546047210693,5.2377448081970215,9536811.0
2018-05-28,5.364595890045166,5.556920051574707,5.364595890045166,5.556920051574707,6374788.0
2018-05-29,5.5691962242126465,5.769702911376953,5.466896057128906,5.585564136505127,14588736.0
2018-05-30,5.556920051574707,5.790163040161133,5.540552139282227,5.651034832000732,12601678.0
2018-05-31,5.667403221130371,5.822898864746094,5.401423931121826,5.446435928344727,12457396.0
2018-06-01,5.495540142059326,5.499631881713867,5.11498498916626,5.323676109313965,9825810.0
2018-06-04,5.340044021606445,5.597839832305908,5.340044021606445,5.483263969421387,10118978.0
2018-06-05,5.511908054351807,5.589655876159668,5.2786641120910645,5.286848068237305,5598715.0
2018-06-06,5.319583892822266,5.340044021606445,5.11498498916626,5.311399936676025,6861182.0
2018-06-07,5.319583892822266,5.389148235321045,5.18864107131958,5.331860065460205,4789427.0
2018-06-08,5.307308197021484,5.307308197021484,4.967672824859619,4.988132953643799,4793625.0
2018-06-11,4.988132953643799,5.1354451179504395,4.816269874572754,5.10270881652832,7502978.0
2018-06-12,5.074065208435059,5.21728515625,4.902201175689697,4.971765041351318,5769693.0
2018-06-13,4.9103851318359375,5.082249164581299,4.8653740882873535,4.894018173217773,4885424.0
2018-06-14,4.832637786865234,4.988132953643799,4.824453830718994,4.988132953643799,1616260.0
2018-06-15,4.988132953643799,4.988132953643799,4.988132953643799,4.988132953643799,0.0
2018-06-18,4.971765041351318,5.02086877822876,4.812178134918213,4.8981099128723145,3411212.0
2018-06-19,4.844913959503174,5.016777038574219,4.820362091064453,4.951304912567139,4761660.0
2018-06-20,4.939029216766357,4.979948997497559,4.849006175994873,4.959488868713379,4919266.0
2018-06-21,4.971765041351318,5.04951286315918,4.951304912567139,5.004500865936279,4380848.0
2018-06-22,5.0126848220825195,5.11498498916626,4.918569087982178,5.016777038574219,4860654.0
2018-06-25,5.262296199798584,5.307308197021484,4.853097915649414,4.930844783782959,7127962.0
2018-06-26,4.930844783782959,4.971765041351318,4.816269874572754,4.881742000579834,6422735.0
2018-06-27,4.894018173217773,5.069972991943359,4.873558044433594,5.0413289070129395,10936585.0
2018-06-28,5.045421123504639,5.082249164581299,4.975856781005859,5.0085930824279785,9338413.0
2018-06-29,5.02086877822876,5.1722731590271,4.992225170135498,5.02086877822876,11474793.0
2018-07-02,5.029053211212158,5.2377448081970215,5.004500865936279,5.176364898681641,9872105.0
2018-07-03,5.176364898681641,5.3809638023376465,5.176364898681641,5.20910120010376,16673830.0
2018-07-04,5.229560852050781,5.405516147613525,5.1722731590271,5.286848068237305,12454155.0
2018-07-05,5.319583892822266,5.483263969421387,5.319583892822266,5.3809638023376465,11724109.0
2018-07-06,5.409607887268066,5.454619884490967,5.303215980529785,5.319583892822266,9610442.0
2018-07-09,5.397332191467285,5.466896057128906,5.335951805114746,5.3809638023376465,10849346.0
2018-07-10,5.241837024688721,5.401423931121826,5.15181303024292,5.15999698638916,12887852.0
2018-07-11,5.147720813751221,5.147720813751221,4.726245880126953,4.7712578773498535,9596415.0
2018-07-12,4.787625789642334,4.894018173217773,4.603486061096191,4.734429836273193,12593569.0
2018-07-13,4.763073921203613,4.861281871795654,4.709877967834473,4.832637786865234,6314069.0
2018-07-16,4.9103851318359375,5.000409126281738,4.857190132141113,4.939029216766357,6064176.0
2018-07-17,4.971765041351318,5.466896057128906,4.951304912567139,5.466896057128906,16277123.0
2018-07-18,5.4750800132751465,5.704230785369873,5.413700103759766,5.585564136505127,16570785.0
2018-07-19,5.626482963562012,5.671494960784912,5.483263969421387,5.561011791229248,8404320.0
2018-07-20,5.585564136505127,5.626482963562012,5.515999794006348,5.5691962242126465,5328773.0
2018-07-23,5.601931095123291,5.761518955230713,5.601931095123291,5.675587177276611,9909427.0
2018-07-24,5.724690914154053,5.822898864746094,5.520092010498047,5.634666919708252,10584658.0
2018-07-25,5.667403221130371,6.047957897186279,5.614206790924072,5.978394031524658,11997683.0
2018-07-26,6.015222072601318,6.10115385055542,5.831082820892334,5.859726905822754,9447431.0
2018-07-27,5.892463207244873,6.0561418533325195,5.835175037384033,5.974301815032959,9741885.0
2018-07-30,5.986577987670898,6.076601982116699,5.839266777038574,5.872003078460693,8655826.0
2018-07-31,5.884278774261475,6.002945899963379,5.843358993530273,5.917015075683594,9569822.0
2018-08-01,5.921106815338135,6.19527006149292,5.855635166168213,6.1666259765625,11173785.0
2018-08-02,6.035682201385498,6.080694198608398,5.925199031829834,5.970210075378418,10427556.0
2018-08-03,5.970210075378418,6.2484660148620605,5.966117858886719,6.15844202041626,9287856.0
2018-08-06,6.14616584777832,6.375317096710205,6.1175217628479,6.17480993270874,8944331.0
2018-08-07,6.219821929931641,6.350765228271484,6.20345401763916,6.338489055633545,6132539.0
2018-08-08,6.363040924072266,6.506260871887207,6.293478012084961,6.301661014556885,7073783.0
2018-08-09,6.1789021492004395,6.432604789733887,6.1789021492004395,6.2157301902771,13801007.0
2018-08-10,6.17480993270874,6.219821929931641,5.274571895599365,5.9538421630859375,19786772.0
2018-08-13,5.9129228591918945,6.0274977684021,5.098617076873779,5.458712100982666,29183895.0
2018-08-14,5.872003078460693,5.876094818115234,5.401423931121826,5.4750800132751465,19259292.0
2018-08-15,5.655127048492432,5.667403221130371,5.033144950866699,5.053605079650879,18267280.0
2018-08-16,5.176364898681641,5.19682502746582,4.746706008911133,4.791718006134033,14320285.0
2018-08-17,4.779441833496094,4.779441833496094,4.3334150314331055,4.550290107727051,24411980.0
2018-08-20,4.5707502365112305,4.881742000579834,4.5707502365112305,4.795810222625732,7303681.0
2018-08-21,4.795810222625732,4.795810222625732,4.795810222625732,4.795810222625732,0.0
2018-08-22,4.795810222625732,4.795810222625732,4.795810222625732,4.795810222625732,0.0
2018-08-23,4.795810222625732,4.795810222625732,4.795810222625732,4.795810222625732,0.0
2018-08-24,4.795810222625732,4.795810222625732,4.795810222625732,4.795810222625732,0.0
2018-08-27,4.955397129058838,4.992225170135498,4.8694658279418945,4.902201175689697,11009371.0
2018-08-28,4.943120956420898,5.05769681930542,4.889925956726074,5.037237167358398,11511645.0
2018-08-29,5.037237167358398,5.037237167358398,4.922660827636719,4.939029216766357,9211067.0
2018-08-30,4.939029216766357,4.939029216766357,4.939029216766357,4.939029216766357,0.0
2018-08-31,4.9144768714904785,4.939029216766357,4.820362091064453,4.8694658279418945,7440852.0
2018-09-03,4.8694658279418945,5.315492153167725,4.828546047210693,5.2541117668151855,18665102.0
2018-09-04,5.286848068237305,5.385056018829346,5.1722731590271,5.18864107131958,15844957.0
2018-09-05,5.19682502746582,5.470987796783447,5.19682502746582,5.446435928344727,16210984.0
2018-09-06,5.515999794006348,5.646943092346191,5.479172229766846,5.515999794006348,10655744.0
2018-09-07,5.524184226989746,5.585564136505127,5.372779846191406,5.479172229766846,8594227.0
2018-09-10,5.495540142059326,5.524184226989746,5.311399936676025,5.331860065460205,6450732.0
2018-09-11,5.319583892822266,5.4750800132751465,5.319583892822266,5.462803840637207,10661179.0
2018-09-12,5.487356185913086,5.577380180358887,5.2786641120910645,5.323676109313965,16013408.0
2018-09-13,5.340044021606445,5.450528144836426,5.15181303024292,5.425975799560547,14576815.0
2018-09-14,5.462803840637207,5.495540142059326,5.340044021606445,5.393239974975586,7302616.0
2018-09-17,5.372779846191406,5.470987796783447,5.368688106536865,5.405516147613525,5340323.0
2018-09-18,5.413700103759766,5.561011791229248,5.413700103759766,5.495540142059326,13117544.0
2018-09-19,5.528275966644287,5.565104007720947,5.524184226989746,5.544643878936768,8515693.0
2018-09-20,5.561011791229248,5.5732879638671875,5.397332191467285,5.430068016052246,9604480.0
2018-09-21,5.421884059906006,5.499631881713867,5.417791843414307,5.487356185913086,6282784.0
2018-09-24,5.515999794006348,5.687862873077393,5.470987796783447,5.651034832000732,21221443.0
2018-09-25,5.691955089569092,5.781979084014893,5.597839832305908,5.626482963562012,16776523.0
2018-09-26,5.651034832000732,5.720599174499512,5.601931095123291,5.651034832000732,5639840.0
2018-09-27,5.667403221130371,5.757427215576172,5.655127048492432,5.696046829223633,12082796.0
2018-09-28,5.708323001861572,5.720599174499512,5.515999794006348,5.5732879638671875,14867378.0
2018-10-01,5.565104007720947,5.626482963562012,5.450528144836426,5.454619884490967,8291314.0
2018-10-02,5.454619884490967,5.466896057128906,5.266387939453125,5.2786641120910645,9289933.0
2018-10-03,5.274571895599365,5.413700103759766,5.2377448081970215,5.2377448081970215,9323052.0
2018-10-04,5.2377448081970215,5.262296199798584,4.906292915344238,4.930844783782959,9660912.0
2018-10-05,4.930844783782959,5.045421123504639,4.881742000579834,5.0413289070129395,11341229.0
2018-10-08,5.033144950866699,5.1395368576049805,4.930844783782959,5.098617076873779,9170133.0
2018-10-09,5.11498498916626,5.176364898681641,5.0126848220825195,5.06588077545166,8499335.0
2018-10-10,5.074065208435059,5.074065208435059,4.824453830718994,4.836730003356934,8034543.0
2018-10-11,4.783534049987793,4.934937000274658,4.726245880126953,4.8694658279418945,9409239.0
2018-10-12,4.951304912567139,5.082249164581299,4.8653740882873535,5.061789035797119,14026066.0
2018-10-15,5.147720813751221,5.2500200271606445,5.14362907409668,5.22546911239624,10460127.0
2018-10-16,5.1681809425354,5.1681809425354,4.963581085205078,5.0085930824279785,20562424.0
2018-10-17,5.037237167358398,5.053605079650879,4.722154140472412,4.7671661376953125,21403966.0
2018-10-18,4.750798225402832,4.873558044433594,4.644405841827393,4.677142143249512,12993634.0
2018-10-19,4.705786228179932,4.713970184326172,4.513463020324707,4.5257391929626465,10909713.0
2018-10-22,4.542107105255127,4.632130146026611,4.382518768310547,4.435715198516846,9564000.0
2018-10-23,4.415255069732666,4.415255069732666,4.222930908203125,4.341598987579346,11914511.0
2018-10-24,4.386610984802246,4.505279064178467,4.386610984802246,4.423439025878906,8544345.0
2018-10-25,4.378427028656006,4.542107105255127,4.329322814941406,4.538014888763428,6960523.0
2018-10-26,4.578934192657471,4.591209888458252,4.407071113586426,4.411162853240967,6558928.0
2018-10-29,4.411162853240967,4.411162853240967,4.411162853240967,4.411162853240967,0.0
2018-10-30,4.407071113586426,4.517555236816406,4.186103820800781,4.2352070808410645,9202924.0
2018-10-31,4.267942905426025,4.3047709465026855,4.083804130554199,4.0919880867004395,7426248.0
2018-11-01,4.10017204284668,4.284310817718506,4.05311393737793,4.255667209625244,8351446.0
2018-11-02,4.3375067710876465,4.578934192657471,4.263851165771484,4.538014888763428,11310208.0
2018-11-05,4.5707502365112305,4.664865970611572,4.472542762756348,4.664865970611572,9426067.0
2018-11-06,4.6689581871032715,4.791718006134033,4.550290107727051,4.611670017242432,10578050.0
2018-11-07,4.628037929534912,4.746706008911133,4.603486061096191,4.722154140472412,7775887.0
2018-11-08,4.746706008911133,4.783534049987793,4.546198844909668,4.546198844909668,8641075.0
2018-11-09,4.558474063873291,4.656682014465332,4.497095108032227,4.611670017242432,8334823.0
2018-11-12,4.648498058319092,4.718061923980713,4.562565803527832,4.591209888458252,10178983.0
2018-11-13,4.566658020019531,4.734429836273193,4.550290107727051,4.722154140472412,13919883.0
2018-11-14,4.742613792419434,4.853097915649414,4.738522052764893,4.783534049987793,19587157.0
2018-11-15,4.787625789642334,4.812178134918213,4.656682014465332,4.746706008911133,10543387.0
2018-11-16,4.750798225402832,4.832637786865234,4.750798225402832,4.763073921203613,5908306.0
2018-11-19,4.7671661376953125,4.861281871795654,4.763073921203613,4.816269874572754,6876994.0
2018-11-20,4.808085918426514,4.816269874572754,4.595302104949951,4.619853973388672,7441775.0
2018-11-21,4.644405841827393,4.730338096618652,4.623946189880371,4.685326099395752,8382198.0
2018-11-22,4.681233882904053,4.693510055541992,4.607577800750732,4.623946189880371,5812211.0
2018-11-23,4.623946189880371,4.889925956726074,4.623946189880371,4.844913959503174,16034063.0
2018-11-26,4.8694658279418945,5.037237167358398,4.857190132141113,4.971765041351318,15977797.0
2018-11-27,4.988132953643799,5.06588077545166,4.930844783782959,5.061789035797119,10908061.0
2018-11-28,5.05769681930542,5.229560852050781,5.037237167358398,5.18045711517334,12330763.0
2018-11-29,5.2786641120910645,5.290939807891846,5.10270881652832,5.1354451179504395,10148435.0
2018-11-30,5.119077205657959,5.19682502746582,5.074065208435059,5.164089202880859,5917626.0
2018-12-03,5.2050089836120605,5.2336530685424805,4.947213172912598,4.996316909790039,8848348.0
2018-12-04,5.0126848220825195,5.04951286315918,4.836730003356934,4.861281871795654,7277884.0
2018-12-05,4.849006175994873,5.04951286315918,4.7712578773498535,5.0085930824279785,8582898.0
2018-12-06,4.992225170135498,5.053605079650879,4.8981099128723145,5.016777038574219,6947492.0
2018-12-07,5.053605079650879,5.10270881652832,4.9103851318359375,4.959488868713379,5800559.0
2018-12-10,4.984041213989258,5.098617076873779,4.930844783782959,5.016777038574219,5030561.0
2018-12-11,4.996316909790039,5.0413289070129395,4.906292915344238,4.967672824859619,4831010.0
2018-12-12,4.889925956726074,4.902201175689697,4.623946189880371,4.632130146026611,10502077.0
2018-12-13,4.632130146026611,4.738522052764893,4.493002891540527,4.550290107727051,8533445.0
2018-12-14,4.562565803527832,4.5707502365112305,4.419346809387207,4.4316229820251465,6528909.0
2018-12-17,4.460267066955566,4.505279064178467,4.378427028656006,4.3988871574401855,4534876.0
2018-12-18,4.382518768310547,4.562565803527832,4.382518768310547,4.562565803527832,6704613.0
2018-12-19,4.591209888458252,4.726245880126953,4.587118148803711,4.722154140472412,9450579.0
2018-12-20,4.652589797973633,4.758982181549072,4.591209888458252,4.718061923980713,10273827.0
2018-12-21,4.738522052764893,4.812178134918213,4.656682014465332,4.787625789642334,6929457.0
2018-12-24,4.775350093841553,4.849006175994873,4.726245880126953,4.746706008911133,5317004.0
2018-12-25,4.738522052764893,4.787625789642334,4.718061923980713,4.726245880126953,2605452.0
2018-12-26,4.738522052764893,4.7671661376953125,4.681233882904053,4.713970184326172,2140133.0
2018-12-27,4.7671661376953125,4.795810222625732,4.713970184326172,4.722154140472412,4432187.0
2018-12-28,4.742613792419434,4.754889965057373,4.652589797973633,4.681233882904053,4429279.0
2018-12-31,4.689417839050293,4.726245880126953,4.648498058319092,4.726245880126953,2453868.0
2019-01-01,4.726245880126953,4.726245880126953,4.726245880126953,4.726245880126953,0.0
2019-01-02,4.689417839050293,4.705786228179932,4.554381847381592,4.5748419761657715,5447850.0
2019-01-03,4.5257391929626465,4.632130146026611,4.386610984802246,4.411162853240967,5990975.0
2019-01-04,4.443899154663086,4.472542762756348,4.374334812164307,4.435715198516846,4403712.0
2019-01-07,4.468451023101807,4.554381847381592,4.443899154663086,4.447990894317627,5992123.0
2019-01-08,4.460267066955566,4.468451023101807,4.402978897094727,4.447990894317627,4260808.0
2019-01-09,4.468451023101807,4.517555236816406,4.443899154663086,4.452083110809326,4722872.0
2019-01-10,4.464358806610107,4.591209888458252,4.447990894317627,4.521646976470947,11222827.0
2019-01-11,4.542107105255127,4.595302104949951,4.5298309326171875,4.554381847381592,7549185.0
2019-01-14,4.501186847686768,4.722154140472412,4.447990894317627,4.693510055541992,9835336.0
2019-01-15,4.709877967834473,4.742613792419434,4.619853973388672,4.718061923980713,7527445.0
2019-01-16,4.730338096618652,4.779441833496094,4.660774230957031,4.775350093841553,8263347.0
2019-01-17,4.775350093841553,4.902201175689697,4.754889965057373,4.885834217071533,8637561.0
2019-01-18,4.8694658279418945,5.033144950866699,4.8694658279418945,5.004500865936279,6773362.0
2019-01-21,5.000409126281738,5.245928764343262,4.979948997497559,5.029053211212158,13603689.0
2019-01-22,5.037237167358398,5.299123764038086,5.037237167358398,5.286848068237305,14476013.0
2019-01-23,5.323676109313965,5.769702911376953,5.319583892822266,5.761518955230713,30431455.0
2019-01-24,5.773795127868652,6.0561418533325195,5.642850875854492,5.724690914154053,22636051.0
2019-01-25,5.728783130645752,5.933382987976074,5.675587177276611,5.8106231689453125,10474130.0
2019-01-28,5.8147149085998535,6.043866157531738,5.8147149085998535,6.015222072601318,12319746.0
2019-01-29,6.035682201385498,6.12979793548584,5.970210075378418,6.076601982116699,8508152.0
2019-01-30,6.0847859382629395,6.1502580642700195,5.986577987670898,6.142074108123779,10351774.0
2019-01-31,6.17480993270874,6.338489055633545,6.113430023193359,6.19527006149292,8265776.0
2019-02-01,6.236189842224121,6.244373798370361,5.904738903045654,5.9415669441223145,6308815.0
2019-02-04,5.970210075378418,6.105246067047119,5.9129228591918945,6.023406028747559,4660990.0
2019-02-05,6.0561418533325195,6.2116379737854,5.994761943817139,6.047957897186279,7421976.0
2019-02-06,6.10115385055542,6.1175217628479,5.867910861968994,6.0520501136779785,6454930.0
2019-02-07,6.076601982116699,6.1175217628479,5.945659160614014,6.068418025970459,6826837.0
2019-02-08,6.031589984893799,6.097062110900879,5.978394031524658,6.0561418533325195,3399696.0
2019-02-11,6.097062110900879,6.170718193054199,6.060234069824219,6.1502580642700195,8073771.0
2019-02-12,6.162534236907959,6.191177845001221,5.904738903045654,5.929290771484375,9352773.0
2019-02-13,5.974301815032959,6.023406028747559,5.863819122314453,5.904738903045654,5982201.0
2019-02-14,5.917015075683594,5.994761943817139,5.798346996307373,5.949749946594238,5523080.0
2019-02-15,5.929290771484375,5.9579339027404785,5.806530952453613,5.900647163391113,4640389.0
2019-02-18,5.876094818115234,5.896554946899414,5.7165069580078125,5.724690914154053,3158440.0
2019-02-19,5.687862873077393,5.728783130645752,5.524184226989746,5.667403221130371,4640448.0
2019-02-20,5.683771133422852,5.8106231689453125,5.663311004638672,5.798346996307373,5533251.0
2019-02-21,5.802439212799072,5.949749946594238,5.781979084014893,5.929290771484375,4983846.0
2019-02-22,5.937475204467773,6.1543498039245605,5.876094818115234,6.10115385055542,4180363.0
2019-02-25,6.1216139793396,6.334396839141846,6.043866157531738,6.0561418533325195,6700204.0
2019-02-26,6.097062110900879,6.24028205871582,6.068418025970459,6.15844202041626,5407488.0
2019-02-27,6.13798189163208,6.18708610534668,5.851542949676514,5.876094818115234,3632253.0
2019-02-28,5.888370990753174,6.09296989440918,5.888370990753174,6.035682201385498,5001881.0
2019-03-01,6.031589984893799,6.088878154754639,5.867910861968994,5.904738903045654,4531718.0
2019-03-04,5.937475204467773,6.047957897186279,5.683771133422852,5.749242782592773,6089338.0
2019-03-05,5.753334999084473,6.13798189163208,5.651034832000732,6.113430023193359,10846619.0
2019-03-06,6.1175217628479,6.228005886077881,6.031589984893799,6.1789021492004395,9019146.0
2019-03-07,6.15844202041626,6.600377082824707,6.0561418533325195,6.342580795288086,16082587.0
2019-03-08,6.338489055633545,6.4858012199401855,6.125706195831299,6.1789021492004395,9251585.0
2019-03-11,6.162534236907959,6.26892614364624,5.998854160308838,6.031589984893799,6630781.0
2019-03-12,6.015222072601318,6.0520501136779785,5.933382987976074,5.986577987670898,3534907.0
2019-03-13,5.933382987976074,5.9538421630859375,5.696046829223633,5.769702911376953,7073338.0
2019-03-14,5.736967086791992,5.933382987976074,5.732874870300293,5.921106815338135,6159426.0
2019-03-15,5.998854160308838,6.17480993270874,5.998854160308838,6.133890151977539,4682124.0
2019-03-18,6.207546234130859,6.506260871887207,6.207546234130859,6.457157135009766,7098998.0
2019-03-19,6.444880962371826,6.477616786956787,6.2607421875,6.313937187194824,5039530.0
2019-03-20,6.301661014556885,6.416236877441406,6.162534236907959,6.1789021492004395,4642339.0
2019-03-21,6.19527006149292,6.219821929931641,5.986577987670898,6.002945899963379,6412540.0
2019-03-22,6.015222072601318,6.097062110900879,5.651034832000732,5.671494960784912,7400309.0
2019-03-25,5.700139045715332,5.859726905822754,5.544643878936768,5.831082820892334,7524151.0
2019-03-26,5.863819122314453,5.929290771484375,5.532368183135986,5.556920051574707,9950570.0
2019-03-27,5.646943092346191,5.663311004638672,5.155904769897461,5.164089202880859,8582800.0
2019-03-28,5.3482279777526855,5.491447925567627,5.13135290145874,5.356411933898926,7277704.0
2019-03-29,5.3809638023376465,5.544643878936768,5.3482279777526855,5.544643878936768,5195288.0
2019-04-01,5.626482963562012,5.822898864746094,5.3809638023376465,5.696046829223633,7691947.0
2019-04-02,5.728783130645752,5.978394031524658,5.663311004638672,5.880187034606934,6471577.0
2019-04-03,5.872003078460693,6.1175217628479,5.872003078460693,5.998854160308838,13167090.0
2019-04-04,6.035682201385498,6.088878154754639,5.9415669441223145,6.007038116455078,6202226.0
2019-04-05,6.068418025970459,6.13798189163208,5.933382987976074,6.019313812255859,7933703.0
2019-04-08,6.039773941040039,6.068418025970459,5.773795127868652,5.806530952453613,6747766.0
2019-04-09,5.917015075683594,5.990670204162598,5.802439212799072,5.822898864746094,4450042.0
2019-04-10,5.863819122314453,5.888370990753174,5.790163040161133,5.884278774261475,3182325.0
2019-04-11,5.929290771484375,6.011129856109619,5.851542949676514,6.002945899963379,4331903.0
2019-04-12,5.9415669441223145,6.080694198608398,5.9088311195373535,6.0561418533325195,4216771.0
2019-04-15,6.088878154754639,6.1216139793396,5.982485771179199,6.011129856109619,5464800.0
2019-04-16,6.039773941040039,6.264833927154541,6.035682201385498,6.2116379737854,10680856.0
2019-04-17,6.256649971008301,6.26892614364624,6.1175217628479,6.207546234130859,6834144.0
2019-04-18,6.207546234130859,6.2484660148620605,6.105246067047119,6.17480993270874,3507849.0
2019-04-19,6.170718193054199,6.18708610534668,6.1502580642700195,6.1543498039245605,913756.0
2019-04-22,6.113430023193359,6.125706195831299,6.0561418533325195,6.0847859382629395,1297496.0
2019-04-23,6.0847859382629395,6.0847859382629395,6.0847859382629395,6.0847859382629395,0.0
2019-04-24,6.076601982116699,6.207546234130859,6.076601982116699,6.13798189163208,4209440.0
2019-04-25,6.15844202041626,6.170718193054199,5.884278774261475,5.917015075683594,6515610.0
2019-04-26,5.9415669441223145,6.035682201385498,5.818807125091553,5.986577987670898,6140897.0
2019-04-29,5.998854160308838,6.20345401763916,5.966117858886719,6.162534236907959,5240757.0
2019-04-30,6.18708610534668,6.3221211433410645,6.10115385055542,6.3221211433410645,6005603.0
2019-05-01,6.3221211433410645,6.3221211433410645,6.3221211433410645,6.3221211433410645,0.0
2019-05-02,6.3262128829956055,6.469432830810547,6.199361801147461,6.2157301902771,4752721.0
2019-05-03,6.23209810256958,6.289385795593262,6.1543498039245605,6.264833927154541,3492707.0
2019-05-06,6.219821929931641,6.2771100997924805,6.10933780670166,6.256649971008301,3594467.0
2019-05-07,6.09296989440918,6.24028205871582,6.015222072601318,6.162534236907959,3635445.0
2019-05-08,6.162534236907959,6.199361801147461,5.921106815338135,5.937475204467773,5039193.0
2019-05-09,5.937475204467773,6.035682201385498,5.863819122314453,5.917015075683594,4287319.0
2019-05-10,6.015222072601318,6.035682201385498,5.781979084014893,5.831082820892334,4090930.0
2019-05-13,5.831082820892334,6.1666259765625,5.728783130645752,6.0520501136779785,11542110.0
2019-05-14,6.097062110900879,6.17480993270874,5.990670204162598,6.076601982116699,4789906.0
2019-05-15,6.068418025970459,6.219821929931641,6.002945899963379,6.023406028747559,7625686.0
2019-05-16,6.043866157531738,6.170718193054199,5.994761943817139,6.015222072601318,4722286.0
2019-05-17,5.986577987670898,5.986577987670898,5.863819122314453,5.876094818115234,3287585.0
2019-05-20,5.904738903045654,6.0561418533325195,5.8106231689453125,6.007038116455078,3285243.0
2019-05-21,5.994761943817139,6.1175217628479,5.835175037384033,5.900647163391113,5952504.0
2019-05-22,5.855635166168213,5.974301815032959,5.667403221130371,5.687862873077393,7199365.0
2019-05-23,5.626482963562012,5.872003078460693,5.626482963562012,5.863819122314453,8484828.0
2019-05-24,5.880187034606934,6.068418025970459,5.880187034606934,6.0520501136779785,4858019.0
2019-05-27,6.133890151977539,6.23209810256958,6.076601982116699,6.1789021492004395,6590155.0
2019-05-28,6.219821929931641,6.436697006225586,6.219821929931641,6.387592792510986,6637008.0
2019-05-29,6.465341091156006,6.645389080047607,6.367133140563965,6.4203290939331055,11584236.0
2019-05-30,6.506260871887207,6.976840019226074,6.506260871887207,6.944104194641113,15684472.0
2019-05-31,6.935919761657715,7.2223591804504395,6.800883769989014,7.205990791320801,10371989.0
2019-06-03,7.20189905166626,7.361485958099365,7.132335186004639,7.279646873474121,4256893.0
2019-06-04,7.279646873474121,7.279646873474121,7.279646873474121,7.279646873474121,0.0
2019-06-05,7.279646873474121,7.279646873474121,7.279646873474121,7.279646873474121,0.0
2019-06-06,7.279646873474121,7.279646873474121,7.279646873474121,7.279646873474121,0.0
2019-06-07,7.279646873474121,7.639741897583008,7.23872709274292,7.607006072998047,6176625.0
2019-06-10,7.590638160705566,7.733857154846191,7.406497955322266,7.5660858154296875,8464041.0
2019-06-11,7.5619940757751465,7.639741897583008,7.271462917327881,7.394221782684326,6825327.0
2019-06-12,7.426958084106445,7.7093048095703125,7.402406215667725,7.656109809875488,8444725.0
2019-06-13,7.627466201782227,7.627466201782227,7.341026782989502,7.459693908691406,4970111.0
2019-06-14,7.500614166259766,7.860709190368652,7.500614166259766,7.8034210205078125,9046233.0
2019-06-17,7.778869152069092,8.12259578704834,7.733857154846191,8.089859962463379,7514122.0
2019-06-18,8.08167552947998,8.404943466186523,8.08167552947998,8.355839729309082,9491503.0
2019-06-19,8.319011688232422,8.662738800048828,8.29446029663086,8.466322898864746,15105629.0
2019-06-20,8.548163414001465,8.715934753417969,8.008021354675293,8.21671199798584,13817683.0
2019-06-21,8.23717212677002,8.30673599243164,7.938457012176514,8.057124137878418,6032778.0
2019-06-24,8.10213565826416,8.12259578704834,7.836156845092773,7.868893146514893,9518565.0
2019-06-25,7.864800930023193,8.188068389892578,7.819788932800293,8.171699523925781,7357244.0
2019-06-26,8.20034408569336,8.413126945495605,8.151240348815918,8.188068389892578,9916563.0
2019-06-27,8.302643775939941,8.683198928833008,8.302643775939941,8.683198928833008,13024954.0
2019-06-28,8.736394882202148,9.35019302368164,8.736394882202148,9.33382511138916,17736986.0
2019-07-01,9.616171836853027,9.657092094421387,8.912349700927734,8.957362174987793,11019782.0
2019-07-02,8.961454391479492,9.16196060180664,8.859153747558594,9.051478385925293,7402548.0
2019-07-03,9.1087646484375,9.550700187683105,9.104673385620117,9.493412017822266,13482066.0
2019-07-04,9.534332275390625,9.743023872375488,9.227433204650879,9.648907661437988,10296441.0
2019-07-05,9.693920135498047,9.751208305358887,9.382928848266602,9.517964363098145,8588846.0
2019-07-08,9.39111328125,9.804403305053711,9.329732894897461,9.743023872375488,12002737.0
2019-07-09,9.812586784362793,9.898518562316895,9.35019302368164,9.493412017822266,10382820.0
2019-07-10,9.489319801330566,9.873967170715332,9.321549415588379,9.86169147491455,11162959.0
2019-07-11,9.873967170715332,10.009002685546875,9.677552223205566,9.763484001159668,7083099.0
2019-07-12,9.616171836853027,9.779851913452148,9.3010892868042,9.403388977050781,9066306.0
2019-07-15,9.403388977050781,9.403388977050781,9.403388977050781,9.403388977050781,0.0
2019-07-16,9.472951889038086,9.849414825439453,9.472951889038086,9.800311088562012,8619687.0
2019-07-17,9.865782737731934,9.947623252868652,9.693920135498047,9.804403305053711,6838391.0
2019-07-18,9.800311088562012,9.906702995300293,9.75529956817627,9.828954696655273,4925146.0
2019-07-19,9.902610778808594,10.884688377380371,9.833046913146973,10.311809539794922,11603542.0
2019-07-22,10.311809539794922,10.352729797363281,10.074475288391113,10.090843200683594,6434837.0
2019-07-23,10.111303329467773,10.180866241455078,9.869874954223633,9.947623252868652,8244148.0
2019-07-24,9.996726989746094,9.996726989746094,9.726655960083008,9.918978691101074,7650735.0
2019-07-25,9.923070907592773,10.099026679992676,9.677552223205566,9.693920135498047,11162451.0
2019-07-26,9.730748176574707,9.779851913452148,9.575251579284668,9.599803924560547,5789821.0
2019-07-29,9.636631965637207,9.661184310913086,9.399296760559082,9.44430923461914,6782898.0
2019-07-30,9.464768409729004,9.738931655883789,9.3870210647583,9.706195831298828,8557741.0
2019-07-31,9.743023872375488,9.935346603393555,9.648907661437988,9.730748176574707,10182888.0
2019-08-01,9.673460006713867,9.963991165161133,9.673460006713867,9.923070907592773,6037910.0
2019-08-02,9.951715469360352,10.045830726623535,9.743023872375488,9.898518562316895,4600765.0
2019-08-05,9.902610778808594,10.144039154052734,9.853507041931152,10.054015159606934,4330769.0
2019-08-06,10.066290855407715,10.099026679992676,9.767576217651367,9.955806732177734,5109608.0
2019-08-07,9.992634773254395,10.082658767700195,9.558883666992188,9.963991165161133,11106815.0
2019-08-08,9.984451293945312,10.062198638916016,9.734840393066406,9.767576217651367,5792611.0
2019-08-09,10.111303329467773,11.611016273498535,10.111303329467773,11.171128273010254,35992351.0
2019-08-12,11.171128273010254,11.171128273010254,11.171128273010254,11.171128273010254,0.0
2019-08-13,11.171128273010254,11.171128273010254,11.171128273010254,11.171128273010254,0.0
2019-08-14,11.171128273010254,11.171128273010254,11.171128273010254,11.171128273010254,0.0
2019-08-15,11.130208015441895,12.29642391204834,11.099517822265625,12.26573371887207,26400652.0
2019-08-16,12.439643859863281,12.685162544250488,11.80538558959961,12.419183731079102,23519954.0
2019-08-19,12.357804298400879,12.84884262084961,11.999754905700684,12.818153381347656,17929142.0
2019-08-20,12.879532814025879,13.32965087890625,12.368034362792969,12.572633743286133,20822737.0
2019-08-21,12.521484375,13.288731575012207,12.398723602294922,13.114822387695312,16934711.0
2019-08-22,13.288731575012207,14.321958541870117,12.879532814025879,13.9025297164917,33997340.0
2019-08-23,14.086668968200684,14.465177536010742,13.851380348205566,14.178738594055176,20463020.0
2019-08-26,14.015059471130371,14.434488296508789,13.820690155029297,14.321958541870117,12306789.0
2019-08-27,14.270809173583984,14.618627548217773,14.015059471130371,14.526557922363281,14461585.0
2019-08-28,14.659547805786133,14.772076606750488,14.250349044799805,14.454948425292969,14232015.0
2019-08-29,14.485637664794922,14.6083984375,13.861610412597656,14.495867729187012,24001686.0
2019-08-30,14.495867729187012,14.495867729187012,14.495867729187012,14.495867729187012,0.0
2019-09-02,14.57770824432373,14.802766799926758,14.38333797454834,14.659547805786133,6057847.0
2019-09-03,14.6083984375,14.6083984375,13.391031265258789,13.708160400390625,23738567.0
2019-09-04,13.728619575500488,14.4242582321167,12.368034362792969,14.086668968200684,21076521.0
2019-09-05,14.260579109191895,14.291269302368164,13.431950569152832,13.646780967712402,13887918.0
2019-09-06,13.708160400390625,13.922989845275879,13.431950569152832,13.503561019897461,11865654.0
2019-09-09,13.585400581359863,13.687700271606445,12.736312866210938,12.818153381347656,28989603.0
2019-09-10,12.83861255645752,13.155741691589355,12.613553047180176,12.736312866210938,13830220.0
2019-09-11,12.787463188171387,13.37057113647461,12.623783111572266,13.32965087890625,14953336.0
2019-09-12,13.391031265258789,13.503561019897461,12.807923316955566,12.83861255645752,12858502.0
2019-09-13,12.930683135986328,12.951142311096191,12.50102424621582,12.603322982788086,11381498.0
2019-09-16,12.388493537902832,12.49079418182373,11.866765975952148,11.948604583740234,14894881.0
2019-09-17,11.938375473022461,12.050905227661133,11.079057693481445,11.672395706176758,33912990.0
2019-09-18,11.662165641784668,12.398723602294922,11.2938871383667,12.31688404083252,24834601.0
2019-09-19,12.28619384765625,12.429413795471191,12.020215034484863,12.173665046691895,12523134.0
2019-09-20,12.224815368652344,12.797693252563477,12.132744789123535,12.634013175964355,17112160.0
2019-09-23,12.541943550109863,12.664703369140625,12.030445098876953,12.347574234008789,16260711.0
2019-09-24,12.552173614501953,12.807923316955566,12.439643859863281,12.685162544250488,10886209.0
2019-09-25,12.654473304748535,12.777233123779297,12.50102424621582,12.685162544250488,9259342.0
2019-09-26,12.726082801818848,12.767003059387207,12.153204917907715,12.388493537902832,14406854.0
2019-09-27,12.388493537902832,12.869302749633789,12.388493537902832,12.715852737426758,14750081.0
2019-09-30,12.818153381347656,12.8590726852417,12.408953666687012,12.460103988647461,12026676.0
2019-10-01,12.439643859863281,12.736312866210938,12.29642391204834,12.347574234008789,10598681.0
2019-10-02,12.3373441696167,12.644243240356445,12.224815368652344,12.3373441696167,10963203.0
2019-10-03,12.408953666687012,12.603322982788086,12.245274543762207,12.31688404083252,9620203.0
2019-10-04,12.357804298400879,12.562403678894043,12.30665397644043,12.48056411743164,8523709.0
2019-10-07,12.51125431060791,12.84884262084961,12.30665397644043,12.582863807678223,13504417.0
2019-10-08,12.50102424621582,12.623783111572266,12.040675163269043,12.183895111083984,17518916.0
2019-10-09,12.183895111083984,12.49079418182373,12.183895111083984,12.27596378326416,12752499.0
2019-10-10,12.3373441696167,12.408953666687012,12.061135292053223,12.235045433044434,9937560.0
2019-10-11,12.27596378326416,12.613553047180176,12.26573371887207,12.613553047180176,7256296.0
2019-10-14,12.552173614501953,12.552173614501953,11.416646957397461,11.570096015930176,16492759.0
2019-10-15,11.948604583740234,12.163434982299805,11.559865951538086,12.050905227661133,14544987.0
2019-10-16,11.887226104736328,12.081595420837402,11.764466285705566,12.009984970092773,5940818.0
2019-10-17,12.009984970092773,12.797693252563477,12.009984970092773,12.48056411743164,15261808.0
2019-10-18,12.889762878417969,13.073902130126953,12.715852737426758,12.920453071594238,12510402.0
2019-10-21,12.940913200378418,13.472870826721191,12.797693252563477,13.411491394042969,14188281.0
2019-10-22,13.391031265258789,13.841150283813477,13.196661949157715,13.830920219421387,15224632.0
2019-10-23,13.963910102844238,14.035518646240234,13.697930335998535,13.789999961853027,13138874.0
2019-10-24,13.861610412597656,14.168508529663086,13.605860710144043,13.636550903320312,14361302.0
2019-10-25,13.646780967712402,13.800230026245117,13.54448127746582,13.677470207214355,6231801.0
2019-10-28,13.687700271606445,13.749079704284668,13.3808012008667,13.3808012008667,3342907.0
2019-10-30,13.29896068572998,13.595630645751953,13.288731575012207,13.401261329650879,8895734.0
2019-10-31,13.462640762329102,13.687700271606445,13.452410697937012,13.56494140625,8238063.0
2019-11-01,13.56494140625,13.636550903320312,12.992061614990234,13.012521743774414,9327910.0
2019-11-04,13.063672065734863,13.411491394042969,12.889762878417969,12.971602439880371,11351625.0
2019-11-05,13.012521743774414,13.063672065734863,12.47033405303955,12.53171443939209,14348442.0
2019-11-06,12.48056411743164,12.879532814025879,12.439643859863281,12.736312866210938,11916392.0
2019-11-07,12.84884262084961,12.951142311096191,12.603322982788086,12.797693252563477,11685468.0
2019-11-08,12.807923316955566,13.29896068572998,12.807923316955566,13.29896068572998,14826151.0
2019-11-11,13.33988094329834,13.56494140625,13.29896068572998,13.503561019897461,10833901.0
2019-11-12,13.87183952331543,14.884607315063477,13.595630645751953,14.547018051147461,53426311.0
2019-11-13,14.628857612609863,15.65185546875,14.526557922363281,15.539324760437012,37372658.0
2019-11-14,15.549554824829102,15.866683959960938,15.099435806274414,15.293806076049805,25147808.0
2019-11-15,15.42679500579834,15.743925094604492,15.232425689697266,15.365415573120117,22536227.0
2019-11-18,15.488175392150879,15.835993766784668,15.355186462402344,15.723464965820312,13625742.0
2019-11-19,15.815533638000488,16.11220359802246,15.4677152633667,15.549554824829102,20745992.0
2019-11-20,15.539324760437012,16.050823211669922,15.396105766296387,15.60070514678955,19129174.0
2019-11-21,15.60070514678955,15.876914024353027,15.518864631652832,15.590475082397461,10894146.0
2019-11-22,15.672314643859863,15.815533638000488,15.232425689697266,15.41656494140625,12238075.0
2019-11-25,15.549554824829102,15.570014953613281,15.089205741882324,15.201736450195312,9750081.0
2019-11-26,15.130125999450684,15.549554824829102,15.119895935058594,15.549554824829102,12394165.0
2019-11-27,15.580245018005371,15.62116527557373,15.171046257019043,15.211965560913086,11133448.0
2019-11-28,15.252885818481445,15.324496269226074,14.976676940917969,15.078975677490234,8135883.0
2019-11-29,15.109665870666504,15.232425689697266,14.833456993103027,14.843687057495117,9122274.0
2019-12-02,14.833456993103027,15.150586128234863,14.833456993103027,15.078975677490234,7534914.0
2019-12-03,15.038057327270508,15.45748519897461,14.997137069702148,15.211965560913086,10819869.0
2019-12-04,15.242655754089355,15.304036140441895,14.9459867477417,15.078975677490234,7574640.0
2019-12-05,15.119895935058594,15.181276321411133,14.894837379455566,14.92552661895752,5015439.0
2019-12-06,14.93575668334961,15.45748519897461,14.894837379455566,15.344956398010254,11912712.0
2019-12-09,15.314266204833984,15.539324760437012,15.232425689697266,15.324496269226074,6729520.0
2019-12-10,15.590475082397461,16.0712833404541,15.43702507019043,15.9894437789917,18486431.0
2019-12-11,16.061054229736328,16.73623275756836,15.856453895568848,16.71577262878418,20762346.0
2019-12-12,16.787382125854492,17.17612075805664,16.419103622436523,16.5930118560791,17528813.0
2019-12-13,16.63393211364746,16.777151107788086,16.183813095092773,16.337263107299805,11571714.0
2019-12-16,16.316802978515625,17.032901763916016,16.316802978515625,16.96129035949707,11027705.0
2019-12-17,16.98175048828125,17.053361892700195,16.5930118560791,16.797611236572266,8769731.0
2019-12-18,16.818071365356445,16.98175048828125,16.552091598510742,16.726001739501953,7136731.0
2019-12-19,16.777151107788086,17.06359100341797,16.766921997070312,16.92037010192871,6524368.0
2019-12-20,16.991981506347656,17.13520050048828,16.838531494140625,17.073820114135742,8604609.0
2019-12-23,17.04313087463379,17.442100524902344,17.02267074584961,17.35003089904785,6440951.0
2019-12-24,17.431869506835938,17.452329635620117,17.165889739990234,17.360260009765625,4651347.0
2019-12-25,17.329570770263672,17.390949249267578,17.257959365844727,17.329570770263672,1540326.0
2019-12-26,17.309110641479492,17.390949249267578,17.15566062927246,17.288650512695312,2453472.0
2019-12-27,17.360260009765625,17.411409378051758,17.217039108276367,17.309110641479492,2761479.0
2019-12-30,17.339799880981445,17.452329635620117,17.257959365844727,17.288650512695312,2550530.0
2019-12-31,17.319339752197266,17.71830940246582,17.278419494628906,17.667158126831055,8398024.0
2020-01-02,17.69784927368164,17.708078384399414,17.3704891204834,17.575088500976562,5740079.0
2020-01-03,17.390949249267578,17.646699905395508,16.726001739501953,16.971521377563477,9669069.0
2020-01-06,16.818071365356445,16.818071365356445,16.275882720947266,16.3270320892334,7820159.0
2020-01-07,16.6953125,16.910140991210938,16.255422592163086,16.265653610229492,11150896.0
2020-01-08,15.887144088745117,16.388412475585938,15.549554824829102,15.754154205322266,17284775.0
2020-01-09,16.13266372680664,16.347492218017578,16.009904861450195,16.15312385559082,14365568.0
2020-01-10,16.265653610229492,16.367952346801758,15.887144088745117,16.02013397216797,9347406.0
2020-01-13,16.3270320892334,17.217039108276367,16.3270320892334,17.08405113220215,25055032.0
2020-01-14,17.104511260986328,17.17612075805664,16.71577262878418,16.971521377563477,16320027.0
2020-01-15,16.98175048828125,17.00221061706543,16.73623275756836,16.858991622924805,7456722.0
2020-01-16,16.357723236083984,16.367952346801758,15.508634567260742,15.529094696044922,39936125.0
2020-01-17,15.866683959960938,16.061054229736328,14.853917121887207,15.058515548706055,35600233.0
2020-01-20,15.150586128234863,15.580245018005371,14.802766799926758,15.44725513458252,18610439.0
2020-01-21,15.293806076049805,15.60070514678955,15.078975677490234,15.44725513458252,12069125.0
2020-01-22,15.549554824829102,15.61093521118164,15.293806076049805,15.40633487701416,9690433.0
2020-01-23,15.344956398010254,15.4677152633667,14.93575668334961,14.976676940917969,10879938.0
2020-01-24,15.252885818481445,15.283576011657715,14.92552661895752,15.068745613098145,10325860.0
2020-01-27,14.731157302856445,14.986907005310059,14.58793830871582,14.628857612609863,8635684.0
2020-01-28,14.680007934570312,14.792536735534668,14.37310791015625,14.454948425292969,10432595.0
2020-01-29,14.547018051147461,14.58793830871582,14.209428787231445,14.229888916015625,7847143.0
2020-01-30,14.035518646240234,14.107129096984863,13.667240142822266,14.045748710632324,12983091.0
2020-01-31,14.055978775024414,14.107129096984863,13.769539833068848,14.004829406738281,10146930.0
2020-02-03,14.107129096984863,14.628857612609863,13.974140167236328,14.311729431152344,9670887.0
2020-02-04,14.56747817993164,15.283576011657715,14.495867729187012,15.283576011657715,16874007.0
2020-02-05,15.365415573120117,15.692774772644043,15.171046257019043,15.273345947265625,22007614.0
2020-02-06,14.291269302368164,14.874377250671387,14.291269302368164,14.751617431640625,33818987.0
2020-02-07,14.680007934570312,14.772076606750488,14.035518646240234,14.086668968200684,21167567.0
2020-02-10,14.076438903808594,14.076438903808594,13.33988094329834,13.667240142822266,19327723.0
2020-02-11,13.810460090637207,14.076438903808594,13.605860710144043,14.055978775024414,13479491.0
2020-02-12,14.117359161376953,14.700467109680176,13.922989845275879,14.649317741394043,18272657.0
2020-02-13,14.659547805786133,14.792536735534668,14.465177536010742,14.628857612609863,11222392.0
2020-02-14,14.59816837310791,14.669777870178223,14.229888916015625,14.281039237976074,8543274.0
2020-02-17,14.444718360900879,14.92552661895752,14.240118980407715,14.720927238464355,14018979.0
2020-02-18,14.710697174072266,14.710697174072266,14.281039237976074,14.434488296508789,9481195.0
2020-02-19,14.475407600402832,14.55724811553955,14.240118980407715,14.281039237976074,8745112.0
2020-02-20,14.342418670654297,14.342418670654297,13.738849639892578,13.851380348205566,9968298.0
2020-02-21,13.841150283813477,14.096899032592773,13.55471134185791,14.045748710632324,8510610.0
2020-02-24,13.442180633544922,13.912759780883789,13.196661949157715,13.55471134185791,13058175.0
2020-02-25,13.708160400390625,13.861610412597656,13.278502464294434,13.452410697937012,9852462.0
2020-02-26,13.278502464294434,13.36034107208252,12.552173614501953,13.032981872558594,19468105.0
2020-02-27,12.797693252563477,12.828383445739746,12.061135292053223,12.081595420837402,16458321.0
2020-02-28,9.501596450805664,11.692855834960938,9.501596450805664,11.324577331542969,11725385.0
2020-03-02,11.49848747253418,11.621246337890625,11.048368453979492,11.160898208618164,7062713.0
2020-03-03,11.45756721496582,11.49848747253418,11.21204662322998,11.314347267150879,7382689.0
2020-03-04,11.46779727935791,11.46779727935791,10.669858932495117,10.690319061279297,12254795.0
2020-03-05,10.731239318847656,11.048368453979492,10.260660171508789,10.260660171508789,16223369.0
2020-03-06,10.20950984954834,10.22996997833252,9.624356269836426,9.86169147491455,22327605.0
2020-03-09,9.554792404174805,9.779851913452148,9.063754081726074,9.22334098815918,12136305.0
2020-03-10,9.452491760253906,9.894427299499512,8.527703285217285,8.527703285217285,14220734.0
2020-03-11,8.527703285217285,8.527703285217285,8.527703285217285,8.527703285217285,0.0
2020-03-12,7.877077102661133,7.877077102661133,7.18143892288208,7.1978068351745605,11082050.0
2020-03-13,7.1937150955200195,7.987561225891113,6.8909077644348145,7.987561225891113,14861459.0
2020-03-16,7.488337993621826,7.516982078552246,7.18962287902832,7.18962287902832,7908966.0
2020-03-17,6.9850239753723145,7.1609787940979,6.473525047302246,6.473525047302246,30188253.0
2020-03-18,6.1216139793396,6.514444828033447,5.933382987976074,5.9538421630859375,26390378.0
2020-03-19,5.933382987976074,5.933382987976074,5.340044021606445,5.3441362380981445,33252685.0
2020-03-20,5.483263969421387,5.581471920013428,5.229560852050781,5.352320194244385,39959327.0
2020-03-23,5.000409126281738,5.21728515625,4.820362091064453,4.853097915649414,55603893.0
2020-03-24,5.004500865936279,5.315492153167725,4.951304912567139,5.315492153167725,35777819.0
2020-03-25,5.524184226989746,5.843358993530273,5.524184226989746,5.843358993530273,29042072.0
2020-03-26,6.035682201385498,6.4244208335876465,6.015222072601318,6.4244208335876465,17327033.0
2020-03-27,7.066863059997559,7.066863059997559,6.4244208335876465,7.066863059997559,53848883.0
2020-03-30,6.489892959594727,6.874539852142334,6.363040924072266,6.363040924072266,75609746.0
2020-03-31,6.342580795288086,6.997300148010254,6.313937187194824,6.997300148010254,64410736.0
2020-04-01,6.894999980926514,7.611097812652588,6.813159942626953,7.341026782989502,61856432.0
2020-04-02,7.386037826538086,7.574269771575928,6.731319904327393,6.935919761657715,44551187.0
2020-04-03,6.948195934295654,7.025942802429199,6.710859775543213,6.768147945404053,33528688.0
2020-04-06,7.058679103851318,7.492430210113525,6.976840019226074,7.492430210113525,44361500.0
2020-04-07,7.823881149291992,8.241264343261719,7.823881149291992,8.23717212677002,70135953.0
2020-04-08,8.388575553894043,8.891889572143555,7.975285053253174,8.720026969909668,116071094.0
2020-04-09,9.104673385620117,9.546607971191406,8.78140640258789,9.497504234313965,76145554.0
2020-04-10,9.575251579284668,10.485719680786133,9.14968490600586,10.4345703125,92617009.0
2020-04-13,10.40388011932373,11.45756721496582,10.062198638916016,11.45756721496582,81748537.0
2020-04-14,11.907685279846191,12.603322982788086,11.907685279846191,12.603322982788086,55818497.0
2020-04-15,12.992061614990234,13.53425121307373,11.345037460327148,11.345037460327148,182204636.0
2020-04-16,11.406416893005371,11.825845718383789,10.213602066040039,10.213602066040039,109707420.0
2020-04-17,10.618708610534668,10.741469383239746,9.41157341003418,10.547099113464355,160479202.0
2020-04-20,10.094935417175293,10.588019371032715,9.820771217346191,10.536869049072266,11131380.0
2020-04-21,10.176774024963379,10.352729797363281,10.025370597839355,10.176774024963379,6937497.0
2020-04-22,10.127671241760254,10.148130416870117,9.923070907592773,9.959898948669434,6065950.0
2020-04-24,9.959898948669434,9.963991165161133,9.472951889038086,9.558883666992188,10305855.0
2020-04-27,9.554792404174805,10.45503044128418,9.554792404174805,10.45503044128418,12679718.0
2020-04-28,10.843769073486328,11.150668144226074,10.301580429077148,10.741469383239746,18295277.0
2020-04-29,10.628938674926758,10.628938674926758,10.103118896484375,10.4345703125,7538232.0
2020-04-30,10.475489616394043,10.905147552490234,10.24020004272461,10.823308944702148,10535494.0
2020-05-04,10.577789306640625,11.47802734375,10.352729797363281,11.23250675201416,12886121.0
2020-05-05,11.334807395935059,11.508716583251953,10.782388687133789,10.935837745666504,35539192.0
2020-05-06,10.935837745666504,10.976758003234863,10.628938674926758,10.659628868103027,16556621.0
2020-05-07,10.649398803710938,10.894918441772461,10.301580429077148,10.608478546142578,22687156.0
2020-05-08,10.700549125671387,10.7721586227417,10.4345703125,10.526638984680176,12318608.0
2020-05-11,10.588019371032715,10.884688377380371,10.4345703125,10.44480037689209,21323868.0
2020-05-12,10.22996997833252,10.39365005493164,9.984451293945312,10.311809539794922,14967804.0
2020-05-13,10.311809539794922,10.342499732971191,10.176774024963379,10.197234153747559,12450104.0
2020-05-14,10.086750984191895,10.111303329467773,9.71847152709961,9.845322608947754,17980188.0
2020-05-15,9.837139129638672,10.506178855895996,9.837139129638672,10.465259552001953,30930332.0
2020-05-18,10.669858932495117,11.385956764221191,10.669858932495117,11.22227668762207,71268009.0
2020-05-20,11.27342700958252,11.304117202758789,10.823308944702148,10.864228248596191,33512852.0
2020-05-21,10.843769073486328,11.089287757873535,10.700549125671387,10.874458312988281,17061040.0
2020-05-22,10.874458312988281,11.068827629089355,10.721009254455566,11.007448196411133,19541888.0
2020-05-27,11.44733715057373,12.091824531555176,11.355266571044922,12.091824531555176,76443488.0
2020-05-28,12.245274543762207,12.992061614990234,11.641706466674805,12.050905227661133,82041339.0
2020-05-29,12.050905227661133,12.112284660339355,11.703085899353027,12.091824531555176,25648563.0
2020-06-01,12.408953666687012,12.8590726852417,12.31688404083252,12.408953666687012,26948439.0
2020-06-02,12.398723602294922,12.48056411743164,12.153204917907715,12.173665046691895,20583998.0
2020-06-03,12.245274543762207,12.29642391204834,11.969064712524414,12.183895111083984,16910615.0
2020-06-04,12.214585304260254,12.32711410522461,12.040675163269043,12.102054595947266,23556685.0
2020-06-05,12.122514724731445,12.183895111083984,12.071365356445312,12.081595420837402,12205655.0
2020-06-08,12.081595420837402,12.163434982299805,11.887226104736328,11.948604583740234,14404972.0
2020-06-09,11.938375473022461,11.989524841308594,11.600786209106445,11.713315963745117,15823837.0
2020-06-10,11.703085899353027,11.938375473022461,11.682625770568848,11.836075782775879,14891655.0
2020-06-11,11.856535911560059,11.856535911560059,11.631476402282715,11.631476402282715,11023320.0
2020-06-12,11.416646957397461,12.214585304260254,11.26319694519043,12.040675163269043,55330299.0
2020-06-15,11.836075782775879,11.856535911560059,11.611016273498535,11.621246337890625,24111168.0
2020-06-16,11.764466285705566,11.825845718383789,11.682625770568848,11.692855834960938,17169589.0
2020-06-17,11.703085899353027,11.754236221313477,11.48825740814209,11.49848747253418,12289541.0
2020-06-18,11.48825740814209,11.784926414489746,11.45756721496582,11.508716583251953,17735422.0
2020-06-19,11.549635887145996,11.600786209106445,11.43710708618164,11.44733715057373,11090994.0
2020-06-22,11.47802734375,11.611016273498535,11.44733715057373,11.48825740814209,13664173.0
2020-06-23,11.549635887145996,11.600786209106445,11.406416893005371,11.43710708618164,10179442.0
2020-06-24,11.42687702178955,11.508716583251953,11.24273681640625,11.26319694519043,12244995.0
2020-06-25,11.24273681640625,11.2938871383667,10.853998184204102,11.027908325195312,13380311.0
2020-06-26,11.25296688079834,11.355266571044922,11.027908325195312,11.089287757873535,10093371.0
2020-06-29,11.058597564697266,11.089287757873535,10.946067810058594,11.027908325195312,8659643.0
2020-06-30,11.048368453979492,11.44733715057373,11.027908325195312,11.365496635437012,30526030.0
2020-07-01,11.396186828613281,11.43710708618164,11.048368453979492,11.068827629089355,15576911.0
2020-07-02,11.068827629089355,11.160898208618164,10.997218132019043,11.017678260803223,10511740.0
2020-07-03,11.048368453979492,11.089287757873535,10.7721586227417,10.864228248596191,10806775.0
2020-07-06,10.946067810058594,10.976758003234863,10.843769073486328,10.864228248596191,8215634.0
2020-07-07,10.864228248596191,10.864228248596191,10.577789306640625,10.659628868103027,14984119.0
2020-07-08,10.639168739318848,10.649398803710938,10.373189926147461,10.4345703125,11986168.0
2020-07-09,10.40388011932373,11.150668144226074,10.39365005493164,10.536869049072266,36141637.0
2020-07-10,10.577789306640625,10.751699447631836,10.352729797363281,10.557329177856445,21531869.0
2020-07-13,10.700549125671387,10.7721586227417,10.598249435424805,10.669858932495117,11017289.0
2020-07-14,10.639168739318848,10.731239318847656,10.516408920288086,10.526638984680176,12651956.0
2020-07-16,10.813078880310059,11.007448196411133,10.608478546142578,10.628938674926758,16063276.0
2020-07-17,10.639168739318848,10.700549125671387,10.547099113464355,10.608478546142578,6283175.0
2020-07-20,10.618708610534668,10.7721586227417,10.516408920288086,10.547099113464355,10218465.0
2020-07-21,10.618708610534668,10.639168739318848,10.311809539794922,10.40388011932373,9668097.0
2020-07-22,10.4345703125,10.495949745178223,10.301580429077148,10.322039604187012,6557477.0
2020-07-23,10.322039604187012,10.710779190063477,10.281120300292969,10.495949745178223,24565534.0
2020-07-24,10.4345703125,10.618708610534668,10.362959861755371,10.506178855895996,9785208.0
2020-07-27,10.588019371032715,10.751699447631836,10.506178855895996,10.547099113464355,13183879.0
2020-07-28,10.547099113464355,10.557329177856445,10.148130416870117,10.17268180847168,10353485.0
2020-07-29,10.176774024963379,10.20541763305664,9.837139129638672,9.963991165161133,9692412.0
2020-07-30,9.927163124084473,9.992634773254395,9.743023872375488,9.783944129943848,4682828.0
2020-08-04,9.820771217346191,10.362959861755371,9.477044105529785,9.886242866516113,36567215.0
2020-08-05,10.066290855407715,10.291350364685059,9.86169147491455,9.878059387207031,19684313.0
2020-08-06,9.857599258422852,9.914887428283691,8.973730087280273,8.998282432556152,16913958.0
2020-08-07,8.920534133911133,9.3870210647583,8.224896430969238,9.284721374511719,29183436.0
2020-08-10,9.16605281829834,9.25607681274414,8.797774314880371,9.096489906311035,18794183.0
2020-08-11,9.084214210510254,9.972174644470215,9.084214210510254,9.972174644470215,22438852.0
2020-08-12,10.567559242248535,10.7721586227417,10.041739463806152,10.18904972076416,76320980.0
2020-08-13,10.148130416870117,10.291350364685059,9.640724182128906,9.820771217346191,32807845.0
2020-08-14,9.841231346130371,10.078566551208496,9.35019302368164,9.77575969696045,23045021.0
2020-08-17,9.738931655883789,9.800311088562012,9.567068099975586,9.599803924560547,13200878.0
2020-08-18,9.575251579284668,9.890335083007812,9.575251579284668,9.607988357543945,15350439.0
2020-08-19,9.636631965637207,9.972174644470215,9.603896141052246,9.759391784667969,15847489.0
2020-08-20,9.722563743591309,9.722563743591309,9.546607971191406,9.595711708068848,10500303.0
2020-08-21,9.657092094421387,9.710288047790527,9.395204544067383,9.415664672851562,14240377.0
2020-08-24,9.440217018127441,9.698012351989746,9.436124801635742,9.501596450805664,10492478.0
2020-08-25,9.657092094421387,9.943531036376953,9.505687713623047,9.607988357543945,44179784.0
2020-08-26,9.599803924560547,9.767576217651367,9.489319801330566,9.734840393066406,37954805.0
2020-08-27,9.788036346435547,9.914887428283691,9.665275573730469,9.796219825744629,42906412.0
2020-08-28,9.743023872375488,9.763484001159668,9.599803924560547,9.616171836853027,11932292.0
2020-08-31,9.616171836853027,9.620264053344727,9.2069730758667,9.325640678405762,16965199.0
2020-09-01,9.37065315246582,9.464768409729004,9.190605163574219,9.321549415588379,8834497.0
2020-09-02,9.309272766113281,9.419756889343262,9.227433204650879,9.25607681274414,10601638.0
2020-09-03,9.25607681274414,9.37065315246582,9.116949081420898,9.133316993713379,10443798.0
2020-09-04,9.12513256072998,9.272444725036621,9.067846298217773,9.16605281829834,13912884.0
2020-09-07,9.211065292358398,9.517964363098145,9.18242073059082,9.448399543762207,15560528.0
2020-09-08,9.595711708068848,9.644816398620605,9.268353462219238,9.309272766113281,15821379.0
2020-09-09,9.247893333435059,9.419756889343262,9.215156555175781,9.321549415588379,22088528.0
2020-09-10,9.325640678405762,9.456583976745605,9.272444725036621,9.40748119354248,26926689.0
2020-09-11,9.41157341003418,9.955806732177734,9.403388977050781,9.800311088562012,75724385.0
2020-09-14,9.910795211791992,10.148130416870117,9.747116088867188,9.82486343383789,36011403.0
2020-09-15,9.800311088562012,9.812586784362793,9.452491760253906,9.575251579284668,19272386.0
2020-09-16,9.624356269836426,9.693920135498047,9.44430923461914,9.485227584838867,14499015.0
2020-09-17,9.456583976745605,9.685735702514648,9.41157341003418,9.607988357543945,18011019.0
2020-09-18,9.677552223205566,9.710288047790527,9.534332275390625,9.567068099975586,10069075.0
2020-09-21,9.554792404174805,9.567068099975586,9.235616683959961,9.251984596252441,13039602.0
2020-09-22,9.288812637329102,9.41157341003418,9.194697380065918,9.39111328125,13439227.0
2020-09-23,9.432032585144043,9.616171836853027,9.3870210647583,9.489319801330566,36655529.0
2020-09-24,9.41157341003418,9.489319801330566,9.31336498260498,9.452491760253906,16953435.0
2020-09-25,9.472951889038086,9.579343795776367,9.366560935974121,9.395204544067383,21488008.0
2020-09-28,9.37065315246582,9.673460006713867,9.288812637329102,9.37474536895752,28580565.0
2020-09-29,9.37474536895752,9.448399543762207,9.27653694152832,9.346100807189941,11840327.0
2020-09-30,9.358377456665039,9.481136322021484,9.346100807189941,9.436124801635742,13486377.0
2020-10-01,9.493412017822266,9.886242866516113,9.468859672546387,9.571160316467285,50964309.0
2020-10-02,9.522055625915527,9.771668434143066,9.464768409729004,9.575251579284668,42424940.0
2020-10-05,9.607988357543945,9.77575969696045,9.595711708068848,9.644816398620605,17741204.0
2020-10-06,9.673460006713867,9.726655960083008,9.554792404174805,9.591620445251465,20386485.0
2020-10-07,9.562975883483887,9.632539749145508,9.513872146606445,9.562975883483887,11430027.0
2020-10-08,9.624356269836426,9.648907661437988,9.534332275390625,9.562975883483887,12191613.0
2020-10-09,9.562975883483887,9.673460006713867,9.550700187683105,9.620264053344727,13182877.0
2020-10-12,9.644816398620605,9.927163124084473,9.620264053344727,9.820771217346191,29452733.0
2020-10-13,9.820771217346191,9.86169147491455,9.644816398620605,9.648907661437988,18297442.0
2020-10-14,9.640724182128906,9.693920135498047,9.579343795776367,9.657092094421387,12643418.0
2020-10-15,9.587528228759766,9.644816398620605,9.415664672851562,9.42794132232666,10914664.0
2020-10-16,9.440217018127441,9.657092094421387,9.41157341003418,9.485227584838867,17899244.0
2020-10-19,9.562975883483887,9.702103614807129,9.509779930114746,9.628447532653809,17717484.0
2020-10-20,9.685735702514648,9.82486343383789,9.546607971191406,9.550700187683105,17250347.0
2020-10-21,9.607988357543945,9.620264053344727,9.468859672546387,9.477044105529785,11122504.0
2020-10-22,9.468859672546387,9.501596450805664,9.37474536895752,9.382928848266602,11224675.0
2020-10-23,9.395204544067383,9.526147842407227,9.2929048538208,9.35428524017334,11878225.0
2020-10-26,9.288812637329102,9.2929048538208,8.826417922973633,8.826417922973633,12312332.0
2020-10-27,8.773221969604492,8.875521659851074,8.486783027648926,8.679106712341309,11490971.0
2020-10-28,8.646370887756348,8.654555320739746,8.34765625,8.34765625,5833193.0
2020-10-30,8.241264343261719,8.241264343261719,7.9343647956848145,8.08576774597168,15754756.0
2020-11-02,8.093952178955078,8.887798309326172,8.040757179260254,8.887798309326172,28663498.0
2020-11-03,8.887798309326172,9.1128568649292,8.470415115356445,8.642278671264648,48915951.0
2020-11-04,8.601359367370605,9.321549415588379,8.584991455078125,9.18651294708252,57829124.0
2020-11-05,9.1087646484375,9.268353462219238,8.981913566589355,8.998282432556152,31392601.0
2020-11-06,9.153777122497559,9.16605281829834,8.998282432556152,9.063754081726074,25217897.0
2020-11-09,9.14559268951416,9.939438819885254,9.088306427001953,9.939438819885254,46361163.0
2020-11-10,10.111303329467773,10.925607681274414,10.045830726623535,10.925607681274414,172020941.0
2020-11-11,11.068827629089355,11.590556144714355,10.680088996887207,11.109747886657715,117681113.0
2020-11-12,11.119977951049805,12.163434982299805,10.966527938842773,11.917915344238281,132330519.0
2020-11-13,11.866765975952148,12.020215034484863,11.20181655883789,11.26319694519043,59485903.0
2020-11-16,11.23250675201416,11.989524841308594,11.23250675201416,11.580326080322266,105313961.0
2020-11-17,11.48825740814209,11.48825740814209,10.915377616882324,10.925607681274414,38446273.0
2020-11-18,10.843769073486328,11.385956764221191,10.823308944702148,11.21204662322998,41985291.0
2020-11-19,11.25296688079834,11.621246337890625,11.150668144226074,11.181358337402344,42611558.0
2020-11-20,11.304117202758789,11.682625770568848,11.28365707397461,11.396186828613281,37821672.0
2020-11-23,11.518946647644043,11.764466285705566,11.20181655883789,11.42687702178955,44506471.0
2020-11-24,11.621246337890625,11.887226104736328,11.43710708618164,11.876996040344238,43647612.0
2020-11-25,11.999754905700684,12.777233123779297,11.876996040344238,12.460103988647461,101053949.0
2020-11-26,12.889762878417969,13.114822387695312,12.726082801818848,13.032981872558594,56383543.0
2020-11-27,13.155741691589355,13.217122077941895,12.582863807678223,12.634013175964355,37799477.0
2020-11-30,12.224815368652344,12.31688404083252,11.672395706176758,11.682625770568848,34630993.0
2020-12-01,11.907685279846191,12.869302749633789,11.907685279846191,12.869302749633789,62559396.0
2020-12-02,12.83861255645752,13.401261329650879,12.582863807678223,13.043211936950684,120120582.0
2020-12-03,13.063672065734863,13.421721458435059,12.879532814025879,12.930683135986328,58425992.0
2020-12-04,13.043211936950684,13.196661949157715,12.777233123779297,12.899992942810059,29323930.0
2020-12-07,12.940913200378418,13.196661949157715,12.787463188171387,13.002291679382324,32242017.0
2020-12-08,13.053442001342773,13.391031265258789,12.992061614990234,13.012521743774414,32537233.0
2020-12-09,13.125052452087402,13.217122077941895,13.022751808166504,13.073902130126953,29176886.0
2020-12-10,13.125052452087402,13.288731575012207,12.879532814025879,13.043211936950684,27511261.0
2020-12-11,12.940913200378418,13.032981872558594,12.715852737426758,12.961372375488281,24434708.0
2020-12-14,13.135281562805176,13.268272399902344,12.992061614990234,13.063672065734863,36648247.0
2020-12-15,13.063672065734863,13.063672065734863,12.818153381347656,12.910223007202148,19334356.0
2020-12-16,12.992061614990234,13.912759780883789,12.930683135986328,13.9025297164917,84215094.0
2020-12-17,13.922989845275879,15.304036140441895,13.677470207214355,15.201736450195312,141737203.0
2020-12-18,14.91529655456543,15.928064346313477,14.894837379455566,14.986907005310059,94534585.0
2020-12-21,13.841150283813477,14.4242582321167,13.677470207214355,13.974140167236328,71292671.0
2020-12-22,14.219658851623535,14.802766799926758,14.199198722839355,14.485637664794922,51234203.0
2020-12-23,14.58793830871582,14.751617431640625,14.311729431152344,14.465177536010742,27692884.0
2020-12-24,14.536787986755371,15.181276321411133,14.444718360900879,14.782306671142578,48501565.0
2020-12-25,14.93575668334961,14.986907005310059,14.506097793579102,14.720927238464355,14318203.0
2020-12-28,14.772076606750488,14.833456993103027,14.526557922363281,14.58793830871582,10606296.0
2020-12-29,14.55724811553955,15.171046257019043,14.516327857971191,15.017597198486328,35550008.0
2020-12-30,15.058515548706055,15.866683959960938,15.048286437988281,15.263115882873535,52296801.0
2020-12-31,15.283576011657715,15.518864631652832,15.171046257019043,15.293806076049805,19106921.0
2021-01-04,15.314266204833984,15.355186462402344,14.853917121887207,14.894837379455566,14350241.0
2021-01-05,14.894837379455566,14.986907005310059,14.35264778137207,14.465177536010742,25460131.0
2021-01-06,14.649317741394043,14.874377250671387,14.434488296508789,14.710697174072266,17932055.0
2021-01-07,14.782306671142578,15.007367134094238,14.58793830871582,14.761846542358398,19987720.0
2021-01-08,14.823226928710938,15.211965560913086,14.823226928710938,14.92552661895752,23943968.0
2021-01-11,14.833456993103027,15.027827262878418,14.454948425292969,14.618627548217773,16654661.0
2021-01-12,14.761846542358398,15.273345947265625,14.680007934570312,14.9459867477417,36479488.0
2021-01-13,15.130125999450684,15.283576011657715,14.986907005310059,15.201736450195312,29313329.0
2021-01-14,15.344956398010254,16.50094223022461,15.283576011657715,16.081514358520508,47445932.0
2021-01-15,15.95875358581543,15.97921371459961,15.580245018005371,15.713234901428223,29703950.0
2021-01-18,15.682544708251953,15.784844398498535,15.263115882873535,15.703004837036133,21187225.0
2021-01-19,15.876914024353027,16.470251083374023,15.876914024353027,16.429332733154297,32032310.0
2021-01-20,16.408872604370117,16.439563751220703,15.9894437789917,16.061054229736328,14244253.0
2021-01-21,16.163352966308594,16.214502334594727,15.63139533996582,15.64162540435791,11598752.0
2021-01-22,15.62116527557373,15.754154205322266,15.263115882873535,15.324496269226074,12402293.0
2021-01-25,15.477945327758789,15.549554824829102,14.741387367248535,14.772076606750488,17251290.0
2021-01-26,14.58793830871582,15.119895935058594,14.209428787231445,14.853917121887207,23084288.0
2021-01-27,14.853917121887207,14.853917121887207,14.086668968200684,14.086668968200684,14275646.0
2021-01-28,14.015059471130371,14.864147186279297,13.53425121307373,14.853917121887207,29121788.0
2021-01-29,14.526557922363281,14.741387367248535,14.4242582321167,14.444718360900879,12390802.0
2021-02-01,14.516327857971191,14.628857612609863,14.342418670654297,14.40379810333252,9582207.0
2021-02-02,14.4242582321167,14.812996864318848,14.40379810333252,14.495867729187012,12721556.0
2021-02-03,14.526557922363281,14.843687057495117,14.506097793579102,14.618627548217773,10854605.0
2021-02-04,14.669777870178223,14.864147186279297,14.55724811553955,14.812996864318848,10018748.0
2021-02-05,15.038057327270508,15.40633487701416,14.894837379455566,15.038057327270508,17434609.0
2021-02-08,15.222195625305176,15.293806076049805,14.812996864318848,14.956216812133789,8485024.0
2021-02-09,14.976676940917969,15.43702507019043,14.91529655456543,15.038057327270508,15410337.0
2021-02-10,15.160816192626953,15.283576011657715,14.966446876525879,15.119895935058594,8237438.0
2021-02-11,15.140356063842773,15.222195625305176,14.864147186279297,14.864147186279297,8464975.0
2021-02-12,14.853917121887207,14.853917121887207,14.57770824432373,14.618627548217773,6113429.0
2021-02-15,14.792536735534668,15.4677152633667,14.731157302856445,15.211965560913086,20481632.0
2021-02-16,15.304036140441895,15.324496269226074,14.58793830871582,14.874377250671387,13254593.0
2021-02-17,14.894837379455566,15.099435806274414,14.710697174072266,14.782306671142578,10795817.0
2021-02-18,14.853917121887207,15.508634567260742,14.823226928710938,14.956216812133789,29241070.0
2021-02-19,14.9459867477417,15.078975677490234,14.782306671142578,15.027827262878418,8951076.0
2021-02-22,15.109665870666504,16.061054229736328,15.058515548706055,15.65185546875,39123103.0
2021-02-23,15.856453895568848,17.217039108276367,15.692774772644043,17.217039108276367,66611167.0
2021-02-24,16.98175048828125,17.98428726196289,16.490711212158203,16.94083023071289,84006481.0
2021-02-25,17.595548629760742,18.301416397094727,17.145431518554688,18.08658790588379,93661166.0
2021-02-26,17.493249893188477,18.598085403442383,17.431869506835938,18.24003791809082,61314622.0
2021-03-01,18.618545532226562,18.976594924926758,17.933137893676758,18.10704803466797,36132581.0
2021-03-02,18.209346771240234,19.355104446411133,18.096818923950195,18.84360694885254,72941386.0
2021-03-03,18.894756317138672,18.966365814208984,18.301416397094727,18.516246795654297,38686879.0
2021-03-04,18.516246795654297,19.43694305419922,18.250267028808594,18.321876525878906,53796067.0
2021-03-05,18.035438537597656,18.209346771240234,17.80014991760254,18.014978408813477,22254912.0
2021-03-08,18.035438537597656,18.260496139526367,17.462560653686523,17.595548629760742,19218314.0
2021-03-09,17.841068267822266,18.362796783447266,17.687618255615234,18.168428421020508,24389370.0
2021-03-10,18.137737274169922,18.21957778930664,17.922908782958984,17.953598022460938,11158731.0
2021-03-11,18.02520751953125,18.24003791809082,17.493249893188477,18.24003791809082,13960152.0
2021-03-12,18.260496139526367,18.301416397094727,17.35003089904785,17.35003089904785,16429709.0
2021-03-15,17.35003089904785,17.861528396606445,17.247730255126953,17.52393913269043,13536988.0
2021-03-16,17.626239776611328,17.820608139038086,17.52393913269043,17.69784927368164,9109639.0
2021-03-17,17.728538513183594,17.974058151245117,17.50347900390625,17.595548629760742,13558645.0
2021-03-18,17.626239776611328,17.933137893676758,16.971521377563477,17.1147403717041,13997640.0
2021-03-19,17.104511260986328,17.411409378051758,16.265653610229492,16.67485237121582,14271028.0
2021-03-22,15.62116527557373,15.62116527557373,15.007367134094238,15.007367134094238,12283373.0
2021-03-23,13.667240142822266,15.058515548706055,13.51379108428955,14.495867729187012,34088836.0
2021-03-24,14.669777870178223,15.549554824829102,14.4242582321167,15.314266204833984,21211961.0
2021-03-25,15.314266204833984,15.938294410705566,14.93575668334961,15.140356063842773,21684626.0
2021-03-26,15.4677152633667,15.754154205322266,14.792536735534668,15.324496269226074,14911572.0
2021-03-29,15.344956398010254,15.355186462402344,15.007367134094238,15.171046257019043,8600620.0
2021-03-30,15.140356063842773,15.41656494140625,14.833456993103027,15.007367134094238,18953050.0
2021-03-31,15.038057327270508,15.119895935058594,14.720927238464355,14.751617431640625,9702168.0
2021-04-01,14.802766799926758,15.160816192626953,14.731157302856445,15.089205741882324,13637673.0
2021-04-02,15.160816192626953,15.396105766296387,14.997137069702148,15.089205741882324,6062426.0
2021-04-05,15.048286437988281,15.682544708251953,15.048286437988281,15.590475082397461,10471290.0
2021-04-06,15.60070514678955,15.713234901428223,15.242655754089355,15.242655754089355,12946820.0
2021-04-07,15.242655754089355,15.795074462890625,15.140356063842773,15.334726333618164,19004863.0
2021-04-08,15.40633487701416,15.498405456542969,14.833456993103027,14.833456993103027,8315072.0
2021-04-09,14.833456993103027,14.833456993103027,13.984370231628418,14.219658851623535,11191429.0
2021-04-12,14.178738594055176,14.506097793579102,13.677470207214355,13.994600296020508,14227323.0
2021-04-13,13.789999961853027,14.158279418945312,13.401261329650879,14.117359161376953,13562506.0
2021-04-14,14.291269302368164,14.59816837310791,14.045748710632324,14.137819290161133,11121346.0
2021-04-15,14.178738594055176,14.36287784576416,13.841150283813477,13.994600296020508,12545842.0
2021-04-16,13.994600296020508,14.117359161376953,13.667240142822266,13.728619575500488,8158341.0
2021-04-19,13.830920219421387,13.953680038452148,13.503561019897461,13.626320838928223,10822958.0
2021-04-20,13.626320838928223,13.718390464782715,12.84884262084961,12.84884262084961,11080950.0
2021-04-21,12.777233123779297,13.217122077941895,12.061135292053223,12.439643859863281,18299954.0
2021-04-22,12.48056411743164,12.951142311096191,12.009984970092773,12.910223007202148,14978542.0
2021-04-26,12.930683135986328,14.199198722839355,12.910223007202148,13.933219909667969,29028738.0
2021-04-27,13.89229965209961,14.649317741394043,13.667240142822266,14.035518646240234,24566194.0
2021-04-28,14.055978775024414,14.485637664794922,14.045748710632324,14.40379810333252,16453135.0
2021-04-29,14.547018051147461,14.690237998962402,14.301499366760254,14.301499366760254,8702732.0
2021-04-30,14.332188606262207,15.119895935058594,14.321958541870117,15.048286437988281,23154464.0
2021-05-03,15.099435806274414,16.3270320892334,15.099435806274414,16.3270320892334,27107184.0
2021-05-04,16.470251083374023,16.63393211364746,15.846223831176758,16.52140235900879,31945237.0
2021-05-05,16.572551727294922,16.746461868286133,16.15312385559082,16.245193481445312,23947707.0
2021-05-06,16.255422592163086,16.705541610717773,16.224733352661133,16.65439224243164,23653440.0
2021-05-07,16.879451751708984,16.910140991210938,16.46002197265625,16.644161224365234,12417019.0
2021-05-10,16.818071365356445,17.3704891204834,16.787382125854492,17.17612075805664,20691320.0
2021-05-11,16.582782745361328,17.00221061706543,16.52140235900879,16.746461868286133,18474202.0
2021-05-12,16.67485237121582,17.472789764404297,16.582782745361328,17.472789764404297,9648585.0
2021-05-17,17.595548629760742,17.748998641967773,17.237499237060547,17.247730255126953,14787011.0
2021-05-18,17.329570770263672,17.329570770263672,16.787382125854492,16.787382125854492,18467076.0
2021-05-20,16.5930118560791,17.08405113220215,16.46002197265625,16.746461868286133,26031648.0
2021-05-21,17.032901763916016,17.04313087463379,16.685081481933594,16.705541610717773,10477346.0
2021-05-24,16.766921997070312,16.98175048828125,16.5930118560791,16.65439224243164,8165487.0
2021-05-25,16.777151107788086,16.777151107788086,15.938294410705566,15.938294410705566,10962064.0
2021-05-26,16.101972579956055,16.30657386779785,15.692774772644043,16.214502334594727,12787240.0
2021-05-27,16.245193481445312,17.08405113220215,16.11220359802246,16.777151107788086,26095186.0
2021-05-28,16.8487606048584,16.879451751708984,16.30657386779785,16.644161224365234,14452177.0
2021-05-31,16.777151107788086,17.053361892700195,16.726001739501953,17.012441635131836,19965878.0
2021-06-01,16.869220733642578,17.032901763916016,16.67485237121582,16.971521377563477,15516530.0
2021-06-02,16.73623275756836,17.094280242919922,16.726001739501953,16.858991622924805,14953517.0
2021-06-03,16.889680862426758,17.237499237060547,16.67485237121582,16.6953125,28167949.0
2021-06-04,16.75669288635254,16.8487606048584,16.552091598510742,16.71577262878418,11865185.0
2021-06-07,16.8487606048584,17.124971389770508,16.838531494140625,16.879451751708984,12870178.0
2021-06-08,16.879451751708984,16.971521377563477,16.80784034729004,16.930601119995117,10686770.0
2021-06-09,17.012441635131836,17.298879623413086,16.951061248779297,17.02267074584961,21340842.0
2021-06-10,17.08405113220215,17.145431518554688,16.797611236572266,16.797611236572266,8450444.0
2021-06-11,16.858991622924805,16.94083023071289,16.582782745361328,16.582782745361328,17842651.0
2021-06-14,16.75669288635254,16.75669288635254,16.286113739013672,16.50094223022461,10721633.0
2021-06-15,16.572551727294922,16.603242874145508,16.09174346923828,16.122432708740234,9417627.0
2021-06-16,16.163352966308594,16.255422592163086,15.64162540435791,15.672314643859863,10270215.0
2021-06-17,15.549554824829102,16.030363082885742,15.529094696044922,15.784844398498535,16057284.0
2021-06-18,15.897374153137207,16.194042205810547,15.733695030212402,15.815533638000488,13915943.0
2021-06-21,16.02013397216797,16.275882720947266,15.815533638000488,16.214502334594727,12809103.0
2021-06-22,16.337263107299805,16.490711212158203,16.30657386779785,16.367952346801758,10517786.0
2021-06-23,16.419103622436523,16.48048210144043,16.02013397216797,16.09174346923828,8263948.0
2021-06-24,16.3270320892334,16.367952346801758,16.163352966308594,16.204273223876953,6809125.0
2021-06-25,16.234962463378906,16.245193481445312,15.743925094604492,15.805303573608398,7738003.0
2021-06-28,15.795074462890625,15.835993766784668,15.007367134094238,15.048286437988281,11503366.0
2021-06-29,14.905067443847656,14.905067443847656,14.291269302368164,14.526557922363281,13181953.0
2021-06-30,14.659547805786133,14.905067443847656,14.495867729187012,14.741387367248535,12093152.0
2021-07-01,14.741387367248535,15.559784889221191,14.57770824432373,15.559784889221191,16910527.0
2021-07-02,15.590475082397461,16.214502334594727,15.324496269226074,15.948524475097656,24966894.0
2021-07-05,15.917834281921387,16.09174346923828,15.754154205322266,15.95875358581543,11169469.0
2021-07-06,16.030363082885742,16.173582077026367,15.570014953613281,15.692774772644043,10885788.0
2021-07-07,15.733695030212402,15.774614334106445,15.42679500579834,15.477945327758789,9562270.0
2021-07-08,15.44725513458252,15.4677152633667,14.986907005310059,15.007367134094238,8230302.0
2021-07-09,15.068745613098145,15.222195625305176,14.843687057495117,15.007367134094238,8033180.0
2021-07-12,15.007367134094238,15.058515548706055,14.649317741394043,14.659547805786133,6849682.0
2021-07-13,14.59816837310791,14.874377250671387,14.495867729187012,14.700467109680176,7685324.0
2021-07-14,14.710697174072266,14.9459867477417,14.710697174072266,14.812996864318848,6631905.0
2021-07-16,14.823226928710938,15.048286437988281,14.6083984375,14.649317741394043,6774643.0
2021-07-19,14.58793830871582,14.58793830871582,14.39356803894043,14.434488296508789,2254307.0
2021-07-26,14.4242582321167,14.434488296508789,13.851380348205566,13.912759780883789,8149153.0
2021-07-27,13.851380348205566,14.720927238464355,13.749079704284668,14.6083984375,17135562.0
2021-07-28,14.680007934570312,14.812996864318848,14.38333797454834,14.516327857971191,11175520.0
2021-07-29,14.58793830871582,14.802766799926758,14.58793830871582,14.659547805786133,6543337.0
2021-07-30,14.547018051147461,14.761846542358398,14.39356803894043,14.454948425292969,5375025.0
2021-08-02,14.475407600402832,14.547018051147461,14.321958541870117,14.321958541870117,9878537.0
2021-08-03,14.35264778137207,14.39356803894043,13.933219909667969,14.035518646240234,8655230.0
2021-08-04,14.086668968200684,14.219658851623535,13.820690155029297,13.820690155029297,10368665.0
2021-08-05,13.820690155029297,14.260579109191895,13.789999961853027,14.086668968200684,10359399.0
2021-08-06,14.117359161376953,14.36287784576416,14.117359161376953,14.219658851623535,9761650.0
2021-08-09,14.291269302368164,14.751617431640625,14.188968658447266,14.669777870178223,16860028.0
2021-08-10,14.669777870178223,14.731157302856445,14.240118980407715,14.39356803894043,11627696.0
2021-08-11,14.321958541870117,14.454948425292969,14.045748710632324,14.148049354553223,7238539.0
2021-08-12,14.209428787231445,14.680007934570312,14.209428787231445,14.39356803894043,12592548.0
2021-08-13,14.41402816772461,14.628857612609863,14.178738594055176,14.485637664794922,7273437.0
2021-08-16,14.58793830871582,15.027827262878418,14.58793830871582,14.669777870178223,13427208.0
2021-08-17,14.6083984375,14.649317741394043,14.4242582321167,14.454948425292969,6286059.0
2021-08-18,14.485637664794922,14.700467109680176,14.086668968200684,14.117359161376953,11344724.0
2021-08-19,14.025288581848145,14.281039237976074,13.933219909667969,14.178738594055176,8470996.0
2021-08-20,14.117359161376953,14.281039237976074,14.045748710632324,14.199198722839355,6750801.0
2021-08-23,14.41402816772461,14.56747817993164,14.321958541870117,14.454948425292969,11947741.0
2021-08-24,14.526557922363281,14.91529655456543,14.516327857971191,14.833456993103027,11779173.0
2021-08-25,14.792536735534668,15.048286437988281,14.56747817993164,14.690237998962402,16213633.0
2021-08-26,14.93575668334961,14.93575668334961,14.649317741394043,14.741387367248535,10891912.0
2021-08-27,14.628857612609863,14.680007934570312,14.36287784576416,14.454948425292969,9821846.0
2021-08-31,14.536787986755371,14.6083984375,14.39356803894043,14.444718360900879,5825407.0
2021-09-01,14.516327857971191,14.833456993103027,14.506097793579102,14.628857612609863,10454506.0
2021-09-02,14.639087677001953,14.751617431640625,14.485637664794922,14.58793830871582,5080933.0
2021-09-03,14.59816837310791,14.843687057495117,14.495867729187012,14.506097793579102,9445129.0
2021-09-06,14.58793830871582,14.731157302856445,14.506097793579102,14.710697174072266,5340504.0
2021-09-07,14.720927238464355,14.812996864318848,14.321958541870117,14.35264778137207,7377147.0
2021-09-08,14.37310791015625,14.37310791015625,14.096899032592773,14.332188606262207,5715910.0
2021-09-09,14.229888916015625,14.37310791015625,14.158279418945312,14.301499366760254,7928805.0
2021-09-10,14.342418670654297,14.485637664794922,13.943449974060059,13.943449974060059,10109457.0
2021-09-13,13.994600296020508,14.127589225769043,13.87183952331543,13.9025297164917,11779671.0
2021-09-14,13.953680038452148,14.076438903808594,13.9025297164917,13.912759780883789,8122315.0
2021-09-15,13.912759780883789,13.922989845275879,13.636550903320312,13.636550903320312,8676842.0
2021-09-16,13.708160400390625,13.912759780883789,13.626320838928223,13.912759780883789,9343843.0
2021-09-17,13.943449974060059,14.618627548217773,13.943449974060059,14.4242582321167,23514422.0
2021-09-20,14.4242582321167,14.547018051147461,14.015059471130371,14.137819290161133,21318570.0
2021-09-21,14.281039237976074,14.465177536010742,14.240118980407715,14.240118980407715,15221280.0
2021-09-22,14.321958541870117,14.710697174072266,14.168508529663086,14.700467109680176,18687179.0
2021-09-23,14.700467109680176,14.884607315063477,14.465177536010742,14.58793830871582,16680213.0
2021-09-24,14.485637664794922,14.976676940917969,14.465177536010742,14.680007934570312,18831407.0
2021-09-27,14.894837379455566,15.42679500579834,14.761846542358398,15.365415573120117,26933332.0
2021-09-28,15.344956398010254,15.784844398498535,15.201736450195312,15.713234901428223,20255703.0
2021-09-29,15.784844398498535,15.876914024353027,15.580245018005371,15.65185546875,9758742.0
2021-09-30,15.63139533996582,16.030363082885742,15.63139533996582,15.928064346313477,12298133.0
2021-10-01,15.805303573608398,16.061054229736328,15.692774772644043,15.95875358581543,8451099.0
2021-10-04,16.142892837524414,16.234962463378906,15.498405456542969,15.508634567260742,11710287.0
2021-10-05,15.4677152633667,15.897374153137207,15.44725513458252,15.784844398498535,7659547.0
2021-10-06,15.784844398498535,15.784844398498535,15.171046257019043,15.293806076049805,9050934.0
2021-10-07,15.44725513458252,15.508634567260742,15.304036140441895,15.375645637512207,8056635.0
2021-10-08,15.477945327758789,15.662084579467773,15.355186462402344,15.43702507019043,8614198.0
2021-10-11,15.498405456542969,15.95875358581543,15.40633487701416,15.846223831176758,8015800.0
2021-10-12,15.815533638000488,16.061054229736328,15.662084579467773,15.784844398498535,8332931.0
2021-10-13,15.887144088745117,16.122432708740234,15.805303573608398,15.938294410705566,9053540.0
2021-10-14,15.876914024353027,16.224733352661133,15.784844398498535,16.163352966308594,9470892.0
2021-10-15,16.204273223876953,16.746461868286133,16.204273223876953,16.61347198486328,15501798.0
2021-10-18,16.644161224365234,16.705541610717773,16.204273223876953,16.398643493652344,11709442.0
2021-10-19,16.449792861938477,16.858991622924805,16.347492218017578,16.71577262878418,14737617.0
2021-10-20,16.787382125854492,16.899911880493164,16.009904861450195,16.02013397216797,15769175.0
2021-10-21,16.101972579956055,16.204273223876953,15.672314643859863,16.081514358520508,9358971.0
2021-10-22,16.194042205810547,16.245193481445312,15.938294410705566,16.09174346923828,7364190.0
2021-10-25,16.009904861450195,16.15312385559082,15.917834281921387,16.04059410095215,6256313.0
2021-10-26,16.122432708740234,16.316802978515625,16.101972579956055,16.204273223876953,8766867.0
2021-10-27,16.265653610229492,16.511171340942383,16.061054229736328,16.265653610229492,10129574.0
2021-10-28,16.30657386779785,16.429332733154297,16.245193481445312,16.296342849731445,3765885.0
2021-11-01,16.378183364868164,16.777151107788086,16.378183364868164,16.470251083374023,7888013.0
2021-11-02,16.50094223022461,16.787382125854492,16.470251083374023,16.6953125,8440610.0
2021-11-03,16.73623275756836,17.15566062927246,15.907604217529297,17.15566062927246,16395325.0
2021-11-04,17.534168243408203,18.280956268310547,17.513708114624023,18.188888549804688,31292318.0
2021-11-05,18.24003791809082,19.10958480834961,18.08658790588379,18.91521453857422,28024909.0
2021-11-08,18.945905685424805,19.355104446411133,18.526477813720703,19.058435440063477,33594563.0
2021-11-09,19.10958480834961,19.876832962036133,18.986825942993164,19.662002563476562,23192148.0
2021-11-10,19.508554458618164,20.07120132446289,19.211885452270508,19.702922821044922,27672376.0
2021-11-11,19.682462692260742,20.142812728881836,19.641542434692383,19.78476333618164,18139313.0
2021-11-12,19.835912704467773,20.449710845947266,19.82568359375,20.26557159423828,15421134.0
2021-11-15,20.326950073242188,20.91006088256836,20.122352600097656,20.746379852294922,17688075.0
2021-11-16,20.78730010986328,21.482938766479492,20.224651336669922,20.347410202026367,13825826.0
2021-11-17,20.347410202026367,20.80776023864746,20.337181091308594,20.725919723510742,6472701.0
2021-11-18,20.7668399810791,20.930519104003906,20.03028106689453,20.664539337158203,11910449.0
2021-11-19,20.84868049621582,20.88960075378418,18.904985427856445,18.966365814208984,25712805.0
2021-11-22,19.02774429321289,19.406253814697266,18.91521453857422,19.232345581054688,15314667.0
2021-11-23,19.22211456298828,19.968902587890625,18.70038604736328,19.518783569335938,30270863.0
2021-11-24,19.74384307861328,21.462478637695312,19.641542434692383,21.462478637695312,48674156.0
2021-11-25,21.626157760620117,21.748916625976562,19.989362716674805,20.03028106689453,25050555.0
2021-11-26,19.191425323486328,19.232345581054688,18.035438537597656,18.06612777709961,36411203.0
2021-11-29,18.055898666381836,18.516246795654297,17.442100524902344,18.383256912231445,24619850.0
2021-11-30,18.00474739074707,18.321876525878906,17.748998641967773,18.00474739074707,22915041.0
2021-12-01,18.229806900024414,19.477863311767578,18.1581974029541,18.9356746673584,43609195.0
2021-12-02,19.02774429321289,19.252803802490234,18.516246795654297,18.62877655029297,17081358.0
2021-12-03,19.078895568847656,19.897293090820312,18.945905685424805,19.017515182495117,28362011.0
2021-12-06,19.15050506591797,19.375564575195312,18.925445556640625,19.324413299560547,14147997.0
2021-12-07,19.897293090820312,20.183731079101562,19.702922821044922,19.754072189331055,18410785.0
2021-12-08,19.95867156982422,20.80776023864746,19.856372833251953,20.5008602142334,44473968.0
2021-12-09,20.7668399810791,22.30133628845215,20.582700729370117,21.462478637695312,45043203.0
2021-12-10,21.605697631835938,22.15811538696289,20.950979232788086,21.421558380126953,27772625.0
2021-12-13,21.442018508911133,21.93305778503418,21.11465835571289,21.25787925720215,21255378.0
2021-12-14,21.278339385986328,21.462478637695312,20.746379852294922,20.971439361572266,22883970.0
2021-12-15,21.17603874206543,22.11719512939453,21.11465835571289,21.360177993774414,29848482.0
2021-12-16,21.687538146972656,22.17857551574707,21.21695899963379,22.096736907958984,21854857.0
2021-12-17,22.608234405517578,23.22203254699707,19.897293090820312,19.897293090820312,22749605.0
2021-12-20,19.43694305419922,20.705459594726562,17.943368911743164,19.232345581054688,11670761.0
2021-12-21,20.05074119567871,20.28603172302246,17.442100524902344,17.902448654174805,8361793.0
2021-12-22,17.902448654174805,18.280956268310547,17.012441635131836,17.02267074584961,12701639.0
2021-12-23,17.595548629760742,17.8922176361084,16.408872604370117,16.899911880493164,9760707.0
2021-12-24,17.278419494628906,18.39348793029785,16.98175048828125,18.39348793029785,11989017.0
2021-12-27,18.39348793029785,18.82314682006836,17.943368911743164,17.98428726196289,11333805.0
2021-12-28,18.209346771240234,18.280956268310547,17.298879623413086,17.65692901611328,6547003.0
2021-12-29,17.54439926147461,18.270727157592773,17.17612075805664,18.04566764831543,9833464.0
2021-12-30,18.17865753173828,18.352567672729492,17.237499237060547,17.421640396118164,7712250.0
2021-12-31,17.595548629760742,17.96382713317871,17.227270126342773,17.380720138549805,6632047.0
2022-01-03,17.56485939025879,18.475326538085938,17.329570770263672,18.373027801513672,9580931.0
2022-01-04,18.7822265625,19.917753219604492,18.76176643371582,19.498323440551758,17896400.0
2022-01-05,19.477863311767578,20.541780471801758,19.28349494934082,20.296260833740234,12819352.0
2022-01-06,20.183731079101562,21.11465835571289,20.060972213745117,20.869140625,9740325.0
2022-01-07,21.25787925720215,21.360177993774414,20.21442222595215,20.664539337158203,9323545.0
2022-01-10,20.82822036743164,22.362716674804688,20.82822036743164,21.646617889404297,13957684.0
2022-01-11,22.055816650390625,22.26041603088379,21.15557861328125,21.605697631835938,11779872.0
2022-01-12,21.91259765625,21.994436264038086,21.319259643554688,21.339719772338867,8795900.0
2022-01-13,21.298799514770508,22.21949577331543,21.15557861328125,21.687538146972656,20328826.0
2022-01-14,21.707996368408203,22.096736907958984,21.278339385986328,21.564777374267578,10746110.0
2022-01-17,21.728456497192383,22.13765525817871,21.52385711669922,21.605697631835938,7981572.0
2022-01-18,21.564777374267578,21.585237503051758,19.641542434692383,20.03028106689453,9255168.0
2022-01-19,20.05074119567871,20.562240600585938,19.559703826904297,20.26557159423828,14522333.0
2022-01-20,20.644081115722656,20.84868049621582,19.621082305908203,20.234882354736328,12276951.0
2022-01-21,20.09166145324707,20.439481735229492,19.856372833251953,20.03028106689453,7120968.0
2022-01-24,20.09166145324707,20.316720962524414,18.454866409301758,18.485557556152344,13560058.0
2022-01-25,18.62877655029297,18.894756317138672,18.12750816345215,18.690156936645508,7584459.0
2022-01-26,18.70038604736328,20.204191207885742,18.70038604736328,19.907522201538086,12936752.0
2022-01-27,19.43694305419922,21.89213752746582,19.426713943481445,21.89213752746582,31668267.0
2022-01-28,22.014896392822266,23.140193939208984,21.646617889404297,21.87167739868164,30643587.0
2022-01-31,22.56731414794922,22.812833786010742,21.728456497192383,22.055816650390625,17999665.0
2022-02-01,22.342256546020508,22.403635025024414,21.380638122558594,21.646617889404297,8860709.0
2022-02-02,21.728456497192383,21.85121726989746,21.07373809814453,21.13511848449707,6829530.0
2022-02-03,21.07373809814453,21.462478637695312,20.48040008544922,20.684999465942383,7362098.0
2022-02-04,20.7668399810791,20.950979232788086,20.449710845947266,20.7668399810791,7302586.0
2022-02-07,20.746379852294922,21.482938766479492,20.2451114654541,21.421558380126953,12597352.0
2022-02-08,21.421558380126953,21.585237503051758,21.13511848449707,21.278339385986328,8876672.0
2022-02-09,21.503398895263672,22.403635025024414,21.442018508911133,22.076276779174805,13078776.0
2022-02-10,22.055816650390625,22.26041603088379,21.687538146972656,21.85121726989746,6923983.0
2022-02-11,21.748916625976562,22.17857551574707,21.17603874206543,22.014896392822266,9723913.0
2022-02-14,21.442018508911133,21.707996368408203,20.88960075378418,21.25787925720215,9745257.0
2022-02-15,21.360177993774414,22.096736907958984,21.19649887084961,22.096736907958984,10071011.0
2022-02-16,22.055816650390625,22.771913528442383,21.93305778503418,22.710535049438477,11090896.0
2022-02-17,22.751453399658203,23.099273681640625,22.076276779174805,22.096736907958984,18000950.0
2022-02-18,22.26041603088379,22.56731414794922,22.055816650390625,22.56731414794922,9097606.0
2022-02-21,22.730995178222656,23.32433319091797,22.26041603088379,22.505935668945312,13643303.0
2022-02-22,21.85121726989746,22.710535049438477,21.5443172454834,22.19903564453125,10042423.0
2022-02-23,22.424095153808594,22.792373657226562,21.89213752746582,21.89213752746582,14425505.0
2022-02-24,19.76430320739746,20.224651336669922,19.702922821044922,19.702922821044922,7702162.0
2022-02-25,19.84614372253418,21.09419822692871,18.884525299072266,20.562240600585938,21561405.0
2022-02-28,20.275802612304688,20.275802612304688,19.13004493713379,19.13004493713379,12513975.0
2022-03-01,19.43694305419922,19.917753219604492,18.076358795166016,18.434406280517578,24633081.0
2022-03-02,18.454866409301758,18.864065170288086,18.137737274169922,18.536706924438477,22787298.0
2022-03-03,18.80268669128418,18.864065170288086,18.373027801513672,18.58785629272461,13691480.0
2022-03-04,18.58785629272461,18.58785629272461,18.168428421020508,18.168428421020508,6911442.0
2022-03-07,17.881988525390625,17.881988525390625,17.04313087463379,17.452329635620117,23568205.0
2022-03-08,17.165889739990234,17.6364688873291,17.04313087463379,17.094280242919922,20990343.0
2022-03-09,17.390949249267578,18.06612777709961,17.390949249267578,17.67738914489746,22264516.0
2022-03-10,18.00474739074707,18.17865753173828,17.493249893188477,17.554628372192383,17199052.0
2022-03-11,17.595548629760742,18.4139461517334,17.50347900390625,18.270727157592773,19351194.0
2022-03-14,18.39348793029785,19.078895568847656,18.39348793029785,18.731075286865234,12633594.0
2022-03-15,18.731075286865234,19.181194305419922,18.434406280517578,19.017515182495117,17879342.0
2022-03-16,19.334644317626953,19.559703826904297,19.08912467956543,19.396024703979492,17762157.0
2022-03-17,19.641542434692383,19.774532318115234,19.426713943481445,19.518783569335938,8756843.0
2022-03-18,19.518783569335938,19.682462692260742,19.314184188842773,19.396024703979492,9243120.0
2022-03-21,19.549474716186523,19.63131332397461,19.334644317626953,19.43694305419922,7695222.0
2022-03-22,19.43694305419922,19.641542434692383,19.375564575195312,19.63131332397461,10746443.0
2022-03-23,19.74384307861328,20.05074119567871,19.477863311767578,19.74384307861328,15439501.0
2022-03-24,19.74384307861328,19.86660385131836,19.447174072265625,19.488094329833984,8286602.0
2022-03-25,19.498323440551758,19.65177345275879,19.467634201049805,19.529014587402344,6318405.0
2022-03-28,19.69269371032715,20.05074119567871,19.69269371032715,19.876832962036133,16101131.0
2022-03-29,19.999591827392578,21.626157760620117,19.999591827392578,21.13511848449707,34630920.0
2022-03-30,21.21695899963379,21.91259765625,20.78730010986328,21.89213752746582,16774109.0
2022-03-31,21.789836883544922,22.465015411376953,21.564777374267578,22.035356521606445,17990857.0
2022-04-01,22.096736907958984,22.505935668945312,21.707996368408203,21.89213752746582,9863816.0
2022-04-04,21.93305778503418,22.15811538696289,21.687538146972656,22.035356521606445,11198467.0
2022-04-05,22.13765525817871,22.690074920654297,21.93305778503418,22.21949577331543,20100458.0
2022-04-06,22.28087615966797,22.424095153808594,21.89213752746582,22.014896392822266,9167435.0
2022-04-07,22.13765525817871,22.26041603088379,21.95351791381836,22.19903564453125,7719024.0
2022-04-08,22.342256546020508,22.730995178222656,22.26041603088379,22.383176803588867,10981678.0
2022-04-11,22.383176803588867,24.34733009338379,22.23995590209961,24.01997184753418,28894750.0
2022-04-12,24.01997184753418,25.28848648071289,23.876750946044922,25.124807357788086,29893096.0
2022-04-13,25.165727615356445,25.67722511291504,24.429170608520508,24.9406681060791,19505945.0
2022-04-14,25.43170738220215,25.574926376342773,24.858827590942383,24.9406681060791,12774699.0
2022-04-15,24.98158836364746,25.554466247558594,24.817909240722656,25.06342887878418,8801921.0
2022-04-18,25.32940673828125,25.554466247558594,24.9406681060791,25.165727615356445,10159427.0
2022-04-19,25.26802635192871,26.188724517822266,25.24756622314453,25.881826400756836,26804133.0
2022-04-20,25.902284622192383,26.04550552368164,25.165727615356445,25.574926376342773,13092525.0
2022-04-21,25.615846633911133,26.495624542236328,25.41124725341797,26.39332389831543,13833030.0
2022-04-22,26.29102325439453,28.37793731689453,26.02504539489746,27.661840438842773,28191713.0
2022-04-25,27.702760696411133,27.845979690551758,26.41378402709961,26.659303665161133,20145458.0
2022-04-26,27.007122039794922,28.11195945739746,25.759065628051758,26.147804260253906,22983051.0
2022-04-27,26.45470428466797,27.293561935424805,25.738605499267578,27.211721420288086,17437640.0
2022-04-28,27.45724105834961,28.296098709106445,27.211721420288086,27.620920181274414,13217173.0
2022-04-29,27.620920181274414,28.09149932861328,27.15034294128418,27.35494041442871,13333816.0
2022-05-05,27.702760696411133,28.0710391998291,27.45724105834961,27.580001831054688,10924522.0
2022-05-06,27.580001831054688,27.600460052490234,26.843442916870117,27.273101806640625,9465569.0
2022-05-09,27.273101806640625,27.8050594329834,27.007122039794922,27.35494041442871,9939422.0
2022-05-10,27.49816131591797,27.600460052490234,26.925283432006836,27.15034294128418,2811523.0
2022-05-11,26.597923278808594,26.597923278808594,25.206647872924805,25.452167510986328,13720176.0
2022-05-12,25.452167510986328,25.493087768554688,24.36779022216797,25.452167510986328,14061227.0
2022-05-13,25.861366271972656,26.35240364074707,25.493087768554688,25.861366271972656,11324093.0
2022-05-16,25.861366271972656,26.37286376953125,25.67722511291504,25.922744750976562,7986239.0
2022-05-17,26.00458526611328,26.74114227294922,25.820446014404297,26.597923278808594,9413775.0
2022-05-18,26.597923278808594,27.41632080078125,26.127344131469727,27.170801162719727,10398035.0
2022-05-20,27.191261291503906,27.41632080078125,26.945741653442383,26.945741653442383,5580406.0
2022-05-23,27.191261291503906,27.37540054321289,26.536544799804688,26.986661911010742,6200687.0
2022-05-24,26.986661911010742,27.252641677856445,26.37286376953125,26.47516441345215,4415310.0
2022-05-25,26.577463150024414,26.863903045654297,26.250104904174805,26.7616024017334,4542490.0
2022-05-26,26.7616024017334,27.33448028564453,26.74114227294922,27.191261291503906,8086044.0
2022-05-27,27.273101806640625,27.825519561767578,27.191261291503906,27.41632080078125,8884341.0
2022-05-30,27.825519561767578,30.076114654541016,27.78459930419922,29.58507537841797,23028193.0
2022-05-31,29.769214630126953,29.932893753051758,28.664377212524414,29.19633674621582,11070960.0
2022-06-01,29.216796875,29.56461524963379,28.82805633544922,28.950817108154297,6615937.0
2022-06-02,29.032657623291016,29.60553550720215,28.80759620666504,29.278175354003906,7617763.0
2022-06-03,29.360015869140625,29.52369499206543,28.643917083740234,28.643917083740234,5143675.0
2022-06-06,28.950817108154297,29.973814010620117,28.950817108154297,29.789674758911133,12027517.0
2022-06-07,30.1579532623291,32.38808822631836,29.666915893554688,32.30624771118164,17289428.0
2022-06-08,32.96096420288086,34.47500228881836,31.712909698486328,31.876588821411133,19993170.0
2022-06-09,32.490386962890625,35.04787826538086,32.01980972290039,35.04787826538086,18937815.0
2022-06-10,35.04787826538086,36.43915557861328,34.249942779541016,34.249942779541016,37532042.0
2022-06-13,34.290863037109375,35.45707702636719,33.75890350341797,33.902122497558594,17462039.0
2022-06-14,34.37269973754883,34.72052001953125,33.452003479003906,34.12718200683594,11368639.0
2022-06-15,34.1681022644043,35.41615676879883,33.145103454589844,35.232017517089844,20626789.0
2022-06-16,35.293399810791016,36.09133529663086,34.84328079223633,35.41615676879883,16380129.0
2022-06-17,35.579837799072266,35.661678314208984,34.51592254638672,35.334320068359375,14210299.0
2022-06-20,36.009498596191406,38.4033088684082,35.45707702636719,38.17824935913086,21232675.0
2022-06-21,38.19871139526367,39.89688491821289,37.789512634277344,38.15779113769531,20028214.0
2022-06-22,38.26008987426758,39.20124816894531,38.05549240112305,38.362388610839844,14082669.0
2022-06-23,38.44422912597656,38.710208892822266,37.15525436401367,37.15525436401367,9926338.0
2022-06-24,37.44169235229492,37.93273162841797,35.64121627807617,37.564453125,17660812.0
2022-06-27,37.339393615722656,37.339393615722656,37.339393615722656,37.339393615722656,47507.0
2022-06-28,38.464691162109375,38.54652786254883,36.09133529663086,36.11179733276367,9863473.0
2022-06-29,36.21409606933594,36.295936584472656,34.39316177368164,34.39316177368164,10680338.0
2022-06-30,34.41361999511719,35.55937957763672,33.779361724853516,34.98649978637695,11605473.0
2022-07-01,35.37523651123047,37.707672119140625,35.15018081665039,37.64629364013672,13346758.0
2022-07-04,38.26008987426758,38.60791015625,36.52099609375,36.93019485473633,9248618.0
2022-07-05,37.01203536987305,37.23709487915039,35.60029983520508,36.3163948059082,10556882.0
2022-07-06,36.52099609375,38.096412658691406,36.336856842041016,37.564453125,11219352.0
2022-07-07,37.625831604003906,37.994110107421875,36.88927459716797,37.01203536987305,7592255.0
2022-07-08,37.13479232788086,37.50307083129883,36.705135345458984,36.72559356689453,3555870.0
2022-07-13,37.032493591308594,37.89181137084961,36.35731506347656,36.72559356689453,9461366.0
2022-07-14,36.746055603027344,37.11433410644531,35.825355529785156,36.13225555419922,7180118.0
2022-07-18,36.68467330932617,37.21663284301758,36.35731506347656,37.032493591308594,7782583.0
2022-07-19,37.032493591308594,38.01457214355469,36.868812561035156,37.912269592285156,10348270.0
2022-07-20,38.19871139526367,38.56698989868164,37.380313873291016,37.64629364013672,7962515.0
2022-07-21,37.64629364013672,37.666751861572266,36.0504150390625,36.35731506347656,14971347.0
2022-07-22,36.60283660888672,36.705135345458984,34.72052001953125,34.781898498535156,15069089.0
2022-07-25,34.822818756103516,35.39569854736328,33.47246551513672,34.51592254638672,15977885.0
2022-07-26,34.88420104980469,34.92512130737305,33.820281982421875,33.9635009765625,8243420.0
2022-07-27,34.04534149169922,34.495460510253906,33.88166427612305,34.06580352783203,6643885.0
2022-07-28,34.33177947998047,35.02742004394531,33.9635009765625,34.2294807434082,7357406.0
2022-07-29,34.39316177368164,34.41361999511719,34.00442123413086,34.35224151611328,6009484.0
2022-08-01,34.55684280395508,35.06834030151367,34.41361999511719,34.966041564941406,7248583.0
2022-08-02,35.232017517089844,35.72305679321289,34.67959976196289,35.06834030151367,11597203.0
2022-08-03,35.252479553222656,36.275474548339844,35.17063903808594,35.49799728393555,11991163.0
2022-08-04,35.80489730834961,35.989036560058594,35.45707702636719,35.55937957763672,8650767.0
2022-08-05,35.702598571777344,36.295936584472656,35.45707702636719,35.866275787353516,10620592.0
2022-08-08,36.07087707519531,36.275474548339844,35.4775390625,36.009498596191406,7314282.0
2022-08-09,36.15271759033203,37.68721389770508,36.07087707519531,36.72559356689453,18199397.0
2022-08-10,36.7869758605957,37.01203536987305,35.948116302490234,36.52099609375,9230627.0
2022-08-11,37.11433410644531,37.40077209472656,36.623294830322266,37.15525436401367,11126718.0
2022-08-12,37.23709487915039,37.48261260986328,36.50053405761719,36.60283660888672,9561689.0
2022-08-15,36.84835433959961,37.40077209472656,36.52099609375,37.40077209472656,9749553.0
2022-08-16,38.464691162109375,40.71528244018555,38.26008987426758,40.510684967041016,39626740.0
2022-08-17,40.919883728027344,43.6205940246582,40.121944427490234,43.313697814941406,21285520.0
2022-08-18,43.313697814941406,44.47991180419922,42.37253952026367,44.47991180419922,18648489.0
2022-08-19,45.011871337890625,46.137168884277344,43.66151428222656,43.66151428222656,13775611.0
2022-08-22,43.43645477294922,44.336692810058594,42.843116760253906,43.15001678466797,8080218.0
2022-08-23,43.170475006103516,43.78427505493164,42.29069900512695,42.37253952026367,9228032.0
2022-08-24,42.39299774169922,43.84565353393555,41.492759704589844,41.492759704589844,21077645.0
2022-08-25,41.86103820800781,42.72035598754883,41.43138122558594,42.43391799926758,8863827.0
2022-08-26,42.65897750854492,42.76127624511719,40.94034194946289,41.69736099243164,10005390.0
2022-08-29,41.73828125,41.90195846557617,41.083560943603516,41.90195846557617,6432584.0
2022-08-31,42.65897750854492,43.600135803222656,42.249778747558594,42.69989776611328,14682739.0
2022-09-01,42.65897750854492,43.681976318359375,41.124481201171875,42.14748001098633,11974105.0
2022-09-02,42.35207748413086,43.06817626953125,42.0451774597168,42.43391799926758,8089949.0
2022-09-05,42.76127624511719,45.400611877441406,42.76127624511719,44.52083206176758,16596367.0
2022-09-06,44.70497131347656,45.93256759643555,43.170475006103516,44.88911056518555,15394633.0
2022-09-07,44.88911056518555,48.899261474609375,44.6026725769043,47.7944221496582,24487279.0
2022-09-08,48.36730194091797,51.845489501953125,48.08086013793945,49.758575439453125,22962890.0
2022-09-09,49.77903747558594,51.272613525390625,49.3493766784668,49.3493766784668,13835225.0
2022-09-12,49.8199577331543,53.66642761230469,49.8199577331543,51.66135025024414,14838190.0
2022-09-13,52.070552825927734,54.46436309814453,49.103858947753906,49.103858947753906,20282360.0
2022-09-14,49.16523742675781,51.62043380737305,46.710044860839844,51.49767303466797,12198720.0
2022-09-15,51.76365280151367,52.80710983276367,51.04755401611328,52.4388313293457,12348691.0
2022-09-16,52.4388313293457,54.321144104003906,52.13193130493164,52.58205032348633,12077923.0
2022-09-19,53.19584655761719,53.318607330322266,49.49259948730469,49.513057708740234,5908003.0
2022-09-20,49.6153564453125,52.54113006591797,49.6153564453125,50.37237548828125,11565248.0
2022-09-21,50.433753967285156,50.78157424926758,46.54636764526367,48.715118408203125,17188059.0
2022-09-22,48.715118408203125,50.433753967285156,47.773963928222656,49.63581848144531,11049855.0
2022-09-23,50.61789321899414,53.727806091308594,50.61789321899414,52.00917053222656,15953095.0
2022-09-26,52.00917053222656,52.070552825927734,49.942718505859375,50.53605651855469,8804507.0
2022-09-27,51.231693267822266,52.05009078979492,49.49259948730469,49.73811721801758,11207045.0
2022-09-28,49.41075897216797,50.20869445800781,48.12178039550781,49.20615768432617,8964810.0
2022-09-29,49.41075897216797,50.433753967285156,46.95556640625,48.53097915649414,10929860.0
2022-09-30,48.940181732177734,49.16523742675781,47.24200439453125,48.73558044433594,7638946.0
2022-10-03,49.41075897216797,52.47975158691406,49.226619720458984,51.927330017089844,16797242.0
2022-10-04,52.47975158691406,56.28529739379883,52.029632568359375,55.95793914794922,23610512.0
2022-10-05,56.67403793334961,57.778873443603516,55.95793914794922,57.205997467041016,14910091.0
2022-10-06,57.615196228027344,57.63565444946289,55.63058090209961,56.0806999206543,12688266.0
2022-10-07,56.30575942993164,56.67403793334961,54.85310363769531,55.42597961425781,9238579.0
2022-10-10,55.85564041137695,56.162540435791016,54.38252258300781,55.160003662109375,12339028.0
2022-10-11,55.54874038696289,56.03977966308594,53.87102508544922,53.91194534301758,9597280.0
2022-10-12,53.932403564453125,55.487361907958984,53.4822883605957,54.34160232543945,17498622.0
2022-10-13,54.42344284057617,56.3466796875,54.402984619140625,56.019317626953125,18996227.0
2022-10-14,57.88117218017578,59.84532928466797,57.103694915771484,59.08831024169922,24160127.0
2022-10-17,59.7430305480957,64.81709289550781,59.620269775390625,64.53065490722656,22285796.0
2022-10-18,66.18791198730469,66.39250946044922,62.89385986328125,63.425819396972656,16452065.0
2022-10-19,63.9577751159668,65.90147399902344,63.63041687011719,65.53319549560547,12847773.0
2022-10-20,65.63549041748047,68.70448303222656,65.10353088378906,67.57918548583984,15305615.0
2022-10-21,67.72240447998047,69.62518310546875,67.02677154541016,67.21090698242188,12166471.0
2022-10-24,68.09068298339844,68.54080200195312,65.92192840576172,66.55619049072266,14263486.0
2022-10-25,66.78125,67.33366394042969,65.47180938720703,65.47180938720703,14296311.0
2022-10-26,65.88101196289062,67.927001953125,65.75825500488281,66.41297149658203,12764068.0
2022-10-27,66.55619049072266,66.92446899414062,64.796630859375,66.29020690917969,10871521.0
2022-10-28,66.2697525024414,66.33113098144531,63.67133712768555,64.81709289550781,4954603.0
2022-10-31,65.06261444091797,66.65848541259766,64.24421691894531,65.51273345947266,14680863.0
2022-11-01,66.29020690917969,67.43596649169922,66.08560943603516,67.19044494628906,12410729.0
2022-11-02,67.19044494628906,67.33366394042969,65.61502838134766,65.69686889648438,9289464.0
2022-11-03,66.29020690917969,72.26451110839844,66.14698791503906,71.71209716796875,22145038.0
2022-11-04,71.75301361083984,72.69417572021484,70.30036163330078,71.40519714355469,20768334.0
2022-11-07,72.6327896118164,73.81946563720703,71.79393768310547,73.51256561279297,15472932.0
2022-11-08,74.06498718261719,79.67101287841797,73.06245422363281,77.7477798461914,24195289.0
2022-11-09,77.7477798461914,81.65562438964844,77.39995574951172,79.99836730957031,20447707.0
2022-11-10,80.59170532226562,80.95999145507812,78.40249633789062,79.03675079345703,22763217.0
2022-11-11,79.99836730957031,80.95999145507812,77.52272033691406,77.82962036132812,21992848.0
2022-11-14,76.66339874267578,77.7477798461914,74.92430877685547,76.8066177368164,18917805.0
2022-11-15,77.7886962890625,80.01882934570312,77.44087982177734,77.7477798461914,17716033.0
2022-11-16,77.7477798461914,78.58663177490234,74.88338470458984,75.1902847290039,14169405.0
2022-11-17,75.1902847290039,78.27973937988281,71.44611358642578,76.2337417602539,11835913.0
2022-11-18,73.0419921875,75.57902526855469,68.29528045654297,70.85277557373047,65345284.0
2022-11-21,70.85277557373047,72.6327896118164,68.84770202636719,69.60472106933594,30076170.0
2022-11-22,70.13668060302734,70.75048065185547,68.74539947509766,70.68909454345703,45571772.0
2022-11-23,72.6327896118164,75.45626068115234,72.5304946899414,74.98568725585938,47144118.0
2022-11-24,76.1109848022461,77.2567367553711,75.1698226928711,75.86546325683594,22063337.0
2022-11-25,75.96776580810547,78.15697479248047,74.37188720703125,77.91145324707031,22447747.0
2022-11-28,79.03675079345703,79.302734375,76.94983673095703,77.29766082763672,23608615.0
2022-11-29,78.15697479248047,79.32319641113281,77.03167724609375,79.07767486572266,21141819.0
2022-11-30,79.8142318725586,81.41011047363281,78.8935317993164,80.20297241210938,21233462.0
2022-12-01,81.24642944335938,84.25403594970703,80.93952941894531,83.4765625,30077422.0
2022-12-02,84.09036254882812,85.33841705322266,82.86276245117188,84.60186004638672,23496425.0
2022-12-05,85.46117401123047,91.45594024658203,82.4740219116211,88.36648559570312,36238588.0
2022-12-06,88.36648559570312,88.7552261352539,85.48163604736328,86.5455551147461,16636098.0
2022-12-07,86.709228515625,89.2667236328125,83.27196502685547,85.68623352050781,20061161.0
2022-12-08,85.70669555664062,87.1388931274414,84.1108169555664,85.27703857421875,16015343.0
2022-12-09,85.54301452636719,90.02374267578125,84.92921447753906,90.02374267578125,16503683.0
2022-12-12,90.43293762207031,98.39186096191406,90.43293762207031,96.95966339111328,18482711.0
2022-12-13,98.20771789550781,100.82659149169922,96.44816589355469,96.5709228515625,21311502.0
2022-12-14,96.9801254272461,99.43531799316406,94.11573028564453,96.16172790527344,20148439.0
2022-12-15,98.20771789550781,99.35347747802734,93.3996353149414,95.20010375976562,20447761.0
2022-12-16,96.34586334228516,96.69367980957031,94.5249252319336,94.70906829833984,3351456.0
2022-12-19,96.12080383300781,99.98773193359375,96.12080383300781,99.41485595703125,19047165.0
2022-12-20,99.61945343017578,105.3277816772461,99.61945343017578,104.18202209472656,26953263.0
2022-12-21,104.93904113769531,105.9620361328125,102.91350555419922,103.73190307617188,16129591.0
2022-12-22,104.59122467041016,105.57329559326172,100.49922943115234,101.68590545654297,16009014.0
2022-12-23,102.50431060791016,102.95442199707031,101.03118896484375,101.95188903808594,10440479.0
2022-12-26,103.01580810546875,104.07971954345703,102.42247009277344,103.01580810546875,8080414.0
2022-12-27,103.3636245727539,105.08226013183594,101.93142700195312,103.17948150634766,13382447.0
2022-12-28,103.3636245727539,103.38408660888672,97.79852294921875,99.43531799316406,17897812.0
2022-12-29,99.53761291503906,99.92635345458984,96.77552032470703,98.33048248291016,17247361.0
2022-12-30,99.21025848388672,100.7856674194336,97.90081787109375,98.20771789550781,16579719.0
2023-01-02,99.0670394897461,103.17948150634766,98.82151794433594,103.09764862060547,15829654.0
2023-01-03,103.65006256103516,104.05926513671875,100.76521301269531,100.8061294555664,19450031.0
2023-01-04,101.13349151611328,102.1974105834961,98.6169204711914,98.88289642333984,16245188.0
2023-01-05,99.43531799316406,100.96981048583984,96.01850128173828,97.69622039794922,19243994.0
2023-01-06,93.09273529052734,99.04657745361328,90.00328063964844,97.88036346435547,19543281.0
2023-01-09,98.94427490234375,100.25371551513672,94.4430923461914,95.89574432373047,16012284.0
2023-01-10,95.85482788085938,96.100341796875,91.57869720458984,93.05181121826172,13990020.0
2023-01-11,93.62469482421875,95.87528228759766,87.56855010986328,87.56855010986328,17146344.0
2023-01-12,90.45339965820312,92.47893524169922,85.93175506591797,91.94697570800781,20795391.0
2023-01-13,91.94697570800781,97.59391784667969,91.08766174316406,95.5888442993164,18071175.0
2023-01-16,96.12080383300781,101.05165100097656,95.056884765625,100.6833724975586,15755484.0
2023-01-17,100.7447509765625,103.2408676147461,99.53761291503906,102.99534606933594,15503578.0
2023-01-18,103.42500305175781,106.39169311523438,103.26132202148438,105.57329559326172,18628430.0
2023-01-19,105.36869812011719,108.92872619628906,104.65260314941406,107.82389068603516,21834935.0
2023-01-20,107.9875717163086,108.47860717773438,105.53237915039062,106.80089569091797,10350958.0
2023-01-23,108.02848815917969,110.25862121582031,105.4505386352539,106.9441146850586,13353386.0
2023-01-24,106.90319061279297,108.23309326171875,103.13856506347656,105.67559814453125,14798869.0
2023-01-25,106.80089569091797,109.46068572998047,102.81120300292969,109.35839080810547,25833700.0
2023-01-26,109.37884521484375,114.06417083740234,106.59629821777344,112.36599731445312,24314668.0
2023-01-27,111.50668334960938,112.26370239257812,108.02848815917969,111.22024536132812,21196868.0
2023-01-30,111.36346435546875,111.67035675048828,104.16156005859375,104.16156005859375,15429936.0
2023-01-31,103.73190307617188,105.02088165283203,99.6399154663086,101.09256744384766,18163424.0
2023-02-01,101.50177001953125,103.69098663330078,98.78059387207031,98.88289642333984,17429067.0
2023-02-02,98.90335845947266,102.58614349365234,90.73983764648438,99.61945343017578,27161739.0
2023-02-03,99.6603775024414,108.35585021972656,98.73967742919922,107.5169906616211,17961840.0
2023-02-06,102.2997055053711,106.28939819335938,100.76521301269531,104.26386260986328,3949546.0
2023-02-07,103.91604614257812,103.91604614257812,93.8497543334961,93.8497543334961,12771058.0
2023-02-08,85.89083099365234,85.89083099365234,85.89083099365234,85.89083099365234,2443.0
2023-02-15,102.70890808105469,103.22040557861328,99.84451293945312,103.22040557861328,13116137.0
2023-02-16,108.5809097290039,109.80850219726562,95.77298736572266,98.33048248291016,32876037.0
2023-02-17,98.33048248291016,100.19232940673828,95.26148986816406,96.95966339111328,13312388.0
2023-02-20,96.9801254272461,100.39693450927734,95.34333038330078,99.45577239990234,13737688.0
2023-02-21,98.86243438720703,99.6399154663086,96.16172790527344,96.16172790527344,10420694.0
2023-02-22,96.22310638427734,98.10541534423828,95.85482788085938,96.36632537841797,9045411.0
2023-02-23,96.36632537841797,98.92382049560547,95.95712280273438,96.30494689941406,7950008.0
2023-02-24,96.5095443725586,98.0849609375,96.14126586914062,97.43024444580078,7507308.0
2023-02-27,97.63484191894531,101.7882080078125,95.24102783203125,101.46085357666016,14123075.0
2023-02-28,101.95188903808594,104.36615753173828,101.89051055908203,103.91604614257812,30244905.0
2023-03-01,103.11810302734375,104.63214111328125,102.07464599609375,102.70890808105469,11207510.0
2023-03-02,102.64752960205078,103.05672454833984,100.7038345336914,100.99027252197266,6812443.0
2023-03-03,100.96981048583984,101.70636749267578,95.9366683959961,98.73967742919922,10985192.0
2023-03-06,99.53761291503906,102.56568908691406,98.82151794433594,101.80867004394531,9685404.0
2023-03-07,105.24594116210938,108.4581527709961,103.8137435913086,106.51445770263672,25663196.0
2023-03-08,106.28939819335938,108.33538818359375,104.46846008300781,104.95950317382812,12998253.0
2023-03-09,105.57329559326172,107.5169906616211,105.16410064697266,105.57329559326172,10153313.0
2023-03-10,105.55284118652344,106.51445770263672,103.52730560302734,103.52730560302734,7775779.0
2023-03-13,103.73190307617188,104.26386260986328,101.7882080078125,103.09764862060547,6938470.0
2023-03-14,103.2408676147461,103.58868408203125,98.94427490234375,98.94427490234375,6771876.0
2023-03-15,99.08749389648438,101.52223205566406,98.6987533569336,100.82659149169922,8189397.0
2023-03-16,100.88796997070312,101.7882080078125,99.31255340576172,101.56314849853516,7308755.0
2023-03-17,102.40200805664062,103.8137435913086,100.96981048583984,102.81120300292969,9666963.0
2023-03-20,102.2997055053711,103.52730560302734,98.39186096191406,98.49415588378906,8084808.0
2023-03-21,98.51461791992188,99.98773193359375,95.75252532958984,97.36885833740234,8066372.0
2023-03-22,97.63484191894531,98.90335845947266,97.00057983398438,98.45323944091797,5877739.0
2023-03-23,98.7192153930664,99.96727752685547,97.88036346435547,99.25117492675781,5336183.0
2023-03-24,99.43531799316406,100.54015350341797,97.5734634399414,99.04657745361328,5900662.0
2023-03-27,99.6399154663086,100.04911041259766,96.6118392944336,96.6118392944336,4334132.0
2023-03-28,96.67322540283203,96.83690643310547,92.47893524169922,92.68353271484375,7235372.0
2023-03-29,92.68353271484375,95.28194427490234,90.45339965820312,94.9955062866211,7781038.0
2023-03-30,95.056884765625,95.44562530517578,93.29733276367188,94.62722778320312,6328410.0
2023-03-31,94.11573028564453,94.11573028564453,92.11065673828125,92.68353271484375,4546533.0
2023-04-03,92.70399475097656,94.64768981933594,89.2667236328125,93.42008972167969,8333850.0
2023-04-04,93.56330871582031,98.41231536865234,93.01089477539062,97.83943939208984,8531857.0
2023-04-05,99.230712890625,101.56314849853516,98.57599639892578,99.1693344116211,11448238.0
2023-04-06,99.14887237548828,101.35855102539062,98.6169204711914,99.72175598144531,6890728.0
2023-04-07,99.72175598144531,100.51969146728516,99.27163696289062,99.86497497558594,3373905.0
2023-04-10,100.56061553955078,103.32270050048828,100.33555603027344,102.97488403320312,7990917.0
2023-04-11,103.75236511230469,104.12064361572266,102.42247009277344,103.05672454833984,6428723.0
2023-04-12,103.32270050048828,104.59122467041016,102.68844604492188,103.2408676147461,7123353.0
2023-04-13,103.9365005493164,105.88019561767578,103.11810302734375,103.60914611816406,9542475.0
2023-04-14,103.91604614257812,103.91604614257812,101.33808898925781,101.66545104980469,5735568.0
2023-04-17,102.2997055053711,102.361083984375,99.230712890625,99.92635345458984,5657953.0
2023-04-18,99.92635345458984,101.03118896484375,98.90335845947266,99.6399154663086,4268658.0
2023-04-19,99.6399154663086,100.04911041259766,97.88036346435547,98.5964584350586,4748493.0
2023-04-20,98.55553436279297,99.1693344116211,97.63484191894531,98.6169204711914,1600884.0
2023-04-24,98.82151794433594,99.7422103881836,98.43277740478516,98.67829895019531,4077020.0
2023-04-25,98.80105590820312,98.88289642333984,95.67068481445312,96.36632537841797,4436601.0
2023-04-26,96.36632537841797,97.18472290039062,93.09273529052734,94.17710876464844,7170514.0
2023-04-27,94.17710876464844,94.64768981933594,91.80375671386719,92.47893524169922,7683330.0
2023-04-28,92.3357162475586,93.15411376953125,89.40994262695312,90.78076171875,6275477.0
2023-05-02,90.883056640625,91.45594024658203,87.97774505615234,88.61200714111328,5940437.0
2023-05-03,89.00074768066406,89.59408569335938,85.0519790649414,86.48416900634766,7028729.0
2023-05-04,86.48416900634766,90.51477813720703,86.27957153320312,88.81660461425781,6110227.0
2023-05-05,88.83706665039062,90.43293762207031,87.60946655273438,89.59408569335938,4330681.0
2023-05-08,90.8421401977539,92.31525421142578,86.34095001220703,91.64007568359375,5136114.0
2023-05-09,91.64007568359375,93.07227325439453,87.93682861328125,87.97774505615234,7500490.0
2023-05-10,88.796142578125,89.00074768066406,86.709228515625,86.81153106689453,4571728.0
2023-05-11,86.17727661132812,94.19757080078125,85.82945251464844,92.70399475097656,15276246.0
2023-05-12,92.88813018798828,93.78836822509766,87.62992858886719,88.7552261352539,10708476.0
2023-05-15,83.88575744628906,89.3281021118164,82.45356750488281,82.98551940917969,7882867.0
2023-05-16,83.4765625,89.71684265136719,83.4765625,88.85752868652344,13238107.0
2023-05-17,89.08258819580078,91.45594024658203,88.81660461425781,90.3101806640625,9122225.0
2023-05-18,90.22834014892578,90.73983764648438,86.17727661132812,86.5455551147461,6773113.0
2023-05-22,87.34349060058594,88.34602355957031,84.49955749511719,85.29749298095703,8842195.0
2023-05-23,85.31795501708984,86.01359558105469,84.49955749511719,84.49955749511719,4140764.0
2023-05-24,84.60186004638672,85.35887908935547,83.16966247558594,83.16966247558594,4000397.0
2023-05-25,83.33334350585938,84.90876007080078,82.65816497802734,83.16966247558594,4603468.0
2023-05-26,83.37425994873047,89.71684265136719,83.37425994873047,88.48925018310547,9578248.0
2023-05-29,90.8216781616211,94.50447082519531,90.8216781616211,93.05181121826172,9176746.0
2023-05-30,94.5249252319336,96.73460388183594,93.27687072753906,95.13872528076172,9616288.0
2023-05-31,95.09780883789062,96.44816589355469,92.58123779296875,93.87020874023438,10488392.0
2023-06-01,94.29987335205078,96.12080383300781,94.15664672851562,94.85228729248047,8003400.0
2023-06-02,96.93920135498047,98.5964584350586,95.9366683959961,98.0235824584961,10045781.0
2023-06-05,100.82659149169922,107.74205017089844,100.82659149169922,106.90319061279297,19305675.0
2023-06-06,106.90319061279297,108.64228820800781,105.22547912597656,107.80342864990234,13378420.0
2023-06-07,110.34046173095703,114.75981140136719,110.32000732421875,111.81358337402344,12368349.0
2023-06-08,111.7112808227539,112.59105682373047,108.94918823242188,110.77012634277344,8122701.0
2023-06-09,112.2227783203125,119.19961547851562,110.0949478149414,118.70858001708984,17633628.0
2023-06-12,119.11778259277344,127.85417175292969,118.97456359863281,121.92079162597656,22039461.0
2023-06-13,121.90032958984375,121.92079162597656,116.00786590576172,117.03086853027344,12629899.0
2023-06-14,117.03086853027344,120.01802062988281,115.3122329711914,117.17408752441406,13400033.0
2023-06-15,117.70603942871094,121.041015625,117.17408752441406,120.099853515625,13841310.0
2023-06-16,120.48859405517578,122.98471069335938,119.69065856933594,120.5704345703125,9091912.0
2023-06-19,120.5704345703125,123.84402465820312,116.04878997802734,116.04878997802734,14124273.0
2023-06-20,115.80326843261719,116.41706848144531,112.44783782958984,113.14347839355469,10121050.0
2023-06-21,113.6754379272461,115.47590637207031,111.83403778076172,113.08209228515625,7360387.0
2023-06-22,113.2253189086914,121.85941314697266,112.6319808959961,121.71619415283203,15427742.0
2023-06-23,124.273681640625,125.317138671875,120.5090560913086,123.45528411865234,10985212.0
2023-06-26,123.53712463378906,126.40151977539062,123.53712463378906,125.13300323486328,10656310.0
2023-06-27,125.11254119873047,126.23783874511719,123.90540313720703,126.23783874511719,3221402.0
2023-07-03,130.96408081054688,136.6724090576172,130.94361877441406,134.52410888671875,14396878.0
2023-07-04,134.52410888671875,134.97422790527344,131.06639099121094,132.1712188720703,12084863.0
2023-07-05,132.9896240234375,136.5701141357422,130.329833984375,136.48826599121094,13259871.0
2023-07-06,136.95884704589844,140.8462371826172,136.7747039794922,137.49081420898438,10628148.0
2023-07-07,137.44989013671875,140.33473205566406,136.07907104492188,139.65956115722656,9281316.0
2023-07-10,141.17359924316406,141.19406127929688,137.3885040283203,138.4319610595703,10178543.0
2023-07-11,141.0917510986328,141.15313720703125,137.32713317871094,138.84115600585938,6721534.0
2023-07-12,138.92300415039062,139.1276092529297,135.89492797851562,136.01768493652344,6840997.0
2023-07-13,138.51380920410156,142.2579803466797,137.90000915527344,141.84877014160156,15717390.0
2023-07-14,144.24258422851562,148.00721740722656,143.894775390625,145.67478942871094,14877598.0
2023-07-17,145.7156982421875,147.90492248535156,144.6722412109375,146.49317932128906,8802332.0
2023-07-18,146.69778442382812,147.7207794189453,143.5060272216797,143.71063232421875,10928608.0
2023-07-19,143.6492462158203,151.13758850097656,142.4011993408203,149.7053985595703,14494274.0
2023-07-20,150.17596435546875,153.08128356933594,149.35757446289062,151.403564453125,11345271.0
2023-07-21,151.403564453125,153.06082153320312,149.6849365234375,152.9380645751953,8216484.0
2023-07-24,152.97898864746094,157.39833068847656,151.3217315673828,154.9840545654297,9899353.0
2023-07-25,154.96359252929688,156.86636352539062,152.4265594482422,154.67715454101562,8847561.0
2023-07-26,153.44955444335938,160.38548278808594,153.0403594970703,159.751220703125,8935137.0
2023-07-27,160.5696258544922,166.74851989746094,159.1988067626953,166.74851989746094,10144031.0
2023-07-28,166.953125,179.04495239257812,166.953125,174.97341918945312,11575116.0
2023-07-31,174.99388122558594,177.30584716796875,172.02719116210938,172.3954620361328,10604732.0
2023-08-01,172.3954620361328,173.6639862060547,166.5643768310547,168.16026306152344,11379108.0
2023-08-02,168.16026306152344,170.84051513671875,166.72805786132812,167.9761199951172,10508988.0
2023-08-03,168.5489959716797,171.6179962158203,166.89173889160156,167.5055389404297,10519790.0
2023-08-04,167.77151489257812,172.47731018066406,167.09634399414062,171.86351013183594,12000953.0
2023-08-07,173.316162109375,188.25192260742188,173.316162109375,188.23146057128906,14989339.0
2023-08-08,188.64065551757812,193.44874572753906,185.6125946044922,188.8452606201172,12320665.0
2023-08-09,188.8452606201172,191.27999877929688,183.48475646972656,187.822265625,11748010.0
2023-08-10,188.43606567382812,199.3207550048828,188.43606567382812,190.42066955566406,16000695.0
2023-08-11,190.4820556640625,197.02923583984375,189.68411254882812,195.5970458984375,10588241.0
2023-08-14,198.46142578125,200.40512084960938,192.32345581054688,192.32345581054688,14027557.0
2023-08-15,199.48443603515625,199.8936309814453,185.46937561035156,188.5178985595703,16145813.0
2023-08-16,188.64065551757812,189.68411254882812,183.44383239746094,184.8146514892578,10166539.0
2023-08-17,184.97833251953125,194.98324584960938,184.36453247070312,193.7147216796875,11898939.0
2023-08-18,194.7786407470703,195.7811737060547,183.01417541503906,184.1190185546875,10215122.0
2023-08-21,183.5256805419922,188.57928466796875,180.0474853515625,187.71995544433594,10586770.0
2023-08-22,188.23146057128906,190.4820556640625,182.91188049316406,184.65097045898438,9162396.0
2023-08-23,185.837646484375,185.98086547851562,173.7049102783203,173.7049102783203,12435157.0
2023-08-24,174.68698120117188,180.6408233642578,168.5899200439453,169.2650909423828,14978376.0
2023-08-25,170.02210998535156,176.97850036621094,163.3521728515625,174.2368621826172,19148901.0
2023-08-28,175.34170532226562,183.70980834960938,175.34170532226562,182.502685546875,12174169.0
2023-08-29,182.64590454101562,183.5256805419922,177.06033325195312,178.6562042236328,6583972.0
2023-08-31,182.91188049316406,182.91188049316406,175.68951416015625,179.0040283203125,7058920.0
2023-09-01,179.0244903564453,183.50521850585938,175.198486328125,182.42083740234375,9669631.0
2023-09-04,184.05763244628906,187.4539794921875,180.66128540039062,182.7277374267578,10003097.0
2023-09-05,182.7277374267578,185.44891357421875,177.67413330078125,179.67919921875,9626889.0
2023-09-06,179.65875244140625,180.1293182373047,177.10125732421875,177.9810333251953,8539472.0
2023-09-07,177.9810333251953,178.533447265625,174.54376220703125,176.75343322753906,7481370.0
2023-09-08,177.67413330078125,180.70220947265625,173.50030517578125,173.50030517578125,10389555.0
2023-09-11,174.1345672607422,174.7279052734375,169.8379669189453,169.8379669189453,7174311.0
2023-09-12,170.43130493164062,175.9554901123047,169.5310821533203,171.2497100830078,9656503.0
2023-09-13,172.47731018066406,175.3212432861328,169.34693908691406,171.7816619873047,8788412.0
2023-09-14,172.92742919921875,174.31869506835938,167.26002502441406,174.31869506835938,8902967.0
2023-09-15,172.55914306640625,172.55914306640625,164.3137969970703,164.3137969970703,13645899.0
2023-09-18,164.12965393066406,164.43655395507812,155.16819763183594,155.16819763183594,10561217.0
2023-09-19,155.7001495361328,158.66683959960938,152.01736450195312,154.14520263671875,10836565.0
2023-09-20,159.58753967285156,161.42893981933594,154.24749755859375,154.47256469726562,13786818.0
2023-09-21,154.26795959472656,158.74868774414062,151.13758850097656,158.1144256591797,11742394.0
2023-09-22,159.546630859375,159.6284637451172,155.1068115234375,156.9686737060547,6616754.0
2023-09-25,157.5415496826172,164.90713500976562,155.72061157226562,163.67953491210938,11080789.0
2023-09-26,165.11172485351562,167.93519592285156,162.4110107421875,162.63607788085938,9102191.0
2023-09-27,164.70252990722656,171.1474151611328,161.44940185546875,163.9455108642578,14213632.0
2023-09-28,164.23194885253906,172.88650512695312,163.82275390625,169.6333770751953,17558139.0
2023-09-29,170.59498596191406,173.15248107910156,167.93519592285156,168.63084411621094,10357287.0
2023-10-02,169.34693908691406,174.66651916503906,168.4876251220703,172.47731018066406,13244514.0
2023-10-03,172.6205291748047,173.02972412109375,169.4901580810547,169.57199096679688,8595694.0
2023-10-04,169.6947479248047,170.43130493164062,163.4544677734375,163.720458984375,10016993.0
2023-10-05,165.11172485351562,166.6053009033203,158.3599395751953,164.5183868408203,14343833.0
2023-10-06,162.71791076660156,165.50047302246094,161.6130828857422,163.06573486328125,7141354.0
2023-10-09,161.1629638671875,161.1629638671875,152.52886962890625,153.30633544921875,12622655.0
2023-10-10,156.2730255126953,158.17581176757812,154.71807861328125,157.0095977783203,9167118.0
2023-10-11,156.10935974121094,156.45716857910156,152.9380645751953,153.20404052734375,6664456.0
2023-10-12,155.0249786376953,156.29348754882812,145.2655792236328,148.8460693359375,12047233.0
2023-10-13,149.07113647460938,151.73092651367188,147.53663635253906,148.7642364501953,11677970.0
2023-10-16,154.0633544921875,154.1861114501953,147.12744140625,148.53916931152344,13724550.0
2023-10-17,148.6619415283203,152.9380645751953,148.35504150390625,150.78976440429688,9869588.0
2023-10-18,149.316650390625,149.316650390625,144.9177703857422,145.34742736816406,9317147.0
2023-10-19,145.47018432617188,148.8256072998047,144.85638427734375,145.1223602294922,8913593.0
2023-10-20,142.4625701904297,143.3014373779297,138.10459899902344,139.55726623535156,9090079.0
2023-10-23,142.70809936523438,149.05067443847656,142.29888916015625,146.94329833984375,14038524.0
2023-10-24,148.33457946777344,151.23988342285156,146.71824645996094,149.95091247558594,10950554.0
2023-10-25,151.403564453125,154.59532165527344,139.8232421875,139.8232421875,12591785.0
2023-10-26,141.11221313476562,147.27066040039062,137.90000915527344,146.12490844726562,16096453.0
2023-10-27,146.12490844726562,146.22720336914062,140.9485321044922,145.4906463623047,8332506.0
2023-10-30,145.18374633789062,149.21435546875,144.1198272705078,145.47018432617188,8032720.0
2023-10-31,146.28857421875,148.49826049804688,144.03799438476562,144.24258422851562,8905929.0
2023-11-01,145.57247924804688,146.51364135742188,140.10968017578125,143.73109436035156,7945648.0
2023-11-02,146.24766540527344,148.94837951660156,145.2451171875,145.67478942871094,10080801.0
2023-11-03,145.87937927246094,147.04559326171875,143.5060272216797,146.1658172607422,7707734.0
2023-11-06,149.5621795654297,150.17596435546875,147.7207794189453,148.7437744140625,5207844.0
2023-11-07,148.7437744140625,154.0633544921875,147.6184844970703,153.24496459960938,8947347.0
2023-11-08,155.18865966796875,158.87144470214844,155.18865966796875,156.72314453125,10102819.0
2023-11-09,154.8817596435547,155.0863494873047,150.17596435546875,151.30126953125,13250404.0
2023-11-10,151.91506958007812,151.91506958007812,147.51617431640625,147.92538452148438,7101525.0
2023-11-13,148.94837951660156,150.07366943359375,143.01498413085938,143.21958923339844,15287756.0
2023-11-14,144.03799438476562,145.57247924804688,142.6057891845703,144.24258422851562,8819428.0
2023-11-15,145.57247924804688,145.981689453125,142.91268920898438,143.21958923339844,6679149.0
2023-11-16,143.32188415527344,146.80007934570312,143.21958923339844,146.186279296875,8734917.0
2023-11-17,146.28857421875,150.78976440429688,145.981689453125,150.58517456054688,11104088.0
2023-11-20,153.0403594970703,154.67715454101562,150.99436950683594,151.30126953125,8436534.0
2023-11-21,152.8357696533203,155.39324951171875,150.78976440429688,154.47256469726562,15018996.0
2023-11-22,154.47256469726562,155.7001495361328,150.78976440429688,150.99436950683594,8925074.0
2023-11-23,150.99436950683594,152.9380645751953,148.33457946777344,148.33457946777344,10489849.0
2023-11-24,148.23226928710938,150.4828643798828,147.6184844970703,148.6414794921875,8288337.0
2023-11-27,149.25527954101562,150.3805694580078,147.51617431640625,148.94837951660156,7664000.0
2023-11-28,149.5621795654297,151.91506958007812,148.12997436523438,149.35757446289062,8704355.0
2023-11-29,149.8690643310547,150.07366943359375,146.186279296875,146.28857421875,6414573.0
2023-11-30,146.28857421875,147.51617431640625,144.24258422851562,144.24258422851562,7943507.0
2023-12-01,146.90237426757812,148.33457946777344,144.95867919921875,146.186279296875,8092750.0
2023-12-04,147.0046844482422,148.23226928710938,145.1632843017578,147.0046844482422,7739235.0
2023-12-05,147.1069793701172,147.7207794189453,144.6517791748047,145.2655792236328,5962881.0
2023-12-06,145.2655792236328,145.57247924804688,141.17359924316406,141.17359924316406,6706773.0
2023-12-07,141.37818908691406,145.77708435058594,140.55979919433594,145.77708435058594,8002554.0
2023-12-08,146.186279296875,146.59547424316406,144.14028930664062,146.186279296875,5957827.0
2023-12-11,146.28857421875,146.49317932128906,138.3092041015625,138.3092041015625,12702030.0
2023-12-12,138.51380920410156,139.63909912109375,136.5701141357422,137.79769897460938,9607197.0
2023-12-13,137.49081420898438,138.3092041015625,133.0919189453125,133.0919189453125,8523514.0
2023-12-14,135.6494140625,138.92300415039062,133.9103240966797,138.61610412597656,8420742.0
2023-12-15,139.02529907226562,144.14028930664062,138.71839904785156,143.83338928222656,7965467.0
2023-12-18,143.01498413085938,143.11729431152344,137.90000915527344,138.10459899902344,6141273.0
2023-12-19,137.90000915527344,138.92300415039062,135.13790893554688,136.36550903320312,7349986.0
2023-12-20,136.36550903320312,137.3885040283203,135.24021911621094,135.44480895996094,5379350.0
2023-12-21,135.44480895996094,141.17359924316406,135.44480895996094,140.35519409179688,7874235.0
2023-12-22,140.764404296875,140.968994140625,135.751708984375,136.36550903320312,6003169.0
2023-12-25,136.26321411132812,136.6724090576172,131.5574188232422,131.9666290283203,5307630.0
2023-12-26,132.68272399902344,135.6494140625,131.14822387695312,131.25051879882812,7553682.0
2023-12-27,131.25051879882812,132.9896240234375,130.534423828125,130.73902893066406,6933827.0
2023-12-28,131.65972900390625,133.9103240966797,131.3528289794922,132.58041381835938,7520705.0
2023-12-29,133.0919189453125,135.34251403808594,132.1712188720703,132.88731384277344,7567988.0
2024-01-02,133.1942138671875,137.1839141845703,133.1942138671875,136.97930908203125,9948180.0
2024-01-03,137.3885040283203,137.49081420898438,132.58041381835938,132.88731384277344,7469913.0
2024-01-04,133.29652404785156,138.61610412597656,132.58041381835938,138.10459899902344,11700663.0
2024-01-05,138.51380920410156,145.0609893798828,137.59310913085938,144.95867919921875,15721789.0
2024-01-08,145.2655792236328,148.23226928710938,143.93568420410156,145.981689453125,10812108.0
2024-01-09,147.31158447265625,149.25527954101562,141.68508911132812,142.29888916015625,13717937.0
2024-01-10,142.29888916015625,146.186279296875,142.19659423828125,145.47018432617188,9112152.0
2024-01-11,147.41387939453125,149.05067443847656,144.75408935546875,145.57247924804688,9979094.0
2024-01-12,145.47018432617188,148.43687438964844,142.81039428710938,146.28857421875,12678565.0
2024-01-15,146.49317932128906,150.07366943359375,146.39088439941406,149.7667694091797,13690899.0
2024-01-16,150.17596435546875,150.2782745361328,146.80007934570312,147.92538452148438,9699138.0
2024-01-17,147.2092742919922,148.53916931152344,146.28857421875,146.90237426757812,10140571.0
2024-01-18,148.53916931152344,148.8460693359375,145.981689453125,145.981689453125,9118374.0
2024-01-19,146.90237426757812,147.41387939453125,144.5494842529297,145.87937927246094,8394105.0
2024-01-22,145.981689453125,148.8460693359375,145.1632843017578,146.59547424316406,11655380.0
2024-01-23,148.33457946777344,148.94837951660156,144.5494842529297,145.2655792236328,11599265.0
2024-01-24,145.77708435058594,149.25527954101562,145.1632843017578,147.6184844970703,13361128.0
2024-01-25,148.53916931152344,150.07366943359375,147.8230743408203,149.25527954101562,9704582.0
2024-01-26,149.5621795654297,152.52886962890625,148.94837951660156,152.52886962890625,17325943.0
2024-01-29,153.1426544189453,157.95074462890625,152.8357696533203,155.5978546142578,24557435.0
2024-01-30,156.31394958496094,157.23464965820312,154.0633544921875,154.47256469726562,11912135.0
2024-01-31,154.67715454101562,155.5978546142578,152.4265594482422,153.9610595703125,10482644.0
2024-02-01,154.37025451660156,157.4392547607422,154.0633544921875,155.90475463867188,15324159.0
2024-02-02,157.33694458007812,160.40594482421875,155.80245971679688,157.03004455566406,18953001.0
2024-02-05,157.5415496826172,161.01974487304688,157.4392547607422,160.8151397705078,15630841.0
2024-02-06,161.42893981933594,162.8611297607422,159.38294982910156,161.22433471679688,13453146.0
2024-02-07,162.34963989257812,162.34963989257812,158.97373962402344,158.97373962402344,8294681.0
2024-02-08,158.97373962402344,162.14503479003906,158.97373962402344,161.42893981933594,14405505.0
2024-02-09,162.6565399169922,164.70252990722656,161.73583984375,164.08872985839844,11476171.0
2024-02-12,165.5209197998047,166.44161987304688,163.3726348876953,164.4979248046875,13486226.0
2024-02-13,165.72552490234375,165.72552490234375,159.0760498046875,159.1783447265625,10675788.0
2024-02-14,160.61053466796875,166.74851989746094,160.40594482421875,166.33932495117188,19571703.0
2024-02-15,166.44161987304688,177.89918518066406,166.23703002929688,174.62559509277344,29165024.0
2024-02-16,174.7279052734375,176.05780029296875,170.5336151123047,172.068115234375,13483836.0
2024-02-19,173.9095001220703,174.31869506835938,167.8738250732422,168.0784149169922,11287348.0
2024-02-20,168.5899200439453,171.3520050048828,167.66921997070312,169.6129150390625,12395035.0
2024-02-21,171.2497100830078,173.2957000732422,167.26002502441406,169.6129150390625,12542401.0
2024-02-22,170.02210998535156,173.0911102294922,169.91981506347656,171.3520050048828,15065096.0
2024-02-23,171.86351013183594,175.7509002685547,171.45431518554688,174.31869506835938,17269961.0
2024-02-26,175.44400024414062,177.59228515625,174.0117950439453,174.9324951171875,16864236.0
2024-02-27,175.03480529785156,175.13710021972656,169.5106201171875,169.5106201171875,10586491.0
2024-02-28,169.5106201171875,177.3876953125,167.8738250732422,175.03480529785156,26855345.0
2024-02-29,175.9554901123047,180.9681854248047,174.52330017089844,175.44400024414062,35899081.0
2024-03-01,176.05780029296875,176.87619018554688,170.5336151123047,170.5336151123047,11465242.0
2024-03-04,171.04510498046875,173.50030517578125,168.38531494140625,171.04510498046875,12600016.0
2024-03-05,171.45431518554688,172.272705078125,163.16802978515625,163.67953491210938,21226746.0
2024-03-06,163.16802978515625,164.3956298828125,159.58753967285156,159.89443969726562,13068678.0
2024-03-07,162.8611297607422,165.72552490234375,162.34963989257812,165.5209197998047,12167625.0
2024-03-08,166.1347198486328,166.74851989746094,163.06573486328125,166.33932495117188,13948236.0
2024-03-11,169.20372009277344,170.32901000976562,164.4979248046875,164.70252990722656,9207553.0
2024-03-12,164.70252990722656,166.54393005371094,162.04273986816406,163.3726348876953,8635352.0
2024-03-13,164.4979248046875,166.54393005371094,162.8611297607422,162.8611297607422,12851346.0
2024-03-14,163.67953491210938,164.60023498535156,162.14503479003906,162.7588348388672,8382384.0
2024-03-15,163.3726348876953,164.4979248046875,161.01974487304688,162.14503479003906,8729404.0
2024-03-18,162.6565399169922,162.7588348388672,158.56454467773438,158.56454467773438,8171196.0
2024-03-19,158.56454467773438,162.04273986816406,158.0530548095703,161.73583984375,10464731.0
2024-03-20,162.24732971191406,164.19102478027344,160.8151397705078,161.53123474121094,9007757.0
2024-03-21,163.16802978515625,166.0324249267578,162.24732971191406,165.3163299560547,13802703.0
2024-03-22,165.72552490234375,169.10140991210938,165.00942993164062,166.44161987304688,13434222.0
2024-03-25,166.23703002929688,169.30601501464844,163.67953491210938,163.67953491210938,11928514.0
2024-03-26,163.98643493652344,165.9301300048828,159.58753967285156,160.8151397705078,10023689.0
2024-03-27,161.633544921875,163.3726348876953,159.89443969726562,161.9404296875,8316465.0
2024-03-28,162.24732971191406,167.15771484375,162.24732971191406,167.055419921875,11932238.0
2024-03-29,167.46461486816406,167.8738250732422,164.4979248046875,166.33932495117188,9272993.0
2024-04-01,167.77151489257812,169.91981506347656,164.60023498535156,168.28302001953125,14705452.0
2024-04-02,169.20372009277344,170.84051513671875,163.88412475585938,164.4979248046875,11356117.0
2024-04-03,164.4979248046875,166.850830078125,163.67953491210938,165.11172485351562,9878752.0
2024-04-04,165.5209197998047,166.33932495117188,162.24732971191406,162.34963989257812,13468689.0
2024-04-05,164.70252990722656,173.60260009765625,164.2933349609375,173.60260009765625,15865548.0
2024-04-08,174.9324951171875,179.0244903564453,174.52330017089844,179.0244903564453,10237639.0
2024-04-09,179.0244903564453,179.0244903564453,179.0244903564453,179.0244903564453,0.0
2024-04-15,177.08079528808594,178.00149536132812,172.88650512695312,173.0911102294922,14101970.0
2024-04-16,172.272705078125,173.50030517578125,170.32901000976562,171.45431518554688,11857120.0
2024-04-17,172.98880004882812,175.44400024414062,171.65890502929688,171.76121520996094,13248483.0
2024-04-18,173.8072052001953,180.8658905029297,173.60260009765625,178.81988525390625,22794654.0
2024-04-19,176.16009521484375,182.09347534179688,174.8302001953125,181.0704803466797,14676811.0
2024-04-22,184.95787048339844,194.1648406982422,184.95787048339844,188.53836059570312,18573616.0
2024-04-24,191.70965576171875,199.2798309326172,188.02685546875,198.05223083496094,22278191.0
2024-04-25,197.3361358642578,201.12123107910156,194.98324584960938,197.13153076171875,15950187.0
2024-04-26,198.15452575683594,200.8143310546875,195.90394592285156,199.2798309326172,13383899.0
2024-04-29,200.60972595214844,209.10060119628906,200.40512084960938,208.69140625,14057259.0
2024-04-30,209.50979614257812,213.19259643554688,206.64541625976562,211.55580139160156,14753820.0
2024-05-02,213.806396484375,214.8293914794922,206.85000610351562,211.76039123535156,16153633.0
2024-05-03,213.806396484375,220.55816650390625,207.6684112548828,212.57879638671875,22333387.0
2024-05-06,212.3741912841797,214.010986328125,208.89599609375,210.3282012939453,11022494.0
2024-05-07,210.73739624023438,214.42018127441406,208.89599609375,213.39718627929688,14747686.0
2024-05-08,213.60179138183594,216.26158142089844,210.73739624023438,211.3511962890625,9956299.0
2024-05-09,201.73501586914062,203.88331604003906,197.13153076171875,202.5534210205078,28388795.0
2024-05-10,203.98561096191406,209.91900634765625,202.4511260986328,204.80401611328125,16258125.0
2024-05-13,207.0546112060547,207.46380615234375,201.12123107910156,201.12123107910156,12319218.0
2024-05-14,202.0,206.89999389648438,199.3000030517578,204.0,9311145.0
2024-05-15,204.10000610351562,205.1999969482422,201.5,201.60000610351562,6950661.0
2024-05-16,201.89999389648438,203.10000610351562,195.5,202.1999969482422,13072010.0
2024-05-17,203.10000610351562,212.6999969482422,202.6999969482422,212.0,14863817.0
2024-05-20,212.0,220.1999969482422,210.0,216.5,12662247.0
2024-05-21,218.60000610351562,225.0,214.5,217.5,18060889.0
2024-05-22,220.0,220.0,215.39999389648438,218.0,6211101.0
2024-05-23,217.0,220.39999389648438,215.0,215.89999389648438,6882594.0
2024-05-24,215.0,216.8000030517578,211.5,212.1999969482422,5650862.0
2024-05-27,213.0,214.3000030517578,207.5,210.5,6490918.0
2024-05-28,210.60000610351562,211.5,206.8000030517578,209.89999389648438,6018738.0
2024-05-29,209.5,212.5,204.60000610351562,204.60000610351562,5519275.0
2024-05-30,205.1999969482422,208.8000030517578,203.3000030517578,206.3000030517578,6313396.0
2024-05-31,207.0,210.5,199.8000030517578,201.8000030517578,9333091.0
2024-06-03,204.10000610351562,210.60000610351562,202.8000030517578,210.39999389648438,9238356.0
2024-06-04,212.0,215.5,208.3000030517578,209.3000030517578,9793367.0
2024-06-05,209.39999389648438,210.89999389648438,202.3000030517578,210.0,8554552.0
2024-06-06,212.3000030517578,212.39999389648438,204.5,205.3000030517578,5480105.0
2024-06-07,206.0,206.8000030517578,202.89999389648438,205.6999969482422,5137212.0
2024-06-10,204.6999969482422,204.6999969482422,198.10000610351562,198.39999389648438,5709521.0
2024-06-11,200.6999969482422,214.5,200.6999969482422,210.0,17745594.0
2024-06-12,209.60000610351562,229.0,208.0,226.0,22744238.0
2024-06-13,229.89999389648438,230.89999389648438,224.3000030517578,228.8000030517578,13625501.0
2024-06-14,232.5,237.89999389648438,229.89999389648438,230.3000030517578,13552384.0
2024-06-20,234.89999389648438,236.6999969482422,230.10000610351562,233.1999969482422,7064080.0
2024-06-21,233.1999969482422,239.89999389648438,230.60000610351562,238.0,10660824.0
2024-06-24,238.1999969482422,239.0,232.60000610351562,236.89999389648438,6510431.0
2024-06-25,237.0,238.5,231.39999389648438,235.39999389648438,7130631.0
2024-06-26,235.5,236.5,226.5,226.5,8160944.0
2024-06-27,227.10000610351562,230.39999389648438,225.1999969482422,227.6999969482422,6846744.0
2024-06-28,228.8000030517578,229.6999969482422,223.39999389648438,227.89999389648438,8109373.0
2024-07-01,230.10000610351562,230.10000610351562,217.10000610351562,219.1999969482422,7162998.0
2024-07-02,218.89999389648438,220.3000030517578,215.89999389648438,219.60000610351562,5440810.0
2024-07-03,220.0,226.60000610351562,218.3000030517578,224.3000030517578,7255767.0
2024-07-04,224.89999389648438,230.0,223.39999389648438,229.8000030517578,8101925.0
2024-07-05,231.0,233.60000610351562,228.8000030517578,232.5,7918697.0
2024-07-08,232.6999969482422,235.0,228.60000610351562,232.3000030517578,7509416.0
2024-07-09,234.39999389648438,242.1999969482422,234.10000610351562,238.89999389648438,11717620.0
2024-07-10,241.1999969482422,248.1999969482422,239.39999389648438,245.60000610351562,12081753.0
2024-07-11,247.10000610351562,252.0,243.39999389648438,252.0,9641347.0
2024-07-12,251.75,254.5,248.8000030517578,251.75,5362305.0
2024-07-16,251.75,258.5,249.6999969482422,257.0,7578039.0
2024-07-17,257.25,260.0,253.5,255.25,7557813.0
2024-07-18,256.75,259.0,248.10000610351562,248.10000610351562,9270964.0
2024-07-19,248.0,249.6999969482422,243.5,247.60000610351562,6126067.0
2024-07-22,247.60000610351562,247.60000610351562,240.6999969482422,241.89999389648438,6110824.0
2024-07-23,241.5,242.60000610351562,233.1999969482422,236.0,8757238.0
2024-07-24,235.6999969482422,240.5,232.5,234.5,8829669.0
2024-07-25,234.1999969482422,236.39999389648438,230.5,232.5,5165997.0
2024-07-26,235.89999389648438,236.1999969482422,231.5,234.6999969482422,4030382.0
2024-07-29,231.10000610351562,233.5,227.1999969482422,229.0,4907608.0
2024-07-30,229.10000610351562,232.8000030517578,226.10000610351562,226.10000610351562,5270956.0
2024-07-31,223.89999389648438,224.3000030517578,219.1999969482422,224.0,6670725.0
2024-08-01,229.0,236.10000610351562,227.3000030517578,234.0,8434894.0
2024-08-02,231.10000610351562,233.5,227.5,232.0,6643428.0
2024-08-05,213.0,224.5,213.0,218.0,7289787.0
2024-08-06,227.0,227.0,215.8000030517578,215.8000030517578,6896790.0
2024-08-07,218.89999389648438,225.5,218.1999969482422,223.6999969482422,7455595.0
2024-08-08,223.6999969482422,228.39999389648438,221.6999969482422,228.39999389648438,8858079.0
2024-08-09,231.0,234.0,226.39999389648438,232.0,9636661.0
2024-08-12,238.1999969482422,238.1999969482422,225.0,230.6999969482422,13392460.0
2024-08-13,231.1999969482422,236.5,227.1999969482422,235.5,13578702.0
2024-08-14,236.10000610351562,237.60000610351562,228.0,228.0,7750272.0
2024-08-15,227.60000610351562,227.60000610351562,217.6999969482422,225.5,11699641.0
2024-08-16,229.3000030517578,230.39999389648438,218.10000610351562,218.10000610351562,8818450.0
2024-08-19,220.0,222.1999969482422,216.1999969482422,221.5,6169496.0
2024-08-20,221.0,225.6999969482422,219.5,220.1999969482422,6661978.0
2024-08-21,220.3000030517578,222.39999389648438,217.8000030517578,218.5,4193423.0
2024-08-22,219.60000610351562,222.39999389648438,215.1999969482422,216.1999969482422,5952981.0
2024-08-23,216.5,217.6999969482422,211.8000030517578,211.8000030517578,5831608.0
2024-08-26,213.0,214.60000610351562,208.1999969482422,208.60000610351562,6234986.0
2024-08-27,208.1999969482422,222.1999969482422,207.3000030517578,221.0,9996710.0
2024-08-28,221.0,227.8000030517578,220.10000610351562,226.1999969482422,7296103.0
2024-08-29,226.1999969482422,228.3000030517578,222.89999389648438,227.3000030517578,6684189.0
2024-09-02,229.3000030517578,239.0,229.0,237.0,8155512.0
2024-09-03,237.3000030517578,238.6999969482422,232.10000610351562,233.3000030517578,5521960.0
2024-09-04,232.3000030517578,234.3000030517578,227.8000030517578,234.3000030517578,4416565.0
2024-09-05,236.3000030517578,238.0,226.8000030517578,228.5,7092881.0
2024-09-06,228.60000610351562,231.8000030517578,227.10000610351562,228.10000610351562,4440260.0
2024-09-09,226.89999389648438,236.5,225.10000610351562,233.6999969482422,8685721.0
2024-09-10,233.6999969482422,237.10000610351562,228.5,232.1999969482422,8070209.0
2024-09-11,232.0,234.39999389648438,225.6999969482422,225.89999389648438,7268184.0
2024-09-12,231.0,241.39999389648438,231.0,237.89999389648438,14429388.0
2024-09-13,239.10000610351562,245.1999969482422,235.1999969482422,245.1999969482422,8412751.0
2024-09-16,245.1999969482422,246.1999969482422,238.1999969482422,239.0,5369345.0
2024-09-17,240.5,248.0,240.5,244.0,8345568.0
2024-09-18,243.89999389648438,249.5,241.39999389648438,249.1999969482422,7129772.0
2024-09-19,250.5,254.0,248.3000030517578,253.25,6604472.0
2024-09-20,252.75,255.5,251.25,253.25,4017875.0
2024-09-23,255.75,257.25,244.60000610351562,245.6999969482422,5858682.0
2024-09-24,246.0,249.89999389648438,242.1999969482422,244.8000030517578,10713483.0
2024-09-25,245.6999969482422,248.5,240.60000610351562,241.10000610351562,5282040.0
2024-09-26,243.5,248.1999969482422,240.0,242.6999969482422,8601435.0
2024-09-27,243.89999389648438,247.0,241.3000030517578,244.6999969482422,6469006.0
2024-09-30,243.1999969482422,244.1999969482422,235.6999969482422,239.3000030517578,5835171.0
2024-10-01,239.10000610351562,241.3000030517578,227.89999389648438,232.8000030517578,8272446.0
2024-10-02,231.0,232.3000030517578,225.0,225.10000610351562,4727834.0
2024-10-03,223.5,233.10000610351562,221.1999969482422,225.5,6984782.0
2024-10-04,227.0,235.0,224.39999389648438,235.0,5661177.0
2024-10-07,235.3000030517578,235.6999969482422,227.0,227.0,4966423.0
2024-10-08,227.10000610351562,233.6999969482422,225.39999389648438,230.39999389648438,5750378.0
2024-10-09,229.8000030517578,232.6999969482422,226.39999389648438,232.6999969482422,3985145.0
2024-10-10,232.6999969482422,233.60000610351562,224.5,224.5,4492787.0
2024-10-11,226.0,230.39999389648438,224.0,225.10000610351562,6639192.0
2024-10-14,225.6999969482422,225.89999389648438,219.5,223.1999969482422,4923482.0
2024-10-15,223.5,234.39999389648438,223.10000610351562,233.5,7113358.0
2024-10-16,233.10000610351562,235.0,228.60000610351562,234.5,4871270.0
2024-10-17,234.39999389648438,241.60000610351562,233.60000610351562,240.89999389648438,8251893.0
2024-10-18,240.89999389648438,242.39999389648438,236.10000610351562,236.60000610351562,5246839.0
2024-10-21,236.60000610351562,246.39999389648438,236.5,239.5,6921418.0
2024-10-22,240.0,245.0,237.60000610351562,243.6999969482422,7369843.0
2024-10-23,244.10000610351562,244.8000030517578,235.89999389648438,237.5,6039000.0
2024-10-24,239.6999969482422,242.39999389648438,235.60000610351562,238.0,5453562.0
2024-10-25,237.89999389648438,238.6999969482422,234.8000030517578,236.3000030517578,4444053.0
2024-10-28,239.5,240.5,237.39999389648438,238.5,2171624.0
2024-10-30,239.10000610351562,239.39999389648438,235.3000030517578,236.0,4953118.0
2024-10-31,235.89999389648438,238.10000610351562,231.10000610351562,231.60000610351562,5401216.0
2024-11-01,232.3000030517578,234.39999389648438,228.39999389648438,228.8000030517578,4222696.0
2024-11-04,227.6999969482422,229.0,221.10000610351562,228.0,5108229.0
2024-11-05,229.1999969482422,231.0,226.6999969482422,229.10000610351562,4526136.0
2024-11-06,229.60000610351562,234.60000610351562,225.3000030517578,231.6999969482422,8664301.0
2024-11-07,232.39999389648438,234.39999389648438,228.39999389648438,232.60000610351562,5894729.0
2024-11-08,232.60000610351562,240.60000610351562,232.10000610351562,240.10000610351562,8788865.0
2024-11-11,241.60000610351562,244.3000030517578,238.5,244.0,8201368.0
2024-11-12,244.60000610351562,247.1999969482422,240.39999389648438,242.0,9927858.0
2024-11-13,241.39999389648438,244.3000030517578,238.0,238.0,10959267.0
2024-11-14,238.6999969482422,241.3000030517578,233.89999389648438,234.8000030517578,12851397.0
2024-11-15,236.0,240.6999969482422,235.39999389648438,235.5,11844176.0
2024-11-18,236.60000610351562,241.89999389648438,235.8000030517578,239.8000030517578,9610387.0
2024-11-19,240.39999389648438,242.0,232.60000610351562,233.89999389648438,7685103.0
2024-11-20,230.0,234.60000610351562,219.60000610351562,219.6999969482422,17666335.0
2024-11-21,221.5,223.8000030517578,219.0,221.5,11447781.0
2024-11-22,222.0,224.60000610351562,220.0,221.0,10471903.0
2024-11-25,223.89999389648438,235.39999389648438,222.0,228.8000030517578,25282896.0
2024-11-26,228.8000030517578,230.5,226.0,227.3000030517578,10036904.0
2024-11-27,232.6999969482422,232.89999389648438,225.0,225.0,9230403.0
2024-11-28,223.89999389648438,224.5,218.0,218.60000610351562,10229823.0
2024-11-29,219.1999969482422,219.5,215.89999389648438,217.8000030517578,11033128.0
2024-12-02,217.60000610351562,220.1999969482422,216.60000610351562,218.89999389648438,11067766.0
2024-12-03,219.8000030517578,222.0,217.3000030517578,220.39999389648438,10882766.0
2024-12-04,221.0,222.60000610351562,220.0,220.39999389648438,8643563.0
2024-12-05,221.1999969482422,223.6999969482422,220.39999389648438,221.60000610351562,10126523.0
2024-12-06,222.8000030517578,224.1999969482422,221.8000030517578,223.1999969482422,11345549.0
2024-12-09,225.0,226.0,224.0,224.6999969482422,9168592.0
2024-12-10,224.6999969482422,226.10000610351562,219.8000030517578,220.3000030517578,12402797.0
2024-12-11,220.60000610351562,221.3000030517578,218.1999969482422,220.0,8389981.0
2024-12-12,223.1999969482422,225.3000030517578,222.0,224.60000610351562,14696742.0
2024-12-13,223.6999969482422,226.0,221.6999969482422,226.0,7266454.0
2024-12-16,227.60000610351562,227.8000030517578,223.60000610351562,224.6999969482422,6151672.0
2024-12-17,225.39999389648438,226.3000030517578,222.0,225.5,8359494.0
2024-12-18,225.5,226.1999969482422,221.39999389648438,221.39999389648438,7221578.0
2024-12-19,219.89999389648438,225.5,219.5,222.1999969482422,8871006.0
2024-12-20,224.0,226.10000610351562,221.3000030517578,221.3000030517578,11269880.0
2024-12-23,222.39999389648438,222.39999389648438,216.6999969482422,217.3000030517578,6294380.0
2024-12-24,217.3000030517578,218.5,215.39999389648438,216.89999389648438,4577296.0
2024-12-25,219.1999969482422,219.8000030517578,217.89999389648438,218.6999969482422,3768172.0
2024-12-26,219.39999389648438,221.60000610351562,216.3000030517578,218.39999389648438,7333574.0
2024-12-27,218.8000030517578,220.3000030517578,218.1999969482422,219.3000030517578,5181721.0
2024-12-30,219.60000610351562,220.3000030517578,214.1999969482422,214.1999969482422,5392834.0
2024-12-31,213.8000030517578,214.60000610351562,211.6999969482422,213.0,7435422.0
2025-01-02,214.10000610351562,215.60000610351562,212.8000030517578,215.60000610351562,5864562.0
2025-01-03,216.89999389648438,225.0,216.1999969482422,223.6999969482422,13989064.0
2025-01-06,224.10000610351562,225.0,222.0,222.0,6615557.0
2025-01-07,221.60000610351562,222.89999389648438,218.60000610351562,218.60000610351562,7081388.0
2025-01-08,218.5,223.0,217.5,218.8000030517578,6376797.0
2025-01-09,219.8000030517578,222.6999969482422,218.3000030517578,219.5,6751182.0
2025-01-10,220.6999969482422,221.39999389648438,215.8000030517578,216.1999969482422,8460061.0
2025-01-13,216.10000610351562,217.3000030517578,208.0,210.3000030517578,8656964.0
2025-01-14,210.5,213.8000030517578,210.10000610351562,211.5,7431997.0
2025-01-15,213.0,216.8000030517578,211.8000030517578,212.89999389648438,8702787.0
2025-01-16,216.10000610351562,216.6999969482422,213.1999969482422,215.0,6167523.0
2025-01-17,215.1999969482422,223.5,214.1999969482422,223.0,12171237.0
2025-01-20,224.1999969482422,225.8000030517578,222.5,223.60000610351562,7812535.0
2025-01-21,222.6999969482422,224.1999969482422,219.6999969482422,220.5,6775351.0
2025-01-22,220.3000030517578,228.0,220.3000030517578,228.0,9620169.0
2025-01-23,231.0,231.8000030517578,226.3000030517578,231.1999969482422,11793357.0
2025-01-24,231.0,231.1999969482422,227.5,230.1999969482422,6855681.0
2025-01-27,228.0,232.8000030517578,226.3000030517578,231.1999969482422,9832893.0
2025-01-28,231.5,233.8000030517578,227.5,233.3000030517578,14727149.0
2025-01-29,234.6999969482422,235.6999969482422,228.6999969482422,233.3000030517578,14944466.0
2025-01-30,233.3000030517578,238.0,232.1999969482422,232.5,9982494.0
2025-01-31,232.60000610351562,235.1999969482422,232.5,234.5,8054187.0
2025-02-03,233.0,236.6999969482422,231.0,232.5,10085373.0
2025-02-04,233.0,234.8000030517578,222.10000610351562,222.1999969482422,16080755.0
2025-02-05,222.5,226.0,219.8000030517578,223.10000610351562,12497955.0
2025-02-06,224.5,232.1999969482422,224.5,230.5,12614414.0
2025-02-07,229.6999969482422,239.3000030517578,228.39999389648438,238.8000030517578,12124286.0
2025-02-10,238.8000030517578,239.10000610351562,234.1999969482422,235.89999389648438,6582999.0
2025-02-11,237.10000610351562,238.10000610351562,230.0,237.8000030517578,7930480.0
2025-02-12,237.8000030517578,239.3000030517578,233.3000030517578,238.0,9812498.0
2025-02-13,239.89999389648438,246.39999389648438,239.1999969482422,245.5,12256203.0
2025-02-14,245.39999389648438,246.6999969482422,240.8000030517578,242.0,5703900.0
2025-02-17,242.0,244.3000030517578,238.60000610351562,243.60000610351562,7898931.0
2025-02-18,243.60000610351562,249.10000610351562,242.6999969482422,247.10000610351562,10214766.0
2025-02-19,246.39999389648438,248.1999969482422,242.10000610351562,242.39999389648438,7041926.0
2025-02-20,243.10000610351562,247.1999969482422,242.1999969482422,243.3000030517578,5910177.0
2025-02-21,243.8000030517578,245.39999389648438,236.1999969482422,240.0,6278828.0
2025-02-24,242.0,242.60000610351562,238.3000030517578,238.5,4956387.0
2025-02-25,238.5,241.5,231.5,232.10000610351562,8616214.0
2025-02-26,232.10000610351562,234.0,230.8000030517578,232.5,8032628.0
2025-02-27,232.5,242.1999969482422,231.5,238.6999969482422,8980739.0
2025-02-28,237.89999389648438,241.3000030517578,235.60000610351562,239.0,9649354.0
2025-03-03,241.39999389648438,249.6999969482422,238.10000610351562,247.1999969482422,13155136.0
2025-03-04,246.39999389648438,252.75,246.39999389648438,251.75,7814336.0
2025-03-05,255.75,268.0,254.5,268.0,13373152.0
2025-03-06,269.5,275.75,267.0,275.75,9073050.0
2025-03-07,275.75,279.25,271.5,274.0,7641954.0
2025-03-10,273.75,277.75,272.75,276.75,5527783.0
2025-03-11,276.25,278.25,271.25,272.0,6095913.0
2025-03-12,273.75,277.75,272.25,273.25,5526915.0
2025-03-13,274.75,281.75,274.25,278.75,8794091.0
2025-03-14,281.0,287.25,277.5,282.75,8406468.0
2025-03-17,283.5,285.0,281.25,281.25,4615792.0
2025-03-18,279.5,284.0,278.0,281.5,5741499.0
2025-03-19,262.25,277.0,256.75,262.75,12899184.0
2025-03-20,264.0,274.75,261.5,266.0,9780488.0
2025-03-21,264.0,264.25,239.39999389648438,239.39999389648438,14832447.0
2025-03-24,243.60000610351562,258.25,240.0,257.25,13439898.0
2025-03-25,265.0,268.25,255.25,258.5,11444747.0
2025-03-26,257.0,259.25,250.0,253.5,8577313.0
2025-03-27,258.0,261.0,252.5,254.25,8212728.0
2025-03-28,256.0,257.75,248.5,257.75,6451207.0
2025-04-02,256.25,256.25,246.3000030517578,246.3000030517578,10790119.0
2025-04-03,246.3000030517578,251.75,246.1999969482422,246.8000030517578,9502174.0
2025-04-04,249.60000610351562,256.0,249.60000610351562,254.75,8926158.0
2025-04-07,246.1999969482422,263.5,242.8000030517578,260.0,11396108.0
2025-04-08,264.75,267.75,259.75,264.75,8163167.0
2025-04-09,262.25,271.0,261.0,266.5,10248641.0
2025-04-10,276.0,278.5,260.5,260.5,11470492.0
2025-04-11,261.0,268.25,259.0,266.75,6967735.0
2025-04-14,269.0,270.0,264.5,264.75,5008671.0
2025-04-15,266.75,268.75,260.5,262.75,9754743.0
2025-04-16,261.0,263.25,250.0,251.0,13630771.0
2025-04-17,251.0,255.0,247.5,249.3000030517578,11931559.0
2025-04-18,250.75,253.75,247.3000030517578,248.0,8572544.0
2025-04-21,249.39999389648438,252.5,246.1999969482422,249.6999969482422,10560726.0
2025-04-22,250.75,253.0,244.6999969482422,244.6999969482422,9991725.0
2025-04-24,245.0,246.39999389648438,241.5,244.6999969482422,10033754.0
2025-04-25,245.6999969482422,249.39999389648438,241.60000610351562,243.0,8802598.0
2025-04-28,243.60000610351562,244.89999389648438,237.6999969482422,237.8000030517578,7239498.0
2025-04-29,234.5,235.89999389648438,227.89999389648438,227.89999389648438,8072480.0
2025-04-30,228.60000610351562,230.10000610351562,222.5,222.89999389648438,9094416.0
2025-05-02,224.10000610351562,235.6999969482422,224.10000610351562,232.89999389648438,9217232.0
2025-05-05,235.0,236.0,228.89999389648438,234.6999969482422,6342440.0
2025-05-06,234.39999389648438,238.60000610351562,231.10000610351562,232.89999389648438,5070793.0
2025-05-07,231.0,232.8000030517578,222.1999969482422,226.8000030517578,7234026.0
2025-05-08,228.0,232.8000030517578,225.60000610351562,232.39999389648438,4774340.0
2025-05-09,234.6999969482422,246.0,234.60000610351562,244.89999389648438,10943208.0
2025-05-12,253.75,255.0,248.60000610351562,254.25,10253728.0
2025-05-13,253.75,254.0,250.0,250.0,6055003.0
2025-05-14,250.25,253.5,246.89999389648438,251.25,6718509.0
2025-05-15,251.25,252.5,244.10000610351562,245.6999969482422,4693365.0
2025-05-16,248.5,255.5,246.60000610351562,250.5,7463295.0
2025-05-20,250.5,252.75,245.10000610351562,250.5,7156868.0
2025-05-21,249.89999389648438,250.75,241.5,241.6999969482422,6271695.0
2025-05-22,243.39999389648438,246.5,239.89999389648438,244.10000610351562,7794345.0
2025-05-23,243.5,246.6999969482422,241.3000030517578,242.8000030517578,5723226.0
2025-05-26,245.0,245.89999389648438,239.6999969482422,240.5,4916095.0
2025-05-27,240.6999969482422,241.8000030517578,235.6999969482422,235.6999969482422,4810823.0
2025-05-28,235.5,241.3000030517578,234.5,240.1999969482422,5643655.0
2025-05-29,242.39999389648438,245.10000610351562,240.1999969482422,240.89999389648438,5199314.0
2025-05-30,240.60000610351562,244.3000030517578,240.0,241.1999969482422,7813091.0
2025-06-02,241.1999969482422,248.3000030517578,240.0,247.0,6618305.0
2025-06-03,249.10000610351562,253.0,247.10000610351562,252.25,9251797.0
2025-06-04,251.5,258.0,249.3000030517578,258.0,6486788.0
2025-06-05,256.0,258.0,253.5,257.25,2373433.0
2025-06-10,259.5,266.5,258.75,262.75,7154419.0
2025-06-11,262.75,266.5,260.5,264.25,7204953.0
2025-06-12,258.0,260.75,253.75,256.5,7261029.0
2025-06-13,237.0,244.5,236.0,242.5,11693892.0
2025-06-16,242.5,245.89999389648438,236.6999969482422,243.0,13310882.0
2025-06-17,242.8000030517578,242.89999389648438,236.0,236.8000030517578,6711042.0
2025-06-18,235.0,236.39999389648438,224.39999389648438,225.5,14234085.0
2025-06-19,227.39999389648438,227.5,218.10000610351562,218.10000610351562,12213983.0
2025-06-20,223.8000030517578,226.6999969482422,218.5,222.39999389648438,12075478.0
2025-06-23,218.0,219.10000610351562,213.60000610351562,214.5,13600115.0
2025-06-24,232.0,235.89999389648438,228.3000030517578,235.89999389648438,22446911.0
2025-06-25,237.60000610351562,242.89999389648438,234.6999969482422,239.89999389648438,14374723.0
2025-06-26,240.3000030517578,241.60000610351562,234.10000610351562,234.3000030517578,8305024.0
2025-06-27,233.6999969482422,240.0,233.5,240.0,7877082.0
2025-06-30,241.5,258.5,240.10000610351562,257.0,15778858.0
2025-07-01,257.0,260.75,254.25,257.75,12304736.0
2025-07-02,259.0,261.5,252.5,256.25,14032242.0
2025-07-03,258.75,260.75,255.0,255.75,6508655.0
2025-07-04,256.25,261.0,255.75,259.5,7659874.0
2025-07-07,255.0,259.25,254.75,257.5,5543422.0
2025-07-08,259.75,260.0,251.5,252.75,5923783.0
2025-07-09,253.25,257.5,251.5,256.25,6407390.0
2025-07-10,258.5,266.0,258.25,262.75,13255656.0
2025-07-11,269.0,269.25,261.0,262.25,11148509.0
2025-07-14,262.25,267.5,260.5,264.0,8306342.0
2025-07-16,264.5,267.0,251.5,255.0,13590831.0
2025-07-17,260.0,263.25,255.0,260.75,14434243.0
2025-07-18,262.0,263.25,258.5,260.25,9074492.0
2025-07-21,263.0,266.75,262.25,265.5,13793854.0
2025-07-22,266.5,268.0,262.25,264.75,13503880.0
2025-07-23,265.75,266.75,262.5,263.0,9129918.0
2025-07-24,263.75,265.75,259.75,263.75,14193765.0
2025-07-25,264.0,264.25,254.75,254.75,13532555.0
2025-07-28,255.25,258.75,252.5,253.25,10024702.0
2025-07-29,253.75,255.25,250.75,250.75,6936057.0
2025-07-30,251.0,254.25,245.8000030517578,245.8000030517578,13305497.0
2025-07-31,247.3000030517578,252.0,246.60000610351562,252.0,11794872.0
2025-08-01,253.0,253.0,248.3000030517578,249.89999389648438,8794613.0
2025-08-04,251.5,256.25,251.0,253.5,10583660.0
2025-08-05,254.75,255.25,252.0,252.75,8039682.0
2025-08-06,254.25,260.0,254.25,258.25,22869997.0
2025-08-07,260.0,262.5,257.25,261.75,16710747.0
2025-08-08,257.25,264.5,255.75,263.75,23601614.0
2025-08-11,266.0,274.5,263.25,274.0,21646274.0
2025-08-12,274.0,274.0,263.75,268.0,23276089.0
2025-08-13,260.0,262.25,257.0,257.0,26143758.0
2025-08-14,258.0,260.75,252.75,252.75,16814742.0
2025-08-15,253.0,259.0,252.75,257.75,18943474.0
2025-08-18,258.5,259.25,254.75,256.5,14844224.0
2025-08-19,257.5,260.0,256.25,256.75,15900087.0
2025-08-20,257.5,261.25,256.5,258.75,17034018.0
2025-08-21,260.5,262.5,259.0,261.75,13984538.0
2025-08-22,262.75,262.75,259.5,260.5,9908470.0
2025-08-25,261.75,264.75,261.0,261.25,17832634.0
2025-08-26,261.0,263.5,258.0,258.0,36110232.0
2025-08-27,259.75,260.5,255.0,255.0,19374501.0
2025-08-28,255.75,258.5,252.5,252.75,11953689.0
2025-08-29,253.25,253.75,248.0,249.0,16232522.0
2025-09-01,249.1999969482422,250.25,245.6999969482422,246.0,17764134.0
2025-09-02,246.6999969482422,247.60000610351562,225.0,235.60000610351562,32470967.0
2025-09-03,236.1999969482422,236.1999969482422,228.60000610351562,231.0,17593735.0
2025-09-04,231.60000610351562,233.1999969482422,229.6999969482422,231.10000610351562,13153609.0
2025-09-05,232.0,233.3000030517578,225.8000030517578,225.89999389648438,18469453.0
2025-09-08,221.39999389648438,227.0,219.5,220.1999969482422,15821324.0
2025-09-09,221.60000610351562,225.0,217.10000610351562,220.8000030517578,28898098.0
2025-09-10,223.0,223.10000610351562,218.10000610351562,222.8000030517578,25141322.0
2025-09-11,225.89999389648438,227.1999969482422,219.5,220.89999389648438,22032855.0
2025-09-12,220.89999389648438,223.10000610351562,218.8000030517578,222.60000610351562,12074295.0
2025-09-15,222.1999969482422,234.1999969482422,218.0,233.8000030517578,33720702.0
2025-09-16,234.39999389648438,234.5,229.5,232.5,22676863.0
2025-09-17,232.6999969482422,233.39999389648438,230.10000610351562,230.1999969482422,16183124.0
2025-09-18,232.5,236.1999969482422,229.5,229.8000030517578,24889016.0
2025-09-19,230.5,234.10000610351562,227.89999389648438,232.60000610351562,17665299.0
2025-09-22,238.3000030517578,238.60000610351562,233.6999969482422,233.8000030517578,16182609.0
2025-09-23,230.5,232.1999969482422,227.10000610351562,227.39999389648438,16767701.0
2025-09-24,227.60000610351562,228.1999969482422,221.6999969482422,224.6999969482422,20650469.0
2025-09-25,226.0,228.60000610351562,223.10000610351562,223.89999389648438,13213749.0
2025-09-26,223.89999389648438,224.60000610351562,218.3000030517578,219.0,20189320.0
2025-09-29,218.1999969482422,220.0,214.3000030517578,215.1999969482422,19113933.0
2025-09-30,216.8000030517578,218.8000030517578,215.1999969482422,216.5,20133418.0
2025-10-01,216.60000610351562,221.6999969482422,216.0,220.3000030517578,19061770.0
2025-10-02,221.5,226.3000030517578,221.1999969482422,224.0,20012930.0
2025-10-03,225.60000610351562,226.5,221.89999389648438,222.3000030517578,20262522.0
2025-10-06,224.0,227.6999969482422,220.1999969482422,220.8000030517578,20771386.0
2025-10-07,221.1999969482422,226.1999969482422,220.8000030517578,224.10000610351562,18983048.0
2025-10-08,223.89999389648438,225.1999969482422,215.60000610351562,216.5,27539897.0
2025-10-09,220.0,220.3000030517578,215.1999969482422,216.39999389648438,17757958.0
2025-10-10,216.8000030517578,218.5,215.1999969482422,215.60000610351562,13624453.0
2025-10-13,212.5,214.60000610351562,210.8000030517578,211.1999969482422,19636325.0
2025-10-14,212.6999969482422,215.1999969482422,208.10000610351562,208.6999969482422,24197277.0
2025-10-15,209.5,210.39999389648438,206.10000610351562,209.10000610351562,24226563.0
2025-10-16,209.10000610351562,212.5,207.10000610351562,207.8000030517578,19364471.0
2025-10-17,206.89999389648438,207.89999389648438,200.89999389648438,205.8000030517578,20701509.0
2025-10-20,206.8000030517578,212.60000610351562,203.5,212.0,23568309.0
2025-10-21,212.3000030517578,212.5,208.1999969482422,210.3000030517578,17454393.0
2025-10-22,211.0,212.5,206.1999969482422,206.1999969482422,21142020.0
2025-10-23,206.6999969482422,206.89999389648438,202.5,203.1999969482422,22035902.0
2025-10-24,204.3000030517578,214.60000610351562,204.3000030517578,208.39999389648438,35975893.0
2025-10-27,208.0,208.6999969482422,204.8000030517578,205.8000030517578,16074380.0
2025-10-28,205.3000030517578,206.3000030517578,205.10000610351562,205.1999969482422,5558619.0
2025-10-30,205.89999389648438,208.10000610351562,205.89999389648438,206.39999389648438,12607372.0
2025-10-31,206.5,210.3000030517578,206.39999389648438,210.0,21249813.0
2025-11-03,210.60000610351562,213.5,210.3000030517578,213.5,25888697.0
2025-11-04,213.0,215.3000030517578,212.0,213.8000030517578,20511952.0
2025-11-05,214.0,215.0,211.1999969482422,212.6999969482422,16877867.0
2025-11-06,214.0,215.10000610351562,211.0,213.60000610351562,19075869.0
2025-11-07,215.0,215.89999389648438,210.0,211.5,16447372.0
2025-11-10,213.10000610351562,213.5,205.39999389648438,205.5,22673532.0
2025-11-11,205.6999969482422,208.89999389648438,196.89999389648438,201.8000030517578,25622743.0
2025-11-12,203.3000030517578,203.89999389648438,201.0,201.39999389648438,10867144.0
2025-11-13,202.5,206.6999969482422,202.5,204.60000610351562,16489513.0
2025-11-14,203.8000030517578,206.0,201.8000030517578,204.0,14214505.0
2025-11-17,207.0,208.3000030517578,203.0,204.0,18695692.0
2025-11-18,203.5,205.6999969482422,202.3000030517578,202.6999969482422,13101614.0
2025-11-19,203.5,207.10000610351562,202.89999389648438,205.89999389648438,24533195.0
2025-11-20,207.0,209.10000610351562,205.39999389648438,206.89999389648438,14554676.0
2025-11-21,206.0,206.39999389648438,204.39999389648438,205.60000610351562,10465408.0
2025-11-24,205.1999969482422,208.39999389648438,202.8000030517578,205.0,22126235.0
2025-11-25,205.10000610351562,209.39999389648438,203.5,204.5,26059519.0
2025-11-26,205.0,205.89999389648438,203.8000030517578,203.89999389648438,12810633.0
2025-11-27,205.10000610351562,206.3000030517578,202.8000030517578,203.0,16237467.0
2025-11-28,202.89999389648438,204.3000030517578,200.60000610351562,201.0,18693914.0
2025-12-01,200.39999389648438,204.5,200.10000610351562,204.39999389648438,15747088.0
2025-12-02,205.0,206.60000610351562,204.1999969482422,205.60000610351562,15844919.0
2025-12-03,206.5,207.6999969482422,201.6999969482422,201.6999969482422,26926688.0
2025-12-04,202.39999389648438,204.3000030517578,197.0,197.3000030517578,20870031.0
2025-12-05,197.60000610351562,198.89999389648438,195.0,195.8000030517578,16803389.0
2025-12-08,200.0,204.3000030517578,199.1999969482422,203.3000030517578,30029771.0
2025-12-09,203.5,203.89999389648438,202.0,202.6999969482422,12600989.0
2025-12-10,202.6999969482422,205.6999969482422,202.5,202.8000030517578,20951393.0
2025-12-11,203.1999969482422,205.0,201.89999389648438,202.6999969482422,14975340.0
2025-12-12,203.3000030517578,206.1999969482422,203.3000030517578,205.10000610351562,14853912.0
2025-12-15,205.60000610351562,207.6999969482422,203.6999969482422,207.0,16480703.0
2025-12-16,208.0,209.1999969482422,206.5,207.60000610351562,17885257.0
2025-12-17,207.1999969482422,210.5,205.5,209.10000610351562,18442682.0
2025-12-18,209.6999969482422,214.39999389648438,209.1999969482422,211.3000030517578,21959142.0
2025-12-19,211.5,214.1999969482422,210.6999969482422,214.1999969482422,13980944.0
2025-12-22,215.5,215.6999969482422,209.1999969482422,209.39999389648438,14826807.0
2025-12-23,209.0,209.3000030517578,206.10000610351562,207.0,11074599.0
2025-12-24,207.10000610351562,207.6999969482422,205.10000610351562,206.1999969482422,10897833.0
2025-12-25,207.3000030517578,208.3000030517578,206.3000030517578,206.5,5556206.0
2025-12-26,206.60000610351562,206.60000610351562,203.5,204.5,7540648.0
2025-12-29,203.39999389648438,203.39999389648438,195.3000030517578,195.39999389648438,19540273.0
2025-12-30,195.6999969482422,196.3000030517578,191.60000610351562,192.1999969482422,17912229.0
2025-12-31,193.0,195.5,191.6999969482422,191.6999969482422,13745143.0
2026-01-02,192.60000610351562,196.0,192.5,195.0,13826375.0
2026-01-05,195.5,198.8000030517578,194.10000610351562,198.60000610351562,18017761.0
2026-01-06,199.0,207.1999969482422,199.0,206.8000030517578,23999979.0
2026-01-07,207.6999969482422,209.3000030517578,204.0,205.10000610351562,24231189.0
2026-01-08,205.1999969482422,207.1999969482422,201.1999969482422,206.39999389648438,17519493.0
2026-01-09,209.6999969482422,210.1999969482422,203.39999389648438,204.6999969482422,21269977.0
2026-01-12,204.6999969482422,206.1999969482422,203.10000610351562,204.39999389648438,19823648.0
2026-01-13,204.5,204.8000030517578,200.10000610351562,201.3000030517578,20361904.0
2026-01-14,201.89999389648438,202.3000030517578,195.89999389648438,197.10000610351562,16921211.0
2026-01-15,197.1999969482422,200.39999389648438,195.6999969482422,199.10000610351562,22073894.0
2026-01-16,201.5,204.10000610351562,200.39999389648438,201.5,25537485.0
2026-01-19,203.5,205.6999969482422,202.10000610351562,203.1999969482422,25862347.0
2026-01-20,203.10000610351562,203.1999969482422,198.60000610351562,199.5,20340766.0
2026-01-21,199.8000030517578,200.8000030517578,197.8000030517578,200.1999969482422,20389836.0
2026-01-22,201.6999969482422,203.5,199.0,202.8000030517578,24096745.0
2026-01-23,203.5,205.60000610351562,202.60000610351562,203.1999969482422,23195434.0
2026-01-26,202.1999969482422,204.0,200.0,201.10000610351562,22601633.0
2026-01-27,201.39999389648438,202.1999969482422,197.1999969482422,197.1999969482422,24096313.0
2026-01-28,197.5,201.60000610351562,197.5,198.89999389648438,33373278.0
2026-01-29,200.5,205.0,199.6999969482422,201.6999969482422,42987312.0
2026-01-30,202.0,204.3000030517578,199.39999389648438,203.5,37468402.0
2026-02-02,202.0,205.8000030517578,198.8000030517578,202.6999969482422,41128727.0
2026-02-03,204.0,209.6999969482422,203.89999389648438,209.39999389648438,40984654.0
2026-02-04,211.0,211.39999389648438,205.89999389648438,207.5,39403586.0
2026-02-05,207.3000030517578,208.1999969482422,204.89999389648438,205.1999969482422,28770714.0
2026-02-06,205.0,207.6999969482422,200.89999389648438,207.0,32983462.0
2026-02-09,209.0,210.39999389648438,207.6999969482422,209.1999969482422,31649936.0
2026-02-10,209.5,211.5,207.1999969482422,207.8000030517578,28685406.0
2026-02-11,206.3000030517578,209.3000030517578,205.1999969482422,207.0,29992256.0
2026-02-12,208.1999969482422,221.10000610351562,208.1999969482422,217.5,59896686.0
2026-02-13,217.5,221.5,216.6999969482422,218.10000610351562,49699900.0
2026-02-16,220.3000030517578,226.10000610351562,219.89999389648438,224.0,47308951.0
2026-02-17,223.6999969482422,224.89999389648438,219.60000610351562,223.0,44930319.0
2026-02-18,223.3000030517578,224.10000610351562,210.89999389648438,211.0,56037000.0
2026-02-19,212.3000030517578,212.8000030517578,201.89999389648438,202.0,40688280.0
2026-02-20,202.89999389648438,204.89999389648438,200.60000610351562,204.1999969482422,32137310.0
2026-02-23,208.0,208.39999389648438,202.3000030517578,203.3000030517578,22981091.0
2026-02-24,203.0,203.1999969482422,199.5,199.6999969482422,21929017.0
2026-02-25,200.6999969482422,201.6999969482422,198.3000030517578,198.3000030517578,20084626.0
2026-02-26,198.6999969482422,205.3000030517578,197.1999969482422,202.1999969482422,25662235.0
2026-02-27,203.89999389648438,204.1999969482422,196.5,196.5,28260028.0
2026-03-02,178.1999969482422,186.60000610351562,178.1999969482422,185.10000610351562,20724671.0
2026-03-03,183.3000030517578,188.89999389648438,181.3000030517578,181.39999389648438,22148228.0
2026-03-04,181.0,183.6999969482422,178.89999389648438,181.8000030517578,19770456.0
2026-03-05,183.39999389648438,184.6999969482422,180.6999969482422,180.6999969482422,12212759.0
2026-03-06,180.6999969482422,182.3000030517578,175.60000610351562,177.1999969482422,16142232.0
2026-03-09,173.0,174.60000610351562,167.3000030517578,173.60000610351562,27347010.0
2026-03-10,182.0,182.60000610351562,178.0,179.39999389648438,25306922.0
2026-03-11,179.5,180.3000030517578,176.5,180.0,13373576.0
2026-03-12,178.5,181.39999389648438,177.5,179.0,15562808.0
2026-03-13,178.6999969482422,178.6999969482422,174.6999969482422,177.3000030517578,11289915.0
2026-03-16,177.3000030517578,177.89999389648438,174.60000610351562,176.89999389648438,7860643.0
2026-03-17,177.5,180.1999969482422,176.8000030517578,179.89999389648438,9212884.0
2026-03-18,181.1999969482422,181.60000610351562,176.89999389648438,178.5,7090342.0
2026-03-19,176.6999969482422,177.8000030517578,176.5,177.5,3243073.0
2026-03-23,173.8000030517578,181.5,169.10000610351562,181.5,25873107.0
2026-03-24,180.0,181.6999969482422,178.10000610351562,179.0,10504753.0
2026-03-25,181.8000030517578,183.1999969482422,178.5,180.0,18272536.0
2026-03-26,179.39999389648438,180.39999389648438,177.39999389648438,177.60000610351562,9288261.0
2026-03-27,178.0,178.39999389648438,174.6999969482422,177.0,7664200.0
2026-03-30,175.89999389648438,176.0,174.0,174.60000610351562,7566692.0
2026-03-31,174.5,176.8000030517578,174.1999969482422,175.5,14540516.0
2026-04-01,182.0,182.5,178.10000610351562,179.39999389648438,14789687.0
2026-04-02,176.8000030517578,179.39999389648438,175.1999969482422,178.89999389648438,11688355.0
2026-04-03,178.5,179.10000610351562,176.3000030517578,176.60000610351562,7770031.0
2026-04-06,177.0,180.10000610351562,176.60000610351562,178.39999389648438,13171659.0
2026-04-07,178.0,179.10000610351562,174.1999969482422,175.0,9918002.0
2026-04-08,185.1999969482422,190.60000610351562,184.10000610351562,186.0,32599541.0
2026-04-09,185.0,186.60000610351562,183.5,185.3000030517578,16750455.0
2026-04-10,187.0,188.60000610351562,186.5,188.39999389648438,16415393.0
2026-04-13,184.8000030517578,184.8000030517578,182.60000610351562,183.6999969482422,13856574.0
2026-04-14,185.89999389648438,188.8000030517578,185.5,187.10000610351562,20505621.0
2026-04-15,188.8000030517578,190.5,187.89999389648438,188.3000030517578,18342364.0
2026-04-16,190.10000610351562,191.39999389648438,184.89999389648438,186.0,15848055.0
2026-04-17,186.5,198.0,185.5,196.89999389648438,32820718.0
2026-04-20,191.0,195.3000030517578,190.6999969482422,193.5,21385265.0
2026-04-21,193.89999389648438,195.10000610351562,190.10000610351562,190.1999969482422,16887087.0
2026-04-22,191.60000610351562,192.5,187.5,190.1999969482422,9994246.0
2026-04-24,189.8000030517578,190.39999389648438,186.60000610351562,189.10000610351562,13563866.0
2026-04-27,188.39999389648438,189.8000030517578,185.60000610351562,186.0,12094925.0
2026-04-28,185.8000030517578,185.89999389648438,180.5,180.5,10088006.0
2026-04-29,181.10000610351562,182.1999969482422,178.60000610351562,179.10000610351562,7175887.0
2026-04-30,178.3000030517578,181.39999389648438,177.89999389648438,180.60000610351562,11425201.0
2026-05-04,181.3000030517578,182.0,178.1999969482422,178.89999389648438,8698729.0
2026-05-05,178.5,180.3000030517578,177.6999969482422,178.6999969482422,8597670.0
2026-05-06,181.8000030517578,187.60000610351562,180.39999389648438,184.3000030517578,24157695.0
2026-05-07,185.39999389648438,188.1999969482422,185.39999389648438,187.5,13130496.0
2026-05-08,186.1999969482422,188.10000610351562,184.1999969482422,186.6999969482422,14732353.0
2026-05-11,185.89999389648438,185.89999389648438,184.3000030517578,185.0,11466985.0
2026-05-12,183.0,184.6999969482422,179.89999389648438,179.89999389648438,12343770.0
2026-05-13,180.5,181.6999969482422,177.0,177.0,10415991.0
2026-05-14,177.89999389648438,180.3000030517578,177.89999389648438,178.39999389648438,8516620.0
2026-05-15,178.0,178.10000610351562,175.60000610351562,176.60000610351562,6353847.0
2026-05-18,176.5,176.5,171.60000610351562,171.60000610351562,11004387.0
2026-05-20,171.1999969482422,174.10000610351562,169.10000610351562,173.39999389648438,9423514.0
2026-05-21,173.39999389648438,173.60000610351562,162.89999389648438,162.89999389648438,8895783.0
2026-05-22,162.89999389648438,169.39999389648438,161.5,168.10000610351562,24388212.0
2026-05-25,173.10000610351562,173.8000030517578,171.10000610351562,172.6999969482422,14689420.0
2026-05-26,172.5,172.6999969482422,170.10000610351562,170.10000610351562,3951093.0
2026-05-27,170.10000610351562,170.10000610351562,170.10000610351562,170.10000610351562,0.0
2026-05-28,170.10000610351562,170.10000610351562,170.10000610351562,170.10000610351562,0.0
2026-05-29,170.10000610351562,170.10000610351562,170.10000610351562,170.10000610351562,0.0
2026-06-01,171.5,172.5,168.10000610351562,168.39999389648438,10232891.0
2026-06-02,169.39999389648438,173.0,169.39999389648438,172.1999969482422,10896492.0
2026-06-03,171.1999969482422,173.1999969482422,169.8000030517578,170.0,10401590.0
2026-06-04,171.0,172.39999389648438,169.5,171.1999969482422,9564254.0
2026-06-05,171.5,171.8000030517578,167.6999969482422,168.60000610351562,7843804.0
2026-06-08,166.8000030517578,170.60000610351562,165.6999969482422,170.0,8090083.0
2026-06-09,170.39999389648438,170.8000030517578,168.0,168.89999389648438,9226231.0
2026-06-10,168.39999389648438,169.39999389648438,165.89999389648438,166.8000030517578,7656082.0
2026-06-11,166.8000030517578,167.8000030517578,163.60000610351562,165.5,8415745.0
2026-06-12,170.10000610351562,174.39999389648438,168.5,172.0,23502373.0
2026-06-15,183.3000030517578,183.3000030517578,179.89999389648438,181.1999969482422,17444149.0
2026-06-16,181.1999969482422,187.1999969482422,180.1999969482422,184.0,19521068.0
2026-06-17,185.1999969482422,185.60000610351562,180.0,180.0,8482928.0
2026-06-18,182.0,184.89999389648438,182.0,184.6999969482422,11247775.0
2026-06-19,182.0,186.3000030517578,181.39999389648438,183.6999969482422,16012710.0
2026-06-22,184.5,185.0,182.3000030517578,182.5,7505492.0
2026-06-23,181.6999969482422,182.0,177.3000030517578,178.10000610351562,9602331.0
2026-06-24,178.5,178.8000030517578,175.0,177.0,8464150.0
2026-06-25,178.8000030517578,183.3000030517578,178.5,180.6999969482422,13507357.0
2026-06-26,180.1999969482422,181.3000030517578,177.3000030517578,180.10000610351562,8847827.0
2026-06-29,180.10000610351562,180.1999969482422,176.8000030517578,177.10000610351562,8149690.0
2026-06-30,177.3000030517578,177.89999389648438,174.60000610351562,175.10000610351562,10255470.0
2026-07-01,175.10000610351562,177.8000030517578,173.89999389648438,176.60000610351562,11108592.0
2026-07-02,177.39999389648438,179.10000610351562,176.8000030517578,177.0,10340427.0
2026-07-03,177.60000610351562,177.6999969482422,173.89999389648438,174.10000610351562,9272893.0
2026-07-06,175.0,178.39999389648438,174.39999389648438,174.8000030517578,15068826.0
2026-07-07,174.1999969482422,177.8000030517578,173.3000030517578,174.10000610351562,16229751.0
2026-07-08,172.5,172.5,165.89999389648438,166.0,16635812.0
2026-07-09,167.0,167.3000030517578,165.0,167.3000030517578,10396523.0
2026-07-10,167.1999969482422,170.5,166.89999389648438,170.1999969482422,11446888.0
2026-07-13,168.6999969482422,168.6999969482422,164.3000030517578,165.39999389648438,11047153.0
2026-07-14,164.60000610351562,166.39999389648438,162.89999389648438,166.0,9838711.0
2026-07-16,166.10000610351562,169.39999389648438,165.60000610351562,167.6999969482422,10215552.0
2026-07-17,167.3000030517578,168.6999969482422,165.8000030517578,166.5,7511853.0
2026-07-20,166.39999389648438,166.39999389648438,163.39999389648438,164.6999969482422,11259998.0
2026-07-21,165.60000610351562,166.0,162.1999969482422,163.3000030517578,8295816.0
2026-07-22,163.3000030517578,163.6999969482422,162.5,163.0,7409350.0
2026-07-23,162.89999389648438,163.3000030517578,160.10000610351562,160.39999389648438,10705377.0
2026-07-24,160.1999969482422,163.0,159.89999389648438,161.60000610351562,9746993.0
2026-07-27,164.60000610351562,167.0,161.60000610351562,161.60000610351562,12284279.0
2026-07-28,162.3000030517578,164.10000610351562,158.6999969482422,159.6999969482422,10302297.0
2026-07-29,159.6999969482422,160.0,153.60000610351562,153.60000610351562,13982956.0
2026-07-30,153.3000030517578,154.0,148.39999389648438,148.6999969482422,12530607.0
2026-07-31,149.60000610351562,153.39999389648438,149.3000030517578,153.0,10782986.0
2026-08-03,156.10000610351562,158.39999389648438,154.89999389648438,156.60000610351562,11903353.0
2026-08-04,156.5,159.6999969482422,154.3000030517578,158.89999389648438,14473115.0
2026-08-05,158.1999969482422,158.1999969482422,154.10000610351562,156.5,10401730.0
2026-08-06,156.8000030517578,157.3000030517578,154.3000030517578,154.6999969482422,7129238.0
2026-08-07,154.6999969482422,155.0,152.10000610351562,153.5,7435201.0
2026-08-10,153.60000610351562,153.89999389648438,150.89999389648438,151.3000030517578,6195273.0
2026-08-11,151.3000030517578,151.39999389648438,148.5,149.6999969482422,8471657.0
2026-08-12,149.6999969482422,153.1999969482422,149.3000030517578,151.89999389648438,9453881.0
2026-08-13,150.0,152.89999389648438,149.0,152.1999969482422,11664644.0
2026-08-14,152.1999969482422,153.3000030517578,150.60000610351562,151.6999969482422,8074426.0
2026-08-17,151.6999969482422,153.60000610351562,150.10000610351562,151.1999969482422,7844901.0
2026-08-18,151.0,151.0,148.3000030517578,149.3000030517578,6857580.0
2026-08-19,148.60000610351562,151.39999389648438,148.10000610351562,150.10000610351562,11248951.0
2026-08-20,150.3000030517578,151.60000610351562,149.1999969482422,149.60000610351562,7116658.0
2026-08-21,149.89999389648438,151.1999969482422,149.1999969482422,149.5,10053008.0
2026-08-24,150.89999389648438,152.0,149.0,149.60000610351562,9011618.0
2026-08-25,150.0,150.8000030517578,149.10000610351562,150.10000610351562,8224878.0
2026-08-26,151.5,156.60000610351562,151.3000030517578,153.3000030517578,18135551.0
