Date,open,high,low,close,volume
2018-01-01,16.272369384765625,16.272369384765625,16.272369384765625,16.272369384765625,0.0
2018-01-02,16.292082252010243,16.765173098846045,16.144239717465126,16.745460510253906,809315.0
2018-01-03,16.755317119841944,17.00171884219256,16.40049803809035,16.449779510498047,662675.0
2018-01-04,16.410351956535607,16.508913007184503,16.01610963383571,16.124526977539062,991324.0
2018-01-05,16.1245310749672,16.311795050900773,15.927408923578415,16.21323585510254,943179.0
2018-01-08,16.22308717784125,16.380785996824766,16.08510282611345,16.11467170715332,343315.0
2018-01-09,16.12452960999961,16.154096614094357,15.86827158843455,15.897838592529297,598768.0
2018-01-10,15.858414857312125,16.09496028303977,15.54302095634193,16.08510398864746,959109.0
2018-01-11,16.055537159808814,16.065391574412256,15.651437544865276,15.809135437011719,680127.0
2018-01-12,15.917551429227117,15.966832903310877,15.710573937815369,15.740142822265625,484278.0
2018-01-15,15.710573937815369,15.897838839593614,15.612013809491875,15.740142822265625,463210.0
2018-01-16,15.661294119184959,15.858415312955003,15.552876757650438,15.769710540771484,1895621.0
2018-01-17,15.828846544958871,16.370931476709135,15.631725349743867,16.262514114379883,859103.0
2018-01-18,16.390642313950472,16.696181813822115,16.094960988799354,16.499059677124023,880683.0
2018-01-19,16.439922922178905,16.439922922178905,16.14423973270546,16.361074447631836,659456.0
2018-01-22,16.361073712023472,16.55819394958048,15.927406181564717,16.20337677001953,830354.0
2018-01-23,16.262513527917182,16.262513527917182,15.966832215731607,16.08510398864746,824555.0
2018-01-24,16.07524502958444,16.07524502958444,15.671146425963729,15.799276351928711,1249672.0
2018-01-25,15.799278095427638,15.927406155636321,15.52330750742208,15.562731742858887,978535.0
2018-01-26,15.582446794276581,15.86827278137207,15.562734203467482,15.86827278137207,543152.0
2018-01-29,15.868271877073227,15.986543655395508,15.651438090270348,15.986543655395508,628386.0
2018-01-30,15.996398797812418,16.025967680210773,15.779565966578804,15.887983322143555,399508.0
2018-01-31,15.887982640016704,16.00625440474053,15.720428466796875,15.720428466796875,501382.0
2018-02-01,15.72042816032113,15.769708687960584,15.375466346740723,15.375466346740723,790342.0
2018-02-02,15.76971025161833,15.868271316670135,15.365611576812286,15.552876472473145,1342484.0
2018-02-05,15.474027864640496,15.65143740424381,15.050217544401871,15.060072898864746,883463.0
2018-02-06,14.931942856459694,14.931942856459694,14.370147273250275,14.685541152954102,1974954.0
2018-02-07,14.813672126450511,14.981225382367452,14.685543110752377,14.931944847106934,1161144.0
2018-02-08,14.951655213693135,14.971366860897156,14.45885181427002,14.45885181427002,803331.0
2018-02-09,14.40957281708761,14.78410355322986,14.17302738582345,14.636262893676758,749444.0
2018-02-12,14.784103962582082,15.198058948730221,14.734823428050538,15.089642524719238,761005.0
2018-02-13,15.276907199407951,15.483884689384945,15.020649175636812,15.119210243225098,1152308.0
2018-02-14,15.267052461264845,15.276908757018207,14.606695684959178,14.66583251953125,731165.0
2018-02-15,14.833384930101065,15.05021872440044,14.75453644852821,15.030506134033203,679628.0
2018-02-16,15.050216810360544,15.158633223748145,14.902375221252441,14.902375221252441,454391.0
2018-02-19,14.971369883008698,15.257195874772847,14.853097156066436,15.079787254333496,588715.0
2018-02-20,15.079784826548892,15.286762300362328,14.912231588702397,15.020648002624512,951934.0
2018-02-21,15.020649316275295,15.12906667962712,14.88266494829735,15.09949779510498,1296690.0
2018-02-22,15.089641193759688,15.207913902234512,14.991080133390033,15.138920783996582,934387.0
2018-02-23,15.217770220166097,15.276907048123045,14.931944254928167,15.01079273223877,885494.0
2018-02-26,15.060073319418368,15.395179819161179,15.050217964680282,15.385323524475098,1459961.0
2018-02-27,15.424744871833914,15.424744871833914,15.109351020585256,15.129063606262207,815257.0
2018-02-28,15.12906647318994,15.168490712066838,14.981224872440581,15.000937461853027,474622.0
2018-03-01,14.902374999906662,15.020647705467677,14.646117001217172,14.67568588256836,867496.0
2018-03-02,14.6165511597647,14.92208973132146,14.596839509313192,14.774248123168945,810020.0
2018-03-05,14.83338406776093,14.882664600866047,14.685542468445579,14.76439094543457,463539.0
2018-03-06,14.833382739124339,14.931942856558486,14.360290979617563,14.42928409576416,773142.0
2018-03-07,14.360290469393297,14.577124223960913,14.192737241765755,14.498275756835938,1134779.0
2018-03-08,14.498275466628511,14.616548164948547,14.439138647494568,14.537699699401855,733727.0
2018-03-09,14.488420484109293,14.488420484109293,14.212450829730926,14.360291481018066,798037.0
2018-03-12,14.389860069661058,14.527844424061202,14.389860069661058,14.399715423583984,552022.0
2018-03-13,14.42928622861127,14.448997879032591,14.232164084709803,14.271588325500488,772864.0
2018-03-14,14.232162997983863,14.242019292415948,13.877344857960566,14.035041809082031,1554518.0
2018-03-15,14.044899370751168,14.044899370751168,13.798497627404656,13.8674898147583,1082547.0
2018-03-16,13.926623258285229,14.044895953521142,13.78863797720275,13.808350563049316,991245.0
2018-03-19,13.76892919349336,13.778784548517478,13.53238281390209,13.680224418640137,1067584.0
2018-03-20,13.739358327707592,13.946335792541504,13.690078739847808,13.946335792541504,1180701.0
2018-03-21,13.95678321199788,14.207504632112355,13.95678321199788,14.144824028015137,1520836.0
2018-03-22,14.36420415252654,14.36420415252654,14.217950078860225,14.291077613830566,1792886.0
2018-03-23,14.176163551859178,14.176163551859178,13.988123735831282,14.019463539123535,1242066.0
2018-03-26,14.050803157508007,14.103036826490625,13.95678275259417,13.99856948852539,912604.0
2018-03-27,14.02991225975506,14.050805132520233,13.789637747171254,13.810531616210938,892037.0
2018-03-28,13.779188570205335,13.820975305209755,13.549362025818201,13.58070182800293,1031999.0
2018-03-29,13.632936211606875,13.914996438627332,13.601596407776691,13.80008316040039,802101.0
2018-03-30,13.904550892686114,14.092590717231415,13.873210091699873,14.082143783569336,574615.0
2018-04-02,14.123931678372942,14.165718417220667,14.040357204403053,14.050804138183594,340061.0
2018-04-03,14.02991225975506,14.061252067040074,13.800084681691095,13.810531616210938,733590.0
2018-04-04,13.946336815817144,14.061250090559405,13.737402139886674,13.99856948852539,904323.0
2018-04-05,14.1134838059007,14.353757289225848,13.967229731523844,14.343310356140137,1658905.0
2018-04-06,14.332864894892827,14.353757765483104,14.197057749095608,14.24929141998291,833144.0
2018-04-09,14.395543640815387,14.437330375767814,14.113483428955078,14.113483428955078,1312230.0
2018-04-10,14.311971388995016,14.311971388995016,13.768743788379622,13.89410400390625,979430.0
2018-04-11,13.925442927801962,14.322417416661075,13.831422523036071,14.291077613830566,1940747.0
2018-04-12,14.291078680923231,14.374652158894467,14.040357250735086,14.155271530151367,1113633.0
2018-04-13,14.165717096714202,14.280630368764793,14.029909959050222,14.113483428955078,707604.0
2018-04-16,14.155271506882247,14.249291918513942,14.061251095250553,14.10303783416748,530292.0
2018-04-17,14.186609257447993,14.186609257447993,13.695614399075836,13.946335792541504,875253.0
2018-04-18,13.998569949304558,14.186610765321813,13.831423000077844,14.144824028015137,1136338.0
2018-04-19,14.19705863399157,14.259738245943597,14.02991167375354,14.092591285705566,911567.0
2018-04-20,14.092591894310203,14.092591894310203,13.841871443125513,13.862765312194824,504039.0
2018-04-23,13.862765312194826,13.862765312194826,13.862765312194826,13.862765312194824,0.0
2018-04-24,13.810529973460492,13.914996317409196,13.643383026123049,13.643383026123047,544821.0
2018-04-25,13.643384228579244,13.685170969096466,13.006135190348472,13.079262733459473,939131.0
2018-04-26,13.16283493692456,13.288195146308917,12.98524105789479,13.14194107055664,674971.0
2018-04-27,13.162836622794861,13.20462336460828,13.047922335602083,13.121049880981445,1226879.0
2018-04-30,13.162834883741096,13.528468577232895,12.912113469711018,13.037473678588867,1304073.0
2018-05-01,13.037473678588867,13.037473678588867,13.037473678588867,13.037473678588867,0.0
2018-05-02,13.06881498689912,13.497129299645113,13.06881498689912,13.288195610046387,1217051.0
2018-05-03,13.183728741014779,13.319535893204305,13.068815456673388,13.08970832824707,1235074.0
2018-05-04,13.058369190639887,13.18372941531709,12.609160971674033,12.912115097045898,1239517.0
2018-05-07,12.933007318152555,12.943454251279892,12.640500164507774,12.744966506958008,595333.0
2018-05-08,12.724076298561322,12.776308982575122,12.243528233202408,12.379335403442383,1278398.0
2018-05-09,12.29576226985883,12.525588875749463,12.17040103502352,12.264421463012695,1268843.0
2018-05-10,12.27486560234409,12.933007452065251,12.118165588909026,12.661393165588379,1954304.0
2018-05-11,12.56737412562887,12.79720170043019,12.410674095153809,12.410674095153809,799319.0
2018-05-14,12.431565615779151,12.786753375591308,12.389778879111509,12.661393165588379,735799.0
2018-05-15,12.536033906987758,12.61960738666572,12.347993079575113,12.368886947631836,1075098.0
2018-05-16,12.347991489280865,12.724073095670713,12.347991489280865,12.546479225158691,1230513.0
2018-05-17,12.536031784939354,12.73451851650687,12.51513792041946,12.640499114990234,1277442.0
2018-05-18,12.692732837595702,12.76586037321268,12.50469302267553,12.744966506958008,1050512.0
2018-05-21,12.609161376953127,12.69273486275745,12.546481760737151,12.609161376953125,708801.0
2018-05-22,12.650945563164722,12.71362616298781,12.483798625335606,12.546479225158691,763781.0
2018-05-23,12.483801719651956,12.556929270283817,12.076381206776167,12.222634315490723,1855643.0
2018-05-24,12.306205509806611,12.682287139268986,12.285312639433366,12.525586128234863,2881441.0
2018-05-25,12.494246708757213,12.588267119014095,12.38977936485525,12.51513957977295,1053147.0
2018-05-28,12.67184013880719,13.225514650469055,12.630053402007698,13.006134033203125,1658670.0
2018-05-29,13.07926266887954,13.07926266887954,12.682288137788763,12.922561645507812,1141291.0
2018-05-30,12.93300918079871,13.403110280215904,12.797202019407159,13.382217407226562,1996384.0
2018-05-31,13.45534333167763,13.518022944006741,12.922561645507812,12.922561645507812,1259693.0
2018-06-01,13.058369106491194,13.058369106491194,12.713628241781786,12.807648658752441,842566.0
2018-06-04,12.838987206155346,13.162835166587845,12.609159653470167,12.630053520202637,855194.0
2018-06-05,12.692733490914266,12.734520229300076,12.483799798985217,12.567373275756836,519851.0
2018-06-06,13.058367618558744,13.14194109161557,11.919677802816521,12.316652297973633,1353034.0
2018-06-07,12.337546978846236,12.755414371716151,12.233079632491533,12.692733764648438,1450099.0
2018-06-08,12.703179359436037,12.755413027107188,12.452458950143722,12.703179359436035,830877.0
2018-06-11,12.734519783420224,12.912113664410343,12.159952399801549,12.818094253540039,1463204.0
2018-06-12,12.797201534366707,12.797201534366707,12.337547387003289,12.44201374053955,806085.0
2018-06-13,12.379334021027015,12.504694241955264,12.170399323205455,12.285313606262207,739382.0
2018-06-14,12.233079953153021,12.46290752339309,12.128612604059953,12.337547302246094,954220.0
2018-06-15,12.337547302246092,12.337547302246092,12.337547302246092,12.337547302246094,0.0
2018-06-18,12.285312111211333,12.379332514534404,12.128611106914763,12.327098846435547,741608.0
2018-06-19,12.159953068675318,12.368886764781537,12.086825527832305,12.347992897033691,663665.0
2018-06-20,12.368886008914881,12.71362683549153,12.327099272247239,12.661393165588379,1053409.0
2018-06-21,12.692734356143035,13.1210496991377,12.546481259960244,13.1001558303833,1209696.0
2018-06-22,13.42400509064718,13.528471455467152,12.828542726447518,13.329984664916992,1795121.0
2018-06-25,13.476235978284748,13.549363519811505,12.159953182371082,12.212185859680176,1996465.0
2018-06-26,12.233078969088659,12.609159602276637,12.222632035764839,12.525586128234863,791544.0
2018-06-27,12.536032574935568,12.692732583612518,12.473351973700172,12.671839714050293,664024.0
2018-06-28,12.713625914186224,13.319534050096513,12.598712645746106,12.953899383544922,1892644.0
2018-06-29,13.05836782547429,13.089707629298596,12.347992296960681,12.630053520202637,1233432.0
2018-07-02,12.567372717144108,12.588266583545506,12.295759427846619,12.316652297973633,763367.0
2018-07-03,12.327099350676663,12.379333020912144,11.940571784973145,11.940571784973145,1238281.0
2018-07-04,11.961465814886587,12.045039296855485,11.867445398602955,11.909232139587402,710199.0
2018-07-05,11.98236078187419,12.358441485207514,11.971913846601842,12.222634315490723,936532.0
2018-07-06,12.306208122658646,12.368888739635512,12.076381518384222,12.107721328735352,622451.0
2018-07-09,12.15995265835733,12.233079200458358,11.909231235215609,12.01369857788086,631827.0
2018-07-10,11.68985155682869,11.94057300022121,11.65851175000756,11.721192359924316,1041977.0
2018-07-11,11.616723801372556,11.898785022268607,11.439129920721205,11.888338088989258,1486635.0
2018-07-12,11.79431759863085,11.856998201589356,11.157069617212223,11.198856353759766,1592760.0
2018-07-13,11.230197643841313,11.334664997177551,10.969030256775236,11.104837417602539,1127016.0
2018-07-16,11.136176358342608,11.355556986254259,10.875008991603712,11.20930290222168,1734148.0
2018-07-17,11.366002432084178,11.616722832225358,11.219748367198003,11.595829963684082,718220.0
2018-07-18,11.668957378345809,11.668957378345809,11.188409410350143,11.439129829406738,700423.0
2018-07-19,11.397343525039082,11.543597606504658,11.345109853353204,11.533150672912598,580217.0
2018-07-20,11.554044540096719,11.721191492471993,11.5331506729126,11.533150672912598,456692.0
2018-07-23,11.637616666575585,11.700296268309641,11.533149335319752,11.543596267700195,564204.0
2018-07-24,11.595830318774274,11.648062989864101,11.230195643499439,11.292876243591309,1015915.0
2018-07-25,11.230195459043047,11.3555556608934,10.937688321392224,11.271982192993164,1583270.0
2018-07-26,11.324216526940548,11.752530824242369,11.271982857355704,11.386896133422852,1230821.0
2018-07-27,11.752531000403536,11.836104474482232,11.522703448549924,11.648063659667969,1498765.0
2018-07-30,11.66895878644241,11.940573104666688,11.585385303338708,11.87789249420166,1188390.0
2018-07-31,11.888338364447208,12.107718987024704,11.794317955303363,12.01369857788086,1257487.0
2018-08-01,12.013699548228676,12.034593416959094,11.68985155682869,11.721192359924316,1158064.0
2018-08-02,11.59583052380822,11.59583052380822,11.052601967654619,11.26153564453125,1592699.0
2018-08-03,11.136175058586701,11.37644952600562,11.136175058586701,11.271982192993164,1057947.0
2018-08-06,11.24064293220405,11.33466333718219,11.052602122247768,11.230195999145508,1170491.0
2018-08-07,11.230195643499439,11.345108914681136,11.125728308771103,11.292876243591309,766270.0
2018-08-08,11.313770247427012,11.345110052478837,11.177963097169854,11.20930290222168,902566.0
2018-08-09,11.167517438786996,11.376452153059171,11.073498012893982,11.146624565124512,1323908.0
2018-08-10,11.115281793346295,11.57493585040502,10.46758694208095,11.470468521118164,2825067.0
2018-08-13,11.230196157101826,11.585383915893134,10.812328791626395,11.198856353759766,3628706.0
2018-08-14,11.439128993942965,11.460022858808877,11.031708591800793,11.11528205871582,5007743.0
2018-08-15,11.27198268046526,11.386895954729082,11.021262265921813,11.125728607177734,2089876.0
2018-08-16,11.313770247767483,11.407790659200225,10.540715081302954,10.624288558959961,1543848.0
2018-08-17,10.87500928170252,11.11528378357451,10.112401028693542,11.094389915466309,1680327.0
2018-08-20,11.146623478824848,11.146623478824848,10.864562239810562,10.937689781188965,430717.0
2018-08-21,10.937689781188965,10.937689781188965,10.937689781188965,10.937689781188965,0.0
2018-08-22,10.937689781188965,10.937689781188965,10.937689781188965,10.937689781188965,0.0
2018-08-23,10.937689781188965,10.937689781188965,10.937689781188965,10.937689781188965,0.0
2018-08-24,10.937689781188965,10.937689781188965,10.937689781188965,10.937689781188965,0.0
2018-08-27,10.989923340357397,11.209302973387405,10.916795799739614,11.07349681854248,1219327.0
2018-08-28,11.08394227359299,11.533150446488289,11.05260246970651,11.51225757598877,1276892.0
2018-08-29,11.543598460813758,11.794318907931782,11.334664754882072,11.721192359924316,868756.0
2018-08-30,11.721192359924315,11.721192359924315,11.721192359924315,11.721192359924316,0.0
2018-08-31,11.721190857949196,12.295759222840951,11.480916379711102,12.003251075744629,1947430.0
2018-09-03,11.961465065175217,12.139058952296658,11.742084439688403,11.982358932495117,808180.0
2018-09-04,12.003252144681229,12.118166425657767,11.836105186469307,11.86744499206543,693901.0
2018-09-05,11.815212601951735,12.1286126580778,11.815212601951735,12.045039176940918,1838634.0
2018-09-06,12.10771770446942,12.253970773179072,11.81521057077581,11.836103439331055,682060.0
2018-09-07,11.877891486117049,11.877891486117049,11.439130238923328,11.480916976928711,826000.0
2018-09-10,11.574936657983379,11.574936657983379,11.177962173780598,11.26153564453125,523473.0
2018-09-11,11.167514326860198,11.386894918693992,11.021261263153852,11.31376838684082,494758.0
2018-09-12,11.31376861494928,11.637616541337845,11.282428814419514,11.627169609069824,1102256.0
2018-09-13,11.804764640870657,12.09727179940519,11.512257482336121,11.940571784973145,1911811.0
2018-09-14,12.128611255710998,12.274865328927202,11.940571443032301,11.951017379760742,1116551.0
2018-09-17,11.909231596272699,12.024145875943264,11.63761829040238,11.6585111618042,1127953.0
2018-09-18,11.721191222354472,11.79431776326483,11.648063685169712,11.700297355651855,554567.0
2018-09-19,11.804766048338282,11.825658921158867,11.59583233875985,11.689851760864258,780752.0
2018-09-20,11.689850691695813,11.742084363381691,11.50181086841084,11.533150672912598,667214.0
2018-09-21,11.564490224820444,11.606276962001548,11.355556538914922,11.460023880004883,1166953.0
2018-09-24,11.64806317380897,11.825657047887079,11.595830501894289,11.794317245483398,1467850.0
2018-09-25,11.919677918369196,12.09727179940519,11.846551377804161,11.940571784973145,1215836.0
2018-09-26,11.982360546605614,12.1704003964429,11.919679932476809,12.149507522583008,792576.0
2018-09-27,11.700296599197566,11.700296599197566,11.37644965643974,11.428682327270508,1593127.0
2018-09-28,11.439131022143235,11.48091776300969,11.031710547763906,11.167516708374023,1359154.0
2018-10-01,11.16751485998071,11.334662792055502,11.01081485673635,11.271982192993164,668497.0
2018-10-02,11.33466348627035,11.470469632720215,11.157069607036666,11.439129829406738,971893.0
2018-10-03,11.439128720841824,11.522702185761592,11.355555255922056,11.470468521118164,894403.0
2018-10-04,11.543598456999694,11.543598456999694,11.136176983361647,11.37645149230957,994269.0
2018-10-05,11.533151125201208,11.700298084131385,11.282430686805945,11.679405212402344,974526.0
2018-10-08,11.595830501894289,11.846550913672434,11.439129497327183,11.794317245483398,925445.0
2018-10-09,11.794318111713727,12.03459260452044,11.783871178053776,11.982358932495117,941432.0
2018-10-10,12.003251662403873,12.045038400277909,11.658510825874476,11.773425102233887,1058981.0
2018-10-11,11.658511953496122,11.877892597622104,11.543598662296613,11.689851760864258,795978.0
2018-10-12,11.606277080811408,11.76297809405045,11.251090309273284,11.616724014282227,1625925.0
2018-10-15,11.700298016353845,11.909231713806252,11.39734390597924,11.522704124450684,1579644.0
2018-10-16,11.48091700122672,11.574937411006417,11.366003720537323,11.533150672912598,1172149.0
2018-10-17,11.585384528510003,11.700297811023583,11.376450834724205,11.554044723510742,1477461.0
2018-10-18,11.501810442798048,11.522703312934627,11.073496144117136,11.198856353759766,1911656.0
2018-10-19,11.16751740355987,11.36600518223741,10.979477556092446,11.042157173156738,2552362.0
2018-10-22,11.073496237246069,11.334663591933246,10.989922763448124,11.303322792053223,1172120.0
2018-10-23,11.230198350642537,11.271985095352084,10.655629863680328,10.979477882385254,1111975.0
2018-10-24,10.958584412414723,11.073498711771876,10.864563984313277,11.021265029907227,680215.0
2018-10-25,10.916795369184163,11.09438925239182,10.284770840802038,10.3422269821167,1728175.0
2018-10-26,10.321334703179744,10.321334703179744,9.715426477365147,9.74154281616211,1552564.0
2018-10-29,9.74154281616211,9.74154281616211,9.74154281616211,9.74154281616211,0.0
2018-10-30,9.924360844597095,10.749649759191556,9.819893489828365,10.676523208618164,3332329.0
2018-10-31,10.655629488661532,11.543599027831053,10.28999573438991,10.989924430847168,3288344.0
2018-11-01,11.031711922525709,11.083944607912102,10.592950590612636,10.864563941955566,1522341.0
2018-11-02,10.937690006056895,11.188410448374517,10.718309369960357,10.958582878112793,1198052.0
2018-11-05,10.969030280033783,10.979477214644461,10.572055731298665,10.81233024597168,1600329.0
2018-11-06,10.84367076634937,10.88545751126446,10.23776246694325,10.289996147155762,1796582.0
2018-11-07,10.30566538984472,10.488482769542244,10.159412283106356,10.321335792541504,1334314.0
2018-11-08,10.321334577898721,10.373568251133094,9.987040663237856,10.169857025146484,1117322.0
2018-11-09,10.20119808558082,10.20119808558082,9.496045969718413,9.684086799621582,1833998.0
2018-11-12,9.684087402521968,9.772883359643863,9.172198555503048,9.297558784484863,1746944.0
2018-11-13,9.27666575647023,9.610959694848592,9.187868804554162,9.407249450683594,1693306.0
2018-11-14,9.40202663715644,9.422920507895258,8.931925504553536,9.125188827514648,3885587.0
2018-11-15,9.109517039340606,9.318450710736744,8.905805837989332,9.005049705505371,1928544.0
2018-11-16,9.041613687646104,9.062507554573251,8.822233066283097,8.905806541442871,1986396.0
2018-11-19,8.879690942027844,8.931924617412317,8.702097043485328,8.858797073364258,1990761.0
2018-11-20,8.848350139135293,8.848350139135293,8.493162382038278,8.514055252075195,1907165.0
2018-11-21,8.52450269751484,8.796116998238215,8.514055763731378,8.738659858703613,2512036.0
2018-11-22,8.743883270221898,8.973710830630408,8.743883270221898,8.9528169631958,2134416.0
2018-11-23,9.005051066108733,9.161752090538068,8.874467377221528,9.04683780670166,2529162.0
2018-11-26,9.062507999024119,9.469928461340452,9.062507999024119,9.370685577392578,3634836.0
2018-11-27,9.402024362598215,9.579618235815907,9.271440690895462,9.29233455657959,3309416.0
2018-11-28,9.276665218025475,9.548279525329868,9.276665218025475,9.44903564453125,2822282.0
2018-11-29,9.532609168329296,9.704979595631668,9.469928560094584,9.553503036499023,2617536.0
2018-11-30,9.574395290615698,10.159410610052413,9.417695274551537,10.075837135314941,5655583.0
2018-12-03,10.138518032006333,10.169857839948099,9.522162830262594,9.590066909790039,3203015.0
2018-12-04,9.496045363567257,9.762436190167673,9.266217807942,9.569171905517578,4387476.0
2018-12-05,9.402024896725523,9.59528918018562,9.375908559411048,9.490821838378906,1457551.0
2018-12-06,9.454259251235623,9.642299085300085,9.20876127912101,9.365462303161621,2735642.0
2018-12-07,9.402025664771045,9.490822613678196,9.151305219483028,9.20353889465332,1762802.0
2018-12-10,9.161752597221403,9.18264547053609,8.911031143523415,8.926701545715332,959955.0
2018-12-11,8.884913800583204,9.151304630149388,8.853573996009072,9.140857696533203,1536701.0
2018-12-12,9.140858626054722,9.151305560733242,8.759554476759469,8.770001411437988,1778694.0
2018-12-13,8.822233960717151,8.874467637056275,8.696873735267962,8.827457427978516,970990.0
2018-12-14,8.82745613014458,8.82745613014458,8.514055114461323,8.623745918273926,880024.0
2018-12-17,8.675980214975645,8.722990420544855,8.420036315917969,8.420036315917969,1158672.0
2018-12-18,8.446152997607744,8.696873439993722,8.320792776414756,8.675980567932129,1419105.0
2018-12-19,8.660310177283852,8.691649983551853,8.529726488846958,8.649863243103027,717462.0
2018-12-20,8.59762830751392,8.59762830751392,8.44092830288163,8.472268104553223,899766.0
2018-12-21,8.514055114461323,8.749106125292355,8.420035706403274,8.623745918273926,895106.0
2018-12-24,8.67075648221745,8.80134016117773,8.524502403123153,8.561065673828125,580158.0
2018-12-25,8.493161807471202,8.550618939665883,8.43570467527652,8.529725074768066,199636.0
2018-12-26,8.524502754211426,8.576736427201702,8.482716015074093,8.524502754211426,142059.0
2018-12-27,8.566290012489064,8.649863495828509,8.357356304140454,8.456600189208984,854590.0
2018-12-28,8.42003624714473,8.655086276796498,8.42003624714473,8.555842399597168,842731.0
2018-12-31,8.602852575383304,8.884913805530834,8.576736237602722,8.822233200073242,728247.0
2019-01-01,8.82223320007324,8.82223320007324,8.82223320007324,8.822233200073242,0.0
2019-01-02,8.775222965771267,8.775222965771267,8.435705594384325,8.477492332458496,1129165.0
2019-01-03,8.373026717897353,8.378250185147884,7.99172207694183,8.085741996765137,2107914.0
2019-01-04,8.14319823132546,8.211101803591408,8.075294659059512,8.190208435058594,845566.0
2019-01-07,8.237219233492233,8.613299894234704,8.132751885148757,8.519279479980469,1550111.0
2019-01-08,8.545396008633402,8.77000008898015,8.404365400563437,8.728212356567383,974912.0
2019-01-09,8.702097171757783,8.879691072918106,8.68120429906072,8.80134105682373,760705.0
2019-01-10,8.822232523048363,9.036389664492715,8.733435586624532,8.973710060119629,1378687.0
2019-01-11,8.92670053877352,9.172197501107334,8.900584201007481,9.140857696533203,1352803.0
2019-01-14,9.172197307980301,9.234877912083206,8.989379958644099,9.14608097076416,970914.0
2019-01-15,9.151305554126633,9.21920863693894,9.093848409710779,9.114742279052734,552684.0
2019-01-16,9.140857856269255,9.271441539930244,9.046837444629432,9.109518051147461,891979.0
2019-01-17,9.17219838391825,9.375909623943084,9.109518768737162,9.355015754699707,766349.0
2019-01-18,9.323675785987524,9.50649315360973,9.224431901345554,9.38635540008545,1042490.0
2019-01-21,9.417695439759346,9.469928115180743,9.26621789146891,9.381131172180176,743067.0
2019-01-22,9.360238460566276,9.537832349589838,9.302781321095582,9.349791526794434,731718.0
2019-01-23,9.349791036299946,9.52738491600685,9.323674699514855,9.496045112609863,596026.0
2019-01-24,9.527385765328491,10.107177659367593,9.407249011368425,9.976593971252441,1457040.0
2019-01-25,10.112400261558607,10.498927825767849,10.070613524786646,10.399683952331543,2415792.0
2019-01-28,10.46758835176436,10.603394503342455,10.206420989649775,10.310887336730957,1403118.0
2019-01-29,10.227313315246162,10.38401332565006,10.028826568982936,10.378790855407715,1191632.0
2019-01-30,10.368343043702978,10.551160371197474,10.305662447088702,10.431022644042969,1337516.0
2019-01-31,10.54071619382323,11.021264239207698,10.478035580827626,10.989924430847168,1681774.0
2019-02-01,11.000371115764338,11.230198717307998,10.70786389324716,10.864563941955566,1345440.0
2019-02-04,10.83322149858801,11.031709241404915,9.992262317426938,10.11240005493164,1375683.0
2019-02-05,10.070613524786646,10.551161495801399,10.007932921491507,10.399683952331543,1387045.0
2019-02-06,10.425800699344686,10.624288454025473,10.274324146190388,10.441471099853516,1049387.0
2019-02-07,10.441471099853516,10.603394586680366,10.37356802353078,10.441471099853516,801827.0
2019-02-08,10.2899950767594,10.331781817327709,9.981817491465195,10.054944038391113,1582974.0
2019-02-11,10.154187620568289,10.310887643996956,10.133293752764759,10.169857025146484,804723.0
2019-02-12,10.23776165011893,10.26387799000419,9.673640140636588,9.783329963684082,1444730.0
2019-02-13,9.751989421736232,9.919136375465868,9.751989421736232,9.830339431762695,1098306.0
2019-02-14,9.887795509304524,9.887795509304524,9.64752104190462,9.725872039794922,788153.0
2019-02-15,9.746766401212923,10.007933777443226,9.746766401212923,9.976593971252441,1040727.0
2019-02-18,9.987040389046555,10.40490777090021,9.893019979060877,10.363121032714844,1532933.0
2019-02-19,10.389238184648274,10.446695327758789,10.09150752721107,10.446695327758789,621372.0
2019-02-20,10.457142560623456,10.728756886002527,10.33700580003159,10.676523208618164,1016896.0
2019-02-21,10.68696925583182,10.760096803423927,10.415355923963194,10.488482475280762,590486.0
2019-02-22,10.540716541884203,10.624290031121625,10.363122628186039,10.478035926818848,686399.0
2019-02-25,10.530267424613093,11.355556207024906,10.530267424613093,11.230195999145508,1598628.0
2019-02-26,11.230195999145508,11.292876601222392,10.91679498130983,11.230195999145508,1130198.0
2019-02-27,11.230197232273277,11.282430907027118,11.000369661121061,11.063050270080566,697704.0
2019-02-28,11.04215534450069,11.460023706250505,11.031709407569593,11.198856353759766,1032167.0
2019-03-01,11.063051043027869,11.282431695301987,11.000370429689028,11.042157173156738,913362.0
2019-03-04,11.094388201016066,11.386895335407592,11.042154535091857,11.355555534362793,1302212.0
2019-03-05,11.313769725346564,11.418237065731192,11.136175844457332,11.303322792053223,936517.0
2019-03-06,11.303322660596857,11.44957673617954,11.26153592418386,11.386896133422852,632648.0
2019-03-07,11.345112064173746,11.449579427903046,11.010818094279374,11.021265029907227,677505.0
2019-03-08,10.875009861086713,11.209303798432277,10.467589374015436,10.81233024597168,825049.0
2019-03-11,10.843669766404913,10.958583055256089,10.603395258094013,10.634736061096191,750644.0
2019-03-12,10.519819524610257,10.885454177856445,10.478032792491346,10.885454177856445,665256.0
2019-03-13,10.613841988908387,10.7078624035631,10.420578688806563,10.56160831451416,647641.0
2019-03-14,10.540715081302954,10.666075297788463,10.37356812598894,10.624288558959961,776025.0
2019-03-15,10.686968215642667,10.791435561306447,10.582501866253331,10.728755950927734,797319.0
2019-03-18,10.989923340357397,11.125729495202322,10.78098864862024,11.07349681854248,1016647.0
2019-03-19,11.221599085110515,11.329826919276936,10.896912323194877,11.187420845031738,925073.0
2019-03-20,11.153243146761541,11.346915485194883,10.965267181396484,10.965267181396484,687389.0
2019-03-21,10.9538740329253,11.107672840703717,10.59501123458103,10.640581130981445,740982.0
2019-03-22,10.737417531842024,10.782987429240636,10.315895709286826,10.350072860717773,818718.0
2019-03-25,10.201971033499719,10.703241021375105,10.042475839817165,10.475390434265137,1493316.0
2019-03-26,10.503870919443337,10.61209873896735,9.87158768766674,10.059563636779785,2054308.0
2019-03-27,9.88867724607902,10.076653203569137,9.2336084948064,9.29626750946045,1841703.0
2019-03-28,9.376015024741468,9.672219907854974,9.170951024985415,9.615257263183594,1907355.0
2019-03-29,9.729182091042656,9.843107374981603,9.541206133073814,9.740574836730957,980051.0
2019-04-01,9.769055210076717,10.04817094905354,9.626649154284136,9.689308166503906,1267856.0
2019-04-02,9.638042524929553,9.860195638710834,9.336141275928489,9.723485946655273,1718397.0
2019-04-03,9.757662701863149,9.951335029362912,9.660826538113268,9.945638656616211,1412170.0
2019-04-04,9.996905408897252,10.686151334011907,9.871588461818252,10.617795944213867,1428422.0
2019-04-05,10.726024703234561,10.88551988613689,10.52665599622466,10.811468124389648,906605.0
2019-04-08,11.039316298124884,11.039316298124884,10.686149909581822,10.754504203796387,719397.0
2019-04-09,10.79438048976292,11.01653361024583,10.79438048976292,10.8627347946167,686102.0
2019-04-10,10.822860243226938,10.902607286821786,10.78868309403943,10.868430137634277,352045.0
2019-04-11,10.982356457818941,11.010837237096002,10.811468522740322,10.8627347946167,610738.0
2019-04-12,10.70324078761779,10.868431264545448,10.651974515284909,10.845646858215332,884333.0
2019-04-15,10.828558146490918,11.090584804753496,10.486783346888833,10.543745994567871,1524930.0
2019-04-16,10.566529934592118,10.726025123747442,10.298806914750909,10.315896034240723,2066257.0
2019-04-17,10.361465377935382,10.509567812829234,10.281717244394365,10.367161750793457,2937383.0
2019-04-18,10.361466227182273,10.509568674214904,10.281718087104936,10.475390434265137,732215.0
2019-04-19,10.486782071189213,10.52665559377235,10.32728689438466,10.395642280578613,171515.0
2019-04-22,10.412731398745102,10.412731398745102,10.32728689438466,10.395642280578613,172868.0
2019-04-23,10.395642280578613,10.395642280578613,10.395642280578613,10.395642280578613,0.0
2019-04-24,10.338680517104338,10.46969384141504,10.196274446382592,10.310199737548828,1617023.0
2019-04-25,10.28171796811499,10.32728786771518,9.655132120230393,9.677916526794434,1767423.0
2019-04-26,9.712093358855228,9.723486104996729,9.472851122244057,9.529813766479492,1201899.0
2019-04-29,9.592472870008043,9.871588634151243,9.484243953635104,9.786145210266113,934752.0
2019-04-30,10.048172772969874,10.33868130989568,9.877285909588661,10.24184513092041,1801014.0
2019-05-01,10.24184513092041,10.24184513092041,10.24184513092041,10.24184513092041,0.0
2019-05-02,10.241845105163813,10.726025998822518,10.219060697123968,10.595012664794922,1621072.0
2019-05-03,10.680455360912529,10.697544480619946,10.492479390019353,10.669062614440918,1473663.0
2019-05-06,10.634885313207638,10.634885313207638,10.2532370035071,10.589315414428711,961976.0
2019-05-07,10.25893274047203,10.372856937118472,10.03677963351025,10.110830307006836,1509654.0
2019-05-08,10.139311237256026,10.184881133895324,9.939943618504122,10.00829792022705,1113741.0
2019-05-09,10.036779957545013,10.053867990034052,9.780448605488893,9.985513687133789,983394.0
2019-05-10,9.968423652331253,10.048170693878877,9.643738027205119,9.717788696289062,892239.0
2019-05-13,9.712093514721118,9.729182634207627,9.33044520463246,9.518421173095703,714085.0
2019-05-14,9.489942084066014,9.563993861891927,9.347535989063257,9.444372177124023,811492.0
2019-05-15,9.444370514941696,9.58677658488139,9.216521020332602,9.50702953338623,868612.0
2019-05-16,9.558295070887958,9.626649370781331,9.301963730107788,9.307660102844238,747727.0
2019-05-17,9.273482707133022,9.40449601718323,9.136773024497328,9.336140632629395,653149.0
2019-05-20,9.31905371201775,9.370319984925201,9.222217539467243,9.233609199523926,436034.0
2019-05-21,9.301965077955744,9.347534979978375,9.07981139816836,9.188039779663086,738409.0
2019-05-22,9.159558637748264,9.176647757761076,8.783606689243351,8.812088012695312,779773.0
2019-05-23,8.772213865517276,8.84626508854752,8.572845689576827,8.68677043914795,900396.0
2019-05-24,8.692467031737221,9.022849085446694,8.692467031737221,8.89183521270752,926270.0
2019-05-27,9.108290974520678,9.222216250946826,8.908922827246876,8.943099975585938,1342694.0
2019-05-28,9.022848915984913,9.381711743638714,8.994367592599485,9.216521263122559,1082240.0
2019-05-29,9.245002428809416,9.273484296618662,9.051330616831278,9.188039779663086,1397102.0
2019-05-30,9.233609529837569,9.381711980593591,9.227914242841544,9.370320320129395,1189671.0
2019-05-31,9.404497059817212,9.615257436486296,9.284875395204082,9.592473030090332,1197450.0
2019-06-03,9.626650519989887,9.683613167682447,9.415890135941195,9.467156410217285,301905.0
2019-06-04,9.467156410217285,9.467156410217285,9.467156410217285,9.467156410217285,0.0
2019-06-05,9.467156410217285,9.467156410217285,9.467156410217285,9.467156410217285,0.0
2019-06-06,9.467156410217285,9.467156410217285,9.467156410217285,9.467156410217285,0.0
2019-06-07,9.450067917893273,9.991211477221562,9.330446241143223,9.951336860656738,1109953.0
2019-06-10,9.979818813381362,10.196275587045838,9.905767039897464,10.025388717651367,681750.0
2019-06-11,10.093740785762527,10.133615393793033,9.951334730783795,10.059563636779785,644105.0
2019-06-12,10.036779784788306,10.15640035604084,9.97412076948153,10.099437713623047,528883.0
2019-06-13,9.96842431813682,10.059564110699167,9.683612194761483,9.740574836730957,493959.0
2019-06-14,9.751967338001899,9.894373396120388,9.563991384744371,9.86019515991211,501197.0
2019-06-17,9.740574913393411,10.150703983151857,9.65513149300274,10.099437713623047,638892.0
2019-06-18,10.076654469520198,10.463999178822643,9.928552016759138,10.435517311096191,970996.0
2019-06-19,10.452605023037583,10.651973724365234,10.315895335791424,10.651973724365234,718318.0
2019-06-20,10.680455688777098,10.970964213888491,10.549442359748078,10.634885787963867,1244290.0
2019-06-21,10.612101029621742,10.737419080395375,10.486784065320322,10.560835838317871,518335.0
2019-06-24,10.800075149133889,10.86843053648943,10.52665577265577,10.737417221069336,806566.0
2019-06-25,10.731721241191725,11.096280423177529,10.600707920974584,11.062103271484375,976521.0
2019-06-26,11.101975995975655,11.267167542451022,11.039316983661276,11.141849517822266,843630.0
2019-06-27,11.221599578857422,11.295650262675398,11.04501525676379,11.221599578857422,679237.0
2019-06-28,11.18172409786756,11.221598709959746,10.891216672214817,11.033622741699219,1089009.0
2019-07-01,11.096280250455374,11.221598282166369,10.868430765260898,11.084887504577637,1076225.0
2019-07-02,11.010837720905018,11.141851049691471,10.98235694037653,11.079193115234375,474184.0
2019-07-03,11.05071014814593,11.403877658491199,11.033622116118789,11.364004135131836,786200.0
2019-07-04,11.386787798247655,11.403876915633624,10.959569641846043,11.164634704589844,923611.0
2019-07-05,11.147545876688229,11.21590126153523,10.794379466649344,10.868430137634277,619608.0
2019-07-08,10.731721000364395,11.090583801269531,10.731721000364395,11.090583801269531,466220.0
2019-07-09,11.090583472541011,11.12476170892619,10.78868332310931,10.94248104095459,467587.0
2019-07-10,10.942481619444438,10.976659857636497,10.680454978804361,10.69754409790039,569745.0
2019-07-11,10.71463157802347,10.902607532498546,10.526655623548391,10.748809814453125,994758.0
2019-07-12,10.708936722437155,10.851342801652926,10.389947409206032,10.435517311096191,574537.0
2019-07-15,10.435517311096191,10.435517311096191,10.435517311096191,10.435517311096191,0.0
2019-07-16,10.555138800591719,10.965267910530958,10.367162822727217,10.720329284667969,741506.0
2019-07-17,10.845646359977474,11.244382687449793,10.834253614099739,11.084887504577637,625141.0
2019-07-18,11.05071014814593,11.449447554683617,10.942481237261923,11.364004135131836,511845.0
2019-07-19,11.438054636477233,11.734259500495792,11.307041322709335,11.386788368225098,512698.0
2019-07-22,11.449448263978683,11.631727860040609,11.193116902971541,11.392485618591309,524465.0
2019-07-23,11.364005151181418,11.597551025857781,11.250079857278358,11.54058837890625,410643.0
2019-07-24,11.586159095513642,11.586159095513642,11.079193783516589,11.46084213256836,1127248.0
2019-07-25,11.392484513034468,11.608941240734449,11.158938667435022,11.403877258300781,706693.0
2019-07-26,11.289952281662831,11.59754989327884,11.289952281662831,11.4722318649292,460985.0
2019-07-29,11.540587734661415,11.56337214028683,11.267168348324054,11.335522651672363,486971.0
2019-07-30,11.307043066159258,11.42666365287738,11.10197796153142,11.227294921875,1050643.0
2019-07-31,11.295649379672305,11.295649379672305,11.141850563989834,11.215902328491211,1186969.0
2019-08-01,11.176028879127466,11.278560337143015,11.107673487311674,11.210206031799316,1055110.0
2019-08-02,11.181724829446285,11.181724829446285,10.612100514240272,10.70893669128418,952457.0
2019-08-05,10.640581686364014,10.845646774105225,10.560834635118916,10.589315414428711,589090.0
2019-08-06,10.566529688980978,10.914000838559186,10.538048910298725,10.788683891296387,861120.0
2019-08-07,10.891217228663427,10.896912515638347,10.40133997693745,10.720329284667969,778555.0
2019-08-08,10.777292087156653,10.822861988914246,10.355770224280862,10.70893669128418,805756.0
2019-08-09,10.708936537773845,10.822861833770816,10.515264186462279,10.720329284667969,276084.0
2019-08-12,10.720329284667969,10.720329284667969,10.720329284667969,10.720329284667969,0.0
2019-08-13,10.720329284667969,10.720329284667969,10.720329284667969,10.720329284667969,0.0
2019-08-14,10.720329284667969,10.720329284667969,10.720329284667969,10.720329284667969,0.0
2019-08-15,10.754505100719394,10.83425323258325,10.629188159893344,10.748809814453125,1260276.0
2019-08-16,10.612099041678515,10.782986964410775,10.612099041678515,10.748809814453125,944341.0
2019-08-19,10.73741819585591,10.782988096072618,10.412732521002853,10.463998794555664,401587.0
2019-08-20,10.543747042895095,10.59501332225624,10.36716379535796,10.446910858154297,403236.0
2019-08-21,10.452604909718469,10.515262836648658,9.968424093592436,10.031083106994629,801144.0
2019-08-22,10.048171770770166,10.116527161188227,9.68361258579937,9.97412109375,1342396.0
2019-08-23,10.02538711412871,10.27602209076174,9.848803899135278,10.184881210327148,1496934.0
2019-08-26,10.127920641777756,10.139312302280121,9.91146279515053,9.9912109375,439089.0
2019-08-27,10.070956783856982,10.25893274047203,9.934247095998039,10.110830307006836,1604079.0
2019-08-28,10.190577177615936,10.190577177615936,9.900068688497184,10.042474746704102,963130.0
2019-08-29,10.093741417508028,10.207666703210142,9.957031726548719,10.002601623535156,1243211.0
2019-08-30,10.002601623535156,10.002601623535156,10.002601623535156,10.002601623535156,0.0
2019-09-02,10.065262058523514,10.25323804590624,10.025388528847207,10.139312744140625,1402247.0
2019-09-03,10.139312502165083,10.270326922010529,10.11652809423903,10.247541427612305,1361350.0
2019-09-04,10.310199502653814,10.589315264532752,10.247540485292722,10.509568214416504,2001022.0
2019-09-05,10.600708218660069,11.022230056286203,10.543745573257164,10.9481782913208,1611667.0
2019-09-06,10.965266625671708,10.970962998451297,10.737417146848259,10.834253311157227,788900.0
2019-09-09,10.828556220122618,11.010835791090825,10.828556220122618,10.908303260803223,984574.0
2019-09-10,10.925393900432091,11.062103597708369,10.896912034454475,11.027926445007324,1045498.0
2019-09-11,11.079191610944545,11.198812176689131,11.05070974781108,11.130457878112793,1027701.0
2019-09-12,11.107672919968648,11.170331935393369,11.016533126517437,11.090583801269531,800535.0
2019-09-13,11.027926026676733,11.06779955106075,10.834253691264033,10.89691162109375,1288174.0
2019-09-16,10.8855203546076,11.056407204272084,10.85134211549703,11.039318084716797,545377.0
2019-09-17,11.039318109759353,11.039318109759353,10.919697532017276,10.936786651611328,501686.0
2019-09-18,10.965265993322086,10.965265993322086,10.822859941460761,10.891215324401855,613696.0
2019-09-19,10.891216757347662,10.891216757347662,10.720328820747355,10.845646858215332,893864.0
2019-09-20,10.845646678767189,10.87982383093293,10.49817552458725,10.515263557434082,992893.0
2019-09-23,10.560834482765179,10.623492413637225,10.407035669178018,10.6007080078125,755408.0
2019-09-24,10.754506438878204,10.822861833770816,10.669063010116547,10.720329284667969,1105650.0
2019-09-25,10.760200576059587,10.80577046769327,10.669060792792221,10.754504203796387,848068.0
2019-09-26,11.335522346143161,11.335522346143161,11.067799340046175,11.17602825164795,2354103.0
2019-09-27,11.210207062496137,11.261473339453518,11.14754803810996,11.204510688781738,1264816.0
2019-09-30,11.227294833125987,11.57476601622711,11.141851402363855,11.49501895904541,1713636.0
2019-10-01,11.574764103925059,11.916538856980102,11.40387727063353,11.67729663848877,1223508.0
2019-10-02,11.802614676210341,12.873508929740877,11.802614676210341,12.474771499633789,4301156.0
2019-10-03,12.554519473229167,12.645659269808478,11.996286861090782,12.224136352539062,1382622.0
2019-10-04,12.098820644859197,12.645660566897542,12.098820644859197,12.54312801361084,1637463.0
2019-10-07,12.565910049726034,13.067179974173262,12.360846068335787,12.862114906311035,3839925.0
2019-10-08,12.702620506286621,12.736798743992797,12.360846821001243,12.702620506286621,1611903.0
2019-10-09,12.759582333904369,12.95325465597425,12.474770223386539,12.508947372436523,2055317.0
2019-10-10,12.679837422061741,12.748191731651806,12.121605852363516,12.303885459899902,1463973.0
2019-10-11,12.395024772911583,12.451987419629422,12.09881987915652,12.178566932678223,1259602.0
2019-10-14,11.905147566543473,12.07603550718997,11.529195618182152,11.722867965698242,2300438.0
2019-10-15,11.791223188027567,12.292492083072887,11.563372603807588,12.00767993927002,1754745.0
2019-10-16,11.870969617969363,12.189958898084873,11.859576872061512,12.064641952514648,696722.0
2019-10-17,12.053249508733265,12.189959203638102,11.665904829933522,12.132996559143066,868874.0
2019-10-18,13.101358091291504,13.101358091291504,12.110212000848707,12.144389152526855,1181587.0
2019-10-21,12.246921386699567,12.281098537520046,12.06464180036096,12.167174339294434,457346.0
2019-10-22,12.13299848415913,12.258316539225527,12.00768151556498,12.041858673095703,613380.0
2019-10-23,12.110212775276588,12.451987573330184,12.076035621412869,12.42920207977295,1121744.0
2019-10-24,12.588695036810002,12.657049332383087,12.326667339854676,12.451985359191895,1163874.0
2019-10-25,12.531732862784501,12.657049800282433,12.417807583988578,12.508947372436523,448952.0
2019-10-28,12.6570514200883,12.6570514200883,12.50894897328875,12.531734466552734,139464.0
2019-10-30,12.451987413073022,12.543127213184727,12.189959672897782,12.531734466552734,957416.0
2019-10-31,12.64565974003224,13.067181586503699,12.429201900253418,12.805153846740723,2198811.0
2019-11-01,12.816545794157335,12.896292842538813,12.246921536639231,12.520340919494629,1585749.0
2019-11-04,12.702621610883526,13.27224591785538,12.600090148265192,13.124144554138184,1712228.0
2019-11-05,13.158320593820688,13.784907495711588,13.0671807993426,13.591235160827637,2151888.0
2019-11-06,13.670982666690016,13.910224906815975,13.534272970399767,13.648197174072266,1161644.0
2019-11-07,13.784907017355195,14.092503541426685,13.69376722603979,13.819084167480469,1400535.0
2019-11-08,13.841868567849557,14.149466178299198,13.591234685044679,13.636804580688477,1837284.0
2019-11-11,13.670980121037632,14.719088683901601,13.500093304113415,13.614017486572266,2980641.0
2019-11-12,13.63680647767483,13.83047883272031,13.557058334350586,13.557058334350586,1001772.0
2019-11-13,13.670981255416528,13.784906533800457,13.46591618891425,13.682374000549316,1195828.0
2019-11-14,13.591236267973994,13.659590576164698,13.443133818264615,13.579843521118164,866565.0
2019-11-15,13.659589141016967,13.989971159819419,13.557056603031375,13.898831367492676,1351330.0
2019-11-18,13.989972599584387,14.17225220299701,13.887440051046752,14.115290641784668,810819.0
2019-11-19,14.183644937358729,14.22921483817182,13.92161827930148,14.035542488098145,982628.0
2019-11-20,14.035540258755475,14.035540258755475,13.739336493754129,13.784906387329102,1206411.0
2019-11-21,13.796297073364258,13.944399488661135,13.739335525264748,13.796297073364258,1191882.0
2019-11-22,13.796298980782801,13.921617011460198,13.670982036577442,13.887438774108887,714413.0
2019-11-25,13.967187386165142,14.172251384931352,13.887439249421321,13.933009147644043,1918412.0
2019-11-26,13.933009150713568,14.012757287474956,13.78490779631115,13.841869354248047,1635489.0
2019-11-27,13.78490701526597,14.14946618047234,13.71655162855377,13.727944374084473,1774778.0
2019-11-28,13.659588365143952,13.944400471605528,13.659588365143952,13.784906387329102,890303.0
2019-11-29,13.80769172656657,13.95579416233947,13.739337424808024,13.887438774108887,939128.0
2019-12-02,13.92161748794242,14.035541690263186,13.8532620973723,13.933009147644043,737551.0
2019-12-03,13.898830111327575,14.195034952854748,13.784905924451534,13.921615600585938,1491811.0
2019-12-04,13.955794009314896,14.03554105598279,13.853261471329304,13.898831367492676,673250.0
2019-12-05,14.01275743804991,14.400102120426652,13.944402046730215,14.365923881530762,1667144.0
2019-12-06,14.377315515232167,14.525417946237107,14.092503398639284,14.195035934448242,707427.0
2019-12-09,14.16085860997486,14.16085860997486,13.830476602261726,14.126680374145508,1366760.0
2019-12-10,14.25199937714176,14.343139172662928,14.09250419174368,14.297569274902344,1160882.0
2019-12-11,14.286175548599843,14.650734705670338,14.024148926073423,14.126680374145508,1727944.0
2019-12-12,14.400102601954966,14.536812302693738,14.28617730810326,14.320354461669922,771179.0
2019-12-13,14.411492030621925,14.616557093212945,14.16085816131285,14.251997947692871,1866676.0
2019-12-16,14.525421941085948,14.548207438186513,14.26339524326326,14.53681468963623,1251753.0
2019-12-17,14.525420956417234,14.810233132033257,14.479851051777558,14.719093322753906,1262059.0
2019-12-18,14.753266686331056,15.117826916186818,14.616557007562125,15.083648681640625,1790647.0
2019-12-19,15.26592858520408,15.470993651051431,14.935546582712217,15.14061164855957,1124851.0
2019-12-20,15.265929393195535,15.30010763029372,14.935547373217293,15.152005195617676,689618.0
2019-12-23,15.243145620155307,15.243145620155307,14.981117890567326,15.186182975769043,799913.0
2019-12-24,15.163396809109795,15.26592825333253,15.04947153356638,15.083648681640625,526935.0
2019-12-25,15.15200504341651,15.208967684869268,15.072256910793843,15.163397789001465,184195.0
2019-12-26,15.15200519708976,15.368461933039143,15.095042555059281,15.334284782409668,743621.0
2019-12-27,15.459600115664674,15.584918132374934,15.174788021645961,15.208966255187988,657448.0
2019-12-30,15.277323585211958,15.277323585211958,15.08365123587524,15.106436729431152,674792.0
2019-12-31,15.26592971692186,15.402640495269601,15.17478992233807,15.391247749328613,563216.0
2020-01-02,15.379854524429554,15.436817165888511,15.197574940938505,15.254537582397461,722220.0
2020-01-03,15.265931325758988,15.436819273467076,14.992511913192644,15.060867309570312,1140365.0
2020-01-06,14.90137195587158,15.243146761303382,14.844409307220921,14.901371955871582,1187295.0
2020-01-07,15.152004393655972,15.277321330300481,15.08364900954953,15.14061164855957,722635.0
2020-01-08,14.570988803743004,15.288715515334445,14.570988803743004,15.277322769165039,738070.0
2020-01-09,15.49378202071834,15.698846038204271,15.402642215953,15.676061630249023,1091523.0
2020-01-10,15.721631064028571,15.755808218178837,15.311500868336815,15.368463516235352,1338868.0
2020-01-13,15.505171622029074,15.516564367729575,15.265929394678688,15.334284782409668,1428080.0
2020-01-14,15.44820976257324,15.584919448873817,15.357068885234183,15.448209762573242,1945728.0
2020-01-15,15.448210391376323,15.630489980529923,15.379855002207696,15.48238754272461,1922310.0
2020-01-16,15.584921651890644,16.06340616481516,15.51656625584193,15.698845863342285,1947938.0
2020-01-17,15.835557087274763,16.371004300499653,15.664670210476652,16.257080078125,1869214.0
2020-01-20,16.507712219801185,16.92923407823096,16.393788009844897,16.42796516418457,1508604.0
2020-01-21,16.405178866057884,16.781130804779934,16.165936624464567,16.50771141052246,1579399.0
2020-01-22,16.576066802322877,16.769739144873277,16.21150652350748,16.50771141052246,1479597.0
2020-01-23,16.405179381210147,16.496319182157926,15.960873123207751,16.00644302368164,1504974.0
2020-01-24,16.143153221678727,16.34821832335525,15.721631357710887,15.869733810424805,2229578.0
2020-01-27,15.7216308891075,16.086190093246575,15.482388639773198,15.824163436889648,1171001.0
2020-01-28,15.892517257395447,15.983657055637192,15.482388165307599,15.607705116271973,1263111.0
2020-01-29,15.721630082378491,15.789984386411017,15.482387845320503,15.550742149353027,1735842.0
2020-01-30,15.493781236088275,15.527958389526448,15.18618359572836,15.311500549316406,1372197.0
2020-01-31,15.436817298517472,15.436817298517472,14.95833284450645,15.072257041931152,1605231.0
2020-02-03,15.1064375463183,15.152007449422204,14.810232632906839,14.855802536010742,2160115.0
2020-02-04,15.03808023046238,15.436817646620511,14.878586133176771,15.391247749328613,3632338.0
2020-02-05,15.482387042081427,15.664666625340779,15.220359326292098,15.265929222106934,5180359.0
2020-02-06,15.39124727001575,15.482387061761274,15.231752091225072,15.254537582397461,6837389.0
2020-02-07,15.37985498803825,15.37985498803825,14.992510318207684,15.038080215454102,1882108.0
2020-02-10,14.981119002250503,15.334286554474694,14.68491518511168,14.992511749267578,2171350.0
2020-02-11,15.083649638847582,15.265929222106935,14.889977310016517,15.265929222106934,2189658.0
2020-02-12,15.28871599814584,15.641882448773673,15.243146098501214,15.493781089782715,3196936.0
2020-02-13,15.425425992508435,16.006443038959187,15.391248838738429,15.824163436889648,3288602.0
2020-02-14,15.949479257962768,16.006441901178473,15.66466712835629,15.755806922912598,1573812.0
2020-02-17,15.755806771032173,15.869732056365384,15.470994644171183,15.584919929504395,1105010.0
2020-02-18,15.584919448873817,15.744413539655152,15.345677226229807,15.448209762573242,1366877.0
2020-02-19,15.459602687658785,15.812770221045659,15.402641128555956,15.687453269958496,1636998.0
2020-02-20,15.778592584850845,15.995049327637057,14.901370694701528,15.01529598236084,4149305.0
2020-02-21,14.901372422138179,15.300109888697206,14.844409771705147,15.117830276489258,2934036.0
2020-02-24,14.924157946852901,15.186184618309664,14.650737441520038,14.764662742614746,2656259.0
2020-02-25,14.8671926058582,15.311498809484696,14.798837220276896,15.197574615478516,2150035.0
2020-02-26,15.16339855806721,15.641881945711113,15.16339855806721,15.550742149353027,2994115.0
2020-02-27,15.402642801868728,15.459604367159752,14.753270310123364,14.821625709533691,2385050.0
2020-02-28,13.670984272510708,14.912765517765987,13.670984272510708,14.821625709533691,2305859.0
2020-03-02,15.254538217267736,15.527957603883603,14.810230899162907,15.01529598236084,1535447.0
2020-03-03,15.254538371035084,15.63049030303955,15.15200582840258,15.63049030303955,2115947.0
2020-03-04,15.721630407310201,15.972265395711045,15.482388165307599,15.607705116271973,1626944.0
2020-03-05,15.778592747009174,15.824162645246812,15.539350509643556,15.539350509643555,1578861.0
2020-03-06,15.379856964941716,15.550743829963304,14.810232632906839,14.855802536010742,1802847.0
2020-03-09,14.525421676944083,14.525421676944083,13.50009822845459,13.50009822845459,1963962.0
2020-03-10,14.024150039954064,14.445671870414568,13.488702920624418,13.659589767456055,1906712.0
2020-03-11,13.659589767456055,13.659589767456055,13.659589767456055,13.659589767456055,0.0
2020-03-12,13.135534408612228,13.135534408612228,12.132995635799729,12.395023345947266,2295829.0
2020-03-13,12.531733820214713,13.408955709136333,12.20135179023157,12.417808532714844,2147120.0
2020-03-16,11.848183685763217,11.848183685763217,11.022229194641113,11.022229194641113,1425199.0
2020-03-17,11.392485652320016,11.392485652320016,10.201970814734805,10.401339530944824,2009018.0
2020-03-18,9.939944170530598,10.321592483507017,9.837411625779904,9.957032203674316,1538104.0
2020-03-19,9.826018490008455,9.826018490008455,9.290571381123355,9.541206359863281,1833117.0
2020-03-20,10.139311652050534,10.224756162407745,9.666523547649268,9.786145210266113,1468125.0
2020-03-23,9.683612661247846,9.751968052198487,9.33614150632024,9.432977676391602,1990178.0
2020-03-24,9.740575310248712,10.321592330932619,9.655131886376862,10.321592330932617,3281759.0
2020-03-25,11.030708547616197,11.162027013418221,10.479173621173668,10.557964324951172,3815714.0
2020-03-26,10.571096826983098,11.030708970206687,10.354422226750865,11.017578125,2613349.0
2020-03-27,10.97818132915858,11.004445523059642,10.663018516420026,10.735243797302246,1918081.0
2020-03-30,10.833732019739834,10.853430165165628,10.557964245507174,10.735243797302246,1217951.0
2020-03-31,10.840298361854856,11.004445821145792,10.636755862990901,10.787771224975586,1707587.0
2020-04-01,10.695849136588391,10.774639216383157,10.551398569721757,10.59079360961914,2231779.0
2020-04-02,10.597359288007512,10.800903033780367,10.597359288007512,10.702413558959961,1789560.0
2020-04-03,10.827166757252714,11.037275314331055,10.689283486299722,11.037275314331055,2158925.0
2020-04-06,11.24081883773426,12.100951194763184,11.096368268530027,12.100951194763184,3399073.0
2020-04-07,12.468641371426333,13.079270145534585,12.114083495962504,12.297927856445312,3349386.0
2020-04-08,12.30449302697781,12.43581149138737,11.897408041530415,12.14691162109375,1349416.0
2020-04-09,12.192872047424316,12.343887396672562,11.93680243327767,12.192872047424316,1968351.0
2020-04-10,12.803500673140178,12.803500673140178,12.225702219435666,12.37015151977539,1128898.0
2020-04-13,12.146911621093752,12.330757220797997,11.936803079915007,12.14691162109375,1075606.0
2020-04-14,12.291360130222454,12.803500605277993,12.18630586646936,12.51460075378418,2266710.0
2020-04-15,12.593391779269714,12.954515645818027,12.022158137849852,12.448941230773926,2561373.0
2020-04-16,12.626222238632598,12.777237600264892,12.435811837519212,12.731276512145996,1431878.0
2020-04-17,13.007044416246117,13.788386678695678,13.007044416246117,13.131796836853027,2670735.0
2020-04-20,13.328772543531867,13.57827737080104,13.210587430575892,13.341904640197754,1385504.0
2020-04-21,13.249983592955275,13.249983592955275,12.869161523738088,13.000478744506836,1179655.0
2020-04-22,13.112097737403062,13.394431549242883,13.053004555746092,13.144927978515625,1342857.0
2020-04-24,13.171192162146928,13.446959951790987,13.105532926070579,13.210588455200195,1468653.0
2020-04-27,13.394432842083432,13.748991966247559,13.36816989900411,13.748991966247559,1669037.0
2020-04-28,13.775253226665036,14.234866571695731,13.578276794420804,13.972230911254883,2127659.0
2020-04-29,14.037888629781419,14.694478395020589,14.037888629781419,14.602556228637695,2376628.0
2020-04-30,14.773270017624585,14.90458847427505,14.142944431331832,14.641951560974121,2592214.0
2020-05-04,14.379317242934151,14.379317242934151,13.788386637510012,13.827781677246094,1997538.0
2020-05-05,13.959100010842608,14.103549323371782,13.446959489855265,13.486355781555176,2399311.0
2020-05-06,13.52575226535522,13.60454235247777,13.105533875433482,13.197457313537598,1903116.0
2020-05-07,13.158059481409442,13.368168005669414,12.901988621665211,13.033307075500488,2284694.0
2020-05-08,13.276246237746081,13.289378335231502,12.803501999382576,12.96108341217041,2608311.0
2020-05-11,13.000476968727503,13.13179542390479,12.639353095508362,12.672182083129883,1571895.0
2020-05-12,12.58026114955635,12.803501793841761,12.540866110078253,12.737842559814453,2162072.0
2020-05-13,12.796936144561226,13.670200603043117,12.711580014304007,13.210588455200195,2483486.0
2020-05-14,13.184324733493787,13.184324733493787,12.770673660339678,12.928255081176758,1470706.0
2020-05-15,13.013610384241181,13.368169497763342,13.013610384241181,13.28937816619873,1939788.0
2020-05-18,13.788388252258299,13.81465245005529,13.643938921412492,13.7883882522583,1204514.0
2020-05-20,13.90657234052656,14.064153744241127,13.762121781195617,13.91970443725586,1670194.0
2020-05-21,13.919705597128887,14.156077096223788,13.854046360356946,14.10354995727539,1849735.0
2020-05-22,14.129813195872059,14.14294529280613,13.880308363507474,14.116681098937988,1233879.0
2020-05-27,14.392449663725937,14.602558216834296,14.261131191860333,14.471240997314453,2037182.0
2020-05-28,14.773269590234307,15.11469656577155,14.550028971794232,14.94398307800293,1875902.0
2020-05-29,14.970247718961822,15.035906952851581,14.61568985971028,14.720744132995605,2513411.0
2020-06-01,14.943985279319488,15.16722593064392,14.83893100250161,14.970248222351074,2277322.0
2020-06-02,14.970247849819811,15.285411924776422,14.930852810079884,15.075302124023438,2219276.0
2020-06-03,15.25914691026834,15.574309715947372,15.193487679332124,15.469255447387695,2452128.0
2020-06-04,15.653102679507395,15.705629819277052,15.324807742860587,15.429862022399902,1754696.0
2020-06-05,15.626838100962276,15.70562943486114,15.377334506249783,15.54804801940918,1168683.0
2020-06-08,15.548046848206022,15.587441886015021,15.25914698213346,15.324806213378906,1126809.0
2020-06-09,15.285413275649598,15.351071263570194,14.812667747607893,14.983381271362305,1661566.0
2020-06-10,15.022774614893223,15.429860856610372,14.996511673165566,15.206620216369629,1558414.0
2020-06-11,15.088435259983557,15.114699456515202,14.891458795379501,14.957118034362793,1115196.0
2020-06-12,14.773270460705055,15.193487530836723,14.65508409664411,15.114697456359863,1838788.0
2020-06-15,14.98338011358038,15.232884956844181,14.694480230139149,14.760139465332031,2137074.0
2020-06-16,14.970249172839846,15.075303456327815,14.93085412961832,14.983381271362305,1750198.0
2020-06-17,15.049038226065376,15.337938087953724,14.996511092298917,15.114697456359863,2791893.0
2020-06-18,15.127830513470984,15.285411924776422,14.996512044543584,15.075302124023438,2992924.0
2020-06-19,15.193487752258662,15.548046849608655,15.101565579914148,15.311674118041992,3935890.0
2020-06-22,15.364200457735626,15.784418764597776,15.298541229881012,15.718759536743164,6242489.0
2020-06-23,15.889474055002788,16.38848121331416,15.784419784585058,16.257164001464844,5370474.0
2020-06-24,16.441009007671997,16.72990761472436,16.11271411137515,16.125844955444336,5003365.0
2020-06-25,16.112716589268032,16.362220197791448,15.915738869790337,16.23090171813965,2550412.0
2020-06-26,16.283426794401212,16.624853796318067,16.257163853209125,16.559194564819336,4186325.0
2020-06-29,16.598590850830078,16.94001660031289,16.519799522582858,16.598590850830078,4950547.0
2020-06-30,16.67738266266578,17.00567760190072,16.38848276548221,16.900623321533203,4221821.0
2020-07-01,17.530950156757925,17.57034519858609,16.940018267606465,17.084468841552734,4218898.0
2020-07-02,17.136993997142266,17.51781603030784,17.136993997142266,17.22891616821289,2258420.0
2020-07-03,17.242050841717255,17.42589646368141,17.071337318253224,17.1763916015625,2246934.0
2020-07-06,17.33396977330974,17.386496905106153,17.25517970178792,17.294574737548828,2213051.0
2020-07-07,17.333970508996014,17.360234702181724,16.913753436789893,17.071334838867188,2613526.0
2020-07-08,17.071336084570348,17.294576733556237,16.940017613750737,17.11073112487793,2470017.0
2020-07-09,17.071337716447708,17.189524101013838,16.40161570547021,16.532934188842773,2302630.0
2020-07-10,16.480405723264127,16.67738218016799,15.705629488709597,16.624855041503906,2816834.0
2020-07-13,16.913753223281432,17.58347511291504,16.913753223281432,17.58347511291504,3356908.0
2020-07-14,17.596606033064592,17.70166030024412,17.22891609793624,17.37336540222168,1777241.0
2020-07-16,17.347101739819717,17.688528720119887,17.320837547944816,17.59660530090332,2196640.0
2020-07-17,17.675398454584016,17.911771196553683,17.570344180896544,17.780452728271484,1930085.0
2020-07-20,17.793584162720435,18.05621983715538,17.7673199691041,17.846111297607422,1146636.0
2020-07-21,17.911769406967583,17.97742738220299,17.242047539863375,17.465288162231445,1846298.0
2020-07-22,17.596608047481592,17.609740145468777,17.13699588904228,17.25518226623535,1669506.0
2020-07-23,17.189523803188987,17.307710185707425,16.940018939573203,16.99254608154297,1285704.0
2020-07-24,16.96628005142807,17.150125641063024,16.716775233184517,16.808698654174805,2119661.0
2020-07-27,16.808698654174805,17.07133431626358,16.598590124503783,16.808698654174805,1802429.0
2020-07-28,16.79556737544698,17.268311590215877,16.15210965892511,16.38848114013672,3292914.0
2020-07-29,16.506668084961433,17.596607113106394,16.4016138113339,16.546064376831055,6274790.0
2020-07-30,16.61172227981994,16.74304074740454,16.204637284529984,16.690513610839844,1432961.0
2020-08-04,17.163258097229335,17.294576566782627,15.469256352189717,16.20463752746582,3721968.0
2020-08-05,16.257163561309014,16.32282279162882,15.456124457975195,15.797550201416016,2632614.0
2020-08-06,15.83694640262626,15.850077246740412,14.405580449494932,14.563161849975586,2546118.0
2020-08-07,14.458107378685638,15.114697164249792,13.460090604065172,15.022773742675781,3127120.0
2020-08-10,14.970248698340166,15.4823892533705,14.773272236130087,15.2722806930542,2512982.0
2020-08-11,15.377333274173886,15.784419504067193,15.167224737072436,15.48238754272461,3109511.0
2020-08-12,15.403596740625446,15.429860934831952,14.83893034098838,15.06217098236084,2416975.0
2020-08-13,15.167224511324248,15.206619548357999,14.536897657055986,14.563161849975586,2743553.0
2020-08-14,14.392448648399562,14.668216417986471,13.867177302684336,13.91970443725586,2159254.0
2020-08-17,13.893441575143132,13.985363756365366,13.748992254315937,13.801519393920898,1410004.0
2020-08-18,13.827783573122174,14.142947691259,13.814652726306981,13.867179870605469,1632032.0
2020-08-19,13.945968084279617,14.55003078860114,13.945968084279617,14.4055814743042,2603783.0
2020-08-20,14.458108613601002,14.497503653442937,14.14294579017405,14.392449378967285,1759757.0
2020-08-21,14.668216191817727,14.825797593102552,14.156075698382805,14.379316329956055,2619177.0
2020-08-24,14.510636040263051,14.576295276206386,14.366185470718568,14.458108901977539,1393455.0
2020-08-25,14.471238247010985,14.681346760187573,13.99849284001814,14.12981128692627,2114354.0
2020-08-26,14.142943622533538,14.418710111507034,13.998493078009655,14.353052139282227,2058967.0
2020-08-27,14.484369935907612,14.523766223688638,14.247998470949435,14.418710708618164,2046457.0
2020-08-28,14.431844045982421,14.628821744794921,14.353053968333985,14.510635375976562,1950418.0
2020-08-31,14.891458315443138,15.101566871541435,14.45810910540396,14.655085563659668,4933413.0
2020-09-01,14.760139841708815,14.812666980733388,14.366185672851621,14.655085563659668,1918000.0
2020-09-02,14.69447905753664,14.72074325045624,14.431843390068885,14.563161849975586,1204576.0
2020-09-03,14.70761115399644,14.812665420983542,14.484370523562436,14.563161849975586,1281364.0
2020-09-04,14.444976556135225,15.009644222262057,14.287395143986148,14.930852890014648,2976517.0
2020-09-07,15.154094884843975,15.429862693719173,15.154094884843975,15.364203453063965,1764350.0
2020-09-08,15.456125052412878,15.548047226988514,14.930852441998253,15.193488121032715,2656026.0
2020-09-09,15.167224959827927,15.31167426812023,14.930852225944443,15.0096435546875,1890857.0
2020-09-10,15.140959442466459,15.311672929530756,15.022773085856901,15.088432312011719,1516086.0
2020-09-11,15.035908224626017,15.377335267854933,14.93085394245494,15.298543930053711,2550358.0
2020-09-14,15.442993537967132,15.482388578222068,15.219752889279581,15.337939262390137,1269570.0
2020-09-15,15.4035987818938,15.639971551693376,15.31167659468102,15.416730880737305,1990904.0
2020-09-16,15.508652483129522,15.587442562165267,15.232884701812962,15.259147644042969,1038189.0
2020-09-17,15.377334592282567,15.42986173106043,15.272280314726839,15.390466690063477,967794.0
2020-09-18,15.429860409764233,15.600573909260126,15.40359621645148,15.469255447387695,955811.0
2020-09-21,15.298541269279164,15.377332593376732,14.707610721757057,14.812664985656738,1544560.0
2020-09-22,14.891455533642521,15.246013342738724,14.838928404430286,15.232882499694824,1339641.0
2020-09-23,15.232884042416886,15.442992580544733,15.180356907884924,15.311674118041992,1604806.0
2020-09-24,15.154094312044315,15.33793992846067,15.049040031905198,15.285412788391113,1602666.0
2020-09-25,15.39046544601277,15.482387618357285,15.20661984897807,15.311674118041992,1839817.0
2020-09-28,15.351067721256085,15.797548949225725,15.2854097484863,15.784418106079102,3346487.0
2020-09-29,15.823815637751714,16.007659994276953,15.561179948182978,15.863210678100586,3077854.0
2020-09-30,16.04705488057488,16.217768376919317,15.955131458022864,16.13897705078125,2187173.0
2020-10-01,16.257165151498263,16.611723026153136,16.191505914756018,16.49353790283203,2596210.0
2020-10-02,16.480402590704287,16.690511105423635,16.296557014152093,16.572324752807617,2147435.0
2020-10-05,16.716777221079607,16.940017873488394,16.572327902839824,16.624855041503906,1482638.0
2020-10-06,16.62485446177967,16.690513695906613,16.467273051282437,16.506668090820312,1089085.0
2020-10-07,16.349085441840284,16.67738033526015,16.322822501586423,16.480403900146484,1835198.0
2020-10-08,16.65111865045859,16.729908729506377,16.283427440416492,16.546064376831055,1350085.0
2020-10-09,16.59859143870454,16.6773815173966,16.467272971090143,16.664249420166016,1280020.0
2020-10-12,16.756172457969065,17.504684449829842,16.756172457969065,17.491552352905273,3614026.0
2020-10-13,17.51781574561689,17.924900712895905,17.294575117491377,17.88550567626953,2827180.0
2020-10-14,17.898639018249114,17.99056119422319,17.478421925401094,17.938034057617188,2442038.0
2020-10-15,17.977425929110037,17.977425929110037,17.675395259934003,17.898635864257812,1522648.0
2020-10-16,17.938033470573234,18.00369270226839,17.727924931025278,17.846111297607422,1485848.0
2020-10-19,17.859243978881043,17.964298252093048,17.727925511193174,17.938034057617188,1511490.0
2020-10-20,17.990560880730165,18.699677838727403,17.898638706357872,18.581491470336914,3501859.0
2020-10-21,18.528963894682292,18.634018163569205,18.174406050275376,18.187538146972656,2768333.0
2020-10-22,18.25319366078383,18.25319366078383,17.609736037660145,17.898635864257812,2547144.0
2020-10-23,18.240065791471025,18.46330643218471,18.05622018960514,18.42391014099121,2185828.0
2020-10-26,18.43704172387268,18.620887320611377,17.951165417147923,18.174406051635742,3880557.0
2020-10-27,17.78045297848051,17.78045297848051,16.90062248470756,17.307708740234375,4327808.0
2020-10-28,17.202655410558425,17.281445495090356,16.703646949921534,16.7430419921875,1472747.0
2020-10-30,16.414746235163797,17.163258262736626,15.968264937192021,17.11073112487793,5420826.0
2020-11-02,17.504683788871993,18.082483508279044,17.320838195906905,17.55721092224121,3807924.0
2020-11-03,17.675397874454244,18.0168248789053,17.58347570108115,17.66226577758789,3752010.0
2020-11-04,17.91176914650319,18.476435489859313,17.74105565821324,18.135009765625,5954780.0
2020-11-05,18.09561596620197,18.50270222537824,18.09561596620197,18.20067024230957,3144353.0
2020-11-06,18.200670067164566,18.71281059752011,18.14814292961623,18.568361282348633,3914313.0
2020-11-09,18.699677997868122,19.22495061159103,18.20066957838693,18.266328811645508,4623550.0
2020-11-10,18.266328223832254,18.647150261662237,18.043087589344434,18.174406051635742,2518741.0
2020-11-11,18.305724009984914,18.410779535520405,17.885506917225825,17.964298248291016,3420338.0
2020-11-12,17.990560842838686,18.423910024460636,17.16325751819341,17.347103118896484,6335659.0
2020-11-13,17.46528809856559,17.80671507886576,17.386496775286478,17.59660530090332,4473372.0
2020-11-16,17.859244550488892,18.292593754444738,17.78045321688521,18.069353103637695,4171179.0
2020-11-17,18.108749686456303,18.14814473044025,17.50468691853701,17.636005401611328,3218345.0
2020-11-18,17.583475041773184,17.92490078107649,17.478420775472834,17.754188537597656,2915636.0
2020-11-19,17.8198474501572,18.463306430454665,17.688530236561622,18.437042236328125,4690957.0
2020-11-20,18.594623904086294,19.30374087492532,18.4764375335555,19.18555450439453,5531942.0
2020-11-23,19.50071730474459,19.671429548437654,18.896654646586732,19.172422409057617,4522329.0
2020-11-24,19.277477119255778,20.091648329020156,19.264345022563045,19.566375732421875,6033669.0
2020-11-25,19.76335349819731,19.82901272955591,19.27747718989677,19.43505859375,2987291.0
2020-11-26,19.500719249560614,19.526982192615055,18.975446612668378,19.146160125732422,2439981.0
2020-11-27,19.290609445778912,19.435060015806357,19.001710810415556,19.133028030395508,2741691.0
2020-11-30,19.119895496417104,19.119895496417104,18.371382274020586,18.64715003967285,2608178.0
2020-12-01,19.04110650583369,19.146160786367865,18.647152327657622,19.119897842407227,2409559.0
2020-12-02,19.1986877486102,19.632036964881788,19.119897665113072,19.42192840576172,3064115.0
2020-12-03,19.474452444191265,19.4875845401314,19.133025463821273,19.22494888305664,1892663.0
2020-12-04,19.159292709521534,19.618904869574042,19.119897667767503,19.408796310424805,3096108.0
2020-12-07,19.408793088936598,19.63203370906544,19.251211695730166,19.51384735107422,2594449.0
2020-12-08,19.59264084235383,20.30175781644028,19.50071866589591,20.275493621826172,4478847.0
2020-12-09,20.48560282780438,21.19471852898715,20.144175821793645,20.19670295715332,6737154.0
2020-12-10,20.222965238157474,20.511865099372766,19.9997246070837,20.249229431152344,2497300.0
2020-12-11,20.209835553889,20.56439341324895,20.025989949410604,20.472471237182617,1924698.0
2020-12-14,20.5512604254144,21.194718134686124,20.5512604254144,21.050270080566406,3194356.0
2020-12-15,21.142192104108606,21.45735490818918,20.74823797283506,21.39169692993164,2914743.0
2020-12-16,21.575542621258553,21.825047462675425,21.010874956063706,21.220983505249023,2669594.0
2020-12-17,21.40482546976108,21.47048594948266,20.72197276114941,20.78763198852539,1845903.0
2020-12-18,20.695711135864258,21.01087394446832,20.524997634783972,20.695711135864258,1323170.0
2020-12-21,20.5512615666915,20.616920801402276,19.88154087920965,19.986595153808594,2862187.0
2020-12-22,20.157308415346755,20.735106918538722,20.039122044789238,20.48560333251953,2563225.0
2020-12-23,20.603787981054925,21.588673962467876,20.603787981054925,21.470487594604492,3549792.0
2020-12-24,21.49675060844775,21.50988019998615,20.879554609110574,21.234113693237305,1814582.0
2020-12-25,21.142192259425435,21.312904506963935,20.787633162970845,20.984609603881836,958370.0
2020-12-28,21.076532767236614,21.69372881706053,21.063403174624217,21.601806640625,2595352.0
2020-12-29,21.75938835037901,22.507900417229067,21.53614768967885,22.21900177001953,4836800.0
2020-12-30,22.442241845481032,22.48163813917428,22.035156829417094,22.127079010009766,2844390.0
2020-12-31,22.100812910557604,22.258395567065616,21.680595832791376,22.11394500732422,1712096.0
2021-01-04,22.324052669752643,22.757401827271956,22.16647001943141,22.691743850708008,2775413.0
2021-01-05,22.77053509998275,23.2958064537067,22.468504384677903,22.87558937072754,4066306.0
2021-01-06,23.020040519796062,23.32207124280957,22.744271486620487,22.967512130737305,2411356.0
2021-01-07,23.006908414824668,23.059434299174384,22.507898737699428,23.02004051208496,2184018.0
2021-01-08,23.15135746340519,23.54531288395358,22.96751310329754,23.532180786132812,2278684.0
2021-01-11,23.545310403876766,25.882768466549997,23.38772775131761,24.84535789489746,11777105.0
2021-01-12,25.081729050091795,26.82825769180856,25.01606857201755,25.593868255615234,11776211.0
2021-01-13,25.48881424450449,25.92216338526534,24.84535658123481,24.963542938232422,4770244.0
2021-01-14,24.989809190292174,25.055467169730928,24.46453533601668,24.64838218688965,2610060.0
2021-01-15,24.727173766469964,24.79283174990047,23.96552963709515,24.228166580200195,1758323.0
2021-01-18,24.10997900492076,25.50194872275884,23.834209977932318,25.423158645629883,4043566.0
2021-01-19,25.58073761533122,25.909032510306286,25.06859838067133,25.19991683959961,2765840.0
2021-01-20,25.186785912790885,25.580738803177734,24.858491002571384,25.396894454956055,2545187.0
2021-01-21,25.75145236649272,25.895900417109335,25.029202094644535,25.160520553588867,2282641.0
2021-01-22,25.081728696270126,25.19991505044541,24.37261057121844,24.792827606201172,1700701.0
2021-01-25,24.89788305027598,25.265574225736323,24.766567099110556,25.055465698242188,1611735.0
2021-01-26,25.016073409869538,25.029205508024,23.768554141495066,24.700910568237305,1310792.0
2021-01-27,24.71404263924319,24.77970312994337,23.072567942112887,23.650367736816406,1865478.0
2021-01-28,23.558444808961195,23.91300142875487,22.652350103507274,23.84734344482422,2596193.0
2021-01-29,23.597838018612666,23.8342107624715,23.00690866365706,23.768552780151367,1406927.0
2021-02-01,23.768554141495066,24.937283325634382,23.33520492116429,24.700910568237305,4157292.0
2021-02-02,24.858490574896955,25.436290308256197,24.819094284659503,24.97667694091797,3058303.0
2021-02-03,25.08173048009878,25.5413438340583,24.976676213881568,25.160520553588867,2339459.0
2021-02-04,25.16051936663946,25.16051936663946,24.451403729298697,24.911014556884766,2711618.0
2021-02-05,24.97667785003771,24.97667785003771,24.320088016995864,24.412010192871094,1839889.0
2021-02-08,24.490797897852456,24.608984256720575,23.821076032496844,23.91299819946289,2073549.0
2021-02-09,23.926133521693757,24.425143216356442,23.794817553858717,23.873607635498047,1691297.0
2021-02-10,23.965526582037445,24.425139921535305,23.847340223175387,23.93926239013672,1393946.0
2021-02-11,23.96552947517673,24.56959093366899,23.794817216595895,24.517065048217773,2442409.0
2021-02-12,24.49079789596868,24.49079789596868,23.807943934714555,23.952394485473633,1289490.0
2021-02-15,24.044316654282046,24.201899301003273,23.79481434528597,23.91299819946289,1084496.0
2021-02-16,23.96552940249981,24.018057792483233,23.006908827525777,23.440258026123047,1300176.0
2021-02-17,23.440258101415946,24.77970199399777,23.09883107950147,24.490800857543945,4592738.0
2021-02-18,24.569592094188362,25.84337806370875,24.49080200994422,24.68777847290039,10092892.0
2021-02-19,24.819093111610407,25.383760721535392,24.47766612643039,24.74030303955078,4933961.0
2021-02-22,25.081732212541297,26.18480333635884,24.70090890576768,25.528213500976562,10146395.0
2021-02-23,25.63326630258335,25.803978547916177,24.359480492080213,24.464534759521484,3436296.0
2021-02-24,24.267557274822163,24.425139921535305,23.453387363429332,23.93926239013672,2380418.0
2021-02-25,24.20190333810994,24.62212045987447,22.9937778606911,23.637235641479492,2102438.0
2021-02-26,22.521027803213116,23.873603582643952,22.521027803213116,22.757400512695312,2950370.0
2021-03-01,23.03317325888899,24.215034494038107,23.00690906362775,24.162506103515625,1885255.0
2021-03-02,24.16250376922659,25.213048935961563,23.781682993494975,25.19991683959961,2998124.0
2021-03-03,25.396893419569835,25.93529685000476,24.595853069789996,24.87162208557129,2012487.0
2021-03-04,24.8453611460803,24.8453611460803,24.136242873808133,24.68777847290039,1785811.0
2021-03-05,24.595851529774855,25.777712583444778,24.43827139178747,25.659528732299805,4168375.0
2021-03-08,25.81711109803521,26.066615926851227,24.79283009396788,24.95041275024414,2331574.0
2021-03-09,25.121127690413616,25.226181970957693,24.51706620345807,24.700910568237305,1415360.0
2021-03-10,24.687777888097333,25.107997505059075,24.622119903564453,24.622119903564453,1180823.0
2021-03-11,24.71403986965715,25.567606115571436,24.71403986965715,25.291839599609375,2589790.0
2021-03-12,25.29183842002325,25.29183842002325,24.805960884719223,25.016069412231445,1106039.0
2021-03-15,25.19991969042087,25.19991969042087,24.56959151719549,24.595855712890625,2689110.0
2021-03-16,25.121122830884694,26.355512267011168,24.62211572100313,25.659528732299805,9453593.0
2021-03-17,25.73831952849997,27.209079213162138,25.31810247573935,25.410024642944336,14424073.0
2021-03-18,25.121126681184762,25.134258778811645,23.97866173925233,24.201902389526367,5176213.0
2021-03-19,24.031186313368384,24.75343661527527,23.479650766601335,24.2938232421875,6036393.0
2021-03-22,22.58669106956432,23.558443713773965,21.8644407564455,22.205867767333984,4550511.0
2021-03-23,22.58052956443107,23.762152235883022,20.231693215040057,23.28662109375,3914835.0
2021-03-24,23.776559492484107,24.857312196687932,23.416308591082835,24.554702758789062,2286972.0
2021-03-25,24.56911215983292,24.987004555074687,23.228981018066406,23.228981018066406,3627566.0
2021-03-26,23.48836011270989,23.618050670570582,22.47965913306696,22.551708221435547,2894824.0
2021-03-29,22.609345657909483,23.113698836917543,22.609345657909483,22.811086654663086,1430393.0
2021-03-30,22.811089062245106,24.95818430201211,22.681398505947406,24.540294647216797,5721565.0
2021-03-31,24.554702185917503,25.044640871776206,23.805379668845763,23.848608016967773,2259222.0
2021-04-01,24.20886386246964,24.742036502516026,24.064765674589257,24.22327423095703,2261332.0
2021-04-02,24.33855073807377,24.756443115321336,24.23768092246128,24.410602569580078,1371723.0
2021-04-05,24.641165004096358,24.95818484387545,24.280914061780614,24.439422607421875,2378213.0
2021-04-06,24.482654041134218,24.684393692041056,23.819793617585116,24.05035400390625,2074064.0
2021-04-07,24.021530815973527,24.25209117875521,23.661279905565106,24.107990264892578,1830334.0
2021-04-08,24.13681196614156,24.46824215738078,23.805381774902344,23.805381774902344,985484.0
2021-04-09,23.80538174495243,23.819792111748583,22.63816814518008,23.27220916748047,1766409.0
2021-04-12,23.027238320012508,23.156928872067983,22.19145628926413,22.479658126831055,2661423.0
2021-04-13,22.364378396171812,22.551707670451226,21.615055802061203,22.119407653808594,3052917.0
2021-04-14,22.33555914685478,22.69581010083631,21.946487456915534,22.3643798828125,2531601.0
2021-04-15,22.04735862822289,22.42201994966844,21.730337404365248,21.946487426757812,3283689.0
2021-04-16,22.047355609816286,22.56611641708617,21.93207543042298,22.22027587890625,1569568.0
2021-04-19,22.465247125646176,22.494066484040033,21.370084021716124,21.57182502746582,1457147.0
2021-04-20,21.687105874516956,21.759156334083098,21.211574765327892,21.65828514099121,1302040.0
2021-04-21,21.269215874458133,21.571826719697313,19.885852206828787,20.64958381652832,2219678.0
2021-04-22,20.20287088736065,20.923372678648864,19.9434898027375,20.62076187133789,2408051.0
2021-04-26,20.53430245611409,21.21157457103507,20.46225199720791,21.153934478759766,4656448.0
2021-04-27,21.182755514700908,21.946487141371367,21.153936153405876,21.78797721862793,3476114.0
2021-04-28,22.10499658607377,22.263506495534862,21.499774932861328,21.499774932861328,3893555.0
2021-04-29,21.571825342687372,21.91766589395635,21.51418525080921,21.67269515991211,1981763.0
2021-04-30,21.658284842322416,21.687105575450722,21.427724474288762,21.499774932861328,1618655.0
2021-05-03,21.499777609587724,21.51418797794597,21.08188654693716,21.298036575317383,2255984.0
2021-05-04,21.312444422570064,21.51418543297593,20.98101423502636,21.038654327392578,2140269.0
2021-05-05,21.053064111134212,21.08188484552473,20.60635372206726,20.721633911132812,3006160.0
2021-05-06,20.750452184088996,20.822502642042064,20.231691360473633,20.231691360473633,3237312.0
2021-05-07,20.318151064026914,20.83691185902511,20.318151064026914,20.62076187133789,3111604.0
2021-05-10,20.79368411798052,21.557415704740368,20.7792737509619,21.528594970703125,2719211.0
2021-05-11,21.19716330822051,21.384493943757246,20.995422306662146,21.225982666015625,1577336.0
2021-05-12,21.225986107774517,21.298036575317383,21.038656816110787,21.298036575317383,477221.0
2021-05-17,21.687106142345623,21.917666516406065,20.764863271855635,20.793684005737305,2658441.0
2021-05-18,20.89455223083496,21.096293229862003,20.72163196348955,20.89455223083496,2089469.0
2021-05-20,20.8513264110535,21.125116542043514,20.649585374259328,20.66399574279785,2485472.0
2021-05-21,20.822504083216362,20.92337528103146,20.606354068645093,20.707223892211914,1449272.0
2021-05-24,20.707224346460077,20.764864443226735,20.375794133613873,20.404613494873047,1786775.0
2021-05-25,20.505481532973864,21.009833366398688,19.943490982055664,19.943490982055664,3749562.0
2021-05-26,20.044361080765743,20.260512458520765,19.626470066203883,20.15964126586914,2618658.0
2021-05-27,20.174053128710305,20.663994638858714,20.087592296346575,20.346973419189453,3615359.0
2021-05-28,20.303745044876543,20.93778615227244,20.24610494420419,20.822505950927734,2631943.0
2021-05-31,20.880141518552417,21.47095276574191,20.82250143039364,20.90896224975586,2652664.0
2021-06-01,20.966604304312416,21.125114218053216,20.69281282919403,20.73604393005371,1661299.0
2021-06-02,20.73604372240708,21.427724838256836,20.73604372240708,21.427724838256836,2963742.0
2021-06-03,21.427726634921108,21.730337492040636,20.966605852357382,21.715927124023438,2851354.0
2021-06-04,21.759155605607084,22.07617541828746,21.528593867864767,21.802385330200195,2999937.0
2021-06-07,21.88884698127689,22.104998374482353,21.600646497917914,21.96089744567871,1900797.0
2021-06-08,21.96089557046284,22.13381584571276,21.80238566171246,21.84561538696289,1629556.0
2021-06-09,21.84561530767698,22.422017597332925,21.7879752161362,22.13381576538086,2896053.0
2021-06-10,22.335556783824238,23.012828890445817,22.177046875571605,22.782268524169922,4287547.0
2021-06-11,22.753448853109315,22.984009230144903,22.393197920429152,22.681398391723633,1860942.0
2021-06-14,22.739037856693795,22.955189234868985,22.407607667439326,22.479658126831055,1407920.0
2021-06-15,22.42201761343852,22.652577979767237,21.77356486532878,22.076175689697266,2313600.0
2021-06-16,22.07617701641606,22.14822747878587,21.759157180786133,21.759157180786133,803359.0
2021-06-17,21.687105874516956,22.10499689090274,21.470954495818518,21.65828514099121,1516954.0
2021-06-18,21.557418265186552,21.860029137278513,20.793686587715758,20.822505950927734,2132794.0
2021-06-21,20.894554874947925,21.326856285141336,20.736044953384603,21.283626556396484,1838668.0
2021-06-22,21.326855928697768,22.321147918701172,21.312445561274227,22.321147918701172,3482894.0
2021-06-23,22.249097262166167,22.30673735711032,21.831206230259006,21.87443733215332,1803598.0
2021-06-24,21.84561537093879,22.11940683723648,21.730335187523405,21.903255462646484,1103925.0
2021-06-25,21.90325741230467,22.26350836110655,21.78797721862793,21.78797721862793,2091523.0
2021-06-28,21.759154818973883,22.047355262922597,21.240392645618076,21.413312911987305,1621543.0
2021-06-29,21.283625310146125,21.514185682282733,20.70722300555638,21.370084762573242,2345288.0
2021-06-30,21.442136477959803,21.77356668875083,21.03865580309516,21.283626556396484,1747742.0
2021-07-01,21.211574440779078,21.615055084228516,21.081883890393996,21.615055084228516,1307385.0
2021-07-02,21.543005867544345,22.89755016714681,21.543005867544345,22.551708221435547,3183380.0
2021-07-05,22.551710104411228,22.75345114173333,22.306739335608814,22.609350204467773,1528882.0
2021-07-06,22.63816710743111,22.984007649195938,22.580527017136973,22.6669864654541,1758356.0
2021-07-07,22.666988024596847,22.839909681621783,22.47965874894162,22.681398391723633,998699.0
2021-07-08,22.666988866558235,22.68139923422029,22.11940863788307,22.24909782409668,1794756.0
2021-07-09,22.24909784486682,22.393198773125313,22.11940865853214,22.191457748413086,1231536.0
2021-07-12,22.191455937462734,22.407607312211276,21.759155936462026,21.84561538696289,1683324.0
2021-07-13,21.7303368146373,21.932077837844194,21.571826894134357,21.68710708618164,1094278.0
2021-07-14,21.629466566083806,22.09058732523206,21.629466566083806,21.932077407836914,2744004.0
2021-07-16,21.94648699492263,22.191457748413086,21.658286512653948,22.191457748413086,8567506.0
2021-07-19,22.1482262122123,22.1482262122123,21.759155936462026,21.84561538696289,3072393.0
2021-07-26,21.960896920720806,22.566118608431466,21.960896920720806,22.494068145751953,4439178.0
2021-07-27,22.52288771940011,23.08487965022999,22.479657993720334,22.940778732299805,4160844.0
2021-07-28,23.02724066180601,23.272211424101677,22.767860905565218,23.257801055908203,4552378.0
2021-07-29,23.56041211044052,23.77656212551865,23.286620625476726,23.64687156677246,8251064.0
2021-07-30,23.64687035504802,23.80538164061453,23.34426089914441,23.61804962158203,2447438.0
2021-08-02,23.99271121845013,24.583522519587905,23.863020664688523,24.367372512817383,3888640.0
2021-08-03,24.56911226002341,26.586519661353766,24.56911226002341,26.341548919677734,10109614.0
2021-08-04,26.34154643948906,28.02752073851729,26.255084245746744,27.393478393554688,10971538.0
2021-08-05,27.018818419403917,27.66727116086815,26.716208972384837,27.076459884643555,5616262.0
2021-08-06,27.090867662242005,28.719203334413464,27.090867662242005,27.75373077392578,6258244.0
2021-08-09,27.840189073461122,28.66156068455761,27.840189073461122,28.258081436157227,4737388.0
2021-08-10,28.099572589040203,29.468527224827934,28.099572589040203,29.338836669921875,5172166.0
2021-08-11,29.367655581768535,30.044929111749436,28.892124448280267,29.641447067260742,4568414.0
2021-08-12,29.67026991623533,30.534872788315127,28.603927381785727,29.97287940979004,4234864.0
2021-08-13,30.448405666115434,30.981578221592855,30.00169530784818,30.66455841064453,3389208.0
2021-08-16,30.635738533555056,31.08244890429394,29.22355558831833,29.410884857177734,3574539.0
2021-08-17,29.396476519959577,30.361949161108825,29.324427430461988,29.59821891784668,2085427.0
2021-08-18,29.526164202401763,30.016105659028916,29.036222745774605,29.25237274169922,2353237.0
2021-08-19,29.252375162531923,29.65585720387938,29.007404413945352,29.310016632080078,1649263.0
2021-08-20,29.22355568776334,29.41088495726021,28.603923664164125,29.065044403076172,2195611.0
2021-08-23,29.90082541840793,29.90082541840793,28.704792511611465,28.877714157104492,1935694.0
2021-08-24,28.877714535511537,29.266783433100567,28.690382521397975,28.748023986816406,1234423.0
2021-08-25,28.748024480283103,29.0074028336293,27.37906988655671,28.762432098388672,1415293.0
2021-08-26,28.675972124271063,29.165913585816593,28.618333407410827,28.863304138183594,1858127.0
2021-08-27,28.877715276856776,29.843185110933828,28.76243234306038,29.7423152923584,1845967.0
2021-08-31,29.91524074607371,30.650153051437137,29.42529920916476,30.27549171447754,3517021.0
2021-09-01,30.361948413102144,30.89512100713728,30.361948413102144,30.765430450439453,2432984.0
2021-09-02,30.808658562668487,31.082450041166183,30.592508552695147,30.923938751220703,1291695.0
2021-09-03,30.765432495032254,31.024813625665725,30.23225986556381,30.419591903686523,1272391.0
2021-09-06,30.419588684678203,31.399471630714668,30.347536851295278,31.385061264038086,2746912.0
2021-09-07,31.399473216376666,31.86059397932816,31.096860997879403,31.774131774902344,3979023.0
2021-09-08,31.673261422900914,31.947052902019635,31.457111412437296,31.875003814697266,2330910.0
2021-09-09,31.702080971280104,33.633026123046875,31.514751702151866,33.633026123046875,4855475.0
2021-09-10,33.90681662910244,34.7714166140617,33.43128553797631,33.93563461303711,4826866.0
2021-09-13,33.935638677314614,34.80024151431874,33.40246880596811,33.777130126953125,4022526.0
2021-09-14,33.791540947884705,35.4486948044011,33.791540947884705,34.85788345336914,5353757.0
2021-09-15,34.84346756666415,35.621608083208244,34.382346853379325,34.65613555908203,4776618.0
2021-09-16,35.08844078617491,35.36223225985783,33.47451542632917,33.95004653930664,3261660.0
2021-09-17,34.007684930644544,34.74259708395062,33.67625476792696,34.56967544555664,3121398.0
2021-09-20,34.108555623224966,34.843467795536085,34.09414525727813,34.49762725830078,2064529.0
2021-09-21,34.59850243556153,34.88670155369168,32.92693820551787,34.09415054321289,1828281.0
2021-09-22,34.22383702356902,35.08843977175846,33.863586107531454,35.016387939453125,1262800.0
2021-09-23,35.01638721015352,36.38534176198309,34.901107029362336,35.92422103881836,3595761.0
2021-09-24,35.92421945373644,36.60149014243943,35.3189978441628,36.025089263916016,2664954.0
2021-09-27,36.02509065255473,36.16919156486421,35.592790664122596,35.96744918823242,1523160.0
2021-09-28,36.02509453475441,36.241244552263616,35.47751430716464,36.061119079589844,1910582.0
2021-09-29,36.09714157235343,36.27726703478732,35.47751229031785,35.708072662353516,1758032.0
2021-09-30,35.73688948804137,38.15057225544409,35.73688948804137,37.466094970703125,4835707.0
2021-10-01,37.24994659423828,37.646222066289404,36.56546927969737,37.24994659423828,1992707.0
2021-10-04,37.105848798564836,37.430075211552605,36.673548746912275,36.74559783935547,2156417.0
2021-10-05,36.925717411516224,37.10584286230411,35.953041076660156,35.953041076660156,1931478.0
2021-10-06,36.01067889839091,36.38534015655517,35.275766747587475,36.025089263916016,2962715.0
2021-10-07,36.385340942939436,37.21391911331577,36.205215492726865,36.853668212890625,2386418.0
2021-10-08,36.96174475174848,38.07852208152764,36.74559474412937,37.24994659423828,3539175.0
2021-10-11,37.24994553393065,38.00647191331151,36.74559369817795,37.89839553833008,3118603.0
2021-10-12,37.53814406937044,38.546847726087144,37.53814406937044,38.11454772949219,1986441.0
2021-10-13,38.186597765490184,40.492204218011516,37.9704477617999,39.87977600097656,6546416.0
2021-10-14,39.84375073776105,41.17668077531821,39.771701653999635,40.34810256958008,3049757.0
2021-10-15,40.528232605612594,41.5369363831954,40.13195710316816,40.20400619506836,2792478.0
2021-10-18,40.204001497611166,41.212705157336494,39.951826956928016,40.924503326416016,3058470.0
2021-10-19,41.03257970013529,41.42885515627868,40.924503326416016,40.924503326416016,2004894.0
2021-10-20,40.8164335294306,40.99655900352606,40.456182581239666,40.60028076171875,1627082.0
2021-10-21,40.45618342189844,42.113337268312186,39.80773060228161,41.17668533325195,4419221.0
2021-10-22,41.32078167582541,42.7978127270936,41.32078167582541,41.969234466552734,3080127.0
2021-10-25,41.933210416658,43.30216235428207,41.75308494472089,43.04998779296875,5061384.0
2021-10-26,43.44626050492079,43.59036142296043,42.005256821517136,42.077308654785156,2470968.0
2021-10-27,41.861158800712374,42.25743703987215,40.960531436252154,42.14936065673828,4290135.0
2021-10-28,42.22140430905081,42.50960612796091,41.71705524870251,42.36550521850586,1143400.0
2021-11-01,42.36550847871241,42.437560313232744,41.536932995451885,41.93320846557617,1952322.0
2021-11-02,42.005259435830624,42.077311273583,40.34810564647816,40.49220657348633,3323767.0
2021-11-03,40.49220799791246,41.50090902546034,39.26735419800028,40.85245895385742,5876242.0
2021-11-04,41.17668371216911,41.5009073607165,40.81643277067505,41.068607330322266,2407239.0
2021-11-05,41.03257971342641,41.89718245797155,40.85245425616685,41.57295608520508,3351631.0
2021-11-08,42.43756013336196,43.01396106459936,42.005257373561584,42.83383560180664,4077817.0
2021-11-09,43.08601123602984,45.06739137667792,42.61768667006547,44.02266311645508,5610192.0
2021-11-10,44.022660925634774,44.41893913284052,43.194085466241795,43.80651092529297,4606911.0
2021-11-11,43.66241468250571,44.67111845673385,43.51831649918455,44.058692932128906,3033320.0
2021-11-12,44.130741616957735,45.355595403372625,44.130741616957735,44.88726806640625,2690842.0
2021-11-15,45.031368234025464,46.07609652675417,45.031368234025464,45.355594635009766,3673756.0
2021-11-16,45.39161774419969,46.112119613155244,44.27484039701789,44.67111587524414,3926593.0
2021-11-17,44.67111479848462,45.64379119873047,44.022662032656434,45.64379119873047,3720810.0
2021-11-18,45.64379280578299,46.832622002159496,45.319569159949886,46.07609558105469,4793700.0
2021-11-19,46.22019688008874,46.50839873260157,45.67982046799961,46.436344146728516,3605989.0
2021-11-22,47.300944904401746,50.32705030622945,47.300944904401746,50.00282669067383,6848417.0
2021-11-23,50.11090464396977,54.97429201283987,50.11090464396977,54.145713806152344,10599596.0
2021-11-24,56.55940012613932,57.856305767319476,52.34446503779385,54.03764343261719,7387806.0
2021-11-25,54.39789329794395,57.460026364384504,54.39789329794395,57.243873596191406,6898728.0
2021-11-26,57.27990257446997,58.72090641282142,54.46994399028597,56.70349884033203,5660584.0
2021-11-29,57.64014411695076,59.44139862060547,56.84759323474118,59.44139862060547,3853593.0
2021-11-30,58.86499634802721,62.39545635659879,58.720898183184545,61.999183654785156,5845178.0
2021-12-01,62.82775733626969,64.48491374298712,61.386753677208524,63.11595916748047,5660746.0
2021-12-02,63.33211919181946,65.7097722042604,63.296091897406406,65.3134994506836,3672407.0
2021-12-03,66.28617113368472,67.61909847556132,65.92592020361035,66.03399658203125,3390024.0
2021-12-06,66.14207167463545,66.46629530660222,63.224036998963086,64.12466430664062,3530684.0
2021-12-07,64.48490743168064,66.1780854659632,64.08862926542652,65.92591094970703,4907890.0
2021-12-08,67.36692708444195,68.41165263187399,65.27747049258468,65.85387420654297,6393770.0
2021-12-09,65.99796894463215,67.47499994899988,65.96194715000911,66.53834533691406,3502753.0
2021-12-10,66.50232044489822,67.36692043348275,64.59298951503199,66.07001495361328,2562958.0
2021-12-13,66.21411573496911,68.08741929337785,65.78181575948902,66.64641571044922,4030133.0
2021-12-14,67.11475521326693,67.54705526758076,65.9619532360989,66.82655334472656,3390053.0
2021-12-15,67.18680032640832,67.3669257964523,63.83646548419148,65.24144744873047,4735263.0
2021-12-16,66.28617059616816,68.44767615908668,65.781821496951,68.0874252319336,4254236.0
2021-12-17,68.12345856063571,71.83403904155468,61.278690338134766,61.278690338134766,6482830.0
2021-12-20,59.801657826004366,62.46751266282412,55.154422760009766,55.154422760009766,9018045.0
2021-12-21,56.19913981289942,56.73951615725422,49.64257460079297,50.5792236328125,7574681.0
2021-12-22,48.27362496807448,51.87613429405019,46.22019575166692,48.70592498779297,6051738.0
2021-12-23,50.43512645794146,51.44383008649879,45.53571472315497,46.86864471435547,3520983.0
2021-12-24,48.12952299606712,51.55190658569336,47.769272091895935,51.55190658569336,3944590.0
2021-12-27,53.28111048046399,55.19044151360216,52.416510445114945,53.38918685913086,7411759.0
2021-12-28,54.03764308307571,54.50597042252769,51.33576092892192,51.65998458862305,3166074.0
2021-12-29,51.51588623978222,54.03764290886247,49.82270786136986,53.605342864990234,3348372.0
2021-12-30,54.39789389333418,56.5593996109501,51.84010992869134,55.838897705078125,5212054.0
2021-12-31,55.94697029206348,56.811570321614,54.253792027614516,54.541988372802734,4879926.0
2022-01-03,54.72211215621966,59.981777749244834,54.72211215621966,59.765625,7368487.0
2022-01-04,60.12586968700036,62.57557677096094,59.33331885021693,61.02649688720703,8375544.0
2022-01-05,61.13457497176247,64.16068574784681,60.738302290710514,63.980560302734375,5324848.0
2022-01-06,63.3681239961877,64.52093114434373,62.71967684658977,62.97185134887695,6508441.0
2022-01-07,63.368133132893924,63.800438624280154,60.84637675244005,62.683658599853516,4189540.0
2022-01-10,61.81906677675327,62.179317735832264,60.702286604811015,61.278690338134766,4790846.0
2022-01-11,61.45881241625207,61.5668833003999,58.82897946112414,59.47743225097656,5142961.0
2022-01-12,60.08985502664905,61.71098417936264,59.36935318099856,59.69357681274414,4775877.0
2022-01-13,59.80165481567382,61.85508403223511,59.40537659098963,59.80165481567383,8206119.0
2022-01-14,59.80165757450552,60.45011038254338,58.28860468707933,58.93705749511719,3472154.0
2022-01-17,59.22524911911014,60.161903711012855,58.21655093951375,58.36064910888672,3983271.0
2022-01-18,58.144496699168116,58.61282399786876,55.262489318847656,55.262489318847656,2722866.0
2022-01-19,55.26249278155314,58.324625815014535,54.6500672742595,58.10847854614258,5798238.0
2022-01-20,58.72089507509247,59.87369682379398,55.838887954842534,56.59541702270508,7393021.0
2022-01-21,56.34324447576139,57.27989911288248,55.40659533563337,55.55069351196289,3609966.0
2022-01-24,54.794169382121126,55.94697127408765,51.2637091216668,51.335758209228516,5240660.0
2022-01-25,51.768055945980684,56.45131789163086,51.0115323144944,55.478641510009766,8344633.0
2022-01-26,55.91094390034608,57.8563022436361,54.902240184972705,55.11839294433594,5927469.0
2022-01-27,53.92956655511873,55.874924999169046,52.956890081590224,55.838897705078125,5477741.0
2022-01-28,56.19914186220749,58.86499639277156,55.08236184435375,58.50474548339844,6990420.0
2022-01-31,59.72960878185876,60.91843801968997,57.27990121538696,57.387977600097656,5991939.0
2022-02-01,57.892324117019406,60.16190610542506,57.71219864963789,59.297306060791016,7690220.0
2022-02-02,59.51345279576208,60.77433105625277,58.39667820609468,60.053829193115234,5615805.0
2022-02-03,60.08985777984679,61.67495971410694,58.360652171658295,58.8289794921875,7482757.0
2022-02-04,59.58549765011288,60.73830494683942,58.50474493217618,58.72089767456055,10566492.0
2022-02-07,58.75692913766345,60.52215650355323,57.96437269061777,60.053829193115234,7822516.0
2022-02-08,60.918434143066406,61.819061463354245,60.37805775089371,60.918434143066406,6708006.0
2022-02-09,61.35073608582454,64.44889086680229,61.278686997335406,64.19671630859375,9513090.0
2022-02-10,64.2687659844833,64.88119698472119,62.683664035262424,62.79174041748047,4495592.0
2022-02-11,62.71968645943428,63.72838462318292,60.990480969162334,63.11595916748047,5844228.0
2022-02-14,61.81906756724968,62.86379316314059,60.16191093549845,60.81036376953125,4866072.0
2022-02-15,60.81035614618472,62.93583436667694,60.81035614618472,61.45880889892578,5993167.0
2022-02-16,61.891099456918795,62.21532303531508,60.70227050781251,60.7022705078125,4134150.0
2022-02-17,61.06253216212179,61.7830340165421,59.76562662536806,59.87370300292969,4459056.0
2022-02-18,60.08986262247181,61.2426646218371,59.585507968566446,60.342037200927734,2901547.0
2022-02-21,61.60290746085075,62.32340930249813,60.30600194708835,61.49483108520508,5155456.0
2022-02-22,60.52215652131427,61.31470747159956,59.15320188155262,59.40537643432617,5196345.0
2022-02-23,59.873697102595145,60.95444977772138,59.081146240234375,59.081146240234375,4924401.0
2022-02-24,53.785467811566,55.946973506629654,53.17304229736328,53.17304229736328,5254178.0
2022-02-25,55.01031771111353,58.432701658067465,54.10969035665197,57.676177978515625,5836180.0
2022-02-28,56.199143911657885,59.65755496655704,56.01901845040257,57.856300354003906,5954903.0
2022-03-01,59.08115111842475,59.441402039878554,56.379269207521176,56.81156921386719,4309731.0
2022-03-02,56.88361695983486,56.919644249929355,54.902236938476555,54.90223693847656,3573870.0
2022-03-03,55.98298913592607,56.8836164096507,55.08236186220144,55.766841888427734,2743968.0
2022-03-04,55.51467362382905,55.766848189566815,54.073669823049514,54.10969161987305,2355100.0
2022-03-07,53.965588672707646,53.965588672707646,51.371783159770914,52.99291229248047,4889118.0
2022-03-08,52.380481494243334,53.02893424871392,51.58793057077608,52.09228515625,3985183.0
2022-03-09,52.884839180836984,54.037641091387975,52.59663732895096,53.74943923950195,4749511.0
2022-03-10,54.03764218685709,55.298520504550424,52.77676386916376,53.42521667480469,4677426.0
2022-03-11,53.389185960818736,54.2177641873327,53.13701141283437,53.46123504638672,3388032.0
2022-03-14,53.74943302174267,56.631440213224764,53.245083962030286,55.65876388549805,11399712.0
2022-03-15,56.23516787820006,58.61282052801263,56.23516787820006,57.89231872558594,11243873.0
2022-03-16,58.50474779159976,58.97307509166038,56.703493173668825,56.95567321777344,7258778.0
2022-03-17,57.67617148305344,58.68486960885679,57.49604603244676,57.89231872558594,7350236.0
2022-03-18,58.03642564500583,58.25257289968242,56.81156921386719,56.81156921386719,6266562.0
2022-03-21,57.46002163922076,59.36935261127054,57.35194526401175,57.96437072753906,7616382.0
2022-03-22,59.25595068948529,60.54752813990322,58.551459327518934,59.569061279296875,6623846.0
2022-03-23,60.43010716344751,61.05632830411959,58.903701344679476,59.52992248535156,4598980.0
2022-03-24,59.92130905122929,61.25202150662778,59.60819848169806,60.70408248901367,6633780.0
2022-03-25,61.056331618521945,61.1737488352828,59.99958861184969,60.195281982421875,3297901.0
2022-03-28,60.58666385832897,60.70408106566097,59.33422758165781,59.490779876708984,3428334.0
2022-03-29,59.64733790431013,60.8997802734375,59.37336837559645,60.8997802734375,4992493.0
2022-03-30,61.839108942644025,62.54360631488923,61.3303049531287,61.91738510131836,5465064.0
2022-03-31,62.23049271091455,62.30876886581889,60.50839341466776,60.93891525268555,5005358.0
2022-04-01,61.134607772333275,61.25202498909413,60.117005828610544,60.195281982421875,4221026.0
2022-04-04,60.50838695234624,63.678615678048935,60.50838695234624,63.63948059082031,9136214.0
2022-04-05,63.40465225385845,65.3615859653973,62.8958482944408,64.46139526367188,11501421.0
2022-04-06,64.46139200042471,66.18349716265293,63.4437901051915,63.79603576660156,9789225.0
2022-04-07,64.14827979147232,64.4222552678988,62.778426297689066,62.895843505859375,7365165.0
2022-04-08,63.32637189420997,64.38311483384342,62.621874610425216,63.09153747558594,7802114.0
2022-04-11,63.32637289402567,63.87431191668298,62.85671002144977,63.79603576660156,7152530.0
2022-04-12,64.18742416409738,65.12674993376133,63.56120300292969,63.56120300292969,10980417.0
2022-04-13,64.18742327823817,65.71382912589786,62.15221349066276,62.817569732666016,15719220.0
2022-04-14,63.365507503413674,65.67469273190555,63.365507503413674,65.32244110107422,12606801.0
2022-04-15,65.79210968208865,66.92712877540977,64.81364288712652,66.77057647705078,8350277.0
2022-04-18,68.06214821926984,68.84492165927105,67.12282248010335,68.1795654296875,9723335.0
2022-04-19,68.41439570704613,68.49267185188802,66.30090396379279,67.63162231445312,9873347.0
2022-04-20,67.82732318303022,68.02301655287619,66.73143911747525,66.8097152709961,5907676.0
2022-04-21,67.27937172708627,68.10128619063569,67.1228194350231,67.20109558105469,5911439.0
2022-04-22,67.04454652676051,67.08368161562268,62.62187538339104,64.10914611816406,5602710.0
2022-04-25,63.91345536195548,64.38311825205139,62.23049119803143,63.7177619934082,5595049.0
2022-04-26,64.18741754385141,64.65708038024269,60.3909678225654,61.05632400512695,6070411.0
2022-04-27,61.21287609700291,61.76082104777537,59.96043987994536,61.36943435668945,5882123.0
2022-04-28,62.50445357236962,62.81756412065946,60.97804786107624,61.05632400512695,7011410.0
2022-04-29,61.13460436104269,62.46532278993254,60.35183092243244,61.56513214111328,5915730.0
2022-05-05,62.46532492901761,64.10914801197332,62.426183866911785,63.56120300292969,4510943.0
2022-05-06,63.169818031959245,63.169818031959245,61.447718748852,62.426185607910156,4861022.0
2022-05-09,62.42618728555831,62.66102172687834,61.0563336460633,62.19135284423828,4076003.0
2022-05-10,62.817567357774934,63.013260714029684,62.387039585179565,62.895843505859375,817759.0
2022-05-11,62.934987977413364,63.05240519194842,61.173747675650425,61.52599334716797,3508539.0
2022-05-12,60.78236473162148,60.93891704603729,58.59059649727217,60.664947509765625,4428730.0
2022-05-13,60.97805921351143,61.21288768938217,59.29509492870804,60.23442077636719,3152165.0
2022-05-16,60.27355120422906,60.62579684191246,59.2168083190918,59.2168083190918,3228368.0
2022-05-17,59.49078008845052,59.92130785950447,59.06025231739656,59.177669525146484,3095377.0
2022-05-18,59.17766726064385,59.92130556654565,58.5514521300859,59.2168083190918,2672259.0
2022-05-20,59.21681643999533,59.33423365935456,56.86849594116211,56.86849594116211,4728384.0
2022-05-23,56.907631614262776,57.964380627203845,56.35969254777238,57.92523956298828,4034254.0
2022-05-24,58.27748381037509,59.2168155795116,57.416434167732454,57.846961975097656,3700967.0
2022-05-25,58.04264944264914,58.786281791991215,57.846956090497315,58.47317123413086,3328352.0
2022-05-26,58.62973511068383,59.17767416031852,58.199207305908196,58.1992073059082,4452104.0
2022-05-27,58.35576915472316,59.021125461995744,58.1600757718731,58.51232147216797,4471185.0
2022-05-30,58.98197523751868,61.17374317392384,58.86455803162427,60.46924591064453,8377116.0
2022-05-31,60.74321710952592,60.782358169948445,59.334228515625,59.334228515625,9846611.0
2022-06-01,59.843028904595634,61.64341025974709,59.64733553869168,60.11700439453125,7557752.0
2022-06-02,60.664946671368426,61.44772017680544,59.921314230038426,60.78236389160156,6755568.0
2022-06-03,61.2128854908384,62.03480005708605,60.78236364782744,61.09547424316406,6090239.0
2022-06-06,61.643402099609375,62.308758261187805,61.56512595802723,61.643402099609375,5365564.0
2022-06-07,57.25987912566266,58.629732664687666,57.02504470156624,57.41643142700195,22856775.0
2022-06-08,57.651263359575985,57.807815654149536,51.702186584472656,51.702186584472656,25484415.0
2022-06-09,51.74132349527693,52.44582078985667,48.72764692788922,50.29319381713867,24358644.0
2022-06-10,50.52803101364016,53.619983900838825,49.940947911893666,52.445823669433594,19501306.0
2022-06-13,52.44582022263066,52.7589307915116,50.645438930630775,50.95854949951172,8871358.0
2022-06-14,51.50649543838621,51.74132389031404,50.76285707706269,50.801998138427734,6269375.0
2022-06-15,50.95855053839314,53.03290138092044,50.80199823680476,52.52409744262695,8144019.0
2022-06-16,52.79806364026395,53.50256089733799,51.70218565380112,51.85873794555664,6406228.0
2022-06-17,52.250127041237825,52.367544251478314,50.99769073354324,51.78046417236328,4320887.0
2022-06-20,51.97616004376079,52.13271235025507,50.95855213528496,51.42821502685547,5285658.0
2022-06-21,52.01529786664474,52.95462967121546,51.78046939456806,52.71979522705078,5218315.0
2022-06-22,52.44581956379198,53.15031684190216,51.78046334583297,51.89788055419922,6088101.0
2022-06-23,52.13271038807776,52.524097111670066,51.115108489990234,51.115108489990234,4552523.0
2022-06-24,51.271661287904635,51.74132416635343,51.036826862636474,51.349937438964844,4013444.0
2022-06-27,50.332335262484584,51.07596765172062,49.78439026381134,50.801998138427734,3390372.0
2022-06-28,50.880273504203785,51.50649464385971,49.47128191206534,49.78438949584961,5371408.0
2022-06-29,49.78439356696498,49.94094886468126,47.670907498948985,47.749183654785156,3938223.0
2022-06-30,47.74918123881022,48.023150756418666,46.14449623700978,46.966407775878906,5401687.0
2022-07-01,47.04468385253531,48.375399334599635,47.04468385253531,47.984012603759766,2733707.0
2022-07-04,50.528034587102745,50.76286306673876,48.06229673235138,48.375404357910156,7353772.0
2022-07-05,49.11903530756272,49.35386675166502,46.96640826221137,47.31865692138672,4322362.0
2022-07-06,47.74918076057457,49.471282958984375,47.63176354789336,49.471282958984375,4165725.0
2022-07-07,49.314725200022295,49.706111907958984,48.88420041850067,49.706111907958984,2740296.0
2022-07-08,49.627836980760094,50.136640908002846,49.393002561390404,50.09749984741211,1074209.0
2022-07-13,50.21491789279053,50.293194043187334,47.592625049885264,48.1014289855957,4820294.0
2022-07-14,47.944875590134906,48.53195569940186,47.35779548086795,47.67090606689453,3839732.0
2022-07-18,48.37540195754495,49.51042413573097,48.21884665951171,49.43214797973633,4055162.0
2022-07-19,49.43214915780083,50.05836737881383,49.15817663320239,49.82353591918945,3519449.0
2022-07-20,50.01922246872577,50.3714681170339,49.27558712643735,49.706111907958984,3802015.0
2022-07-21,49.549560314373316,50.84113475503944,49.51042223787625,49.8626708984375,5295155.0
2022-07-22,50.2540554951901,51.70219122434702,50.17577934087864,50.723724365234375,6730914.0
2022-07-25,51.15424738722171,52.171855333151456,50.88027785472921,51.97616195678711,5822584.0
2022-07-26,52.44582391491861,53.07204509676769,51.70219148704966,52.9937629699707,8247776.0
2022-07-27,53.22859554153552,55.30294641514523,51.74132476581039,54.40275573730469,12403483.0
2022-07-28,54.79414168179246,56.12485416237242,54.79414168179246,55.381221771240234,7572356.0
2022-07-29,55.45950273316973,58.00351667480218,55.42036764039742,57.7686882019043,10407226.0
2022-08-01,57.92523541473882,58.942843290589494,57.06418581245074,58.27748107910156,8382103.0
2022-08-02,58.27747923022616,63.09153699895156,58.003509725292766,61.721683502197266,19779071.0
2022-08-03,62.15221502040007,62.895847431749935,61.13460711552247,62.856712341308594,8620473.0
2022-08-04,63.40464270987162,65.59641052571426,63.40464270987162,64.18741607666016,8378500.0
2022-08-05,64.57881799109155,66.37919954816334,63.913461666813106,65.90953063964844,8701427.0
2022-08-08,66.45747151473002,66.53574767051305,64.4222616039319,64.5396728515625,8346791.0
2022-08-09,64.61795043945312,65.83124569906508,63.83517699244382,64.61795043945312,9224798.0
2022-08-10,64.81364089551293,65.59641430742933,64.14827871771423,65.36157989501953,5713269.0
2022-08-11,65.71383683937225,67.86646409223192,64.18743081254338,64.81365203857422,9819202.0
2022-08-12,65.16588510351598,65.51813074226772,64.42225276744581,65.2833023071289,5961389.0
2022-08-15,65.83124507779374,66.92712908768205,64.03086974991555,64.42225646972656,6281451.0
2022-08-16,64.61794713488928,65.04846892547504,61.525988594072906,64.85277557373047,8956611.0
2022-08-17,65.28331161355412,65.67469836666646,64.42226195112458,65.04847717285156,8457481.0
2022-08-18,65.04847029585059,68.37525734559355,64.65708358411614,68.10128784179688,12932725.0
2022-08-19,68.21870613917726,69.62769474067031,66.18349640007351,66.77057647705078,7574555.0
2022-08-22,66.65315679067896,67.78817584182742,65.0093338306378,66.88798522949219,7214393.0
2022-08-23,67.24024367547531,68.41440390506304,65.51813842216063,67.00540924072266,8713945.0
2022-08-24,67.31851716883043,68.14043168588952,66.34005034951603,66.5357437133789,9723155.0
2022-08-25,66.88798975943587,68.29698437608701,66.06608120979567,67.04454803466797,11739432.0
2022-08-26,67.31852078299991,69.35373068202188,66.77058172360132,67.70990753173828,18857055.0
2022-08-29,68.023018806451,70.44961547851562,67.00541086070395,70.44961547851562,11660557.0
2022-08-31,71.23238618018273,71.54549676440325,69.00148297225387,69.15803527832031,7146051.0
2022-09-01,69.07975192552202,70.68443976985054,66.92712509498168,69.66683197021484,8671867.0
2022-09-02,69.97994976898126,73.26759597089752,69.47114581647126,72.0151596069336,10130640.0
2022-09-05,72.64137350258889,73.42414689821123,71.19323794301789,72.52395629882812,10284163.0
2022-09-06,73.18931711995202,74.44175343774762,70.17564055060679,71.54549407958984,10636511.0
2022-09-07,71.70204958337399,72.13257738626787,69.94080925313348,70.48875427246094,6141690.0
2022-09-08,71.1932453012116,73.73725909992136,70.76272347237487,71.7020492553711,11306341.0
2022-09-09,71.93688703444566,72.52396716915753,71.03669630013653,71.46722412109375,7770089.0
2022-09-12,71.5454972462656,75.1853951216579,71.5454972462656,75.06797790527344,14989938.0
2022-09-13,75.92903670281845,76.08558902883425,70.37134552001953,70.37134552001953,8600282.0
2022-09-14,70.37133597875699,73.58070600364749,68.9623413472989,73.54156494140625,7111778.0
2022-09-15,73.81554223336947,75.42022429891104,72.8370753743486,74.12864685058594,5369082.0
2022-09-16,74.12863983762742,75.69418666395185,73.81553525003228,74.32433319091797,3982940.0
2022-09-19,74.44176462231323,75.42023157574029,71.38894653320312,71.38894653320312,3008523.0
2022-09-20,71.38893230632293,74.28519749453227,71.31065616006585,73.22845458984375,4590123.0
2022-09-21,73.26759573542829,73.93295199176256,71.70204879248287,72.3282699584961,3489989.0
2022-09-22,74.87228173012808,76.00730084444814,73.18931761723931,73.77639770507812,8005136.0
2022-09-23,73.81553443394148,74.24605622316862,72.28912271189856,72.40653991699219,4335205.0
2022-09-26,72.44568363928207,73.54156166821,71.50635193608869,72.87620544433594,4370080.0
2022-09-27,73.18932234430154,75.0679799411397,73.11104618861826,73.6198501586914,5638887.0
2022-09-28,72.99362450624123,76.59438119631392,72.91534835534374,76.3204116821289,11532858.0
2022-09-29,77.10318533967504,79.45150570535041,69.97994809154387,73.15017700195312,15293400.0
2022-09-30,73.15017752729668,73.34587089250837,70.17564195933144,71.62377166748047,9872391.0
2022-10-03,71.70204364226265,75.49849351179606,70.6844417856931,75.14624786376953,10298657.0
2022-10-04,75.3028025090832,78.00337445925682,73.7372556297086,77.9642333984375,11352991.0
2022-10-05,79.06012149635994,80.23428171660291,75.34194746559054,76.79007720947266,12496340.0
2022-10-06,77.25973203457235,79.68633434732371,76.1638540544632,79.45149993896484,9516422.0
2022-10-07,79.06011853694244,79.45150526237285,76.32041145892958,76.6335220336914,9331410.0
2022-10-10,76.59439245158352,77.10319646531546,74.91142808558789,74.95056915283203,7831592.0
2022-10-11,75.02884008255016,75.38109174691546,73.50243411989773,74.01123809814453,6793034.0
2022-10-12,75.57678405228542,75.92902973956163,72.40654897844794,72.48482513427734,8440930.0
2022-10-13,72.75879124659214,74.59831366862213,72.21085220944762,73.85467529296875,6003434.0
2022-10-14,74.98969371114147,75.38108040906582,73.03276022151968,74.55916595458984,5707743.0
2022-10-17,74.55917595329461,77.65112889270632,74.16778920288363,77.06404876708984,9872249.0
2022-10-18,77.33802488772199,77.49457720030158,75.3028089916599,75.53764343261719,8445542.0
2022-10-19,75.88988411783018,76.39868805829546,74.44175441965015,76.0073013305664,7380376.0
2022-10-20,76.08557357323176,77.06404034229126,74.83313730325304,75.14624786376953,6700939.0
2022-10-21,75.3028032043075,76.71179779758796,74.63744696884794,76.12471771240234,5971613.0
2022-10-24,77.33801837659139,83.67848205566406,77.33801837659139,83.67848205566406,13945495.0
2022-10-25,85.94852348493555,86.65301478182397,81.87809813756915,83.20881652832031,16146179.0
2022-10-26,83.44364773348072,84.06986887599598,80.39083011487183,81.64327239990234,9250335.0
2022-10-27,81.79982421874999,83.67848166316747,78.12079145133495,78.27734375,10402476.0
2022-10-28,78.27734838558149,79.84289535329312,77.29888153076172,77.29888153076172,2972660.0
2022-10-31,77.49457285664609,78.66873305144375,76.71179939344763,77.02490997314453,8032231.0
2022-11-01,77.3380250647877,79.92117406079247,77.3380250647877,78.90357208251953,10096309.0
2022-11-02,79.13839355796844,79.99944314720699,77.49457052904259,77.9642333984375,6653345.0
2022-11-03,77.84681228230241,79.60805243323311,77.53370769980663,79.13838958740234,5580499.0
2022-11-04,79.84288889651745,81.01704902734859,79.21666777123929,80.5473861694336,7123911.0
2022-11-07,81.25187991584164,82.58259228419288,80.1559959802122,81.09532165527344,9155397.0
2022-11-08,81.40843552511873,82.73914794775212,80.46910981174071,80.8604965209961,10123021.0
2022-11-09,81.40843205562444,84.77436000060524,81.25187976742919,83.44364166259766,11982389.0
2022-11-10,84.14814882636786,86.8878559974589,82.81743630353013,86.26163482666016,13918722.0
2022-11-11,86.8095744816814,88.92306035141826,84.38297804588679,85.32230377197266,9445841.0
2022-11-14,85.32230889161245,90.5668887924453,84.93092215357753,90.2537841796875,10323290.0
2022-11-15,91.19311189492527,92.60210657054893,88.84479141694436,89.70584106445312,11672644.0
2022-11-16,90.09722403200803,98.62945593857184,88.45340096078267,96.28113555908203,16937335.0
2022-11-17,96.28113653469455,100.58639060738416,91.42794342340679,96.98563385009766,14777847.0
2022-11-18,98.86429380531433,100.97777983155837,96.51597334411531,97.7684097290039,9865163.0
2022-11-21,98.62945915670956,100.82122730458265,96.67252544328278,99.80361938476562,13454029.0
2022-11-22,100.35155156123068,102.5433195589594,97.6901266709581,100.82122039794922,16033795.0
2022-11-23,100.8995000576704,107.31825235660912,100.35156099278377,105.67442321777344,13963027.0
2022-11-24,107.6313545454794,108.02274128928114,103.01299574628904,104.89164733886719,12255317.0
2022-11-25,104.8916428037119,106.77029431506361,102.93470916931429,104.96992492675781,8049961.0
2022-11-28,105.59613130317172,108.3358383178711,104.50025327496185,108.3358383178711,10317673.0
2022-11-29,108.49240399903198,110.8407243284987,106.37890614717206,108.64895629882812,8977825.0
2022-11-30,110.1362301780522,113.5021586510211,109.27518648582583,112.40628051757812,9065548.0
2022-12-01,113.50214937899976,113.97181822306557,109.58828215903425,110.37105560302734,7565384.0
2022-12-02,109.74484013486783,111.54522153800048,106.53547601501661,108.96206665039062,9139864.0
2022-12-05,109.11862186349722,109.43173843212944,104.42198083159617,105.67442321777344,6764766.0
2022-12-06,105.83097149974381,108.02273961999914,104.65681128648295,106.84857940673828,6237951.0
2022-12-07,106.84857667175827,110.13622279590044,102.69987496892824,104.4219741821289,7577052.0
2022-12-08,104.1088657012587,105.12647354431645,100.82121969952756,103.79576110839844,7313938.0
2022-12-09,104.81336138223902,110.21450541583424,104.42197465273973,109.51000213623047,7787637.0
2022-12-12,111.78005505406534,112.87593314566216,110.21450809796968,111.93660736083984,6344582.0
2022-12-13,112.71937548726166,115.92875137255501,109.9796684441685,110.99727630615234,11243891.0
2022-12-14,111.54522769435701,112.01489658863528,106.45719976443897,107.47480773925781,9652100.0
2022-12-15,109.74483845597901,110.99728078965272,106.37891013538432,109.1968994140625,5931764.0
2022-12-16,109.19689136710372,111.466929492406,109.04033907297502,109.82311248779297,2125095.0
2022-12-19,114.2849233853615,116.47669142816231,113.81525453898456,115.4590835571289,8643647.0
2022-12-20,116.16358617245422,117.41602858840093,114.44148680865955,114.9111557006836,6902241.0
2022-12-21,115.61562843673295,119.7643298328495,114.83285503913262,117.1811752319336,9403605.0
2022-12-22,118.1987911571156,122.50404513965954,117.25946540430463,120.54711151123047,6933330.0
2022-12-23,120.93850826140373,122.11266853578628,118.1205188252152,121.32989501953125,5698363.0
2022-12-26,121.64300156489269,122.81716185777458,120.4688412720108,121.01679229736328,4935182.0
2022-12-27,121.01678561598209,121.01678561598209,117.96396185653101,119.76434326171875,4808200.0
2022-12-28,119.76434734080097,130.4100718820981,114.676319512597,118.5901870727539,19238623.0
2022-12-29,120.15571341797046,130.41004943847656,120.15571341797046,130.41004943847656,12885271.0
2022-12-30,131.1928277872242,133.22803147886304,127.2006786339654,129.70555114746094,11267676.0
2023-01-02,131.11455409138568,137.1419073234681,131.11455409138568,134.71531677246094,8375291.0
2023-01-03,135.3415458135243,135.88949686923496,130.6449043817882,132.99322509765625,6978122.0
2023-01-04,132.99320207664744,135.8111912255683,129.31416931412693,131.27110290527344,8775337.0
2023-01-05,132.28871300057162,133.4628731751329,125.79169097916417,128.60968017578125,6912997.0
2023-01-06,123.52166466135515,130.72317870412436,119.76434935168281,128.45314025878906,9700964.0
2023-01-09,129.78385381529574,130.1752405807555,122.11267082344895,123.83477020263672,5352051.0
2023-01-10,123.2868207618138,123.59992537020547,117.416019773156,119.6860580444336,6065854.0
2023-01-11,119.68605348397067,121.72126919349319,109.82311536534358,109.97966766357422,6416111.0
2023-01-12,113.73699140075809,117.3377423172179,107.8661901785322,116.08531188964844,7674329.0
2023-01-13,115.61564036087023,116.71153039704092,111.15383392321026,113.65870666503906,5979144.0
2023-01-16,115.06769778035411,120.31227753524952,113.03248202153497,119.92089080810547,4846283.0
2023-01-17,119.92088435615332,126.9658450657153,118.82500635678011,126.65274047851562,7411946.0
2023-01-18,126.65274909311499,128.4531304524064,123.28682080299193,127.12240600585938,7791325.0
2023-01-19,127.43550821584188,132.44525305299325,126.41790043649661,130.41004943847656,7057831.0
2023-01-20,130.64488168567385,134.0890919704454,128.76623021701647,133.54115295410156,5808636.0
2023-01-23,134.55876216569573,136.75053039188649,128.37485618796998,130.48834228515625,9563727.0
2023-01-24,130.5666208314466,131.27111219645232,125.5568633170233,129.31417846679688,5519740.0
2023-01-25,129.94039346570167,130.72316692031433,120.78194643556854,125.63513946533203,6160805.0
2023-01-26,125.79169609656427,129.62729332267412,121.56472407385388,127.82691192626953,6388766.0
2023-01-27,126.57447546866675,130.6448953733319,122.26922111977213,128.06175231933594,7587353.0
2023-01-30,128.45313189209728,131.97561252594812,126.5744683875383,127.4355239868164,7151878.0
2023-01-31,126.02652317164292,127.67035216459513,122.19093811365413,123.75648498535156,7060737.0
2023-02-01,123.83474685037417,124.69580234968174,113.5021405795531,113.97180938720703,6821881.0
2023-02-02,115.06769930970938,118.6684620249622,109.19689832452013,117.96395874023438,10209040.0
2023-02-03,117.18119299454435,121.79956390695466,113.73699430069256,121.32989501953125,9405592.0
2023-02-06,117.4160319528762,123.36511568282583,111.54523035523238,122.89544677734375,1854953.0
2023-02-07,120.15573013952019,120.39056457423058,110.60589599609375,110.60589599609375,4597664.0
2023-02-08,100.50810241699219,100.50810241699219,100.50810241699219,100.50810241699219,25.0
2023-02-15,113.89354482991163,121.64299774169922,113.89354482991163,121.64299774169922,4369566.0
2023-02-16,127.20068514347075,130.17522663104538,116.55496148610109,125.2437515258789,11800425.0
2023-02-17,122.81716677712667,128.9228029335045,121.48645411406171,128.76625061035156,8501813.0
2023-02-20,125.86997035578962,128.76622966768684,123.44336793696577,126.18307495117188,6493094.0
2023-02-21,125.79170395480679,128.68796362864407,123.67821781142153,125.55686950683594,6864620.0
2023-02-22,125.55687311924207,128.53141500937582,124.61754724450945,125.0089340209961,5864224.0
2023-02-23,125.2437511982362,128.06174037786647,124.85236447574171,127.59207153320312,4639418.0
2023-02-24,128.37485899413375,129.15763252458578,125.00893042435476,125.55686950683594,5585746.0
2023-02-27,125.40029900454907,129.62728262251613,122.73887416463143,129.47071838378906,6938163.0
2023-02-28,129.47073263850206,135.0284292883297,128.4531366397857,134.16737365722656,10330537.0
2023-03-01,134.6370376152904,141.2123300234833,132.28871719176792,138.31607055664062,9924105.0
2023-03-02,151.85805011906038,151.85805011906038,141.91682963927647,142.8561553955078,23901068.0
2023-03-03,142.4647684733073,157.10262965837805,141.68199502015725,152.6408233642578,32175417.0
2023-03-06,154.20638381304667,157.33747790062122,150.52735064898178,151.23184204101562,13368299.0
2023-03-07,151.07528181102202,153.18876782057947,147.08313228083261,147.86590576171875,11390973.0
2023-03-08,148.02247496531706,154.2063808935294,147.94419283693938,151.07528686523438,11717417.0
2023-03-09,154.44120313650055,161.48616414374328,153.34531314664676,158.58990478515625,11191451.0
2023-03-10,158.2767864904137,160.70338892152412,150.68388654428963,150.84043884277344,7117957.0
2023-03-13,151.15356097080775,153.658433671657,148.88351075427622,153.42359924316406,5937876.0
2023-03-14,153.42361578690378,154.04983701568563,147.9442009373715,148.7269744873047,4788776.0
2023-03-15,148.9618013285362,150.05767946476803,143.32583444587456,147.00486755371094,6141055.0
2023-03-16,148.64867664465058,151.31011359965433,146.69174297663687,149.35317993164062,4749342.0
2023-03-17,150.68390097020816,152.09289567980372,144.42171287793974,144.7348175048828,5788986.0
2023-03-20,148.02246622379636,148.57040525755409,141.52544410993306,143.24754333496094,7372244.0
2023-03-21,144.5424560080266,149.23643390143368,142.11453129803104,144.70431518554688,8857779.0
2023-03-22,145.6754805402058,149.72202166632263,142.92383751407175,149.31736755371094,6149130.0
2023-03-23,148.912701534177,151.17876685342262,147.29408521315332,148.66990661621094,3830048.0
2023-03-24,149.3173485086104,153.36388911859984,147.45593735820287,151.4215545654297,6021672.0
2023-03-27,152.79738655057554,157.16764577427733,152.47365586978032,155.7918243408203,6337864.0
2023-03-28,156.1155532923054,159.59558116594033,151.66435800834677,152.71646118164062,10016201.0
2023-03-29,151.58343459444026,152.71646118164062,145.51362284358757,152.71646118164062,8081115.0
2023-03-30,153.4448479629406,157.81510753980191,151.8262314753529,154.98252868652344,6116394.0
2023-03-31,153.76854337243435,154.33505658873094,149.3173486958639,151.0978240966797,5377068.0
2023-04-03,149.72202032853048,153.4448430709193,144.38058115015755,152.47366333007812,8179309.0
2023-04-04,153.04017803564275,158.78625856370775,151.09783104169733,157.0057830810547,7562357.0
2023-04-05,157.0057879255152,163.3183942397557,156.19647974033214,160.08116149902344,7671611.0
2023-04-06,159.595561146259,165.90816704510468,159.595561146259,164.28955078125,7767629.0
2023-04-07,165.09886559158116,165.09886559158116,160.72860644201728,162.99465942382812,4782268.0
2023-04-10,164.8560695308306,168.17423792260402,164.694210368831,165.90817260742188,6016117.0
2023-04-11,165.58445912770594,171.08774489107026,164.4514202624358,168.98355102539062,7594890.0
2023-04-12,168.9026066211415,172.7063524154761,167.6886444091797,167.6886444091797,5309794.0
2023-04-13,168.01239716682295,172.46359252929688,167.20308891910042,172.46359252929688,5870854.0
2023-04-14,172.46358354614333,174.64871323136398,171.24962123779147,172.05892944335938,4926265.0
2023-04-17,172.9491637753766,175.78174253933616,171.73520144796535,173.11102294921875,4465684.0
2023-04-18,173.92033432579143,174.89151408460725,170.52124221712697,172.7873077392578,3136901.0
2023-04-19,172.7872876253995,179.50454764692537,171.97797948663884,178.04779052734375,5508769.0
2023-04-20,176.91477509873684,181.60875271684625,176.75290358164648,180.71852111816406,2491397.0
2023-04-24,181.44689522721694,188.8925281669167,181.2041002983985,184.11761474609375,6209674.0
2023-04-25,184.19855139503616,184.44133397596417,170.60217115522838,174.64871215820312,7713954.0
2023-04-26,174.81057329679928,176.1863947834892,166.47469626700035,170.2784423828125,6308362.0
2023-04-27,168.9835328135061,172.30168859568386,165.746300431443,168.74073791503906,4722625.0
2023-04-28,162.5090752822107,165.90816696484885,152.3927236380126,155.3871612548828,7929040.0
2023-05-02,155.62996680086727,157.08672400700797,149.80295032536736,151.7452850341797,5636148.0
2023-05-03,153.3639062004842,155.3871767308336,145.7564139459958,154.82066345214844,5922087.0
2023-05-04,153.7685580387649,159.67651037006692,150.61226099759446,153.12110900878906,4710690.0
2023-05-05,153.3639103552055,153.7685644722377,145.83734130859375,145.83734130859375,3909137.0
2023-05-08,146.5657214516162,150.2076083886894,143.81406613416738,149.64108276367188,3947616.0
2023-05-09,148.91269876201693,152.63552117069224,147.45594163040212,147.860595703125,4353359.0
2023-05-10,148.50804003533344,149.72200221545876,143.00474234895285,143.08567810058594,4334386.0
2023-05-11,143.00474660865555,157.32949829101562,142.8428874496299,157.32949829101562,7263471.0
2023-05-12,160.4048879601019,163.23746675175022,155.62997436523438,155.62997436523438,7383813.0
2023-05-15,144.38057592597357,154.57786404332603,141.95265135984803,143.40940856933594,5207208.0
2023-05-16,143.4094038523964,155.95368036477922,143.4094038523964,155.8727569580078,6330357.0
2023-05-17,155.38716133004925,165.01792316035977,153.93040422276763,164.28955078125,6767963.0
2023-05-18,164.93701319425557,167.52679695760398,158.62440678111295,161.4569854736328,5537758.0
2023-05-22,162.67094179183718,163.15653163233338,150.126665185999,152.95924377441406,5653397.0
2023-05-23,153.0401824590684,157.08672337708649,151.50248950078384,153.20204162597656,4821975.0
2023-05-24,153.20203830203937,156.7629892930102,153.1211025458099,153.8494873046875,4074804.0
2023-05-25,154.1732201547296,154.98252839701163,148.75085740125263,148.99365234375,3307255.0
2023-05-26,149.72201071823542,156.35833520998793,148.9936383084204,153.8494873046875,3422171.0
2023-05-29,156.3583333484127,160.64766904719306,153.36389563951178,159.029052734375,4621337.0
2023-05-30,161.86162239111565,168.74074134273806,160.40486531978323,167.5267791748047,6986452.0
2023-05-31,169.06447267768763,175.3770789072658,166.71748391175882,173.5966033935547,22626323.0
2023-06-01,172.70635258865522,172.70635258865522,166.55561811798512,167.12213134765625,6370960.0
2023-06-02,170.76401481835697,172.3826310725594,165.82723030341475,167.4458465576172,5003571.0
2023-06-05,169.95472539857377,175.45802373843551,168.09331403153863,174.0012664794922,7326281.0
2023-06-06,174.3249692001115,178.29058651337758,171.24960813353493,175.13427734375,7084113.0
2023-06-07,178.04781114732899,184.360417830547,178.04781114732899,179.6664276123047,7493207.0
2023-06-08,179.6664150650296,188.24508666992188,178.4524528010767,188.24508666992188,7351783.0
2023-06-09,189.86371889329047,190.8348863158238,183.4701763592403,187.3548583984375,4005563.0
2023-06-12,188.56881026598415,190.75393993230097,182.8227171165371,183.2273712158203,3931563.0
2023-06-13,183.71295874459403,186.78833232995487,176.2673258820266,181.2850341796875,5160194.0
2023-06-14,181.85154998687355,184.44133375587444,175.05336604961332,175.21522521972656,3806574.0
2023-06-15,177.07664283381607,182.33714631812146,176.1863988430005,181.689697265625,4731159.0
2023-06-16,182.09434236798967,185.89808838319732,179.42362287677992,181.2850341796875,4052434.0
2023-06-19,182.09434005449404,182.25619922028548,171.2496154086515,171.57333374023438,3542357.0
2023-06-20,171.65427780991888,174.8915106787599,169.5500715055469,173.43475341796875,2811374.0
2023-06-21,175.13429326467227,179.74735998202135,172.78730437438787,173.43475341796875,4056675.0
2023-06-22,173.67753650671423,182.41805477715928,170.60216302126827,180.55665588378906,7853314.0
2023-06-23,183.7129532621195,188.97345632909648,183.3892349360844,187.43577575683594,5265785.0
2023-06-26,188.00229775108886,198.03771451395102,185.4125139750983,195.8525848388672,5316267.0
2023-06-27,195.7716398067588,205.64520928049367,194.23395923576734,204.35031127929688,2873903.0
2023-07-03,208.96337930229936,212.5243303094652,206.53544244406106,208.07313537597656,5113996.0
2023-07-04,208.39685328082362,209.36803296177078,201.19401552452896,201.43679809570312,4944321.0
2023-07-05,203.5410077751629,208.8824467160448,199.5754026229459,208.2349853515625,6327917.0
2023-07-06,208.15407270073305,216.00434718733362,206.94009808793695,212.0387420654297,7382835.0
2023-07-07,211.95781343412483,217.13738099389627,206.373591772838,209.61082458496094,5900976.0
2023-07-10,210.42012812346513,212.68618116246753,205.88799734733456,205.96893310546875,4387306.0
2023-07-11,208.47778690722112,210.0964032268453,203.3791430305924,206.94009399414062,4727115.0
2023-07-12,206.94009891718028,207.1828938407124,200.38471007618915,202.24610900878906,4258890.0
2023-07-13,202.32704397953097,207.83032969652402,198.28050309994035,204.26937866210938,5135152.0
2023-07-14,205.15963030254807,208.3159273675774,202.32705158042216,207.3447723388672,4955769.0
2023-07-17,207.74942099191762,209.85360251465164,205.88799734733456,205.96893310546875,4860972.0
2023-07-18,207.99220059155132,210.82477919882925,197.6330535008366,197.7139892578125,7255085.0
2023-07-19,197.87585447265067,206.0498722146226,195.69072480718248,205.3214874267578,5870638.0
2023-07-20,207.99221877059475,213.4145938862776,204.59312661458455,213.09085083007812,7969381.0
2023-07-21,213.00992289959774,221.66950560852524,209.77269017892377,216.89459228515625,8424418.0
2023-07-24,217.29923314635073,219.16063196816853,208.5587152118924,211.0675506591797,5367709.0
2023-07-25,212.11967762894616,212.92898580402942,202.3270437708137,204.59310913085938,5528983.0
2023-07-26,205.15961723327635,210.58199174946103,203.5410009237436,210.4201202392578,5522212.0
2023-07-27,218.5132090400253,222.4788141903858,212.0387435869875,215.76156616210938,8236181.0
2023-07-28,216.8136633509781,225.0686169277432,215.5187652823309,222.2360382080078,8778818.0
2023-07-31,229.76258869477184,244.41107177734375,228.063036567291,244.41107177734375,9878608.0
2023-08-01,244.4110659130087,256.22697006564675,241.49755157839417,243.92547607421875,9171138.0
2023-08-02,243.92550077663768,250.5618382832058,242.711538405787,243.43991088867188,4145729.0
2023-08-03,245.22037601794227,247.0817749335478,236.47985764308754,238.74591064453125,4450732.0
2023-08-04,238.98871912241842,243.76365761139783,235.18498512210172,241.74038696289062,4522908.0
2023-08-07,242.7924457089594,248.21482020904273,239.79799566596566,245.78689575195312,6117292.0
2023-08-08,246.67711078377266,247.64829042941224,239.15055497350104,240.12173461914062,3752728.0
2023-08-09,241.17381510796125,246.27244628636345,236.56074903369387,244.24917602539062,4072979.0
2023-08-10,244.49199583052314,246.43433044117347,232.91887452459164,234.29470825195312,5936260.0
2023-08-11,234.2947168259122,244.0873506898673,233.89006273812996,243.35897827148438,4311548.0
2023-08-14,244.81572271407995,246.8389931497335,234.86124204991464,236.4798583984375,4356912.0
2023-08-15,236.80355487029797,237.77470977089368,225.47324147648584,228.46766662597656,5982329.0
2023-08-16,231.6240097895818,233.16169038395262,227.901187241335,228.0630340576172,4840743.0
2023-08-17,228.6295696099599,234.1328555655685,227.17282470939486,233.0807647705078,4151492.0
2023-08-18,233.40447417120748,233.64728144408164,221.7504413188909,224.90673828125,4163031.0
2023-08-21,224.66397388084053,233.8900829395214,220.6174326535132,231.462158203125,5338562.0
2023-08-22,234.13284692227083,236.8035787388822,225.63511102038362,231.54307556152344,5355620.0
2023-08-23,234.6993754771805,235.3468121509706,224.8258056640625,224.8258056640625,4006076.0
2023-08-24,226.60628590016913,232.43331455970926,212.20061046147987,212.36245727539062,6918691.0
2023-08-25,213.81923459318241,217.86577556051648,208.07314147994285,215.9234161376953,4774137.0
2023-08-28,217.70389731432797,220.37460439097856,215.59969113672057,216.97552490234375,4329968.0
2023-08-29,217.38018096548163,218.2704248985112,212.0387420654297,212.0387420654297,3317131.0
2023-08-31,213.00991641223928,218.43226623535156,208.47778580169964,218.43226623535156,4175142.0
2023-09-01,218.6750910201055,227.82026403090532,214.87133250517002,227.01095581054688,9017685.0
2023-09-04,228.14396295141958,229.76257925430036,221.0220610979941,221.3457794189453,4989304.0
2023-09-05,221.58856825200985,224.58301837627707,217.78483465153917,220.94113159179688,3525759.0
2023-09-06,220.94113360285002,221.4267234514924,215.92341299708815,216.0043487548828,3049934.0
2023-09-07,216.5708793699638,219.64624065228014,215.51876389055204,218.51321411132812,3147047.0
2023-09-08,219.24157835640545,233.40447133418522,217.7038977727287,231.62400817871094,10860767.0
2023-09-11,233.89005005298725,240.36451510635715,230.24816346046669,237.5319366455078,10209049.0
2023-09-12,239.6361407329115,245.78688742204315,232.35236760849548,243.60174560546875,9794830.0
2023-09-13,244.00643209508948,246.2724852668046,236.2370681235806,239.55523681640625,9756758.0
2023-09-14,240.44548424890897,245.22039794921875,235.0231091344772,245.22039794921875,9170645.0
2023-09-15,244.41107554927703,244.73479388852502,235.1040312816721,235.18496704101562,5515716.0
2023-09-18,234.6993645201338,234.78030027511053,226.60628298495678,228.2248992919922,5223623.0
2023-09-19,228.22491814108454,234.29472979377297,227.25373839740365,233.89007568359375,4702351.0
2023-09-20,234.05193880339039,234.29472138153017,222.80253518581097,224.8258056640625,4534026.0
2023-09-21,222.9644020372237,230.8147012078026,217.4611163308001,228.95327758789062,6862616.0
2023-09-22,229.43888138695587,232.1905244075268,223.04535136024282,224.98768615722656,5553968.0
2023-09-25,225.5541921102286,238.74590512428674,223.77370429445858,237.12728881835938,7260268.0
2023-09-26,239.95986455107388,240.68823694060907,233.9709892287158,236.31797790527344,7369461.0
2023-09-27,237.12729032686943,237.7747269741092,232.99981378087233,233.3235321044922,5478575.0
2023-09-28,234.699361618251,239.63614623329428,232.0286546239138,236.31797790527344,6564348.0
2023-09-29,237.20823898497346,242.7924606400698,235.9942766817731,239.15057373046875,6291611.0
2023-10-02,239.95988733628215,241.90222212551708,233.56635733507574,233.89007568359375,7547199.0
2023-10-03,237.12730766283298,241.5785028578691,234.45660042506202,235.91334533691406,12677708.0
2023-10-04,236.72266179865056,239.15058653504695,230.65284995765953,231.462158203125,7898226.0
2023-10-05,232.2714507159194,235.1849651418767,225.87792094942694,232.35238647460938,6756705.0
2023-10-06,232.67608357058734,242.7924350301781,231.46212139543647,241.90219116210938,12301772.0
2023-10-09,237.85567273717584,240.2026615548243,230.8147062842305,231.70492553710938,6002182.0
2023-10-10,236.15610294241705,238.2603090243871,233.89005005298725,237.5319366455078,5384226.0
2023-10-11,238.34127446767448,243.1161880997274,236.31800388645482,239.55523681640625,10385401.0
2023-10-12,241.98316161883417,243.03525244227387,223.61185485414003,232.43333435058594,8937151.0
2023-10-13,231.5430652269437,232.10956610957587,225.31138263111802,226.5253448486328,4098534.0
2023-10-16,230.4100525443133,231.38120755753488,214.46667125480036,215.68063354492188,5720894.0
2023-10-17,216.08527097065024,219.8890290654881,213.0908210067886,219.484375,4604830.0
2023-10-18,214.46667750078933,219.8081166725098,213.4145866979607,215.27598571777344,5181543.0
2023-10-19,215.35690239477208,223.6927664117568,213.4145677857598,217.62295532226562,6684336.0
2023-10-20,215.43783787261478,216.7327111448792,207.1828849222443,209.8535919189453,4546364.0
2023-10-23,213.6573760037088,216.89460897346197,209.2061806702982,213.73831176757812,4852532.0
2023-10-24,214.4666721012514,216.73272517250473,211.39131083338955,213.900146484375,6891673.0
2023-10-25,216.89458688537516,220.1318195254554,198.11864004272235,198.60421752929688,6525634.0
2023-10-26,201.5177305358927,205.64520706480704,196.17629177483443,202.08424377441406,9057160.0
2023-10-27,202.32704068980334,207.02103050361927,199.17074379466743,204.9168243408203,5466465.0
2023-10-30,206.37359249976373,211.2294417350523,200.70843505859375,200.70843505859375,5609009.0
2023-10-31,201.43678488877887,203.62192667858153,193.8292935472184,194.8004608154297,5252316.0
2023-11-01,195.8525783871673,197.87584882505126,190.10648540395175,196.82374572753906,4286773.0
2023-11-02,199.3326059928182,206.53544381143408,199.3326059928182,204.59310913085938,4695191.0
2023-11-03,204.51218503628138,205.8070831298828,201.27495215134124,205.8070831298828,3283334.0
2023-11-06,209.20615974801484,214.87131687852204,207.99219750576333,209.81314086914062,3291457.0
2023-11-07,209.81314494473216,218.91786193847656,209.20616381181586,218.91786193847656,3640177.0
2023-11-08,220.1318387065808,220.73881987948496,212.24108345882652,214.06202697753906,3055681.0
2023-11-09,212.03873509820903,216.48992991897296,208.59917546398236,214.46665954589844,2149576.0
2023-11-10,214.46665181360262,214.8713058736283,209.00382200325615,210.0154571533203,2412538.0
2023-11-13,209.61082248456083,209.61082248456083,199.41353428892995,199.8991241455078,2908670.0
2023-11-14,200.7084156823537,205.56426444886225,198.2804912990994,203.94564819335938,2640249.0
2023-11-15,204.75496690538193,206.3735832445549,199.332604638965,200.30377197265625,2815288.0
2023-11-16,200.38470497349763,201.1940131319543,199.0088712248713,199.4944610595703,3451216.0
2023-11-17,199.8181883863905,201.43680477623266,198.6851618531262,199.8991241455078,3067838.0
2023-11-20,201.51775039582563,206.57592686158432,201.51775039582563,205.15963745117188,3606848.0
2023-11-21,206.17125642051053,206.98056459095415,201.43679868379033,203.7433319091797,2289734.0
2023-11-22,205.15962741249487,205.15962741249487,199.33261087887567,199.8991241455078,2427670.0
2023-11-23,200.30378544916874,202.24612024723226,196.66189844100202,197.47120666503906,4182439.0
2023-11-24,197.55213148712065,199.00887633046563,193.5865139995071,194.2339630126953,4234205.0
2023-11-27,195.52885143020146,197.14746770909696,192.77719634664177,195.2860565185547,4414374.0
2023-11-28,196.01443736244713,199.25167005992458,195.12420578007846,197.3902587890625,3819978.0
2023-11-29,198.19955892093523,204.7549598069486,197.95677635772617,202.731689453125,6326133.0
2023-11-30,201.92239440662055,202.73170260063506,192.4534910064634,193.02000427246094,6526500.0
2023-12-01,195.4479193483355,196.98559990254836,191.32044281998793,193.50558471679688,3510598.0
2023-12-04,194.23397421924184,197.30934794752588,191.8869853037181,196.58096313476562,4115089.0
2023-12-05,195.85259142907984,195.93352719160984,186.70740597104978,188.00230407714844,5997990.0
2023-12-06,188.16415681245738,189.05440077356093,181.52783203125,181.52783203125,4917702.0
2023-12-07,181.52782712406918,186.464599609375,181.36596795798852,186.464599609375,3352969.0
2023-12-08,186.46458881037515,186.54552456325953,181.8515349243933,182.09432983398438,2939742.0
2023-12-11,182.17528534231377,183.55110684711047,178.85711669921875,178.85711669921875,2717311.0
2023-12-12,178.93805537388727,180.3948003149967,177.07664396694744,179.09991455078125,3776097.0
2023-12-13,179.01896807903464,180.55666104020298,175.21522207877678,175.29615783691406,3493113.0
2023-12-14,177.31942537141373,184.76505808175847,176.91477128553564,183.0655059814453,3358223.0
2023-12-15,183.95574764555073,189.13531494140625,183.0655037279525,189.13531494140625,2846282.0
2023-12-18,189.05440521536065,189.13532862795844,178.85711669921875,178.85711669921875,2752795.0
2023-12-19,178.8570986661044,179.747342558366,175.7817252690015,178.04779052734375,2551160.0
2023-12-20,177.72408921356248,179.01897495001836,174.0012664794922,174.0012664794922,2053538.0
2023-12-21,174.5677604834,177.31941552399587,173.35379829318296,176.67196655273438,3229269.0
2023-12-22,176.99568961859518,177.48127944735154,171.65426324758678,171.9779815673828,2162434.0
2023-12-25,171.5733325550857,171.5733325550857,165.82723959121012,166.7174835205078,1763904.0
2023-12-26,168.33610718639184,174.00126463978003,164.77515601245884,171.16868591308594,3027305.0
2023-12-27,170.44031636876798,173.3538185564093,169.5500723855906,171.41148376464844,2224138.0
2023-12-28,171.41148063158732,174.4059185262627,171.16868569978917,171.73519897460938,3014118.0
2023-12-29,171.73520279723064,172.7063701969771,169.06448318613027,169.95472717285156,3040215.0
2024-01-02,171.49239285589766,177.80499892554533,171.2496102890001,177.4003448486328,3861494.0
2024-01-03,177.23848679023334,177.31942254574426,173.51566431985458,174.24404907226562,2572106.0
2024-01-04,174.24404474498112,178.04779052734375,172.94914678333922,178.04779052734375,2650925.0
2024-01-05,179.6664249195772,180.47573313993564,176.34825627648215,178.85711669921875,2861148.0
2024-01-08,179.58548328694482,181.60875377169663,177.40035363322548,178.37152099609375,4034982.0
2024-01-09,179.01895852942425,180.15199733759096,175.70080255686852,176.02452087402344,3328318.0
2024-01-10,176.4291829725432,180.63758303235096,176.34824721504077,179.0189666748047,4091957.0
2024-01-11,179.82827578301786,185.49343306371009,178.04780025032716,184.4413299560547,6051000.0
2024-01-12,183.63202715221243,187.84043970611066,181.6087566355549,185.81716918945312,5029045.0
2024-01-15,185.89809617935242,191.96790784617323,185.89809617935242,191.48233032226562,5377140.0
2024-01-16,191.88696657019264,192.77719812234793,189.0543880560341,190.34927368164062,2633430.0
2024-01-17,189.1353249956906,191.23953126783752,186.9501953125,186.9501953125,2678872.0
2024-01-18,188.56881172213204,189.37811992694805,186.9501953125,186.9501953125,1753793.0
2024-01-19,187.273895737172,187.43576724189856,183.8748040719691,185.57435607910156,2177375.0
2024-01-22,184.92692480045994,188.56881172213204,183.47016756197849,186.9501953125,2250680.0
2024-01-23,188.56881422158503,190.43022558714725,186.7074028560228,188.32601928710938,3012144.0
2024-01-24,188.16415324109664,190.9157961338144,186.7883317947378,190.1874237060547,2555646.0
2024-01-25,190.99672487403166,193.34371358751977,190.26835247303532,192.61534118652344,3471519.0
2024-01-26,193.02000858048618,198.28051195899,192.21070036840865,197.22840881347656,4655385.0
2024-01-29,198.28051488907613,199.25168228810787,196.41910350397822,197.47120666503906,4167285.0
2024-01-30,198.8470056832599,203.5409953215209,195.28605483992374,200.4656219482422,10084696.0
2024-01-31,200.46563153474654,203.338678012295,199.4135284423828,199.4135284423828,5320373.0
2024-02-01,199.89911809957252,205.76660233528872,199.57539977102016,203.7433319091797,4945412.0
2024-02-02,205.15961594468965,208.59917558084322,203.94565372016484,205.56427001953125,4728892.0
2024-02-05,205.36194298211043,208.19452150600162,204.35030779500644,205.56427001953125,3646599.0
2024-02-06,206.77824048587783,209.40849207718549,204.7549700310258,207.99220275878906,4513786.0
2024-02-07,208.80152450651812,209.0038515651485,204.3503292166505,205.15963745117188,3302203.0
2024-02-08,205.36195651904958,210.4201327879917,205.36195651904958,209.61082458496094,4445512.0
2024-02-09,210.01546616187463,212.24106358748216,207.3852146588839,210.4201202392578,4501807.0
2024-02-12,211.83642579559097,216.28762098900359,211.63409874134496,215.27598571777344,4924946.0
2024-02-13,216.2876153188209,216.6922694167046,206.57591696961288,206.7782440185547,4422659.0
2024-02-14,203.94565795898438,204.35031204223634,199.73725796297657,202.32704162597656,6945595.0
2024-02-15,203.74334004021253,208.19453515529165,203.74334004021253,206.1712646484375,4304512.0
2024-02-16,206.77823427070692,210.8247750587834,206.77823427070692,208.3968505859375,5095549.0
2024-02-19,209.8131507006053,213.859691697724,207.18289905247812,208.1945343017578,7342667.0
2024-02-20,208.59917788792475,214.26433499836307,206.98056157065668,211.83641052246094,6599698.0
2024-02-21,212.84804396856399,214.66898731050037,209.20615728469124,212.44338989257812,4025887.0
2024-02-22,213.85969633805126,216.89460215174168,212.038752849837,215.27598571777344,4982111.0
2024-02-23,215.4783006588474,222.9644012451172,213.4550302301258,222.9644012451172,8288846.0
2024-02-26,225.3923162881247,227.4155866318242,217.7038889820666,219.12017822265625,7382285.0
2024-02-27,219.120199748448,219.322526802694,213.05038812106713,215.27598571777344,3887137.0
2024-02-28,215.27597753720593,216.48993981655107,210.8247825129404,212.84805297851562,3718705.0
2024-02-29,213.45503869457778,219.72717727233317,210.0154788293571,216.4899444580078,4890974.0
2024-03-01,217.09691535101996,217.9062235163546,211.02710411101006,211.22943115234375,2893194.0
2024-03-04,212.84806195427387,213.25271606445312,205.7666150261374,206.37359619140625,2866312.0
2024-03-05,206.3735831248885,217.09691636569153,206.3735831248885,212.64572143554688,6956343.0
2024-03-06,212.84804869233892,220.13182222173455,210.8247782675068,216.0852813720703,6132625.0
2024-03-07,216.08526487911448,222.15507569032556,214.46664866279153,220.13180541992188,4322522.0
2024-03-08,221.14345311238756,223.57137757473765,219.12018272709582,219.322509765625,4682494.0
2024-03-11,222.5597506892072,225.79698342650474,220.9411343205584,221.7504425048828,4224385.0
2024-03-12,221.75043319659645,222.55974134694898,214.46665984342357,217.90621948242188,3656587.0
2024-03-13,217.90621601643653,222.1550837382055,214.46665643214737,219.12017822265625,3204916.0
2024-03-14,220.53648554741403,223.16673720990613,217.703906833961,219.92950439453125,3176223.0
2024-03-15,219.72717173086048,220.53647991403122,214.87132263183594,214.87132263183594,2929722.0
2024-03-18,215.27597341229838,221.7504387780818,214.46666524157547,219.52484130859375,3881539.0
2024-03-19,218.91787185393517,224.5830293510795,214.87133078454633,224.17837524414062,4864765.0
2024-03-20,223.77372654228455,224.78536183406703,220.5364936085806,222.35743713378906,3441964.0
2024-03-21,223.369050370886,229.23653448388933,221.3457799870917,228.2248992919922,6311004.0
2024-03-22,229.03420148972262,229.43885555595887,222.96439049617874,223.16671752929688,4044590.0
2024-03-25,223.36906053053846,225.79698510152258,217.09692205549618,217.7039031982422,4103658.0
2024-03-26,217.7039149038109,218.1085690207325,213.85970079305588,215.4783172607422,2429564.0
2024-03-27,215.47831277201948,218.5132185857099,212.44340695832906,215.27598571777344,2267580.0
2024-03-28,215.68062406237468,222.15508932503508,215.07364294400026,220.73880004882812,3063500.0
2024-03-29,221.34579649556844,225.59466461842672,220.33416122822123,224.17837524414062,3718132.0
2024-04-01,226.20163357985996,232.2714448566004,223.5713820266058,231.86679077148438,4265667.0
2024-04-02,232.47377594718097,234.49704640799195,220.9411343205584,221.7504425048828,4493019.0
2024-04-03,221.95278748945756,227.01096405029298,219.9295168651234,222.5597686767578,8329457.0
2024-04-04,220.59597778320312,225.61448172881506,216.36297347594484,220.59597778320312,6488979.0
2024-04-05,222.77793696739153,234.99690314777735,222.34154531809205,234.34231567382812,6390147.0
2024-04-08,234.3423294915093,239.1426379168475,232.8149586289017,235.65150451660156,4152915.0
2024-04-15,233.90593656382165,237.39706994537121,228.45104065515045,232.16036987304688,5247792.0
2024-04-16,230.4147900622038,233.0331399492743,225.1780902880628,230.19659423828125,5759325.0
2024-04-17,230.8511802225416,236.96066325300583,226.2690679496934,226.70545959472656,6133198.0
2024-04-18,228.45102482115823,229.97839556972377,226.70545825136907,228.01463317871094,4133878.0
2024-04-19,227.57825052897135,231.72397129603794,226.05087972005208,229.10562133789062,5315145.0
2024-04-22,230.414794921875,232.59675320712003,228.23283663662997,230.414794921875,5286056.0
2024-04-24,231.28758300554983,235.869695499056,229.7602121743811,235.4333038330078,6423178.0
2024-04-25,235.21510245775755,237.3970607365865,233.90592749046021,235.86968994140625,5203436.0
2024-04-26,236.52428228974122,239.57902394292978,234.77871563077636,236.087890625,5985272.0
2024-04-29,236.96067667531443,239.14263502407422,234.34232665680267,238.2698516845703,6819366.0
2024-04-30,238.9244522385766,245.90671933595968,237.8334730046105,240.23362731933594,8787387.0
2024-05-02,240.66999062173457,247.65225689543857,240.4517948006813,243.0701446533203,5397913.0
2024-05-03,243.72473756025792,244.16112921211158,232.81494626391694,233.03314208984375,6439266.0
2024-05-06,234.34233285575806,239.57903303130573,232.37857028992767,237.1788787841797,6695938.0
2024-05-07,237.6152579517069,241.32458704737175,234.56051634351232,239.36082458496094,6824250.0
2024-05-08,240.01540367049398,240.01540367049398,233.90592066797234,237.61524963378906,10220275.0
2024-05-09,237.6152531282745,239.57901555082222,236.96066565409194,239.1426239013672,4974077.0
2024-05-10,239.14263015313503,242.41556760961043,238.05165100097656,238.05165100097656,5708514.0
2024-05-13,239.1426239013672,241.32458214864243,235.21509905627173,239.1426239013672,6114358.0
2024-05-14,238.92443432270335,241.76098011831536,236.30608435752302,238.05165100097656,6185943.0
2024-05-15,238.0516496100204,241.76097870568526,236.52427880592313,239.36082458496094,4777198.0
2024-05-16,240.233591892871,250.48879517985097,239.14261281978804,250.27059936523438,6372829.0
2024-05-17,249.61605428059895,261.83502197265625,246.9977040608724,261.83502197265625,7940731.0
2024-05-20,261.3986039782942,262.48958312678457,255.72551240614425,257.907470703125,4539431.0
2024-05-21,258.1256589545788,269.25364594247696,255.28911325178123,260.3076171875,10018018.0
2024-05-22,260.3076055139757,273.6175501379091,259.2166264464402,272.0901794433594,7963316.0
2024-05-23,270.5628061938418,280.1634218974943,267.9444564564821,274.7085266113281,5717059.0
2024-05-24,273.61757326833106,274.0539649322359,264.45334832632955,264.8897399902344,4518630.0
2024-05-27,258.3438636654713,268.38087188220413,258.3438636654713,266.19891357421875,4476115.0
2024-05-28,265.1079376244714,278.19968763061814,264.8897417910356,277.326904296875,4686833.0
2024-05-29,277.32688971197564,280.5998270413853,274.053952382566,276.67230224609375,3455461.0
2024-05-30,277.7633071333382,278.63609050217815,271.65382355145795,276.4541320800781,2609930.0
2024-05-31,277.10868582165676,284.52734355231524,269.4718322753906,269.4718322753906,5397742.0
2024-06-03,270.56282247981824,271.8719974273012,261.1804020228568,268.59906005859375,3653184.0
2024-06-04,265.5443282837222,267.72628660980047,259.2166491380953,259.4348449707031,3347434.0
2024-06-05,259.2166436078228,269.2536516936476,257.03468532829567,264.6715393066406,3594195.0
2024-06-06,264.23516167534723,266.4171200706845,259.2166573660714,261.180419921875,2049981.0
2024-06-07,261.8350020078855,262.7077853479118,255.28912695768835,256.8164978027344,1708358.0
2024-06-10,260.08942055905294,261.18039967213616,253.54354588055327,256.1618957519531,2739269.0
2024-06-11,256.1618971106124,258.5620511721258,254.41633052042084,254.85272216796875,2470807.0
2024-06-12,255.28911798887285,262.4895802911231,253.3253555428046,255.7255096435547,4411623.0
2024-06-13,258.12567138671875,262.9259797303433,257.9074755529177,258.12567138671875,2587550.0
2024-06-14,261.8349876343354,279.2906534766244,260.96220434222096,275.3631286621094,5716402.0
2024-06-20,279.0724701587065,282.78179931640625,274.05396600417146,282.78179931640625,3188783.0
2024-06-21,282.3454183262348,286.05474762418373,277.7633056640625,277.7633056640625,2707719.0
2024-06-24,277.32689935293746,299.5828739666272,277.32689935293746,296.3099365234375,6620892.0
2024-06-25,301.5466434045019,306.34695176549974,298.0555100510489,299.36468505859375,5637561.0
2024-06-26,299.801079604205,304.1649963378906,296.3099462172564,296.746337890625,3202521.0
2024-06-27,295.4371552470824,301.32844268553976,284.30916786332966,299.146484375,5370268.0
2024-06-28,299.1464920941521,303.72860466452204,294.78257536046647,296.746337890625,3822637.0
2024-07-01,295.87356083155555,299.58289013401605,289.982273115883,295.6553649902344,2787320.0
2024-07-02,295.0007532190393,296.5281239827474,291.0732283980758,294.5643615722656,2289883.0
2024-07-03,296.30993792291224,298.9282878898305,288.67308385273407,295.0007629394531,3036659.0
2024-07-04,296.3099364799032,307.8743154441409,295.87354482087534,305.9105529785156,4692275.0
2024-07-05,305.03775376188537,308.7470826702917,291.5096130371094,291.5096130371094,3789615.0
2024-07-08,293.25516896802327,295.43712707046393,281.25439940459967,281.47259521484375,3733431.0
2024-07-09,281.47261527131354,284.0909651808141,272.30839058806146,276.8905029296875,5489212.0
2024-07-10,276.89048963274274,280.59981849307104,265.9806988670712,274.9267272949219,6245537.0
2024-07-11,277.98148975463283,279.727056409293,273.18118145431737,274.4903564453125,5311539.0
2024-07-12,275.79953285680415,277.5450995204548,272.52659536245915,273.1811828613281,2831091.0
2024-07-16,273.39937455891396,278.19968281134504,265.1079330319876,267.5080871582031,5310504.0
2024-07-17,267.9444859737537,268.38087764472067,259.8712400608637,260.96221923828125,4772889.0
2024-07-18,262.48959495907735,265.1079450334821,260.96222408234127,261.180419921875,2761725.0
2024-07-19,261.18041163156573,262.48958662721265,257.4710824772327,259.4348449707031,2688399.0
2024-07-22,263.5805731990333,270.78103587748376,262.92598568281056,266.63531494140625,5055399.0
2024-07-23,266.63531297253024,271.21742555225455,263.36237541558427,263.79876708984375,3196827.0
2024-07-24,263.7987725076299,265.54433924051744,254.1981554767484,254.41635131835938,5645970.0
2024-07-25,255.28912296751307,255.28912296751307,246.3430938720703,246.3430938720703,3997816.0
2024-07-26,246.9976806640625,250.70700979064293,245.68850567821056,246.9976806640625,3693088.0
2024-07-29,245.6885093375428,248.96144685092037,237.83345930543663,238.9244384765625,4602517.0
2024-07-30,240.0154189308091,243.28835646168378,237.83346057689266,242.4155731201172,4129837.0
2024-07-31,241.32459182739257,245.25211683000836,239.14263349260602,244.37933349609375,2662761.0
2024-08-01,245.25209500545387,248.52503221638074,240.23359128203265,240.66998291015625,3145587.0
2024-08-02,233.03314203149276,234.9969044643424,227.79644221056034,228.2328338623047,4037420.0
2024-08-05,214.70470137121865,215.22837670160985,205.45319265175354,208.8570556640625,8014223.0
2024-08-06,213.65734788250492,216.3629680380908,205.6277444348572,205.9768524169922,4451033.0
2024-08-07,206.32596796665817,209.38070953403536,203.0094020618846,206.76235961914062,3930738.0
2024-08-08,207.0241984804531,216.7993688894953,206.84964448196627,215.40292358398438,4812866.0
2024-08-09,215.66475751102087,217.75943209187216,207.46058654785156,207.46058654785156,3209526.0
2024-08-12,209.8170932549256,217.14848073005652,200.65286889922385,201.17654418945312,5437711.0
2024-08-13,201.1765571250851,211.47540306008787,199.2564364668072,211.12628173828125,5478947.0
2024-08-14,211.12629021722293,215.2283826780884,209.03161547272686,211.3008575439453,3246734.0
2024-08-15,212.95912272001294,214.26829765476714,207.8097066370263,213.570068359375,3033327.0
2024-08-16,215.14108025031229,216.53753883658996,210.5153261655856,211.03900146484375,3018067.0
2024-08-19,211.99906300708918,219.72320071271588,209.20615904784907,219.5050048828125,4329045.0
2024-08-20,221.9051547935623,223.2143297480966,216.71209680409953,218.63221740722656,3501900.0
2024-08-21,219.06860280050742,223.6507150104782,216.18841531928834,216.53753662109375,3824441.0
2024-08-22,218.195831945096,219.94139860065675,213.91919896601877,215.9265899658203,3049257.0
2024-08-23,215.75203972539262,216.62482306838984,209.46800231933594,209.46800231933594,2859466.0
2024-08-26,210.25350263435604,210.68989430716923,202.74757385253906,202.74757385253906,2455800.0
2024-08-27,203.2712402144653,207.0242113444057,202.5730241771327,206.50054931640625,2214816.0
2024-08-28,206.32597393442137,207.54787858728437,203.0094079337196,204.40585327148438,2380673.0
2024-08-29,204.66769515490924,212.95913696289062,201.8747911041652,212.95913696289062,3205468.0
2024-09-02,212.8718501461094,215.92659181956594,210.16622979733228,212.69729614257812,3320131.0
2024-09-03,213.3955140857168,215.4901886515363,203.88218156599714,203.96945190429688,4466343.0
2024-09-04,203.0966612490327,203.88217417093557,200.82743277130535,202.83482360839844,2690942.0
2024-09-05,203.7949076943329,204.8422450275256,198.12181604545424,199.6055450439453,3350079.0
2024-09-06,200.3910548730001,201.4383921896821,194.3688419962495,194.54339599609375,3309722.0
2024-09-09,193.93244689477865,194.2815682058854,189.74308438481143,189.8303680419922,3145841.0
2024-09-10,192.44872178214152,195.3289093975064,187.82296752929688,187.82296752929688,3383472.0
2024-09-11,187.82295926717177,188.3466345624264,179.35696411132812,179.35696411132812,4310184.0
2024-09-12,184.1572792746804,187.91025018882513,180.66614601828834,187.21202087402344,4845602.0
2024-09-13,187.38658292261204,193.75790405273438,186.77563724002323,193.75790405273438,3858950.0
2024-09-16,193.75789856800836,195.7653028833624,189.39398193359375,189.39398193359375,3145376.0
2024-09-17,190.17948841055232,194.80524287219083,189.5685427233813,192.44873046875,2497999.0
2024-09-18,192.4487282914535,193.8451869757172,190.17948625892924,192.79783630371094,1942321.0
2024-09-19,194.9797918039737,196.11441280353256,193.32150879373782,195.4161834716797,2906998.0
2024-09-20,195.41619004509474,196.027149054528,191.05227322124165,191.13955688476562,4081530.0
2024-09-23,192.8851039781483,193.40877927074618,189.7430788577927,190.26675415039062,2731601.0
2024-09-24,190.79044016843147,194.01973580734696,189.91765684344801,191.31410217285156,4194812.0
2024-09-25,192.36143609621644,195.93985299238904,190.96499079151758,191.40138244628906,4720599.0
2024-09-26,191.92504720329464,194.80523482975624,190.79043953865468,193.58334350585938,3529253.0
2024-09-27,193.67060967332424,193.75789333069991,191.31409741796062,192.71055603027344,2400408.0
2024-09-30,192.01233334994924,192.01233334994924,186.33924168279165,188.08480834960938,4156099.0
2024-10-01,187.47385812636642,187.47385812636642,178.13507934923598,179.53152465820312,4240645.0
2024-10-02,179.5315211714591,180.8406961143491,174.81849670410156,174.81849670410156,2513798.0
2024-10-03,174.81851176055014,176.91318652253398,171.32737827883219,171.93832397460938,2537411.0
2024-10-04,172.6365443579315,173.42204402342765,169.75635672175122,172.4619903564453,2639001.0
2024-10-07,173.85842504593953,176.12766687923386,170.45457561361386,171.06552124023438,3095440.0
2024-10-08,171.06553895698315,171.93832231900856,162.51225934561054,162.6868133544922,7928106.0
2024-10-09,163.3850221827668,168.79627568402464,161.2030640518067,167.92349243164062,7534025.0
2024-10-10,167.9235118128974,172.81110391740623,166.70162044557875,168.79629516601562,5148414.0
2024-10-11,168.79628272587226,170.0181873207547,163.90870429919093,164.60693359375,2538351.0
2024-10-14,164.25780858278173,164.51964622703758,160.33028387179144,161.46490478515625,2258481.0
2024-10-15,161.55219076924703,167.39983609309687,160.67940748754958,165.91610717773438,2392072.0
2024-10-16,166.09066832030877,169.49451793840907,164.34510168177187,168.62173461914062,2742625.0
2024-10-17,168.62173949325992,171.58921085511923,167.7489561487631,170.45458984375,2542907.0
2024-10-18,171.06552757145127,176.38951105250723,170.19274426751528,171.58920288085938,4098732.0
2024-10-21,171.67647059936758,174.99304976720694,168.27262109303695,169.05812072753906,2539058.0
2024-10-22,169.05811938599797,173.24748181120265,166.61432352816058,170.36729431152344,4747621.0
2024-10-23,170.54185183569183,171.06552714379077,165.30515202516762,168.70901489257812,2285548.0
2024-10-24,169.75634961832233,176.65133227063194,169.75634961832233,176.12767028808594,3519431.0
2024-10-25,166.43977594823377,169.3199635588929,165.13060097226295,165.74154663085938,8316174.0
2024-10-28,166.61433301496925,171.32737100578493,165.74154968159044,170.80369567871094,3124645.0
2024-10-30,170.80368676081468,172.98564498033866,169.49451182910028,171.32736206054688,3950486.0
2024-10-31,170.10546690487905,171.32737156617617,164.08326721191406,164.08326721191406,4643066.0
2024-11-01,164.4323822895105,165.65428700334624,161.63947815699905,162.33770751953125,3600875.0
2024-11-04,162.3377068688227,162.4249905328959,156.66461496211653,156.92645263671875,2947465.0
2024-11-05,163.21047000015707,166.26521141727233,161.29034948720778,162.77407836914062,7803295.0
2024-11-06,162.77409556955888,166.0906749792717,161.46492053816834,163.99598693847656,3958596.0
2024-11-07,163.99597177247193,165.04332235482127,160.6794059870853,162.4249725341797,3272354.0
2024-11-08,162.4249864040101,168.9708615145809,162.25041908030127,168.1853485107422,4308022.0
2024-11-11,168.3598924390636,171.06552598319115,168.01078444777704,169.6690673828125,2854508.0
2024-11-12,169.6690587369945,169.6690587369945,165.5669801191339,168.27261352539062,2307314.0
2024-11-13,167.66168073572757,171.15281400816238,165.65427644055427,168.97085571289062,3718064.0
2024-11-14,169.58179447435916,171.58919868788195,168.9708488400564,170.71641540527344,3107481.0
2024-11-15,170.71641540527344,172.54925230818174,169.75634846735767,170.71641540527344,2719238.0
2024-11-18,172.8111037037662,175.08034574611503,170.7164289859189,173.5966033935547,4118901.0
2024-11-19,173.85842504593953,177.34955813247493,169.66906267857388,171.06552124023438,4706926.0
2024-11-20,171.065530986686,174.5566642721286,166.6143307207001,166.7016143798828,3743287.0
2024-11-21,168.01078226954533,175.42944018794086,167.6616742827849,175.1676025390625,4647555.0
2024-11-22,176.30223079819277,181.53893072289156,176.30223079819277,181.1025390625,5979172.0
2024-11-25,182.58626625094033,183.72088722033743,178.5714710053413,179.53152465820312,14785888.0
2024-11-26,179.79335812557366,180.49158742259425,176.30222495808678,178.6587371826172,6045762.0
2024-11-27,180.14247979055713,182.23716784063444,177.08773803710938,177.08773803710938,6261029.0
2024-11-28,177.2623002292384,179.26969124070402,175.34216624287112,175.60400390625,3914611.0
2024-11-29,176.30222944779828,176.30222944779828,170.54185424770483,172.81109619140625,5837966.0
2024-12-02,171.24008042394186,173.247484673098,169.75635148069298,172.54925537109375,4079400.0
2024-12-03,172.7238149275105,173.59659825370835,171.24008593649745,172.1128692626953,5961087.0
2024-12-04,172.46198689065997,189.30669407147445,172.1128655770869,183.72088623046875,21160344.0
2024-12-05,185.4664513908922,185.55373504800502,177.78595568153435,180.22975158691406,8597403.0
2024-12-06,181.97531498632887,182.14986897986688,179.7060731174865,179.96791076660156,4730474.0
2024-12-09,180.31703863098116,181.01525463053338,178.39690467936296,180.14247131347656,5010605.0
2024-12-10,180.4043020296735,181.45163930631398,175.5167236328125,175.5167236328125,4320146.0
2024-12-11,176.65133947430516,178.48418978199825,174.03298950195312,174.03298950195312,4969356.0
2024-12-12,174.73122995516096,177.43686375932046,174.64395960776008,176.3895263671875,4112321.0
2024-12-13,176.3022357078381,178.39691040900323,174.64395267921708,178.1350860595703,2953672.0
2024-12-16,178.48418955020404,179.00786487104102,174.29482693635808,174.38211059570312,2904777.0
2024-12-17,172.81109257485636,173.24748422277267,168.79628408697988,169.6690673828125,4634415.0
2024-12-18,169.66907725555248,170.36730659637053,164.69421484335152,165.30516052246094,3008373.0
2024-12-19,163.82141934298107,164.95604027293186,160.7666778564453,160.7666778564453,2970480.0
2024-12-20,162.2504009535336,166.43976321978283,162.2504009535336,163.12318420410156,3378802.0
2024-12-23,163.90870730273133,168.5344614816316,161.90130303819538,166.4397735595703,3809361.0
2024-12-24,166.8761601738804,171.32736022096213,166.8761601738804,169.75634765625,3872307.0
2024-12-25,171.1528173225099,175.25489633353357,169.31996699194215,173.6838836669922,2946194.0
2024-12-26,174.81849949074106,178.48418672574155,170.6291369431906,177.00045776367188,6034574.0
2024-12-27,177.78596040439743,180.84070203786683,175.1676104328522,178.8332977294922,5546505.0
2024-12-30,178.9205800132491,181.71348396456673,170.1927468418711,175.3421630859375,4085428.0
2024-12-31,175.51672511304545,180.05519556184046,175.2548874622731,179.0078582763672,5517737.0
2025-01-02,179.79336636719793,185.7282956875026,179.35697470125814,185.20462036132812,7900680.0
2025-01-03,185.37916839274178,186.33923535393032,180.14246857014888,182.7608184814453,7963318.0
2025-01-06,182.9353901359936,185.20461878904604,180.9279858261889,182.06260681152344,5913113.0
2025-01-07,182.4117120271978,184.15727864946766,179.88064575195312,179.88064575195312,5073322.0
2025-01-08,180.40431438294084,187.6484187953063,180.22976037781743,184.5063934326172,18657789.0
2025-01-09,184.4191135994672,188.0848007889064,182.23715535365622,187.29930114746094,12821465.0
2025-01-10,188.08481538937855,188.52120707241656,185.03007360811256,186.33924865722656,5799765.0
2025-01-13,185.9028506772996,188.25936302236173,184.85551333700718,185.81556701660156,5942315.0
2025-01-14,186.60108311123602,188.25936615112397,177.96051994558462,178.39691162109375,9237067.0
2025-01-15,179.09513442099433,179.35697208025525,170.19274722943928,173.4220428466797,10121967.0
2025-01-16,176.2149479401898,178.4841899115892,172.98565230213427,177.26229858398438,4955196.0
2025-01-17,177.26229057272218,180.40430240925463,177.00045292360713,179.96791076660156,4020189.0
2025-01-20,180.22975906894055,190.44132144709567,180.0552050650848,189.0448760986328,10091862.0
2025-01-21,189.04486760659967,192.01232549169757,188.25935464810934,188.87030029296875,6235843.0
2025-01-22,188.4339039439139,190.7031457883502,186.60106705505305,190.26675415039062,6199866.0
2025-01-23,190.26676987208,192.01233656815413,187.73570348981931,188.34664916992188,5655756.0
2025-01-24,189.30669410786962,189.83036941952176,186.25195253100375,188.5211944580078,5268881.0
2025-01-27,187.64841253107244,187.64841253107244,182.41171264648438,182.41171264648438,4567644.0
2025-01-28,182.41171458049072,189.39398116730376,180.49159393264046,188.4339141845703,7070913.0
2025-01-29,188.7830400992963,190.52860678848512,185.3791770648079,187.38658142089844,6978422.0
2025-01-30,187.47385814694562,194.6306786443351,187.47385814694562,189.13214111328125,10678097.0
2025-01-31,189.48126552471828,194.63068182441626,188.43391487874467,194.1942901611328,6902947.0
2025-02-03,192.44872304415895,200.9147186279297,192.0996150414203,200.9147186279297,11272553.0
2025-02-04,200.74015472902343,200.74015472902343,194.89250940696203,195.67800903320312,6652420.0
2025-02-05,197.6854273035415,197.6854273035415,185.37917683309547,187.73570251464844,10499531.0
2025-02-06,188.95757767864475,189.91764460128698,184.3318236908869,186.77561950683594,6380998.0
2025-02-07,187.3865860329943,188.87031509180005,185.90285697418855,186.33924865722656,4561766.0
2025-02-10,186.77562819071127,189.21942412028125,181.01525302226895,181.80076599121094,7388791.0
2025-02-11,181.8007630661816,182.41170870934033,174.12026740437034,174.81849670410156,7491951.0
2025-02-12,175.5167305764255,178.57147218941816,173.7711639404297,173.7711639404297,11531282.0
2025-02-13,172.9856561197071,181.10254388254452,172.9856561197071,179.70608520507812,13593076.0
2025-02-14,181.45164467692013,182.84810329885053,179.0078620649666,181.80076599121094,5753860.0
2025-02-17,181.18982544772192,183.98272945272535,179.7933667864118,183.2845001220703,4123145.0
2025-02-18,183.28449313923466,184.2445600970105,176.30222673393047,180.22975158691406,5926055.0
2025-02-19,179.35697566883164,182.58627135068383,174.81850498209747,176.56407165527344,6470657.0
2025-02-20,177.43686552046734,177.87325721465558,173.42205660688836,174.73123168945312,5781475.0
2025-02-21,175.42944849977948,183.02266077132123,174.4693815142763,176.91317749023438,10113682.0
2025-02-24,178.92058180325768,181.10254011793154,176.12767782399845,176.91317749023438,4092709.0
2025-02-25,176.5640760149436,178.22235906835988,171.93832155328607,172.6365509033203,4625967.0
2025-02-26,173.07292877824466,177.52411555915802,168.70901233561426,176.12767028808594,6626598.0
2025-02-27,177.00045955349862,177.52412155372744,172.98565096366164,173.7711639404297,8037819.0
2025-02-28,173.50932833459706,175.4294489933894,169.75635735927483,170.1927490234375,7631875.0
2025-03-03,171.7637685049907,175.25490195705305,171.50193083256258,173.24749755859375,6878268.0
2025-03-04,172.63654141209176,172.985649409107,169.84363748312052,171.8510284423828,5288632.0
2025-03-05,172.81108881624186,177.785950830762,172.1128595312389,176.82589721679688,10203748.0
2025-03-06,178.0477901518728,185.81555606184435,176.82589887983772,185.11734008789062,8028275.0
2025-03-07,184.94277277678614,190.52859379172824,183.284489862222,185.11734008789062,6115756.0
2025-03-10,186.6010674644675,187.91024238121875,180.2297468727549,181.62620544433594,6782716.0
2025-03-11,181.62620584199473,187.910242792636,180.9279765546755,186.077392578125,7639697.0
2025-03-12,187.3865811866769,189.9176608734072,185.6410144996699,187.73570251464844,8936495.0
2025-03-13,188.95758510282957,189.5685307514171,185.90284354227575,187.91024780273438,6587318.0
2025-03-14,188.34665518096148,191.92505903154716,187.03748011712386,190.4413299560547,8901307.0
2025-03-17,191.31410968658557,191.31410968658557,185.0300721634266,187.64842224121094,8571579.0
2025-03-18,186.33924383799607,189.5685395454356,183.37178579713097,187.73570251464844,7773942.0
2025-03-19,174.12027196268534,178.39690489437132,168.97085571289062,168.97085571289062,9837275.0
2025-03-20,166.78890581010543,171.50193063799586,160.59213861267804,162.6868133544922,12931629.0
2025-03-21,162.6867932126596,163.559576466628,150.20600333500425,152.21339416503906,11836767.0
2025-03-24,153.69714122556954,157.45009868257074,141.47817528247288,149.24594116210938,13050616.0
2025-03-25,151.25335233223805,157.88649758738208,149.24594802856444,157.1009979248047,9334691.0
2025-03-26,154.13354000061176,155.26814766518004,151.42790637521827,152.30068969726562,8500201.0
2025-03-27,153.4353056611319,154.91903459656166,149.9441724871249,150.46783447265625,7768171.0
2025-03-28,150.46783839674464,157.01371326871933,148.89683908156394,156.49005126953125,9693341.0
2025-04-02,156.49005149335582,158.14833446958127,153.9589718820022,156.14093017578125,5481366.0
2025-04-03,154.36341248894237,160.25729109354896,153.9892038656934,157.45068359375,7603862.0
2025-04-04,157.35712707742843,157.35712707742843,153.14721575343285,153.33432006835938,6659281.0
2025-04-07,147.06623351378624,155.95382413403908,147.06623351378624,151.5568084716797,8366792.0
2025-04-08,153.80208688933692,154.36341410523178,150.90193434093115,153.7085418701172,6393032.0
2025-04-09,151.93101450601452,153.3343182641679,147.8146625254889,148.7501983642578,6400912.0
2025-04-10,153.89565008892043,155.29895388912334,148.65664352477174,149.4050750732422,7207149.0
2025-04-11,149.40507402770442,150.24706486702058,147.15979367315,149.59217834472656,4352580.0
2025-04-14,150.43416617511596,153.4278780130242,149.59217535264096,152.11813354492188,4440722.0
2025-04-15,152.49234824040803,153.42788411918355,146.97269226569037,147.44046020507812,5058407.0
2025-04-16,146.87912899358696,147.62756053138568,140.61104163041816,141.45301818847656,5683448.0
2025-04-17,141.45302280313362,155.57962036132812,140.42394189583965,155.57962036132812,12666338.0
2025-04-18,163.25099869422806,169.6126450513814,160.25728696002164,165.1220703125,21571993.0
2025-04-21,170.267519974391,181.58750915527344,168.7706569458773,181.58750915527344,24256069.0
2025-04-22,184.95543785441657,192.1590611676362,175.78718351252596,176.3485107421875,27970200.0
2025-04-24,176.06784970378024,193.3752634781584,173.44834638560218,190.8493194580078,31295659.0
2025-04-25,191.78485190710816,195.05922742747342,186.7329639571738,190.00733947753906,19303888.0
2025-04-28,190.00733186136938,191.87840351229318,182.8036945851977,183.17791748046875,9279185.0
2025-04-29,185.23609631317214,190.38154343298248,183.92635184727806,187.57493591308594,15208618.0
2025-04-30,188.04269828796387,189.82021062142448,182.89725131988527,187.10716247558594,9914000.0
2025-05-02,192.53328176534788,192.90749039719555,185.04899492724024,185.23609924316406,9410632.0
2025-05-05,185.79743039706023,193.0010537761195,185.51676677966424,191.0364227294922,12271950.0
2025-05-06,190.38154942854936,191.8784125296916,187.01361458855163,191.22352600097656,7393246.0
2025-05-07,191.22351951514707,192.15905535284378,183.36502418855244,184.20700073242188,7071692.0
2025-05-08,185.04899302868878,188.41691350619672,183.08436204378438,187.38783264160156,4064338.0
2025-05-09,187.85559531102285,190.28797987534688,185.7974193642429,188.51046752929688,6655692.0
2025-05-12,191.3170800931504,201.1402064549014,190.56864856294055,200.8595428466797,12919041.0
2025-05-13,199.26913081143516,213.48927250257455,197.9593863659246,203.57260131835938,20722564.0
2025-05-14,204.04037690904076,207.03408880796303,202.35640950491438,203.4790496826172,9068743.0
2025-05-15,204.32102800536228,206.65986767701315,198.89493138724785,199.73690795898438,7739235.0
2025-05-16,199.26913933479125,203.47905072918823,198.80137140208046,203.2919464111328,8034186.0
2025-05-20,203.2919368778421,203.94680909789832,191.87840270996094,191.87840270996094,6777038.0
2025-05-21,191.8784013788398,195.43342605595245,188.13625811860027,190.47509765625,8602799.0
2025-05-22,191.22352704937464,193.2817173935155,189.44601459777434,191.0364227294922,4973320.0
2025-05-23,190.84930953586885,190.84930953586885,182.71015066069145,182.80369567871094,6775637.0
2025-05-26,184.2070103235832,184.95544188773817,180.839089697603,182.14883422851562,4921168.0
2025-05-27,182.2423908394553,182.8037037979346,174.66454456125658,177.75181579589844,4616218.0
2025-05-28,176.90983631419763,178.21958080427632,171.29662117075586,171.5772705078125,3966857.0
2025-05-29,173.35480018107577,175.60008056698402,169.42555236816406,169.42555236816406,4336585.0
2025-05-30,169.79975503177965,172.7934668660164,165.58984375,165.58984375,4993605.0
2025-06-02,164.65430876287246,165.77694892213594,162.78323707238528,163.62521362304688,3802717.0
2025-06-03,166.52538481766157,173.44834454384366,166.52538481766157,172.79347229003906,4372109.0
2025-06-04,171.29661695962503,174.8516417096265,170.54818543720324,172.51280212402344,4470001.0
2025-06-05,172.23215357901097,172.51280291044753,170.73529052734375,170.73529052734375,1145186.0
2025-06-10,172.138589753866,172.98056627630027,169.14487800447966,170.08041381835938,5299545.0
2025-06-11,170.5481893663715,181.40039672850148,170.17396645896713,178.500244140625,12103635.0
2025-06-12,175.41296622853415,181.02618114784724,173.91610320665984,176.62916564941406,7430548.0
2025-06-13,168.3028962410372,172.98057556152344,165.58984794521294,172.98057556152344,6195854.0
2025-06-16,172.98057004114406,174.38387379250588,169.14488168584143,172.51280212402344,4924603.0
2025-06-17,177.09694279243283,177.65825574854236,171.20306396484375,171.20306396484375,7009924.0
2025-06-18,169.79976406973933,171.20306790502644,166.99315639916512,167.0867156982422,3301766.0
2025-06-19,167.648026372996,170.3610889825095,165.77695461821892,165.87051391601562,3640253.0
2025-06-20,167.46091672753087,169.51909273730968,166.52538087989103,166.99314880371094,3375348.0
2025-06-23,165.5898395495468,169.14487850789916,164.18653582455067,166.52537536621094,4335192.0
2025-06-24,172.04502972198102,173.9161013416878,168.67710937159498,171.85792541503906,6196080.0
2025-06-25,175.88074351528303,177.5647109358838,172.69992726814954,172.79347229003906,5257888.0
2025-06-26,172.79346490237268,176.81627182538645,172.1385926765667,174.47743225097656,5039308.0
2025-06-27,174.8516406001353,175.13230420365556,170.17396145861062,172.88702392578125,3440834.0
2025-06-30,173.63545295084916,183.83278762292872,173.35478935135794,183.5521240234375,8819214.0
2025-07-01,182.71015288357825,191.9719520136775,181.68105774683653,190.75575256347656,8961287.0
2025-07-02,196.46253165552173,197.398067520548,190.19444421487444,193.1881561279297,8561331.0
2025-07-03,194.77855962090098,199.92400675643225,192.06551138676937,199.26913452148438,8060341.0
2025-07-04,199.45624092500518,199.83046383114242,196.74319266244513,198.89492797851562,3055771.0
2025-07-07,195.05922254227886,196.93029422134148,192.15905572967418,194.310791015625,3324246.0
2025-07-08,194.7785623028861,198.14649709348413,192.62682697973426,195.3398895263672,6686602.0
2025-07-09,195.339890999468,199.73690669941453,194.7785637717538,198.33360290527344,5920051.0
2025-07-10,200.67244600187465,202.16930911800708,197.8658383654848,199.1755828857422,5102731.0
2025-07-11,199.8304672559082,201.7015389932289,199.36269932157802,199.73690795898438,5301560.0
2025-07-14,198.9884794349407,201.7015420603985,197.3980712890625,197.3980712890625,3929884.0
2025-07-16,197.30450800806278,198.42716246498128,190.5686526422739,191.59774780273438,5073505.0
2025-07-17,193.18815086321624,195.71409477492196,189.63311181796843,194.310791015625,6416921.0
2025-07-18,194.31079253958055,200.2046712298816,191.69128931331963,197.30450439453125,7261563.0
2025-07-21,197.49161898583188,202.07573883262558,196.08831524393864,200.01756286621094,10486981.0
2025-07-22,200.8595378409026,200.9530971330262,196.83673095703125,196.83673095703125,3809865.0
2025-07-23,196.83673356528007,201.5144127305685,196.74318854706067,199.64334106445312,7262312.0
2025-07-24,201.1402106000505,209.46647407297158,199.92401112278876,208.43739318847656,13140736.0
2025-07-25,209.09226400237353,209.27936831871145,204.2274804018662,205.25656127929688,3711814.0
2025-07-28,206.37920990518487,208.25028156606544,202.91771591244068,203.19837951660156,4372266.0
2025-07-29,204.97590454542689,209.8406879703795,199.73689822615864,200.2046661376953,7786319.0
2025-07-30,200.20466593179475,214.7054711745182,199.64333872847052,212.08596801757812,12792048.0
2025-07-31,211.33754241413274,217.51208472277233,210.68267017537258,215.9216766357422,9043203.0
2025-08-01,214.79904181219405,217.9798580653212,211.8988749004088,214.61192321777344,5330746.0
2025-08-04,215.82811629907147,219.19605104664433,215.2668033579054,216.10877990722656,3954539.0
2025-08-05,216.3894477668198,218.35406451221635,213.39573586301717,215.17324829101562,5400375.0
2025-08-06,215.26681079986267,216.48299601867245,214.0506113059083,214.42481994628906,3123744.0
2025-08-07,214.61191056419506,220.31868475408226,214.61191056419506,217.6056365966797,6082182.0
2025-08-08,217.69918137186755,218.91538078682308,213.76993380251741,215.82810974121094,3705524.0
2025-08-11,216.10877699923466,221.53488767502344,215.45390477244757,218.44761657714844,4617113.0
2025-08-12,219.85092267257815,222.00265796227475,218.91538683141826,219.663818359375,4496474.0
2025-08-13,220.2251370272222,222.0026637367474,216.7636571799234,221.7220001220703,4065420.0
2025-08-14,222.09619768339374,223.96726932108078,219.9444767201686,220.7864532470703,4038199.0
2025-08-15,220.9735673154445,222.93819833184432,219.94448643435197,220.31869506835938,2233738.0
2025-08-18,221.34778176885686,223.03173483270564,219.19604651765212,222.18975830078125,2982021.0
2025-08-19,223.21886194492205,223.40596626192576,217.97985541795217,220.31869506835938,4840176.0
2025-08-20,220.69289912327102,226.5867777750356,219.00894603003317,226.39967346191406,6785955.0
2025-08-21,226.9610003364978,232.66776039144966,226.49323241682254,231.5451202392578,5900681.0
2025-08-22,231.9193275602557,232.48065477076585,228.55140712262676,230.14181518554688,3050812.0
2025-08-25,232.01289445465687,240.19883327110142,228.73851892807906,238.5616455078125,6596738.0
2025-08-26,237.6261056220308,240.9004810932005,234.58561411308747,236.92445373535156,4181489.0
2025-08-27,237.85998608598013,240.1988256738462,230.7031426571675,231.7322235107422,3939088.0
2025-08-28,232.01288909012771,240.66659563885221,231.82578477653544,238.0938720703125,7169899.0
2025-08-29,239.26329074063145,239.4971747002997,233.6968553555556,234.1178436279297,4854504.0
2025-09-01,233.88396200493446,233.88396200493446,226.96100243964608,230.98379516601562,5578991.0
2025-09-02,231.35801024222425,231.82577815040702,213.48927043958514,217.6056365966797,6929476.0
2025-09-03,217.60564033915657,217.60564033915657,209.84069007474892,213.3021697998047,5781560.0
2025-09-04,214.2377154339801,216.48299582454038,210.68267625297247,212.83441162109375,4907498.0
2025-09-05,214.61191934170083,215.73457378737035,209.09226350945087,210.58912658691406,5590102.0
2025-09-08,206.6598589464686,211.9924245926688,206.19209103189974,208.3438262939453,4491867.0
2025-09-09,215.17324906361256,223.59307185305826,213.20861803601744,221.7220001220703,16299462.0
2025-09-10,221.72199503863757,230.04825834057942,220.59935488081254,224.62216186523438,11347573.0
2025-09-11,224.52859704608701,230.51602059059184,224.15438842773438,224.15438842773438,7204682.0
2025-09-12,223.59306465513743,226.96099937255272,223.03173744385356,224.99636840820312,4497862.0
2025-09-15,224.06083916427994,244.4087441823304,223.31240761893196,243.70709228515625,9505479.0
2025-09-16,244.17485417546453,252.59467673323917,243.0054343757736,250.95748901367188,9187586.0
2025-09-17,250.255844611248,256.80459568518717,245.1103973388672,245.1103973388672,5948879.0
2025-09-18,246.74758662427718,249.32031027628386,242.77155916208503,243.94097900390625,4405743.0
2025-09-19,244.6426195437677,248.15087890625,242.06989601128063,248.15087890625,4917171.0
2025-09-22,254.46574414606545,257.74011953029793,249.55418106971678,251.8930206298828,6283150.0
2025-09-23,247.91699936467418,248.85253521133333,242.7715522080489,244.6426239013672,3045288.0
2025-09-24,245.11039035553938,247.44922995816856,241.36824699133265,245.81204223632812,3130678.0
2025-09-25,246.04592489580216,247.44922864996073,242.7715494694322,244.4087371826172,2348296.0
2025-09-26,242.77154552901732,245.11038508132,239.02940224533305,240.19882202148438,2198802.0
2025-09-29,240.1988236062251,243.70708295782526,236.45668029785156,236.45668029785156,2764920.0
2025-09-30,236.69057477106813,243.00544188452548,235.5211549352427,242.5376739501953,3527402.0
2025-10-01,243.2393210071869,251.8930276199426,238.0938738320349,251.19137573242188,4855051.0
2025-10-02,252.36078999647455,253.5302097832979,249.08641459336923,250.72360229492188,3701363.0
2025-10-03,252.12690898658192,254.6996325476695,247.4492297846045,248.384765625,3465695.0
2025-10-06,249.78807742888156,256.33682852252264,248.61865759073135,251.65914916992188,5044094.0
2025-10-07,251.19136700138384,261.4822609939917,248.15087559447696,260.7806091308594,7167757.0
2025-10-08,260.3128547162529,266.861605778297,259.37731885024664,264.52276611328125,4793363.0
2025-10-09,266.3938442993164,266.6277282714844,253.0624578857422,257.2723693847656,5353353.0
2025-10-10,255.63517485957445,255.86905882559418,249.08642381102175,255.4012908935547,4892460.0
2025-10-13,249.78806705697502,250.72360288864908,237.6261012452122,240.43270874023438,5385914.0
2025-10-14,239.02940608833006,240.66659380126382,233.50975036621094,233.50975036621094,4440492.0
2025-10-15,235.28726419302134,243.23931884765625,233.32263321534802,243.23931884765625,6277428.0
2025-10-16,239.9649465334427,241.13436635085716,234.8194993368192,238.3277587890625,4505070.0
2025-10-17,236.69057650664178,243.23932763528404,229.2062895024792,238.7955322265625,5020482.0
2025-10-20,239.02940529430836,239.02940529430836,228.36430250982536,235.28726196289062,8886858.0
2025-10-21,240.43271723728554,242.06990500057447,237.39222567689185,238.5616455078125,5689787.0
2025-10-22,238.79552900493718,246.51369987385286,238.79552900493718,243.70709228515625,4367628.0
2025-10-23,243.2393336490974,258.6756759768286,243.2393336490974,257.5062561035156,6293973.0
2025-10-24,257.50624212663024,266.86160060534525,253.99798269711212,258.9095458984375,11923305.0
2025-10-27,258.2078976738722,258.4417816391565,243.70709182624532,248.8525390625,5947600.0
2025-10-28,248.3847685839287,248.61865254681373,244.17485725199768,246.04592895507812,1800676.0
2025-10-30,246.04592343284972,251.42525445847286,242.77154802594868,245.57815551757812,5036900.0
2025-10-31,246.98146332855367,249.78807086637815,245.34427559815606,247.21534729003906,4116642.0
2025-11-03,247.91700568784125,254.69964074911238,244.87651410865072,251.65914916992188,7948351.0
2025-11-04,242.30379240930927,242.30379240930927,228.27075423888596,229.48695373535156,16124555.0
2025-11-05,230.70314729359234,230.79669231390056,222.56397394413082,225.6512451171875,9797602.0
2025-11-06,226.21256758587188,226.8674398148447,222.18976064340458,223.4059600830078,5818043.0
2025-11-07,223.68663034650052,224.62216620863535,214.5183760425501,215.17324829101562,6208509.0
2025-11-10,216.2958852649925,219.3831564193123,215.45390871160717,215.9216766357422,3851925.0
2025-11-11,216.57654600683372,218.44761767859904,209.466467944068,211.524658203125,6673923.0
2025-11-12,212.8344034285285,217.23141901795722,210.40200453643055,216.29588317871094,4365583.0
2025-11-13,216.85721108117426,223.87372989780968,215.9216752389562,221.2542266845703,5794723.0
2025-11-14,221.25422835811491,221.81555557774922,216.01522189200887,217.5120849609375,3280231.0
2025-11-17,219.00894032122798,221.44132487869214,216.57654148862014,217.6056365966797,3941952.0
2025-11-18,216.5765545890055,220.78646601730148,215.1732507795735,217.9798583984375,3525331.0
2025-11-19,220.13158471309333,222.657528611217,216.2023370632183,216.67010498046875,5292617.0
2025-11-20,217.88629230030193,219.85092328224346,214.61191684716215,216.10877990722656,4214898.0
2025-11-21,215.17324173011153,216.01521827030223,212.74084285267008,214.892578125,3641871.0
2025-11-24,213.95704436636436,216.38944326739542,210.68266891697706,214.51837158203125,4975914.0
2025-11-25,215.26681060682122,217.04432305975277,212.36664368346499,212.83441162109375,3904277.0
2025-11-26,213.1150678180081,216.9507562079182,211.80530907316674,214.51837158203125,4538069.0
2025-11-27,215.7345647247643,218.1669492795317,214.98613321747294,215.82810974121094,4257379.0
2025-11-28,215.360353656148,216.95076177448573,214.51837708618814,214.98614501953125,3628111.0
2025-12-01,214.70547969344324,219.00895035596216,211.99243141173199,218.72828674316406,4049027.0
2025-12-02,219.85092922842713,222.65753683559853,218.54118472180494,219.94448852539062,4402531.0
2025-12-03,220.31868450981554,222.28331543206244,215.82810974121094,215.82810974121094,4733860.0
2025-12-04,215.8281118179167,217.9798470689046,213.58283154958207,215.4539031982422,3434296.0
2025-12-05,216.10877699923466,219.6638160126924,216.01521770606053,218.44761657714844,3433841.0
2025-12-08,220.3186917471445,229.39338659889827,219.94448311877812,227.802978515625,6412206.0
2025-12-09,231.17092032731975,231.54512896710776,221.0671300264534,221.16067504882812,5406172.0
2025-12-10,221.81555687447286,224.715709459153,217.23142262104537,218.91539001464844,5096535.0
2025-12-11,220.03802913643665,220.6929013766205,217.69918951067703,219.1024932861328,3411732.0
2025-12-12,220.03803516987344,224.5286102294922,219.94449014736455,224.5286102294922,4274227.0
2025-12-15,225.46413678325732,228.3643035888672,223.59306510870746,228.3643035888672,5379290.0
2025-12-16,228.36431041250765,231.07735871161458,225.37058422365862,230.0482635498047,5396055.0
2025-12-17,229.48695184096084,233.13553602509438,226.49323991101224,231.45156860351562,5024105.0
2025-12-18,232.01289669122326,233.41620050185566,227.80298525932608,229.67405700683594,4039663.0
2025-12-19,229.67404810866708,230.8902475524587,227.14810420241932,228.17718505859375,3083620.0
2025-12-22,229.11272554261643,232.6677646522805,228.55141259381324,230.60958862304688,4747841.0
2025-12-23,231.26445697879416,231.54512058604848,226.02546483567102,226.39967346191406,3028150.0
2025-12-24,226.49323656457963,231.45156518382382,225.65124572865838,230.60958862304688,3405900.0
2025-12-25,231.26446428448344,231.73223221963616,230.32892841417797,231.45156860351562,1172648.0
2025-12-26,231.45156205096674,238.3277562131001,230.4224811878514,235.52114868164062,4211056.0
2025-12-29,237.15833420962028,239.26328983869976,231.7322235107422,231.7322235107422,3729351.0
2025-12-30,231.07735567524438,234.3517311605211,229.20628396937195,232.57421875,3025881.0
2025-12-31,233.41620175751598,234.58562160600053,230.42248980042447,231.07736206054688,3671882.0
2026-01-02,232.38709878212984,242.0699005126953,231.35801791508507,242.0699005126953,4599402.0
2026-01-05,243.2393222384983,254.46575249565973,242.5376703474257,252.5946807861328,5246842.0
2026-01-06,252.59468429469115,259.3773193359375,251.65914842693303,259.3773193359375,4143754.0
2026-01-07,261.0145150623678,264.9905426215616,258.6756753216656,262.6517028808594,4168121.0
2026-01-08,262.4177969227666,264.2888685585796,255.40127828846806,258.2078857421875,4063877.0
2026-01-09,260.07895737800044,260.3128413324771,255.16739433399144,258.2078857421875,3239849.0
2026-01-12,258.6756699057587,264.05500119674645,256.33683021402487,262.1839294433594,3872856.0
2026-01-13,261.9500479231024,268.26491514982,260.312860123583,264.99053955078125,4746135.0
2026-01-14,269.43432114480754,269.43432114480754,260.5467306903781,261.2483825683594,4005893.0
2026-01-15,260.0789624516434,267.7971330999386,257.74012286125094,266.3938293457031,4396891.0
2026-01-16,266.6277158788553,272.0070469886919,263.11945645939676,269.200439453125,5697205.0
2026-01-19,269.9020917164318,270.3698596396839,262.8855728676511,264.05499267578125,4394801.0
2026-01-20,263.1194568292771,265.22441248391135,261.48226909789497,264.05499267578125,3277847.0
2026-01-21,265.69218296382013,267.56325467483293,260.07896783078166,266.8616027832031,5235808.0
2026-01-22,270.13596936530877,276.6847201378011,260.0789592504098,276.4508361816406,6258293.0
2026-01-23,278.7896782206302,282.9995894689283,276.4508386382424,281.8301696777344,2887932.0
2026-01-26,280.8946364190408,286.7417354285962,278.5557968152186,284.63677978515625,3392644.0
2026-01-27,290.01610212165446,299.37146025461107,287.91114654173924,291.6532897949219,7078605.0
2026-01-28,291.65331177730485,295.16157134158675,289.3144720677835,293.5243835449219,4960519.0
2026-01-29,294.6938001100546,301.4764351919527,291.1855405849349,298.4359436035156,5072052.0
2026-01-30,298.4359293744608,304.98468017578125,295.6293218881806,304.98468017578125,3948220.0
2026-02-02,302.1780757532395,307.3235228635888,294.4599050877156,300.0731201171875,3486484.0
2026-02-03,301.7103240966797,305.9202355957031,298.6698324584961,304.0491638183594,4014389.0
2026-02-04,306.38800354003905,306.855771484375,301.0086721801758,304.0491638183594,3394107.0
2026-02-05,302.4119595464267,310.8317820860024,301.9441916275614,302.6458435058594,4592376.0
2026-02-06,300.7747894578679,304.28304905496583,293.0566183442523,293.7582702636719,4826377.0
2026-02-09,295.8631980005499,299.3714572653786,291.8871708337441,296.5648498535156,5246334.0
2026-02-10,302.17807911873626,304.5169187403983,291.88718478342327,292.5888366699219,7610325.0
2026-02-11,290.4838781031609,297.2665129380979,287.4433866254306,294.92767333984375,6940993.0
2026-02-12,296.564876123564,310.5979144259408,292.5888486045572,309.1946105957031,7358879.0
2026-02-13,309.1946070345677,316.67889404296875,306.85576734444237,316.67889404296875,4199745.0
2026-02-16,322.7598625451476,326.9697737957365,318.08218337782665,325.80035400390625,4316422.0
2026-02-17,323.46152375155117,323.69540771666436,310.3640217052121,313.6383972167969,5323231.0
2026-02-18,315.7433529028157,320.4210322050796,311.06567360055175,313.6383972167969,4612932.0
2026-02-19,314.34002976190476,316.6788692690618,305.68632358542374,309.428466796875,4448093.0
2026-02-20,309.6623562794811,313.404499557783,307.32351673054245,309.896240234375,2771963.0
2026-02-23,314.34002969218517,316.44498524815964,308.49293092558946,312.0011901855469,3205760.0
2026-02-24,311.29956634105963,311.29956634105963,305.21858307669635,309.1946105957031,3273462.0
2026-02-25,309.6623681450632,310.1301360727748,299.60535769926435,300.5408935546875,3772235.0
2026-02-26,300.5408768764762,303.1136003361192,293.75824230105377,301.7102966308594,2813419.0
2026-02-27,304.04914759989805,304.04914759989805,294.6937892122089,297.5003967285156,3128248.0
2026-03-02,275.04754983970366,293.758267515874,275.04754983970366,293.5243835449219,2404748.0
2026-03-03,290.01612236086004,292.8227299966103,275.7492002124629,282.9996032714844,3256661.0
2026-03-04,281.3623995287665,282.29793535429855,270.36985357876483,271.3053894042969,5592123.0
2026-03-05,278.0880183074434,285.33842080326406,275.51529484118447,275.9830627441406,4004700.0
2026-03-06,275.0475327064251,283.70123909259667,271.07150544791386,271.3053894042969,4096866.0
2026-03-09,261.95005001081313,270.369873046875,260.0789782250216,270.369873046875,3274866.0
2026-03-10,278.78968077560086,285.10454770592065,275.9830732510143,284.63677978515625,3595921.0
2026-03-11,284.6367825412594,285.8062023544938,279.257451400381,284.87066650390625,2923209.0
2026-03-12,281.3624206193626,288.37893983680306,280.66076869761855,286.04010009765625,3031307.0
2026-03-13,282.5318318488325,291.4194225857991,279.4913402809229,290.48388671875,2965129.0
2026-03-16,292.82272406461493,294.69379578387765,282.9995975384857,285.10455322265625,2305361.0
2026-03-17,287.4433866254306,294.92767333984375,285.8061989066527,294.92767333984375,4086560.0
2026-03-18,297.96818243240034,298.6698343533558,283.2334920923366,288.6128234863281,4267656.0
2026-03-19,288.1450443190975,290.95165189363416,282.06406124093473,290.25,1692711.0
2026-03-23,285.5,290.0,265.0,284.0,11633859.0
2026-03-24,281.75,281.75,269.0,276.25,3950709.0
2026-03-25,279.0,281.25,276.5,278.5,2973619.0
2026-03-26,277.25,278.75,272.0,272.5,1685077.0
2026-03-27,273.75,282.0,272.5,279.75,2659783.0
2026-03-30,278.0,278.25,270.75,271.5,2076481.0
2026-03-31,271.5,276.0,267.0,273.75,4204544.0
2026-04-01,278.75,281.75,272.5,272.5,2820061.0
2026-04-02,268.75,271.75,265.0,269.5,2553920.0
2026-04-03,269.5,269.75,263.0,264.25,2482919.0
2026-04-06,264.5,268.5,263.0,266.0,2154880.0
2026-04-07,266.0,266.5,252.0,252.0,4044534.0
2026-04-08,264.0,275.25,262.5,271.25,6014149.0
2026-04-09,269.75,277.5,269.5,277.5,3266016.0
2026-04-10,278.5,286.0,278.0,284.75,2785884.0
2026-04-13,280.0,284.0,277.75,283.75,2812560.0
2026-04-14,286.5,302.0,286.5,298.0,4059991.0
2026-04-15,298.75,301.25,293.5,299.0,3010364.0
2026-04-16,299.75,303.0,286.0,288.25,2725046.0
2026-04-17,288.5,295.0,279.0,294.5,6684622.0
2026-04-20,287.25,292.25,284.75,292.0,3327090.0
2026-04-21,292.5,295.0,285.75,289.0,2676023.0
2026-04-22,289.0,294.5,285.5,293.0,3075286.0
2026-04-24,293.25,299.75,288.5,295.5,6118017.0
2026-04-27,295.75,300.5,293.5,297.0,3348144.0
2026-04-28,295.25,297.5,289.75,294.5,1966011.0
2026-04-29,295.5,301.0,290.0,296.75,2937224.0
2026-04-30,295.0,295.0,287.25,294.5,3352664.0
2026-05-04,294.5,295.25,283.75,286.0,2554253.0
2026-05-05,286.0,298.25,285.75,298.25,3027635.0
2026-05-06,306.25,313.0,298.5,312.5,6596583.0
2026-05-07,313.25,323.75,312.0,320.75,3416142.0
2026-05-08,317.5,323.0,312.5,320.25,3464207.0
2026-05-11,319.5,319.75,312.75,317.0,2757929.0
2026-05-12,314.75,319.0,310.0,310.75,2201848.0
2026-05-13,312.0,314.25,300.25,301.0,2917917.0
2026-05-14,302.25,314.0,302.25,310.5,2522316.0
2026-05-15,306.0,313.0,297.5,302.0,4029682.0
2026-05-18,300.0,305.75,293.25,293.25,3200345.0
2026-05-20,293.75,295.0,284.25,289.5,2712225.0
2026-05-21,288.5,295.0,278.0,280.25,3032065.0
2026-05-22,276.5,305.25,275.0,304.0,4020619.0
2026-05-25,305.0,309.25,299.5,303.25,2586042.0
2026-05-26,301.25,303.25,296.0,296.0,1140557.0
2026-05-27,296.0,296.0,296.0,296.0,0.0
2026-05-28,296.0,296.0,296.0,296.0,0.0
2026-05-29,296.0,296.0,296.0,296.0,0.0
2026-06-01,299.0,306.25,292.5,296.0,2758317.0
2026-06-02,299.75,307.25,298.5,302.5,4211466.0
2026-06-03,300.75,307.0,297.25,299.0,2895282.0
2026-06-04,299.0,305.0,293.5,297.5,2260449.0
2026-06-05,297.5,299.5,291.25,294.0,1681088.0
2026-06-08,284.25,295.25,284.25,291.0,2218686.0
2026-06-09,289.75,297.75,289.75,295.0,2448221.0
2026-06-10,293.5,295.75,286.25,290.0,2617527.0
2026-06-11,290.25,293.25,278.0,283.0,3369188.0
2026-06-12,289.5,298.25,286.75,295.5,3808752.0
2026-06-15,303.0,316.5,302.75,315.25,2628925.0
2026-06-16,314.5,326.0,314.25,324.0,3354974.0
2026-06-17,325.0,334.5,323.75,329.25,4253924.0
2026-06-18,329.25,332.75,324.0,332.0,2705703.0
2026-06-19,328.0,333.75,325.5,327.75,2085294.0
2026-06-22,334.0,346.75,328.75,331.75,5998848.0
2026-06-23,328.0,345.0,319.5,345.0,5293257.0
2026-06-24,345.0,358.25,338.5,341.0,7269274.0
2026-06-25,341.0,344.75,327.5,335.5,3500657.0
2026-06-26,335.5,337.75,322.0,325.0,2851463.0
2026-06-29,325.0,325.25,311.25,313.5,3642249.0
2026-06-30,313.5,315.75,305.25,308.0,4783357.0
2026-07-01,307.0,310.25,302.0,305.0,4593541.0
2026-07-02,305.25,308.75,301.5,306.25,3344125.0
2026-07-03,307.75,309.5,301.0,302.0,3098666.0
2026-07-06,302.5,306.25,298.75,301.5,2821162.0
2026-07-07,301.25,306.5,298.0,299.0,3162582.0
2026-07-08,298.75,301.5,291.25,297.75,3763351.0
2026-07-09,299.25,300.5,292.25,295.0,2946137.0
2026-07-10,295.0,303.75,294.0,302.75,3287662.0
2026-07-13,302.0,305.75,299.5,301.5,3032983.0
2026-07-14,299.75,301.5,293.25,295.0,3076317.0
2026-07-16,290.0,305.75,290.0,305.0,3734235.0
2026-07-17,303.0,309.75,302.25,307.75,2457619.0
2026-07-20,307.5,309.25,301.0,301.75,3853828.0
2026-07-21,304.25,305.5,297.5,300.0,2850037.0
2026-07-22,300.75,301.75,294.75,297.5,2479866.0
2026-07-23,297.0,299.25,285.25,286.25,3762183.0
2026-07-24,286.5,287.25,278.5,281.0,3722960.0
2026-07-27,283.0,286.0,269.25,272.5,6906336.0
2026-07-28,280.0,280.0,261.75,264.25,6979942.0
2026-07-29,262.75,271.75,260.5,271.75,4691912.0
2026-07-30,269.0,269.0,257.5,260.5,6857399.0
2026-07-31,261.25,273.0,258.0,272.5,5090149.0
2026-08-03,275.25,275.25,265.5,272.0,2936336.0
2026-08-04,270.0,274.75,266.25,272.5,3804903.0
2026-08-05,271.0,271.25,260.5,262.75,6043008.0
2026-08-06,262.0,264.0,257.0,257.0,3790897.0
2026-08-07,257.25,264.5,257.0,263.0,3434855.0
2026-08-10,263.0,268.25,261.0,264.25,3881244.0
2026-08-11,261.75,272.75,257.5,267.0,6215210.0
2026-08-12,264.25,271.75,262.75,268.25,4178382.0
2026-08-13,267.0,275.0,267.0,269.75,3542941.0
2026-08-14,269.75,275.0,265.0,268.5,3794204.0
2026-08-17,267.75,269.0,265.0,266.75,2470926.0
2026-08-18,265.5,269.75,264.5,265.5,2385555.0
2026-08-19,264.0,272.25,264.0,270.0,3308352.0
2026-08-20,270.25,276.75,269.5,271.0,3022049.0
2026-08-21,271.5,285.75,270.75,281.25,5859006.0
2026-08-24,283.25,286.5,275.5,277.25,4040354.0
2026-08-25,278.0,278.5,270.5,275.0,2385879.0
2026-08-26,276.25,280.5,273.0,275.25,3018133.0
