Date,open,high,low,close,volume
2018-01-01,5.168909549713135,5.168909549713135,5.168909549713135,5.168909549713135,0.0
2018-01-02,4.96022763242606,5.168910537856412,4.936149071166761,5.136805534362793,6369755.0
2018-01-03,5.160883519317862,5.201014960564414,5.048516019638022,5.064568519592285,3604182.0
2018-01-04,5.064568015069499,5.112725510134928,5.032463018359213,5.096673011779785,2838106.0
2018-01-05,5.096673458119728,5.152857398643898,5.072594899839214,5.128778457641602,3483177.0
2018-01-08,5.144831369388922,5.257199259435428,5.144831369388922,5.192988872528076,4227612.0
2018-01-09,5.184961647868257,5.217066642744331,5.056541668363965,5.072594165802002,4155025.0
2018-01-10,5.048515439567097,5.064567937676938,4.936147952798203,4.992331504821777,3672406.0
2018-01-11,5.024437652085039,5.040490152649581,4.912069765411443,4.944174766540527,4172353.0
2018-01-12,4.960226947992421,5.024437328841462,4.952200889587402,4.952200889587402,5010006.0
2018-01-15,4.960226781711594,5.032463218544085,4.855885729613488,4.871938228607178,4416371.0
2018-01-16,4.831806523723358,4.992331504821777,4.831806523723358,4.992331504821777,2794793.0
2018-01-17,4.992332203289169,5.104700088500977,4.944174702222021,5.104700088500977,4289608.0
2018-01-18,5.136805534362793,5.168910537856412,5.032464081647617,5.136805534362793,5100868.0
2018-01-19,5.128778353527709,5.128778353527709,4.960226918098565,4.9843058586120605,3489284.0
2018-01-22,4.984305238531937,5.0966727205981925,4.944173803575982,5.072594165802002,4805655.0
2018-01-23,5.1608834365067295,5.473907754674774,5.1448309368100436,5.425750255584717,14813629.0
2018-01-24,5.441802090381386,5.602327067734692,5.377591716718328,5.449828147888184,17144802.0
2018-01-25,5.441802814945601,5.441802814945601,5.257198875048818,5.265224933624268,5927118.0
2018-01-26,5.297329995948871,5.345487496135831,5.184962495512631,5.201014995574951,3615179.0
2018-01-29,5.257199161736935,5.265225220750066,5.080621270786371,5.217067718505859,4562562.0
2018-01-30,5.16088342666626,5.273251307050585,5.128778427334105,5.16088342666626,4802356.0
2018-01-31,5.168909863838001,5.19298842195749,5.072594865916482,5.088647365570068,3046359.0
2018-02-01,5.072594165802002,5.176935207788375,5.048515228284083,5.072594165802002,3596894.0
2018-02-02,5.072595151566744,5.104700152681828,5.000358707696903,5.04049015045166,3101837.0
2018-02-05,5.0404891709259285,5.0966727205981925,4.992331295890091,5.072594165802002,3328092.0
2018-02-06,4.896016949865158,4.992331947056052,4.815754452206079,4.952200889587402,4390198.0
2018-02-07,5.29732989649233,5.29732989649233,5.088647399600151,5.128778457641602,26722509.0
2018-02-08,5.176936054120576,5.257198937153967,5.040489994951752,5.201014995574951,8194699.0
2018-02-09,5.112725432006465,5.168909366751783,4.896016516162726,4.992331504821777,10467910.0
2018-02-12,5.008384191102658,5.032463130532967,4.936148138255245,4.968253135681152,5886152.0
2018-02-13,4.9762790512159185,5.000357989956897,4.831806566935291,4.8558855056762695,5037385.0
2018-02-14,4.887991110248713,4.912069669263315,4.767597167010321,4.799702167510986,6252343.0
2018-02-15,4.823781203667365,4.9522012081837,4.815754762024192,4.944174766540527,5497552.0
2018-02-16,4.968253708748241,5.016411210441867,4.944174766540527,4.944174766540527,5531288.0
2018-02-19,4.97627919367675,5.00035813310706,4.920095639542291,4.968253135681152,3890225.0
2018-02-20,4.976279447524237,5.048515886778297,4.92009589052377,4.952200889587402,4447014.0
2018-02-21,4.952200986847977,5.024437427520752,4.952200986847977,5.024437427520752,3880663.0
2018-02-22,5.000358707696903,5.088647652124286,5.000358707696903,5.04049015045166,7089365.0
2018-02-23,5.072594777037768,5.201014772016368,5.064568335990718,5.184962272644043,6101124.0
2018-02-26,5.225093595531116,5.337461088623316,5.168909657624134,5.313382148742676,7697421.0
2018-02-27,5.321409164729211,5.353514166225348,5.192988776022853,5.217067718505859,6006789.0
2018-02-28,5.209040992708974,5.29732993336964,5.168909934388151,5.265224933624268,4942840.0
2018-03-01,5.2491728125009525,5.409697822810352,5.233120311470012,5.289304256439209,11097383.0
2018-03-02,5.281277812413367,5.401671761457323,5.257199252237664,5.3615403175354,6621944.0
2018-03-05,5.3936450324838665,5.473907916055371,5.361540032143982,5.409697532653809,11339723.0
2018-03-06,5.44180316773114,5.594301735047063,5.44180316773114,5.489960670471191,10144401.0
2018-03-07,5.49798657103765,5.5381180135247785,5.449829069686175,5.481934070587158,5125865.0
2018-03-08,5.530091731393662,5.554170674124593,5.425750666817789,5.489960670471191,5253296.0
2018-03-09,5.481933974948389,5.562196475800573,5.449828974607516,5.506012916564941,4414336.0
2018-03-12,5.530091032913482,5.586274970374782,5.522064974831447,5.546143531799316,3546100.0
2018-03-13,5.554170885614078,5.714695900859989,5.481934437392505,5.674564838409424,8569579.0
2018-03-14,5.730747624484978,5.738774065518666,5.546143690649661,5.55417013168335,4653716.0
2018-03-15,5.578248529570984,5.6424589078360805,5.506012475945614,5.546143531799316,4516025.0
2018-03-16,5.562196540684895,5.658511925552851,5.489960480436175,5.514039039611816,3882613.0
2018-03-19,5.586275100708008,5.618380099228716,5.514038662675529,5.586275100708008,3224306.0
2018-03-20,5.618380255850635,5.642459196773293,5.473907758480031,5.497986316680908,3630117.0
2018-03-21,5.530091032913482,5.578248529570984,5.473907478173946,5.546143531799316,2472296.0
2018-03-22,5.546144364541332,5.562196865837415,5.425750796181618,5.43377685546875,6340715.0
2018-03-23,5.425750191458605,5.425750191458605,5.329434811695045,5.3936448097229,4983259.0
2018-03-26,5.417724068785192,5.5220655130742875,5.409697627199047,5.481934070587158,3654240.0
2018-03-27,5.538117981509254,5.538117981509254,5.497986539254123,5.514039039611816,3458443.0
2018-03-28,5.497986247879052,5.554170187514314,5.3615398107089725,5.3936448097229,5968473.0
2018-03-29,5.385619163513184,5.4578556081839515,5.3695666627776575,5.385619163513184,3758884.0
2018-03-30,5.393645255209661,5.41772419781979,5.33746169365571,5.353514194488525,1091533.0
2018-04-02,5.345487658757872,5.3615401593085465,5.257199097090067,5.281277656555176,1036841.0
2018-04-03,5.25719856503478,5.369566057517335,5.25719856503478,5.345487117767334,4688790.0
2018-04-04,5.353513558591255,5.385618556443414,5.297329620989096,5.345487117767334,1979113.0
2018-04-05,5.353513812565907,5.393644870424072,5.265224872923097,5.329434871673584,6234541.0
2018-04-06,5.305355856235883,5.3133819140270395,5.209040483689766,5.225093364715576,4829586.0
2018-04-09,5.273251599896922,5.273251599896922,4.992332266057231,5.04049015045166,7926592.0
2018-04-10,5.056542390054695,5.072594889783811,4.847859510854405,4.887990951538086,6492272.0
2018-04-11,4.887990596024915,4.936148091709673,4.687334172644211,4.831806659698486,7476115.0
2018-04-12,4.831807545405592,4.9522014980474935,4.807728601788481,4.896017551422119,8670249.0
2018-04-13,4.912069350068479,4.992331846104545,4.863911852446839,4.879964351654053,4306439.0
2018-04-16,4.896017232878231,4.936148675388448,4.871938673549541,4.904043674468994,2369678.0
2018-04-17,4.928121725892956,4.992331721114217,4.839833173824601,4.936148166656494,8783668.0
2018-04-18,4.936148273316445,5.080620765686035,4.887990775859915,5.080620765686035,6269859.0
2018-04-19,5.088647652072684,5.16088371321999,5.064568709875714,5.112726211547852,4128469.0
2018-04-20,5.088647365570068,5.112725923689558,5.048515925075212,5.088647365570068,5984340.0
2018-04-23,5.088647365570068,5.088647365570068,5.088647365570068,5.088647365570068,0.0
2018-04-24,5.1046998652236555,5.144830922996731,5.064568424728798,5.088647365570068,4750281.0
2018-04-25,5.136804449028518,5.136804449028518,5.0003580216489265,5.096673011779785,7037225.0
2018-04-26,5.1046996476725734,5.152857144580966,4.976279273195095,5.144830703735352,5494453.0
2018-04-27,5.17693567276001,5.192988171639817,5.112725677240778,5.17693567276001,4499038.0
2018-04-30,5.184962231607107,5.184962231607107,5.024437239154349,5.048515796661377,5235649.0
2018-05-01,5.048515796661377,5.048515796661377,5.048515796661377,5.048515796661377,0.0
2018-05-02,5.040489600251925,5.040489600251925,4.912069227087641,4.936148166656494,4809721.0
2018-05-03,4.936148217111785,4.936148217111785,4.711412848818456,4.775622844696045,7017294.0
2018-05-04,4.775623126495207,4.775623126495207,4.542861686343313,4.655229568481445,7521843.0
2018-05-07,4.655229535528718,4.711413093478293,4.582993095054367,4.591019153594971,2761563.0
2018-05-08,4.639177066845456,4.647203125439899,4.534835626065199,4.5589141845703125,3680962.0
2018-05-09,4.542861716617024,4.751544599645546,4.422468157800957,4.623124599456787,5026209.0
2018-05-10,4.703387068231307,4.703387068231307,4.5508881276625175,4.655229568481445,2373654.0
2018-05-11,4.671282261569439,4.751544764471634,4.59101937594544,4.607071876525879,2907185.0
2018-05-14,4.607071625859709,4.791675563851545,4.607071625859709,4.719439506530762,2327178.0
2018-05-15,4.615098091245456,4.615098091245456,4.486678092916553,4.518783092498779,9325607.0
2018-05-16,4.518782868563478,4.631150361532722,4.42246787458984,4.502730369567871,5052660.0
2018-05-17,4.3662841828599115,4.5508881230758895,4.3662841828599115,4.486678123474121,3663448.0
2018-05-18,4.4947044040352315,4.607071908887616,4.446546901955639,4.574966907501221,4740653.0
2018-05-21,4.542861874204123,4.839833709024952,4.494704372462805,4.607071876525879,6626245.0
2018-05-22,4.6231244578242885,5.064568386310112,4.558914076975248,4.952200889587402,23114863.0
2018-05-23,4.968253003850855,5.008384058207501,4.77562264168501,4.928121566772461,8148943.0
2018-05-24,4.9441744278537705,5.184962302549206,4.936148369482204,5.152857303619385,6420419.0
2018-05-25,5.152857683637912,5.2812776888280535,5.08864768104284,5.249172687530518,4986212.0
2018-05-28,5.321409164729211,5.337461665477279,5.209041276770922,5.217067718505859,2006546.0
2018-05-29,5.2571988073845075,5.2571988073845075,5.1207523688619565,5.16088342666626,3454126.0
2018-05-30,5.160883406827791,5.160883406827791,4.735491975951048,4.75154447555542,22829547.0
2018-05-31,4.79167512994091,5.080620481223913,4.647202645660283,4.8558855056762695,30933683.0
2018-06-01,4.799702030204146,4.9923320276975,4.478651651660105,4.518783092498779,18931591.0
2018-06-04,4.534835554626003,4.599045553257161,4.374310175326328,4.382336616516113,4558233.0
2018-06-05,4.430493578757942,4.510756067323501,4.229837165983177,4.245889663696289,7355129.0
2018-06-06,4.2779951095581055,4.518782983329381,4.141548673269167,4.2779951095581055,10714732.0
2018-06-07,4.2699687618959485,4.310099816324142,4.133522334852247,4.253916263580322,8806497.0
2018-06-08,4.253916929883124,4.342205493087079,4.157601542181468,4.302074432373047,6256303.0
2018-06-11,4.326152607768005,4.334179048830543,4.221811553007442,4.2779951095581055,6088483.0
2018-06-12,4.229837576490181,4.326152572116251,4.229837576490181,4.237864017486572,3762899.0
2018-06-13,4.245890750100822,4.302074697833478,4.189706802368164,4.189706802368164,2279021.0
2018-06-14,4.189706613705557,4.189706613705557,4.0933916071196395,4.141549110412598,2954380.0
2018-06-15,4.141549110412598,4.141549110412598,4.141549110412598,4.141549110412598,0.0
2018-06-18,4.141548819047471,4.141548819047471,3.908787378145767,3.9489188194274902,5002057.0
2018-06-19,3.9168138988823746,3.9970764003509074,3.796419955318677,3.940892457962036,9473098.0
2018-06-20,3.924840145667134,4.08536553901512,3.9007615854341156,3.9890501499176025,11529340.0
2018-06-21,3.997076163735095,4.053260102798033,3.989049722702487,4.03720760345459,3917834.0
2018-06-22,4.037207729265944,4.053260229109631,3.972997347169412,3.9810237884521484,2897291.0
2018-06-25,4.109443601399002,4.13352254143673,3.8927346719465254,3.916813611984253,5635571.0
2018-06-26,3.7001049387994076,4.021155326114899,3.7001049387994076,3.9569449424743652,3365544.0
2018-06-27,3.956944568012114,4.045233502281126,3.9489185100177084,4.029181003570557,3884967.0
2018-06-28,4.02918116772787,4.157601162644528,3.997076168998706,4.109443664550781,5997435.0
2018-06-29,4.125495929093521,4.165627366581596,4.013128439937366,4.021154880523682,6420396.0
2018-07-02,3.98905030759216,4.029181753195879,3.9489192447102703,3.9970767498016357,3061067.0
2018-07-03,4.005102377955757,4.037207760614209,3.9408923780824305,3.9489188194274902,3530188.0
2018-07-04,3.964970646723681,4.149574556401644,3.93286565223375,4.101417064666748,11820875.0
2018-07-05,4.117470081593099,4.39838901019669,4.093391141325696,4.237864017486572,25844902.0
2018-07-06,4.286021774823236,4.655229663134245,4.286021774823236,4.462599277496338,34588964.0
2018-07-09,4.526808361709459,4.6873337143521185,4.3502308947964226,4.398388385772705,20268735.0
2018-07-10,4.310099910942655,4.39838884497766,4.197732420266493,4.229837417602539,13298217.0
2018-07-11,4.205759116660091,4.205759116660091,3.740236201900809,3.748262643814087,16236353.0
2018-07-12,3.764314921184479,3.8927349223896797,3.643920978693707,3.7322099208831787,14737600.0
2018-07-13,3.7964199707001427,3.804446029518616,3.692078527007405,3.756288528442383,4608573.0
2018-07-16,3.796419516921535,3.8285245138015767,3.692078085700525,3.7241830825805664,4667839.0
2018-07-17,3.732209625001744,3.796419620513916,3.7001046272456577,3.796419620513916,5257979.0
2018-07-18,3.7803672065477905,3.8927347012180102,3.772340765567604,3.8847086429595947,9820765.0
2018-07-19,3.892735162378028,3.9649716088702496,3.8686566020284983,3.900761604309082,8865717.0
2018-07-20,3.9248400039654565,4.149575393450108,3.908787503482396,4.061286449432373,10718665.0
2018-07-23,4.149575165264513,4.197732664065509,3.9729972869390813,4.045233726501465,14091327.0
2018-07-24,4.045233782216345,4.061286282037766,3.8044459021732204,3.812472343444824,6806247.0
2018-07-25,3.788393422254707,3.9729973625318045,3.740235922537436,3.9649713039398193,9562554.0
2018-07-26,3.9890499910540167,4.029181433473235,3.836551428393303,3.908787488937378,8333909.0
2018-07-27,3.9087875536443186,3.9408925550224474,3.796420048820868,3.8445775508880615,6401379.0
2018-07-30,3.852603992593496,3.87668255226619,3.796420048820868,3.8445775508880615,5089527.0
2018-07-31,3.844577550888061,3.8686564932825607,3.8044461078044978,3.8445775508880615,6259951.0
2018-08-01,3.8365516494239538,3.948919158860942,3.8204991480758124,3.8526041507720947,8351681.0
2018-08-02,3.756288560173902,3.7883935611626,3.627868556219109,3.651947498321533,7892844.0
2018-08-03,3.651947466636047,3.7241835268729737,3.6439210250976117,3.6840524673461914,7689753.0
2018-08-06,3.6599735590367097,3.6599735590367097,3.483396053510633,3.5556321144104004,9644335.0
2018-08-07,3.571684675740852,3.6840525638929447,3.4833961128351034,3.659973621368408,12847375.0
2018-08-08,3.659973216980226,3.667999657842171,3.5636582229674802,3.5797107219696045,7035872.0
2018-08-09,3.515501022338867,3.6278685248269897,3.4833960216279753,3.515501022338867,11975746.0
2018-08-10,3.4111596113627174,3.475369613399939,3.090109218454807,3.3148446083068848,23570467.0
2018-08-13,3.2987916096321532,3.2987916096321532,3.114187690292112,3.1462926864624023,17577986.0
2018-08-14,3.25866053950788,3.2987919805945567,3.2105030398369405,3.2747130393981934,8716529.0
2018-08-15,3.322870670026277,3.3469496121716116,3.082082970821038,3.098135471343994,9377544.0
2018-08-16,3.2345817286538407,3.242607786611868,2.9536626197703924,2.969715118408203,13329271.0
2018-08-17,2.9697152750479487,2.993794024274716,2.769058840130667,2.92958402633667,16140427.0
2018-08-20,2.9215577765944145,2.98576777453246,2.889452586264503,2.92958402633667,3315780.0
2018-08-21,2.92958402633667,2.92958402633667,2.92958402633667,2.92958402633667,0.0
2018-08-22,2.92958402633667,2.92958402633667,2.92958402633667,2.92958402633667,0.0
2018-08-23,2.92958402633667,2.92958402633667,2.92958402633667,2.92958402633667,0.0
2018-08-24,2.92958402633667,2.92958402633667,2.92958402633667,2.92958402633667,0.0
2018-08-27,2.9616892499697802,2.9937942513741835,2.89747905580007,2.945636749267578,5094647.0
2018-08-28,2.9456364668958086,3.017872713131075,2.9376102173141123,2.9937939643859863,12716343.0
2018-08-29,3.0178728103637695,3.1141879998081836,3.0018203106831822,3.0178728103637695,21925031.0
2018-08-30,3.0178728103637695,3.0178728103637695,3.0178728103637695,3.0178728103637695,0.0
2018-08-31,3.0098465392263574,3.0258990387933604,2.865373851762443,2.913531541824341,10658909.0
2018-09-03,2.921558075255667,2.9937943303204433,2.8974791322065006,2.9857680797576904,12561906.0
2018-09-04,2.9697154038317124,2.9857679040123517,2.897478961657939,2.921557903289795,10244867.0
2018-09-05,2.889452545916128,2.889452545916128,2.77708505109365,2.793137550354004,9667966.0
2018-09-06,2.8091899802392253,2.8252424791031503,2.7369537353515625,2.7369537353515625,9399454.0
2018-09-07,2.7530065856922707,2.785111587518972,2.6807701402212887,2.7449803352355957,11383346.0
2018-09-10,2.736953973965734,2.7690589744925744,2.688796281814575,2.688796281814575,6015681.0
2018-09-11,2.7048487820779954,2.720901473702314,2.672743781551155,2.688796281814575,7664801.0
2018-09-12,2.680769922121699,2.8011638605378346,2.6727436723180165,2.7289276123046875,20990709.0
2018-09-13,2.7530064599816444,2.905505211694918,2.7209014596209555,2.8734002113342285,33505747.0
2018-09-14,2.929584202066324,2.9456367025137364,2.801164007126122,2.825242757797241,26910390.0
2018-09-17,2.793137837975647,2.833269090259023,2.728927834322245,2.7449803352355957,10890278.0
2018-09-18,2.7289277080268155,2.777085208538126,2.696822516325045,2.7530064582824707,20616966.0
2018-09-19,2.7770851954910265,2.961689137944654,2.7610326953960067,2.937610387802124,56075049.0
2018-09-20,2.9456363704514867,3.0499776115972583,2.88945243385827,2.969715118408203,81798381.0
2018-09-21,3.0018201848987287,3.0901089294424198,2.985767685890785,3.0258989334106445,90947265.0
2018-09-24,3.058003885860772,3.066030135245149,2.8412949611217173,2.8894524574279785,115608403.0
2018-09-25,2.905505306151171,3.1462931994060037,2.8412953033423634,2.945636749267578,211239928.0
2018-09-26,2.9456368269439257,3.058004334822466,2.92958432581842,2.9857680797576904,206006125.0
2018-09-27,2.97774149468354,3.1141879302832245,2.9055050563727014,2.961688995361328,316925163.0
2018-09-28,2.9697152750479487,2.98576777453246,2.9135315268521587,2.92958402633667,103774173.0
2018-10-01,2.9295840474739405,3.106161543077593,2.9215577976737745,3.0339252948760986,314333029.0
2018-10-02,3.041951376826063,3.0820826236125125,2.937610135181294,2.953662633895874,147986184.0
2018-10-03,2.9616892177645884,3.0339254701390046,2.929584216709292,2.9777417182922363,133394549.0
2018-10-04,2.985767748695396,3.0098464977138,2.769058816168873,2.777085065841675,113218438.0
2018-10-05,2.7851115066787093,2.841295258244654,2.7048488130807455,2.825242757797241,115029856.0
2018-10-08,2.801163975882615,2.8734002270902668,2.7931377257484313,2.8573477268218994,92486369.0
2018-10-09,2.865373851762443,2.929584041391344,2.8493213521954406,2.913531541824341,113748283.0
2018-10-10,2.95366273431843,2.95366273431843,2.785111300723827,2.793137550354004,79537616.0
2018-10-11,2.7610325518332957,2.817216299244535,2.753006302203119,2.793137550354004,52740903.0
2018-10-12,2.825242661671323,2.85734766147381,2.71287516236262,2.801163911819458,81523051.0
2018-10-15,2.8252428026401617,2.953662999618679,2.8252428026401617,2.945636749267578,101702961.0
2018-10-16,2.9536627755634375,3.0018202740169717,2.9055050857490143,2.92958402633667,84955575.0
2018-10-17,2.9857678880871843,2.9857678880871843,2.897478946203678,2.937610387802124,53724811.0
2018-10-18,2.9376103204296284,2.945636570293061,2.8252426309806835,2.833268880844116,52214101.0
2018-10-19,2.841295161572566,2.85734766147381,2.7931376618688364,2.801163911819458,32736011.0
2018-10-22,2.817216458964218,2.8252427090494363,2.7449802081972523,2.7530064582824707,37370507.0
2018-10-23,2.7128749262674945,2.7369536740238427,2.608533494629109,2.6165597438812256,50915367.0
2018-10-24,2.624586327726914,2.793137774869892,2.624586327726914,2.640638828277588,57770475.0
2018-10-25,2.648665078552925,2.656691328828262,2.60853382717624,2.640638828277588,29305213.0
2018-10-26,2.648664951324463,2.7530063912527103,2.6326124515448694,2.648664951324463,66653308.0
2018-10-29,2.648664951324463,2.648664951324463,2.648664951324463,2.648664951324463,0.0
2018-10-30,2.6727434886460375,2.68879598715027,2.544323500612181,2.6165597438812256,37344523.0
2018-10-31,2.63261241531132,2.6406386650906484,2.544323667738706,2.5603761672973633,25299607.0
2018-11-01,2.584455015052338,2.7048487663269043,2.560376264797425,2.7048487663269043,41994821.0
2018-11-02,2.7209015677029353,2.7770853205659205,2.6486651226610505,2.761032819747925,55508875.0
2018-11-05,2.76103258833673,2.8814263343811035,2.7369538391278554,2.8814263343811035,63992959.0
2018-11-06,2.8974790900714957,2.993794286784827,2.8332690865032113,2.8653740882873535,103789893.0
2018-11-07,2.8974787089973066,3.082082636338061,2.8814262102164476,3.074056386947632,148991825.0
2018-11-08,3.0740566099332667,3.122214301129981,2.985767860234263,3.09010910987854,126240224.0
2018-11-09,3.066030324898244,3.1141880155442383,2.977741576208889,3.0018203258514404,69031531.0
2018-11-12,2.9777417182922363,3.0178729696113566,2.9616892177645884,2.9777417182922363,44125490.0
2018-11-13,2.9857677443446455,2.993793994005751,2.9055050563727014,2.961688995361328,43561532.0
2018-11-14,2.9616891402100882,3.0660303909075313,2.9616891402100882,3.058004140853882,75309387.0
2018-11-15,3.074056498730795,3.1783979359614665,3.066030249048504,3.082082748413086,76234949.0
2018-11-16,3.1141879998081836,3.1222142496484775,3.0018203106831822,3.0178728103637695,40083319.0
2018-11-19,3.017872780346585,3.0660302789093494,2.9937940310652023,3.0499777793884277,24950062.0
2018-11-20,3.0580039912945973,3.0981352396001265,2.961688995361328,2.961688995361328,40586081.0
2018-11-21,2.9697152156408975,3.0018202139676826,2.9456364668958086,2.9937939643859863,22040216.0
2018-11-22,3.009846463549379,3.0339252122944678,2.961688966059201,2.9937939643859863,33087799.0
2018-11-23,2.9937943303204433,3.0339255831342076,2.961689328069432,2.9857680797576904,43451799.0
2018-11-26,3.017872780346585,3.0740565286698103,3.017872780346585,3.0499777793884277,45747808.0
2018-11-27,3.0740566258753175,3.1543193173788207,3.049977875832535,3.1222143173217773,70270011.0
2018-11-28,3.1141879558563232,3.1543192044914017,3.082082765587372,3.1141879558563232,51904873.0
2018-11-29,3.130240188377257,3.194450180717838,3.1222139393346846,3.1462926864624023,57165813.0
2018-11-30,3.1543191894347635,3.1623454391234675,3.106161499941654,3.1302404403686523,17470190.0
2018-12-03,3.1703717570736294,3.242608005827286,3.1462930074890774,3.23458194732666,66787529.0
2018-12-04,3.2345818907671298,3.258660448569756,3.017872765573729,3.066030263900757,67330829.0
2018-12-05,3.033925112122078,3.122214045966549,3.0178726134886977,3.10616135597229,36237933.0
2018-12-06,3.082082778430271,3.122214218593464,3.009846530586124,3.0499777793884277,30276975.0
2018-12-07,3.0740565158603563,3.1141879558563232,3.041951516952293,3.1141879558563232,18193212.0
2018-12-10,3.08208286065117,3.1543193017832616,3.0740566106765925,3.1382668018341064,28376472.0
2018-12-11,3.138266771273099,3.1864242706515977,3.1141880215838498,3.1703717708587646,34152872.0
2018-12-12,3.1703717016368715,3.2024767005215566,2.993794016410215,3.066030263900757,44847193.0
2018-12-13,3.0660304702980823,3.1141881632278507,3.0258992189906926,3.098135471343994,20472343.0
2018-12-14,3.0740563595539747,3.08208260887288,2.9456363704514867,2.969715118408203,21461949.0
2018-12-17,2.9857680010230827,3.001820501725285,2.9376104989164773,2.945636749267578,14458580.0
2018-12-18,2.921557889941841,3.0740566409611807,2.9135316398881916,3.058004140853882,31085147.0
2018-12-19,3.0740562537183775,3.1623451845475476,3.0580037556332322,3.1462926864624023,29175750.0
2018-12-20,3.106161704922405,3.2185295907013747,3.098135454704036,3.1623456478118896,45330964.0
2018-12-21,3.1623456319679066,3.1944506326805313,3.122214381077126,3.1783981323242188,22389640.0
2018-12-24,3.194450570245824,3.274713070458676,3.194450570245824,3.242608070373535,40223253.0
2018-12-25,3.194450520548014,3.2185294615981555,3.1302405213766824,3.1703717708587646,12284726.0
2018-12-26,3.178397879339357,3.210502877496581,3.1623453802607444,3.1944503784179688,9381367.0
2018-12-27,3.2185295907013747,3.226555649558844,3.1623456478118896,3.1623456478118896,13830362.0
2018-12-28,3.1783979536724494,3.1783979536724494,3.0981352650414036,3.1141879558563232,11008895.0
2018-12-31,3.114187940991245,3.1302404403686523,3.090109000564247,3.1302404403686523,5904948.0
2019-01-01,3.1302404403686523,3.1302404403686523,3.1302404403686523,3.1302404403686523,0.0
2019-01-02,3.1222142340388146,3.162345483039645,3.0178727952757667,3.0339252948760986,25014678.0
2019-01-03,3.001820052129239,3.0339250487251332,2.817216130341972,2.849321126937866,44599496.0
2019-01-04,2.8653738080671722,2.97774149468354,2.849321308744961,2.961688995361328,29935513.0
2019-01-07,2.9857680797576904,3.0419518336969604,2.9697155786321847,2.9857680797576904,29438963.0
2019-01-08,3.001820115683825,3.0098463650027307,2.9135313731758647,2.969715118408203,31607164.0
2019-01-09,2.99379386636492,3.0098463650027307,2.9376101211325816,2.969715118408203,25198116.0
2019-01-10,2.98576771480429,3.0258989627127715,2.961688966059201,2.9937939643859863,32590594.0
2019-01-11,2.9937943303204433,3.017873082008702,2.9697155786321847,2.9857680797576904,19932693.0
2019-01-14,2.961688966059201,3.0018202139676826,2.929583967732416,2.9937939643859863,19190460.0
2019-01-15,3.0098465757322908,3.025899075493992,2.9857678260897393,3.0018203258514404,18791427.0
2019-01-16,3.017872952520343,3.1864243984669978,2.9937942018652355,3.1623456478118896,71119606.0
2019-01-17,3.178397745361111,3.2907652341747964,3.1543189977581783,3.2666866779327393,61035381.0
2019-01-18,3.2666866779327393,3.2987916747366492,3.242607738968931,3.2666866779327393,42747492.0
2019-01-21,3.2666866504238445,3.363001640024503,3.2506341521570685,3.2987916469573975,58949766.0
2019-01-22,3.2907654347036357,3.387080430984497,3.274712935323492,3.387080430984497,61207024.0
2019-01-23,3.4031329794138476,3.4673433605816575,3.3630019217459686,3.4352383613586426,61536718.0
2019-01-24,3.451291020836743,3.700104967701264,3.4352385204816707,3.6840524673461914,106538188.0
2019-01-25,3.7081308472008554,3.804445844673708,3.611815849728002,3.619842290878296,60991723.0
2019-01-28,3.6198424829360447,3.732209985949582,3.5556320984922243,3.5716845989227295,64142777.0
2019-01-29,3.5877366643860635,3.828524524372995,3.5797106065047672,3.820498466491699,84170315.0
2019-01-30,3.8365513974138414,3.9569449582557428,3.7883935138109255,3.940892457962036,87301807.0
2019-01-31,3.981023664391652,4.045233661765425,3.900761167674436,4.03720760345459,77375352.0
2019-02-01,4.021154880523682,4.17365342444616,3.948918446133848,4.021154880523682,69258276.0
2019-02-04,4.013128548773228,4.173653537635452,3.9569446113105684,4.165627479553223,81496871.0
2019-02-05,4.173653920246032,4.197732862143631,4.069312859281229,4.093391418457031,39449230.0
2019-02-06,4.101417279332899,4.1094433370146,3.9007608619077128,3.932865858078003,37741079.0
2019-02-07,3.924839507096653,4.093390932191762,3.8927345101948942,4.021154880523682,55306520.0
2019-02-08,4.021155358207829,4.125496419172632,4.021155358207829,4.093391418457031,35362406.0
2019-02-11,4.1335225863665785,4.33417901888222,4.109443646067121,4.310100078582764,63469111.0
2019-02-12,4.32615267635296,4.438520556679267,4.286021618569376,4.382336616516113,65531649.0
2019-02-13,4.398389275402868,4.438520717361057,4.2539167732526195,4.294047832489014,39254436.0
2019-02-14,4.269969211859529,4.3983892119172685,4.22983777048059,4.35825777053833,41999654.0
2019-02-15,4.36628375178971,4.382336250105336,4.165627331483501,4.253916263580322,32202925.0
2019-02-18,4.253916263580322,4.3582573112710215,4.237863765264695,4.253916263580322,34221697.0
2019-02-19,4.253916252023023,4.358257299430242,4.117469825350027,4.1576008796691895,52532778.0
2019-02-20,4.1977329843910995,4.39838943606807,4.077339036840556,4.374310493469238,66779171.0
2019-02-21,4.382336640673497,4.3903626991857445,4.149575202991575,4.181680202484131,48464633.0
2019-02-22,4.221811482730125,4.24589004007337,4.149575045256853,4.173653602600098,26271521.0
2019-02-25,4.205758450301459,4.326152380872753,4.181679893820252,4.261942386627197,41072147.0
2019-02-26,4.2458898880658085,4.294047383749976,4.221811331584602,4.261942386627197,27276364.0
2019-02-27,4.261942386627197,4.3100998823113645,4.213784890943031,4.261942386627197,30899011.0
2019-02-28,4.261942459784259,4.398388891259072,4.261942459784259,4.366283893585205,41134468.0
2019-03-01,4.374310033162059,4.374310033162059,4.109443606055753,4.173653602600098,32336495.0
2019-03-04,4.197732829681432,4.253916771860146,4.125496387269056,4.221811771392822,26941171.0
2019-03-05,4.229838149792678,4.294048155579601,4.165628144005756,4.213785648345947,32311392.0
2019-03-06,4.221811933399742,4.245890493313323,4.061286542181361,4.133522987365723,32226214.0
2019-03-07,4.1254962245031255,4.189706222904453,3.9890497865394132,4.045233726501465,32530136.0
2019-03-08,4.053260050440335,4.189706101736184,4.005102170310308,4.173653602600098,38223766.0
2019-03-11,4.189705810310225,4.197732250680852,4.1094433202126615,4.1495747566223145,10935853.0
2019-03-12,4.149575016400047,4.2137850124978655,4.1014175193266835,4.205758571624756,15158893.0
2019-03-13,4.221811108487488,4.253916103913712,4.181679672843842,4.245889663696289,24905270.0
2019-03-14,4.205758760742657,4.229837701722965,4.149575202991575,4.181680202484131,13440723.0
2019-03-15,4.205758826729666,4.334179209436548,4.197732768091493,4.286021709442139,32124974.0
2019-03-18,4.294047801269257,4.374310301880294,4.28602174256905,4.326152801513672,21172890.0
2019-03-19,4.310099460955328,4.406414442907893,4.294046963963234,4.398388385772705,21840446.0
2019-03-20,4.35825777053833,4.414441711924486,4.326152770523895,4.35825777053833,21940157.0
2019-03-21,4.366284273495779,4.398389273963104,4.189706388203704,4.221811771392822,25055837.0
2019-03-22,4.245890243651458,4.253916684965231,3.9408923627202905,3.9649713039398193,29169544.0
2019-03-25,3.892734890046032,3.9328663314501124,3.716157389856014,3.764314889907837,33583150.0
2019-03-26,3.7161574207325287,3.764314921184479,3.5797109780911067,3.7322099208831787,47310961.0
2019-03-27,3.7081307143859705,3.7402357123936767,3.395106792449951,3.395106792449951,35193683.0
2019-03-28,3.427211627544922,3.539579115230498,3.330896638100142,3.49944806098938,40551336.0
2019-03-29,3.459316624026515,3.563658053952566,3.379054132822532,3.49944806098938,25726156.0
2019-04-01,3.507473919980133,3.6278678413242496,3.4031324959671165,3.539578914642334,22133609.0
2019-04-02,3.5716844094200906,3.6679997896147225,3.523526910683664,3.619842290878296,27944117.0
2019-04-03,3.595763265231466,3.603789323470437,3.5315532684326167,3.531553268432617,16987456.0
2019-04-04,3.5556319731729906,3.6519473550831596,3.5315534147367877,3.627868413925171,19274869.0
2019-04-05,3.716157206837467,3.724183265089931,3.5957632712763448,3.6037893295288086,32856682.0
2019-04-08,3.611815548674956,3.619841989156228,3.4833955627485835,3.49944806098938,18225722.0
2019-04-09,3.53957966231724,3.5716846637610664,3.4914221601515,3.507474660873413,25954294.0
2019-04-10,3.571684614912771,3.579711056524857,3.5155010545153744,3.5556321144104004,18930065.0
2019-04-11,3.5556317821055354,3.6037892791119086,3.523526784101287,3.5797107219696045,21082609.0
2019-04-12,3.53957966231724,3.555632163039153,3.4673436004295333,3.507474660873413,16307094.0
2019-04-15,3.523526827471876,3.5797107660317535,3.5074743282721634,3.531553268432617,10048144.0
2019-04-16,3.5315532684326167,3.5797107660317535,3.5074743282721634,3.531553268432617,15722627.0
2019-04-17,3.563658355192627,3.7161572927319755,3.547605855594895,3.6920783519744873,42866369.0
2019-04-18,3.6519474837970556,3.667999984227561,3.5636585400683765,3.5716845989227295,25661617.0
2019-04-19,3.587736794697482,3.619842175554036,3.5636582374572754,3.5636582374572754,6592205.0
2019-04-22,3.5235268128841817,3.5716843102839424,3.5235268128841817,3.5476057529449463,4136692.0
2019-04-23,3.5476057529449463,3.5476057529449463,3.5476057529449463,3.5476057529449463,0.0
2019-04-24,3.5315532684326167,3.5556318258713002,3.5155007692329048,3.531553268432617,11207260.0
2019-04-25,3.5395795649264246,3.5636585067076703,3.3549756203428585,3.363002061843872,21442776.0
2019-04-26,3.3790543578926937,3.4432643551327438,3.363001858582681,3.403132915496826,15433858.0
2019-04-29,3.419185827546772,3.419185827546772,3.3308968892056994,3.371027946472168,13791519.0
2019-04-30,3.3710278525832886,3.45129073032432,3.3630017944422446,3.395106792449951,16882526.0
2019-05-01,3.395106792449951,3.395106792449951,3.395106792449951,3.395106792449951,0.0
2019-05-02,3.4272117904576573,3.475369287469217,3.3870803515871417,3.395106792449951,18751332.0
2019-05-03,3.395106689197969,3.4031327470949244,3.282739199588317,3.3228702545166016,17226149.0
2019-05-06,3.3068180705438164,3.3068180705438164,3.1382668200968276,3.242608070373535,21827481.0
2019-05-07,3.1302405077660427,3.242608005827286,3.0981353169590817,3.23458194732666,18450411.0
2019-05-08,3.3308971840038573,3.515501135388798,3.314844683132202,3.475369691848755,54015165.0
2019-05-09,3.4673434569434476,3.5556320158994983,3.395107015323233,3.4111595153808594,31079142.0
2019-05-10,3.4512908309116006,3.507474387701664,3.411159390871461,3.467343330383301,19706360.0
2019-05-13,3.475369663524006,3.483396105255322,3.3148446561157545,3.338923215866089,24695212.0
2019-05-14,3.3549753945140126,3.5636582668320416,3.3469493362750415,3.531553268432617,31401149.0
2019-05-15,3.539579195336188,3.5716841925443625,3.3790542092953144,3.491421699523926,37339491.0
2019-05-16,3.5074741981280133,3.6278681290195465,3.4673431429786725,3.491421699523926,45084367.0
2019-05-17,3.4352384884357363,3.451290988641061,3.3469495459455505,3.379054546356201,26542618.0
2019-05-20,3.379054562124104,3.3951070624043362,3.3389231200626264,3.363002061843872,17762530.0
2019-05-21,3.371027956752182,3.4191858379736444,3.2345819023639626,3.2827394008636475,25711527.0
2019-05-22,3.25866063410578,3.29879207635746,3.1703718821460627,3.1783981323242188,15406436.0
2019-05-23,3.1382664993562233,3.2747127357728414,3.1382664993562233,3.2666866779327393,22196723.0
2019-05-24,3.3068176639613363,3.3790540966321263,3.2987916062877725,3.3469491004943848,21135838.0
2019-05-27,3.3710277500635955,3.4111591877136336,3.3148441966196462,3.3228702545166016,18834183.0
2019-05-28,3.35497546590152,3.4673433454122504,3.338922966360241,3.4512908458709717,32538203.0
2019-05-29,3.4593169346914117,3.4593169346914117,3.3790544362794335,3.4191858768463135,18715477.0
2019-05-30,3.4593169739846075,3.6358948552184294,3.4593169739846075,3.627868413925171,38853361.0
2019-05-31,3.5957630950604007,3.7241830825805664,3.5395791591594525,3.7241830825805664,24454873.0
2019-06-03,3.7402363165172865,3.756288818113943,3.6519477490965926,3.7081313133239746,9760989.0
2019-06-04,3.7081313133239746,3.7081313133239746,3.7081313133239746,3.7081313133239746,0.0
2019-06-05,3.7081313133239746,3.7081313133239746,3.7081313133239746,3.7081313133239746,0.0
2019-06-06,3.7081313133239746,3.7081313133239746,3.7081313133239746,3.7081313133239746,0.0
2019-06-07,3.7322099226285594,3.852603865175634,3.684052422154088,3.80444598197937,18280106.0
2019-06-10,3.812472119391959,3.812472119391959,3.7161571261237007,3.796419620513916,22619884.0
2019-06-11,3.8124726482330473,3.8365515912510655,3.6840526393951256,3.748262643814087,22645552.0
2019-06-12,3.7402357759825993,3.8124722140889356,3.7081307774290657,3.772340774536133,20389399.0
2019-06-13,3.748262468766481,3.812472470186771,3.651947466636047,3.6840524673461914,25098549.0
2019-06-14,3.6920783519744873,3.7161572927319755,3.6358947947433133,3.6920783519744873,20576822.0
2019-06-17,3.676025980714113,3.836551365017477,3.659973480555956,3.80444598197937,41061463.0
2019-06-18,3.8124721763570464,3.940892169300213,3.7883932363193185,3.916813611984253,33346970.0
2019-06-19,3.9007614142732274,3.964971415706236,3.820498912481967,3.924839973449707,22367972.0
2019-06-20,3.9890501692197793,4.0211555542221795,3.8686566020284983,3.900761604309082,31671530.0
2019-06-21,3.8686561437209916,3.8927347012180102,3.7964197057863935,3.8847086429595947,13133895.0
2019-06-24,4.037207577087207,4.0612861345842255,3.860629702740805,3.8847086429595947,26651615.0
2019-06-25,3.884708804411035,3.9810238038455763,3.860629863191506,3.9649713039398193,24301698.0
2019-06-26,3.9729970667226837,4.061286000991696,3.964971008728278,4.029181003570557,27841431.0
2019-06-27,4.053260167662521,4.117470166063849,4.037207668062189,4.045233726501465,27626257.0
2019-06-28,4.069312536654997,4.085365035740112,3.981023600325986,4.005102157592773,20591198.0
2019-07-01,4.1014175193266835,4.245890010546775,4.077338579429119,4.205758571624756,37534894.0
2019-07-02,4.2137849189345165,4.261942414938585,4.149574924262423,4.229837417602539,23720510.0
2019-07-03,4.221812188730992,4.237864690551489,4.141549296906671,4.189706802368164,20450277.0
2019-07-04,4.221811772774787,4.31010033272793,4.221811772774787,4.294047832489014,22642989.0
2019-07-05,4.302074014570619,4.318126513841631,4.221811518215561,4.237864017486572,17559019.0
2019-07-08,4.141548604327925,4.197732542665111,4.11747004698468,4.173653602600098,19447285.0
2019-07-09,4.157601223703789,4.189706222904453,4.029181226901133,4.045233726501465,15102206.0
2019-07-10,4.0131287637873205,4.189706260996378,3.9248398238219004,4.181680202484131,14707377.0
2019-07-11,4.2298378007804285,4.366284243180086,4.181680300413807,4.326152801513672,23461967.0
2019-07-12,4.3582575706582745,4.390362569200297,4.205758636222777,4.237864017486572,20930727.0
2019-07-15,4.237864017486572,4.237864017486572,4.237864017486572,4.237864017486572,0.0
2019-07-16,4.253916487351186,4.318126483991363,4.18970610798924,4.2699689865112305,18864970.0
2019-07-17,4.286021521005079,4.342205077167525,4.229837582120862,4.310100078582764,15427877.0
2019-07-18,4.326152525924907,4.518782897842059,4.2940475277256756,4.470625400543213,34055732.0
2019-07-19,4.510756398892043,4.607071392250463,4.446546403319763,4.534835338592529,23767448.0
2019-07-22,4.49470411412064,4.550888054283793,4.374310175326328,4.382336616516113,17466773.0
2019-07-23,4.398388963234059,4.582992894240521,4.390362522323368,4.470625400543213,20387241.0
2019-07-24,4.470625525318403,4.486678024866044,4.366284086897849,4.4144415855407715,12943926.0
2019-07-25,4.422468725627423,4.486678733966099,4.3422058324822395,4.430494785308838,24656757.0
2019-07-26,4.462599309086636,4.639177195731511,4.406415366477486,4.599045753479004,28863710.0
2019-07-29,4.5990456580605,4.695360658202069,4.486678157895336,4.623124599456787,28228354.0
2019-07-30,4.639176638254522,4.647202696107476,4.478651271256179,4.494703769683838,21348686.0
2019-07-31,4.510755985044315,4.51878242511533,4.326152073349959,4.342204570770264,49469568.0
2019-08-01,4.310100072845239,4.326152572116251,4.229837576490181,4.237864017486572,13315430.0
2019-08-02,4.221811643210717,4.310100200454355,4.181680202484131,4.181680202484131,16336443.0
2019-08-05,4.181680014448957,4.2860214494687945,4.165627515424502,4.205758571624756,15152127.0
2019-08-06,4.213784591407834,4.350231010841279,4.213784591407834,4.342204570770264,23252087.0
2019-08-07,4.3743102057849095,4.438520587584948,4.310100206706653,4.350231647491455,27903286.0
2019-08-08,4.390362585902756,4.494704022922169,4.374310086570675,4.478651523590088,20040305.0
2019-08-09,4.510756715525774,4.5508881569363675,4.358257773976026,4.526809215545654,19004793.0
2019-08-12,4.526809215545654,4.526809215545654,4.526809215545654,4.526809215545654,0.0
2019-08-13,4.526809215545654,4.526809215545654,4.526809215545654,4.526809215545654,0.0
2019-08-14,4.526809215545654,4.526809215545654,4.526809215545654,4.526809215545654,0.0
2019-08-15,4.4866775121147,4.494703569610389,4.221811108487488,4.245889663696289,21702254.0
2019-08-16,4.261942472870557,4.286021412560772,4.141548539863008,4.165627479553223,19434719.0
2019-08-19,4.189706389575159,4.374310333683596,4.157601389097326,4.294047832489014,39702170.0
2019-08-20,4.269969118911587,4.390362674984117,4.245890178064013,4.382336616516113,36290168.0
2019-08-21,4.382336711910051,4.414441711924486,4.318126711881181,4.35825777053833,20958878.0
2019-08-22,4.342205071387262,4.390362569200297,4.181680078677146,4.237864017486572,25233932.0
2019-08-23,4.245889586248442,4.358257068190567,4.205758151336819,4.342204570770264,15355728.0
2019-08-26,4.221811742080221,4.382336743302293,4.2137853006582215,4.326152801513672,15539854.0
2019-08-27,4.318127099110609,4.326153158473062,4.20575920626167,4.213785648345947,17592745.0
2019-08-28,4.2137848264303805,4.302073758527203,4.197732328114754,4.253916263580322,21222125.0
2019-08-29,4.261942575032204,4.286021515299607,4.229837576490181,4.237864017486572,13586680.0
2019-08-30,4.237864017486572,4.237864017486572,4.237864017486572,4.237864017486572,0.0
2019-09-02,4.261942277522246,4.44654619761327,4.253916219807895,4.39036226272583,19856792.0
2019-09-03,4.3823367153667405,4.566940656956247,4.374310273995905,4.526809215545654,29750349.0
2019-09-04,4.599045785390399,4.663255787262507,4.542861842391406,4.566940784454346,14761526.0
2019-09-05,4.582993125797213,4.623124566934785,4.542861684659641,4.5589141845703125,18742538.0
2019-09-06,4.542861551199925,4.615097990036685,4.44654655456543,4.44654655456543,19601591.0
2019-09-09,4.494704022922169,4.526809021586331,4.454572965952853,4.478651523590088,14965720.0
2019-09-10,4.494703692064614,4.5027301325007105,4.39036226272583,4.39036226272583,14945382.0
2019-09-11,4.4144415855407715,4.462599084183694,4.390362644858421,4.4144415855407715,13937448.0
2019-09-12,4.422468725627423,4.510757295732183,4.406415840820915,4.430494785308838,34903015.0
2019-09-13,4.4465467154462575,4.5348356569164885,4.4144417154064985,4.526809215545654,47381657.0
2019-09-16,4.502730686044118,4.5187831861679815,4.414441744001977,4.422468185424805,16468937.0
2019-09-17,4.438520685090915,4.446546743791123,4.2298378007804285,4.326152801513672,26993164.0
2019-09-18,4.318126397074406,4.390362450479724,4.277994958621192,4.366283893585205,28415780.0
2019-09-19,4.3582577443260275,4.615098125618555,4.253916686267558,4.5589141845703125,73801578.0
2019-09-20,4.542861903226612,4.847859798925266,4.4706258415140505,4.6712822914123535,158622491.0
2019-09-23,4.647202623862799,4.735491555203274,4.574966190700433,4.687334060668945,49781679.0
2019-09-24,4.7595707900706685,4.775623290538695,4.542861842391406,4.566940784454346,55089516.0
2019-09-25,4.582993441370547,4.711413449498594,4.534835938322529,4.64720344543457,54631880.0
2019-09-26,4.6712823553687475,4.711413416264775,4.607071969035844,4.6793084144592285,33856811.0
2019-09-27,4.655229854465974,4.719439858077067,4.615098410848136,4.6793084144592285,46380116.0
2019-09-30,4.687334633096933,4.775623192497663,4.655229632819978,4.66325569152832,45462965.0
2019-10-01,4.6793080938723115,4.695360593675302,4.518783095842404,4.591019153594971,31961993.0
2019-10-02,4.599045785390399,4.631150786326454,4.542861842391406,4.566940784454346,20397300.0
2019-10-03,4.566941244389443,4.574967304070858,4.406415840820915,4.430494785308838,26152639.0
2019-10-04,4.454572638049367,4.478651193914166,4.3823362050114785,4.39036226272583,27925153.0
2019-10-07,4.382336616516113,4.49470411412064,4.342205176010749,4.382336616516113,25511630.0
2019-10-08,4.342205459668178,4.4385208466285615,4.27799545684246,4.4064154624938965,29928742.0
2019-10-09,4.422468184968707,4.454573185213122,4.318126742813464,4.326152801513672,22472340.0
2019-10-10,4.334179434032996,4.358257993917053,4.2057590446713915,4.302074432373047,21668927.0
2019-10-11,4.33417943276693,4.390362994294524,4.318126931941644,4.374310493469238,15649832.0
2019-10-14,4.326152830277431,4.342205330506369,4.029181384681195,4.053260326385498,24506319.0
2019-10-15,4.133522481780777,4.197732477325667,4.09339104320434,4.165627479553223,17721413.0
2019-10-16,4.005102080540661,4.237863886879482,3.9890495817643727,4.197732448577881,16017461.0
2019-10-17,4.197732513473412,4.261942509571229,4.125496076502483,4.205758571624756,12201991.0
2019-10-18,4.342205146215499,4.4385205262231215,4.310100147120218,4.4144415855407715,19783529.0
2019-10-21,4.438520718492722,4.510756778225367,4.398389276524301,4.462599277496338,16471524.0
2019-10-22,4.4706256568369716,4.5508881569363675,4.4625992154661365,4.526809215545654,19282068.0
2019-10-23,4.558914216640618,4.623124599456787,4.550888157989716,4.623124599456787,14698022.0
2019-10-24,4.655229760989,4.703387262730317,4.558914374784561,4.607071876525879,23157104.0
2019-10-25,4.615098127329,4.679308126995483,4.607071686009796,4.655229568481445,14423240.0
2019-10-28,4.671281627474564,4.727465180518663,4.639176630671722,4.69536018371582,7751808.0
2019-10-30,4.663255658154879,4.671282099527572,4.5990456580605,4.623124599456787,14258801.0
2019-10-31,4.647203191389843,4.687334633096933,4.623124632543023,4.66325569152832,14324660.0
2019-11-01,4.767597072367035,4.855886013352107,4.679308131381964,4.8237810134887695,55381064.0
2019-11-04,4.8558857081679365,5.00838425657362,4.815754269500063,4.976279258728027,33381705.0
2019-11-05,4.968253329618019,5.056542267346521,4.912069390568649,5.016410827636719,31009372.0
2019-11-06,5.032463210949102,5.184962142519894,5.000358213010173,5.144830703735352,35974777.0
2019-11-07,5.16890990441218,5.305356343899614,5.16890990441218,5.297329902648926,29302657.0
2019-11-08,5.297329902648926,5.369566343017986,5.184962404191774,5.297329902648926,32808844.0
2019-11-11,5.281277433496954,5.329434933115012,5.225093875303445,5.265224933624268,21157331.0
2019-11-12,5.281277054700485,5.634432409291508,5.281277054700485,5.610353469848633,38480298.0
2019-11-13,5.634432854574018,5.642459295929883,5.497986413298633,5.570222854614258,19856944.0
2019-11-14,5.506012604406238,5.682590096270133,5.481933664154821,5.586275100708008,30969048.0
2019-11-15,5.602327629720158,5.650485127756966,5.5300911913040585,5.55417013168335,14442562.0
2019-11-18,5.586274978170742,5.714694969436629,5.586274978170742,5.642458915710449,12721581.0
2019-11-19,5.666538109672635,5.778905614661222,5.602328106822013,5.722722053527832,22298860.0
2019-11-20,5.690616958073914,5.730748017831546,5.578249072220225,5.650485515594482,16319500.0
2019-11-21,5.666537423474681,5.827062793883978,5.666537423474681,5.778904914855957,19581464.0
2019-11-22,5.778905001844309,5.835088939741548,5.650485009761207,5.682590007781982,12704777.0
2019-11-25,5.722721566173064,5.770879064209872,5.538117632337746,5.55417013168335,19617877.0
2019-11-26,5.538117916905815,5.570222917246689,5.425750415712757,5.506012916564941,19751988.0
2019-11-27,5.481934070587158,5.642459457813874,5.457855511272321,5.481934070587158,26938515.0
2019-11-28,5.530091025365982,5.5541699650227505,5.449828531046356,5.473907470703125,20728584.0
2019-11-29,5.473908300069867,5.514039361949166,5.409697912163715,5.43377685546875,11056903.0
2019-12-02,5.457855135609734,5.5782486893408665,5.44180263626413,5.55417013168335,16942407.0
2019-12-03,5.522065638287768,5.722722089829721,5.514039196519622,5.594301700592041,20509389.0
2019-12-04,5.626406408950247,5.674563905607748,5.506012475945614,5.546143531799316,15408445.0
2019-12-05,5.578248733466613,5.947456604057801,5.530091235048864,5.762852668762207,44518779.0
2019-12-06,5.730747326177822,5.987587685059722,5.722721268283694,5.80298376083374,57760200.0
2019-12-09,5.83508933129748,5.83508933129748,5.690616830509354,5.706669330596924,22389055.0
2019-12-10,5.706669018689029,5.939430448597703,5.690616519478836,5.78693151473999,62122518.0
2019-12-11,5.746800003823533,5.770878943699998,5.650485009761207,5.682590007781982,19692275.0
2019-12-12,5.64245929961897,5.762852858261341,5.64245929961897,5.738774299621582,18250985.0
2019-12-13,5.7628529228488015,5.875220806833007,5.730747922488113,5.746800422668457,19645648.0
2019-12-16,5.746799989211715,5.899298920783537,5.722721432118238,5.883246421813965,15903073.0
2019-12-17,5.875220517457144,5.91535157457051,5.770879080063201,5.794957637786865,10707979.0
2019-12-18,5.794957858262211,5.827063240984871,5.698642858259599,5.738774299621582,11141957.0
2019-12-19,5.754827119273719,5.77890567925092,5.714695675682636,5.730748176574707,6687388.0
2019-12-20,5.770879364299871,5.7869318644802155,5.714695422307768,5.746800422668457,5692019.0
2019-12-23,5.746800169289624,5.77890516823479,5.722721611441637,5.762852668762207,6374512.0
2019-12-24,5.7869320526099415,5.9233784999395604,5.7869320526099415,5.891273498535156,12582660.0
2019-12-25,5.9073255558842614,5.93943055487914,5.883246615277214,5.931404113769531,3736856.0
2019-12-26,5.931403796136623,6.00364023136765,5.859167743627352,5.939430236816406,5609726.0
2019-12-27,5.939431000641762,5.939431000641762,5.859168497130753,5.891273498535156,4979413.0
2019-12-30,5.9153520582275565,5.94745705963196,5.867194556120951,5.891273498535156,7956898.0
2019-12-31,5.907325491400445,5.97956154698951,5.891272992078234,5.923377990722656,7136059.0
2020-01-02,5.923378277910588,6.019693278513575,5.90732577781009,5.9474568367004395,8793457.0
2020-01-03,5.915351866031569,5.947456866392848,5.778905423135239,5.84311580657959,9316755.0
2020-01-06,5.835089853655335,5.835089853655335,5.618380891712443,5.674564838409424,12282329.0
2020-01-07,5.730748112523257,5.802984557091109,5.714695611810601,5.722722053527832,7428146.0
2020-01-08,5.61837992716842,5.859167791421485,5.61837992716842,5.778904914855957,13456797.0
2020-01-09,5.891273220742159,6.204297161035885,5.891273220742159,6.18021821975708,18906691.0
2020-01-10,6.164166002493009,6.332717451008839,6.140087442831779,6.300612449645996,12963004.0
2020-01-13,6.34876976044643,6.493242644949078,6.324691201510518,6.421006202697754,16551130.0
2020-01-14,6.3889012038230035,6.6136362066467225,6.380874762361259,6.589557647705078,15633305.0
2020-01-15,6.605609538061063,6.677845977845843,6.453110982749298,6.477189540863037,18290520.0
2020-01-16,6.4691641498644215,6.573504828097755,6.33271732275307,6.3567962646484375,15563228.0
2020-01-17,6.396926815014361,6.445084312250197,6.356795758678714,6.3889007568359375,6860392.0
2020-01-20,6.421006040681694,6.517321039438691,6.308638542131864,6.340743541717529,11266085.0
2020-01-21,6.324691015260588,6.461137454285319,6.260481016359958,6.445084571838379,11795654.0
2020-01-22,6.477189310407422,6.5092943085646455,6.3166643196212995,6.3889007568359375,9977477.0
2020-01-23,6.380874091801529,6.461136967097048,6.3246905383607706,6.372848033905029,9268198.0
2020-01-24,6.533374247800038,6.573504925200928,6.3728488591438515,6.429032802581787,25244324.0
2020-01-27,6.421006040681694,6.461137481524668,6.300612100874555,6.340743541717529,11204369.0
2020-01-28,6.3969273241783196,6.3969273241783196,6.268507321327821,6.3567962646484375,9133499.0
2020-01-29,6.388900487526132,6.613635465153503,6.3728479891241765,6.5333733558654785,18908005.0
2020-01-30,6.477189571288694,6.509294570739009,6.332717073762276,6.445084571838379,11345861.0
2020-01-31,6.461137345156991,6.469163786244895,6.220349470624742,6.2283759117126465,16205049.0
2020-02-03,6.2203496019103905,6.3728485413031954,6.164165661274584,6.340743541717529,11700113.0
2020-02-04,6.412979541531746,6.509294539419267,6.396927041883825,6.5012688636779785,8678551.0
2020-02-05,6.517320690619951,6.565478570142737,6.3889006991505575,6.453110694885254,11699640.0
2020-02-06,6.493242481110334,6.533373921953308,6.292586042339031,6.340743541717529,13089633.0
2020-02-07,6.364822355354726,6.412979856664942,6.316664854044511,6.324691295623779,10748205.0
2020-02-10,6.260480975551191,6.40495347213587,6.1481130954857734,6.2364020347595215,15680758.0
2020-02-11,6.308638325416033,6.404953320864395,6.220349388227483,6.3969268798828125,13504336.0
2020-02-12,6.429031970432607,6.758108381364609,6.38890053278257,6.645740509033203,33390939.0
2020-02-13,6.886528398652213,6.982843390154064,6.58955698349396,6.613635540008545,56084109.0
2020-02-14,6.6377150215839995,6.838371450065592,6.597583582798975,6.621662139892578,33131035.0
2020-02-17,6.661793777974111,6.8062658903013356,6.613635896902668,6.766135215759277,15874002.0
2020-02-18,6.742055312473639,6.782186749006688,6.645740324060414,6.6938982009887695,10076043.0
2020-02-19,6.73402966099744,6.910606757648845,6.73402966099744,6.862449645996094,27074302.0
2020-02-20,6.870477402883449,6.89455596332356,6.501269492546008,6.653768062591553,24274369.0
2020-02-21,6.645741484414249,6.966792267290975,6.637715808061136,6.95073938369751,25252603.0
2020-02-24,6.8704763302834,6.9106070029372795,6.5895570290451415,6.750082015991211,20762644.0
2020-02-25,6.790213803697597,6.8142923616183655,6.597583809444338,6.734030246734619,14522203.0
2020-02-26,6.677845924328086,6.758108804655388,6.581530927201456,6.734030246734619,16543500.0
2020-02-27,6.6056092433942775,6.934686428339008,6.34876926045549,6.453110694885254,26604445.0
2020-02-28,5.489959959865065,6.284559226307765,5.481933519086406,6.043771743774414,11651604.0
2020-03-02,6.188244528115577,6.316664524918234,6.04377203171259,6.067850589752197,8987488.0
2020-03-03,6.180218257216443,6.517321140832211,6.156139698513482,6.48521614074707,9500476.0
2020-03-04,6.421005357605966,6.677845326968289,6.260480376754514,6.292585372924805,21380849.0
2020-03-05,6.4049534540104816,6.613635948486688,6.3969270128620455,6.509294509887695,15317089.0
2020-03-06,6.469163985779861,6.541399661468377,6.212323221149806,6.276533603668213,11135032.0
2020-03-09,6.083903203398001,6.083903203398001,5.5060128242314565,5.602327823638916,15759057.0
2020-03-10,5.786932156353645,5.947457166253433,5.594301761752087,5.626407146453857,13653017.0
2020-03-11,5.53811772687627,5.802984161961007,5.3294348490993375,5.530091285705566,13948435.0
2020-03-12,5.345487077552917,5.433776012343032,4.904043169045863,4.936148166656494,16323950.0
2020-03-13,4.97627951855181,5.449828835582121,4.791675579940145,5.128778457641602,16673538.0
2020-03-16,4.831807067564273,4.960227066897239,4.5508881276625175,4.655229568481445,10396197.0
2020-03-17,4.81575434258939,4.855885781866342,4.294047545597852,4.7114129066467285,14016543.0
2020-03-18,4.615098318177,4.936148712507587,4.566940816435682,4.607071876525879,13103441.0
2020-03-19,4.534835847129129,4.7114133547543045,4.534835847129129,4.574966907501221,12507460.0
2020-03-20,4.647203438658683,4.944174898382698,4.647203438658683,4.8157548904418945,21142948.0
2020-03-23,4.81575470028491,5.07259508874662,4.663255755515939,5.008384704589844,29325962.0
2020-03-24,5.152857589400352,5.449829037332322,5.128778647506663,5.441802978515625,20839623.0
2020-03-25,5.497986078755029,5.722721447661194,5.281277150716333,5.313382148742676,23600490.0
2020-03-26,5.249172501433834,5.602327885908261,5.008384617517063,5.5381178855896,24005632.0
2020-03-27,5.594301540617223,5.666537983577628,5.249172591614233,5.273251533508301,17578027.0
2020-03-30,5.241146314752555,5.409697370111693,5.241146314752555,5.329434871673584,9232184.0
2020-03-31,5.4016715053851785,5.46588150643886,5.353514004594918,5.37759256362915,11036154.0
2020-04-01,5.241146660988866,5.297330222246203,5.176936275274784,5.217067718505859,12734044.0
2020-04-02,5.257198361323699,5.27325085962776,5.168909429290487,5.225093364715576,7149338.0
2020-04-03,5.233119770761018,5.297329768250318,5.168909773271718,5.184962272644043,10965815.0
2020-04-06,5.281277150716333,5.353513587636487,5.257198593557459,5.313382148742676,10192811.0
2020-04-07,5.361539495004544,5.586274857590682,5.361539495004544,5.401670932769775,20018954.0
2020-04-08,5.409697197721861,5.642459009857671,5.393644698545781,5.618380069732666,19716298.0
2020-04-09,5.698642253875732,5.778904745365469,5.5621958269823075,5.698642253875732,18493887.0
2020-04-10,5.714695517384133,5.730748017831546,5.634433015147069,5.650485515594482,7857678.0
2020-04-13,5.578248537355743,5.706668911343392,5.538117481446035,5.642458915710449,9878482.0
2020-04-14,5.690616448648059,5.738773945679222,5.626406452606508,5.682590007781982,16685795.0
2020-04-15,5.698642984198714,5.70666942573721,5.417724036621936,5.441802978515625,16989181.0
2020-04-16,5.481933782659534,5.562196280696364,5.433776283837436,5.457855224609375,11422088.0
2020-04-17,5.570222463886675,5.5862749627506005,5.4578549718391995,5.473907470703125,15504210.0
2020-04-20,5.481933536255982,5.626406408950247,5.441802480402279,5.546143531799316,19101648.0
2020-04-21,5.48995996956705,5.5220649672949005,5.441802472975275,5.473907470703125,7682855.0
2020-04-22,5.481934194890655,5.626407084942818,5.481934194890655,5.594301700592041,13856744.0
2020-04-24,5.618379697955613,5.802983617625881,5.618379697955613,5.690616130828857,26807800.0
2020-04-27,5.778905172529006,5.907325551126875,5.754826614663127,5.85916805267334,18728422.0
2020-04-28,5.883246328358999,6.0036402600792265,5.867193829644419,5.907325267791748,18287541.0
2020-04-29,5.939430495500388,6.148112986880818,5.931404054471023,5.995614051818848,19947076.0
2020-04-30,6.035745582527183,6.043772023677568,5.738774148954966,5.899299144744873,12512262.0
2020-05-04,5.79495775950315,5.963509197996123,5.6344327622345025,5.666537761688232,22932641.0
2020-05-05,5.754826864119527,5.811010423389836,5.682590421947079,5.746800422668457,18224977.0
2020-05-06,5.746799748769575,5.794957243663416,5.666537257279838,5.698642253875732,15327555.0
2020-05-07,5.674564394333779,5.778905454717267,5.5943015102701485,5.714695453643799,16376305.0
2020-05-08,5.786931828185307,5.811010386943909,5.522065385509935,5.5381178855896,26646150.0
2020-05-11,5.61035407311505,5.682590516489308,5.538118012462593,5.650485515594482,16410463.0
2020-05-12,5.674563907472012,5.955482829427273,5.65048496777447,5.915351390838623,48895137.0
2020-05-13,5.915351681762243,6.075877061289898,5.843115624560491,6.035745620727539,42291089.0
2020-05-14,6.043771669323056,6.124034162512111,5.835088804309757,5.939430236816406,43722246.0
2020-05-15,6.027719338700141,6.091929335041156,5.979561458722613,6.019692897796631,27932337.0
2020-05-18,6.075876712799072,6.148112765857619,6.0598242140392,6.075876712799072,18616306.0
2020-05-20,6.18021821975708,6.2203496609811575,6.140087161254791,6.18021821975708,17769783.0
2020-05-21,6.1802179608484975,6.196270460121282,6.067850465939008,6.124034404754639,11798655.0
2020-05-22,6.07587741196008,6.116008472116827,6.035745969081528,6.091929912567139,9005777.0
2020-05-27,6.18824421220829,6.3006117036743,6.132060275114404,6.148112773895264,30450152.0
2020-05-28,6.180217763377365,6.21232276089711,6.051797773298384,6.075876712799072,14516882.0
2020-05-29,6.04377193255149,6.059824431888446,5.9715354941743,5.995614051818848,8334218.0
2020-06-01,6.019693121046951,6.051798120408126,5.995614180165179,6.035745620727539,7554562.0
2020-06-02,6.035745812114323,6.1400872547075815,6.027719753380422,6.0839033126831055,14726199.0
2020-06-03,6.172192127400568,6.196270685825942,6.091929628113014,6.140087127685547,12647180.0
2020-06-04,6.1561397548971755,6.164165813631076,6.043772253570016,6.0839033126831055,13251593.0
2020-06-05,6.0999554993678435,6.188244437233933,6.09192944104644,6.164165496826172,21662406.0
2020-06-08,6.196270460121282,6.244428340661407,6.099955464484577,6.124034404754639,14658293.0
2020-06-09,6.132060618811062,6.156139559692834,6.011666679845767,6.035745620727539,8740826.0
2020-06-10,6.043771743774414,6.1160077971735385,6.019692804160198,6.043771743774414,14036036.0
2020-06-11,5.995614051818848,6.051797990859081,5.9715354941743,5.995614051818848,8143267.0
2020-06-12,5.923377874757739,6.075876806694088,5.907325375749795,6.051797866821289,9874578.0
2020-06-15,5.971535652179479,6.0196931514645815,5.939430652656077,6.003640651702881,8094812.0
2020-06-16,6.051798001274097,6.244428376370857,6.051798001274097,6.164165496826172,17895534.0
2020-06-17,6.180218854320613,6.292586748196863,6.148113851133636,6.1882452964782715,22287484.0
2020-06-18,6.228376016909643,6.589557452086579,6.220349575686173,6.445084571838379,90106353.0
2020-06-19,6.54139972853485,6.581531170180084,6.252454726487618,6.284559726715088,32112044.0
2020-06-22,6.276533380114713,6.364821935329567,6.236401940310307,6.260480880737305,13451011.0
2020-06-23,6.284559209095605,6.589557068857616,6.260480652269097,6.51732063293457,50476081.0
2020-06-24,6.509294536063648,6.557452417704364,6.372848480487556,6.404953479766846,21138458.0
2020-06-25,6.453111105838948,6.48521610575084,6.316664664852512,6.348769664764404,16067802.0
2020-06-26,6.3969270718169895,6.509294569878233,6.3969270718169895,6.46916389465332,17697903.0
2020-06-29,6.485215982048804,6.525347422534077,6.469163865120832,6.477189540863037,11525953.0
2020-06-30,6.493241918499715,6.557451912107536,6.477189037376009,6.5333733558654785,14704237.0
2020-07-01,6.533373697517315,6.573504371538142,6.3407433238988204,6.3969268798828125,16137003.0
2020-07-02,6.404953297584852,6.557452231184701,6.388900798401803,6.5253472328186035,18076844.0
2020-07-03,6.581531398788706,6.677846402816606,6.5092949544068786,6.541399955749512,35464177.0
2020-07-06,6.61363585800029,6.645740856711221,6.573504418250738,6.60560941696167,13699143.0
2020-07-07,6.613635465153503,6.6296883462772085,6.461136921695805,6.5333733558654785,18764211.0
2020-07-08,6.653767871981843,6.782187877908445,6.613636428768878,6.677846431732178,43224477.0
2020-07-09,6.717977179308372,6.742055736565407,6.3889007568359375,6.3889007568359375,18878297.0
2020-07-10,6.3166640977425175,6.404953030934536,6.164165170491486,6.372848033905029,16824103.0
2020-07-13,6.429032208953488,6.557452201843262,6.421005768036993,6.557452201843262,12365170.0
2020-07-14,6.509294249792232,6.54139924765958,6.421005697017906,6.453110694885254,15982998.0
2020-07-16,6.517320851059358,6.549425849717047,6.4450844127186695,6.461137294769287,16115486.0
2020-07-17,6.4611369683927515,6.677845507024499,6.43705841197667,6.6698198318481445,29629053.0
2020-07-20,6.677845855422153,6.709950854133084,6.589557300327978,6.60560941696167,20916609.0
2020-07-21,6.6457410088849205,6.661793891329737,6.388901013316364,6.46916389465332,23520175.0
2020-07-22,6.485215793500097,6.597583670503209,6.461137236086408,6.5253472328186035,27635007.0
2020-07-23,6.549425950186317,6.597583831633374,6.485215951885945,6.509294509887695,17463742.0
2020-07-24,6.477189571288694,6.509294570739009,6.412979572388063,6.445084571838379,13978662.0
2020-07-27,6.5012694024884405,6.60561008476477,6.477190076938249,6.581531524658203,20311395.0
2020-07-28,6.673268353306843,6.673268353306843,6.2223717055991505,6.25516414642334,33039813.0
2020-07-29,6.148588883345068,6.287956960580903,5.968230448103651,6.083003997802734,31915410.0
2020-07-30,6.099399795846015,6.107597710511436,5.935437202453613,5.935437202453613,8420373.0
2020-08-04,6.0256165280705,6.07480518815032,5.730484176674854,5.812465667724609,23748327.0
2020-08-05,5.861654228890457,6.107597525139329,5.6976916404744955,6.091201305389404,27321836.0
2020-08-06,6.042012667092168,6.132192071487836,5.599314341392292,5.632106781005859,25444234.0
2020-08-07,5.599314594138106,5.755078884791908,5.32057845392428,5.697691917419434,36567089.0
2020-08-10,5.599314924607544,5.804267888998255,5.525531732333525,5.763277530670166,21643658.0
2020-08-11,5.787871089544695,6.017418558744555,5.779673175064371,6.0010223388671875,34073374.0
2020-08-12,6.066607999175852,6.320749635442552,6.009221026760751,6.287957191467285,56579448.0
2020-08-13,6.369937481566311,6.410928226718087,5.968229899112453,6.0010223388671875,59308589.0
2020-08-14,5.95183405429426,5.960031969291182,5.705890349718711,5.730484485626221,37833015.0
2020-08-17,5.7304845064153955,5.7304845064153955,5.5009374128344195,5.550126075744629,46333262.0
2020-08-18,5.5419287816898475,5.746881762239026,5.500938029213296,5.673098564147949,78897687.0
2020-08-19,5.71408820580595,5.878050804138184,5.705890290893545,5.878050804138184,44633803.0
2020-08-20,5.861654803329132,5.902645161262617,5.77147539040866,5.853456497192383,36991787.0
2020-08-21,5.894447118958561,5.9600320029715315,5.779673571935861,5.820663928985596,44909511.0
2020-08-24,5.837059808901099,5.861654334427158,5.705890048540043,5.714087963104248,27858621.0
2020-08-25,5.755078447776538,5.771474667078368,5.566521730347129,5.607512474060059,26610219.0
2020-08-26,5.607512601816572,5.7304840539236235,5.566521857169747,5.681295394897461,26500301.0
2020-08-27,5.722286570629298,5.804267675182234,5.705890349718711,5.730484485626221,27017823.0
2020-08-28,5.755078884791908,5.763277190523718,5.632107035231882,5.697691917419434,16571763.0
2020-08-31,5.656701131965551,5.689493570569214,5.566521730347129,5.607512474060059,16990748.0
2020-09-01,5.623908822588262,5.656701261945429,5.525531113600045,5.640305042266846,14406464.0
2020-09-02,5.632107239921967,5.804267757379559,5.6157110187791845,5.771475315093994,29647505.0
2020-09-03,5.804267501195009,5.861654468120218,5.6894939582613215,5.70589017868042,27689036.0
2020-09-04,5.664900257285924,5.7058910097624755,5.648504034478662,5.673098564147949,13570675.0
2020-09-07,5.697692043805047,5.763277318364137,5.697692043805047,5.730484485626221,13690169.0
2020-09-08,5.73868266424502,5.771475105338796,5.681295696872546,5.697691917419434,15428141.0
2020-09-09,5.6894942586329496,5.722286701202393,5.673098037348228,5.722286701202393,11103524.0
2020-09-10,5.738682922487115,5.771475365056558,5.714088395101657,5.722286701202393,17922570.0
2020-09-11,5.714088137966321,5.73868266424502,5.681295696872546,5.697691917419434,8393063.0
2020-09-14,5.697692047998562,5.722286574840916,5.6894941329956055,5.6894941329956055,7440729.0
2020-09-15,5.697692047998562,5.746881101683269,5.656701691150296,5.6894941329956055,14922414.0
2020-09-16,5.6976917895706025,5.73868253547641,5.65670143458152,5.6648993492126465,9810398.0
2020-09-17,5.640305864788559,5.664900002434623,5.615711336225724,5.64850378036499,10159879.0
2020-09-18,5.656701916571286,5.68129605347698,5.615711167172787,5.6239094734191895,8782911.0
2020-09-21,5.6075129162678,5.623909136862635,5.492738981187222,5.517333507537842,11645846.0
2020-09-22,5.509135457691112,5.558324512677269,5.4845413211147855,5.541928291320801,8940639.0
2020-09-23,5.574720602658105,5.599314738654837,5.550126075744629,5.550126075744629,13572036.0
2020-09-24,5.541927893328674,5.681295569391625,5.5091350620539945,5.6648993492126465,28359270.0
2020-09-25,5.746881085859045,5.86985254698198,5.746881085859045,5.828862190246582,60382935.0
2020-09-28,5.837060510616289,5.8780512611152735,5.705890734486367,5.746881484985352,25195865.0
2020-09-29,5.730484616386378,5.796069892442016,5.673098037348228,5.722286701202393,17408529.0
2020-09-30,5.755079169051915,5.878051024685877,5.755079169051915,5.853456497192383,23792274.0
2020-10-01,5.902644634246826,5.927239159544405,5.812465620294712,5.902644634246826,20967851.0
2020-10-02,5.878050848768589,5.927239511366713,5.853456322011156,5.869852542877197,11750821.0
2020-10-05,5.886248408808899,6.0010223388671875,5.886248408808899,6.0010223388671875,15084191.0
2020-10-06,6.017418558744555,6.099399658131391,5.9928240334701455,6.0010223388671875,23850212.0
2020-10-07,5.960031509399414,5.9846260343258875,5.91084285046318,5.960031509399414,15037996.0
2020-10-08,5.96003195726664,5.976428178144148,5.812465969369074,5.828862190246582,19241675.0
2020-10-09,5.837060261677176,5.951834201812744,5.820664040360202,5.951834201812744,13950650.0
2020-10-12,5.968230148586497,6.115796133651111,5.951833928023762,6.107597827911377,24482950.0
2020-10-13,6.132192309615853,6.214173411833298,6.066607427841896,6.115796089172363,21163167.0
2020-10-14,6.132192050222573,6.1567865753058175,6.025616426389705,6.091201305389404,21005652.0
2020-10-15,6.058409214019775,6.123994096788134,5.984626416363741,6.058409214019775,10939121.0
2020-10-16,6.115796645183576,6.164985310985979,6.066607979381173,6.156787395477295,15273911.0
2020-10-19,6.197777096762414,6.263361977535023,6.197777096762414,6.214173316955566,22707625.0
2020-10-20,6.19777733792999,6.410928599651824,6.156786981310457,6.378136157989502,34013090.0
2020-10-21,6.410928551173927,6.501107569605031,6.35354158324044,6.4273247718811035,33672410.0
2020-10-22,6.39453240647537,6.419126542370105,6.123994175216094,6.140390396118164,30309320.0
2020-10-23,6.123994274169996,6.181381243712895,5.960032062499925,6.042013168334961,17285641.0
2020-10-26,5.951834530639425,5.960032446292454,5.582918944250557,5.599315166473389,24133735.0
2020-10-27,5.582918649253595,5.632107313323,5.459946793621707,5.541928291320801,28054500.0
2020-10-28,5.517333475545951,5.525531390337466,5.377965405839604,5.386163711547852,9474513.0
2020-10-30,5.263191744244995,5.345172844904304,5.181210643585687,5.254993438720703,19598242.0
2020-11-02,5.271390115704008,5.451748943702228,5.271390115704008,5.394361972808838,31940117.0
2020-11-03,5.418956149391725,5.468144810862368,5.271389774063064,5.427154064178467,28704989.0
2020-11-04,5.476343103930452,5.566522518314188,5.43535274533185,5.525531768798828,29976846.0
2020-11-05,5.58291794964896,5.681295265459946,5.550125511045298,5.607512474060059,34517009.0
2020-11-06,5.607513302978723,5.632107440108694,5.4927393599829895,5.574720859527588,18715886.0
2020-11-09,5.67309760204009,5.86165432780443,5.67309760204009,5.812465667724609,54019433.0
2020-11-10,5.730483920951068,5.820663322531496,5.730483920951068,5.78787088394165,22709299.0
2020-11-11,5.837060426578282,6.255164668347983,5.837060426578282,6.246966361999512,88400010.0
2020-11-12,6.287956776302716,6.558494616694693,6.107597955430236,6.509305953979492,95609796.0
2020-11-13,6.501107040009096,6.624078880753706,6.484710820637595,6.574890613555908,52423108.0
2020-11-16,6.632277640770524,6.640475946476905,6.378136027623681,6.38633394241333,38854952.0
2020-11-17,6.3371453067063985,6.386333968394603,6.083003692525641,6.107597827911377,36071973.0
2020-11-18,6.148589089051844,6.287957170950369,6.091202116823991,6.156787395477295,40603699.0
2020-11-19,6.14039101389565,6.509306607683511,6.123994791343975,6.492910385131836,52710204.0
2020-11-20,6.48471128448076,6.738853289292539,6.460117149122674,6.656871795654297,55514628.0
2020-11-23,6.7060609148198465,6.79623993325095,6.3781361097595735,6.4273247718811035,40011693.0
2020-11-24,6.451918695212953,6.533899796051628,6.312550628328844,6.353541374206543,27134594.0
2020-11-25,6.4027305605411176,6.484711668112583,6.328947368268421,6.345343589782715,22223526.0
2020-11-26,6.3781361097595735,6.4765134340026345,6.361739889052396,6.4273247718811035,19398005.0
2020-11-27,6.4765132688074,6.501107403782479,6.263362014134175,6.304352760314941,24750940.0
2020-11-30,6.287957191467285,6.369938301405452,6.189579859541485,6.287957191467285,26099407.0
2020-12-01,6.320749452969653,6.3699381175125325,6.181381374639785,6.345343589782715,27112531.0
2020-12-02,6.369937641470787,6.4601170485184385,6.271560319737018,6.304352760314941,23635920.0
2020-12-03,6.296154674229762,6.312550895090384,6.189579434094093,6.279758453369141,22937838.0
2020-12-04,6.287956402681471,6.468314821920573,6.279758097257698,6.451918601989746,43870495.0
2020-12-07,6.419125993127278,6.435522212626432,6.287956237134057,6.328946590423584,22646991.0
2020-12-08,6.320749335465172,6.607683793006242,6.320749335465172,6.5830888748168945,62564695.0
2020-12-09,6.615880754586785,6.632277365318563,6.45191855643616,6.501107215881348,25594139.0
2020-12-10,6.492909525966727,6.517503661081465,6.36173976291018,6.394532203674316,22318273.0
2020-12-11,6.369937457360848,6.509305521247237,6.287956358285536,6.501107215881348,24580318.0
2020-12-14,6.525701862469451,6.681465758152089,6.517503556951037,6.632277488708496,38979247.0
2020-12-15,6.673267973148281,6.689663801709618,6.550295740687884,6.648673057556152,22111270.0
2020-12-16,6.681465841964067,6.706060758827826,6.558494384979091,6.6732683181762695,26599319.0
2020-12-17,6.68146561591747,6.894616863858011,6.68146561591747,6.878221035003662,39917655.0
2020-12-18,6.837230726979777,7.050381988539533,6.80443828534239,6.8290324211120605,45366468.0
2020-12-21,6.7388529777526855,6.788041246194864,6.591286608759287,6.7388529777526855,28145311.0
2020-12-22,6.771645155252389,6.861824165128607,6.755248545183949,6.812635898590088,16769019.0
2020-12-23,6.820833595050949,6.927409217702798,6.79623946115696,6.837230205535889,15087568.0
2020-12-24,6.82083393785835,7.0257868882202805,6.763447361943716,6.88641881942749,35225198.0
2020-12-25,6.919211522706014,6.943806440602594,6.837230808551218,6.870023250579834,9195376.0
2020-12-28,6.894617207717658,7.02578697242808,6.845428936867985,6.927409648895264,28841062.0
2020-12-29,6.943806379716003,7.025787093151955,6.87002319034021,7.017589569091797,29924945.0
2020-12-30,7.0421840459450324,7.107768932603023,6.9765991592870416,7.066778182983398,30608598.0
2020-12-31,7.058578836583326,7.1159661903279545,7.001192264672102,7.083173751831055,13565198.0
2021-01-04,7.0585793384546465,7.337315476413389,7.033985203291658,7.296324729919434,31664415.0
2021-01-05,7.238938512119594,7.345514145543987,7.042183857413098,7.181551933288574,21410310.0
2021-01-06,7.206146159801533,7.271731045524021,7.132362967905357,7.165155410766602,17600918.0
2021-01-07,7.222542681810802,7.279929260641822,7.140561184766346,7.181551933288574,14401384.0
2021-01-08,7.197947584103951,7.329117350637334,7.197947584103951,7.238938331604004,25168253.0
2021-01-11,7.279929003335225,7.320919750408648,7.033985302728151,7.115966796875,22661020.0
2021-01-12,7.132362626604286,7.173353373677711,7.074976049801576,7.115966796875,18282977.0
2021-01-13,7.165155276489412,7.222542636796264,7.0339855075025985,7.1897501945495605,21664570.0
2021-01-14,7.222542517115582,7.271730788753819,7.083174444418109,7.099570274353027,22395749.0
2021-01-15,7.058579323151325,7.074975934446742,6.81263640838773,6.943806171417236,23362867.0
2021-01-18,6.853626665936764,7.017589658566161,6.79624008761657,7.001193046569824,22391911.0
2021-01-19,7.042183092122796,7.214343591740275,7.01758895841556,7.206145286560059,30559549.0
2021-01-20,7.230740041166301,7.247136652934701,7.05038200271479,7.099570274353027,16537279.0
2021-01-21,7.124163803034646,7.189749462685405,6.968399913676808,6.984796524047852,20217418.0
2021-01-22,6.952004137039665,6.976599055545828,6.788041922832788,6.894617557525635,19884944.0
2021-01-25,6.943806003307081,6.968400137821322,6.837230377967448,6.8618245124816895,17775887.0
2021-01-26,6.837230290117645,6.935607608744027,6.747050495001724,6.878221035003662,21950063.0
2021-01-27,6.935607615188263,7.042183239257558,6.7388529777526855,6.7388529777526855,38416877.0
2021-01-28,6.722456850471908,6.7306551564129675,6.501107671980965,6.681466102600098,44980491.0
2021-01-29,6.558494488698084,6.656871812208539,6.476513385772705,6.476513385772705,24221150.0
2021-02-01,6.525702300964428,6.59948549192113,6.492909858520728,6.542098522186279,21619074.0
2021-02-02,6.583088481415014,6.689664108366123,6.574890957675276,6.62407922744751,28973068.0
2021-02-03,6.66507059033597,6.845429420471191,6.656872284004024,6.845429420471191,31490677.0
2021-02-04,6.935607816368053,7.066777578463253,6.8454288003859665,7.033985137939453,65123499.0
2021-02-05,7.058578883033348,7.124163760458739,6.935607433319092,6.935607433319092,23798028.0
2021-02-08,7.058579323151325,7.074975934446742,6.886418813716734,6.943806171417236,20753502.0
2021-02-09,6.927409476763186,6.9765985282240806,6.886418730851349,6.902815341949463,12550187.0
2021-02-10,6.96020195130254,7.066777578463253,6.96020195130254,7.033985137939453,24620106.0
2021-02-11,7.0093913525679925,7.033985488729005,6.952003992414307,7.001193046569824,14819697.0
2021-02-12,6.960201566895261,6.992994005607956,6.9110132997429226,6.935607433319092,11604921.0
2021-02-15,6.968400604410643,7.0093913525679925,6.9438064682496305,7.001193046569824,11542304.0
2021-02-16,7.02578697242808,7.107768466288828,6.853626460787285,6.927409648895264,25441507.0
2021-02-17,6.919211126873525,6.984796789012239,6.7798438425999095,6.911013603210449,17014546.0
2021-02-18,6.894616952445158,7.001192577784791,6.8618245124816895,6.8618245124816895,12070370.0
2021-02-19,6.861824684297428,6.927409565866569,6.845428854821872,6.88641881942749,11518172.0
2021-02-22,6.902814908466306,6.976598090107485,6.747050240149729,6.812635898590088,14332242.0
2021-02-23,6.820834231450366,6.845429149472538,6.558494693881811,6.591287136077881,15740205.0
2021-02-24,6.51750361328578,6.673268292148233,6.42732459730409,6.443720817565918,23071622.0
2021-02-25,6.542098395789626,6.591287058504827,6.3617399658338885,6.509305953979492,12148774.0
2021-02-26,6.353541465927842,6.451918788354452,6.296154499053955,6.296154499053955,15968043.0
2021-03-01,6.345343183634604,6.533899914438349,6.345343183634604,6.525701999664307,13326723.0
2021-03-02,6.517503918230965,6.550296360288934,6.435522813086042,6.460117340087891,10243670.0
2021-03-03,6.492910078034593,6.640476464936955,6.451919328135768,6.5175042152404785,16955445.0
2021-03-04,6.451918729685852,6.509305696037908,6.41912628917517,6.484711170196533,14068428.0
2021-03-05,6.427324422171925,6.525701741062299,6.419126116806035,6.501107215881348,18470721.0
2021-03-08,6.501107919500636,6.550296584269546,6.4109288962160145,6.43552303314209,15941421.0
2021-03-09,6.4519189853533865,6.558494616694693,6.4191265435432525,6.509305953979492,25594435.0
2021-03-10,6.492910129667104,6.542098795386792,6.427325242040853,6.468315601348877,20651267.0
2021-03-11,6.501107768769481,6.65687206571794,6.4929098536231145,6.5830888748168945,30598722.0
2021-03-12,6.566693323705019,6.566693323705019,6.443721463947416,6.468315601348877,15387809.0
2021-03-15,6.4519190341150265,6.52570222420383,6.427324898029921,6.460117340087891,15484606.0
2021-03-16,6.46831490353728,6.566692615280286,6.460116988926785,6.533899784088135,19537965.0
2021-03-17,6.525701916293248,6.673268289508042,6.484711170196533,6.484711170196533,29068356.0
2021-03-18,6.517503693973533,6.607683492905116,6.509305779199491,6.525701999664307,17710317.0
2021-03-19,6.451919411343619,6.468315633331252,6.2469664410398185,6.287957191467285,26861094.0
2021-03-22,5.755078755655387,5.8862485170872105,5.6648993492126465,5.6648993492126465,12108166.0
2021-03-23,5.2467956722647,5.623909136862635,5.099229295994451,5.517333507537842,29410444.0
2021-03-24,5.632106991336112,5.779673366024727,5.550125889240621,5.70589017868042,18181092.0
2021-03-25,5.705889919868898,5.869852116622775,5.656701260842735,5.681295394897461,18418555.0
2021-03-26,5.705890370418662,5.7796735602423475,5.46814497089428,5.550126075744629,16645530.0
2021-03-29,5.5337298102898504,5.607512999520406,5.500937368613324,5.558324337005615,8471435.0
2021-03-30,5.525531247726003,5.558324078795892,5.353371132380238,5.533729553222656,19582684.0
2021-03-31,5.558324337005615,5.673097882873458,5.509135283574086,5.558324337005615,24683168.0
2021-04-01,5.624279466017567,5.7253147342037485,5.565342661175572,5.708475589752197,22380807.0
2021-04-02,5.7589934086291725,5.79267169978679,5.7000561983648925,5.750573635101318,14862959.0
2021-04-05,5.71689463906341,5.83476864358147,5.71689463906341,5.7842512130737305,17121027.0
2021-04-06,5.767412419910309,5.801090708961244,5.691636470284144,5.733734130859375,15492932.0
2021-04-07,5.708475971892746,5.767412780680127,5.6411189881006125,5.750573635101318,18378282.0
2021-04-08,5.767412780680127,5.851608508574171,5.73373448952251,5.750573635101318,22094982.0
2021-04-09,5.742154254581981,5.758993400135956,5.582182171080771,5.615860462188721,10189437.0
2021-04-12,5.556922791999153,5.624279368639152,5.396950721740723,5.396950721740723,17614406.0
2021-04-13,5.422209881668643,5.464307543216452,5.312755238985948,5.430629253387451,12795904.0
2021-04-14,5.464307630558365,5.5737622749905915,5.464307630558365,5.565342903137207,11030233.0
2021-04-15,5.5569233868285615,5.599021452473294,5.447468737333783,5.489566802978516,19481145.0
2021-04-16,5.464307630558365,5.59060142017425,5.455888258704981,5.565342903137207,15679360.0
2021-04-19,5.548503662232749,5.599021096912216,5.354853295223015,5.363272666931152,15206720.0
2021-04-20,5.346433263775516,5.472727045111934,5.329594119695785,5.371692180633545,18194516.0
2021-04-21,5.33801388765886,5.3885313198524845,5.1359437574074995,5.194880962371826,20376917.0
2021-04-22,5.068587295343109,5.211720223854886,5.068587295343109,5.178041934967041,19541402.0
2021-04-26,5.161202799064393,5.2959159548387085,5.161202799064393,5.24539852142334,19443571.0
2021-04-27,5.295915742567612,5.4222095217823565,5.295915742567612,5.413789749145508,22043467.0
2021-04-28,5.396950593973258,5.413789737734608,5.304335504024263,5.346433162689209,11473897.0
2021-04-29,5.35485315322876,5.35485315322876,5.35485315322876,5.35485315322876,500.0
2021-04-30,5.346433522037996,5.422209874795639,5.346433522037996,5.363272666931152,13270397.0
2021-05-03,5.3801119225130485,5.531664631146331,5.371692550631694,5.523244857788086,32903555.0
2021-05-04,5.531664280311847,5.615860001169901,5.472727074972776,5.573761940002441,29652135.0
2021-05-05,5.590601543119309,5.68321704440462,5.582182171080771,5.615860462188721,21324386.0
2021-05-06,5.700055951547266,5.716895096396924,5.615860227298974,5.649538516998291,27399995.0
2021-05-07,5.657958125335209,5.674797270889183,5.55692325201136,5.615860462188721,19006311.0
2021-05-10,5.63269889554193,5.809510102241032,5.63269889554193,5.758992671966553,25981427.0
2021-05-11,5.700055976227765,5.77583232911777,5.657957913182899,5.674797058105469,24767443.0
2021-05-12,5.641118726477001,5.691636562347412,5.63269935481652,5.691636562347412,7280844.0
2021-05-17,5.708475731757808,5.767412538065931,5.674797040540032,5.71689510345459,16511627.0
2021-05-18,5.742154114906324,5.935804484805013,5.733734341595695,5.9189653396606445,30529726.0
2021-05-20,5.8768668062104386,5.918964866444099,5.77583194342188,5.809510231018066,17193807.0
2021-05-21,5.851608608708544,5.851608608708544,5.7589935071786895,5.775832653045654,16475073.0
2021-05-24,5.792671581095212,5.817930098207429,5.72531500016011,5.7674126625061035,9996994.0
2021-05-25,5.784251547174143,5.826349609100617,5.565342668996347,5.599020957946777,25864473.0
2021-05-26,5.641118848941582,5.742154121398926,5.582182041608095,5.742154121398926,16402668.0
2021-05-27,5.733734105691088,5.758993023106852,5.666377527884882,5.708475589752197,13664203.0
2021-05-28,5.683216451793941,5.826349374816159,5.649538164197755,5.809510231018066,16704490.0
2021-05-31,5.809510713524875,5.910545584704848,5.809510713524875,5.876867294311523,16674328.0
2021-06-01,5.876866959796109,5.927384392510607,5.843188671319776,5.885286331176758,13267505.0
2021-06-02,5.8431886459046565,5.961062655059123,5.817929728918838,5.86002779006958,18305059.0
2021-06-03,5.868447186938592,5.918965021129957,5.7842514657477615,5.885286331176758,16043102.0
2021-06-04,5.885286555474468,6.036839260870746,5.8768671837729425,5.961062908172607,23317274.0
2021-06-07,5.969482227978763,6.095775604248047,5.969482227978763,6.095775604248047,12821708.0
2021-06-08,6.078936929326833,6.0957760742261415,6.020000122917693,6.028419494628906,8996757.0
2021-06-09,6.036839133806314,6.112615484909499,6.028419360805127,6.0873565673828125,13696426.0
2021-06-10,6.078936777816224,6.137873984233304,6.062097633336612,6.129454612731934,10376117.0
2021-06-11,6.146293656032052,6.16313280023446,6.0620975335431435,6.104195594787598,9226482.0
2021-06-14,6.11261560986816,6.137874126434326,6.045258628912325,6.137874126434326,10561482.0
2021-06-15,6.078936785945536,6.137873992441431,5.986321691922252,6.019999980926514,13228905.0
2021-06-16,6.020000454615913,6.078937264272434,5.952643871307373,5.952643871307373,9957992.0
2021-06-17,5.91896513039427,6.028419369224444,5.91896513039427,5.977901935577393,12163013.0
2021-06-18,5.977901799224046,6.011580087553893,5.809510357574808,5.86002779006958,13287942.0
2021-06-21,5.868446813628077,5.918964644605843,5.8179293841271535,5.9105448722839355,9351453.0
2021-06-22,5.927384260068753,5.977901691654487,5.868447055813634,5.944223403930664,11236911.0
2021-06-23,5.969482572689321,6.011580233384414,5.868447303771973,5.868447303771973,12850252.0
2021-06-24,5.87686739329698,5.935804603216435,5.87686739329698,5.902126312255859,6610510.0
2021-06-25,5.927384611436537,5.935804384605035,5.851608258827582,5.893706321716309,6808404.0
2021-06-28,5.902125851220322,5.902125851220322,5.775832069244961,5.86002779006958,12202876.0
2021-06-29,5.826349847215971,5.851608364222639,5.691636685908699,5.742154121398926,14940837.0
2021-06-30,5.750573524916341,5.758993298282866,5.565342927098592,5.590601444244385,24550692.0
2021-07-01,5.6151175017691175,5.6843334748170395,5.563205831401138,5.5891618728637695,15112989.0
2021-07-02,5.589161813876832,5.649725634945604,5.563205772688136,5.580509662628174,15858050.0
2021-07-05,5.58916171993562,5.6929850578308105,5.58916171993562,5.6929850578308105,11452301.0
2021-07-06,5.684333431717522,5.770852881674816,5.658377390451693,5.7189412117004395,18847585.0
2021-07-07,5.70163737502792,5.753549045487749,5.70163737502792,5.736245155334473,6377858.0
2021-07-08,5.6929850578308105,5.736244988232443,5.64972553998645,5.6929850578308105,13236760.0
2021-07-09,5.684333853627753,5.736245527455187,5.632422179800319,5.7016377449035645,7752206.0
2021-07-12,5.684333304757172,5.727592822490972,5.537250036836256,5.545901775360107,10848809.0
2021-07-13,5.554553872158511,5.606465540466119,5.511293942290205,5.528597831726074,7502439.0
2021-07-14,5.545901888016384,5.606465709142688,5.528597998059908,5.571857929229736,8041862.0
2021-07-16,5.589162079640606,5.623769861166276,5.493990474166364,5.511294364929199,10600038.0
2021-07-19,5.4593825340271,5.485338575695891,5.416123014655497,5.4593825340271,4010524.0
2021-07-26,5.476686321859611,5.485338473106486,5.3815147209303715,5.416122913360596,15312162.0
2021-07-27,5.398818658888455,5.450730741716902,5.381514768798067,5.442078590393066,8969782.0
2021-07-28,5.424774388080152,5.528597722646936,5.424774388080152,5.493989944458008,15825498.0
2021-07-29,5.52859799280806,5.597813552568212,5.52859799280806,5.580509662628174,14728289.0
2021-07-30,5.554554250690393,5.641073703765869,5.554554250690393,5.641073703765869,9996545.0
2021-08-02,5.658377385197315,5.762200725049658,5.6497256464882595,5.727592945098877,13735316.0
2021-08-03,5.710288947480009,5.718941098583244,5.64972553998645,5.6929850578308105,8096647.0
2021-08-04,5.701637208934046,5.744896726778406,5.64972553998645,5.6929850578308105,12499223.0
2021-08-05,5.641073500460235,5.753548991683357,5.641073500460235,5.7189412117004395,14949038.0
2021-08-06,5.727593051771615,5.788156874092083,5.692985271176286,5.762200832366943,26954287.0
2021-08-09,5.779504466561622,5.866024326773339,5.779504466561622,5.8227643966674805,18555125.0
2021-08-10,5.840068558973673,5.935240162117433,5.8054607782954495,5.900632381439209,25980085.0
2021-08-11,5.900632312523308,5.935240092797334,5.701637369669021,5.74489688873291,22850785.0
2021-08-12,5.770852887515743,5.9006322688616795,5.770852887515743,5.87467622756958,18619782.0
2021-08-13,5.900632067250932,5.978499363352126,5.84006824801021,5.95254373550415,20332203.0
2021-08-16,5.969847945572545,6.116931219802058,5.969847945572545,6.05636739730835,26399727.0
2021-08-17,6.065019234028897,6.1428865302717135,6.047714932022418,6.108278751373291,21423715.0
2021-08-18,6.125582855740453,6.212102306022071,6.065019446821962,6.177494525909424,24238405.0
2021-08-19,6.12558290871953,6.20345062092509,6.056367347895603,6.194798469543457,15803380.0
2021-08-20,6.19479816057398,6.255361979552901,6.116930864809386,6.238058090209961,19214319.0
2021-08-23,6.264013992123401,6.359185593953887,6.246710102023065,6.3159260749816895,15865286.0
2021-08-24,6.333229811544557,6.454357039310399,6.333229811544557,6.4197492599487305,15347481.0
2021-08-25,6.411096945870498,6.463008613593495,6.3245774996655015,6.367837429046631,13061029.0
2021-08-26,6.341881810775075,6.437053414210117,6.307274029990932,6.350533962249756,13237288.0
2021-08-27,6.341881437954619,6.428400884828756,6.31592581017101,6.393793106079102,14493193.0
2021-08-31,6.419749200752407,6.463008718276963,6.3937931601918585,6.411097049713135,19985264.0
2021-09-01,6.419749036868053,6.428400775129194,6.333229591470356,6.359185218811035,10359339.0
2021-09-02,6.359185493087711,6.497617024251946,6.359185493087711,6.437053203582764,16262146.0
2021-09-03,6.437052925947593,6.4457046642087334,6.341881329731496,6.359185218811035,8336358.0
2021-09-06,6.367837429046631,6.402445207528629,6.341881388906501,6.367837429046631,5658549.0
2021-09-07,6.359185795949086,6.385141838202706,6.238058561399214,6.246710300445557,10059086.0
2021-09-08,6.246710300445557,6.281318494302816,6.1688429987992865,6.246710300445557,11768481.0
2021-09-09,6.177494489117522,6.298622131347656,6.177494489117522,6.298622131347656,10171884.0
2021-09-10,6.298622223336633,6.307273962160981,6.186146730719108,6.194798469543457,8454519.0
2021-09-13,6.160190274063115,6.246709719263417,6.151538535821714,6.2034502029418945,13050181.0
2021-09-14,6.2034506876385,6.3851417430339,6.1774946457717475,6.350533962249756,18316833.0
2021-09-15,6.307273647581718,6.350533577217699,6.1774942712310414,6.238058090209961,11646873.0
2021-09-16,6.212102311410679,6.281318284253294,6.108278970982678,6.168842792510986,8215260.0
2021-09-17,6.151538643495265,6.255361979552901,6.151538643495265,6.238058090209961,10127143.0
2021-09-20,6.177494423387149,6.194798313156295,6.065019346166333,6.13423490524292,8994066.0
2021-09-21,6.151538681274952,6.186146460173375,6.082323123478108,6.108278751373291,7350202.0
2021-09-22,6.1342349129929845,6.2899699211120605,6.108278872027834,6.2899699211120605,7892119.0
2021-09-23,6.255361835252973,6.367837319666104,6.220754057365434,6.3332295417785645,15185992.0
2021-09-24,6.30727375676298,6.350533687147806,6.229406047093201,6.272665977478027,13889015.0
2021-09-27,6.281317982841635,6.38514131828763,6.255361942701505,6.367837429046631,11593523.0
2021-09-28,6.35053374693516,6.385141526545929,6.2640138853509635,6.281318187713623,9750577.0
2021-09-29,6.324577586697978,6.341881476177096,6.246709877763314,6.264013767242432,7055703.0
2021-09-30,6.255362252959033,6.636048247699789,6.160190651134524,6.480312824249268,65043946.0
2021-10-01,6.469975687750304,6.673824248395035,6.390208731048505,6.549742221832275,29717412.0
2021-10-04,6.549742281669698,6.797905914442574,6.523153577606074,6.656098365783691,31169969.0
2021-10-05,6.700413018082318,6.789042736055663,6.638372004191061,6.744728088378906,21832642.0
2021-10-06,6.691550194048189,6.744728024327189,6.585194110870361,6.585194110870361,11645156.0
2021-10-07,6.6472349066504055,6.664960849496681,6.5231533067264795,6.540879249572754,14443760.0
2021-10-08,6.5142903327941895,6.602920049866389,6.47883844596531,6.5142903327941895,12074089.0
2021-10-11,6.5231535147022,6.585194105332277,6.4965643882751465,6.4965643882751465,8798954.0
2021-10-12,6.4611122887727035,6.505427357152469,6.416797220392938,6.469975471496582,13867461.0
2021-10-13,6.4699756866621145,6.629509177419052,6.4522497432446775,6.532016277313232,20468650.0
2021-10-14,6.496564390478357,6.611783234001615,6.496564390478357,6.532016277313232,9384039.0
2021-10-15,6.5320160634805005,6.558605189046146,6.354756635108907,6.505427360534668,17896399.0
2021-10-18,6.461112498120302,6.487701624533643,6.407934667913448,6.443386554718018,8738302.0
2021-10-19,6.469975685568003,6.585194106451949,6.469975685568003,6.5142903327941895,8711925.0
2021-10-20,6.496564384924872,6.523153511338212,6.434523794326789,6.443386554718018,10072192.0
2021-10-21,6.443386565586602,6.620645999908447,6.381345552264041,6.620645999908447,16510120.0
2021-10-22,6.594057088067894,6.682686802433091,6.514290133829309,6.647234916687012,15874357.0
2021-10-25,6.585194169758662,6.691550253887582,6.576331409276153,6.673824310302734,12886789.0
2021-10-26,6.673824040649472,6.735864629379799,6.594057086430692,6.629508972167969,18851504.0
2021-10-27,6.611783032573803,6.75359057559314,6.611783032573803,6.664960861206055,18983146.0
2021-10-28,6.664961127200394,6.700413014370091,6.656098366717886,6.673824310302734,3930901.0
2021-11-01,6.691550256675397,6.806768678714997,6.673824313083164,6.727002143859863,18778800.0
2021-11-02,6.753590591796753,6.895398557776138,6.744727831646688,6.842220306396484,20253770.0
2021-11-03,6.939713491898415,7.223328590393066,6.718138984889552,7.223328590393066,47539865.0
2021-11-04,7.294232157842622,7.38286229622472,7.179014161281393,7.30309534072876,23602202.0
2021-11-05,7.320821506734268,7.533532818759378,7.294231958801416,7.418313980102539,24840970.0
2021-11-08,7.3917252918818654,7.631025307068744,7.3917252918818654,7.560121536254883,21050674.0
2021-11-09,7.577847960964409,7.746244206657117,7.524669709817454,7.61329984664917,20056242.0
2021-11-10,7.604436670555104,7.7373810306790824,7.568984784839401,7.684203624725342,19788569.0
2021-11-11,7.6487519556899395,7.8614632760100225,7.6487519556899395,7.781696319580078,18150174.0
2021-11-12,7.799422530382227,7.861463119597976,7.763970644367565,7.808285713195801,10303726.0
2021-11-15,7.861463076352657,8.171667711204258,7.852599893587839,7.932366847991943,26381961.0
2021-11-16,7.941230027520258,7.994408278847865,7.755107415733079,7.896914958953857,15924643.0
2021-11-17,7.87918951160508,8.145078234985434,7.826011259785227,8.127352714538574,17184131.0
2021-11-18,8.109626771078464,8.224845618320632,7.98554558577127,8.145078659057617,23865610.0
2021-11-19,8.215982843565758,8.24257154682698,7.985545161329476,8.020997047424316,17164344.0
2021-11-22,8.038722561899803,8.16280458575969,7.89691501762544,7.9500932693481445,15523824.0
2021-11-23,7.941230020959283,8.074174381309017,7.73738104381811,7.8260111808776855,41194429.0
2021-11-24,7.861463403180873,8.224845459249172,7.861463403180873,8.136216163635254,43911286.0
2021-11-25,8.207119948511975,8.51732375140911,8.207119948511975,8.34892749786377,28390163.0
2021-11-26,8.215982852491784,8.357790397025209,8.047585759428614,8.127352714538574,24525110.0
2021-11-29,8.215982730951724,8.535049701431934,8.189393182815321,8.508460998535156,19546779.0
2021-11-30,8.508460758477035,8.960472075927688,8.490734393552898,8.712308883666992,34713465.0
2021-12-01,8.774350167931997,8.978199154566363,8.685720871984607,8.809802055358887,27381922.0
2021-12-02,8.82752827905539,9.146595260741853,8.82752827905539,9.049102783203125,28525451.0
2021-12-03,9.102280904533462,9.642922382552863,9.102280904533462,9.394759178161621,35526906.0
2021-12-06,9.536566868200918,9.634059345809417,8.96047264986073,9.155458450317383,40268637.0
2021-12-07,9.164321908177973,9.545430337490652,9.137733203530946,9.44793701171875,36975387.0
2021-12-08,9.572018887628484,9.793593395003034,9.279540605513251,9.545430183410645,42078545.0
2021-12-09,9.811318917776227,9.882222692529252,9.554292522986596,9.58088207244873,36507982.0
2021-12-10,9.58088222654,9.589744564596913,9.244088868426584,9.483388900756836,33675505.0
2021-12-13,9.5542922627809,9.793593129984886,9.5542922627809,9.642922401428223,25762003.0
2021-12-14,9.704963001760238,9.864496913400894,9.62519604593991,9.784729957580566,34575193.0
2021-12-15,9.85563385926895,9.891085746181297,9.297266006469727,9.297266006469727,44719745.0
2021-12-16,9.403621136180755,9.767004013061523,9.350443731435009,9.767004013061523,45613151.0
2021-12-17,9.855633527665388,10.20129004736053,8.792076110839844,8.792076110839844,92683970.0
2021-12-20,9.102280674254326,9.669510841369629,8.81866474545705,9.669510841369629,67441195.0
2021-12-21,10.103797208688562,10.573535773383556,8.703446388244629,8.703446388244629,75703789.0
2021-12-22,8.641405368577944,9.004787407813136,8.215982740762973,8.614816665649414,41393451.0
2021-12-23,8.845254064082006,9.323855818767651,8.730036062294365,9.199773788452148,78313432.0
2021-12-24,9.261814121666967,9.377032965468254,9.013650913224007,9.332717895507812,29190906.0
2021-12-27,9.341581065533157,9.43907354311858,9.00478771763853,9.120006561279297,35918937.0
2021-12-28,9.102281015609583,9.261814083473787,8.650268825308423,8.730035781860352,27582396.0
2021-12-29,8.712308905372451,8.925020213554417,8.58822688631317,8.889568328857422,23704824.0
2021-12-30,8.960472781570836,8.978199147890935,8.659132161286161,8.667994499206543,14378523.0
2021-12-31,8.6414050920266,8.774349447654245,8.481871189081744,8.535049438476562,14720778.0
2022-01-03,8.605953499502402,8.951610019197545,8.543912910803131,8.792076110839844,21174279.0
2022-01-04,8.836391720524347,9.120006823651893,8.800939832633404,9.022514343261719,25375454.0
2022-01-05,9.066828587565764,9.660648344871952,8.987062473579288,9.62519645690918,37446851.0
2022-01-06,9.483388746582797,9.953126465549737,9.403621788689613,9.545430183410645,29931524.0
2022-01-07,9.616333844708286,9.687237618612524,9.270677312995389,9.474525451660156,18785559.0
2022-01-10,9.572018633783689,9.944263863920362,9.385896018715352,9.713826179504395,33114667.0
2022-01-11,9.837907916320207,9.87335980171143,9.421347629043614,9.527703285217285,31645702.0
2022-01-12,9.837908472300612,9.86449717653676,9.54543018998397,9.687237739562988,37290525.0
2022-01-13,9.660647644124468,9.76700414553776,9.518840102559574,9.527703285217285,27501050.0
2022-01-14,9.53656646051975,9.563155163232755,9.350443851049471,9.456799507141113,21709487.0
2022-01-17,9.50111526952066,9.722689780548029,9.483388902923425,9.554292678833008,23111042.0
2022-01-18,9.55429237281257,9.55429237281257,8.8718433402315,8.907295227050781,34252317.0
2022-01-19,8.907294967216231,9.049102510356688,8.659131766720428,8.969335556030273,44792887.0
2022-01-20,9.004787858826614,9.1377330706072,8.650268984557718,8.809802055358887,42160807.0
2022-01-21,8.809802055358887,8.907295379712584,8.623679435057799,8.809802055358887,26884679.0
2022-01-24,8.818664938167775,8.854116824387196,8.295748982501566,8.375515937805176,28225523.0
2022-01-25,8.384378853873963,8.490734509147929,8.180529880669152,8.366652488708496,19539259.0
2022-01-26,8.446419300071947,8.632541904995403,8.419830598008481,8.499597549438477,13889825.0
2022-01-27,8.313474970509544,8.72117206612906,8.295748605585407,8.712308883666992,33603408.0
2022-01-28,8.694583770528917,8.75662436018512,8.481871607691168,8.51732349395752,18365840.0
2022-01-31,8.605953899266646,8.64140578663299,8.464146349801272,8.490735054016113,18385054.0
2022-02-01,8.543913042587015,8.614816815119717,8.490734790567666,8.51732349395752,13622991.0
2022-02-02,8.561638821891462,8.588227526085007,8.322338793670225,8.34892749786377,10844117.0
2022-02-03,8.304612576499252,8.393242719055403,8.056449360677586,8.109626770019531,13408965.0
2022-02-04,8.18053038882238,8.189393571955671,8.02099731862146,8.136216163635254,13003385.0
2022-02-07,8.083037400286791,8.295748710632324,7.958955379965423,8.295748710632324,13214530.0
2022-02-08,8.295748702602701,8.304611885168423,8.12735246005205,8.224844932556152,12140570.0
2022-02-09,8.278023723187871,8.393242568346123,8.215983131656378,8.34892749786377,14815718.0
2022-02-10,8.348927518809324,8.907295379712584,8.348927518809324,8.809802055358887,43668375.0
2022-02-11,8.730035790771037,8.933883928621007,8.499598103883516,8.871843338012695,29301408.0
2022-02-14,8.818664796834181,9.075691179115632,8.473009123044424,8.614816665649414,49959344.0
2022-02-15,8.703446230583776,8.83639143988226,8.597090570288781,8.694583892822266,18548710.0
2022-02-16,8.72117230865902,8.730035491367566,8.455282744079977,8.47300910949707,29770696.0
2022-02-17,8.48187185161031,8.517323738896176,8.100764274597168,8.100764274597168,28542862.0
2022-02-18,8.153941681134658,8.19825675154228,7.994408611002754,8.065312385559082,27075169.0
2022-02-21,8.118489463134281,8.18053005203381,7.905778148130501,7.967818737030029,17265838.0
2022-02-22,7.799422960524997,8.269160687435482,7.737381522647992,8.074174880981445,58995846.0
2022-02-23,8.127353134476058,8.189393727105138,8.020997470580628,8.03872299194336,23444037.0
2022-02-24,7.3296846706492405,7.7373809283691175,7.241054534912109,7.241054534912109,25352517.0
2022-02-25,7.311958655253338,7.710792594673771,7.267643585264477,7.6930670738220215,21905619.0
2022-02-28,7.5069444020082425,7.790559495511385,7.5069444020082425,7.67534065246582,17414175.0
2022-03-01,7.790559493114841,7.8260113797918285,7.613300059729907,7.639888763427734,11201048.0
2022-03-02,7.577848045826011,8.074174450970848,7.515806611253179,7.9855451583862305,29731815.0
2022-03-03,8.118489418087421,8.605953479529362,8.09190071516939,8.579364776611328,32412375.0
2022-03-04,8.57050130920081,8.59709001123563,8.26029668624938,8.428693771362305,20791671.0
2022-03-07,8.34892682453438,9.040238994490846,8.34892682453438,8.46414566040039,39535421.0
2022-03-08,8.419830878514059,8.86297987212006,8.384378992835163,8.685720443725586,33082036.0
2022-03-09,8.774349496550096,9.022513534789365,8.659131505158527,8.925020217895508,49306624.0
2022-03-10,9.306128575251654,9.465662478446925,8.64140510559082,8.64140510559082,66411799.0
2022-03-11,9.084554656584949,9.120006543386426,8.783213196152566,8.83639144897461,76500013.0
2022-03-14,8.818665076176098,8.995924510047242,8.730035781860352,8.730035781860352,48606469.0
2022-03-15,8.747761445258316,8.747761445258316,8.402104909643976,8.419831275939941,31082475.0
2022-03-16,8.499598233792456,8.641405783201519,8.419831275939941,8.419831275939941,29046664.0
2022-03-17,8.481871453803025,8.605953476103833,8.410967682556745,8.543912887573242,41238905.0
2022-03-18,8.561638407764999,8.667994064634422,8.517323339426166,8.543912887573242,22737977.0
2022-03-21,8.60595320750992,8.6414050920266,8.490734371520814,8.535049438476562,32763793.0
2022-03-22,8.543913045355875,8.588227269273446,8.517323496717765,8.552775382995605,29131805.0
2022-03-23,8.561638434261681,8.916158136829889,8.535049731271943,8.82752799987793,87261434.0
2022-03-24,8.854116403797702,8.925020172868466,8.552774962627158,8.570501327514648,39297839.0
2022-03-25,8.60595390095403,8.632542605174082,8.51732375990096,8.5261869430542,22831236.0
2022-03-28,8.53504969449434,8.605953465654531,8.437557220458984,8.437557220458984,23238896.0
2022-03-29,8.47300953626165,8.641405790007626,8.464146353106685,8.561638832092285,33002349.0
2022-03-30,8.5705020265373,8.889569013379305,8.5705020265373,8.809802055358887,76103628.0
2022-03-31,8.969336095490156,9.34158134124233,8.756624767985967,9.235225677490234,128482743.0
2022-04-01,9.350444103516363,9.439073396699293,9.252950782203605,9.32385540008545,74950808.0
2022-04-04,9.394758947414783,9.775866504916666,9.350443879266297,9.7404146194458,60367703.0
2022-04-05,9.740414630031877,9.95312594308824,9.687237224387598,9.846770286560059,45101558.0
2022-04-06,9.846770128443017,10.050619100778391,9.758140838712531,9.837907791137695,42959060.0
2022-04-07,9.926537511171738,9.97085258057779,9.802456331122364,9.891085624694824,31468665.0
2022-04-08,9.944264142767976,9.970852847026272,9.758141522480566,9.864497184753418,24756695.0
2022-04-11,9.92653764906083,10.484905502758206,9.899948945143715,10.387413024902344,68278722.0
2022-04-12,10.414001461866262,10.493768416812514,10.219015665913156,10.378549575805664,46634456.0
2022-04-13,10.458316166434125,11.025546323644097,10.458316166434125,10.89260196685791,77261807.0
2022-04-14,10.910328862563167,10.998958156318304,10.803972357673567,10.874876976013184,28632182.0
2022-04-15,10.901465596138168,11.832078667498678,10.866013709859656,11.82321548461914,67049117.0
2022-04-18,11.832079082083522,11.991612153306898,11.486422544826816,11.628230094909668,61483061.0
2022-04-19,11.707996211171137,11.770036798560875,11.131902869078866,11.282572746276855,58234441.0
2022-04-20,11.362340377554228,11.388929926800802,11.02554702758789,11.02554702758789,62576032.0
2022-04-21,11.078724880524966,11.55732576155406,11.069861697763034,11.291436195373535,72167757.0
2022-04-22,11.238258756091346,11.44210688757596,10.87487671632164,10.936917304992676,47049784.0
2022-04-25,10.9546428730029,11.521873891970808,10.874876763752084,11.468695640563965,62973520.0
2022-04-26,11.495285704438249,11.645956437402148,11.007821618098555,11.096451759338379,66692977.0
2022-04-27,11.21166894740905,11.32688778457817,10.94578023343066,11.034409523010254,50146465.0
2022-04-28,11.0,11.0,10.300000190734863,10.300000190734863,67239485.0
2022-04-29,10.350000381469727,10.479999542236328,9.930000305175781,10.079999923706055,75645704.0
2022-05-05,10.170000076293945,10.289999961853027,10.039999961853027,10.079999923706055,95163409.0
2022-05-06,10.0600004196167,10.170000076293945,9.880000114440918,9.930000305175781,65761145.0
2022-05-09,9.960000038146973,10.029999732971191,9.670000076293945,9.739999771118164,54662032.0
2022-05-10,9.819999694824219,9.869999885559082,9.789999961853027,9.829999923706055,8544399.0
2022-05-11,9.75,9.760000228881836,9.270000457763672,9.399999618530273,63462806.0
2022-05-12,9.350000381469727,9.489999771118164,9.09000015258789,9.15999984741211,61013498.0
2022-05-13,9.279999732971191,9.380000114440918,9.180000305175781,9.270000457763672,33807601.0
2022-05-16,9.300000190734863,9.760000228881836,9.199999809265137,9.470000267028809,92516941.0
2022-05-17,9.25,9.25,9.25,9.25,9.0
2022-05-18,9.220000267028809,9.260000228881836,9.039999961853027,9.069999694824219,48896005.0
2022-05-20,9.100000381469727,9.220000267028809,8.960000038146973,8.989999771118164,38643862.0
2022-05-23,9.0600004196167,9.239999771118164,8.9399995803833,9.039999961853027,58890767.0
2022-05-24,9.09000015258789,9.210000038146973,8.989999771118164,9.029999732971191,46687676.0
2022-05-25,9.079999923706055,9.220000267028809,9.0600004196167,9.180000305175781,51126982.0
2022-05-26,9.210000038146973,9.329999923706055,9.180000305175781,9.3100004196167,40602137.0
2022-05-27,9.3100004196167,9.350000381469727,9.119999885559082,9.119999885559082,45111921.0
2022-05-30,9.199999809265137,9.399999618530273,9.1899995803833,9.359999656677246,53023893.0
2022-05-31,9.390000343322754,9.75,9.329999923706055,9.75,101613111.0
2022-06-01,9.729999542236328,10.170000076293945,9.680000305175781,9.850000381469727,79389469.0
2022-06-02,9.880000114440918,10.029999732971191,9.800000190734863,9.979999542236328,44890320.0
2022-06-03,10.039999961853027,10.079999923706055,9.8100004196167,9.859999656677246,37342327.0
2022-06-06,9.960000038146973,10.130000114440918,9.949999809265137,10.029999732971191,56284054.0
2022-06-07,10.050000190734863,10.069999694824219,9.800000190734863,9.869999885559082,42841369.0
2022-06-08,9.970000267028809,9.970000267028809,9.25,9.279999732971191,53725524.0
2022-06-09,9.399999618530273,9.399999618530273,9.039999961853027,9.239999771118164,55645097.0
2022-06-10,9.119999885559082,9.270000457763672,9.050000190734863,9.109999656677246,39940104.0
2022-06-13,9.069999694824219,9.220000267028809,9.010000228881836,9.079999923706055,38148093.0
2022-06-14,9.180000305175781,9.220000267028809,9.020000457763672,9.079999923706055,36667872.0
2022-06-15,9.09000015258789,9.15999984741211,9.0600004196167,9.130000114440918,23946966.0
2022-06-16,9.130000114440918,9.180000305175781,8.899999618530273,8.960000038146973,33545441.0
2022-06-17,8.970000267028809,9.210000038146973,8.970000267028809,9.210000038146973,31564052.0
2022-06-20,9.279999732971191,9.390000343322754,9.15999984741211,9.239999771118164,28290418.0
2022-06-21,9.319999694824219,9.829999923706055,9.289999961853027,9.829999923706055,58252825.0
2022-06-22,9.75,9.800000190734863,9.510000228881836,9.510000228881836,53080571.0
2022-06-23,9.520000457763672,9.680000305175781,9.270000457763672,9.329999923706055,54553274.0
2022-06-24,9.350000381469727,9.510000228881836,9.319999694824219,9.399999618530273,43635421.0
2022-06-27,9.199999809265137,9.350000381469727,9.100000381469727,9.300000190734863,26037745.0
2022-06-28,9.289999961853027,9.460000038146973,9.119999885559082,9.199999809265137,41339284.0
2022-06-29,9.25,9.279999732971191,8.970000267028809,9.0,34582243.0
2022-06-30,9.010000228881836,9.050000190734863,8.710000038146973,8.770000457763672,46718720.0
2022-07-01,8.770000457763672,8.970000267028809,8.770000457763672,8.920000076293945,22212418.0
2022-07-04,8.970000267028809,9.1899995803833,8.720000267028809,8.720000267028809,34493303.0
2022-07-05,8.739999771118164,8.8100004196167,8.430000305175781,8.550000190734863,27444359.0
2022-07-06,8.600000381469727,8.6899995803833,8.539999961853027,8.630000114440918,24187673.0
2022-07-07,8.649999618530273,8.760000228881836,8.619999885559082,8.670000076293945,20861682.0
2022-07-08,8.670000076293945,8.739999771118164,8.640000343322754,8.710000038146973,6524713.0
2022-07-13,8.75,8.960000038146973,8.569999694824219,8.640000343322754,31227798.0
2022-07-14,8.640000343322754,8.65999984741211,8.470000267028809,8.510000228881836,21856729.0
2022-07-18,8.609999656677246,8.729999542236328,8.579999923706055,8.699999809265137,19409002.0
2022-07-19,8.619999885559082,8.869999885559082,8.619999885559082,8.819999694824219,37644285.0
2022-07-20,8.859999656677246,9.130000114440918,8.8100004196167,9.029999732971191,39535004.0
2022-07-21,9.069999694824219,9.109999656677246,8.920000076293945,8.930000305175781,26291310.0
2022-07-22,8.979999542236328,9.15999984741211,8.9399995803833,9.039999961853027,29217692.0
2022-07-25,9.09000015258789,9.220000267028809,9.09000015258789,9.199999809265137,25921710.0
2022-07-26,9.260000228881836,9.270000457763672,9.010000228881836,9.010000228881836,23348077.0
2022-07-27,9.050000190734863,9.149999618530273,8.960000038146973,8.979999542236328,24014068.0
2022-07-28,9.079999923706055,9.09000015258789,8.899999618530273,8.899999618530273,21128734.0
2022-07-29,8.9399995803833,9.050000190734863,8.859999656677246,9.039999961853027,33980904.0
2022-08-01,9.09000015258789,9.15999984741211,9.069999694824219,9.130000114440918,42694659.0
2022-08-02,9.180000305175781,9.289999961853027,9.010000228881836,9.039999961853027,60369549.0
2022-08-03,9.069999694824219,9.220000267028809,9.069999694824219,9.140000343322754,34356173.0
2022-08-04,9.25,9.350000381469727,9.180000305175781,9.270000457763672,55434612.0
2022-08-05,9.329999923706055,9.510000228881836,9.229999542236328,9.4399995803833,83227480.0
2022-08-08,9.619999885559082,9.720000267028809,9.550000190734863,9.65999984741211,61866324.0
2022-08-09,9.399999618530273,9.40999984741211,9.270000457763672,9.300000190734863,58354336.0
2022-08-10,9.300000190734863,9.390000343322754,9.239999771118164,9.380000114440918,40246635.0
2022-08-11,9.40999984741211,9.449999809265137,9.289999961853027,9.350000381469727,48816055.0
2022-08-12,9.369999885559082,9.380000114440918,9.210000038146973,9.229999542236328,36638235.0
2022-08-15,9.260000228881836,9.279999732971191,9.15999984741211,9.170000076293945,25824444.0
2022-08-16,9.180000305175781,9.25,8.819999694824219,9.140000343322754,43863024.0
2022-08-17,9.170000076293945,9.300000190734863,9.170000076293945,9.229999542236328,48164629.0
2022-08-18,9.279999732971191,9.489999771118164,9.140000343322754,9.449999809265137,120251513.0
2022-08-19,9.5,9.779999732971191,9.4399995803833,9.579999923706055,105687341.0
2022-08-22,9.619999885559082,10.09000015258789,9.619999885559082,9.9399995803833,106923879.0
2022-08-23,10.029999732971191,10.289999961853027,9.869999885559082,10.199999809265137,112406862.0
2022-08-24,10.210000038146973,10.260000228881836,9.800000190734863,9.84000015258789,95957212.0
2022-08-25,9.899999618530273,10.479999542236328,9.869999885559082,10.279999732971191,108371378.0
2022-08-26,10.479999542236328,11.15999984741211,10.3100004196167,10.680000305175781,173456190.0
2022-08-29,10.670000076293945,11.069999694824219,10.649999618530273,10.90999984741211,74660061.0
2022-08-31,10.989999771118164,11.270000457763672,10.489999771118164,10.489999771118164,90260460.0
2022-09-01,10.510000228881836,10.729999542236328,10.239999771118164,10.420000076293945,84328631.0
2022-09-02,10.529999732971191,10.890000343322754,10.449999809265137,10.859999656677246,94508346.0
2022-09-05,10.949999809265137,11.59000015258789,10.949999809265137,11.529999732971191,123508271.0
2022-09-06,11.670000076293945,11.720000267028809,11.09000015258789,11.300000190734863,106196124.0
2022-09-07,11.34000015258789,12.279999732971191,11.229999542236328,12.069999694824219,188965010.0
2022-09-08,12.199999809265137,12.649999618530273,11.800000190734863,11.859999656677246,130052668.0
2022-09-09,11.979999542236328,12.220000267028809,11.899999618530273,11.930000305175781,91432147.0
2022-09-12,12.130000114440918,12.930000305175781,12.069999694824219,12.829999923706055,168602314.0
2022-09-13,13.010000228881836,13.180000305175781,11.550000190734863,11.550000190734863,131282527.0
2022-09-14,11.449999809265137,12.229999542236328,10.880000114440918,12.010000228881836,150153468.0
2022-09-15,12.050000190734863,12.539999961853027,11.569999694824219,11.600000381469727,145175845.0
2022-09-16,11.630000114440918,12.239999771118164,11.600000381469727,12.0600004196167,78946775.0
2022-09-19,12.199999809265137,12.489999771118164,11.319999694824219,11.359999656677246,63088499.0
2022-09-20,11.550000190734863,11.890000343322754,11.170000076293945,11.699999809265137,69478490.0
2022-09-21,11.680000305175781,12.119999885559082,11.460000038146973,11.829999923706055,60492790.0
2022-09-22,11.84000015258789,12.020000457763672,11.739999771118164,11.8100004196167,57984482.0
2022-09-23,11.90999984741211,12.239999771118164,11.670000076293945,11.75,63469965.0
2022-09-26,11.710000038146973,12.300000190734863,11.680000305175781,12.130000114440918,80613430.0
2022-09-27,12.170000076293945,12.34000015258789,11.699999809265137,11.800000190734863,63722703.0
2022-09-28,11.8100004196167,11.920000076293945,11.050000190734863,11.109999656677246,61612282.0
2022-09-29,11.199999809265137,11.3100004196167,10.34000015258789,10.770000457763672,68848267.0
2022-09-30,10.829999923706055,10.899999618530273,10.680000305175781,10.829999923706055,40046387.0
2022-10-03,10.899999618530273,11.670000076293945,10.880000114440918,11.569999694824219,59716958.0
2022-10-04,11.59000015258789,11.760000228881836,11.329999923706055,11.5,54598772.0
2022-10-05,11.520000457763672,11.600000381469727,11.15999984741211,11.3100004196167,51233570.0
2022-10-06,11.420000076293945,11.6899995803833,11.420000076293945,11.619999885559082,57086009.0
2022-10-07,11.649999618530273,11.859999656677246,11.59000015258789,11.680000305175781,73125193.0
2022-10-10,11.800000190734863,12.029999732971191,11.739999771118164,11.819999694824219,55490270.0
2022-10-11,11.84000015258789,12.260000228881836,11.670000076293945,12.210000038146973,132498489.0
2022-10-12,12.239999771118164,12.319999694824219,11.720000267028809,11.729999542236328,61730831.0
2022-10-13,11.739999771118164,11.869999885559082,11.579999923706055,11.699999809265137,44628900.0
2022-10-14,11.869999885559082,11.9399995803833,11.6899995803833,11.75,44209277.0
2022-10-17,11.800000190734863,12.380000114440918,11.760000228881836,12.229999542236328,119600632.0
2022-10-18,12.300000190734863,12.550000190734863,12.020000457763672,12.149999618530273,94496665.0
2022-10-19,12.220000267028809,12.319999694824219,12.100000381469727,12.199999809265137,64416046.0
2022-10-20,12.260000228881836,12.829999923706055,12.170000076293945,12.770000457763672,123649971.0
2022-10-21,12.800000190734863,12.800000190734863,12.319999694824219,12.359999656677246,94521302.0
2022-10-24,12.489999771118164,12.680000305175781,12.420000076293945,12.579999923706055,97998628.0
2022-10-25,12.649999618530273,12.770000457763672,12.279999732971191,12.34000015258789,72433286.0
2022-10-26,12.40999984741211,12.420000076293945,12.25,12.300000190734863,41015209.0
2022-10-27,12.329999923706055,12.510000228881836,12.15999984741211,12.1899995803833,68699758.0
2022-10-28,12.1899995803833,12.260000228881836,12.09000015258789,12.130000114440918,19229512.0
2022-10-31,12.220000267028809,12.479999542236328,12.130000114440918,12.390000343322754,60314684.0
2022-11-01,12.489999771118164,13.130000114440918,12.420000076293945,12.9399995803833,128941385.0
2022-11-02,12.960000038146973,13.510000228881836,12.949999809265137,13.329999923706055,81280196.0
2022-11-03,13.390000343322754,13.569999694824219,13.069999694824219,13.359999656677246,64686204.0
2022-11-04,13.460000038146973,13.520000457763672,13.239999771118164,13.359999656677246,49839142.0
2022-11-07,13.5,13.850000381469727,13.479999542236328,13.729999542236328,61932493.0
2022-11-08,13.729999542236328,14.109999656677246,13.489999771118164,13.699999809265137,74299671.0
2022-11-09,13.420000076293945,14.380000114440918,13.220000267028809,14.039999961853027,288542064.0
2022-11-10,13.920000076293945,14.970000267028809,13.850000381469727,14.84000015258789,188710749.0
2022-11-11,14.970000267028809,15.300000190734863,14.569999694824219,14.680000305175781,96463876.0
2022-11-14,14.720000267028809,15.109999656677246,14.680000305175781,14.890000343322754,63896049.0
2022-11-15,15.09000015258789,15.100000381469727,14.369999885559082,14.489999771118164,73086268.0
2022-11-16,14.510000228881836,14.539999961853027,13.800000190734863,14.039999961853027,105986631.0
2022-11-17,14.0600004196167,14.279999732971191,13.460000038146973,13.899999618530273,67241465.0
2022-11-18,14.069999694824219,14.609999656677246,14.0600004196167,14.40999984741211,55623901.0
2022-11-21,14.640000343322754,14.770000457763672,14.229999542236328,14.699999809265137,63972996.0
2022-11-22,14.770000457763672,15.229999542236328,14.710000038146973,15.170000076293945,82761394.0
2022-11-23,15.260000228881836,15.699999809265137,15.140000343322754,15.569999694824219,84825358.0
2022-11-24,15.609999656677246,17.1200008392334,15.460000038146973,17.1200008392334,125779488.0
2022-11-25,17.329999923706055,18.030000686645508,16.899999618530273,17.100000381469727,112712690.0
2022-11-28,17.219999313354492,17.739999771118164,17.1200008392334,17.209999084472656,65876609.0
2022-11-29,17.309999465942383,17.670000076293945,16.860000610351562,17.510000228881836,65926182.0
2022-11-30,17.31999969482422,17.639999389648438,17.15999984741211,17.3799991607666,60702089.0
2022-12-01,17.649999618530273,18.149999618530273,17.200000762939453,17.31999969482422,100516567.0
2022-12-02,17.3700008392334,18.43000030517578,17.010000228881836,17.459999084472656,139980967.0
2022-12-05,17.950000762939453,18.850000381469727,17.889999389648438,18.59000015258789,140774241.0
2022-12-06,18.690000534057617,18.790000915527344,18.0,18.18000030517578,97809132.0
2022-12-07,18.329999923706055,18.540000915527344,16.850000381469727,17.25,107657231.0
2022-12-08,17.200000762939453,17.420000076293945,16.600000381469727,17.40999984741211,68016984.0
2022-12-09,17.670000076293945,18.31999969482422,17.65999984741211,17.969999313354492,64036912.0
2022-12-12,18.25,19.760000228881836,18.239999771118164,19.760000228881836,70933402.0
2022-12-13,20.31999969482422,20.979999542236328,19.760000228881836,19.93000030517578,150869606.0
2022-12-14,20.059999465942383,21.920000076293945,19.059999465942383,19.5,221925123.0
2022-12-15,20.34000015258789,21.440000534057617,19.950000762939453,21.440000534057617,178552310.0
2022-12-16,21.639999389648438,21.940000534057617,20.719999313354492,20.84000015258789,56664853.0
2022-12-19,21.260000228881836,22.31999969482422,20.719999313354492,21.440000534057617,128430354.0
2022-12-20,21.15999984741211,21.940000534057617,20.81999969482422,21.079999923706055,93217721.0
2022-12-21,21.219999313354492,21.639999389648438,20.559999465942383,20.799999237060547,110304838.0
2022-12-22,21.0,21.459999084472656,20.540000915527344,20.760000228881836,86181566.0
2022-12-23,20.81999969482422,21.440000534057617,20.479999542236328,21.239999771118164,86672213.0
2022-12-26,21.65999984741211,22.059999465942383,21.18000030517578,21.239999771118164,75587892.0
2022-12-27,21.31999969482422,22.280000686645508,21.139999389648438,21.559999465942383,139796675.0
2022-12-28,21.84000015258789,22.280000686645508,20.760000228881836,21.1200008392334,139543091.0
2022-12-29,21.1200008392334,23.219999313354492,21.100000381469727,23.219999313354492,81538438.0
2022-12-30,23.479999542236328,25.34000015258789,23.18000030517578,24.559999465942383,195935387.0
2023-01-02,25.34000015258789,27.0,25.0,26.420000076293945,153331515.0
2023-01-03,26.700000762939453,27.719999313354492,25.8799991607666,26.360000610351562,184809488.0
2023-01-04,26.540000915527344,26.6200008392334,24.399999618530273,25.579999923706055,88570933.0
2023-01-05,25.8799991607666,26.0,23.5,24.68000030517578,81228259.0
2023-01-06,23.34000015258789,25.65999984741211,22.18000030517578,25.31999969482422,143263242.0
2023-01-09,25.65999984741211,25.780000686645508,23.18000030517578,23.399999618530273,93539437.0
2023-01-10,23.3799991607666,23.719999313354492,22.219999313354492,22.280000686645508,93410866.0
2023-01-11,22.399999618530273,22.65999984741211,20.31999969482422,20.420000076293945,88933455.0
2023-01-12,21.15999984741211,21.84000015258789,19.149999618530273,21.219999313354492,120407085.0
2023-01-13,21.0,21.81999969482422,20.520000457763672,20.760000228881836,89459959.0
2023-01-16,20.84000015258789,22.079999923706055,20.5,21.639999389648438,96648251.0
2023-01-17,21.719999313354492,22.760000228881836,21.65999984741211,22.360000610351562,118617930.0
2023-01-18,22.440000534057617,23.520000457763672,22.3799991607666,23.399999618530273,123557505.0
2023-01-19,23.299999237060547,23.65999984741211,22.780000686645508,22.959999084472656,84022158.0
2023-01-20,23.299999237060547,24.139999389648438,23.059999465942383,23.360000610351562,117726821.0
2023-01-23,23.700000762939453,24.020000457763672,22.520000457763672,22.6200008392334,106582793.0
2023-01-24,22.780000686645508,23.219999313354492,21.760000228881836,23.18000030517578,123462555.0
2023-01-25,23.18000030517578,23.34000015258789,21.579999923706055,22.639999389648438,100623717.0
2023-01-26,22.68000030517578,23.040000915527344,22.34000015258789,22.540000915527344,81783505.0
2023-01-27,22.34000015258789,22.459999084472656,20.84000015258789,21.479999542236328,78528332.0
2023-01-30,21.520000457763672,21.739999771118164,20.899999618530273,20.940000534057617,54134547.0
2023-01-31,20.8799991607666,21.440000534057617,20.399999618530273,20.540000915527344,82945056.0
2023-02-01,20.68000030517578,20.81999969482422,19.549999237060547,19.549999237060547,64954326.0
2023-02-02,19.5,20.200000762939453,17.850000381469727,19.799999237060547,109437784.0
2023-02-03,19.81999969482422,21.360000610351562,19.65999984741211,21.18000030517578,63175388.0
2023-02-06,20.280000686645508,21.34000015258789,19.799999237060547,21.100000381469727,17658906.0
2023-02-07,20.739999771118164,20.81999969482422,18.989999771118164,18.989999771118164,43561207.0
2023-02-08,17.549999237060547,17.549999237060547,17.549999237060547,17.549999237060547,100.0
2023-02-15,20.700000762939453,20.8799991607666,19.75,20.8799991607666,14973140.0
2023-02-16,22.6200008392334,22.6200008392334,20.299999237060547,20.639999389648438,43319479.0
2023-02-17,20.200000762939453,20.399999618530273,19.239999771118164,19.260000228881836,41317984.0
2023-02-20,19.5,19.5,18.3700008392334,18.700000762939453,51241612.0
2023-02-21,18.440000534057617,19.239999771118164,18.270000457763672,18.270000457763672,59599763.0
2023-02-22,18.309999465942383,19.1299991607666,18.309999465942383,18.690000534057617,62256891.0
2023-02-23,18.100000381469727,18.399999618530273,17.739999771118164,17.84000015258789,63754479.0
2023-02-24,17.899999618530273,18.020000457763672,17.6200008392334,17.6200008392334,40413967.0
2023-02-27,17.639999389648438,17.8700008392334,17.1299991607666,17.729999542236328,63541186.0
2023-02-28,17.81999969482422,18.229999542236328,17.809999465942383,18.0,62402926.0
2023-03-01,18.15999984741211,18.280000686645508,18.0,18.030000686645508,43213268.0
2023-03-02,18.040000915527344,18.309999465942383,17.649999618530273,17.700000762939453,52369631.0
2023-03-03,17.639999389648438,17.84000015258789,17.1200008392334,17.450000762939453,40788558.0
2023-03-06,17.579999923706055,18.1299991607666,17.579999923706055,17.959999084472656,64682691.0
2023-03-07,18.100000381469727,18.530000686645508,17.959999084472656,18.010000228881836,53404874.0
2023-03-08,18.100000381469727,18.729999542236328,18.010000228881836,18.639999389648438,82331116.0
2023-03-09,18.799999237060547,19.229999542236328,18.709999084472656,18.75,50910120.0
2023-03-10,18.6299991607666,19.6200008392334,18.559999465942383,19.299999237060547,72712883.0
2023-03-13,19.6200008392334,19.829999923706055,18.969999313354492,19.059999465942383,50777450.0
2023-03-14,19.1299991607666,19.31999969482422,18.489999771118164,18.600000381469727,47987699.0
2023-03-15,18.600000381469727,18.729999542236328,17.530000686645508,17.700000762939453,34722998.0
2023-03-16,17.860000610351562,18.299999237060547,17.59000015258789,17.950000762939453,30190789.0
2023-03-17,18.15999984741211,18.450000762939453,17.8700008392334,17.889999389648438,36267537.0
2023-03-20,17.809999465942383,18.110000610351562,17.1200008392334,17.15999984741211,29559274.0
2023-03-21,17.15999984741211,17.260000228881836,16.59000015258789,16.719999313354492,30896744.0
2023-03-22,16.809999465942383,17.09000015258789,16.459999084472656,17.09000015258789,28225711.0
2023-03-23,17.06999969482422,17.799999237060547,16.959999084472656,17.799999237060547,30934120.0
2023-03-24,17.860000610351562,18.239999771118164,17.59000015258789,17.600000381469727,28462560.0
2023-03-27,17.799999237060547,18.579999923706055,17.75,18.420000076293945,44689821.0
2023-03-28,18.329999923706055,18.329999923706055,17.0,17.15999984741211,34670224.0
2023-03-29,17.09000015258789,17.420000076293945,16.719999313354492,17.420000076293945,35972333.0
2023-03-30,17.5,17.790000915527344,17.350000381469727,17.360000610351562,28285539.0
2023-03-31,17.350000381469727,17.350000381469727,16.649999618530273,16.649999618530273,35983245.0
2023-04-03,16.59000015258789,17.020000457763672,16.200000762939453,16.90999984741211,31932969.0
2023-04-04,17.0,17.75,17.0,17.549999237060547,33175622.0
2023-04-05,17.639999389648438,18.469999313354492,17.6299991607666,18.190000534057617,39865467.0
2023-04-06,18.18000030517578,19.1299991607666,17.899999618530273,18.799999237060547,56582524.0
2023-04-07,18.780000686645508,18.90999984741211,18.09000015258789,18.110000610351562,32293134.0
2023-04-10,18.270000457763672,18.950000762939453,18.229999542236328,18.8700008392334,35104997.0
2023-04-11,18.8700008392334,19.309999465942383,18.479999542236328,18.850000381469727,38036537.0
2023-04-12,18.899999618530273,19.360000610351562,18.739999771118164,18.829999923706055,41680430.0
2023-04-13,19.0,19.530000686645508,18.780000686645508,19.299999237060547,34997148.0
2023-04-14,19.299999237060547,19.610000610351562,19.049999237060547,19.399999618530273,29898146.0
2023-04-17,19.549999237060547,19.600000381469727,19.020000457763672,19.079999923706055,29937786.0
2023-04-18,19.190000534057617,19.420000076293945,18.520000457763672,18.59000015258789,29182533.0
2023-04-19,18.59000015258789,18.729999542236328,18.239999771118164,18.40999984741211,26416608.0
2023-04-20,18.260000228881836,18.639999389648438,18.139999389648438,18.229999542236328,15291882.0
2023-04-24,18.309999465942383,18.6299991607666,17.8700008392334,17.979999542236328,21746925.0
2023-04-25,18.010000228881836,18.200000762939453,17.260000228881836,17.360000610351562,27640768.0
2023-04-26,17.3700008392334,17.559999465942383,16.969999313354492,17.18000030517578,29158738.0
2023-04-27,17.1200008392334,17.299999237060547,16.899999618530273,17.079999923706055,22300791.0
2023-04-28,17.110000610351562,17.18000030517578,15.930000305175781,16.270000457763672,22057588.0
2023-05-02,16.309999465942383,16.479999542236328,15.279999732971191,15.380000114440918,22985308.0
2023-05-03,15.390000343322754,15.449999809265137,14.220000267028809,15.010000228881836,33932689.0
2023-05-04,14.960000038146973,15.319999694824219,14.539999961853027,14.729999542236328,33530160.0
2023-05-05,14.670000076293945,14.979999542236328,14.130000114440918,14.350000381469727,34173904.0
2023-05-08,14.600000381469727,14.789999961853027,14.25,14.65999984741211,32412002.0
2023-05-09,14.630000114440918,14.710000038146973,14.210000038146973,14.270000457763672,42088138.0
2023-05-10,14.289999961853027,14.369999885559082,13.579999923706055,13.579999923706055,44349056.0
2023-05-11,13.579999923706055,14.609999656677246,13.5,14.329999923706055,140004595.0
2023-05-12,14.350000381469727,14.510000228881836,13.710000038146973,13.819999694824219,58730200.0
2023-05-15,13.680000305175781,14.579999923706055,13.100000381469727,13.1899995803833,57093466.0
2023-05-16,13.260000228881836,13.890000343322754,13.229999542236328,13.880000114440918,44093307.0
2023-05-17,14.010000228881836,14.5,14.010000228881836,14.460000038146973,42367318.0
2023-05-18,14.5,14.539999961853027,13.640000343322754,13.760000228881836,38723430.0
2023-05-22,13.949999809265137,14.279999732971191,13.649999618530273,13.819999694824219,38590772.0
2023-05-23,13.829999923706055,13.84000015258789,13.619999885559082,13.699999809265137,19052315.0
2023-05-24,13.699999809265137,14.109999656677246,13.550000190734863,13.649999618530273,33749030.0
2023-05-25,13.84000015258789,14.039999961853027,13.680000305175781,13.75,21750070.0
2023-05-26,13.8100004196167,14.680000305175781,13.75,14.609999656677246,43276526.0
2023-05-29,15.399999618530273,15.529999732971191,14.859999656677246,15.34000015258789,55955954.0
2023-05-30,15.520000457763672,16.34000015258789,15.300000190734863,16.299999237060547,77056515.0
2023-05-31,16.260000228881836,16.760000228881836,15.850000381469727,16.030000686645508,83429816.0
2023-06-01,16.239999771118164,16.56999969482422,16.0,16.299999237060547,43759901.0
2023-06-02,16.719999313354492,16.979999542236328,16.299999237060547,16.649999618530273,59765675.0
2023-06-05,17.020000457763672,17.5,16.84000015258789,17.5,60077945.0
2023-06-06,17.479999542236328,17.950000762939453,17.09000015258789,17.3700008392334,67578889.0
2023-06-07,17.65999984741211,18.200000762939453,17.65999984741211,17.889999389648438,75968052.0
2023-06-08,17.700000762939453,17.969999313354492,17.3799991607666,17.719999313354492,42780554.0
2023-06-09,18.020000457763672,19.489999771118164,17.790000915527344,19.489999771118164,114461514.0
2023-06-12,19.799999237060547,20.899999618530273,19.40999984741211,19.979999542236328,182830632.0
2023-06-13,20.040000915527344,20.68000030517578,19.06999969482422,19.25,122177439.0
2023-06-14,19.229999542236328,19.40999984741211,18.329999923706055,18.329999923706055,75276352.0
2023-06-15,18.479999542236328,19.329999923706055,18.239999771118164,19.260000228881836,82257765.0
2023-06-16,19.260000228881836,20.0,19.040000915527344,19.489999771118164,79484570.0
2023-06-19,19.43000030517578,19.549999237060547,18.459999084472656,18.510000228881836,51772392.0
2023-06-20,18.469999313354492,18.600000381469727,17.84000015258789,18.059999465942383,49444384.0
2023-06-21,18.170000076293945,18.459999084472656,17.479999542236328,17.579999923706055,42987355.0
2023-06-22,17.65999984741211,18.389999389648438,17.56999969482422,18.299999237060547,71958019.0
2023-06-23,18.59000015258789,19.399999618530273,18.59000015258789,19.290000915527344,60838503.0
2023-06-26,19.59000015258789,20.979999542236328,19.40999984741211,20.540000915527344,91666279.0
2023-06-27,20.399999618530273,20.959999084472656,20.219999313354492,20.739999771118164,31229816.0
2023-07-03,21.299999237060547,22.559999465942383,21.299999237060547,22.31999969482422,84204610.0
2023-07-04,22.3799991607666,22.81999969482422,21.65999984741211,21.799999237060547,80340997.0
2023-07-05,21.899999618530273,22.540000915527344,21.780000686645508,22.1200008392334,107540224.0
2023-07-06,22.15999984741211,22.420000076293945,21.780000686645508,21.920000076293945,73893543.0
2023-07-07,22.020000457763672,22.479999542236328,21.940000534057617,21.959999084472656,66722402.0
2023-07-10,22.440000534057617,22.600000381469727,22.020000457763672,22.479999542236328,64323301.0
2023-07-11,23.1200008392334,23.280000686645508,22.239999771118164,22.84000015258789,123775401.0
2023-07-12,22.68000030517578,23.260000228881836,22.260000228881836,22.260000228881836,129026236.0
2023-07-13,22.260000228881836,22.440000534057617,21.559999465942383,21.639999389648438,80646429.0
2023-07-14,21.920000076293945,22.15999984741211,21.6200008392334,21.959999084472656,48581313.0
2023-07-17,22.440000534057617,23.020000457763672,22.1200008392334,22.639999389648438,113241737.0
2023-07-18,22.979999542236328,23.639999389648438,21.700000762939453,21.700000762939453,236884244.0
2023-07-19,21.68000030517578,22.31999969482422,21.360000610351562,22.100000381469727,126704367.0
2023-07-20,22.559999465942383,22.6200008392334,21.579999923706055,22.040000915527344,84951079.0
2023-07-21,22.059999465942383,22.3799991607666,21.559999465942383,21.6200008392334,65423992.0
2023-07-24,21.899999618530273,22.020000457763672,20.81999969482422,20.84000015258789,64178104.0
2023-07-25,20.84000015258789,20.860000610351562,19.81999969482422,20.139999389648438,59708532.0
2023-07-26,20.0,21.139999389648438,19.889999389648438,20.979999542236328,69938765.0
2023-07-27,21.15999984741211,21.5,20.860000610351562,21.360000610351562,91607066.0
2023-07-28,21.5,21.65999984741211,21.200000762939453,21.200000762939453,115610244.0
2023-07-31,21.5,21.579999923706055,21.18000030517578,21.299999237060547,87825949.0
2023-08-01,21.399999618530273,22.15999984741211,21.280000686645508,21.700000762939453,160199648.0
2023-08-02,21.799999237060547,22.3799991607666,21.6200008392334,21.700000762939453,150045924.0
2023-08-03,21.84000015258789,22.219999313354492,21.219999313354492,21.239999771118164,116971739.0
2023-08-04,21.459999084472656,21.719999313354492,21.260000228881836,21.5,94998265.0
2023-08-07,21.600000381469727,21.860000610351562,21.360000610351562,21.399999618530273,80383516.0
2023-08-08,21.5,21.559999465942383,20.719999313354492,20.780000686645508,70688890.0
2023-08-09,20.860000610351562,21.239999771118164,20.520000457763672,20.979999542236328,72380866.0
2023-08-10,21.100000381469727,21.18000030517578,19.920000076293945,19.969999313354492,58376794.0
2023-08-11,19.969999313354492,20.799999237060547,19.649999618530273,20.600000381469727,65245044.0
2023-08-14,20.940000534057617,21.3799991607666,20.68000030517578,20.959999084472656,96553401.0
2023-08-15,21.479999542236328,21.979999542236328,20.959999084472656,21.579999923706055,129716880.0
2023-08-16,21.579999923706055,22.899999618530273,21.18000030517578,22.5,201695472.0
2023-08-17,22.579999923706055,22.760000228881836,21.979999542236328,22.31999969482422,113154772.0
2023-08-18,22.459999084472656,23.059999465942383,21.34000015258789,21.700000762939453,194459307.0
2023-08-21,21.5,23.860000610351562,21.479999542236328,23.18000030517578,290587582.0
2023-08-22,23.420000076293945,23.920000076293945,22.780000686645508,23.84000015258789,216331029.0
2023-08-23,24.65999984741211,26.219999313354492,24.420000076293945,25.3799991607666,269218655.0
2023-08-24,25.68000030517578,26.719999313354492,24.15999984741211,25.559999465942383,290869606.0
2023-08-25,25.68000030517578,27.8799991607666,25.260000228881836,27.040000915527344,268403083.0
2023-08-28,27.280000686645508,27.639999389648438,26.440000534057617,26.639999389648438,166066790.0
2023-08-29,26.700000762939453,27.219999313354492,26.059999465942383,26.299999237060547,166725983.0
2023-08-31,26.479999542236328,26.6200008392334,25.559999465942383,25.68000030517578,69515059.0
2023-09-01,25.8799991607666,26.420000076293945,25.600000381469727,26.15999984741211,81450334.0
2023-09-04,26.399999618530273,26.719999313354492,25.81999969482422,26.040000915527344,136491202.0
2023-09-05,25.940000534057617,26.239999771118164,25.540000915527344,25.68000030517578,81418644.0
2023-09-06,25.899999618530273,26.8799991607666,25.700000762939453,26.520000457763672,162158263.0
2023-09-07,26.559999465942383,26.959999084472656,26.299999237060547,26.520000457763672,93118198.0
2023-09-08,26.700000762939453,27.34000015258789,26.639999389648438,26.899999618530273,115333824.0
2023-09-11,27.219999313354492,27.639999389648438,25.860000610351562,25.860000610351562,108397728.0
2023-09-12,25.940000534057617,27.020000457763672,25.860000610351562,26.299999237060547,117387547.0
2023-09-13,26.31999969482422,26.84000015258789,25.100000381469727,25.420000076293945,65079268.0
2023-09-14,25.420000076293945,25.639999389648438,24.18000030517578,25.399999618530273,73480279.0
2023-09-15,25.34000015258789,25.540000915527344,24.459999084472656,24.5,59754911.0
2023-09-18,24.420000076293945,24.81999969482422,23.299999237060547,23.5,54464581.0
2023-09-19,23.5,23.860000610351562,23.18000030517578,23.700000762939453,56886559.0
2023-09-20,23.719999313354492,23.959999084472656,22.600000381469727,22.639999389648438,75216149.0
2023-09-21,22.68000030517578,23.34000015258789,22.3799991607666,23.34000015258789,75028910.0
2023-09-22,23.3799991607666,23.739999771118164,22.959999084472656,23.18000030517578,64118408.0
2023-09-25,23.399999618530273,23.940000534057617,23.34000015258789,23.940000534057617,61052231.0
2023-09-26,24.200000762939453,24.3799991607666,23.100000381469727,23.219999313354492,54397191.0
2023-09-27,23.31999969482422,23.559999465942383,23.020000457763672,23.040000915527344,44341720.0
2023-09-28,23.040000915527344,23.280000686645508,22.420000076293945,22.559999465942383,47182167.0
2023-09-29,22.700000762939453,23.579999923706055,22.6200008392334,23.399999618530273,82497784.0
2023-10-02,23.5,23.920000076293945,23.399999618530273,23.600000381469727,61555163.0
2023-10-03,23.780000686645508,24.15999984741211,23.540000915527344,24.100000381469727,83599169.0
2023-10-04,24.219999313354492,24.31999969482422,23.18000030517578,23.18000030517578,53465298.0
2023-10-05,23.34000015258789,23.5,22.65999984741211,23.459999084472656,58418116.0
2023-10-06,23.100000381469727,23.68000030517578,23.040000915527344,23.1200008392334,57232385.0
2023-10-09,22.719999313354492,22.920000076293945,21.84000015258789,21.920000076293945,41945839.0
2023-10-10,22.200000762939453,22.459999084472656,22.040000915527344,22.200000762939453,58499133.0
2023-10-11,22.260000228881836,22.84000015258789,21.860000610351562,21.860000610351562,100729318.0
2023-10-12,22.200000762939453,22.260000228881836,20.600000381469727,21.260000228881836,62602938.0
2023-10-13,21.100000381469727,21.18000030517578,20.520000457763672,20.540000915527344,42575542.0
2023-10-16,20.799999237060547,20.979999542236328,19.989999771118164,20.040000915527344,46615577.0
2023-10-17,20.1200008392334,20.780000686645508,20.1200008392334,20.780000686645508,44117510.0
2023-10-18,20.420000076293945,20.719999313354492,20.020000457763672,20.18000030517578,43399272.0
2023-10-19,20.219999313354492,20.520000457763672,19.770000457763672,20.1200008392334,39219323.0
2023-10-20,19.8799991607666,20.1200008392334,19.1299991607666,19.299999237060547,40248765.0
2023-10-23,19.709999084472656,21.219999313354492,19.3700008392334,20.34000015258789,47843903.0
2023-10-24,20.3799991607666,20.65999984741211,20.15999984741211,20.579999923706055,57167330.0
2023-10-25,20.799999237060547,21.059999465942383,19.110000610351562,19.110000610351562,70363602.0
2023-10-26,19.280000686645508,19.93000030517578,19.0,19.649999618530273,48839327.0
2023-10-27,19.719999313354492,20.399999618530273,19.540000915527344,20.1200008392334,51254707.0
2023-10-30,20.1200008392334,20.239999771118164,19.649999618530273,19.719999313354492,43224376.0
2023-10-31,19.780000686645508,20.020000457763672,19.1299991607666,19.209999084472656,44139947.0
2023-11-01,19.399999618530273,19.540000915527344,18.81999969482422,19.239999771118164,46188840.0
2023-11-02,19.440000534057617,19.81999969482422,19.440000534057617,19.690000534057617,35767613.0
2023-11-03,19.709999084472656,20.299999237060547,19.68000030517578,20.200000762939453,49550602.0
2023-11-06,20.360000610351562,20.65999984741211,20.239999771118164,20.440000534057617,40694333.0
2023-11-07,20.760000228881836,21.760000228881836,20.600000381469727,21.3799991607666,101799949.0
2023-11-08,21.3799991607666,22.219999313354492,21.200000762939453,21.979999542236328,91603603.0
2023-11-09,21.600000381469727,22.979999542236328,21.520000457763672,22.65999984741211,83528270.0
2023-11-10,22.65999984741211,22.84000015258789,21.920000076293945,22.15999984741211,44156168.0
2023-11-13,22.239999771118164,22.299999237060547,20.84000015258789,20.860000610351562,33144874.0
2023-11-14,21.020000457763672,21.299999237060547,20.440000534057617,21.139999389648438,42630130.0
2023-11-15,21.68000030517578,22.219999313354492,21.280000686645508,21.540000915527344,64758366.0
2023-11-16,21.540000915527344,21.860000610351562,21.3799991607666,21.860000610351562,31898086.0
2023-11-17,21.899999618530273,22.040000915527344,21.540000915527344,21.84000015258789,38667887.0
2023-11-20,22.1200008392334,22.520000457763672,22.059999465942383,22.18000030517578,35812905.0
2023-11-21,22.299999237060547,22.780000686645508,21.860000610351562,22.68000030517578,42825072.0
2023-11-22,22.719999313354492,22.979999542236328,22.440000534057617,22.579999923706055,33632767.0
2023-11-23,22.559999465942383,22.780000686645508,22.079999923706055,22.079999923706055,30848831.0
2023-11-24,22.1200008392334,22.639999389648438,21.8799991607666,22.600000381469727,32145600.0
2023-11-27,22.760000228881836,23.299999237060547,22.700000762939453,22.84000015258789,34518833.0
2023-11-28,22.899999618530273,23.780000686645508,22.899999618530273,23.5,56581615.0
2023-11-29,23.600000381469727,24.219999313354492,22.899999618530273,23.059999465942383,50615934.0
2023-11-30,23.200000762939453,24.299999237060547,22.920000076293945,23.899999618530273,77138723.0
2023-12-01,24.15999984741211,24.559999465942383,23.700000762939453,24.18000030517578,37205514.0
2023-12-04,24.239999771118164,24.34000015258789,23.719999313354492,23.899999618530273,24372161.0
2023-12-05,23.979999542236328,25.420000076293945,23.8799991607666,24.68000030517578,62910650.0
2023-12-06,24.68000030517578,25.360000610351562,24.219999313354492,24.780000686645508,54464077.0
2023-12-07,25.540000915527344,26.559999465942383,24.780000686645508,26.34000015258789,85571203.0
2023-12-08,26.100000381469727,27.260000228881836,25.979999542236328,26.520000457763672,72031178.0
2023-12-11,26.540000915527344,26.84000015258789,24.940000534057617,25.600000381469727,62451499.0
2023-12-12,25.31999969482422,25.479999542236328,24.31999969482422,24.68000030517578,52472048.0
2023-12-13,24.559999465942383,24.559999465942383,23.200000762939453,23.200000762939453,43406685.0
2023-12-14,23.520000457763672,24.360000610351562,23.299999237060547,24.360000610351562,47284786.0
2023-12-15,24.260000228881836,25.479999542236328,24.059999465942383,25.15999984741211,49436781.0
2023-12-18,25.100000381469727,25.739999771118164,23.799999237060547,23.940000534057617,34702178.0
2023-12-19,24.0,24.420000076293945,23.200000762939453,24.079999923706055,38784997.0
2023-12-20,24.100000381469727,24.940000534057617,23.959999084472656,24.260000228881836,36812908.0
2023-12-21,24.139999389648438,25.459999084472656,23.81999969482422,25.459999084472656,41195170.0
2023-12-22,25.479999542236328,26.479999542236328,24.459999084472656,25.079999923706055,49584701.0
2023-12-25,24.899999618530273,24.899999618530273,23.979999542236328,24.3799991607666,22687602.0
2023-12-26,24.559999465942383,25.260000228881836,23.959999084472656,24.420000076293945,33600708.0
2023-12-27,24.299999237060547,24.760000228881836,23.5,23.540000915527344,37775378.0
2023-12-28,23.5,24.559999465942383,23.5,24.559999465942383,37175243.0
2023-12-29,24.65999984741211,25.139999389648438,24.1200008392334,24.360000610351562,29848241.0
2024-01-02,24.639999389648438,25.079999923706055,24.479999542236328,24.959999084472656,47303871.0
2024-01-03,25.0,25.479999542236328,24.6200008392334,24.959999084472656,52591846.0
2024-01-04,25.020000457763672,26.420000076293945,24.719999313354492,26.239999771118164,60513846.0
2024-01-05,26.299999237060547,26.68000030517578,26.0,26.65999984741211,40907167.0
2024-01-08,26.899999618530273,27.020000457763672,26.260000228881836,26.5,35351677.0
2024-01-09,26.84000015258789,27.399999618530273,26.18000030517578,26.700000762939453,63741788.0
2024-01-10,26.719999313354492,27.739999771118164,26.600000381469727,27.600000381469727,50082690.0
2024-01-11,27.700000762939453,28.1200008392334,26.579999923706055,26.780000686645508,44484752.0
2024-01-12,26.639999389648438,28.760000228881836,26.260000228881836,28.559999465942383,80190868.0
2024-01-15,28.68000030517578,29.260000228881836,28.420000076293945,28.719999313354492,48195160.0
2024-01-16,28.979999542236328,29.459999084472656,28.719999313354492,29.100000381469727,47598968.0
2024-01-17,28.799999237060547,29.940000534057617,28.700000762939453,29.899999618530273,46516671.0
2024-01-18,30.059999465942383,30.139999389648438,29.579999923706055,29.65999984741211,34641599.0
2024-01-19,29.68000030517578,30.3799991607666,29.020000457763672,30.299999237060547,41190294.0
2024-01-22,30.299999237060547,30.899999618530273,29.280000686645508,29.280000686645508,36101016.0
2024-01-23,29.600000381469727,30.079999923706055,29.399999618530273,29.68000030517578,42036273.0
2024-01-24,29.760000228881836,30.3799991607666,29.34000015258789,29.860000610351562,38437986.0
2024-01-25,30.0,30.299999237060547,29.68000030517578,29.979999542236328,24849696.0
2024-01-26,30.020000457763672,32.86000061035156,29.920000076293945,32.599998474121094,90027068.0
2024-01-29,32.720001220703125,33.279998779296875,32.279998779296875,32.619998931884766,42148581.0
2024-01-30,32.880001068115234,33.15999984741211,32.47999954223633,33.0,35155337.0
2024-01-31,33.08000183105469,33.119998931884766,32.47999954223633,32.70000076293945,22626928.0
2024-02-01,32.720001220703125,35.119998931884766,32.70000076293945,34.29999923706055,71022509.0
2024-02-02,34.540000915527344,34.560001373291016,33.31999969482422,33.36000061035156,32155633.0
2024-02-05,33.52000045776367,33.58000183105469,32.939998626708984,33.279998779296875,31086711.0
2024-02-06,33.400001525878906,34.2400016784668,32.70000076293945,32.86000061035156,44478041.0
2024-02-07,33.0,33.20000076293945,31.860000610351562,32.119998931884766,36248644.0
2024-02-08,32.41999816894531,32.70000076293945,32.099998474121094,32.459999084472656,31566270.0
2024-02-09,32.599998474121094,33.13999938964844,32.02000045776367,32.7400016784668,35686030.0
2024-02-12,33.08000183105469,33.58000183105469,32.79999923706055,33.41999816894531,43522946.0
2024-02-13,33.560001373291016,33.619998931884766,32.2599983215332,32.540000915527344,30641525.0
2024-02-14,32.68000030517578,32.68000030517578,31.18000030517578,31.799999237060547,35468261.0
2024-02-15,31.979999542236328,32.779998779296875,31.780000686645508,32.58000183105469,36293610.0
2024-02-16,32.58000183105469,32.7599983215332,32.13999938964844,32.31999969482422,24849389.0
2024-02-19,32.36000061035156,33.0,31.200000762939453,31.3799991607666,41854677.0
2024-02-20,31.559999465942383,32.560001373291016,31.280000686645508,32.400001525878906,36277945.0
2024-02-21,32.5,32.70000076293945,31.420000076293945,31.81999969482422,24386925.0
2024-02-22,32.0,32.70000076293945,31.520000457763672,32.5,36808872.0
2024-02-23,33.13999938964844,33.41999816894531,32.7599983215332,33.20000076293945,39906545.0
2024-02-26,33.52000045776367,34.599998474121094,32.619998931884766,33.459999084472656,56669480.0
2024-02-27,33.400001525878906,33.400001525878906,31.940000534057617,32.08000183105469,37733851.0
2024-02-28,32.18000030517578,32.459999084472656,31.200000762939453,31.200000762939453,29010545.0
2024-02-29,31.360000610351562,32.52000045776367,30.959999084472656,32.099998474121094,40343812.0
2024-03-01,32.099998474121094,32.41999816894531,31.239999771118164,31.299999237060547,21247271.0
2024-03-04,31.399999618530273,31.459999084472656,30.260000228881836,30.299999237060547,23306409.0
2024-03-05,30.399999618530273,31.459999084472656,30.239999771118164,31.040000915527344,32007556.0
2024-03-06,30.979999542236328,30.979999542236328,29.979999542236328,30.1200008392334,19998692.0
2024-03-07,30.239999771118164,31.540000915527344,30.239999771118164,31.540000915527344,23768248.0
2024-03-08,31.5,31.979999542236328,30.959999084472656,31.3799991607666,30557253.0
2024-03-11,31.799999237060547,32.41999816894531,30.81999969482422,31.040000915527344,29381045.0
2024-03-12,31.15999984741211,31.219999313354492,30.440000534057617,30.739999771118164,15970933.0
2024-03-13,31.0,31.200000762939453,29.579999923706055,29.579999923706055,27365861.0
2024-03-14,29.700000762939453,29.760000228881836,28.799999237060547,28.899999618530273,22331045.0
2024-03-15,28.979999542236328,29.399999618530273,28.719999313354492,29.100000381469727,25017647.0
2024-03-18,29.200000762939453,29.559999465942383,28.639999389648438,28.719999313354492,19569580.0
2024-03-19,28.700000762939453,29.5,28.639999389648438,29.0,21893680.0
2024-03-20,29.059999465942383,29.68000030517578,28.899999618530273,29.059999465942383,24225482.0
2024-03-21,29.239999771118164,31.0,29.239999771118164,30.299999237060547,42011021.0
2024-03-22,30.280000686645508,31.280000686645508,30.18000030517578,30.520000457763672,26150615.0
2024-03-25,30.459999084472656,31.520000457763672,30.360000610351562,30.799999237060547,28881963.0
2024-03-26,30.799999237060547,31.020000457763672,29.31999969482422,29.520000457763672,25668335.0
2024-03-27,29.540000915527344,31.559999465942383,29.100000381469727,30.6200008392334,29171801.0
2024-03-28,30.639999389648438,31.260000228881836,30.6200008392334,30.84000015258789,27245844.0
2024-03-29,30.84000015258789,31.5,30.1200008392334,30.31999969482422,25804273.0
2024-04-01,30.420000076293945,30.540000915527344,29.079999923706055,30.020000457763672,22923427.0
2024-04-02,30.1200008392334,31.739999771118164,30.0,30.0,38409768.0
2024-04-03,30.020000457763672,32.2400016784668,29.739999771118164,31.579999923706055,39130039.0
2024-04-04,31.799999237060547,33.439998626708984,31.719999313354492,33.279998779296875,34124452.0
2024-04-05,33.63999938964844,35.880001068115234,33.15999984741211,35.86000061035156,37596195.0
2024-04-08,36.20000076293945,37.29999923706055,35.79999923706055,36.939998626708984,30145536.0
2024-04-15,36.79999923706055,37.13999938964844,35.880001068115234,36.540000915527344,24140687.0
2024-04-16,36.380001068115234,36.880001068115234,35.58000183105469,36.2400016784668,23671446.0
2024-04-17,36.459999084472656,38.20000076293945,36.15999984741211,37.20000076293945,40662719.0
2024-04-18,37.02000045776367,37.060001373291016,34.7599983215332,35.599998474121094,48212395.0
2024-04-19,35.13999938964844,39.15999984741211,35.13999938964844,39.15999984741211,39057936.0
2024-04-22,39.619998931884766,39.7400016784668,38.20000076293945,38.400001525878906,33009533.0
2024-04-24,38.81999969482422,40.2599983215332,38.400001525878906,39.939998626708984,25871957.0
2024-04-25,39.939998626708984,40.459999084472656,39.29999923706055,39.880001068115234,20345213.0
2024-04-26,40.0,40.41999816894531,38.900001525878906,40.220001220703125,32726195.0
2024-04-29,40.47999954223633,40.939998626708984,39.70000076293945,40.47999954223633,21095558.0
2024-04-30,40.5,41.119998931884766,39.91999816894531,40.380001068115234,25691545.0
2024-05-02,40.68000030517578,40.900001525878906,39.58000183105469,39.58000183105469,18563369.0
2024-05-03,39.63999938964844,40.63999938964844,39.5,39.900001525878906,28696743.0
2024-05-06,39.900001525878906,40.47999954223633,39.459999084472656,40.47999954223633,18035411.0
2024-05-07,40.560001373291016,41.41999816894531,40.060001373291016,40.880001068115234,28527922.0
2024-05-08,41.0,42.0,41.0,41.060001373291016,22000140.0
2024-05-09,41.220001220703125,41.79999923706055,40.599998474121094,41.41999816894531,16247019.0
2024-05-10,41.41999816894531,42.36000061035156,41.099998474121094,41.52000045776367,18593004.0
2024-05-13,41.560001373291016,41.70000076293945,40.0,40.0,15054691.0
2024-05-14,40.02000045776367,42.0,39.880001068115234,41.02000045776367,19794285.0
2024-05-15,41.119998931884766,41.7599983215332,40.65999984741211,41.040000915527344,11818366.0
2024-05-16,41.34000015258789,41.959999084472656,40.70000076293945,41.86000061035156,15437833.0
2024-05-17,42.040000915527344,44.58000183105469,42.0,43.380001068115234,20769604.0
2024-05-20,43.36000061035156,44.040000915527344,43.099998474121094,43.459999084472656,17081347.0
2024-05-21,43.599998474121094,45.400001525878906,43.599998474121094,44.959999084472656,23977917.0
2024-05-22,45.2599983215332,45.7599983215332,44.63999938964844,45.31999969482422,18808288.0
2024-05-23,45.439998626708984,46.65999984741211,45.15999984741211,45.29999923706055,21445460.0
2024-05-24,45.52000045776367,46.0,44.84000015258789,45.900001525878906,17938859.0
2024-05-27,46.119998931884766,46.20000076293945,44.380001068115234,44.900001525878906,11710749.0
2024-05-28,44.900001525878906,45.13999938964844,43.91999816894531,44.2400016784668,12100177.0
2024-05-29,44.2400016784668,44.70000076293945,43.439998626708984,44.220001220703125,15164699.0
2024-05-30,44.34000015258789,45.619998931884766,44.220001220703125,45.52000045776367,17652141.0
2024-05-31,45.900001525878906,47.36000061035156,45.540000915527344,46.119998931884766,33049901.0
2024-06-03,46.36000061035156,47.2599983215332,45.08000183105469,47.20000076293945,28998793.0
2024-06-04,47.36000061035156,49.619998931884766,46.79999923706055,48.79999923706055,28119868.0
2024-06-05,48.68000030517578,49.86000061035156,47.70000076293945,49.5,16806458.0
2024-06-06,49.5,50.099998474121094,47.040000915527344,48.0,17745092.0
2024-06-07,48.29999923706055,49.65999984741211,45.959999084472656,46.0,21063483.0
2024-06-10,46.0,46.599998474121094,44.79999923706055,45.560001373291016,15240140.0
2024-06-11,45.560001373291016,47.65999984741211,44.68000030517578,45.720001220703125,23711787.0
2024-06-12,45.47999954223633,46.84000015258789,45.099998474121094,46.7400016784668,15568493.0
2024-06-13,47.400001525878906,49.20000076293945,47.18000030517578,48.439998626708984,13862140.0
2024-06-14,48.900001525878906,49.2400016784668,48.20000076293945,48.68000030517578,12768171.0
2024-06-20,49.099998474121094,52.95000076293945,49.099998474121094,51.54999923706055,21276220.0
2024-06-21,51.349998474121094,52.0,50.099998474121094,50.099998474121094,14559255.0
2024-06-24,50.20000076293945,50.54999923706055,48.459999084472656,48.91999816894531,18970994.0
2024-06-25,49.0,50.25,48.58000183105469,49.5,14784991.0
2024-06-26,49.540000915527344,49.58000183105469,46.959999084472656,48.099998474121094,32722626.0
2024-06-27,48.5,48.540000915527344,47.279998779296875,47.939998626708984,19196164.0
2024-06-28,48.119998931884766,49.099998474121094,48.0,48.29999923706055,23814889.0
2024-07-01,48.880001068115234,49.459999084472656,46.7400016784668,47.2599983215332,16671920.0
2024-07-02,47.36000061035156,48.65999984741211,47.0,48.65999984741211,11602712.0
2024-07-03,48.7599983215332,50.45000076293945,48.7599983215332,50.04999923706055,14195732.0
2024-07-04,50.25,51.25,49.79999923706055,51.04999923706055,11338853.0
2024-07-05,51.150001525878906,52.0,49.97999954223633,51.54999923706055,10127516.0
2024-07-08,52.150001525878906,53.099998474121094,50.349998474121094,50.5,23773998.0
2024-07-09,50.599998474121094,52.599998474121094,50.5,51.79999923706055,17276092.0
2024-07-10,51.70000076293945,52.70000076293945,51.20000076293945,51.70000076293945,10293807.0
2024-07-11,52.0,53.099998474121094,51.849998474121094,52.849998474121094,16299127.0
2024-07-12,53.0,53.20000076293945,51.45000076293945,52.25,13076850.0
2024-07-16,52.349998474121094,52.54999923706055,50.650001525878906,50.75,17725171.0
2024-07-17,50.849998474121094,51.54999923706055,49.70000076293945,51.0,15170367.0
2024-07-18,51.25,52.099998474121094,50.79999923706055,51.0,12897330.0
2024-07-19,51.0,52.0,49.84000015258789,51.599998474121094,18988776.0
2024-07-22,52.0,52.849998474121094,51.849998474121094,52.349998474121094,9839069.0
2024-07-23,52.349998474121094,52.70000076293945,50.900001525878906,52.0,11399023.0
2024-07-24,52.0,52.79999923706055,50.400001525878906,50.45000076293945,12636454.0
2024-07-25,50.45000076293945,50.45000076293945,48.79999923706055,49.099998474121094,20363823.0
2024-07-26,49.29999923706055,50.20000076293945,49.279998779296875,49.720001220703125,15765681.0
2024-07-29,49.02000045776367,49.15999984741211,48.0,48.0,15579626.0
2024-07-30,48.060001373291016,49.560001373291016,47.959999084472656,49.279998779296875,13174110.0
2024-07-31,49.279998779296875,51.75,48.81999969482422,51.099998474121094,16957600.0
2024-08-01,51.650001525878906,52.45000076293945,51.599998474121094,51.70000076293945,7740106.0
2024-08-02,51.20000076293945,51.650001525878906,49.0,50.0,10986253.0
2024-08-05,48.02000045776367,49.7400016784668,45.400001525878906,48.900001525878906,13754594.0
2024-08-06,50.0,50.79999923706055,48.959999084472656,48.959999084472656,12435045.0
2024-08-07,49.5,50.849998474121094,48.81999969482422,50.599998474121094,11665635.0
2024-08-08,50.79999923706055,51.400001525878906,50.25,51.099998474121094,8607240.0
2024-08-09,52.0,52.0,49.91999816894531,50.099998474121094,5512039.0
2024-08-12,50.5,51.95000076293945,50.099998474121094,50.95000076293945,6710539.0
2024-08-13,50.849998474121094,51.25,48.31999969482422,49.79999923706055,16641771.0
2024-08-14,50.150001525878906,51.099998474121094,49.2400016784668,49.380001068115234,12711404.0
2024-08-15,49.540000915527344,50.20000076293945,48.91999816894531,50.20000076293945,7872975.0
2024-08-16,50.20000076293945,51.25,49.560001373291016,50.900001525878906,8274247.0
2024-08-19,51.25,54.400001525878906,50.25,54.150001525878906,15175820.0
2024-08-20,54.20000076293945,57.79999923706055,52.20000076293945,54.29999923706055,19637634.0
2024-08-21,54.29999923706055,54.29999923706055,50.25,50.25,24029595.0
2024-08-22,50.95000076293945,51.0,48.13999938964844,48.18000030517578,21843394.0
2024-08-23,48.34000015258789,49.060001373291016,47.2400016784668,47.459999084472656,16045706.0
2024-08-26,47.58000183105469,48.380001068115234,46.459999084472656,47.47999954223633,12838317.0
2024-08-27,47.459999084472656,48.459999084472656,46.900001525878906,48.13999938964844,15292336.0
2024-08-28,48.13999938964844,49.65999984741211,47.52000045776367,47.7400016784668,15604776.0
2024-08-29,47.7400016784668,48.5,47.279998779296875,48.36000061035156,12919905.0
2024-09-02,49.20000076293945,50.150001525878906,48.65999984741211,49.779998779296875,18077428.0
2024-09-03,49.779998779296875,50.900001525878906,49.13999938964844,50.400001525878906,13303367.0
2024-09-04,49.880001068115234,51.5,49.560001373291016,51.349998474121094,10320814.0
2024-09-05,51.70000076293945,52.95000076293945,51.099998474121094,51.849998474121094,13632670.0
2024-09-06,51.75,52.5,50.45000076293945,50.5,9991446.0
2024-09-09,50.54999923706055,52.099998474121094,49.619998931884766,50.25,11641312.0
2024-09-10,50.650001525878906,55.25,49.0,49.58000183105469,21986578.0
2024-09-11,49.5,50.150001525878906,48.84000015258789,48.880001068115234,12354954.0
2024-09-12,49.400001525878906,50.29999923706055,47.97999954223633,49.279998779296875,16134049.0
2024-09-13,49.279998779296875,50.150001525878906,47.86000061035156,49.959999084472656,21063488.0
2024-09-16,50.150001525878906,51.04999923706055,47.7400016784668,48.099998474121094,15825197.0
2024-09-17,48.13999938964844,50.349998474121094,47.880001068115234,49.939998626708984,21289262.0
2024-09-18,49.599998474121094,51.29999923706055,49.599998474121094,51.0,9189868.0
2024-09-19,51.5,52.29999923706055,50.849998474121094,51.45000076293945,12671120.0
2024-09-20,51.400001525878906,52.650001525878906,51.20000076293945,51.400001525878906,13514840.0
2024-09-23,51.75,53.20000076293945,50.70000076293945,52.45000076293945,18931993.0
2024-09-24,52.45000076293945,54.95000076293945,52.349998474121094,54.849998474121094,15482181.0
2024-09-25,54.849998474121094,55.150001525878906,52.29999923706055,52.45000076293945,11994733.0
2024-09-26,53.04999923706055,53.849998474121094,51.79999923706055,52.25,11944758.0
2024-09-27,52.400001525878906,52.45000076293945,50.099998474121094,50.900001525878906,7795212.0
2024-09-30,50.79999923706055,51.349998474121094,49.79999923706055,49.79999923706055,15457585.0
2024-10-01,49.84000015258789,51.150001525878906,48.439998626708984,48.959999084472656,23194432.0
2024-10-02,48.81999969482422,49.060001373291016,47.540000915527344,47.619998931884766,11960371.0
2024-10-03,47.720001220703125,48.63999938964844,46.400001525878906,46.599998474121094,17303981.0
2024-10-04,47.5,47.7599983215332,46.31999969482422,46.599998474121094,19640506.0
2024-10-07,46.7599983215332,46.86000061035156,43.68000030517578,43.779998779296875,19483062.0
2024-10-08,43.7599983215332,45.65999984741211,42.880001068115234,44.5,29820472.0
2024-10-09,44.459999084472656,45.36000061035156,43.68000030517578,44.79999923706055,29712977.0
2024-10-10,44.880001068115234,45.959999084472656,44.380001068115234,44.560001373291016,15513577.0
2024-10-11,44.63999938964844,47.31999969482422,44.63999938964844,45.20000076293945,31286352.0
2024-10-14,45.29999923706055,45.439998626708984,44.0,44.29999923706055,13155159.0
2024-10-15,44.380001068115234,46.7400016784668,43.900001525878906,46.400001525878906,20739177.0
2024-10-16,46.119998931884766,47.81999969482422,45.34000015258789,47.52000045776367,20978538.0
2024-10-17,47.52000045776367,48.459999084472656,47.08000183105469,48.040000915527344,20203185.0
2024-10-18,48.08000183105469,48.18000030517578,45.68000030517578,45.720001220703125,22562614.0
2024-10-21,45.720001220703125,46.5,44.7400016784668,45.7400016784668,15043521.0
2024-10-22,45.86000061035156,47.58000183105469,45.779998779296875,46.63999938964844,14313241.0
2024-10-23,46.63999938964844,47.099998474121094,45.86000061035156,46.36000061035156,11461897.0
2024-10-24,46.58000183105469,47.79999923706055,46.439998626708984,46.84000015258789,11273025.0
2024-10-25,46.880001068115234,47.08000183105469,46.119998931884766,46.599998474121094,12425438.0
2024-10-28,46.720001220703125,47.060001373291016,46.040000915527344,46.20000076293945,4513199.0
2024-10-30,46.220001220703125,47.97999954223633,46.099998474121094,47.619998931884766,15365664.0
2024-10-31,47.63999938964844,48.41999816894531,46.939998626708984,47.2400016784668,13417726.0
2024-11-01,47.400001525878906,48.79999923706055,47.380001068115234,48.2400016784668,15252646.0
2024-11-04,48.31999969482422,49.08000183105469,46.65999984741211,47.52000045776367,13691223.0
2024-11-05,47.68000030517578,47.81999969482422,45.18000030517578,45.18000030517578,15968009.0
2024-11-06,45.34000015258789,45.900001525878906,44.70000076293945,45.459999084472656,20596194.0
2024-11-07,46.02000045776367,47.459999084472656,45.68000030517578,46.060001373291016,36151556.0
2024-11-08,46.119998931884766,47.31999969482422,45.70000076293945,46.65999984741211,30450810.0
2024-11-11,46.84000015258789,48.459999084472656,46.20000076293945,46.63999938964844,44000562.0
2024-11-12,46.7400016784668,46.900001525878906,45.63999938964844,45.70000076293945,21622684.0
2024-11-13,45.5,45.720001220703125,44.939998626708984,45.2599983215332,22501624.0
2024-11-14,45.400001525878906,46.220001220703125,45.400001525878906,45.84000015258789,22362785.0
2024-11-15,46.0,46.34000015258789,45.34000015258789,45.400001525878906,16335579.0
2024-11-18,45.5,45.81999969482422,44.86000061035156,45.18000030517578,13086221.0
2024-11-19,45.380001068115234,45.720001220703125,44.86000061035156,45.0,16840880.0
2024-11-20,45.119998931884766,45.779998779296875,44.36000061035156,44.36000061035156,22594303.0
2024-11-21,44.540000915527344,46.560001373291016,44.52000045776367,46.560001373291016,19921388.0
2024-11-22,46.619998931884766,46.880001068115234,45.58000183105469,46.720001220703125,23527811.0
2024-11-25,46.900001525878906,47.20000076293945,46.279998779296875,46.540000915527344,21518539.0
2024-11-26,46.540000915527344,47.459999084472656,46.36000061035156,46.70000076293945,23998054.0
2024-11-27,46.86000061035156,47.439998626708984,46.459999084472656,46.459999084472656,32616075.0
2024-11-28,46.380001068115234,46.720001220703125,45.939998626708984,45.959999084472656,13078688.0
2024-11-29,46.040000915527344,46.31999969482422,45.720001220703125,46.040000915527344,17813029.0
2024-12-02,45.84000015258789,46.02000045776367,45.36000061035156,45.63999938964844,12997249.0
2024-12-03,45.779998779296875,46.65999984741211,45.63999938964844,46.18000030517578,25197039.0
2024-12-04,46.279998779296875,46.84000015258789,46.18000030517578,46.220001220703125,20878348.0
2024-12-05,46.34000015258789,47.0,46.29999923706055,47.0,28010877.0
2024-12-06,47.099998474121094,47.720001220703125,47.060001373291016,47.29999923706055,31414779.0
2024-12-09,47.52000045776367,47.959999084472656,47.459999084472656,47.63999938964844,21545176.0
2024-12-10,47.779998779296875,47.97999954223633,46.47999954223633,46.47999954223633,22562697.0
2024-12-11,46.58000183105469,46.779998779296875,45.880001068115234,45.900001525878906,13160207.0
2024-12-12,46.119998931884766,46.47999954223633,45.81999969482422,45.880001068115234,15558785.0
2024-12-13,45.79999923706055,46.939998626708984,45.220001220703125,46.939998626708984,25317952.0
2024-12-16,46.79999923706055,47.36000061035156,46.720001220703125,46.900001525878906,23932354.0
2024-12-17,47.08000183105469,47.439998626708984,46.86000061035156,47.040000915527344,22028563.0
2024-12-18,47.040000915527344,47.34000015258789,46.599998474121094,46.84000015258789,17172244.0
2024-12-19,46.70000076293945,46.7400016784668,45.400001525878906,45.439998626708984,16232071.0
2024-12-20,45.52000045776367,45.79999923706055,44.439998626708984,44.5,12104481.0
2024-12-23,44.720001220703125,45.02000045776367,43.47999954223633,44.2400016784668,13579244.0
2024-12-24,44.2400016784668,44.31999969482422,43.540000915527344,43.900001525878906,9210604.0
2024-12-25,44.36000061035156,45.040000915527344,44.2400016784668,44.720001220703125,13300183.0
2024-12-26,44.939998626708984,45.880001068115234,44.900001525878906,45.63999938964844,15100680.0
2024-12-27,45.619998931884766,45.880001068115234,45.380001068115234,45.65999984741211,10075497.0
2024-12-30,45.70000076293945,45.779998779296875,44.68000030517578,44.68000030517578,8131201.0
2024-12-31,44.68000030517578,44.70000076293945,43.47999954223633,43.47999954223633,21605639.0
2025-01-02,43.7599983215332,44.20000076293945,43.13999938964844,44.20000076293945,29755374.0
2025-01-03,44.31999969482422,46.220001220703125,44.220001220703125,45.58000183105469,54846732.0
2025-01-06,45.63999938964844,46.47999954223633,45.15999984741211,46.439998626708984,31752673.0
2025-01-07,46.5,46.79999923706055,45.7599983215332,46.47999954223633,41169838.0
2025-01-08,46.36000061035156,47.5,46.08000183105469,46.08000183105469,49503070.0
2025-01-09,46.20000076293945,46.959999084472656,45.81999969482422,46.459999084472656,30087891.0
2025-01-10,46.540000915527344,47.34000015258789,46.52000045776367,46.97999954223633,34804068.0
2025-01-13,47.02000045776367,47.040000915527344,44.31999969482422,45.060001373291016,45134714.0
2025-01-14,45.29999923706055,45.36000061035156,44.68000030517578,44.720001220703125,22884614.0
2025-01-15,44.79999923706055,45.13999938964844,44.380001068115234,44.720001220703125,16862885.0
2025-01-16,45.220001220703125,45.70000076293945,44.36000061035156,45.70000076293945,28567526.0
2025-01-17,45.619998931884766,46.959999084472656,45.52000045776367,46.220001220703125,34584433.0
2025-01-20,46.380001068115234,47.08000183105469,45.880001068115234,46.400001525878906,27660863.0
2025-01-21,46.2599983215332,46.86000061035156,46.099998474121094,46.2599983215332,26429357.0
2025-01-22,46.400001525878906,47.2599983215332,46.060001373291016,47.2599983215332,36178903.0
2025-01-23,47.380001068115234,49.41999816894531,47.29999923706055,49.02000045776367,69777898.0
2025-01-24,49.040000915527344,49.70000076293945,48.2400016784668,49.70000076293945,29101079.0
2025-01-27,49.36000061035156,49.68000030517578,48.47999954223633,48.900001525878906,28915400.0
2025-01-28,48.900001525878906,51.20000076293945,48.41999816894531,51.20000076293945,38411354.0
2025-01-29,51.20000076293945,51.400001525878906,50.20000076293945,50.79999923706055,16829785.0
2025-01-30,50.849998474121094,51.150001525878906,50.0,50.400001525878906,13763521.0
2025-01-31,50.45000076293945,51.04999923706055,49.939998626708984,50.54999923706055,20225666.0
2025-02-03,50.400001525878906,51.599998474121094,49.29999923706055,51.0,31435620.0
2025-02-04,51.29999923706055,51.45000076293945,48.84000015258789,48.84000015258789,37532992.0
2025-02-05,49.0,49.31999969482422,48.279998779296875,48.70000076293945,28399624.0
2025-02-06,48.880001068115234,49.97999954223633,48.86000061035156,49.599998474121094,23863791.0
2025-02-07,49.599998474121094,49.84000015258789,48.97999954223633,49.41999816894531,17116883.0
2025-02-10,49.41999816894531,50.79999923706055,49.20000076293945,49.959999084472656,22042678.0
2025-02-11,49.939998626708984,50.70000076293945,49.15999984741211,50.5,26157542.0
2025-02-12,50.599998474121094,50.95000076293945,49.68000030517578,49.939998626708984,25797935.0
2025-02-13,50.150001525878906,50.849998474121094,49.619998931884766,50.20000076293945,28734090.0
2025-02-14,50.400001525878906,50.79999923706055,49.779998779296875,50.150001525878906,18170418.0
2025-02-17,50.20000076293945,50.25,48.36000061035156,48.380001068115234,31642402.0
2025-02-18,48.380001068115234,49.560001373291016,48.13999938964844,49.36000061035156,27635691.0
2025-02-19,49.560001373291016,50.099998474121094,49.18000030517578,49.459999084472656,25045826.0
2025-02-20,49.70000076293945,51.20000076293945,49.439998626708984,50.70000076293945,23338029.0
2025-02-21,50.70000076293945,51.099998474121094,48.18000030517578,48.7599983215332,20088683.0
2025-02-24,49.36000061035156,49.63999938964844,48.220001220703125,48.720001220703125,12038447.0
2025-02-25,48.779998779296875,48.97999954223633,47.2599983215332,48.15999984741211,19202909.0
2025-02-26,48.20000076293945,49.380001068115234,48.08000183105469,49.0,19894424.0
2025-02-27,48.97999954223633,50.54999923706055,48.400001525878906,50.0,19947405.0
2025-02-28,49.880001068115234,50.349998474121094,47.52000045776367,48.20000076293945,38354222.0
2025-03-03,48.52000045776367,49.540000915527344,48.380001068115234,48.68000030517578,25021020.0
2025-03-04,48.70000076293945,50.0,48.65999984741211,48.900001525878906,20250435.0
2025-03-05,49.380001068115234,50.5,49.15999984741211,50.349998474121094,30917302.0
2025-03-06,50.599998474121094,52.150001525878906,49.939998626708984,52.150001525878906,32673544.0
2025-03-07,52.20000076293945,52.75,51.54999923706055,51.70000076293945,23559672.0
2025-03-10,51.849998474121094,52.20000076293945,49.41999816894531,49.619998931884766,34858986.0
2025-03-11,50.849998474121094,52.099998474121094,50.45000076293945,50.75,47736940.0
2025-03-12,50.900001525878906,53.099998474121094,50.650001525878906,52.95000076293945,33142091.0
2025-03-13,53.04999923706055,55.099998474121094,52.900001525878906,55.0,36703599.0
2025-03-14,55.04999923706055,56.70000076293945,54.29999923706055,56.400001525878906,33934536.0
2025-03-17,56.54999923706055,57.54999923706055,56.20000076293945,57.29999923706055,23529312.0
2025-03-18,57.29999923706055,57.849998474121094,56.75,57.599998474121094,24464923.0
2025-03-19,53.099998474121094,55.849998474121094,51.849998474121094,51.849998474121094,29033347.0
2025-03-20,51.79999923706055,52.400001525878906,49.29999923706055,50.70000076293945,60918031.0
2025-03-21,50.29999923706055,50.29999923706055,45.63999938964844,45.63999938964844,25327133.0
2025-03-24,46.2599983215332,48.0,44.79999923706055,47.099998474121094,36305491.0
2025-03-25,47.70000076293945,51.349998474121094,47.70000076293945,50.650001525878906,38666812.0
2025-03-26,50.349998474121094,51.099998474121094,48.58000183105469,49.29999923706055,30395729.0
2025-03-27,49.70000076293945,50.29999923706055,49.279998779296875,49.400001525878906,26861402.0
2025-03-28,49.400001525878906,49.400001525878906,48.08000183105469,49.099998474121094,23328859.0
2025-04-02,48.599998474121094,49.08000183105469,47.720001220703125,48.2400016784668,23103587.0
2025-04-03,48.2400016784668,49.70000076293945,48.18000030517578,48.70000076293945,25548325.0
2025-04-04,48.70000076293945,49.900001525878906,47.439998626708984,47.459999084472656,31685866.0
2025-04-07,46.36000061035156,49.20000076293945,45.65999984741211,49.20000076293945,33411411.0
2025-04-08,49.720001220703125,52.900001525878906,49.52000045776367,52.45000076293945,28633552.0
2025-04-09,52.29999923706055,53.25,51.20000076293945,51.20000076293945,23213518.0
2025-04-10,52.25,53.099998474121094,51.29999923706055,51.45000076293945,17348001.0
2025-04-11,51.400001525878906,53.25,50.75,53.25,22776294.0
2025-04-14,53.349998474121094,53.70000076293945,52.45000076293945,52.45000076293945,8587989.0
2025-04-15,52.45000076293945,53.349998474121094,51.150001525878906,51.150001525878906,16603985.0
2025-04-16,51.099998474121094,51.20000076293945,49.779998779296875,50.20000076293945,12845241.0
2025-04-17,50.20000076293945,52.45000076293945,49.880001068115234,52.04999923706055,20549551.0
2025-04-18,52.25,52.45000076293945,51.099998474121094,52.0,10715404.0
2025-04-21,52.0,53.599998474121094,51.79999923706055,53.0,13948606.0
2025-04-22,53.29999923706055,55.5,52.79999923706055,55.20000076293945,21230338.0
2025-04-24,55.150001525878906,56.45000076293945,54.650001525878906,55.849998474121094,17024731.0
2025-04-25,56.099998474121094,57.0,54.0,54.20000076293945,17445644.0
2025-04-28,54.099998474121094,54.650001525878906,53.25,54.20000076293945,10958136.0
2025-04-29,54.150001525878906,54.900001525878906,53.75,54.650001525878906,16610117.0
2025-04-30,54.70000076293945,54.849998474121094,52.349998474121094,52.5,15732742.0
2025-05-02,52.70000076293945,53.45000076293945,52.5,53.349998474121094,9240540.0
2025-05-05,53.45000076293945,54.0,52.5,53.29999923706055,12123929.0
2025-05-06,53.0,55.400001525878906,52.900001525878906,54.0,23096194.0
2025-05-07,54.0,55.04999923706055,54.0,54.54999923706055,15608690.0
2025-05-08,56.5,57.349998474121094,54.900001525878906,56.75,28972816.0
2025-05-09,56.0,58.900001525878906,55.45000076293945,58.5,26052780.0
2025-05-12,59.349998474121094,61.54999923706055,59.29999923706055,60.400001525878906,24387131.0
2025-05-13,60.20000076293945,60.95000076293945,59.400001525878906,60.04999923706055,16831777.0
2025-05-14,60.0,61.79999923706055,59.900001525878906,61.349998474121094,17831306.0
2025-05-15,61.400001525878906,62.25,60.349998474121094,61.45000076293945,14946150.0
2025-05-16,61.150001525878906,62.650001525878906,60.849998474121094,62.0,16013389.0
2025-05-20,61.75,62.70000076293945,60.20000076293945,60.79999923706055,14112994.0
2025-05-21,60.650001525878906,61.400001525878906,59.5,59.849998474121094,13903781.0
2025-05-22,60.04999923706055,61.400001525878906,59.349998474121094,60.849998474121094,19667896.0
2025-05-23,60.75,61.54999923706055,59.599998474121094,60.25,14317861.0
2025-05-26,60.45000076293945,61.20000076293945,59.900001525878906,60.5,10246435.0
2025-05-27,60.45000076293945,60.79999923706055,59.599998474121094,59.75,7852826.0
2025-05-28,59.900001525878906,60.349998474121094,58.70000076293945,59.54999923706055,8573308.0
2025-05-29,59.849998474121094,60.349998474121094,58.75,58.75,6925568.0
2025-05-30,58.70000076293945,59.5,55.04999923706055,55.150001525878906,18291829.0
2025-06-02,54.900001525878906,55.599998474121094,54.599998474121094,54.95000076293945,10201818.0
2025-06-03,55.29999923706055,57.25,55.29999923706055,57.25,11845769.0
2025-06-04,56.95000076293945,58.099998474121094,56.95000076293945,57.79999923706055,9280999.0
2025-06-05,57.5,58.79999923706055,57.349998474121094,58.0,4935057.0
2025-06-10,58.400001525878906,58.70000076293945,56.70000076293945,57.849998474121094,16714341.0
2025-06-11,57.70000076293945,58.70000076293945,57.70000076293945,58.349998474121094,15052229.0
2025-06-12,58.20000076293945,58.95000076293945,57.400001525878906,58.099998474121094,13484475.0
2025-06-13,55.0,56.650001525878906,54.150001525878906,56.20000076293945,10944093.0
2025-06-16,56.29999923706055,58.25,55.599998474121094,57.75,10170654.0
2025-06-17,57.79999923706055,58.04999923706055,56.849998474121094,57.150001525878906,6690731.0
2025-06-18,57.0,57.0,55.599998474121094,56.5,9256616.0
2025-06-19,56.650001525878906,56.70000076293945,53.54999923706055,53.54999923706055,10113509.0
2025-06-20,54.20000076293945,58.5,54.04999923706055,54.04999923706055,11996924.0
2025-06-23,53.849998474121094,54.900001525878906,53.20000076293945,53.70000076293945,7534417.0
2025-06-24,55.150001525878906,56.5,54.79999923706055,56.5,15553203.0
2025-06-25,56.45000076293945,56.70000076293945,55.79999923706055,55.849998474121094,8040910.0
2025-06-26,55.900001525878906,56.150001525878906,55.099998474121094,55.099998474121094,8092071.0
2025-06-27,55.20000076293945,55.95000076293945,54.5,55.79999923706055,8998047.0
2025-06-30,55.900001525878906,58.849998474121094,55.849998474121094,58.849998474121094,21038706.0
2025-07-01,58.79999923706055,61.45000076293945,58.75,61.20000076293945,17733033.0
2025-07-02,61.45000076293945,62.400001525878906,60.45000076293945,62.400001525878906,23060456.0
2025-07-03,62.54999923706055,62.79999923706055,60.29999923706055,60.29999923706055,21113765.0
2025-07-04,60.5,61.70000076293945,60.0,61.20000076293945,13664385.0
2025-07-07,60.849998474121094,61.20000076293945,59.099998474121094,59.45000076293945,10789007.0
2025-07-08,59.849998474121094,60.04999923706055,58.0,58.0,10521101.0
2025-07-09,58.099998474121094,58.95000076293945,57.95000076293945,58.54999923706055,11941585.0
2025-07-10,59.0,59.900001525878906,58.29999923706055,58.54999923706055,20514637.0
2025-07-11,59.04999923706055,59.599998474121094,56.95000076293945,57.0,25169660.0
2025-07-14,57.150001525878906,57.29999923706055,55.599998474121094,55.599998474121094,17968265.0
2025-07-16,56.0,56.79999923706055,55.0,55.650001525878906,17517832.0
2025-07-17,56.650001525878906,57.20000076293945,56.0,57.150001525878906,14651666.0
2025-07-18,57.400001525878906,57.45000076293945,56.25,56.849998474121094,10589158.0
2025-07-21,57.099998474121094,58.04999923706055,56.75,57.849998474121094,13776235.0
2025-07-22,57.95000076293945,58.79999923706055,57.45000076293945,57.70000076293945,21562468.0
2025-07-23,57.900001525878906,58.349998474121094,56.79999923706055,56.849998474121094,13583715.0
2025-07-24,57.04999923706055,58.099998474121094,56.900001525878906,57.349998474121094,14294048.0
2025-07-25,57.400001525878906,57.5,56.349998474121094,56.5,10675690.0
2025-07-28,56.75,56.75,55.349998474121094,55.400001525878906,9367340.0
2025-07-29,55.45000076293945,55.70000076293945,53.849998474121094,53.849998474121094,17742303.0
2025-07-30,53.900001525878906,55.20000076293945,53.900001525878906,54.400001525878906,24324304.0
2025-07-31,54.650001525878906,55.25,54.04999923706055,54.45000076293945,20469033.0
2025-08-01,54.599998474121094,54.900001525878906,53.75,54.70000076293945,15119413.0
2025-08-04,55.04999923706055,56.04999923706055,54.900001525878906,55.75,20149539.0
2025-08-05,56.0,56.70000076293945,55.0,55.25,14774086.0
2025-08-06,55.5,55.599998474121094,54.650001525878906,55.04999923706055,11594280.0
2025-08-07,55.400001525878906,56.650001525878906,55.349998474121094,56.25,16038208.0
2025-08-08,56.599998474121094,56.95000076293945,56.04999923706055,56.849998474121094,13069904.0
2025-08-11,57.20000076293945,58.79999923706055,57.04999923706055,58.45000076293945,23942119.0
2025-08-12,58.5,59.150001525878906,57.400001525878906,58.20000076293945,21244320.0
2025-08-13,58.25,58.95000076293945,57.599998474121094,57.900001525878906,18639048.0
2025-08-14,58.400001525878906,59.0,56.25,56.349998474121094,26354717.0
2025-08-15,56.45000076293945,57.25,55.75,55.900001525878906,20587233.0
2025-08-18,56.0,56.25,55.0,55.29999923706055,17430756.0
2025-08-19,55.400001525878906,56.650001525878906,55.150001525878906,55.900001525878906,17500334.0
2025-08-20,56.0,57.099998474121094,55.5,56.70000076293945,18048864.0
2025-08-21,57.150001525878906,58.45000076293945,57.099998474121094,58.400001525878906,21323304.0
2025-08-22,58.45000076293945,58.650001525878906,57.599998474121094,58.04999923706055,14568437.0
2025-08-25,58.400001525878906,60.0,58.29999923706055,59.70000076293945,28101034.0
2025-08-26,59.29999923706055,61.400001525878906,58.900001525878906,61.400001525878906,34590075.0
2025-08-27,61.099998474121094,61.900001525878906,60.29999923706055,60.650001525878906,33150890.0
2025-08-28,60.0,60.150001525878906,56.95000076293945,58.400001525878906,75283222.0
2025-08-29,58.400001525878906,58.650001525878906,55.54999923706055,55.54999923706055,46281391.0
2025-09-01,55.75,56.04999923706055,54.29999923706055,54.349998474121094,35493640.0
2025-09-02,54.5,55.0,50.900001525878906,52.599998474121094,52199706.0
2025-09-03,52.70000076293945,53.45000076293945,51.54999923706055,52.70000076293945,32658292.0
2025-09-04,52.79999923706055,53.650001525878906,52.349998474121094,52.849998474121094,28754566.0
2025-09-05,53.20000076293945,53.75,52.54999923706055,52.900001525878906,27514323.0
2025-09-08,52.400001525878906,52.400001525878906,50.75,51.099998474121094,17795497.0
2025-09-09,51.25,51.45000076293945,50.099998474121094,50.900001525878906,24605727.0
2025-09-10,51.099998474121094,51.45000076293945,50.400001525878906,50.849998474121094,15590046.0
2025-09-11,50.900001525878906,51.75,49.97999954223633,50.0,22582455.0
2025-09-12,49.959999084472656,50.150001525878906,48.29999923706055,48.880001068115234,25906270.0
2025-09-15,48.91999816894531,52.04999923706055,48.86000061035156,52.0,32648102.0
2025-09-16,52.20000076293945,52.29999923706055,50.849998474121094,51.900001525878906,35437035.0
2025-09-17,52.0,52.95000076293945,51.75,52.349998474121094,23923948.0
2025-09-18,52.75,53.29999923706055,51.900001525878906,52.0,22926011.0
2025-09-19,52.0,53.75,51.70000076293945,53.650001525878906,28217771.0
2025-09-22,54.599998474121094,55.0,53.79999923706055,54.150001525878906,26627792.0
2025-09-23,53.45000076293945,54.400001525878906,52.95000076293945,53.5,24185321.0
2025-09-24,53.599998474121094,53.900001525878906,52.0,52.900001525878906,29417104.0
2025-09-25,53.29999923706055,53.75,52.150001525878906,52.599998474121094,17089708.0
2025-09-26,52.400001525878906,52.75,50.75,50.95000076293945,13788628.0
2025-09-29,50.900001525878906,51.400001525878906,50.5,50.54999923706055,16428772.0
2025-09-30,50.650001525878906,51.29999923706055,50.5,50.79999923706055,19969013.0
2025-10-01,50.849998474121094,52.75,50.04999923706055,52.5,17813052.0
2025-10-02,52.5,53.04999923706055,52.150001525878906,52.70000076293945,14125147.0
2025-10-03,53.0,53.150001525878906,51.20000076293945,51.20000076293945,14947427.0
2025-10-06,51.45000076293945,52.650001525878906,51.099998474121094,51.5,20504014.0
2025-10-07,51.599998474121094,52.54999923706055,51.04999923706055,52.25,16454922.0
2025-10-08,52.29999923706055,53.29999923706055,50.5,50.849998474121094,18898120.0
2025-10-09,51.349998474121094,52.400001525878906,51.20000076293945,51.599998474121094,19049569.0
2025-10-10,51.75,52.5,51.349998474121094,51.95000076293945,13693642.0
2025-10-13,51.5,51.54999923706055,50.45000076293945,51.0,17314663.0
2025-10-14,50.95000076293945,51.0,48.220001220703125,49.31999969482422,33221100.0
2025-10-15,49.31999969482422,51.29999923706055,48.81999969482422,50.849998474121094,27459232.0
2025-10-16,50.599998474121094,53.099998474121094,50.20000076293945,50.25,36257862.0
2025-10-17,50.20000076293945,50.29999923706055,47.779998779296875,48.119998931884766,34499206.0
2025-10-20,48.119998931884766,49.939998626708984,47.47999954223633,49.81999969482422,20568591.0
2025-10-21,49.81999969482422,50.29999923706055,49.2400016784668,49.70000076293945,17742050.0
2025-10-22,49.79999923706055,51.20000076293945,49.720001220703125,50.75,19699679.0
2025-10-23,50.79999923706055,51.849998474121094,50.650001525878906,51.54999923706055,16058204.0
2025-10-24,51.75,54.150001525878906,51.599998474121094,52.75,36140032.0
2025-10-27,52.650001525878906,53.04999923706055,52.099998474121094,52.650001525878906,14505211.0
2025-10-28,52.599998474121094,52.95000076293945,52.20000076293945,52.5,7033686.0
2025-10-30,52.599998474121094,53.150001525878906,51.0,51.400001525878906,22270252.0
2025-10-31,51.25,51.54999923706055,50.599998474121094,51.0,30646828.0
2025-11-03,51.099998474121094,52.04999923706055,49.779998779296875,49.959999084472656,34232531.0
2025-11-04,49.97999954223633,50.54999923706055,49.34000015258789,50.0,23605283.0
2025-11-05,52.70000076293945,55.0,52.599998474121094,55.0,112588006.0
2025-11-06,55.849998474121094,56.70000076293945,54.0,55.400001525878906,108308053.0
2025-11-07,55.400001525878906,55.900001525878906,54.5,55.79999923706055,47015061.0
2025-11-10,56.099998474121094,57.599998474121094,55.29999923706055,57.150001525878906,48219009.0
2025-11-11,56.95000076293945,57.75,54.25,56.25,67206415.0
2025-11-12,56.45000076293945,57.54999923706055,55.75,56.29999923706055,31796160.0
2025-11-13,56.5,57.0,56.20000076293945,57.0,19412264.0
2025-11-14,56.70000076293945,56.900001525878906,55.349998474121094,56.400001525878906,20924119.0
2025-11-17,56.650001525878906,56.79999923706055,55.29999923706055,55.400001525878906,33728003.0
2025-11-18,55.25,56.45000076293945,54.79999923706055,55.150001525878906,32396524.0
2025-11-19,55.349998474121094,57.20000076293945,55.29999923706055,56.75,30819938.0
2025-11-20,56.95000076293945,57.20000076293945,56.099998474121094,57.20000076293945,24179311.0
2025-11-21,56.95000076293945,57.25,56.29999923706055,56.79999923706055,21119760.0
2025-11-24,56.79999923706055,56.79999923706055,55.45000076293945,56.099998474121094,17979093.0
2025-11-25,56.20000076293945,56.650001525878906,55.25,55.54999923706055,22319499.0
2025-11-26,55.650001525878906,56.650001525878906,55.400001525878906,55.849998474121094,21049887.0
2025-11-27,56.099998474121094,56.54999923706055,55.599998474121094,56.099998474121094,17175449.0
2025-11-28,55.900001525878906,56.54999923706055,55.599998474121094,55.75,16997476.0
2025-12-01,55.79999923706055,57.349998474121094,55.54999923706055,57.349998474121094,22628192.0
2025-12-02,57.400001525878906,57.599998474121094,56.900001525878906,57.45000076293945,15058920.0
2025-12-03,57.5,58.099998474121094,57.0,57.54999923706055,24857468.0
2025-12-04,57.849998474121094,58.5,56.150001525878906,56.150001525878906,24670865.0
2025-12-05,56.25,56.849998474121094,55.25,55.70000076293945,22355095.0
2025-12-08,55.849998474121094,56.95000076293945,55.150001525878906,56.5,40946558.0
2025-12-09,56.650001525878906,56.900001525878906,55.95000076293945,56.70000076293945,19705491.0
2025-12-10,56.849998474121094,57.400001525878906,56.29999923706055,56.75,31610268.0
2025-12-11,57.0,57.29999923706055,56.25,56.75,22854779.0
2025-12-12,56.849998474121094,58.0,56.849998474121094,57.95000076293945,22585228.0
2025-12-15,58.20000076293945,58.400001525878906,57.54999923706055,57.900001525878906,25984472.0
2025-12-16,57.900001525878906,57.900001525878906,55.349998474121094,55.70000076293945,40102519.0
2025-12-17,55.75,57.0,55.25,56.95000076293945,30787348.0
2025-12-18,57.0,57.20000076293945,56.349998474121094,56.79999923706055,18127507.0
2025-12-19,56.79999923706055,57.04999923706055,56.25,56.75,16064317.0
2025-12-22,56.95000076293945,58.0,56.599998474121094,57.45000076293945,28443713.0
2025-12-23,57.5,57.95000076293945,56.400001525878906,56.599998474121094,20198338.0
2025-12-24,56.599998474121094,57.20000076293945,56.400001525878906,56.5,17421683.0
2025-12-25,56.79999923706055,56.849998474121094,56.5,56.5,5299795.0
2025-12-26,56.599998474121094,56.650001525878906,55.75,56.349998474121094,12662263.0
2025-12-29,56.25,56.45000076293945,55.599998474121094,55.70000076293945,16450999.0
2025-12-30,56.0,57.29999923706055,55.20000076293945,57.150001525878906,24855022.0
2025-12-31,57.25,57.75,56.400001525878906,57.5,24576128.0
2026-01-02,57.45000076293945,58.099998474121094,57.20000076293945,58.099998474121094,24117946.0
2026-01-05,58.20000076293945,59.0,57.900001525878906,58.45000076293945,30853871.0
2026-01-06,58.54999923706055,59.45000076293945,58.400001525878906,59.20000076293945,29117496.0
2026-01-07,59.349998474121094,59.650001525878906,58.5,58.849998474121094,26672347.0
2026-01-08,59.099998474121094,59.54999923706055,57.0,58.45000076293945,33864975.0
2026-01-09,58.599998474121094,59.0,57.650001525878906,58.349998474121094,19432006.0
2026-01-12,58.45000076293945,59.0,58.150001525878906,58.400001525878906,21177330.0
2026-01-13,58.75,59.599998474121094,58.70000076293945,59.400001525878906,27125658.0
2026-01-14,59.45000076293945,59.650001525878906,58.70000076293945,59.54999923706055,22847048.0
2026-01-15,59.54999923706055,61.79999923706055,59.25,61.79999923706055,36990319.0
2026-01-16,61.75,62.400001525878906,60.79999923706055,62.04999923706055,32029215.0
2026-01-19,62.45000076293945,63.650001525878906,61.849998474121094,62.45000076293945,23305856.0
2026-01-20,62.5,62.650001525878906,61.04999923706055,62.0,17204749.0
2026-01-21,62.20000076293945,63.0,62.0,63.0,22159176.0
2026-01-22,63.45000076293945,64.55000305175781,62.25,64.44999694824219,35366176.0
2026-01-23,64.8499984741211,65.55000305175781,64.19999694824219,64.19999694824219,21524938.0
2026-01-26,63.79999923706055,65.9000015258789,63.45000076293945,65.80000305175781,21744707.0
2026-01-27,65.80000305175781,66.1500015258789,64.4000015258789,64.4000015258789,15079802.0
2026-01-28,64.3499984741211,65.3499984741211,63.900001525878906,64.94999694824219,26529038.0
2026-01-29,65.5,66.69999694824219,65.0,65.4000015258789,31598108.0
2026-01-30,65.4000015258789,66.5,65.0,66.5,23435538.0
2026-02-02,66.0,66.0,63.349998474121094,65.3499984741211,20042105.0
2026-02-03,65.4000015258789,68.1500015258789,65.25,67.6500015258789,25613041.0
2026-02-04,68.30000305175781,69.75,67.5,68.5999984741211,22105942.0
2026-02-05,68.0999984741211,69.80000305175781,67.55000305175781,67.6500015258789,27786370.0
2026-02-06,67.6500015258789,67.6500015258789,66.05000305175781,67.0999984741211,18297228.0
2026-02-09,67.80000305175781,68.3499984741211,67.0,67.30000305175781,23774549.0
2026-02-10,67.4000015258789,68.55000305175781,66.5,66.75,28866325.0
2026-02-11,66.25,68.8499984741211,65.94999694824219,68.1500015258789,26178498.0
2026-02-12,68.30000305175781,69.55000305175781,67.6500015258789,69.19999694824219,24412834.0
2026-02-13,69.1500015258789,70.30000305175781,68.9000015258789,70.30000305175781,25115676.0
2026-02-16,70.8499984741211,74.5999984741211,70.69999694824219,72.5999984741211,29411921.0
2026-02-17,72.44999694824219,75.05000305175781,72.1500015258789,72.9000015258789,25458144.0
2026-02-18,72.9000015258789,75.6500015258789,72.4000015258789,72.6500015258789,28312408.0
2026-02-19,73.19999694824219,73.19999694824219,69.0999984741211,69.8499984741211,15242803.0
2026-02-20,69.8499984741211,71.0,69.19999694824219,70.44999694824219,14598705.0
2026-02-23,71.30000305175781,71.5999984741211,70.05000305175781,70.6500015258789,17499320.0
2026-02-24,70.55000305175781,70.9000015258789,69.5,70.19999694824219,17705645.0
2026-02-25,70.30000305175781,71.4000015258789,69.5999984741211,71.0,24438296.0
2026-02-26,71.30000305175781,71.5,69.9000015258789,71.1500015258789,13225429.0
2026-02-27,71.44999694824219,71.9000015258789,67.25,67.94999694824219,35460012.0
2026-03-02,64.05000305175781,66.55000305175781,64.05000305175781,65.80000305175781,18507604.0
2026-03-03,65.75,66.5999984741211,63.54999923706055,63.95000076293945,13902196.0
2026-03-04,63.79999923706055,64.30000305175781,61.849998474121094,62.45000076293945,16892822.0
2026-03-05,62.75,63.75,61.0,61.20000076293945,28481480.0
2026-03-06,61.25,61.79999923706055,58.5,59.099998474121094,14332382.0
2026-03-09,57.0,59.04999923706055,57.0,58.900001525878906,13931147.0
2026-03-10,60.599998474121094,61.95000076293945,60.20000076293945,61.54999923706055,16100843.0
2026-03-11,61.599998474121094,63.70000076293945,61.099998474121094,61.70000076293945,18445790.0
2026-03-12,61.400001525878906,62.95000076293945,60.70000076293945,61.849998474121094,14793236.0
2026-03-13,61.349998474121094,61.5,60.0,60.900001525878906,11663509.0
2026-03-16,61.29999923706055,61.599998474121094,59.900001525878906,60.0,10425905.0
2026-03-17,60.25,60.900001525878906,59.900001525878906,60.5,10471598.0
2026-03-18,60.75,61.0,58.650001525878906,59.25,14106826.0
2026-03-19,58.849998474121094,59.650001525878906,58.70000076293945,59.150001525878906,3576234.0
2026-03-23,58.70000076293945,60.29999923706055,56.79999923706055,60.25,18560466.0
2026-03-24,60.25,60.79999923706055,57.25,57.29999923706055,19053555.0
2026-03-25,58.0,59.150001525878906,57.95000076293945,58.79999923706055,17185664.0
2026-03-26,58.79999923706055,59.54999923706055,57.54999923706055,57.95000076293945,11825897.0
2026-03-27,58.349998474121094,58.75,57.54999923706055,58.5,11583312.0
2026-03-30,58.25,59.099998474121094,57.400001525878906,58.5,11735426.0
2026-03-31,58.650001525878906,60.349998474121094,57.95000076293945,58.04999923706055,21178499.0
2026-04-01,59.0,59.70000076293945,58.70000076293945,59.0,18259488.0
2026-04-02,58.45000076293945,58.650001525878906,57.54999923706055,58.29999923706055,18817613.0
2026-04-03,58.400001525878906,59.349998474121094,58.150001525878906,58.599998474121094,15751836.0
2026-04-06,58.650001525878906,59.45000076293945,58.349998474121094,59.04999923706055,13627192.0
2026-04-07,58.849998474121094,59.150001525878906,57.20000076293945,57.20000076293945,15058949.0
2026-04-08,59.25,62.20000076293945,59.25,61.0,31008268.0
2026-04-09,60.79999923706055,61.849998474121094,60.0,61.849998474121094,13847883.0
2026-04-10,62.349998474121094,63.79999923706055,62.150001525878906,63.54999923706055,16767604.0
2026-04-13,62.150001525878906,62.5,61.04999923706055,62.349998474121094,20419239.0
2026-04-14,62.79999923706055,63.75,62.25,62.70000076293945,14863509.0
2026-04-15,63.400001525878906,63.70000076293945,62.5,62.95000076293945,14970597.0
2026-04-16,63.25,64.5,62.5,62.849998474121094,18275587.0
2026-04-17,62.95000076293945,65.5999984741211,62.75,65.4000015258789,17741601.0
2026-04-20,64.19999694824219,66.69999694824219,64.19999694824219,66.4000015258789,18078927.0
2026-04-21,66.6500015258789,66.80000305175781,64.5999984741211,65.0999984741211,9247020.0
2026-04-22,65.0,65.0999984741211,62.900001525878906,63.650001525878906,21679350.0
2026-04-24,63.45000076293945,64.55000305175781,62.70000076293945,64.25,14149951.0
2026-04-27,64.30000305175781,65.44999694824219,63.900001525878906,64.30000305175781,13553241.0
2026-04-28,64.19999694824219,64.25,62.45000076293945,62.45000076293945,10616200.0
2026-04-29,62.75,63.150001525878906,62.0,62.75,9678257.0
2026-04-30,62.25,62.650001525878906,61.70000076293945,62.150001525878906,9236514.0
2026-05-04,62.5,63.25,60.0,60.400001525878906,16269367.0
2026-05-05,60.5,62.900001525878906,60.29999923706055,62.650001525878906,13994247.0
2026-05-06,63.099998474121094,65.9000015258789,63.04999923706055,65.6500015258789,17017873.0
2026-05-07,67.9000015258789,68.9000015258789,65.69999694824219,66.19999694824219,29630305.0
2026-05-08,65.8499984741211,66.75,65.0999984741211,66.0999984741211,23035442.0
2026-05-11,66.19999694824219,68.0,65.80000305175781,66.8499984741211,24473168.0
2026-05-12,66.55000305175781,66.75,64.55000305175781,64.55000305175781,14180258.0
2026-05-13,64.9000015258789,65.30000305175781,63.599998474121094,64.75,13866025.0
2026-05-14,65.05000305175781,65.25,63.400001525878906,63.650001525878906,13144974.0
2026-05-15,63.25,63.29999923706055,61.20000076293945,61.70000076293945,14391352.0
2026-05-18,61.5,62.400001525878906,60.29999923706055,61.54999923706055,14200075.0
2026-05-20,62.29999923706055,62.70000076293945,61.150001525878906,62.150001525878906,18790978.0
2026-05-21,62.25,62.45000076293945,57.45000076293945,57.45000076293945,16464632.0
2026-05-22,56.400001525878906,60.04999923706055,56.25,59.45000076293945,27465824.0
2026-05-25,59.70000076293945,60.400001525878906,58.849998474121094,60.400001525878906,12873824.0
2026-05-26,61.04999923706055,62.400001525878906,60.400001525878906,61.25,13295787.0
2026-05-27,61.25,61.25,61.25,61.25,0.0
2026-05-28,61.25,61.25,61.25,61.25,0.0
2026-05-29,61.25,61.25,61.25,61.25,0.0
2026-06-01,61.29999923706055,62.29999923706055,60.75,61.0,32531141.0
2026-06-02,61.45000076293945,63.349998474121094,61.45000076293945,63.150001525878906,35945870.0
2026-06-03,62.95000076293945,64.5,62.54999923706055,62.900001525878906,38543514.0
2026-06-04,63.150001525878906,64.69999694824219,62.54999923706055,63.650001525878906,55826975.0
2026-06-05,63.849998474121094,64.44999694824219,61.900001525878906,62.29999923706055,43709501.0
2026-06-08,62.0,64.3499984741211,61.70000076293945,64.30000305175781,34872099.0
2026-06-09,64.5,65.44999694824219,62.900001525878906,62.900001525878906,48468573.0
2026-06-10,62.650001525878906,63.25,61.04999923706055,61.25,25338581.0
2026-06-11,61.5,62.0,60.45000076293945,61.70000076293945,26808272.0
2026-06-12,62.900001525878906,64.44999694824219,62.54999923706055,64.0999984741211,48296116.0
2026-06-15,65.5999984741211,66.19999694824219,64.69999694824219,65.05000305175781,42124428.0
2026-06-16,65.0999984741211,65.25,64.19999694824219,64.5,33455023.0
2026-06-17,64.80000305175781,65.1500015258789,61.95000076293945,62.45000076293945,33129207.0
2026-06-18,62.70000076293945,64.0999984741211,62.70000076293945,64.0,36697149.0
2026-06-19,63.45000076293945,63.79999923706055,62.75,63.099998474121094,33092361.0
2026-06-22,63.400001525878906,64.1500015258789,63.0,63.849998474121094,28916484.0
2026-06-23,63.54999923706055,63.650001525878906,61.20000076293945,61.29999923706055,34240994.0
2026-06-24,61.400001525878906,61.650001525878906,60.79999923706055,61.20000076293945,20568663.0
2026-06-25,61.79999923706055,62.349998474121094,60.70000076293945,60.70000076293945,32522113.0
2026-06-26,60.95000076293945,62.400001525878906,60.849998474121094,62.25,24807718.0
2026-06-29,62.349998474121094,63.20000076293945,62.0,62.5,26127972.0
2026-06-30,62.5,62.95000076293945,60.599998474121094,61.400001525878906,35804935.0
2026-07-01,61.20000076293945,61.29999923706055,60.150001525878906,60.650001525878906,43462873.0
2026-07-02,60.79999923706055,61.79999923706055,60.25,60.400001525878906,38062694.0
2026-07-03,60.95000076293945,61.29999923706055,59.5,61.20000076293945,35033424.0
2026-07-06,61.400001525878906,62.0,60.400001525878906,60.45000076293945,23892551.0
2026-07-07,60.400001525878906,60.95000076293945,59.150001525878906,59.29999923706055,38439398.0
2026-07-08,59.20000076293945,59.20000076293945,57.099998474121094,57.29999923706055,31816237.0
2026-07-09,57.5,58.400001525878906,56.599998474121094,56.70000076293945,28479917.0
2026-07-10,56.79999923706055,58.25,56.54999923706055,58.0,29336459.0
2026-07-13,57.650001525878906,58.150001525878906,57.29999923706055,57.75,24817812.0
2026-07-14,57.70000076293945,58.25,57.099998474121094,57.5,42827052.0
2026-07-16,57.75,59.150001525878906,57.650001525878906,58.650001525878906,37532926.0
2026-07-17,58.5,59.04999923706055,57.400001525878906,58.150001525878906,32957797.0
2026-07-20,58.20000076293945,59.54999923706055,57.650001525878906,59.0,37080077.0
2026-07-21,59.29999923706055,60.0,58.54999923706055,58.599998474121094,39254793.0
2026-07-22,58.849998474121094,59.79999923706055,58.45000076293945,58.650001525878906,29705595.0
2026-07-23,58.70000076293945,58.79999923706055,55.150001525878906,55.650001525878906,47026301.0
2026-07-24,55.79999923706055,55.95000076293945,53.150001525878906,54.0,53011577.0
2026-07-27,54.400001525878906,54.900001525878906,52.5,52.75,32217137.0
2026-07-28,52.54999923706055,53.29999923706055,52.0,52.04999923706055,34156814.0
2026-07-29,52.150001525878906,52.75,50.849998474121094,51.25,44076543.0
2026-07-30,51.29999923706055,51.75,50.20000076293945,50.70000076293945,40775902.0
2026-07-31,50.900001525878906,51.150001525878906,50.04999923706055,51.0,38008011.0
2026-08-03,51.5,53.04999923706055,51.5,52.75,36514390.0
2026-08-04,52.79999923706055,53.900001525878906,52.0,53.900001525878906,46516882.0
2026-08-05,53.75,53.849998474121094,51.900001525878906,53.349998474121094,54614886.0
2026-08-06,53.5,54.099998474121094,51.650001525878906,53.5,69585345.0
2026-08-07,53.75,54.599998474121094,53.150001525878906,54.5,44121708.0
2026-08-10,54.75,56.45000076293945,54.04999923706055,56.0,46738866.0
2026-08-11,55.79999923706055,56.45000076293945,54.5,55.45000076293945,48945302.0
2026-08-12,55.45000076293945,56.650001525878906,55.099998474121094,56.349998474121094,48369027.0
2026-08-13,56.29999923706055,57.70000076293945,54.95000076293945,54.95000076293945,59236784.0
2026-08-14,54.79999923706055,55.5,54.29999923706055,54.5,36113082.0
2026-08-17,54.70000076293945,54.900001525878906,52.849998474121094,52.95000076293945,25661956.0
2026-08-18,52.95000076293945,53.95000076293945,52.650001525878906,53.70000076293945,21555554.0
2026-08-19,53.54999923706055,54.5,53.099998474121094,54.099998474121094,27995087.0
2026-08-20,54.29999923706055,54.75,53.5,53.849998474121094,19193741.0
2026-08-21,53.900001525878906,55.20000076293945,53.75,54.849998474121094,37402177.0
2026-08-24,55.25,55.650001525878906,53.349998474121094,53.400001525878906,34507766.0
2026-08-25,53.45000076293945,53.70000076293945,52.70000076293945,53.29999923706055,20376278.0
2026-08-26,53.400001525878906,54.45000076293945,53.25,53.849998474121094,32494098.0
