Date,open,high,low,close,volume
2018-01-01,24.402585983276367,24.402585983276367,24.402585983276367,24.402585983276367,0.0
2018-01-02,24.40258532767283,24.5631285011055,24.32231488925185,24.4668025970459,83700.0
2018-01-03,24.450747667660927,24.547073564785524,23.824628188055776,24.001224517822266,223560.0
2018-01-04,24.017281446284933,24.370476423937554,24.017281446284933,24.306259155273438,146026.0
2018-01-05,24.306259749691996,24.579184296484286,24.209933844340142,24.434694290161133,181820.0
2018-01-08,25.205299332216004,25.686928816922578,25.205299332216004,25.397951126098633,637299.0
2018-01-09,25.510334190951518,25.526389656475782,24.948431939644074,25.044757843017578,138594.0
2018-01-10,25.04475569396836,25.04475569396836,24.466800323320744,24.691560745239258,158420.0
2018-01-11,24.787886742948842,25.558496203592522,24.659452215606645,25.510332107543945,230139.0
2018-01-12,25.63876701674719,25.67087564906096,25.365842493784864,25.397951126098633,111151.0
2018-01-15,25.397951933035795,25.526388762962082,24.531018833019992,24.755779266357422,173015.0
2018-01-16,24.72367079662963,25.349790299079626,24.56312762889766,25.189247131347656,114798.0
2018-01-17,25.044755466804638,25.622713128800495,24.96448503657135,25.43006134033203,125606.0
2018-01-18,25.462165487492634,25.7190368133045,25.285569178197928,25.686925888061523,245415.0
2018-01-19,25.702986089851297,25.911693362870842,25.26951837482108,25.55849838256836,200799.0
2018-01-22,26.008015730767266,26.008015730767266,25.574548074667522,25.638765335083008,66517.0
2018-01-23,25.767200455922765,25.84747318160653,25.365841420684816,25.654821395874023,86621.0
2018-01-24,25.67087790868853,25.67087790868853,25.23741018600222,25.3658447265625,137109.0
2018-01-25,25.36584162462686,25.558495708498757,24.69156036914184,24.80394172668457,252701.0
2018-01-26,24.836052167225304,25.301626205444336,24.836052167225304,25.301626205444336,126577.0
2018-01-29,25.365840558360144,25.911689562636283,25.365840558360144,25.590600967407227,133438.0
2018-01-30,25.590601837372745,25.654821395874023,25.414005515413166,25.654821395874023,149596.0
2018-01-31,25.67087790868853,25.831421084388882,25.20530155086215,25.3658447265625,82078.0
2018-02-01,25.365845456479832,25.462171364671875,24.900271381847016,24.996597290039062,48041.0
2018-02-02,24.996594092941837,25.62271356440403,24.916321364753387,25.237407684326172,121751.0
2018-02-05,25.237411981338965,25.526392014747767,24.819999694824222,24.81999969482422,48071.0
2018-02-06,24.56312596177271,24.78788638134274,23.744354713615206,24.22598648071289,130396.0
2018-02-07,24.40258532767283,24.531019866418966,24.274150788926697,24.4668025970459,54493.0
2018-02-08,24.40258544818244,24.40258544818244,23.856738655815754,24.081499099731445,39688.0
2018-02-09,24.081498396310952,24.16176883278364,23.118239379094774,23.32694435119629,251053.0
2018-02-12,23.375105217869724,23.87278782631285,23.359049754841063,23.648027420043945,50205.0
2018-02-13,24.12966254480987,24.322314348647062,23.888846641718054,24.145715713500977,96836.0
2018-02-14,24.30625942262602,24.43469396136694,24.2259889842083,24.35442352294922,117465.0
2018-02-15,24.643399825287336,25.349789747950396,24.466801196326283,24.980539321899414,224184.0
2018-02-16,25.28557303198684,25.36584346755751,25.076865765639965,25.189247131347656,52966.0
2018-02-19,25.430064024988628,25.430064024988628,24.40258541476192,25.20530128479004,68752.0
2018-02-20,25.365843241414943,25.43006280452582,24.691561942952045,24.83605194091797,42510.0
2018-02-21,24.88421337547774,25.5263883277992,24.88421337547774,25.17319107055664,158977.0
2018-02-22,25.17319069064979,25.430062045656086,24.85210436763009,25.285572052001953,39496.0
2018-02-23,25.365842867275905,25.494277398422085,25.173191070556637,25.17319107055664,57654.0
2018-02-26,25.221355057123727,25.365842755732523,25.20529959250577,25.333736419677734,39971.0
2018-02-27,25.365845456479832,25.365845456479832,24.56312955487946,24.996597290039062,106674.0
2018-02-28,24.884216638706143,25.060815290485948,24.852108001708984,24.852108001708984,90015.0
2018-03-01,24.98053829540992,25.36584187375704,24.707616075709282,25.157136917114258,128473.0
2018-03-02,25.0447587664493,25.108976037732738,24.771836511790067,25.028705596923828,95094.0
2018-03-05,25.108974175333838,25.349790073080175,24.402584243610807,24.83605194091797,70552.0
2018-03-06,25.04475982369193,25.04475982369193,24.643403009522892,24.852108001708984,85438.0
2018-03-07,24.820000364692188,25.494281768798828,24.787891726401398,25.494281768798828,150699.0
2018-03-08,25.349790744137106,25.654823916478524,24.884214401245117,24.884214401245117,89248.0
2018-03-09,25.0768662059058,25.108974840015915,24.723671230694546,24.884214401245117,70441.0
2018-03-12,24.98054030357546,25.0768662059058,24.77183533015505,24.884214401245117,55008.0
2018-03-13,24.819993955384103,24.948428475381412,24.69155943538679,24.70761489868164,50784.0
2018-03-14,24.78788974375031,24.964488388519968,24.370477479356587,24.94843292236328,160740.0
2018-03-15,24.723668750517074,25.028701892258816,24.418637905365774,24.450746536254883,56068.0
2018-03-16,24.563128830630273,24.691563371099413,24.33836838480928,24.434694290161133,145867.0
2018-03-19,24.402584299684317,24.93237789798928,24.402584299684317,24.755779266357422,90804.0
2018-03-20,24.755779539687722,25.012648609195182,24.4346932028034,24.916322708129883,319228.0
2018-03-21,25.89293189668329,25.944854937729342,25.26984054846108,25.737157821655273,264517.0
2018-03-22,25.719847652308307,25.892928560066466,25.148679418734083,25.373685836791992,117240.0
2018-03-23,25.26983702711204,25.26983702711204,24.940982067848203,25.07944679260254,61171.0
2018-03-26,25.16598978419694,25.44291924801812,25.148680454735764,25.269838333129883,101685.0
2018-03-27,25.442919351901676,25.581384084377618,25.442919351901676,25.51215171813965,74088.0
2018-03-28,25.512150882086846,25.54676706407143,25.148679733276367,25.148679733276367,78451.0
2018-03-29,25.20060629300007,25.235222476425278,24.88905816622844,25.044832229614258,79923.0
2018-03-30,25.131371861355046,25.32175961657906,24.992904663085938,24.992904663085938,35810.0
2018-04-02,25.027523330512178,25.131371872300836,24.87174927985692,25.0621395111084,23452.0
2018-04-03,25.062140263651948,25.200604990194524,24.923675537109375,24.923675537109375,30607.0
2018-04-04,24.871752356196488,25.114065650341296,24.871752356196488,24.94098472595215,58128.0
2018-04-05,25.010217095707805,25.010217095707805,24.871752356196488,24.94098472595215,47842.0
2018-04-06,24.88905613218276,25.68523076184035,24.88905613218276,25.0621395111084,73771.0
2018-04-09,25.13137503238071,25.339072142074365,24.68136215209961,24.68136215209961,153425.0
2018-04-10,24.750594287235337,24.85444284109715,24.058270594823256,24.456357955932617,63630.0
2018-04-11,24.525589094086516,24.975599471565634,23.746723741246463,24.767902374267578,157531.0
2018-04-12,24.837132843313913,24.923674531884917,24.30058081162941,24.508277893066406,120660.0
2018-04-13,24.5082765869709,24.62943444932466,24.162114803023563,24.387121200561523,147648.0
2018-04-16,24.508280708162356,24.750593997671697,24.300583602868635,24.421741485595703,86842.0
2018-04-17,24.577513025461872,24.59482235550607,23.79864764425839,23.9198055267334,144271.0
2018-04-18,24.040961149143076,24.50827835317734,23.86788024469621,24.33519744873047,138191.0
2018-04-19,24.56020267067254,24.85443895598179,24.28327323699586,24.71597671508789,98593.0
2018-04-20,24.664056558849648,24.68136341423672,24.058272053292576,24.36981773376465,119218.0
2018-04-23,24.36981773376465,24.36981773376465,24.36981773376465,24.36981773376465,0.0
2018-04-24,24.439047552204926,24.50827991840522,23.781340073302168,23.798646926879883,111883.0
2018-04-25,23.937112975442723,23.954419828181898,22.431307845572153,22.517847061157227,534125.0
2018-04-26,22.794776515294583,22.86400887814884,21.35820374809636,21.375513076782227,623930.0
2018-04-27,21.444746670756867,21.4620535244917,20.735113672789105,20.994733810424805,392750.0
2018-04-30,20.96011796083933,21.51397938023589,20.596649267171486,20.83896255493164,254617.0
2018-05-01,20.83896255493164,20.83896255493164,20.83896255493164,20.83896255493164,0.0
2018-05-02,21.115890146452553,21.30628037928373,20.163943934185777,20.38895034790039,325348.0
2018-05-03,20.492799809292137,20.631264539033587,19.48892928069428,19.662010192871094,271488.0
2018-05-04,19.713935423901813,20.077405357124494,19.437005950970246,20.0081729888916,147258.0
2018-05-07,20.04278931755792,20.060097409740965,19.506238459883367,19.679319381713867,91807.0
2018-05-08,19.765857050473397,19.852397499163807,19.385079076235584,19.575468063354492,184631.0
2018-05-09,19.471620617234112,19.765858159287482,18.883144295155066,19.592777252197266,96759.0
2018-05-10,19.679319712291505,19.904324914450843,19.350465955289398,19.835092544555664,76040.0
2018-05-11,19.973558269042137,19.99086636236922,19.40239118924837,19.48893165588379,48451.0
2018-05-14,19.713934233013727,19.7831665970644,19.454312867823706,19.748550415039062,34526.0
2018-05-15,19.800475536258556,19.800475536258556,19.02161016935237,19.160076141357422,116283.0
2018-05-16,19.246616935974796,19.419697856535848,19.056227923357643,19.31584930419922,35820.0
2018-05-17,19.38508045882486,19.55816136855022,19.038917401401825,19.05622673034668,74358.0
2018-05-18,19.07353296440938,19.194690835257866,18.588906432904544,18.60621452331543,296805.0
2018-05-21,18.69275665283203,18.81391329658067,18.571600009083394,18.69275665283203,269011.0
2018-05-22,18.658141520929906,18.865838636209855,18.588909149169922,18.588909149169922,69418.0
2018-05-23,18.623523815775517,19.12545847008845,18.46775099202323,18.86583709716797,239842.0
2018-05-24,18.952380838078835,20.077406908811206,18.93507150671046,19.731245040893555,520235.0
2018-05-25,19.852398148052245,19.852398148052245,19.71393342562178,19.765857696533203,254707.0
2018-05-28,19.938939496446825,20.250486373901367,19.904323314282134,20.250486373901367,180375.0
2018-05-29,20.354333956288304,20.354333956288304,20.14663687313798,20.21586799621582,117470.0
2018-05-30,20.215870000179862,20.250487422108748,20.008172896440882,20.146638870239258,151678.0
2018-05-31,20.112018069823808,20.198559753149866,20.09470998075303,20.163942337036133,117721.0
2018-06-01,20.267794856400542,20.30241227932056,19.66201161981771,19.835092544555664,348397.0
2018-06-04,19.869708252425816,20.25048751567912,18.346594913329806,20.0081729888916,85335.0
2018-06-05,20.077401891682257,20.5966458017777,20.02547762446993,20.163942337036133,90204.0
2018-06-06,20.077405611784947,20.094713704062702,18.035049485037142,18.156206130981445,612277.0
2018-06-07,18.208128015886917,18.329284645915365,17.481186997743976,17.75811767578125,326707.0
2018-06-08,17.792735627972007,17.81004371969998,16.636553614976396,16.795787811279297,449385.0
2018-06-11,16.84425068738494,17.515804892895503,16.615784124554352,17.190412521362305,260300.0
2018-06-12,17.245799510380266,17.498498164053935,16.989640723664177,17.12118148803711,98898.0
2018-06-13,17.273491118417216,17.273491118417216,16.62270639383789,16.629629135131836,98707.0
2018-06-14,16.698863267114067,17.135026931762695,16.394239119052802,17.135026931762695,73123.0
2018-06-15,17.135026931762695,17.135026931762695,17.135026931762695,17.135026931762695,0.0
2018-06-18,16.927327598577598,17.34272174593806,16.927327598577598,17.19733428955078,144725.0
2018-06-19,17.13502712044504,17.51580514326291,16.885791091607757,16.927330017089844,182850.0
2018-06-20,17.051945705122627,17.12810204207967,16.906558247798056,17.04502296447754,78665.0
2018-06-21,17.05887045223232,17.602346509878497,17.01040878607221,17.46388053894043,92953.0
2018-06-22,17.49849510192871,17.619651732055342,17.287336651302457,17.49849510192871,56531.0
2018-06-25,18.450446038729872,18.450446038729872,16.899639040880277,16.996564865112305,90425.0
2018-06-26,17.045025000891858,17.114257367502972,16.885790805280767,16.89271354675293,70059.0
2018-06-27,16.934251770122827,17.11425665863944,16.712707958549014,16.975791931152344,274170.0
2018-06-28,16.96194598705681,17.14887362531342,16.719632702865155,16.795787811279297,371313.0
2018-06-29,16.871942141335264,17.983123807359096,16.871942141335264,17.723501205444336,473225.0
2018-07-02,18.000430486097677,18.000430486097677,17.567727008834918,17.67157554626465,161240.0
2018-07-03,17.775426817008046,18.415827467604185,17.758119962747383,18.035049438476562,184535.0
2018-07-04,18.03504724103944,18.346592863275237,18.000431060791016,18.000431060791016,167934.0
2018-07-05,18.035050291178873,18.398520245258386,17.948509825921846,18.138898849487305,143752.0
2018-07-06,18.121587922762306,18.329285006901568,17.896582748278107,17.913890838623047,125229.0
2018-07-09,18.450441639316136,18.450441639316136,17.810042296553416,17.913890838623047,208779.0
2018-07-10,17.810044727189986,17.87927586004583,17.39464926424785,17.481189727783203,86115.0
2018-07-11,17.429266821232,17.429266821232,16.421934756032044,16.435781478881836,198193.0
2018-07-12,16.608859712123778,16.830403527688457,16.359623693346226,16.61578369140625,189680.0
2018-07-13,16.698863427691407,16.761171815827588,16.546551971182325,16.588090896606445,55297.0
2018-07-16,16.61578399527824,16.72655528610021,16.52578092876648,16.60886001586914,217558.0
2018-07-17,16.615784699627902,16.92040638128754,16.491166682677484,16.90656089782715,212411.0
2018-07-18,16.899637262306825,17.093488890369297,16.61578503802918,16.885791778564453,113992.0
2018-07-19,16.650397713487042,17.13502420554085,16.650397713487042,16.934249877929688,75860.0
2018-07-20,16.858097933995417,17.05194831947277,16.858097933995417,16.961946487426758,34346.0
2018-07-23,17.038100147570045,17.252721215840094,16.546550865031435,16.788864135742188,293887.0
2018-07-24,16.788864370038873,17.031177644131226,16.671169103599553,16.87886619567871,151010.0
2018-07-25,16.975792602830786,17.619653363526847,16.89963625691623,17.46388053894043,162667.0
2018-07-26,17.446571581739708,17.82734957850379,17.301184114527796,17.360031127929688,79063.0
2018-07-27,17.394648694968748,17.498497247812494,17.176567476780324,17.411956787109375,45384.0
2018-07-30,17.463879329675155,17.861966647358848,17.342722696719505,17.77542495727539,74116.0
2018-07-31,17.844657679953084,17.91389003823957,17.533110829691672,17.67157554626465,112685.0
2018-08-01,17.758118625275642,17.792734807134636,17.550421534121686,17.723501205444336,25798.0
2018-08-02,16.927328975464686,17.360031247494966,16.927328975464686,17.031177520751953,129905.0
2018-08-03,16.913485764052364,17.13502962088802,16.698865887789033,16.996564865112305,79327.0
2018-08-06,17.308108744045327,17.498497763199765,16.795788706404405,16.885791778564453,146246.0
2018-08-07,16.961946469652545,17.12810465015754,16.28346826423417,16.62270736694336,330307.0
2018-08-08,16.622707474865752,17.238876057102107,16.608860753405036,17.204259872436523,255952.0
2018-08-09,17.03118015339695,17.567731053653443,16.68501828226373,17.245800018310547,220342.0
2018-08-10,17.325414657592773,17.48118747185409,15.854225729374722,17.325414657592773,223766.0
2018-08-13,16.366548136003455,17.411957698819457,15.791918456468535,17.12118148803711,238751.0
2018-08-14,17.342724747850653,17.810044482493385,17.325416655381385,17.567729949951172,214351.0
2018-08-15,17.983125671046725,18.035049949216404,16.31808492272192,16.449626922607422,421996.0
2018-08-16,16.595013748020687,16.781941375666555,15.618835449218752,15.61883544921875,279855.0
2018-08-17,15.577296513591364,15.577296513591364,14.891895625453799,15.231133460998535,163846.0
2018-08-20,15.28652072412086,15.736531094384937,15.28652072412086,15.549603462219238,62313.0
2018-08-21,15.549603462219238,15.549603462219238,15.549603462219238,15.549603462219238,0.0
2018-08-22,15.549603462219238,15.549603462219238,15.549603462219238,15.549603462219238,0.0
2018-08-23,15.549603462219238,15.549603462219238,15.549603462219238,15.549603462219238,0.0
2018-08-24,15.549603462219238,15.549603462219238,15.549603462219238,15.549603462219238,0.0
2018-08-27,16.49116407972467,16.49116407972467,15.688066743106399,15.771145820617676,101611.0
2018-08-28,15.874994826250008,16.089615885982116,15.819609185599617,15.992690086364746,117251.0
2018-08-29,16.006538032013157,16.248851311643897,15.854226580079366,16.06884765625,101941.0
2018-08-30,16.06884765625,16.06884765625,16.06884765625,16.06884765625,0.0
2018-08-31,16.055002373016098,16.24193002449082,15.812687833717412,15.861150741577148,109818.0
2018-09-03,15.784995548402394,16.13115740569917,15.784995548402394,15.958076477050781,169316.0
2018-09-04,16.041154216835206,16.13808002388863,15.667298947311817,15.681145668029785,140531.0
2018-09-05,15.715762709639774,15.92345981784203,15.681146524939397,15.784995079040527,100391.0
2018-09-06,15.840379825313606,16.055000901022904,15.715761815080139,15.729608535766602,82751.0
2018-09-07,15.784992207025761,15.909610201678898,15.736529309668377,15.826532363891602,81969.0
2018-09-10,15.833456900092285,15.895765285499296,15.480371097563227,15.549603462219238,75832.0
2018-09-11,15.715763685161454,15.715763685161454,15.334984391848858,15.438834190368652,85226.0
2018-09-12,15.404215610899492,15.805763068385232,15.2588269059319,15.265750885009766,154895.0
2018-09-13,15.272674752121917,15.49421857747367,15.141132757639578,15.411139488220215,92803.0
2018-09-14,15.438832402103769,16.2626980488738,15.438832402103769,16.027307510375977,252718.0
2018-09-17,16.068848265126242,16.13115665375171,15.708838464752366,15.74345588684082,77610.0
2018-09-18,15.784995548402394,15.958076477050783,15.784995548402394,15.958076477050781,56229.0
2018-09-19,15.958076517051481,16.24192998352982,15.77807284599494,15.909613609313965,168776.0
2018-09-20,15.92346032684444,15.958076512651342,15.53575954099612,15.570374488830566,194221.0
2018-09-21,15.549602287156162,15.681144265251062,15.397290848828446,15.452677726745605,159845.0
2018-09-24,15.584218728256712,16.20731121149777,15.563449267675537,15.895764350891113,212591.0
2018-09-25,15.965000621850992,16.615785415478573,15.951153899821634,16.442703247070312,272701.0
2018-09-26,16.415010658823316,16.643477234085104,16.24885247428432,16.546552658081055,96180.0
2018-09-27,16.47731686173821,16.615782822450576,16.311159937233462,16.511934280395508,337620.0
2018-09-28,16.615780215003582,16.664241869979904,16.35269629270428,16.59501075744629,235723.0
2018-10-01,16.664243625894127,17.06579229151607,16.657320885302937,16.802709579467773,114303.0
2018-10-02,16.851172989591195,17.01733116075779,16.449625520239657,16.61578369140625,86630.0
2018-10-03,16.463472256629768,16.574243545532227,16.34577698843819,16.574243545532227,94183.0
2018-10-04,16.532703735577414,16.532703735577414,15.701914161447739,15.722684860229492,79818.0
2018-10-05,16.511934359639323,16.511934359639323,15.653451341369554,15.978843688964844,51628.0
2018-10-08,15.847303554526967,16.138079732464004,15.750377749223846,16.034231185913086,32025.0
2018-10-09,16.44269939892263,16.525778473682994,15.861147113572265,16.04807472229004,102963.0
2018-10-10,16.207313941828485,16.241930127952735,14.635737606220422,15.757302284240723,67520.0
2018-10-11,15.764225426015747,15.764225426015747,15.099593944987143,15.300368309020996,83634.0
2018-10-12,15.383445074569629,15.64652904692436,15.16882524235636,15.418061256408691,93736.0
2018-10-15,15.771147312441483,15.771147312441483,15.418061509112531,15.501140594482422,249356.0
2018-10-16,15.501141162203874,15.528834604332205,15.12036314178738,15.224211692810059,561335.0
2018-10-17,15.231134219745416,15.30036782409073,15.030361100047271,15.092669486999512,250946.0
2018-10-18,15.1065159393191,15.27959685217461,14.961128467709408,15.051130294799805,133372.0
2018-10-19,15.037284278786652,15.106516647172912,14.850356636549268,14.96805191040039,96453.0
2018-10-22,15.058054979253184,15.092669925472933,14.483425331285607,14.6218900680542,111961.0
2018-10-23,14.621890325094743,14.621890325094743,13.922642649337726,13.978028297424316,155949.0
2018-10-24,13.915718715592348,13.991873820441665,13.500323295593262,13.500323295593262,161452.0
2018-10-25,13.50032422942722,13.50032422942722,13.084930018667121,13.16108512878418,189847.0
2018-10-26,13.078005211522534,13.078005211522534,12.537993019298336,12.655688285827637,180013.0
2018-10-29,12.655688285827637,12.655688285827637,12.655688285827637,12.655688285827637,0.0
2018-10-30,12.704150529871237,13.673403576749065,12.704150529871237,13.084928512573242,242285.0
2018-10-31,13.064159144616907,13.119544785808039,12.544915199279785,12.544915199279785,164748.0
2018-11-01,12.579532623291016,12.981081347058476,12.517224235031243,12.579532623291016,144202.0
2018-11-02,12.669535749571454,12.925694521316139,12.378759555783754,12.524147033691406,375472.0
2018-11-05,12.600304077705449,13.050314495490479,12.600304077705449,12.787230491638184,161343.0
2018-11-06,12.835691609998326,12.884154511212747,12.461837596284841,12.669534683227539,161878.0
2018-11-07,12.704152777276116,12.794154614241931,12.537994587514248,12.634919166564941,321326.0
2018-11-08,12.641841032767129,12.759536294337469,12.434143949280273,12.496452331542969,149446.0
2018-11-09,12.392605406996076,12.503377942094565,12.087983720913195,12.115675926208496,223642.0
2018-11-12,12.12259872584222,12.337218557369773,11.527199657329257,11.631048202514648,350626.0
2018-11-13,11.693357970365494,12.04644253320185,11.561815982971064,11.824898719787598,145447.0
2018-11-14,11.838745231357365,12.115674683745823,11.741819427832482,12.081058502197266,159189.0
2018-11-15,12.399528170167484,12.399528170167484,11.984133989744256,12.025672912597656,108461.0
2018-11-16,12.136445428892301,12.150292150570912,11.824899761999506,12.06721305847168,84005.0
2018-11-19,12.067212430984622,12.205677164625788,11.963363880753745,12.087983131408691,116473.0
2018-11-20,12.150289881216294,12.17798331940111,11.64489391913492,11.686432838439941,99438.0
2018-11-21,11.64489262520677,11.901052567050268,11.631045907652947,11.748741149902344,117256.0
2018-11-22,11.769513080988752,12.41337505980727,11.69335797539438,12.212600708007812,107583.0
2018-11-23,12.136446019472677,12.35799110116635,12.08798434819796,12.129523277282715,67770.0
2018-11-26,12.17798538060284,12.510300505206073,12.122599732831036,12.316450119018555,126489.0
2018-11-27,12.399527891399213,12.863384963371098,12.330295529551835,12.773383140563965,163612.0
2018-11-28,12.828768763241825,13.050312568416222,12.634917159981553,12.780305862426758,136753.0
2018-11-29,12.808000005683922,13.084929467866852,12.676458015958094,12.697227478027344,328528.0
2018-11-30,12.704152262482653,12.794154095801442,12.205677713396065,12.510300636291504,293400.0
2018-12-03,12.454913533282658,13.015696407029786,12.454913533282658,12.773383140563965,317940.0
2018-12-04,12.807999635658971,12.932617642446587,12.254139489321865,12.371834754943848,161911.0
2018-12-05,12.378758185773208,12.468760006801457,12.219522766293704,12.254138946533203,94552.0
2018-12-06,12.33721897035729,12.461838219129227,11.997979882873416,12.295680046081543,116116.0
2018-12-07,12.427222205101756,13.064161527898905,12.2956814380225,12.814924240112305,584628.0
2018-12-10,12.856463778013453,13.680329478874295,12.72492177939788,13.486477851867676,427698.0
2018-12-11,13.465707454713062,14.158032346926518,12.856462886575352,13.867256164550781,641175.0
2018-12-12,13.839564095565132,13.881103023749787,12.35106685337052,12.392605781555176,707760.0
2018-12-13,12.371834933912298,12.655688371338808,12.046442572946459,12.164137840270996,305803.0
2018-12-14,12.115675266204063,12.281833440814076,11.693358326197798,11.762589454650879,208828.0
2018-12-17,11.762588330783101,11.852591388914641,11.547968510559224,11.610278129577637,137745.0
2018-12-18,11.631047309957312,11.707202408726927,11.478735874445869,11.5341215133667,193143.0
2018-12-19,11.547968251386497,11.665663508017467,11.492582612375516,11.527198791503906,291140.0
2018-12-20,11.520276924234196,11.831823831459618,11.471814016978133,11.624125480651855,426517.0
2018-12-21,11.651819311385117,11.755667871253452,11.485661120406785,11.554893493652344,218936.0
2018-12-24,11.534122774041732,11.804129495504203,11.506430570540678,11.561816215515137,316113.0
2018-12-25,11.527199504952087,12.039519482949958,11.492583323681213,11.831822395324707,561894.0
2018-12-26,12.018749593724063,12.136444865570697,11.61027936998529,11.644895553588867,417751.0
2018-12-27,11.769513662291985,11.790283125027873,11.520276395544165,11.541047096252441,213980.0
2018-12-28,11.561816465345808,11.714127920796019,11.527200281742234,11.644895553588867,98542.0
2018-12-31,11.700281800445325,12.01182746887207,11.637972171570999,12.01182746887207,148213.0
2019-01-01,12.01182746887207,12.01182746887207,12.01182746887207,12.01182746887207,0.0
2019-01-02,12.067209463779948,12.067209463779948,11.610276450308245,11.748741149902344,158996.0
2019-01-03,11.637970933239659,11.693357814333403,11.153344389475562,11.243346214294434,237511.0
2019-01-04,11.236423924402287,11.367964677351875,11.035649567305073,11.077188491821289,190556.0
2019-01-07,11.077187576134028,11.153343915414828,11.028725914195276,11.063342094421387,195658.0
2019-01-08,11.077187982036621,11.11180540150348,10.800258530080166,10.911029815673828,234481.0
2019-01-09,10.90410672609575,11.457966850280972,10.862567804818681,11.367963790893555,690718.0
2019-01-10,11.409504708971275,11.78335997721846,11.222577074847683,11.617201805114746,588204.0
2019-01-11,11.679510283219152,11.817976253045043,11.361041895144957,11.51335334777832,166366.0
2019-01-14,11.624125002890596,11.624125002890596,11.3195033260358,11.451044082641602,102585.0
2019-01-15,11.499506932808277,11.644895647904269,11.492584191220443,11.541047096252441,90945.0
2019-01-16,11.672587236401121,11.90105502835946,11.520275787753002,11.873361587524414,305763.0
2019-01-17,11.880285478601717,12.10875203089317,11.824898597342434,11.97721004486084,158265.0
2019-01-18,12.15029049408804,12.572608638861483,12.06028867240592,12.544915199279785,519660.0
2019-01-21,12.551840669514236,12.697228149661772,12.267987212978571,12.316450119018555,131283.0
2019-01-22,12.364910787409345,12.44798862504644,12.267984992869815,12.330294609069824,93418.0
2019-01-23,12.447990238409744,12.73184368036689,12.420298034932301,12.69030475616455,176655.0
2019-01-24,12.662611048423553,13.029542331068912,12.48953013793307,13.001850128173828,194456.0
2019-01-25,13.050312794119495,13.195700261106875,12.780306083460303,12.911848068237305,249420.0
2019-01-28,12.89107737378444,13.140313361341462,12.814921039050997,12.83569049835205,168251.0
2019-01-29,12.946465243677004,13.04339105442497,12.607226144031522,12.863386154174805,382753.0
2019-01-30,12.78030759776567,13.410322917961894,12.711075226621412,13.320321083068848,764368.0
2019-01-31,13.500323454988905,13.673404366210258,13.147238891286273,13.299549102783203,388605.0
2019-02-01,13.389552166472486,13.444937810466689,12.821845292121855,12.946464538574219,249714.0
2019-02-04,12.953387963761594,13.05723651597346,12.475684128398058,12.524147033691406,220541.0
2019-02-05,12.711073360825445,12.801075182507567,12.399527736406531,12.544915199279785,224446.0
2019-02-06,12.572611635100916,12.766462044453432,12.357991760098589,12.73184585571289,250921.0
2019-02-07,12.634918576784496,12.773384553770972,12.468761632751079,12.607226371765137,246339.0
2019-02-08,12.614148433455194,12.690304778590528,12.115675152284496,12.295680046081543,275323.0
2019-02-11,12.461838890989343,12.690305462768054,12.364913078490535,12.607226371765137,491195.0
2019-02-12,12.697228941479688,13.22339572305539,12.489531820903817,12.51722526550293,323041.0
2019-02-13,12.565685708787962,12.641840809532793,12.364911369773774,12.399527549743652,1619206.0
2019-02-14,12.28875743176295,12.28875743176295,11.603356439271955,11.845669746398926,477675.0
2019-02-15,11.838745857077171,12.00490403248122,11.70720386505127,11.70720386505127,490601.0
2019-02-18,11.714126406391657,11.77643478603943,11.457966433247124,11.527198791503906,930382.0
2019-02-19,11.596432378804609,11.707203668566628,11.402582002734901,11.56873893737793,314103.0
2019-02-20,11.603355049009863,11.72797305872092,11.582585587053412,11.665664672851562,300723.0
2019-02-21,11.734894432348522,11.78335732480087,11.589506992963543,11.748741149902344,412893.0
2019-02-22,11.776436083928768,11.907978074302873,11.75566662175716,11.866437911987305,438742.0
2019-02-25,11.914899903477965,12.316448585256794,11.914899903477965,12.24721622467041,567022.0
2019-02-26,12.254140974592756,12.461839328376076,12.087984024727547,12.143369674682617,474125.0
2019-02-27,12.164137604909813,12.240292709249184,12.039519598730704,12.074135780334473,250185.0
2019-02-28,12.15029086529438,12.177984305722148,12.032595600434824,12.081058502197266,242565.0
2019-03-01,12.087982002882832,12.150290384420867,11.852591482479799,11.901054382324219,220389.0
2019-03-04,11.935670543474602,12.053364565516233,11.873360924063649,11.907977104187012,268837.0
2019-03-05,11.942594547903687,12.150291650619376,11.873362180331789,11.93567180633545,789341.0
2019-03-06,11.914900365550293,12.461837768554688,11.914900365550293,12.461837768554688,933346.0
2019-03-07,12.468761388361697,13.237241417610857,12.441067945912714,12.870308876037598,1099205.0
2019-03-08,12.877232527919,13.078005647661211,11.831823052674562,12.150291442871094,845450.0
2019-03-11,12.23337035219598,12.447990189688628,11.52719997771371,11.617201805114746,1216081.0
2019-03-12,11.617200609643277,11.797205483894237,11.430272994755526,11.527198791503906,685164.0
2019-03-13,11.541046123979637,11.707203049841276,11.13257469337174,11.15334415435791,1036601.0
2019-03-14,11.229499601996613,11.33334814808746,11.077188153468907,11.132575035095215,696016.0
2019-03-15,11.222578171562407,11.451044752052413,11.132576335366036,11.416428565979004,837590.0
2019-03-18,11.361041821448865,11.658740745408405,11.326425638710027,11.575661659240723,1045573.0
2019-03-19,11.769512383693561,11.970285485625713,11.63104766320011,11.907977104187012,909000.0
2019-03-20,11.873362252474676,11.914901178081253,11.464890786129647,11.492584228515625,602255.0
2019-03-21,11.561816848983078,11.589510291973797,11.146421393984385,11.194884300231934,650212.0
2019-03-22,11.291809125489477,11.333348048371409,10.827952042770459,10.848721504211426,824296.0
2019-03-25,10.82103023301571,10.924878787131433,10.73102716240415,10.855645179748535,985003.0
2019-03-26,11.014879730345928,11.236423542164834,10.959492848911964,11.1464204788208,896589.0
2019-03-27,11.354118585798183,11.381810788000289,10.544098459406088,10.620253562927246,1217229.0
2019-03-28,10.557944795929446,10.841798214501784,10.322554895901655,10.731025695800781,761996.0
2019-03-29,10.696409465485326,10.862567623768706,10.557944746239922,10.78641128540039,252866.0
2019-04-01,10.696411357024099,10.994110308451944,10.544099891325155,10.821030616760254,400749.0
2019-04-02,10.834875775041136,10.938724329717767,10.703333777261768,10.800259590148926,392103.0
2019-04-03,10.744873081701916,10.84872162806463,10.682563458695357,10.696410179138184,290098.0
2019-04-04,10.703334099021681,10.862569544690666,10.63410296512848,10.821030616760254,343282.0
2019-04-05,10.91103113948349,11.340273327661698,10.91103113948349,11.222578048706055,881326.0
2019-04-08,11.243345665504805,11.367963665938486,11.00103240545011,11.125650405883789,451618.0
2019-04-09,11.257193386660393,11.367964677351875,11.056419029563182,11.077188491821289,303294.0
2019-04-10,11.181037558874792,11.402582626462157,11.042572820112,11.201807022094727,549213.0
2019-04-11,11.181037407961565,11.229500313468911,11.028727187756196,11.0494966506958,276840.0
2019-04-12,10.938724658553907,10.938724658553907,10.737951522926972,10.821030616760254,295170.0
2019-04-15,10.81410508623158,10.897184168152737,10.751795465297642,10.758719444274902,251491.0
2019-04-16,10.751795715093952,10.84179877808341,10.724103512458381,10.807181358337402,288958.0
2019-04-17,10.821029607950933,10.973339821478032,10.821029607950933,10.876415252685547,329278.0
2019-04-18,10.869491070069513,10.945647413381058,10.67564069813777,10.703332901000977,311775.0
2019-04-19,10.696410159778257,10.779489244312524,10.627177795661753,10.703332901000977,237361.0
2019-04-22,10.627176673223486,10.68948628953615,10.544097597463999,10.551021575927734,234080.0
2019-04-23,10.551021575927734,10.551021575927734,10.551021575927734,10.551021575927734,0.0
2019-04-24,10.544099252246001,10.627178341043852,10.433326721191406,10.433326721191406,389289.0
2019-04-25,10.447175184195249,10.474867389815298,10.211784008590156,10.253323554992676,529365.0
2019-04-26,10.239475596920519,10.281015135796604,9.900236545254241,10.197936058044434,303249.0
2019-04-29,10.156398485657856,10.170245207626268,9.754850357422455,9.782543182373047,639493.0
2019-04-30,9.78254173474991,9.85869745633417,9.595614729755244,9.609460830688477,400065.0
2019-05-01,9.609460830688477,9.609460830688477,9.609460830688477,9.609460830688477,0.0
2019-05-02,9.62330707873317,9.644077158929738,9.374070449277397,9.42945671081543,488336.0
2019-05-03,9.43637939921309,9.567921382765196,9.401763837051027,9.484842300415039,483534.0
2019-05-06,9.408687051643737,9.408687051643737,9.180219888205393,9.270221710205078,353107.0
2019-05-07,9.06944854128252,9.401764266890142,9.014062277521496,9.360224723815918,606611.0
2019-05-08,9.4294575971198,9.609461880811812,9.394840793538446,9.505613327026367,437814.0
2019-05-09,9.5263825976784,9.5263825976784,9.297915412575595,9.367148399353027,386771.0
2019-05-10,9.470996676973868,9.588691327421481,9.263299579610367,9.29099178314209,259426.0
2019-05-13,9.332531154199836,9.339454514448098,9.090217878413798,9.124834060668945,446640.0
2019-05-14,9.15252685546875,9.249452041697811,9.034832207542808,9.15252685546875,486273.0
2019-05-15,9.159450721663196,9.180220183103803,8.861750568449363,8.910213470458984,282120.0
2019-05-16,8.896366723515897,9.083294351865836,8.896366723515897,8.937906265258789,267346.0
2019-05-17,8.875597962863692,9.00713933961288,8.78559613113693,8.854827880859375,216626.0
2019-05-20,8.903289216148975,8.94482875384448,8.757901143707757,8.813286781311035,132515.0
2019-05-21,8.82021165890549,9.069448927977593,8.716363106285215,8.903290748596191,736873.0
2019-05-22,8.930984637717158,9.062525401496696,8.744056986059435,8.77867317199707,221233.0
2019-05-23,8.757902843063794,8.910214304505985,8.660977648957953,8.69559383392334,202363.0
2019-05-24,8.70943943736465,8.951753337221145,8.70943943736465,8.896367073059082,215825.0
2019-05-27,8.896366750174478,9.020985375776583,8.889444009018378,8.910213470458984,148625.0
2019-05-28,8.951753280160467,9.374070833639728,8.924060457749045,9.339454650878906,400421.0
2019-05-29,9.194066586748843,9.33945467857264,9.117911479638156,9.311761856079102,307526.0
2019-05-30,9.339454248916734,9.512535774257735,9.31868478774861,9.436379432678223,177545.0
2019-05-31,9.443302785522954,9.512535766998207,9.380993783079989,9.457149505615234,118218.0
2019-06-03,9.498688987125162,9.574844709181116,9.498688987125162,9.533305168151855,58190.0
2019-06-04,9.533305168151855,9.533305168151855,9.533305168151855,9.533305168151855,0.0
2019-06-05,9.533305168151855,9.533305168151855,9.533305168151855,9.533305168151855,0.0
2019-06-06,9.533305168151855,9.533305168151855,9.533305168151855,9.533305168151855,0.0
2019-06-07,9.554075706182633,9.754849441965336,9.554075706182633,9.734079360961914,182973.0
2019-06-10,9.741003646765312,9.817158755882087,9.713310204556096,9.761773109436035,151395.0
2019-06-11,9.782542667309087,9.865621756772871,8.930984166756998,9.65792465209961,207071.0
2019-06-12,9.678694351549181,9.803312988790914,9.588691899265783,9.727156639099121,162819.0
2019-06-13,9.70638665816337,9.761772922535176,9.540228484034127,9.602538108825684,163340.0
2019-06-14,9.58869108748352,10.066394894654925,9.58869108748352,9.962546348571777,361704.0
2019-06-17,9.969469735893853,10.031779358902167,9.87254393076366,9.934853553771973,288416.0
2019-06-18,9.934852700402644,10.232552212471155,9.907159880881089,10.225628852844238,312935.0
2019-06-19,10.218707084655762,10.301785551126498,10.073318994599262,10.218707084655762,266403.0
2019-06-20,10.260245234666797,10.613330392753028,10.260245234666797,10.38486385345459,487496.0
2019-06-21,10.350247823473968,10.461019730962775,10.204859733581543,10.204859733581543,146512.0
2019-06-24,10.301786191544473,10.613331852896074,10.301786191544473,10.55794620513916,309054.0
2019-06-25,10.571792793575831,10.765643177272551,10.447174778197398,10.710257530212402,301417.0
2019-06-26,10.72410403775633,10.821029846659311,10.50948295746326,10.578715324401855,314315.0
2019-06-27,10.57179181944537,10.779488905262122,10.57179181944537,10.758719444274902,367355.0
2019-06-28,10.765642334133718,10.994108884096638,10.70333271233824,10.952569961547852,201035.0
2019-07-01,11.111806069871868,11.264116287231445,11.070265906796404,11.264116287231445,428394.0
2019-07-02,11.35411935738299,11.35411935738299,11.20180666404547,11.298733711242676,306065.0
2019-07-03,11.2779630082566,11.312579191833299,11.132575532423413,11.264116287231445,259833.0
2019-07-04,11.243348254375,11.430275917053223,11.229501531589106,11.430275917053223,305250.0
2019-07-05,11.38873481839288,11.444121705012106,11.31950368606371,11.423352241516113,193801.0
2019-07-08,11.41642928095324,11.41642928095324,11.250271082205938,11.33335018157959,121756.0
2019-07-09,11.333348120626342,11.333348120626342,10.737950286337085,10.751795768737793,369071.0
2019-07-10,10.731025392755223,10.79333501013817,10.45409596078161,10.73794937133789,244134.0
2019-07-11,10.737950340466664,10.883337810185536,10.599484374010721,10.696410179138184,124061.0
2019-07-12,10.68948759951383,10.855644533422852,10.433326362379526,10.495635986328125,199417.0
2019-07-15,10.495635986328125,10.495635986328125,10.495635986328125,10.495635986328125,0.0
2019-07-16,10.516405005040308,10.751795532288174,10.509482263992197,10.66179370880127,134677.0
2019-07-17,10.675640717460105,10.800258725500898,10.647947276574453,10.696410179138184,346220.0
2019-07-18,10.661793977720004,10.737950321031551,10.661793977720004,10.703332901000977,199348.0
2019-07-19,10.73102623874954,11.139497678301877,10.73102623874954,10.848721504211426,388648.0
2019-07-22,10.834875292236907,10.883338196520969,10.613331471204315,10.627178192138672,220175.0
2019-07-23,10.613331148511865,10.696410233619659,10.592561686727999,10.641024589538574,201961.0
2019-07-24,10.641024608958928,10.689487511857948,10.509482620800489,10.634101867675781,150446.0
2019-07-25,10.647946750579845,10.717179111401666,10.523328748695018,10.571791648864746,137600.0
2019-07-26,10.627177461402047,10.7864116462671,10.530252897470932,10.758719444274902,222195.0
2019-07-29,10.765642796443599,10.904107528182053,10.717179892740669,10.779489517211914,183101.0
2019-07-30,10.800260376259534,11.118730043231537,10.800260376259534,10.959494590759277,365171.0
2019-07-31,10.973339401736828,12.614147884790116,10.973339401736828,12.531068801879883,3889196.0
2019-08-01,12.863385965987675,12.981081237896248,11.977210674891866,11.991057395935059,1308725.0
2019-08-02,12.004904990851497,12.441068688641288,11.658741891462931,12.053366661071777,1121266.0
2019-08-05,12.184907077497234,12.738765983667529,12.184907077497234,12.461837768554688,1843179.0
2019-08-06,12.544915601812615,12.835691774861619,12.288755610365342,12.821845054626465,929366.0
2019-08-07,12.808000025367642,12.9603114773968,12.586456207686355,12.69030475616455,631651.0
2019-08-08,12.717996101734737,12.794152441598275,12.46183735647922,12.544915199279785,204796.0
2019-08-09,12.745689616074182,13.133391582630637,12.607224893298078,12.87723159790039,461561.0
2019-08-12,12.87723159790039,12.87723159790039,12.87723159790039,12.87723159790039,0.0
2019-08-13,12.87723159790039,12.87723159790039,12.87723159790039,12.87723159790039,0.0
2019-08-14,12.87723159790039,12.87723159790039,12.87723159790039,12.87723159790039,0.0
2019-08-15,12.877232120215146,13.825715757297456,12.399528312072484,13.001850128173828,1889053.0
2019-08-16,13.091852999587532,13.742637770194223,12.773384594040168,13.590326309204102,1225327.0
2019-08-19,13.534938928678361,13.922640892301372,13.327241846085691,13.382627487182617,662707.0
2019-08-20,13.34108827609854,13.742635712795396,13.24416247780485,13.348011016845703,447307.0
2019-08-21,13.34801304879819,13.424169398471351,12.711074998126167,12.891079902648926,387652.0
2019-08-22,12.946464311453695,13.022619415863188,12.295679601514676,12.461837768554688,400738.0
2019-08-23,12.565687891721986,12.835693399609525,12.316450609857569,12.787230491638184,266186.0
2019-08-26,12.607227823841457,12.752616559335264,12.49645527708819,12.73184585571289,162720.0
2019-08-27,12.219524520991532,12.731844557293103,12.06721305847168,12.06721305847168,821701.0
2019-08-28,12.115674465125508,12.198753546937393,11.91490012057781,11.98413372039795,391006.0
2019-08-29,12.039520931843997,12.267987508132085,11.873362746558602,11.970287322998047,249860.0
2019-08-30,11.970287322998047,11.970287322998047,11.970287322998047,11.970287322998047,0.0
2019-09-02,12.032597397723702,12.247218498165735,12.032597397723702,12.184908866882324,169830.0
2019-09-03,12.288755647340281,12.960311058001238,12.205676563651693,12.807999610900879,971604.0
2019-09-04,12.821845876963357,13.126470027757076,12.821845876963357,12.974157333374023,610837.0
2019-09-05,13.084929961666218,13.39647561837913,13.029543076761563,13.216470718383789,439066.0
2019-09-06,13.299548945758062,13.528016736250638,13.029542232251734,13.500323295593262,462330.0
2019-09-09,13.528018176136728,13.624943990781759,13.26493417580663,13.32724380493164,267751.0
2019-09-10,13.424169639785235,13.528018196501623,13.105699989738177,13.320321083068848,234613.0
2019-09-11,13.361857593781728,13.55570795032908,13.27185577516748,13.548785209655762,262288.0
2019-09-12,13.638788947767658,13.652635669035279,13.15416236920773,13.202625274658203,325391.0
2019-09-13,13.292627619411622,13.45186182520922,13.271858155694101,13.32724380493164,130974.0
2019-09-16,13.382627612187688,13.943410483209444,13.354935410366688,13.659558296203613,825348.0
2019-09-17,13.638788262140219,13.784176971182887,13.479554070498347,13.624942779541016,219326.0
2019-09-18,13.624940687354627,13.908792844608591,13.500321459319087,13.84648323059082,366729.0
2019-09-19,14.054184153293416,14.434962172730781,13.888025976895435,14.192648887634277,658336.0
2019-09-20,14.296495160581788,14.331111338651734,13.728789592640233,13.811868667602539,259430.0
2019-09-23,13.742636809468268,13.756483530039807,13.389552243741841,13.624942779541016,260816.0
2019-09-24,13.798023470372797,13.984951116929933,13.604173082006017,13.881102561950684,438956.0
2019-09-25,13.8534105569579,14.718816432264802,13.8534105569579,14.69804573059082,912843.0
2019-09-26,14.704969631857328,15.265752576635467,14.691122910139514,14.794971466064453,678266.0
2019-09-27,14.815738405883907,15.085745100483727,14.559578430643196,14.774199485778809,438855.0
2019-09-30,14.781124268163008,15.09266992590118,14.781124268163008,14.96805191040039,233250.0
2019-10-01,14.988819904498094,15.120361886730542,14.69804373817582,14.801892280578613,210453.0
2019-10-02,14.850356388711239,15.154979299715885,14.760354558905624,14.88497257232666,244567.0
2019-10-03,14.905742895100646,15.120362732887944,14.455731281532968,14.566502571105957,377857.0
2019-10-04,14.884971996204033,15.404215968310377,14.81573963165283,14.815739631652832,655970.0
2019-10-07,14.878050309884188,15.092670160021866,14.497272277853046,14.711892127990723,346438.0
2019-10-08,14.538809976750398,14.711890885786767,14.36572906771403,14.677274703979492,383803.0
2019-10-09,14.732661908430671,15.02343811401848,14.220341868205841,14.358806610107422,431555.0
2019-10-10,14.261880488058958,14.407267956111605,13.818792866800488,13.943410873413086,205908.0
2019-10-11,13.984948687184326,14.317264995759217,13.846483971268858,14.185724258422852,201823.0
2019-10-14,14.192647240208366,14.192647240208366,12.863384459264784,13.438014030456543,854407.0
2019-10-15,13.50032524436495,13.811872163829134,13.39647668386772,13.451862335205078,208897.0
2019-10-16,13.32031982194517,13.597249280303442,13.112621490204134,13.29262638092041,242696.0
2019-10-17,13.264933105052345,13.458784718694574,13.015697084615686,13.126469612121582,177146.0
2019-10-18,13.500323977957601,14.227265071219492,13.500323977957601,14.192648887634277,418620.0
2019-10-21,14.213416826119943,14.227263545663753,13.971103567006114,14.08187484741211,181693.0
2019-10-22,14.8849720121544,14.8849720121544,14.310343633358132,14.421114921569824,250183.0
2019-10-23,14.476502910591213,14.69804550395481,14.441885487659173,14.608043670654297,172501.0
2019-10-24,14.64958394419442,14.788049934734875,14.476504241457064,14.538812637329102,176036.0
2019-10-25,14.573426158557671,14.871126312478076,14.538809976750398,14.677274703979492,250556.0
2019-10-28,14.753429774314073,14.850355578337021,14.628811767693362,14.725737571716309,128383.0
2019-10-30,14.573426480129662,15.099593197993816,14.08187594483661,15.051130294799805,533521.0
2019-10-31,15.127285810266448,15.5980668963399,15.127285810266448,15.321137428283691,578915.0
2019-11-01,15.348831153301147,15.348831153301147,14.455731869190359,14.628812789916992,446090.0
2019-11-04,14.850355641127782,15.348830145662918,14.850355641127782,15.058053970336914,414455.0
2019-11-05,15.002666132446334,15.17574703077533,14.933433773114736,15.023435592651367,172440.0
2019-11-06,15.030361442156513,15.231134566424496,14.940358373445207,15.071900367736816,382533.0
2019-11-07,15.127282529370257,15.577294055332757,15.05805141534384,15.542677879333496,1643617.0
2019-11-08,15.577297707894783,16.05500154388534,15.570373728288134,15.74345588684082,789571.0
2019-11-11,15.736531654934696,15.923459293758928,15.563450737129365,15.62575912475586,218191.0
2019-11-12,15.604988360373799,15.93730468521458,15.577296158618584,15.722684860229492,314823.0
2019-11-13,15.88884178467761,15.88884178467761,15.67422072172025,15.722684860229492,149321.0
2019-11-14,15.736530423006776,16.02730658975091,15.667298061304471,15.978843688964844,344561.0
2019-11-15,15.999612333516634,16.35962208156621,15.888841055633854,16.255773544311523,260368.0
2019-11-18,16.193464453847806,16.511934054577985,16.193464453847806,16.38039207458496,228943.0
2019-11-19,16.345778790003116,16.52578246380197,16.29039190147503,16.331932067871094,102266.0
2019-11-20,16.477317993765116,16.60885998459433,16.103462721493305,16.269620895385742,189390.0
2019-11-21,16.352702466331305,16.47039775421884,16.26270062428997,16.338855743408203,76803.0
2019-11-22,16.38039342397149,16.46347251091771,16.145002883952593,16.269620895385742,163256.0
2019-11-25,16.241926825083123,16.53270297699069,16.145001028456527,16.255773544311523,387480.0
2019-11-26,16.24192673427473,16.30423635146806,15.881918226210173,15.923457145690918,244417.0
2019-11-27,15.978843469433755,16.048075830184885,15.874994928307059,15.881918907165527,121595.0
2019-11-28,15.881921363634472,16.186543055272164,15.819611734132073,15.958076477050781,145081.0
2019-11-29,15.999616665671203,16.35270253072417,15.916538803750552,16.283470153808594,151483.0
2019-12-02,16.456547133749954,17.024253973334346,16.456547133749954,16.830402374267578,1293457.0
2019-12-03,16.996561239887768,17.148872686348806,16.726554528526272,16.747323989868164,568368.0
2019-12-04,16.754248985459597,17.06579463840664,16.36654698567541,17.038101196289062,514522.0
2019-12-05,17.155796775833654,17.654271315050515,17.155796775833654,17.411956787109375,329311.0
2019-12-06,17.44657093884401,18.000431060791016,17.30810621785032,18.000431060791016,271385.0
2019-12-09,18.000431926064536,18.32928565423241,17.671576959924344,18.104280471801758,175691.0
2019-12-10,18.104279601536284,18.121587691660494,17.498495209216642,18.000431060791016,230880.0
2019-12-11,17.948506056575916,17.96581414599247,17.48118640435679,17.8792724609375,143795.0
2019-12-12,17.79273506429827,18.01774024963379,17.79273506429827,18.01774024963379,114560.0
2019-12-13,18.017740170756465,18.121588717379773,17.481188108563718,17.515804290771484,211072.0
2019-12-16,17.671576932655846,17.86196717085262,17.481187932431386,17.723501205444336,165172.0
2019-12-17,17.602344425950378,17.87927262112411,17.550420157235514,17.67157554626465,288273.0
2019-12-18,17.53311285370176,17.53311285370176,17.342723846435547,17.342723846435547,78999.0
2019-12-19,17.37734187535913,17.723503743520816,17.360033781951042,17.60234832763672,188403.0
2019-12-20,17.533113479614258,17.74081058586468,17.481189203051652,17.533113479614258,92861.0
2019-12-23,17.481188065763774,18.346593856811523,17.463879974702266,18.346593856811523,457646.0
2019-12-24,18.39852012682997,18.986995286789828,18.39852012682997,18.588909149169922,388395.0
2019-12-25,18.606215907399896,18.883145374574397,18.606215907399896,18.658140182495117,95476.0
2019-12-26,18.692757507311125,18.883146527619147,18.623525136290024,18.796606063842773,132768.0
2019-12-27,18.98699204749697,18.98699204749697,18.658138337741434,18.779294967651367,143806.0
2019-12-30,18.952378792780486,18.952378792780486,18.72737236494371,18.86583709716797,92285.0
2019-12-31,18.8658369155044,19.090843341174534,18.710064093252083,19.07353401184082,253899.0
2020-01-02,19.177384417727453,19.662012260764143,19.16007756266191,19.333158493041992,180420.0
2020-01-03,19.281234440466474,19.35046681343193,17.965818116150345,18.74468231201172,403779.0
2020-01-06,18.34659292567593,18.571598098055965,17.861966400549704,18.1215877532959,248133.0
2020-01-07,18.519675733191118,18.79660520461658,18.50236764122703,18.69275665283203,195232.0
2020-01-08,18.000431416248453,18.848529087054573,17.965815235316462,18.727371215820312,205036.0
2020-01-09,19.056226555257428,19.333156008273566,19.056226555257428,19.26392364501953,203160.0
2020-01-10,19.419696178241107,20.596647574313806,19.419696178241107,20.371641159057617,1121135.0
2020-01-13,20.49279791673272,20.856266560764485,20.440873647875005,20.613954544067383,307447.0
2020-01-14,20.75242042541504,20.890883912165737,20.492799066559428,20.75242042541504,174283.0
2020-01-15,20.683191828832374,20.769732297540624,20.49280279767422,20.631267547607422,115314.0
2020-01-16,20.717806001251134,20.717806001251134,19.69662733184359,20.0081729888916,259771.0
2020-01-17,20.11201966286062,20.40625843834211,19.973554939326878,20.38895034790039,276174.0
2020-01-20,20.54472595780413,20.769731164167386,20.09471430710517,20.112022399902344,228183.0
2020-01-21,20.12933028650422,20.804347136651884,19.887016989825934,20.700498580932617,237616.0
2020-01-22,20.717803851801378,20.78703497487922,20.077403274115603,20.21586799621582,147457.0
2020-01-23,20.423566046752498,20.57934010446593,20.11202040727028,20.250486373901367,130141.0
2020-01-24,20.423567103918842,20.423567103918842,19.731243424788907,20.146638870239258,252361.0
2020-01-27,20.04278707979239,20.146636859268327,19.592776733276484,19.64470100402832,239544.0
2020-01-28,20.077405357124494,20.16394581741561,19.627394963610698,20.0081729888916,221825.0
2020-01-29,20.250488085381086,20.70049849155491,20.250488085381086,20.45818519592285,280923.0
2020-01-30,20.09471193586746,21.202429744172463,19.904322937565038,20.85626792907715,254120.0
2020-01-31,20.92550175412657,21.288970404393012,20.596646807747902,20.76972770690918,436320.0
2020-02-03,20.76972785799053,21.25435437916734,20.5101065073601,20.821653366088867,261271.0
2020-02-04,21.219742596319467,21.254358783576823,20.90819691100326,21.08127784729004,157464.0
2020-02-05,21.150506709880467,21.25435525440906,20.769728713275622,20.85626792907715,290248.0
2020-02-06,21.012043019640913,21.738982867175913,20.96011750684462,21.70436668395996,440311.0
2020-02-07,21.91206305970334,21.91206305970334,21.53128505690143,21.652442932128906,216071.0
2020-02-10,21.600519397166256,21.790909653957346,20.2504881728158,20.700498580932617,288924.0
2020-02-11,21.35820468817012,21.35820468817012,19.800475217414036,21.02935218811035,797685.0
2020-02-12,20.977426847203017,21.02935236002599,20.354335548995735,20.440876007080078,310353.0
2020-02-13,20.596648647366855,20.908194293683298,20.45818391567066,20.64857292175293,269250.0
2020-02-14,20.61395489766403,20.873576246405946,20.596646807747902,20.76972770690918,193790.0
2020-02-17,20.856271392144716,21.600520656150383,20.73511597471648,21.08127784729004,453033.0
2020-02-18,21.012045472775327,21.600520656150383,20.769732161973835,21.08127784729004,511380.0
2020-02-19,21.11589241027832,21.34089884811578,20.769730564332097,21.11589241027832,229048.0
2020-02-20,21.20243095674868,21.20243095674868,20.267794002539045,20.804346084594727,328871.0
2020-02-21,20.700498892858157,21.340899567415942,20.423568168794745,21.237051010131836,249485.0
2020-02-24,21.115892695552947,21.34089913643023,20.613958012149812,21.150508880615234,133228.0
2020-02-25,21.30628237686609,22.085145281793853,21.098582796147927,21.77359962463379,499353.0
2020-02-26,21.600520656150383,21.61782998775157,21.029354804376513,21.08127784729004,258290.0
2020-02-27,21.046658605293104,21.358204245391168,20.76972914742816,20.94281005859375,220288.0
2020-02-28,19.921632993086025,20.942811686303003,19.22930805664272,20.527416229248047,203630.0
2020-03-02,20.80434492951635,21.49666856086276,20.63126402167975,20.66588020324707,219967.0
2020-03-03,20.7870367043327,21.150507868058348,20.631265116982235,20.683189392089844,147228.0
2020-03-04,20.787037806059573,20.942811877610904,20.492801469494086,20.700498580932617,169286.0
2020-03-05,20.94281066396928,21.11589158013797,20.267793852939025,20.440876007080078,216648.0
2020-03-06,20.371641680235868,20.562031919242308,20.077404133183133,20.319717407226562,150399.0
2020-03-09,20.060095419674337,20.060095419674337,17.654269606928523,18.727371215820312,404846.0
2020-03-10,19.073532421169606,19.31584691799286,17.68888398976301,17.827348709106445,509655.0
2020-03-11,17.827348709106445,17.827348709106445,17.827348709106445,17.827348709106445,0.0
2020-03-12,16.740403174481973,16.740403174481973,15.64653072095568,15.715763092041016,277228.0
2020-03-13,15.923458803527001,16.87886643077641,15.65345208487437,16.61578369140625,260941.0
2020-03-16,16.26962014771027,16.26962014771027,15.231133465565035,15.265750885009766,173351.0
2020-03-17,14.974975060498458,15.50806451513718,14.573426355723624,14.815739631652832,129510.0
2020-03-18,15.258827985649408,15.577297620514127,14.711891784494767,14.732661247253418,163213.0
2020-03-19,14.67727497396653,14.878049327330867,14.019567507529866,14.365729331970215,140790.0
2020-03-20,15.226285178391072,15.226285178391072,14.501223362034125,14.646235466003418,101293.0
2020-03-23,13.783412282605243,14.537475706498702,13.558644050594332,13.739909172058105,141712.0
2020-03-24,14.022683497343793,14.646235006233223,13.812415434584798,14.28370475769043,341079.0
2020-03-25,14.247452239415372,14.588230944464335,13.783412986177145,14.095190048217773,253065.0
2020-03-26,14.182198006528967,14.704241858353186,13.957428459620077,14.54472827911377,207363.0
2020-03-27,14.979763087850873,15.22628416682511,14.14594224891227,14.218449592590332,183594.0
2020-03-30,14.341710159534596,14.341710159534596,13.942926863298378,14.051687240600586,76016.0
2020-03-31,14.211199014468544,14.501223219557604,14.174945988832413,14.414216995239258,145438.0
2020-04-01,14.305457428024905,15.030517915896795,14.066186429818845,14.689739227294922,304631.0
2020-04-02,14.863755109370356,15.552562612071194,14.696990150455441,15.451053619384766,371893.0
2020-04-03,15.552562367333834,16.06010472975822,15.066771561139829,15.29154109954834,321759.0
2020-04-06,15.588815536814337,15.878841043095969,15.494557927940813,15.697574615478516,221032.0
2020-04-07,15.835336991407589,16.49514286144672,15.632320299284208,15.791833877563477,430593.0
2020-04-08,15.864339233158681,16.6546557064441,15.516309151687018,16.473390579223633,355987.0
2020-04-09,17.256454831075143,18.01051953878921,16.785165523200448,17.3507137298584,783386.0
2020-04-10,17.34346168211496,17.93801280352289,17.27820701989483,17.77124786376953,195506.0
2020-04-13,17.32896535355278,18.162785051199293,17.125947346482512,18.010522842407227,260572.0
2020-04-14,18.36217513297849,18.92409835113619,18.19903651056479,18.688453674316406,443514.0
2020-04-15,18.688452888121972,18.688452888121972,17.147696703788807,18.126529693603516,449111.0
2020-04-16,18.126530413147787,18.307795548732898,17.669741234264894,17.79300308227539,224535.0
2020-04-17,18.307792755819495,18.489059160262343,18.126527647886967,18.235286712646484,156958.0
2020-04-20,18.362173619730704,18.978476327902758,18.271541059192227,18.670324325561523,389595.0
2020-04-21,18.615945006053277,19.17786818444681,18.27154127199589,18.960350036621094,253749.0
2020-04-22,19.05098201860825,19.848549832881115,19.05098201860825,19.3953857421875,523278.0
2020-04-24,19.757917086391352,20.374219817579178,19.576651958545067,19.739791870117188,875280.0
2020-04-27,21.026774840576113,21.46181245556079,20.428599902674115,20.718624114990234,1901735.0
2020-04-28,20.845508277708507,20.99052037391757,20.319839428950665,20.35609245300293,433623.0
2020-04-29,20.555483322010815,21.316798095349153,20.283585651715107,20.936140060424805,768753.0
2020-04-30,21.026774840576113,21.06302786711563,19.975435774419683,20.718624114990234,633296.0
2020-05-04,20.30171435269968,20.30171435269968,19.341007850861292,20.011690139770508,356347.0
2020-05-05,20.22920551310679,20.319838067163477,19.322878676029625,19.449764251708984,485553.0
2020-05-06,19.631030154141172,20.30171237780838,19.359132480969485,19.576650619506836,889273.0
2020-05-07,19.721664790742977,20.59173873311801,19.35913452163276,20.138574600219727,796220.0
2020-05-08,20.44672604702305,20.918015383533255,20.229207891710644,20.301713943481445,442477.0
2020-05-11,20.48297882080078,20.664243947996745,20.28358718088522,20.48297882080078,209675.0
2020-05-12,20.62799013946741,21.11740596431706,20.609863627435942,21.063026428222656,399684.0
2020-05-13,21.22616460245028,22.476895203555728,21.208039387299863,21.38930320739746,1010015.0
2020-05-14,21.42555903963947,23.346969411314614,20.627991173754406,22.11436653137207,922591.0
2020-05-15,22.331886133208627,22.893809367268073,22.259380076750706,22.440645217895508,700477.0
2020-05-18,22.83942831287182,22.83942831287182,22.204999028341742,22.350013732910156,607522.0
2020-05-20,22.47689829976177,22.47689829976177,22.132495827275346,22.16874885559082,359428.0
2020-05-21,22.40439218966655,22.911934584871997,22.1324957744599,22.440645217895508,457235.0
2020-05-22,22.36813771253671,22.404390738417373,22.00560745373008,22.11436653137207,284919.0
2020-05-27,22.114366015039717,22.42251802434101,21.987479130909513,22.241252899169922,474444.0
2020-05-28,22.404392401756482,22.640038383986013,22.1143681731793,22.29563331604004,443036.0
2020-05-29,22.368135225398948,22.531275120232703,22.150617094301055,22.277503967285156,263670.0
2020-06-01,22.2956302712579,22.89380645751953,22.25937724763661,22.89380645751953,487811.0
2020-06-02,23.20195816194741,23.34697027080853,22.42251937332942,22.640037536621094,608919.0
2020-06-03,22.748794555664062,23.07507177101846,22.549401627548193,22.748794555664062,377604.0
2020-06-04,22.839424364075978,22.875677385694882,22.54940019112473,22.658159255981445,276695.0
2020-06-05,22.658160583972215,23.238208963871244,22.603782344867078,23.093196868896484,682989.0
2020-06-08,23.23821083465803,25.340888974088426,23.111326537850726,24.235170364379883,2809989.0
2020-06-09,24.2351680426073,24.833344221738262,23.745753526064473,24.289548873901367,1046848.0
2020-06-10,24.47081550864336,24.942104839352865,24.452687699413303,24.579574584960938,595518.0
2020-06-11,24.597701395740906,25.322764544548626,24.54332315056745,24.797094345092773,775801.0
2020-06-12,24.688331923128466,24.869597037562695,24.271420863419376,24.706457138061523,623122.0
2020-06-15,24.942102999870926,24.978356022636454,24.253295567325864,24.50706672668457,449647.0
2020-06-16,24.92397604565189,25.70341735831788,24.688332686115263,25.30463409423828,908265.0
2020-06-17,25.37714179978086,26.247217025804996,25.359016583103784,25.48590087890625,687078.0
2020-06-18,25.703417162208204,26.02969437578393,25.105243567163104,25.44964599609375,501690.0
2020-06-19,25.485900510876217,26.047823708086774,25.195876304063272,25.5040283203125,892687.0
2020-06-22,25.25025796383037,25.59466042415581,25.068992828653553,25.159624099731445,621266.0
2020-06-23,25.28650739961191,26.210960754230985,25.01460843895195,26.192832946777344,871076.0
2020-06-24,26.26534117963054,27.951108134368507,25.667164972136135,27.389184951782227,1549886.0
2020-06-25,27.588576047738126,28.948065687753623,27.026652902578977,28.53115463256836,1117961.0
2020-06-26,28.80305712870947,29.21996823500333,28.313639968540244,28.513032913208008,658012.0
2020-06-29,28.567413726151145,28.83931274914596,27.969240024396562,28.077999114990234,507525.0
2020-06-30,28.51302760107759,28.89368301649459,28.22300343960919,28.458646774291992,649711.0
2020-07-01,28.6399145401712,29.25621853365955,28.47677723067547,28.821182250976562,429063.0
2020-07-02,28.893689846350366,29.038704554383507,28.730552513472453,28.839311599731445,344281.0
2020-07-03,28.839310000563092,30.380064933639666,28.839310000563092,29.727510452270508,1301032.0
2020-07-06,30.14441729173007,31.23201062672367,30.14441729173007,30.688215255737305,748516.0
2020-07-07,30.651962741330163,32.047705513276696,30.651962741330163,31.70330047607422,1029823.0
2020-07-08,31.848313422745314,33.769726409573025,31.848313422745314,33.33469009399414,1793739.0
2020-07-09,33.425323658613195,33.8603600040669,31.848315609832955,32.01145553588867,713985.0
2020-07-10,32.01145892178296,33.099049900453146,30.343816828133914,32.50087356567383,829346.0
2020-07-13,33.11717150134291,34.44040564734279,32.500867469344534,33.896610260009766,821163.0
2020-07-14,34.09600503062318,34.89357164156726,33.9328651091468,34.802940368652344,617553.0
2020-07-16,35.16546464817876,37.7031787522548,35.03857777611567,36.47057342529297,1050727.0
2020-07-17,36.43432255021158,37.8119400446809,36.071792312988286,36.289310455322266,669016.0
2020-07-20,37.05062657542656,37.05062657542656,35.745517629064985,35.818023681640625,628035.0
2020-07-21,36.07179045803253,36.253055567322804,34.40415145256203,34.76668167114258,458488.0
2020-07-22,34.802933962113734,35.74551251062831,34.20475781750764,35.34672927856445,566816.0
2020-07-23,35.401114632108616,35.636758002849675,34.80293841103657,34.83919143676758,245227.0
2020-07-24,34.676052853400336,36.833109263573085,34.36790341938768,36.57933807373047,995351.0
2020-07-27,36.61559016061966,37.15938555346145,36.071794767777874,36.76060485839844,436387.0
2020-07-28,38.3557331408119,38.75451637826346,36.47057342529297,36.47057342529297,1283143.0
2020-07-29,36.978125463370475,38.790776892834906,36.615592584456444,37.70318603515625,1452028.0
2020-07-30,37.73943333852089,40.965954986512344,37.73943333852089,39.15330123901367,1091053.0
2020-08-04,39.878363403673646,40.9659567358231,35.99928717442749,37.92070007324219,1338345.0
2020-08-05,37.84819247157989,38.210722703086496,35.999285697875465,36.72434616088867,882309.0
2020-08-06,36.905614327369996,37.08688205112818,33.153424824599114,33.67909240722656,1207674.0
2020-08-07,33.67909003692989,35.165466597386526,30.398190104981843,34.94794845581055,1069918.0
2020-08-10,34.98420525054761,35.65488755588049,33.24405733733884,35.2198486328125,623130.0
2020-08-11,35.3104815299039,37.993208084656615,35.3104815299039,37.88444900512695,975710.0
2020-08-12,37.95695200774338,38.6820124796718,36.651840565251455,37.30439758300781,643179.0
2020-08-13,37.340654460334285,37.66693170637541,34.73043389898426,35.09296417236328,608030.0
2020-08-14,34.7848112747406,35.83615163430392,33.515955349603296,34.603546142578125,403380.0
2020-08-17,34.58542189209192,35.50987538845766,34.241016834851024,35.02045822143555,310153.0
2020-08-18,35.40111219647663,35.43736262669263,33.87848262751194,34.023494720458984,367608.0
2020-08-19,34.2228883629657,34.3497752530816,32.6277551862121,33.0446662902832,702000.0
2020-08-20,32.9902798804305,34.1503791332905,32.10207957873065,33.20779800415039,777376.0
2020-08-21,33.22592971885876,33.280307959674175,31.64892183989851,31.993324279785156,743778.0
2020-08-24,32.30147764772138,32.7727669910537,31.884566547493822,32.39210891723633,261408.0
2020-08-25,32.41023324979855,32.555245339881544,31.63079196909208,31.866437911987305,218619.0
2020-08-26,31.86644406650199,32.30148042077158,31.35889906016626,31.576419830322266,319046.0
2020-08-27,31.866443358025382,33.6428417651321,31.5220382887084,33.35281753540039,1075239.0
2020-08-28,33.42532056161659,34.74855728627872,33.15342416741095,33.914737701416016,709113.0
2020-08-31,33.842232219761186,34.45853366241677,32.62775455095882,33.7515983581543,299276.0
2020-09-01,33.89661248373019,34.168511491744574,33.008414589328254,33.443450927734375,185167.0
2020-09-02,33.55220882993369,33.987245153008836,33.11717250685854,33.17155075073242,238083.0
2020-09-03,33.13529400796488,33.75159539654166,32.627751687960476,33.09904098510742,270386.0
2020-09-04,33.062791100246855,33.51595522548534,33.04466588360822,33.33469009399414,247003.0
2020-09-07,33.352818754216216,34.62167739868164,33.352818754216216,34.62167739868164,667001.0
2020-09-08,34.893569435220066,36.50683036549614,34.44040532023612,36.3980712890625,683726.0
2020-09-09,36.61558944192978,37.59442372285343,36.361818263584624,36.3980712890625,778771.0
2020-09-10,35.99928994665341,36.97812428026788,35.18359553298171,36.361820220947266,352809.0
2020-09-11,36.79685436787384,36.9781220872918,35.94490957031814,36.54308319091797,254478.0
2020-09-14,36.615585053136385,37.34064806880785,36.32556088407604,36.83310317993164,558161.0
2020-09-15,36.86936611348258,37.44941456675592,36.144302953869776,37.050628662109375,469093.0
2020-09-16,37.34064853638974,37.84819083860082,36.1986770599045,36.47057342529297,566593.0
2020-09-17,36.398072003482945,36.90561437013528,36.253059898725134,36.76060485839844,206486.0
2020-09-18,36.79685477237605,37.1593850291554,36.216806361529095,36.25305938720703,239467.0
2020-09-21,36.25306074407765,36.54308496035608,34.440406799316406,34.440406799316406,420311.0
2020-09-22,35.165468734953855,35.50987377656121,34.40415519316075,35.03858184814453,248632.0
2020-09-23,35.509874558872035,36.289313334226165,35.346734642668935,35.60050582885742,500281.0
2020-09-24,35.58237468340966,35.63675551471981,35.0929601667221,35.237972259521484,269643.0
2020-09-25,35.401111969389426,36.18055066746953,35.32860333036027,35.38298416137695,309268.0
2020-09-28,35.87240376043828,35.87240376043828,34.7485573762154,34.98420333862305,333300.0
2020-09-29,34.929823175532555,35.074835280411726,34.36790256563625,34.748558044433594,386394.0
2020-09-30,34.83919306891308,36.47057930323542,34.83919306891308,36.361820220947266,1041039.0
2020-10-01,36.61559099764002,37.159386402912794,36.39807283553091,36.6518440246582,560473.0
2020-10-02,36.54308379590674,36.90561405470271,35.92678235595358,36.10804748535156,303913.0
2020-10-05,36.796852470461765,37.48566250827332,36.39806921295131,37.44940948486328,653568.0
2020-10-06,37.7031839802724,38.02946121979336,36.83310874852882,36.94186782836914,443758.0
2020-10-07,36.43432060605419,37.52191385271024,36.216802475327114,37.26814270019531,404634.0
2020-10-08,37.01437494191948,37.66692939394032,36.470576972214545,37.558170318603516,689070.0
2020-10-09,37.52191955111681,38.71826945180389,37.52191955111681,38.6457633972168,852211.0
2020-10-12,39.697100468949735,40.4946670028493,38.97203739056567,39.62459182739258,888489.0
2020-10-13,39.76960445801776,40.132137298583984,39.008290938172514,40.132137298583984,538475.0
2020-10-14,40.2408961680766,41.87228227372919,40.2408961680766,41.691017150878906,941784.0
2020-10-15,41.727269177266045,43.431163884319716,41.47349801134625,43.35865783691406,1140348.0
2020-10-16,43.539923884737874,45.53384294271996,42.85111897168141,43.57617950439453,1180005.0
2020-10-19,43.28615455161922,43.684935244775914,42.23481420412989,42.74235916137695,570050.0
2020-10-20,42.74235701038898,43.7936947119493,41.90853486095824,42.923622131347656,713602.0
2020-10-21,43.10488764643854,43.32240579357784,42.23481246486048,42.63359832763672,482621.0
2020-10-22,42.63359670648871,44.591259956302025,42.52483763705463,43.8661994934082,882598.0
2020-10-23,44.591260543755226,45.026296827222765,42.45233215003984,43.4311637878418,891905.0
2020-10-26,43.3949121437732,43.7574449845421,41.32848713858856,42.416080474853516,907912.0
2020-10-27,42.27106909451027,42.27106909451027,40.7846949622916,41.908538818359375,881557.0
2020-10-28,42.307322696597666,43.14114229196188,40.42216275753589,40.60342788696289,451417.0
2020-10-30,38.93578355091489,40.023376849204496,38.13821703371775,39.73335266113281,643059.0
2020-11-02,40.92970730650202,41.944792085521684,40.023381610948746,40.42216491699219,503113.0
2020-11-03,40.965954910901935,43.4674160924853,40.45841258858488,42.524837493896484,1669865.0
2020-11-04,42.88737190966427,46.693944884581555,42.59734510415753,45.86012268066406,3188465.0
2020-11-05,46.04138332404617,47.3102417944292,44.40999978903003,44.953792572021484,1673176.0
2020-11-06,45.31632231032661,47.636521074454365,44.881286014435474,47.12897872924805,1670683.0
2020-11-09,47.63652141759853,49.37666661369799,47.23773555047153,47.382747650146484,1212838.0
2020-11-10,47.34649798316711,48.07155849325579,45.82386572593905,46.33141326904297,889526.0
2020-11-11,47.85403801604427,48.035300541741925,45.49758887968367,46.18639373779297,1231983.0
2020-11-12,46.22264664545619,47.128974778949484,44.772525780699944,45.31631851196289,2119308.0
2020-11-13,45.316323017472435,47.12897946467976,45.316323017472435,47.09272384643555,1171209.0
2020-11-16,47.67277186232783,49.702946444365395,47.201485131278254,49.666690826416016,1165040.0
2020-11-17,49.55793361165935,51.04430501872249,47.962795352356814,49.702945709228516,1431609.0
2020-11-18,49.88420340673737,50.826781949645465,49.304155072640086,50.50050735473633,959377.0
2020-11-19,50.57301385410032,51.37058032070074,49.73919177327017,50.68177032470703,904571.0
2020-11-20,50.75428020628506,53.00197287731129,50.573017679549054,52.49443054199219,1399181.0
2020-11-23,52.385672888540405,53.94455563084105,49.81170539787163,52.349422454833984,1103281.0
2020-11-24,52.74820243960158,53.292000426150416,51.73311770501623,52.856964111328125,674266.0
2020-11-25,53.47326145973172,53.65452917882833,51.51559809811404,51.66061019897461,543159.0
2020-11-26,51.84187666861779,53.58202719712392,51.6606141217989,52.05939483642578,771163.0
2020-11-27,52.20440508513051,52.530679699764235,50.50051040769197,51.08055877685547,268483.0
2020-11-30,50.86304179588143,52.20440627311748,49.12289146274977,50.210487365722656,982820.0
2020-12-01,50.355502575516525,51.80562362110668,50.137984418678,50.71803283691406,380908.0
2020-12-02,50.75428380291627,51.87813021806918,50.536765643793956,50.82678985595703,459253.0
2020-12-03,50.75428347346292,51.008057250479325,50.10172900033182,50.573020935058594,191105.0
2020-12-04,50.754287895915105,52.42193243637933,50.536769719251396,52.276920318603516,496346.0
2020-12-07,52.929467820889585,53.61827269584747,51.588103316541684,51.769371032714844,523460.0
2020-12-08,52.05939568595741,52.92947355742995,51.370590736346266,51.479347229003906,512088.0
2020-12-09,51.6606090247209,52.60318765888964,51.6606090247209,52.53068161010742,244301.0
2020-12-10,51.80562638636831,56.55477565719538,51.80562638636831,55.79346466064453,987781.0
2020-12-11,56.15599235603907,60.180080880104875,54.74212173319153,55.394676208496094,1649926.0
2020-12-14,55.829708876526325,57.56985921631684,54.85087982056339,55.24966049194336,509071.0
2020-12-15,55.14090771822648,56.192242892910144,54.88713393989747,55.32217025756836,338720.0
2020-12-16,56.30100587972177,59.781296502337895,56.22849982508393,59.27375411987305,1015096.0
2020-12-17,59.745042686467286,60.25258504020521,58.222415625253504,58.43993377685547,508076.0
2020-12-18,58.367432591474255,59.20124964909613,57.316092178077184,57.71487808227539,398476.0
2020-12-21,56.91729717516284,58.113649510468065,54.742115825554606,57.06230926513672,641478.0
2020-12-22,57.56985845483929,59.23749753845741,57.56985845483929,57.642364501953125,403318.0
2020-12-23,58.113657646202775,60.288844486371936,57.64237088082966,58.51244354248047,899955.0
2020-12-24,58.72995472171848,59.05622933800473,57.85988216356645,58.0048942565918,252270.0
2020-12-25,58.29492642831877,58.36743248476386,57.64237192031294,57.787384033203125,118186.0
2020-12-28,58.00490440149104,59.563782081136104,57.31609424612891,58.874977111816406,497923.0
2020-12-29,58.98372825767954,61.485189666000146,58.83871615244478,59.962562561035156,849472.0
2020-12-30,60.43384904925245,61.01389741791257,58.5486866650656,60.6513671875,416422.0
2020-12-31,60.72387525265252,65.61803611897389,59.99880958167744,64.31292724609375,1007724.0
2021-01-04,68.30076535708803,71.74480526654298,65.25550612283091,66.45185852050781,1571632.0
2021-01-05,66.41560246930663,69.35210001821248,65.03798755173095,67.28567504882812,1163876.0
2021-01-06,69.02582801365736,71.23726516355954,68.37326836820793,69.9684066772461,1212090.0
2021-01-07,70.3309424666869,71.41853331794677,67.57570712411967,69.27960205078125,1128056.0
2021-01-08,69.27959863460295,69.75089057326393,66.5243686139384,66.77813720703125,1045659.0
2021-01-11,66.66937627587687,69.06207587115883,65.18299969184756,66.74188232421875,1549923.0
2021-01-12,67.06816203992342,68.26451452140111,66.19808939377313,66.34310150146484,524651.0
2021-01-13,66.77813281387903,71.05599485583966,66.415602571852,69.02582550048828,2137980.0
2021-01-14,69.24333624143252,69.85963499395609,66.45185108330037,66.85063171386719,1000936.0
2021-01-15,66.34309620313277,67.4669425410113,63.80538452119598,64.60295104980469,702035.0
2021-01-18,64.5304436645008,66.77813110763796,63.116573163700195,65.61803436279297,981076.0
2021-01-19,65.98056779171198,67.28567669288319,65.25550729106132,65.581787109375,512531.0
2021-01-20,66.37935510597462,68.30076806757225,65.6542894034887,67.79322052001953,797426.0
2021-01-21,68.01074022224967,71.23726737289442,68.01074022224967,68.91706848144531,1298225.0
2021-01-22,68.48203966444585,69.20710027682186,67.46695480711945,68.51829528808594,523368.0
2021-01-25,68.48202630041106,69.82339076456525,67.46694164117498,67.61195373535156,771148.0
2021-01-26,67.24942485934922,68.19200349055113,66.52436437380929,66.59687042236328,509146.0
2021-01-27,67.10442612237995,67.43070081281165,63.8053976633332,63.84164810180664,588549.0
2021-01-28,63.62411714719188,65.54553002392142,61.30392359705307,64.85671997070312,887195.0
2021-01-29,64.82048254518718,66.56062805693682,62.971575345931804,63.84164810180664,801498.0
2021-02-01,65.03798019596037,65.79929620995796,63.080317113447975,64.16790771484375,605392.0
2021-02-02,64.60295632301865,65.54553502467597,63.47910989340618,64.05915832519531,630999.0
2021-02-03,64.60294896448671,66.81438595181235,64.5304429187718,66.19808197021484,1039460.0
2021-02-04,66.4518540399752,66.81438425936669,64.42167962534157,64.53044128417969,654470.0
2021-02-05,65.25550602682117,65.25550602682117,64.49418992286658,64.71170806884766,282112.0
2021-02-08,65.1104975869645,69.60587804246812,65.07424196757688,68.80831146240234,1147723.0
2021-02-09,68.37326962290294,68.37326962290294,66.12558199925247,66.81439208984375,661400.0
2021-02-10,67.46693903121569,69.7508820191633,66.92314110606954,67.21316528320312,1198098.0
2021-02-11,68.73580963990712,71.85357009931468,68.26451767511506,68.98957824707031,1733229.0
2021-02-12,69.0983416931263,75.87766080731514,69.0983416931263,74.10126495361328,4948676.0
2021-02-15,76.13143015416442,79.39420780661688,73.95624850989086,74.46379089355469,2085718.0
2021-02-16,75.11634458626772,75.91391118066778,71.38228021037365,73.3036880493164,1138826.0
2021-02-17,73.91998741319918,79.93799470256192,72.25234827613433,78.52412414550781,2847313.0
2021-02-18,78.92290744103808,83.38203192930119,77.21901274170519,82.29444122314453,2746297.0
2021-02-19,82.5482264703292,86.10102327160018,79.24919309008557,79.68423461914062,1788099.0
2021-02-22,80.953081003324,83.05576166483901,80.0467579603651,81.93191528320312,1143858.0
2021-02-23,83.01950239301392,84.17959915601675,78.88665248877474,79.43045043945312,1061925.0
2021-02-24,78.30659644953181,80.88056348375231,76.31267774008876,76.45769500732422,821184.0
2021-02-25,78.66915243068166,79.50297476379518,73.48496623621797,75.9501724243164,805123.0
2021-02-26,73.23118088701196,78.05284118652344,72.3248578182945,78.05284118652344,799254.0
2021-03-01,80.08301242518759,82.76574162881262,78.56038528007295,81.71440124511719,831963.0
2021-03-02,81.8956721745872,82.98326303502454,79.32170454519768,79.53922271728516,561808.0
2021-03-03,80.11926927754176,84.28837007010789,80.11926927754176,80.84432983398438,1206277.0
2021-03-04,80.30052562388161,82.14943249308313,79.53921469141636,79.82923889160156,600894.0
2021-03-05,79.82923219254755,80.84431680801258,78.27034965434846,79.10417175292969,486515.0
2021-03-08,80.04676233585093,80.6268107745844,78.92291589278376,79.28544616699219,408375.0
2021-03-09,80.08301425873738,80.1917759360425,77.72656483956276,78.2703628540039,329908.0
2021-03-10,78.27035616637824,81.38811631613018,78.23410054836023,80.37303161621094,510446.0
2021-03-11,80.77181570763811,82.1131801960492,78.66913511801174,78.85040283203125,518930.0
2021-03-12,79.03166376726766,81.93191083083897,78.70538914906633,81.89566040039062,1000190.0
2021-03-15,81.89566171771199,84.39712297033908,81.1343456195936,81.42436981201172,968274.0
2021-03-16,82.1856907523978,86.42729740944326,82.1856907523978,85.19469451904297,1616791.0
2021-03-17,86.53604823783193,93.4966339969795,85.95599985673977,88.85624694824219,2552079.0
2021-03-18,91.72023893624787,92.11902479350147,85.88349428977833,89.50879669189453,1481163.0
2021-03-19,89.50880122112004,89.54506202603848,84.83216347876888,87.514892578125,616155.0
2021-03-22,82.47571453385176,82.47571453385176,78.77790069580078,78.77790069580078,624986.0
2021-03-23,73.23118486087168,81.89567162237091,70.91099104091691,78.2341079711914,2257258.0
2021-03-24,80.84432210654386,86.02850718260342,80.04675557069174,85.55722045898438,1363648.0
2021-03-25,86.50070966497061,86.77284925606715,81.4856142351862,81.60224151611328,971355.0
2021-03-26,83.19617862853794,84.47911193510254,79.58064436581894,81.13571166992188,939106.0
2021-03-29,81.25234142922147,82.69078141186141,80.08604099519955,80.43592834472656,670580.0
2021-03-30,80.43592579423421,83.3905590280956,79.30850485777462,81.64110565185547,1015710.0
2021-03-31,82.6907836783978,83.35168449511247,80.16379655473992,80.3581771850586,627365.0
2021-04-01,81.36897151788007,82.61303091873532,80.66919123316363,81.71886444091797,620272.0
2021-04-02,82.41864138296832,83.35168172474879,81.71886112663297,82.0687484741211,668604.0
2021-04-05,83.00179426522479,86.30631491858304,82.45752073325419,85.68428802490234,707743.0
2021-04-06,86.11192944447755,88.75554932580256,82.84628822569623,83.46831512451172,1157291.0
2021-04-07,83.66270055774307,83.85708675547372,80.55256588492855,82.2242660522461,557422.0
2021-04-08,82.65190475115662,83.54607122822335,81.33009754780183,81.75774383544922,304271.0
2021-04-09,81.79660826494776,82.80740189163697,78.49208785855373,80.66918182373047,581190.0
2021-04-12,80.66919056424382,80.7858233914091,76.89814961386217,77.36466979980469,477350.0
2021-04-13,77.75343472094212,83.46831520109143,77.67568135851886,79.89165496826172,1378426.0
2021-04-14,79.65839714550593,82.84629065684413,79.19187695770415,82.80741119384766,710904.0
2021-04-15,82.41864065778697,83.81820115814327,80.20266708487662,80.74694061279297,567146.0
2021-04-16,80.74694188083478,83.54606848686365,80.12491498201928,83.46831512451172,636536.0
2021-04-19,83.74045836574902,87.47262573242188,83.74045836574902,87.47262573242188,1645786.0
2021-04-20,87.47261882033912,87.70587891473897,82.2242639156625,82.26313781738281,906013.0
2021-04-21,82.61303325250039,82.69078661966536,76.2372460222533,78.60872650146484,643642.0
2021-04-22,77.75343680019748,81.17459039966795,76.66488969716211,79.852783203125,933933.0
2021-04-26,79.96941301673799,84.90676016197357,79.30851217809223,84.67350006103516,1037066.0
2021-04-27,84.75124338972964,85.41214975482296,81.60222941272583,81.79661560058594,759300.0
2021-04-28,81.79661318566892,85.0622598912475,81.79661318566892,82.45751953125,703248.0
2021-04-29,82.61303334691473,83.8959611259233,80.74694697146313,81.09683990478516,575263.0
2021-04-30,81.01908433417454,81.87437135070677,79.77503049194586,81.17459106445312,527370.0
2021-05-03,81.17458892872266,81.33009565490981,80.0860418454126,81.21346282958984,489376.0
2021-05-04,81.25234262684535,82.34088971464384,78.91973616306078,80.12491607666016,766995.0
2021-05-05,80.04715831855982,80.78581801112081,78.68647175283543,80.2804183959961,772111.0
2021-05-06,80.43593733854217,80.55257017566505,79.30851624027311,79.6195297241211,464495.0
2021-05-07,79.77503603059974,82.22426998321357,79.50289645303832,80.70807647705078,1046488.0
2021-05-10,80.86357935221001,82.37977278588681,80.39705915128783,82.2242660522461,670901.0
2021-05-11,81.64110404428332,81.64110404428332,79.30850329613305,79.50288391113281,563225.0
2021-05-12,79.6584027014181,79.69728216712629,78.60872942497316,79.3473892211914,163228.0
2021-05-17,79.34738191949039,79.96940882270364,77.48130120985061,78.25883483886719,462706.0
2021-05-18,78.84199682819738,78.91974463860201,77.79232352869728,77.90895080566406,461460.0
2021-05-20,77.75343896081264,77.75343896081264,76.27612499421299,76.78152465820312,368992.0
2021-05-21,76.19837631075492,77.13141676805792,75.26533585345194,76.0428695678711,537273.0
2021-05-24,76.19836787518916,76.35387460085758,74.13790097940317,75.22644805908203,736402.0
2021-05-25,75.42083864276115,77.71456576073996,72.03856438165737,72.11631774902344,879686.0
2021-05-26,73.71026681963674,73.71026681963674,70.4057402632688,72.03856658935547,681478.0
2021-05-27,72.15519365276926,73.28262029151867,70.98889310993866,72.58283996582031,450984.0
2021-05-28,72.69947641165217,73.08824330831168,71.06665544568224,71.7275619506836,319145.0
2021-05-31,71.72754878699698,72.73834253280735,70.91113567316278,72.15518951416016,535483.0
2021-06-01,72.3106921294961,72.3106921294961,71.18327118092701,71.2221450805664,395923.0
2021-06-02,71.14439846704884,71.22215183506057,69.93921848218723,70.4834976196289,505995.0
2021-06-03,70.71675203297386,71.96080582105057,70.56124530946427,71.45540618896484,471853.0
2021-06-04,71.2221536372835,72.23294744701337,70.75563341740816,71.49429321289062,373869.0
2021-06-07,71.53316389968523,71.53316389968523,70.75563023486598,71.33878326416016,244400.0
2021-06-08,71.33878426982454,72.388451951448,71.06664470262172,71.5720443725586,474288.0
2021-06-09,71.33878213997669,71.68866950295197,70.71675521792342,71.61091613769531,303408.0
2021-06-10,71.53316611492666,71.64979894894115,70.60012568824912,71.26103210449219,357483.0
2021-06-11,71.14439385326541,71.49428676730709,70.79450650058294,71.18327331542969,179161.0
2021-06-14,71.45540788141423,71.57204070748847,68.65628679194337,69.5115737915039,507470.0
2021-06-15,69.20055883634951,69.31718609853519,67.37335205078125,67.37335205078125,320441.0
2021-06-16,67.52886534828497,67.87875829162101,66.0904252322407,67.1789779663086,228127.0
2021-06-17,67.10121243662235,68.26751842547286,66.5180650035562,67.4122314453125,368561.0
2021-06-18,67.45110683679556,67.95650648056171,65.46839328554569,66.47918701171875,295770.0
2021-06-21,66.4791902258273,66.94571042969307,65.31288971616287,66.63469696044922,153444.0
2021-06-22,66.90683413686014,67.29560095952853,65.35176684618664,67.25672149658203,452546.0
2021-06-23,67.37335646545529,68.30639686951513,66.20705596038049,67.21784973144531,281748.0
2021-06-24,67.14009189821829,68.03425833997458,66.44031164172344,67.4122314453125,311156.0
2021-06-25,67.45110768859588,67.91762787579793,65.85716093497587,67.25672149658203,287176.0
2021-06-28,67.25672532617598,67.25672532617598,65.39064447111323,65.77941131591797,325224.0
2021-06-29,65.77940673975279,66.6346937388223,65.31288655844214,66.47918701171875,469903.0
2021-06-30,66.6346983744884,67.41223762545751,65.11851046042973,65.77941131591797,451800.0
2021-07-01,66.16817044883418,69.90033728533592,65.74052975007022,69.86145782470703,521561.0
2021-07-02,70.17247494744107,71.2221481418486,67.83987402804574,68.42302703857422,323128.0
2021-07-05,68.42302608646679,69.1616802533173,67.72324582038564,68.15088653564453,218231.0
2021-07-06,69.90033514756662,72.69945601831789,69.39493554300157,69.4338150024414,845370.0
2021-07-07,69.39493398147684,69.39493398147684,66.7513198852539,66.7513198852539,596266.0
2021-07-08,66.79020177463084,66.86795513970614,65.39064120327555,65.66278076171875,404883.0
2021-07-09,66.28480529785156,66.75132547152116,65.11850486367759,66.28480529785156,263452.0
2021-07-12,66.3625669824922,67.25672798014716,64.14659309898236,64.65199279785156,290060.0
2021-07-13,64.65198348179565,64.84636410317917,62.20274983512184,63.05803680419922,317278.0
2021-07-14,62.708147499932444,65.7405343075667,62.669273597967575,65.1185073852539,289571.0
2021-07-16,65.04075300500699,65.70165381897134,64.41872609240089,64.88524627685547,131443.0
2021-07-19,66.09041763714298,66.09041763714298,63.874444080966384,64.10770416259766,89943.0
2021-07-26,64.37984466552734,65.97379136113061,64.1854584805888,64.37984466552734,261172.0
2021-07-27,64.41872076453846,65.585021129214,63.835567801521286,64.76860809326172,167611.0
2021-07-28,65.0407538411164,66.0904214889532,64.65198701573992,65.66278076171875,148479.0
2021-07-29,66.09041911147632,66.82907883379943,65.58502503734718,66.28480529785156,272968.0
2021-07-30,66.28481099484395,66.3236848986446,65.50727730523447,65.77941131591797,117774.0
2021-08-02,66.0515525940184,67.87875959247575,66.0515525940184,66.82908630371094,292704.0
2021-08-03,66.94571016624812,67.52886319946526,66.01266976218827,67.21784973144531,301250.0
2021-08-04,67.29559681152887,71.6886644175791,67.25671735097885,70.40573120117188,679794.0
2021-08-05,70.36686706542969,70.95002012508012,69.16168704154403,70.36686706542969,319833.0
2021-08-06,70.36686079106445,70.95001379871717,69.43382042790749,69.5115737915039,315930.0
2021-08-09,69.78371174616376,71.33878466775795,69.78371174616376,70.4834976196289,344908.0
2021-08-10,70.48349176546768,70.48349176546768,67.8398719112809,68.46189880371094,435513.0
2021-08-11,68.57853566511831,69.20056259417777,66.40143585205078,66.40143585205078,425236.0
2021-08-12,67.48998026633473,67.99537990656961,66.94570672527517,67.64549255371094,281535.0
2021-08-13,67.72324981886788,70.60012441594536,67.72324981886788,69.08393096923828,340597.0
2021-08-16,69.51157841461215,69.93921916215453,68.73404472693545,68.81179809570312,210493.0
2021-08-17,68.77291395768525,70.1336005993439,68.34527323920003,70.0169677734375,297508.0
2021-08-18,70.36686575512982,70.75563260053762,68.22864532470703,68.22864532470703,305377.0
2021-08-19,68.15089013550515,68.15089013550515,67.14009636444032,67.21784973144531,165860.0
2021-08-20,67.2178531585572,67.41223936666023,66.40143998270015,66.82908630371094,161227.0
2021-08-23,67.14009885563596,67.41223843093074,66.55694580078125,66.55694580078125,185878.0
2021-08-24,66.7124507241132,66.82908355645235,65.54615020751953,65.54615020751953,200450.0
2021-08-25,65.7016567462842,66.40143705414452,65.19626263795374,66.09042358398438,187858.0
2021-08-26,66.09041846475343,66.24592518778826,64.92411804199219,64.92411804199219,99615.0
2021-08-27,64.96299920313878,66.47918701171875,64.49647902182812,66.47918701171875,172096.0
2021-08-31,66.8679557936137,68.34527530585048,66.05154823301906,66.98458862304688,596090.0
2021-09-01,67.25672064723649,67.99538038165798,66.28480638351894,66.47918701171875,285935.0
2021-09-02,66.7902038918447,67.02346399446479,66.01267021644435,66.09042358398438,165009.0
2021-09-03,66.1292953491211,66.32367596466004,65.77940245524856,66.1292953491211,113086.0
2021-09-06,66.16817587138519,66.5180688002834,65.70165567376053,65.89604187011719,200816.0
2021-09-07,66.09042063935014,66.09042063935014,64.88524627685547,64.88524627685547,126990.0
2021-09-08,65.07962819381412,65.27401438852864,62.98028732223796,63.019161224365234,269291.0
2021-09-09,63.01916004394285,65.23513370311183,62.280505865126045,64.84636688232422,318300.0
2021-09-10,64.57423485731245,65.00188119072773,63.36906035301106,63.874454498291016,243472.0
2021-09-13,64.146585996212,64.65198563911972,63.44680572543461,63.485679626464844,234905.0
2021-09-14,63.48568141804883,64.34096843980208,63.01916122436524,63.019161224365234,177506.0
2021-09-15,63.17466874632573,63.64118894584857,62.280507811253344,62.31938171386719,185550.0
2021-09-16,62.51376726602459,62.78590126559209,60.91982048675415,60.99757385253906,271511.0
2021-09-17,61.42521044544543,62.980283217737494,61.15307646421166,62.086116790771484,347073.0
2021-09-20,62.00836860977623,62.00836860977623,59.092614565044684,59.75352096557617,194238.0
2021-09-21,59.90902523632386,60.68655887476711,58.82047814250333,58.898231506347656,149743.0
2021-09-22,59.48137895450045,59.52025841710225,58.315078496835596,58.898231506347656,173998.0
2021-09-23,59.20924586965796,60.453299710243854,58.74272011807891,59.63688659667969,246360.0
2021-09-24,59.598010445654936,59.94789779443555,58.120691004352814,58.19844436645508,212880.0
2021-09-27,57.965182465558485,58.78159552275414,57.965182465558485,58.70384216308594,243892.0
2021-09-28,58.70384281653525,59.17036297973746,58.39282937440044,58.509456634521484,141780.0
2021-09-29,58.78159707044516,60.025650857891804,58.470583623583494,58.82047653198242,327849.0
2021-09-30,59.053735941021095,63.05803680419921,58.89822921937067,63.05803680419922,674495.0
2021-10-01,62.90252738741921,66.01266168717062,61.036441246209556,65.31288146972656,924172.0
2021-10-04,65.31288955557685,66.44031615949352,64.10770958454037,64.18546295166016,358993.0
2021-10-05,64.18546388645765,64.18546388645765,61.96949567195006,62.980289459228516,544076.0
2021-10-06,62.941413268056664,62.9802927348847,60.336672515453856,60.64768600463867,493734.0
2021-10-07,61.54184186425129,61.73622804186688,60.95868889276341,61.425209045410156,199338.0
2021-10-08,61.46409919442876,61.46409919442876,60.29779860998568,60.64768600463867,313875.0
2021-10-11,60.37555048812143,61.73623725031099,60.2589176518836,61.54185104370117,427614.0
2021-10-12,61.425209630406876,62.90252902255004,61.07532229326904,61.26970291137695,658290.0
2021-10-13,61.58072468394261,65.8960391120326,60.997571680639986,64.57422637939453,1359084.0
2021-10-14,64.4187273667754,65.42952111975652,63.01916122436524,63.019161224365234,756133.0
2021-10-15,63.01916482513132,64.18546537597994,62.20275722021713,63.563438415527344,411018.0
2021-10-18,63.563432989884554,63.87444644356339,62.78589935568746,63.485679626464844,346578.0
2021-10-19,63.79669360863424,65.0407529950146,63.33017342425134,63.36905288696289,568912.0
2021-10-20,63.36905111770479,64.34096536068711,63.096911570399904,63.8355712890625,665392.0
2021-10-21,63.83557669807813,66.86795806884766,62.98028964478416,66.86795806884766,1600633.0
2021-10-22,66.16817775251623,67.41223720957613,65.46839743618479,66.86795806884766,1021372.0
2021-10-25,66.28481369087493,67.9953878775907,65.74054008601081,67.06234741210938,907458.0
2021-10-26,67.56774146300309,68.38414902136856,67.17897463488634,67.52886199951172,927485.0
2021-10-27,67.995383869395,68.50078353908498,65.42952274057384,66.09042358398438,1258839.0
2021-10-28,66.09041763714298,66.09041763714298,64.10770416259766,64.10770416259766,500002.0
2021-11-01,64.22433588558586,64.49647542351379,63.135788856592,63.91332244873047,1266545.0
2021-11-02,63.91332721669337,64.10770784854941,62.51376664643628,62.669273376464844,994462.0
2021-11-03,62.669279948825995,63.01916734740459,59.559139460723294,61.4640998840332,1239866.0
2021-11-04,62.04725310356115,63.13580033037872,61.81399298352881,62.39714050292969,796470.0
2021-11-05,62.63039220665973,63.95219937588456,62.436011580100384,63.0969123840332,1101251.0
2021-11-08,63.83557414478202,66.09042174054943,63.83557414478202,65.07962799072266,1681567.0
2021-11-09,65.93491898308267,67.17897846535041,65.62390550285566,66.05155181884766,2018263.0
2021-11-10,66.090419738894,66.36255929013102,63.91332557443471,64.57422637939453,1572673.0
2021-11-11,64.53535035944515,66.051543669158,63.91332347573916,64.1465835571289,1463392.0
2021-11-12,64.30209447983586,67.95650822176293,64.30209447983586,67.56774139404297,2155325.0
2021-11-15,69.2005598448168,71.14439392089844,69.2005598448168,71.14439392089844,2312893.0
2021-11-16,70.95001631371885,70.95001631371885,68.57853585928555,68.85066986083984,1763229.0
2021-11-17,68.8506669304425,71.14439392089844,68.8506669304425,71.14439392089844,2023981.0
2021-11-18,71.45539960419977,73.71025244865848,69.62819299066349,71.68865966796875,3303526.0
2021-11-19,72.34957486189626,73.08822904067561,70.7167542146711,71.37765502929688,1708906.0
2021-11-22,72.66058756946312,74.06014810979968,72.03856066264687,73.5936279296875,2098957.0
2021-11-23,73.28261376498492,76.31500046764044,72.58283350160883,75.80960083007812,3416756.0
2021-11-24,76.27612123802338,78.21995530887847,74.6433006185051,75.22644805908203,2310076.0
2021-11-25,75.53747499042841,77.32580821611056,75.53747499042841,76.66490173339844,1309550.0
2021-11-26,76.00398917642815,77.52018268177187,74.72106134393091,75.7707290649414,1586493.0
2021-11-29,75.77072440035877,76.7037703502255,75.10982357251244,76.50938415527344,1121955.0
2021-11-30,76.50939110000257,76.50939110000257,75.14870429590731,75.69297790527344,1118340.0
2021-12-01,76.19836365935218,78.41433715820312,76.19836365935218,78.41433715820312,1874638.0
2021-12-02,78.91974270039421,83.04067686406333,78.91974270039421,82.37977600097656,2373523.0
2021-12-03,82.69078202556823,86.0730560900136,82.69078202556823,85.33439636230469,1636749.0
2021-12-06,85.60654053522674,87.35598851302453,83.779333629026,84.6346206665039,1402603.0
2021-12-07,85.14001472897087,89.06656228689562,84.44022891028091,88.638916015625,1630676.0
2021-12-08,89.57195954275784,91.1659062995734,88.6777986295076,88.83330535888672,1414200.0
2021-12-09,89.10543369049925,91.36028668452255,88.94992697100515,89.80521392822266,1179015.0
2021-12-10,89.80522054564798,90.58275420041213,87.04497329055563,89.57196044921875,1030486.0
2021-12-13,89.68859403343231,92.02119501736888,89.53308730116987,90.38837432861328,1072342.0
2021-12-14,91.24366318649294,93.07087010791184,90.81601688351252,91.399169921875,1041204.0
2021-12-15,92.37108728490429,92.52659401605437,88.83330637056002,89.06656646728516,1108198.0
2021-12-16,89.9607231159849,92.33220343401601,88.98880887315973,92.215576171875,1124274.0
2021-12-17,93.30412935711581,96.14212447118672,83.00179989029681,84.67350006103516,2213227.0
2021-12-20,83.00180080556956,88.2890353798361,78.14220697372602,82.41864776611328,1457013.0
2021-12-21,87.47261541925297,88.6000419456957,74.79880632692124,74.9931869506836,1030494.0
2021-12-22,74.64330539386874,76.58713958908214,71.14439828112506,73.9823989868164,1350178.0
2021-12-23,75.8484831014704,77.28692324894963,71.02777408841318,74.13790893554688,816024.0
2021-12-24,75.80960442644262,80.86357879638672,74.17678373443835,80.86357879638672,781170.0
2021-12-27,80.8635830018674,83.4294442227457,78.37546958995902,81.25234985351562,1421263.0
2021-12-28,81.44673049865987,81.75774954133819,77.87007546349619,81.25234985351562,618493.0
2021-12-29,80.4359338454322,83.19618117539306,78.91974039683747,83.00180053710938,1206712.0
2021-12-30,83.19617462158203,84.44022840494733,80.31930024754976,83.19617462158203,959336.0
2021-12-31,83.19618804313609,88.44454913043448,81.67999446938146,87.0838623046875,1365558.0
2022-01-03,87.0060965105806,90.15511048889452,86.2285628815351,88.36678314208984,1047620.0
2022-01-04,89.41645970975,89.64971982180917,86.61733836503979,88.05577850341797,863090.0
2022-01-05,88.83330315579344,89.76634350892841,88.094643428882,88.91105651855469,882459.0
2022-01-06,88.36679227895802,88.91106587556618,87.43374626626998,87.47262573242188,656790.0
2022-01-07,87.47262573242188,88.09465269997406,85.8398049425974,87.47262573242188,634856.0
2022-01-10,87.93914544999728,90.07736591928372,87.20048564961697,88.60005187988281,936075.0
2022-01-11,89.10544469710801,89.37758427051777,86.30632340045734,86.46183013916016,750836.0
2022-01-12,87.16159637145216,87.66699040984679,85.56764977677015,85.60652923583984,610901.0
2022-01-13,85.68428819760474,90.46612273309275,85.60653483573793,88.67779541015625,2364386.0
2022-01-14,88.91106499857267,92.9542402477811,88.25015857138759,92.13783264160156,1551751.0
2022-01-17,93.30411942457557,94.8591865986228,91.51579217442126,94.2371597290039,947409.0
2022-01-18,94.82032053101095,94.82032053101095,87.47261918476448,87.66699981689453,887186.0
2022-01-19,87.47262031801284,90.93264789153181,85.52878616473237,90.38837432861328,1550010.0
2022-01-20,90.46612601736739,92.17670004053761,87.86138551958761,88.83330535888672,1032046.0
2022-01-21,87.93913948718726,89.299826159263,86.38407218273461,87.16160583496094,595758.0
2022-01-24,87.00609943616723,88.4834133810285,82.69078486918228,83.07955169677734,814861.0
2022-01-25,83.15730470233525,85.48990565780859,81.36897174177966,84.16809844970703,612740.0
2022-01-26,84.24584638097913,86.38406656625949,83.93483294030992,84.09033966064453,625485.0
2022-01-27,84.24584928247202,85.37327582440689,83.00179547694898,85.33439636230469,390729.0
2022-01-28,86.1119280746905,86.42294151915092,84.20696794669077,84.32360076904297,295968.0
2022-01-31,85.14001675063722,85.80091756201888,84.55686374166822,85.56765747070312,348444.0
2022-02-01,85.72316568879732,87.66699981689453,85.72316568879732,87.66699981689453,472663.0
2022-02-02,87.8613879805744,88.60004774649462,85.14002014021479,85.17889404296875,471693.0
2022-02-03,85.29553103106275,86.11193864228078,83.00180381600306,83.1184310913086,409365.0
2022-02-04,83.23505071757135,84.36247163248191,82.962911182784,83.5849380493164,400631.0
2022-02-07,83.54606978185542,86.15081024169922,82.41864322959728,86.15081024169922,536341.0
2022-02-08,86.46182290423955,87.35598379627965,84.79012282238835,85.33439636230469,564438.0
2022-02-09,86.1119253512853,86.57844550322163,85.4121451233808,86.07305145263672,552110.0
2022-02-10,86.11193647194929,87.23936309873963,85.37328225000496,85.64541625976562,552088.0
2022-02-11,85.02337833010053,86.46181824591699,83.58493841428405,86.07305145263672,553719.0
2022-02-14,84.86787539312742,85.6842884760616,83.27392868899837,84.51798248291016,584640.0
2022-02-15,86.46182393475979,87.82251058144796,83.85708346772097,85.56765747070312,1704483.0
2022-02-16,86.11193533954895,89.2220756079003,85.76204796569215,88.44454193115234,1227714.0
2022-02-17,88.63892125549991,89.1443209185728,86.03418069633236,86.26744079589844,1066895.0
2022-02-18,86.7728388986495,87.66699981689453,85.95642578416899,87.66699981689453,589955.0
2022-02-21,87.82251087140945,93.10973962535648,87.82251087140945,91.04927825927734,2699531.0
2022-02-22,88.32790570772495,89.84409909985095,87.04497240966762,88.83330535888672,1418953.0
2022-02-23,89.10544087928228,91.39916795755124,87.90026092529297,87.90026092529297,992101.0
2022-02-24,81.67998141545412,85.02338152464337,79.11412048339844,79.11412048339844,1316163.0
2022-02-25,81.64110878186153,85.45102911961959,80.63031506567408,85.37327575683594,1093171.0
2022-02-28,83.93483999880189,85.64541406633312,81.91325246444678,82.72966003417969,1106015.0
2022-03-01,83.58494586133084,84.5568657118047,81.75774455079747,83.0406723022461,816346.0
2022-03-02,83.19618157481808,83.74045515052882,81.64111421564454,81.91325378417969,648759.0
2022-03-03,82.7296621727211,83.39056858748582,82.34089532914174,82.69078826904297,703505.0
2022-03-04,82.69078332441124,82.69078332441124,81.40785003663468,81.44672393798828,543060.0
2022-03-07,81.36897511911174,81.67998859275058,79.5028942772788,80.78582763671875,632709.0
2022-03-08,80.66918573411078,83.390558883857,80.47480511561976,82.18537902832031,702678.0
2022-03-09,83.04067864172121,84.05147247147299,82.61303787904461,83.39057159423828,731996.0
2022-03-10,83.8182050435707,84.51798532618746,81.99100375297328,82.30201721191406,660465.0
2022-03-11,82.69078156772058,83.89595590446855,82.34088865617494,83.42943572998047,695319.0
2022-03-14,83.77932970975657,87.3559844264361,83.74045024737391,86.69508361816406,1454996.0
2022-03-15,86.69508690351414,87.86138739880278,85.5287864082255,86.81171417236328,952586.0
2022-03-16,87.08385474506856,88.44454145269638,86.88946854625337,87.04497528076172,670496.0
2022-03-17,87.86138401673541,90.6216311966808,87.5114911009376,90.23286437988281,1150779.0
2022-03-18,90.58275394846599,91.74905998872762,89.37757956761334,90.15511322021484,642313.0
2022-03-21,90.38837195205116,91.86568586970162,90.38837195205116,91.0103988647461,814606.0
2022-03-22,91.55467336701626,98.55248176908489,91.24365990742919,97.77494812011719,2141857.0
2022-03-23,99.17450625128029,104.61725278303024,99.17450625128029,101.93475341796875,2563293.0
2022-03-24,103.41208526626747,106.2500805746141,103.1399456825302,106.17233276367188,2287196.0
2022-03-25,106.52220612439886,107.18310692121524,103.37319774171542,105.35591125488281,2178931.0
2022-03-28,105.56150328197572,106.70614800299514,100.17743883437767,100.34701538085938,1946673.0
2022-03-29,100.47420370280426,102.76348714592343,98.69364991371157,102.16997528076172,1460103.0
2022-03-30,102.59391033905843,102.93306344089804,97.46421664146625,99.37195587158203,895800.0
2022-03-31,100.43180940323509,100.64378313073934,98.56646728515625,98.56646728515625,649951.0
2022-04-01,98.65125547820894,98.77843486297304,96.87070163975952,97.1674575805664,777230.0
2022-04-04,97.29464292195712,99.79590015308234,97.1250663661024,98.77843475341797,1073696.0
2022-04-05,98.99040584629242,102.16997528076172,98.99040584629242,102.16997528076172,1772330.0
2022-04-06,102.38193347070617,103.31459835231135,100.60137378172091,100.77095031738281,1303663.0
2022-04-07,100.89814297028316,103.06024698693057,100.81335469638593,101.70362854003906,1103040.0
2022-04-08,102.21236688606413,102.63630220195638,100.68617185198698,101.830810546875,1090856.0
2022-04-11,102.80587968408776,104.2048953489596,101.78842036185652,102.97545623779297,1828425.0
2022-04-12,103.01786002711384,103.82333956474201,101.40687669371364,103.4417953491211,1121205.0
2022-04-13,103.95052306853482,104.58643816872257,100.51659486949983,101.66123962402344,1082053.0
2022-04-14,102.16997112627168,102.89066840790257,101.44926171556959,101.53404998779297,553507.0
2022-04-15,101.74602570925553,102.46672300511419,101.27968717055288,101.70362854003906,499006.0
2022-04-18,102.16997272557605,103.4417907642993,102.0427872829823,102.63629913330078,874890.0
2022-04-19,103.31460796332397,105.81586512928827,102.8906726492672,105.17996215820312,1585801.0
2022-04-20,106.87571917737408,109.41936724674349,106.4517717679438,107.04529571533203,1694748.0
2022-04-21,108.10515849273129,108.27473505021462,105.47671578720373,106.83332824707031,1314481.0
2022-04-22,105.90066655710194,105.90066655710194,100.98294017176572,101.91561126708984,1559694.0
2022-04-25,101.74602815265871,102.25475780825913,99.54153297839021,100.94053649902344,831320.0
2022-04-26,101.32208256786215,101.95799157870287,96.65872152053066,97.59139251708984,917600.0
2022-04-27,97.59139814885307,98.39688981554131,95.89563260270513,97.42182159423828,521821.0
2022-04-28,98.3544871451632,100.3046234787281,97.67618096463129,98.99040222167969,484074.0
2022-04-29,99.03279571245325,100.38941417074815,98.43927779018364,99.83828735351562,364725.0
2022-05-05,100.47419922387465,102.76348256494236,100.47419922387465,102.46672058105469,521593.0
2022-05-06,101.74603154271803,104.88320392131678,100.64378391885816,101.32209014892578,851840.0
2022-05-09,101.32207443541957,102.04277772536436,99.71109738884694,100.64376831054688,494405.0
2022-05-10,100.81335530173472,101.27968777870181,100.09265193701277,100.55899047851562,72088.0
2022-05-11,100.05026258338076,100.64378051461436,97.80337024001419,97.93054962158203,412501.0
2022-05-12,97.42182048773392,97.67618531676708,94.53901909202493,95.38690185546875,490445.0
2022-05-13,95.51407993030635,98.52406047594832,95.51407993030635,98.39688110351562,338032.0
2022-05-16,98.60885675843738,100.30462835677207,97.33703260808831,99.0751953125,562631.0
2022-05-17,99.07519577579431,101.74602953628467,98.43928066537816,101.15251159667969,490158.0
2022-05-18,100.98293457029158,101.57645250712115,98.4392802050575,99.0751953125,278917.0
2022-05-20,99.32955490811337,99.49913145255692,96.6587213008596,96.70111846923828,388779.0
2022-05-23,97.08266592090499,97.2946396408429,94.28465284366077,95.68366241455078,396950.0
2022-05-24,96.02281676914423,96.95548780707554,95.47168994173505,95.59886932373047,287176.0
2022-05-25,95.81084675861581,96.82830611214402,95.64127019969443,96.65872955322266,321155.0
2022-05-26,96.74351456534194,97.80337105507378,94.11507799083151,97.67618560791016,323274.0
2022-05-27,97.67618516285333,99.75350096228532,97.63379405701589,98.60885620117188,343781.0
2022-05-30,99.41435422757176,101.74603500504215,98.94802171079945,101.19490814208984,684626.0
2022-05-31,101.74603575570922,103.69617231243882,99.11759900536174,102.8482894897461,1004602.0
2022-06-01,102.76348494456556,103.86573856921343,101.78841676296773,102.21236419677734,534990.0
2022-06-02,102.46673206387689,102.67871186416403,101.74603470430364,101.91561126708984,391185.0
2022-06-03,101.9156018652152,103.1450287997305,100.00786267759419,101.02532196044922,501875.0
2022-06-06,101.32208053796785,102.80587224322689,101.32208053796785,102.76348114013672,397788.0
2022-06-07,102.76348390592449,103.2298224396803,101.74602462995068,103.18743133544922,516825.0
2022-06-08,104.24728506076355,106.66374788647347,101.66123961908072,105.17996215820312,1431684.0
2022-06-09,104.92559127161314,104.96798237720654,100.51659486949983,101.66123962402344,691156.0
2022-06-10,100.77095938440254,102.7210957845162,99.37195587158203,99.37195587158203,474412.0
2022-06-13,99.11759947068303,100.00787340642175,95.9380358383902,96.319580078125,378671.0
2022-06-14,96.74351556759329,97.76097489729938,95.7260562378872,97.20985412597656,345080.0
2022-06-15,97.59139986939746,99.03280060903522,97.59139986939746,98.31210327148438,261710.0
2022-06-16,98.52406411002734,99.54152944969545,95.51408345336165,96.4467544555664,356797.0
2022-06-17,96.65872249988388,97.29463758170336,96.44675484896783,97.12506103515625,173565.0
2022-06-20,97.12505983034717,98.22730736923026,96.36196538035118,96.70111846923828,270088.0
2022-06-21,97.04027195265041,99.15997876681267,97.04027195265041,98.99040222167969,327648.0
2022-06-22,98.5664673677467,100.347021209223,97.33703430207838,99.9654769897461,509793.0
2022-06-23,100.43179733231794,101.57644198128654,98.65124370633868,98.94800567626953,372551.0
2022-06-24,99.45673528369217,99.83827945699151,97.93054039688894,98.94800567626953,270046.0
2022-06-27,95.68366823842258,98.01534291244434,95.51409167796514,97.80337524414062,236011.0
2022-06-28,97.16745034671072,99.54152801910227,96.02281171090509,96.23477935791016,355441.0
2022-06-29,96.6587292743584,97.1674589496548,92.9704360961914,92.9704360961914,348080.0
2022-06-30,93.0128246031559,94.32703977630692,91.40184138359089,92.33451843261719,340575.0
2022-07-01,92.3345208292719,93.69113320556187,91.86818229265437,93.18240356445312,207911.0
2022-07-04,93.64873669914239,95.81084072142025,90.72353820980217,91.5290298461914,273500.0
2022-07-05,91.5290333854022,91.78339821759201,89.1125644473311,89.7908706665039,304991.0
2022-07-06,89.96043920182728,91.52902522610172,89.6636832896613,90.7235336303711,193335.0
2022-07-07,91.06269473013153,92.50410150886924,90.21481195707167,91.40184783935547,229888.0
2022-07-08,91.6562135774903,93.22479975542782,91.06269563048022,92.54649353027344,114789.0
2022-07-13,92.75846856469825,93.26719824073109,90.72354379603073,91.35945892333984,245321.0
2022-07-14,91.35945591737362,93.22479800145275,90.93551453462835,91.65621185302734,320055.0
2022-07-18,92.41930582985766,93.64873886527437,91.99536444946153,93.09761810302734,289089.0
2022-07-19,93.73352823785599,95.38690267301013,92.92804263794866,95.13253784179688,320947.0
2022-07-20,95.38689564715054,96.0228107106124,94.19985985558817,95.09013366699219,234133.0
2022-07-21,95.04774731927283,98.01533694665306,94.96295904420482,95.68366241455078,402451.0
2022-07-22,95.8532319045608,96.87069725934467,95.30211115461093,96.14999389648438,233197.0
2022-07-25,96.27718532791764,97.46422124036722,95.81084675861581,96.65872955322266,263493.0
2022-07-26,97.29463983418043,97.67618404047674,95.98041853574689,96.57393646240234,224028.0
2022-07-27,97.04027236606034,97.33702828903948,95.72605110341308,96.4467544555664,210461.0
2022-07-28,96.99788091694334,99.92307953770538,96.6587278052339,98.77843475341797,451903.0
2022-07-29,98.6936484415757,100.77095813226366,98.22730990007284,100.55899047851562,551120.0
2022-08-01,101.32209017780961,103.8233413696289,101.32209017780961,103.8233413696289,643798.0
2022-08-02,102.8906677768731,103.18742976010267,101.02531973486346,101.57644653320312,921247.0
2022-08-03,101.74602777502899,102.33955176889583,100.05026226265473,100.2622299194336,402851.0
2022-08-04,100.3894249914679,101.78842864105916,99.88069528897356,100.43181610107422,645346.0
2022-08-05,100.60138799319111,101.19490595185117,98.18491898637849,98.73604583740234,513403.0
2022-08-08,98.99040541274562,100.21983843685967,98.69364948146445,99.58392333984375,666016.0
2022-08-09,100.60138201282076,100.8981440067775,98.99040479222421,99.6263198852539,598687.0
2022-08-10,99.62631548742651,99.62631548742651,96.82829647905243,98.1001205444336,478906.0
2022-08-11,98.26970272514409,98.9904061024814,97.71858196412369,97.93054962158203,351043.0
2022-08-12,97.93054400238276,99.20237413229945,97.37942327298535,98.1001205444336,469203.0
2022-08-15,98.86323080866724,100.5589963965933,98.39689223971952,99.66871643066406,668606.0
2022-08-16,100.00786149247757,100.89814138669354,95.38689760533603,98.99040222167969,756088.0
2022-08-17,98.99039961789522,99.41434096957657,97.6337872925149,98.35448455810547,669545.0
2022-08-18,98.56646682374459,99.88068816032508,97.16745720946652,99.49913787841797,816721.0
2022-08-19,99.54153374284469,104.20489501953125,99.32956001911535,104.20489501953125,1846743.0
2022-08-22,105.98544457036999,112.2597892736794,105.98544457036999,107.59642791748047,1934934.0
2022-08-23,108.10515367154625,108.4866978765999,105.13755798339844,105.13755798339844,1036072.0
2022-08-24,105.476712910894,107.89318788593908,104.0777093820749,104.41686248779297,1215941.0
2022-08-25,104.92558793150711,105.73107955749886,103.86573755098031,104.2896728515625,692445.0
2022-08-26,104.3320651008965,106.19741925695945,103.65375890926323,105.22235107421875,920799.0
2022-08-29,105.43431738599455,105.73107937332794,103.90812847422872,104.50164031982422,486993.0
2022-08-31,104.5864322325357,104.75600877435605,103.06024335615257,103.65375518798828,536673.0
2022-09-01,103.61136864709043,104.96798104138854,101.53405288605357,103.35700988769531,962175.0
2022-09-02,103.52658004022994,104.07770075909275,102.67869734618303,103.27220916748047,752587.0
2022-09-05,103.0602496903046,105.64628907973687,103.0602496903046,104.8407974243164,1336181.0
2022-09-06,105.64629058429618,106.79093536050334,102.80588026151243,105.34954071044922,1538214.0
2022-09-07,105.60389411569568,105.77347066174282,103.0178548207446,104.2896728515625,881101.0
2022-09-08,105.13756658601221,109.33458957222783,105.01038113089717,107.1724853515625,1802321.0
2022-09-09,107.5116344770036,108.61388816518127,106.02784869582862,106.83332824707031,1131015.0
2022-09-12,106.96050759433952,109.67373235925747,106.96050759433952,108.44430541992188,1100461.0
2022-09-13,109.80091111203382,110.09767308488239,104.03530883789062,104.03530883789062,1209001.0
2022-09-14,104.03531167048924,105.5615005493164,101.57644574562106,105.5615005493164,762001.0
2022-09-15,106.40939687901744,108.74107766347862,105.47671971360393,107.1724853515625,700280.0
2022-09-16,107.21487809421203,107.76599884033203,106.0702333683694,107.76599884033203,647454.0
2022-09-19,108.10515120215885,108.52909863181236,104.2896728515625,104.2896728515625,401613.0
2022-09-20,104.33206994762139,105.51911796719514,103.31461061290561,104.79840850830078,345277.0
2022-09-21,104.88319682726316,107.72360700582061,103.86573755098031,104.2896728515625,411091.0
2022-09-22,104.3744726541139,106.79093552954255,104.07771065072527,106.23981475830078,389941.0
2022-09-23,106.40937816161848,107.8931758661005,105.98543076216484,107.5116195678711,451301.0
2022-09-26,107.5540348121844,110.18246531774466,106.4941722596966,107.42684936523438,775104.0
2022-09-27,107.63880718927089,111.6238618830686,106.62134796477838,107.46923065185547,1064983.0
2022-09-28,107.46923685047072,108.86825246164344,106.40938646276193,107.76599884033203,585253.0
2022-09-29,108.31711819047344,112.34456416674728,105.98543766430741,109.16500091552734,1408348.0
2022-09-30,109.5465604421735,118.49172648535148,109.5465604421735,118.40694427490234,2288491.0
2022-10-03,121.03537425530666,127.18253326416016,118.44933491078118,127.18253326416016,2553369.0
2022-10-04,127.18253362408696,133.24489831091222,124.72366758777265,132.99053955078125,1912732.0
2022-10-05,132.94814210402598,135.53419369751742,129.17506673948785,133.71124267578125,1702278.0
2022-10-06,134.2199548366258,136.29726435855522,131.88827444760636,133.7536163330078,927823.0
2022-10-07,133.8808018266874,144.47934133576402,133.83841072517686,140.32472229003906,1988248.0
2022-10-10,140.32474264583573,141.7237462311899,137.9506586807984,139.68882751464844,1002174.0
2022-10-11,140.32473768866888,142.02050322588147,135.19503784179688,135.19503784179688,848621.0
2022-10-12,136.08531423717335,137.1875679213137,133.287294984411,136.93319702148438,645174.0
2022-10-13,137.35713674848586,139.43444642088045,134.68630309593772,139.0529022216797,678376.0
2022-10-14,140.83345609647216,142.02049187767037,137.4419131639779,138.3321990966797,523610.0
2022-10-17,138.7985313361649,142.69880405358214,138.20501948508277,139.0529022216797,1122766.0
2022-10-18,139.90079436814435,144.77612346376398,139.2648792406565,142.44444274902344,1175968.0
2022-10-19,142.44444274902344,145.53922404256383,141.34220118184527,142.44444274902344,755791.0
2022-10-20,142.44444709407767,143.88585395174655,139.47685116132723,139.5616455078125,957954.0
2022-10-21,139.64640795594914,146.21751403808594,138.4593721767082,146.21751403808594,577567.0
2022-10-24,147.19258722984844,150.62650924831806,145.58160398101623,148.80355834960938,972585.0
2022-10-25,150.4993188894331,150.4993188894331,145.1576518093921,147.1077880859375,618343.0
2022-10-26,147.27736946132717,149.5666588933811,143.29231457185236,145.58160400390625,674051.0
2022-10-27,147.10780062546561,153.2549598275909,147.10780062546561,148.5915985107422,1883630.0
2022-10-28,148.6763794309635,149.8210241970297,145.45442492101287,146.76864624023438,545293.0
2022-10-31,150.92326915878715,161.43702697753906,150.92326915878715,161.43702697753906,2769849.0
2022-11-01,164.15026433599454,171.1876974938254,159.91085042437115,167.03306579589844,1747777.0
2022-11-02,167.5417868287079,176.31738833473628,165.12532405591642,174.2400665283203,1457881.0
2022-11-03,174.32486014616393,178.43708837919252,171.65402649829116,178.01315307617188,959986.0
2022-11-04,178.0555444400949,179.92088646006067,172.54430058929674,175.6814727783203,725100.0
2022-11-07,175.7238642927237,179.49695157507642,172.54430099173464,177.46202087402344,829018.0
2022-11-08,177.80116950964296,179.6241203835867,175.5118922381204,178.56427001953125,633615.0
2022-11-09,178.69146745261148,181.78623654531944,176.57175445316048,179.5817413330078,681290.0
2022-11-10,178.7338633229623,190.51944025975513,178.7338633229623,184.07553100585938,894834.0
2022-11-11,184.83863062711004,190.9009956233269,184.4146831664936,185.9408721923828,764619.0
2022-11-14,185.9408649353231,190.773802726551,185.8984738296376,186.61917114257812,560701.0
2022-11-15,187.38227514598688,190.73141513834148,182.76130492703814,186.4919891357422,843875.0
2022-11-16,186.49197118584587,189.67153431722565,181.15030415480217,184.75381469726562,824083.0
2022-11-17,184.7538199185944,185.4745171958264,175.68146878153212,178.56427001953125,817008.0
2022-11-18,177.6316113508176,186.02566931207568,176.65655522208684,184.4570770263672,668964.0
2022-11-21,184.4570649881512,188.65408763033386,181.1927194349298,188.56930541992188,698758.0
2022-11-22,190.9857749166146,207.392333984375,190.7738072540848,207.392333984375,1164783.0
2022-11-23,210.27511223122931,227.9110973678181,209.97836237094361,215.9559326171875,1709880.0
2022-11-24,216.7614274826516,221.76394175564485,211.71653423363801,212.73399353027344,790353.0
2022-11-25,212.47961307963578,217.18535301800463,210.656662222932,211.54693603515625,479936.0
2022-11-28,211.97086818547345,221.29758997583926,211.97086818547345,216.80381774902344,827913.0
2022-11-29,218.96592822975236,221.42478205881733,215.5319941091275,216.973388671875,524193.0
2022-11-30,216.21031371554616,221.2976103631067,216.21031371554616,218.49960327148438,546813.0
2022-12-01,220.44971614113697,225.28264137491638,219.43225692043913,224.68911743164062,652698.0
2022-12-02,226.38490295410156,235.20290791000824,222.39984792038425,226.38490295410156,709989.0
2022-12-05,226.80884569657434,232.4472625959077,215.02324589280636,216.80381774902344,762354.0
2022-12-06,216.84620897613274,229.479680061208,214.9384758335145,226.04574584960938,757953.0
2022-12-07,226.80885669562167,227.6567273041495,215.48959485826094,217.3125457763672,458332.0
2022-12-08,217.31254260763774,223.92603999354904,214.81128553592401,221.25521850585938,601025.0
2022-12-09,222.99336618708287,226.80885669995962,218.75396462807694,220.23776245117188,625906.0
2022-12-12,221.76395154022902,227.82632861150302,221.76395154022902,225.24026489257812,525521.0
2022-12-13,224.68911661364882,236.09315989666044,224.68911661364882,228.88613891601562,770878.0
2022-12-14,233.08317016580767,234.05825044752893,222.2302714345948,224.47715759277344,450525.0
2022-12-15,225.40985349982523,230.79392434153343,216.8462191846868,222.1455078125,506461.0
2022-12-16,223.88362444610323,227.23277618790905,221.42477074270025,221.5519561767578,201652.0
2022-12-19,224.13803136510435,231.51461791992188,223.84128147666755,231.51461791992188,609543.0
2022-12-20,231.51459383723142,233.29516575706813,228.12306293012696,229.47967529296875,446733.0
2022-12-21,229.86123981903248,233.9734802874384,229.77645760786518,231.0482635498047,562441.0
2022-12-22,232.32009849084548,237.15304849815791,231.64179227137816,232.74403381347656,575619.0
2022-12-23,232.95602793004787,236.30515582345083,231.68419769201552,234.60939025878906,296769.0
2022-12-26,235.118084962422,239.95103454589844,233.88865807972277,239.95103454589844,377536.0
2022-12-27,241.47722235222747,255.63689441396266,229.5644607743613,233.5919189453125,1050718.0
2022-12-28,233.9734728403788,239.18795466241977,229.39489396906765,235.9659881591797,619646.0
2022-12-29,236.55951985259202,259.45236643975045,234.56698021064113,259.3675842285156,527786.0
2022-12-30,259.53711832537505,284.9736223425981,249.9560503473225,279.8015441894531,1501280.0
2023-01-02,277.6818969787784,279.58963029511466,268.99107683148117,275.7741394042969,967260.0
2023-01-03,275.77412231282324,275.94371099570577,263.56461043845593,265.2603759765625,694871.0
2023-01-04,265.3875573619918,267.3376937655002,252.1181831326137,253.77154541015625,610895.0
2023-01-05,261.1057683119298,267.6768631023107,248.09073992641598,254.66183471679688,1240612.0
2023-01-06,245.8862249048629,254.36505188153345,233.5919075950843,245.038330078125,1497129.0
2023-01-09,246.5221446284426,249.57452254802203,233.16798819801454,234.3974151611328,673807.0
2023-01-10,237.40739324895787,238.63682022969783,217.90607746527786,222.23028564453125,653221.0
2023-01-11,222.2302838743342,227.9111044364831,213.15793226883423,214.81129455566406,690138.0
2023-01-12,215.6591881920425,224.68913651020972,205.1454177606226,221.93353271484375,697710.0
2023-01-13,221.93353937021715,226.427312046761,218.41482279540546,222.99337768554688,305400.0
2023-01-16,223.8836176723744,233.59189527448146,221.33998184260597,233.3375244140625,466800.0
2023-01-17,233.5919218161846,240.41738704474255,227.6567304421093,232.99839782714844,870562.0
2023-01-18,233.88866134567527,238.55202232520318,231.04825122882121,233.37994384765625,888736.0
2023-01-19,234.01588397051538,248.6418721702702,231.89618291868229,240.92613220214844,943640.0
2023-01-20,240.3749602844718,240.8837020133235,232.32006889006584,236.13555908203125,1042050.0
2023-01-23,237.40738394533358,245.46227598633166,234.86374787131157,239.1031494140625,764660.0
2023-01-24,239.31513052601034,243.76649951924585,232.36248028884293,237.7041473388672,514106.0
2023-01-25,238.50965058435725,241.64681064868617,226.59688902524343,234.01585388183594,497081.0
2023-01-26,234.18543598637447,245.54707647951477,228.92855103213702,241.60440063476562,498635.0
2023-01-27,241.43483957806146,241.5620250191581,234.22781821748623,239.27273559570312,504105.0
2023-01-30,239.272727733989,247.83633691589085,239.10313906538477,245.038330078125,454893.0
2023-01-31,244.74160179170335,246.73411720995207,228.97097009668266,244.31764221191406,758416.0
2023-02-01,243.3001684781823,243.55453935936467,219.8986053466797,219.8986053466797,694308.0
2023-02-02,217.90606742744583,229.09811944409444,207.81625689335578,224.81631469726562,704332.0
2023-02-03,225.11310117416048,241.64682135294663,220.44973984663088,237.44979858398438,422422.0
2023-02-06,235.88121358142888,237.40739041580906,226.17293478248433,234.86375427246094,174768.0
2023-02-07,231.38742903480073,231.38742903480073,211.3773948980678,220.02578735351562,473276.0
2023-02-08,207.77386474609375,207.77386474609375,207.77386474609375,207.77386474609375,33.0
2023-02-15,224.6891308150664,242.02836608886716,224.6891308150664,242.0283660888672,353589.0
2023-02-16,247.37002355673954,262.8862830449524,236.6018829345703,236.6018829345703,1047151.0
2023-02-17,236.43232248131264,240.41737730606974,228.7589626852244,230.49713134765625,437456.0
2023-02-20,231.0482707541006,237.44980093063265,230.49714997711368,236.3899383544922,352539.0
2023-02-21,236.51711098982017,240.33260150231672,233.16798327337636,234.01585388183594,338503.0
2023-02-22,234.01585388183594,237.83134439433246,232.78642694468385,234.01585388183594,250061.0
2023-02-23,234.0582522910788,237.11063008327434,230.20038288256387,232.32008361816406,332310.0
2023-02-24,232.32009441311834,238.0433182007585,230.83629655180954,237.53457641601562,373021.0
2023-02-27,240.75652040704924,243.76649482345164,233.21034636343552,242.45228576660156,486504.0
2023-02-28,245.33510485209237,248.76901462566147,237.40737431689593,239.95103454589844,616104.0
2023-03-01,243.7241249918461,246.18297879088274,240.16300547415338,245.3774871826172,426980.0
2023-03-02,245.3774858821808,257.79898876682154,244.82636515484455,249.99844360351562,642549.0
2023-03-03,251.22788846910805,253.51715352734993,239.52709527503706,250.71914672851562,502726.0
2023-03-06,254.2378854440537,258.64687580141043,250.80395116507782,256.4847717285156,704805.0
2023-03-07,260.639413430512,268.31274932607766,259.66433310154713,262.2503967285156,922779.0
2023-03-08,262.2504030590049,264.0309508218091,258.1805414812263,261.5296936035156,487848.0
2023-03-09,263.69180854517265,264.07334064822305,259.8763177076542,260.7242126464844,443465.0
2023-03-10,260.429201924611,261.15387381942486,246.11691904388158,251.0990447998047,797625.0
2023-03-13,251.09904330673442,251.3708017447515,238.96077618262245,244.0787811279297,460996.0
2023-03-14,244.078769253595,250.10260081082077,237.78317927157306,243.5352783203125,522892.0
2023-03-15,243.6711337949743,244.89402080118057,236.0168034531567,242.44827270507812,383653.0
2023-03-16,242.4482864711481,245.39224987888443,238.00965162880306,243.17295837402344,316258.0
2023-03-17,243.35409158209907,245.02989196777347,239.41369818197086,245.02989196777344,465960.0
2023-03-20,244.80342853223527,244.80342853223527,228.95122603396314,231.306396484375,452662.0
2023-03-21,232.57458859870098,234.1598114638421,226.8677914674548,230.12881469726562,373820.0
2023-03-22,230.12884399574762,232.3028597590695,228.7700776645934,230.98939514160156,220537.0
2023-03-23,231.03466989841678,232.12167765324685,228.04537913540224,229.1776885986328,288660.0
2023-03-24,230.9893670667029,233.52571848230528,229.17768748412973,230.03823852539062,258920.0
2023-03-27,232.8010484058075,233.20868603357806,229.0871117125874,229.44944763183594,180615.0
2023-03-28,229.44944365506774,230.26469298016988,221.61390686035156,221.61390686035156,313121.0
2023-03-29,221.47804778707126,228.67949090966755,217.71880910874714,226.68663024902344,265246.0
2023-03-30,226.95838232119934,232.84636071425993,226.00725372941213,232.12168884277344,288091.0
2023-03-31,228.77003959000615,232.12166610454457,225.78077489202505,226.86778259277344,242250.0
2023-04-03,226.91309448499055,230.0835143172618,221.56863323732253,230.03823852539062,240037.0
2023-04-04,230.53645425802097,238.68902535925153,228.99650717154145,237.78317260742188,388771.0
2023-04-05,237.7831885512691,248.78914602193223,237.7831885512691,245.7998809814453,597451.0
2023-04-06,245.79987891407873,250.3743669008532,243.67113907641703,246.25279235839844,372646.0
2023-04-07,246.84160444031698,253.2730743376532,243.5805807352847,251.82373046875,534948.0
2023-04-10,251.6878364341901,255.76413526289792,249.37794153948235,251.32550048828125,345718.0
2023-04-11,251.32547402804548,253.31833447888584,249.3779152842909,250.41964721679688,295668.0
2023-04-12,250.4196568440286,252.18603474365574,243.8070068359375,243.8070068359375,257812.0
2023-04-13,245.66398456949466,251.37078173195354,245.346950361256,245.61868286132812,397171.0
2023-04-14,247.43037361971867,249.37793249790587,240.09307746016725,240.95362854003906,285489.0
2023-04-17,245.07520061540055,249.01559412709835,239.3231015412714,241.27066040039062,287512.0
2023-04-18,245.70928316952973,245.70928316952973,238.9154783437944,240.863037109375,183931.0
2023-04-19,242.31237520786564,244.3957872159005,239.27780877630934,243.12762451171875,154923.0
2023-04-20,243.12763669659978,245.8451690673828,240.22894932312957,245.8451690673828,82203.0
2023-04-24,247.43038615206356,259.6592568978917,247.43038615206356,257.2587585449219,945208.0
2023-04-25,258.6175082386842,263.1920220047363,256.0811567436373,258.7533874511719,726993.0
2023-04-26,259.2063150165242,260.38392628352955,248.20035736796294,250.46495056152344,480043.0
2023-04-27,254.85827261121952,262.28617217404525,254.85827261121952,257.3040466308594,1220947.0
2023-04-28,257.25875484724116,261.6520879100907,246.8868916349313,252.7295684814453,659885.0
2023-05-02,253.95244703910095,257.7116855917043,239.18722534179688,239.18722534179688,480448.0
2023-05-03,240.4554084480014,240.72716687106913,228.54359870539957,234.61273193359375,646993.0
2023-05-04,235.0203903422937,248.83445843481368,234.703330181919,239.3231201171875,506015.0
2023-05-05,239.27783111745342,239.27783111745342,231.89523315429688,231.89523315429688,302488.0
2023-05-08,231.89523459222812,241.13478809392984,228.36245270202866,238.14552307128906,385923.0
2023-05-09,240.00249041346135,248.65325074581423,238.23608661373783,245.52810668945312,543750.0
2023-05-10,245.7998737082805,247.43037243982334,240.04777460526375,241.81417846679688,260904.0
2023-05-11,245.48285309154403,261.3803332284976,241.8141918677956,257.2587585449219,639226.0
2023-05-12,258.16460344330255,261.78796284313904,247.2039218215641,253.63539123535156,514621.0
2023-05-15,237.78317859877592,254.99414807041745,237.78317859877592,241.8594512939453,323437.0
2023-05-16,241.76888115800284,252.72956270884555,240.95363177739048,246.61512756347656,434685.0
2023-05-17,246.88688418868668,265.9095337337046,246.88688418868668,265.23016357421875,790961.0
2023-05-18,265.41128873476686,277.18721825567826,259.07042354374335,264.8677978515625,903153.0
2023-05-22,267.2229777301255,270.84633680165354,255.8999871106773,257.6210632324219,508621.0
2023-05-23,257.62108525641,259.52336836881943,252.50310632803408,255.13003540039062,310978.0
2023-05-24,255.13000620602733,265.8189281158573,254.17887771681495,255.0394287109375,505132.0
2023-05-25,256.2623179180447,265.7736288124476,256.2623179180447,262.69378662109375,375751.0
2023-05-26,262.6484970245917,273.74505714870276,259.2968962746762,271.4804382324219,524805.0
2023-05-29,271.7522131127745,280.3576981335916,271.02754123557537,278.9989318847656,710585.0
2023-05-30,283.52814565828146,296.57223952068745,281.8070434612475,294.3982238769531,669806.0
2023-05-31,294.57939789179244,305.72123428351534,290.1860649962387,299.5615234375,777601.0
2023-06-01,300.8749934166731,314.41730236511114,300.8749934166731,312.5150451660156,554608.0
2023-06-02,312.10740153084004,314.1002621136248,306.26475082905137,307.0346984863281,660350.0
2023-06-05,308.7105042005495,336.3386648216827,308.4840474788786,329.63543701171875,1186725.0
2023-06-06,327.8010879609874,353.10800096554516,324.5740409848899,332.2170715332031,808929.0
2023-06-07,344.7856217803563,347.1634432881793,330.3487854003906,330.3487854003906,857832.0
2023-06-08,331.1979959207577,332.5567621129253,314.6380961247198,320.8374328613281,533938.0
2023-06-09,325.2534314693134,331.1130834065167,314.3833532645395,316.9310302734375,457499.0
2023-06-12,317.0159130321932,320.24298593240763,311.6658020019531,311.6658020019531,577355.0
2023-06-13,311.66581417134154,319.05408770759493,306.6553880096147,312.3451843261719,583355.0
2023-06-14,312.3451915782236,316.67624768567885,299.3520491721687,300.7108154296875,536077.0
2023-06-15,301.64496680299544,310.81659362541797,301.64496680299544,309.5427551269531,313057.0
2023-06-16,310.39196866941734,314.1285562690431,302.3243251609099,303.088623046875,329792.0
2023-06-19,313.7889009234549,313.7889009234549,294.6813223827844,295.5305480957031,349792.0
2023-06-20,295.4456032769002,300.6258850097656,291.4542582065004,300.6258850097656,273497.0
2023-06-21,303.17354584475896,307.41967393782284,297.65357932377594,298.4178771972656,274863.0
2023-06-22,298.41791880762287,321.2620859503558,296.4647099789885,319.7334899902344,703906.0
2023-06-23,324.4041683162478,333.23610907667467,320.0731127182929,331.3678283691406,523320.0
2023-06-26,331.3678720705321,336.1235151651163,328.82019502001435,333.4909362792969,446425.0
2023-06-27,333.4908988938226,348.01263572078824,327.801077085657,344.9554443359375,418480.0
2023-07-03,347.24838470271465,367.2051887191501,347.24838470271465,363.7233581542969,683884.0
2023-07-04,363.72336344867506,366.8655089613971,354.1271232335708,360.9209289550781,455818.0
2023-07-05,360.92090236026615,368.9885460600839,354.9763227919794,367.1202392578125,605959.0
2023-07-06,367.2901013089383,392.0025734242007,367.2901013089383,385.12384033203125,672653.0
2023-07-07,386.3976408825723,394.04067114178804,385.548415298215,393.6160583496094,427305.0
2023-07-10,393.7010028587425,402.0234035733657,390.64378544158996,395.993896484375,342911.0
2023-07-11,397.43759260506465,406.6092189909655,382.15153135102366,406.3544616699219,424881.0
2023-07-12,407.6283091483804,410.09105833288993,392.3422475553162,399.305908203125,351400.0
2023-07-13,399.1360538137959,413.14827697959936,397.0129896977651,411.195068359375,729955.0
2023-07-14,411.19504845498074,414.5919508761989,401.6837113090464,407.45843505859375,435642.0
2023-07-17,408.4775321253038,427.33035166684175,405.92985520976134,425.88665771484375,459102.0
2023-07-18,427.5850959739875,445.8434466461637,422.914355104361,426.7358703613281,730777.0
2023-07-19,425.12236811084944,446.6926945663423,411.87444270850955,444.22991943359375,522143.0
2023-07-20,445.5037365667352,466.90423241544437,445.5037365667352,466.64947509765625,747130.0
2023-07-21,466.7344044608982,494.24933672284743,466.7344044608982,485.757080078125,639949.0
2023-07-24,495.0985804064521,505.28928875101025,475.5663894127155,492.5509033203125,538529.0
2023-07-25,492.55085982882423,503.67569472294514,480.067232842501,493.40008544921875,574867.0
2023-07-26,493.654873484983,505.2892755748269,487.11582543454915,496.3724060058594,466404.0
2023-07-27,502.0621848164189,526.5198717167375,501.0431037304437,516.2442626953125,602170.0
2023-07-28,543.5044040071051,567.792236328125,542.485322883068,567.792236328125,626985.0
2023-07-31,578.3227105825758,620.2744815399709,573.2273563043152,597.0056762695312,1400739.0
2023-08-01,597.0056346535346,599.9779244419946,573.2273163458548,580.27587890625,816271.0
2023-08-02,584.2672517849974,624.1808576482166,584.2672517849974,604.05419921875,919180.0
2023-08-03,606.6018578054782,645.1567221826654,606.6018578054782,626.728515625,1010616.0
2023-08-04,628.172217948792,689.4013660229382,628.172217948792,677.51220703125,1397296.0
2023-08-07,684.985385765038,704.8572866270907,650.7616025760539,656.8760375976562,1238868.0
2023-08-08,656.9609352637281,683.6266411290131,624.1808462482294,668.5953369140625,1305009.0
2023-08-09,668.5953595531737,684.0512771120497,652.2053144904459,666.6421508789062,692145.0
2023-08-10,666.642176592607,681.7583837335325,646.6853725799621,650.082275390625,765518.0
2023-08-11,650.0822538113895,678.7011694077555,649.9973519769906,669.8692016601562,572468.0
2023-08-14,671.5676181169613,679.3805042827365,653.224365234375,653.224365234375,591929.0
2023-08-15,653.903740947733,675.983607525189,642.1844375154534,674.28515625,589563.0
2023-08-16,674.2851580473542,704.0080554423888,670.8882554879218,692.118896484375,678172.0
2023-08-17,692.7133997914402,696.3650598607711,677.2574819987377,693.8173828125,519680.0
2023-08-18,694.6665630880625,698.9126912242975,659.9332142006118,661.886474609375,477161.0
2023-08-21,661.8864832725493,684.2211071949513,645.4114851552747,680.229736328125,455668.0
2023-08-22,685.3250600848843,748.2526563930888,676.4081912733709,737.7222900390625,1214659.0
2023-08-23,737.7222778914712,738.4016479946382,679.3804696902939,683.96630859375,743343.0
2023-08-24,685.9195944752356,704.3478021615063,651.4410006483951,658.0650024414062,707200.0
2023-08-25,658.234761460571,703.838187907339,652.1203784242869,694.4118041992188,540928.0
2023-08-28,694.6666078864414,700.0167193165975,680.8242396361578,681.92822265625,589765.0
2023-08-29,682.4377383657993,730.3340876368958,675.983643905778,702.7342529296875,874213.0
2023-08-31,703.4136073263483,772.9652099609375,703.4136073263483,772.9652099609375,957774.0
2023-09-01,772.9652206974135,806.7643922372498,751.5647232947011,782.6463623046875,859741.0
2023-09-04,783.4106746056916,806.5096230202103,764.04833984375,764.04833984375,556327.0
2023-09-05,764.04832681235,780.4383714723953,754.961602001044,775.343017578125,321339.0
2023-09-06,775.3430248366782,822.0504359714178,766.8507682667255,799.2911987304688,696733.0
2023-09-07,799.5459742425516,827.9101325642367,799.5459742425516,812.0296020507812,379295.0
2023-09-08,813.982767980802,883.874078935494,812.8787850261208,851.2637939453125,853414.0
2023-09-11,851.7733601762355,898.0561599066491,827.5704282071201,835.977783203125,698039.0
2023-09-12,836.0626656047936,848.291535890619,808.632687043908,835.2134399414062,444615.0
2023-09-13,835.6380205469234,840.7333743307461,769.1436640345609,798.3569946289062,713304.0
2023-09-14,798.9514499926307,804.6412719922394,762.349846638221,803.2825317382812,577387.0
2023-09-15,804.641285692614,826.9759094302757,784.2598705405056,804.3015747070312,509892.0
2023-09-18,804.2167290430951,804.2167290430951,766.6809431499552,768.37939453125,329980.0
2023-09-19,768.3793270526352,803.0277218217235,758.3584751495456,797.3379516601562,391066.0
2023-09-20,797.3379645898057,803.0277348436383,770.2476462648626,774.4937744140625,256028.0
2023-09-21,774.4938113310063,805.9151611328125,736.1937543326642,805.9151611328125,373055.0
2023-09-22,805.9151247603078,815.596317698063,781.2875814325429,792.3275146484375,309911.0
2023-09-25,792.3275238759476,796.4037965904574,772.2008657968191,777.8057861328125,569819.0
2023-09-26,781.9669444254571,784.6844767895202,747.8280639648438,747.8280639648438,560378.0
2023-09-27,747.9979654608106,777.04149396232,747.9979654608106,755.8108520507812,432607.0
2023-09-28,755.8108330651911,757.50928437545,734.1555788593907,737.1278686523438,391880.0
2023-09-29,737.1278523716834,748.1677856445312,721.841790916971,748.1677856445312,635620.0
2023-10-02,750.0361017484223,757.5092770750151,730.5888137003319,733.6460571289062,349809.0
2023-10-03,734.8349437521524,778.9097756706383,734.8349437521524,775.343017578125,888107.0
2023-10-04,782.3916046362515,794.0260067595739,743.9216918945312,743.9216918945312,530052.0
2023-10-05,751.3948158339766,756.7449268565389,726.9371284218222,753.2631225585938,330447.0
2023-10-06,744.7709106310726,772.2858429997502,738.8263309567083,770.2476806640625,333196.0
2023-10-09,761.2458379378862,772.4555742351843,730.758618590768,742.9874877929688,370238.0
2023-10-10,743.4970601433944,772.7104433766514,743.4970601433944,766.5960083007812,362215.0
2023-10-11,766.5959947971203,771.9461059570312,748.1677880617651,771.9461059570312,357355.0
2023-10-12,778.655006397611,788.5909048729218,738.9961588290639,745.1954956054688,419456.0
2023-10-13,745.6200629654063,746.5541903750272,726.937100112059,734.155517578125,232885.0
2023-10-16,741.9684230095884,760.0569180674637,728.3808133011197,734.9198608398438,496640.0
2023-10-17,739.9302952676268,750.4607140149792,725.5784129444773,748.5924072265625,316049.0
2023-10-18,731.6079051140048,747.3185798030462,710.547119140625,710.547119140625,320590.0
2023-10-19,710.9717307533255,734.3254363322039,709.9526495979048,719.5488891601562,290778.0
2023-10-20,710.8018190891908,713.1796403755345,669.6992797851562,669.6992797851562,571027.0
2023-10-23,683.6266342941358,700.5262451171875,671.6525736066278,700.5262451171875,335646.0
2023-10-24,707.4049716735492,711.651099954903,694.6665868294876,707.6597290039062,511651.0
2023-10-25,741.374009394707,760.0569741217214,660.6975708007812,660.6975708007812,1257101.0
2023-10-26,677.6820824171423,695.5158214281197,650.5068610670813,663.7547607421875,698656.0
2023-10-27,668.9350878506162,670.0390708835196,648.5536712457944,661.5468139648438,421104.0
2023-10-30,661.1221346171563,666.6421010590466,645.8360737011527,646.4305419921875,458293.0
2023-10-31,647.1098780197898,657.300584760259,615.5186767578125,615.5186767578125,583751.0
2023-11-01,618.2362445869221,646.1757879118782,609.8288903079814,620.189453125,696270.0
2023-11-02,628.4269964228573,640.4010576486767,597.0056466017145,625.2848510742188,468773.0
2023-11-03,625.6245019780816,632.1635493819458,618.3211308108323,619.2553100585938,382044.0
2023-11-06,626.728500877175,673.4359094791324,620.7839216005622,646.685302734375,981149.0
2023-11-07,661.9713933653103,709.1034168826608,649.6576214553719,677.6820678710938,1255498.0
2023-11-08,692.1189101369757,700.1865538747687,645.4114990234375,645.4114990234375,1158861.0
2023-11-09,645.411507569972,654.3283770824518,631.8238968842883,642.8638305664062,556257.0
2023-11-10,642.8638566781353,656.0268550645436,639.0423410175651,641.1654052734375,468730.0
2023-11-13,644.986874492848,655.6021950078718,613.1409129477764,615.2639770507812,612289.0
2023-11-14,621.2086268774148,628.8516585136372,607.6210150796859,621.6332397460938,411492.0
2023-11-15,621.6331961971351,632.2485171704468,611.4424880627558,622.482421875,465591.0
2023-11-16,623.3316215255634,631.8238779496173,623.3316215255634,624.1808471679688,302142.0
2023-11-17,625.8792899940718,635.2207719342819,618.6608721311823,626.728515625,356092.0
2023-11-20,632.2485181570686,647.1099675428962,629.7008411194981,640.316162109375,464960.0
2023-11-21,641.5900088869826,649.6576529431392,623.3316565493649,628.8516235351562,553455.0
2023-11-22,629.276236003719,630.5500745381395,619.9347534179688,619.9347534179688,365323.0
2023-11-23,622.482367488925,626.728495507267,608.0455322265625,608.0455322265625,357099.0
2023-11-24,608.0455761854008,619.5101226637568,606.7717376878056,613.1409301757812,315482.0
2023-11-27,614.4147070006687,617.8116093199536,607.1962895721881,610.1685791015625,441898.0
2023-11-28,611.0178565174216,631.8238849881329,603.7994384765625,603.7994384765625,865530.0
2023-11-29,611.0178829133931,618.2363012660878,602.1010131835938,602.1010131835938,584300.0
2023-11-30,602.9502202392401,608.0455742130929,586.3903198242188,586.3903198242188,1191045.0
2023-12-01,598.2795060887455,603.3748602924823,588.938023381895,596.5810546875,620755.0
2023-12-04,597.0056316873302,600.8271471106488,579.1718930451766,585.9656982421875,540597.0
2023-12-05,586.3902830854887,588.937959912797,571.1042221216381,572.8026733398438,619796.0
2023-12-06,574.9257982529807,576.6242496510692,560.4889613692279,560.91357421875,668756.0
2023-12-07,561.7627504124524,585.116455078125,559.6396863519367,585.116455078125,542536.0
2023-12-08,585.9656906941298,600.8271393711548,579.5964984039762,597.4302368164062,520137.0
2023-12-11,597.4301923198085,601.6763201969926,582.568744749664,592.3348388671875,565570.0
2023-12-12,588.93798747698,593.608728545651,576.1996027442407,580.0211181640625,476990.0
2023-12-13,580.0211343598962,582.5688113775824,559.2151053821254,560.0643310546875,526057.0
2023-12-14,567.2827500057999,580.870360784382,554.5443649008793,571.9534912109375,467800.0
2023-12-15,572.3781151420599,628.8516235351562,571.953502296999,628.8516235351562,777805.0
2023-12-18,649.6576148907067,666.6421276983068,602.5255918496161,609.3193969726562,1532895.0
2023-12-19,616.113237044707,617.8116884218116,582.1442095026142,602.1010131835938,633953.0
2023-12-20,601.251759935462,610.1686292565387,585.1164725925612,585.9656982421875,472911.0
2023-12-21,585.5410602880651,605.4978621978105,577.0488041562584,593.6087036132812,690337.0
2023-12-22,594.4579536392844,598.2794690555369,574.0765380859375,574.0765380859375,413390.0
2023-12-25,574.0765015660324,574.5011143630487,560.4888920615109,563.461181640625,325722.0
2023-12-26,564.7350231436797,588.5133399076241,564.7350231436797,584.2672119140625,533843.0
2023-12-27,584.2671910191442,584.6918038033151,565.584228515625,565.584228515625,492028.0
2023-12-28,571.5289045319734,581.2950002260561,560.4889702690972,573.2273559570312,815556.0
2023-12-29,573.2272737481621,620.3592940341222,568.981145794472,604.6486206054688,864061.0
2024-01-02,604.6486636075107,604.6486636075107,591.0610531893643,597.8548583984375,747540.0
2024-01-03,597.8548926999266,599.5533440996423,578.747314453125,578.747314453125,527706.0
2024-01-04,578.747262544305,588.5133572167327,574.5011344258581,582.1441650390625,401778.0
2024-01-05,584.2672563190978,605.9225107320875,583.4180306558433,595.3071899414062,614748.0
2024-01-08,596.5809932594136,601.2517341319073,590.2118011605586,593.6087036132812,680617.0
2024-01-09,594.8825757643756,597.0056399177103,577.4734497070312,577.4734497070312,508695.0
2024-01-10,579.1719019117548,591.4856740198493,573.2273222733644,589.3626098632812,398365.0
2024-01-11,595.3071811847564,600.4025350893335,587.6641503278908,594.882568359375,496514.0
2024-01-12,594.457920867833,602.9501768802306,581.7195368492365,596.1563720703125,465951.0
2024-01-15,596.5810468323216,621.2085918261114,594.8825954534395,616.9624633789062,756983.0
2024-01-16,617.3870250430349,634.3715374238612,611.4424457097458,626.3038940429688,693091.0
2024-01-17,624.6054588032166,635.2207793131284,611.4424613709258,612.2916870117188,523909.0
2024-01-18,619.934708208326,621.6331594636913,605.0732597238799,605.9224853515625,437323.0
2024-01-19,605.9225551060268,608.8948451450893,598.279523577009,600.402587890625,338012.0
2024-01-22,600.4025358690994,611.0178565174216,595.3071819579048,603.7994384765625,347993.0
2024-01-23,608.0455229684209,616.96239167117,599.9778798564097,604.6486206054688,421696.0
2024-01-24,608.8947578302309,613.565498650407,601.2517273972154,608.0455322265625,393365.0
2024-01-25,609.744011247077,624.1808471679688,609.744011247077,624.1808471679688,539825.0
2024-01-26,624.1808738861697,634.7961948706284,620.7839711711429,634.37158203125,571628.0
2024-01-29,649.6576280241118,683.6266543260261,649.6576280241118,654.328369140625,1289754.0
2024-01-30,656.8760650368735,692.5435436814096,656.4514521958671,681.92822265625,1263359.0
2024-01-31,682.3527315783427,709.5279492641013,678.1066038149429,685.7496337890625,927243.0
2024-02-01,687.872785902227,704.8572991343807,687.872785902227,695.9404296875,603141.0
2024-02-02,697.2143205915179,709.1034807477679,688.2974504743304,698.4881591796875,614075.0
2024-02-05,698.4880658211792,726.0878982092502,694.241937761476,717.5956420898438,723471.0
2024-02-06,726.0879326095672,729.9094480443545,692.11890652257,707.4049682617188,718504.0
2024-02-07,713.3495103382376,715.0479615533286,690.8450317382812,690.8450317382812,707214.0
2024-02-08,692.1189409197085,718.4449374454888,691.2697152253285,715.0480346679688,812044.0
2024-02-09,715.0479905707984,717.5956674968227,699.337316193649,709.95263671875,573045.0
2024-02-12,712.9249704320188,724.3895173061488,708.2542291129287,715.0480346679688,684521.0
2024-02-13,716.746475935571,721.8418300298997,687.872802734375,687.872802734375,728367.0
2024-02-14,690.4204631077707,704.8572993597168,684.4758834746165,698.9127197265625,537093.0
2024-02-15,702.3096318942397,721.417209545534,702.3096318942397,711.2265014648438,562415.0
2024-02-16,713.3495304785682,721.8417867937893,701.4603716372587,709.5280151367188,492636.0
2024-02-19,713.3495155840731,744.3462504874286,713.3495155840731,729.4848022460938,1695175.0
2024-02-20,730.3340619119872,734.5801901789174,713.3495488442666,719.2941284179688,988742.0
2024-02-21,727.7863839139171,728.6356095660921,703.1588400008441,707.4049682617188,852460.0
2024-02-22,713.77412021575,734.1555347132849,707.8295409873024,732.032470703125,759061.0
2024-02-23,754.9615815357308,780.8629631294764,744.7708740234375,744.7708740234375,1543856.0
2024-02-26,749.0169819078948,755.3861739309211,726.087890625,726.087890625,959535.0
2024-02-27,727.3617986387974,733.7309912713613,714.1988005314986,720.5679931640625,753374.0
2024-02-28,730.3340457282318,753.6877506788438,729.4848200936641,733.3063354492188,1001394.0
2024-02-29,735.4293914444145,740.9493580083737,726.087909566945,738.8262939453125,535360.0
2024-03-01,739.2509322925173,749.0170273199313,731.1832885742188,731.1832885742188,511616.0
2024-03-04,735.4294245570757,737.5524887157277,715.4726214657462,716.7464599609375,478409.0
2024-03-05,716.7464349482815,733.3063348078686,681.5035711445449,727.3617553710938,719948.0
2024-03-06,727.3617114172049,744.7708358585974,717.595617218375,725.2386474609375,920017.0
2024-03-07,727.3617516424739,787.2321585202257,727.3617516424739,771.521484375,1912600.0
2024-03-08,771.9461229900982,782.9860565422117,764.7277048983316,766.8507690429688,1124833.0
2024-03-11,792.3275476074218,792.3275476074218,760.9061979166667,764.3031005859375,901809.0
2024-03-12,768.5492208292196,791.47831360534,760.0569642454714,772.7953491210938,954618.0
2024-03-13,773.6445083128053,802.942791009613,767.2753164221949,793.1766967773438,1322388.0
2024-03-14,796.5736070165094,807.1889269394374,782.9859975151617,787.65673828125,717167.0
2024-03-15,790.2044421791012,800.8197624663003,784.6844756297577,794.8751831054688,620336.0
2024-03-18,795.2997627796796,799.1212779238424,750.7154194311123,751.9892578125,871969.0
2024-03-19,752.4139927455358,785.5337960379464,752.4139927455358,784.6845703125,618052.0
2024-03-20,784.6844917537073,789.7798455962638,775.7676225292333,783.8352661132812,531426.0
2024-03-21,787.2321205338883,811.0104370117188,783.4106053856655,811.0104370117188,791406.0
2024-03-22,811.8596771944611,819.5027076283003,788.930585892944,791.0536499023438,662291.0
2024-03-25,791.0537007761526,794.0259905804645,772.7953491210938,772.7953491210938,562897.0
2024-03-26,772.7953491210938,784.6845083383414,764.3030925373455,772.7953491210938,459982.0
2024-03-27,774.9184571640072,793.176809853351,774.9184571640072,780.863037109375,490394.0
2024-03-28,785.9583019079571,837.7610641082655,785.9583019079571,832.6657104492188,1149335.0
2024-03-29,833.0903933752886,844.9795529137739,819.5027824741626,839.0349731445312,970931.0
2024-04-01,877.545266472078,877.9987782376966,826.298436957171,836.2756958007812,649168.0
2024-04-02,836.2756687581473,840.8107862676817,804.5298461914062,804.5298461914062,774618.0
2024-04-03,804.5298103953008,814.0535567415811,790.470946741268,791.8314819335938,518128.0
2024-04-04,792.2850324070263,811.7860377839594,785.0288443597954,796.3666381835938,482984.0
2024-04-05,798.6341650658911,828.5659395658053,798.6341650658911,825.391357421875,458924.0
2024-04-08,825.3913734506409,841.2642844785379,821.3097677577532,835.8221435546875,541428.0
2024-04-15,825.3913425385819,826.298365991921,794.5525451250525,810.8789672851562,623819.0
2024-04-16,810.8790015211221,837.1826827785186,805.4368605713158,826.2984008789062,642414.0
2024-04-17,831.7404945947791,861.2187563988471,827.6588891142158,843.5317993164062,657291.0
2024-04-18,846.2529102716953,859.8582625268673,836.2756519512359,843.9853515625,363640.0
2024-04-19,843.531804319288,843.531804319288,817.2281243996542,829.9264526367188,489509.0
2024-04-22,836.2756627795437,849.8810152108812,818.1351928710938,818.1351928710938,435779.0
2024-04-24,822.6703074802863,827.6589366877191,815.8676312883324,824.9378662109375,369001.0
2024-04-25,829.9265374264618,830.3800491955473,819.9492785065808,822.6703491210938,289284.0
2024-04-26,822.6703091953341,828.5659619073183,818.5887034716527,820.8562622070312,338655.0
2024-04-29,821.7632874314617,828.5659636519208,809.5184702346353,816.774658203125,389671.0
2024-04-30,817.6816944912636,844.4388880436676,817.228182736138,834.0081176757812,682166.0
2024-05-02,839.9037874156031,863.4863991572939,833.554622715917,841.7178344726562,561222.0
2024-05-03,843.985367436824,864.846907953801,836.27566768055,854.4161376953125,640402.0
2024-05-06,857.5907285869949,885.708457393126,845.3459112036799,881.17333984375,791481.0
2024-05-07,881.173335127256,893.4181524450305,869.3820295619917,892.0576171875,547844.0
2024-05-08,892.0575745739759,908.8375086152759,883.4408516879029,897.0462036132812,434245.0
2024-05-09,902.4883303298163,912.4655882530606,877.091673797922,879.812744140625,447251.0
2024-05-10,886.1619456798949,898.4067627389313,882.9873634794039,888.4295043945312,257413.0
2024-05-13,894.3252015983039,895.685736894853,874.8241956810995,880.7198486328125,386791.0
2024-05-14,880.2662711233098,896.1391817308913,858.9512197359859,892.964599609375,392947.0
2024-05-15,892.9645908771175,924.2569000546295,884.3478680601214,916.0936889648438,539829.0
2024-05-16,920.6288627729024,930.6061213842343,911.5586276716915,926.97802734375,255574.0
2024-05-17,927.885043804462,951.4676548884464,923.3499262883113,943.304443359375,453513.0
2024-05-20,946.0254695638021,960.5378449358259,938.7692818777901,952.3746337890625,396656.0
2024-05-21,915.1867448406632,981.3994627528222,893.4181800476247,964.166015625,1944427.0
2024-05-22,961.4448705212823,966.8870112978178,946.9324951171875,946.9324951171875,356463.0
2024-05-23,946.0255247456889,947.8395717730057,918.8148193359375,918.8148193359375,375121.0
2024-05-24,918.8148405261846,930.6061464756816,915.1867463878779,917.0007934570312,253676.0
2024-05-27,917.9078044276084,925.1639926049018,898.4067987011325,899.767333984375,317082.0
2024-05-28,899.7673187723442,906.5699950735464,887.0689896767667,887.9760131835938,258706.0
2024-05-29,887.9759876754468,912.4656216562814,887.9759876754468,900.67431640625,339928.0
2024-05-30,902.4883655984834,908.8375299795783,889.7900368362937,895.232177734375,255006.0
2024-05-31,897.4997727388371,918.8148254516847,897.0462609789893,905.20947265625,327974.0
2024-06-03,911.5585998627774,912.4656233452279,884.3478953892617,896.5927124023438,345097.0
2024-06-04,896.5927049410681,900.674310578129,858.9512307326165,864.3933715820312,371294.0
2024-06-05,864.3933985783503,869.8355395977313,836.2756699782151,848.9739990234375,437019.0
2024-06-06,853.5090742395279,864.846867468002,850.7880038646941,852.60205078125,277171.0
2024-06-07,859.4047705025791,859.4047705025791,842.1713239173031,846.2529296875,232748.0
2024-06-10,846.2529326551737,849.8810266858497,831.2870447786353,839.4502563476562,219906.0
2024-06-11,838.9967094672904,842.624803346068,824.4843339521806,825.391357421875,236065.0
2024-06-12,825.3913919787868,848.5204914243462,824.4843684711178,839.4502563476562,256727.0
2024-06-13,852.6021063434059,872.1031119672178,849.8810357912461,864.846923828125,185870.0
2024-06-14,873.9171365131981,885.2549301887715,866.2074368138082,869.3820190429688,177863.0
2024-06-20,875.2776683245519,889.3365324271741,870.2890391268471,877.5452270507812,204516.0
2024-06-21,879.812751343931,883.8943568914029,860.7652587890625,860.7652587890625,171031.0
2024-06-24,858.9513031730899,859.4048149487884,839.90380859375,839.90380859375,363789.0
2024-06-25,841.2643039587773,849.881027287735,831.2870453673524,838.0897216796875,294145.0
2024-06-26,840.8107970388312,843.5318675794099,827.2054443359375,827.2054443359375,243030.0
2024-06-27,827.2054378281503,844.8923962027653,826.2984143217598,842.1713256835938,231365.0
2024-06-28,849.8810237054529,852.6020942189175,836.2756711381297,846.2529296875,291264.0
2024-07-01,852.148572755255,853.9626197435579,818.135191724577,820.8562622070312,378825.0
2024-07-02,820.8562427636989,824.4843366543672,808.6114258826934,818.5886840820312,255345.0
2024-07-03,820.4027064589203,829.9264526367188,817.6816361224065,829.9264526367188,201839.0
2024-07-04,829.9264694626268,844.438844884924,824.4843286792652,838.9967041015625,276155.0
2024-07-05,838.9967344494099,838.9967344494099,815.4141235351562,815.4141235351562,279526.0
2024-07-08,816.7746887903779,822.6703417355611,791.831541714603,794.5526123046875,410231.0
2024-07-09,795.0061151396553,800.9017680186146,767.795409544459,769.1559448242188,609086.0
2024-07-10,769.6094418933595,775.5050946597789,754.1900423504165,756.0040893554688,419400.0
2024-07-11,759.6322168959091,777.7726877471547,758.7251933533469,771.4235229492188,331119.0
2024-07-12,771.4235054744229,777.7726701285334,761.8997584932572,765.0743408203125,264964.0
2024-07-16,765.5278131394159,776.8656065804618,758.2716253371466,761.8997192382812,406101.0
2024-07-17,762.3532752279624,766.888392867629,751.0154811287958,754.1900634765625,370833.0
2024-07-18,756.9111546999567,761.8997842396209,752.3760369366256,753.736572265625,311056.0
2024-07-19,756.0040899423452,757.3646251971904,749.654925419734,754.6435546875,235404.0
2024-07-22,759.1786757848098,767.7953991061428,745.5733231721788,746.4803466796875,385588.0
2024-07-23,746.9338608255001,752.3760018879809,740.131184497399,741.0382080078125,351109.0
2024-07-24,741.0381722836239,744.2127544170299,728.33984375,728.33984375,278066.0
2024-07-25,728.3398475237825,732.4214531450241,718.8161010742188,718.8161010742188,335034.0
2024-07-26,722.4441891211662,743.7592405264988,722.4441891211662,733.781982421875,375142.0
2024-07-29,733.7819900125417,738.317107379739,714.2809853335928,714.7344970703125,349836.0
2024-07-30,714.7344992557145,724.7117574940556,709.2923583984375,709.2923583984375,327373.0
2024-07-31,709.2923611566434,713.8274785553432,699.3151028795039,702.4896850585938,402142.0
2024-08-01,703.3967528978153,714.734547109579,693.8730057599339,694.780029296875,552152.0
2024-08-02,694.7800105537956,696.140545822504,684.8027519166001,691.1519165039062,344338.0
2024-08-05,670.2903237281578,687.5237691284758,664.3946713543647,670.7438354492188,465129.0
2024-08-06,677.0930605333665,696.1405545336354,672.1044311523438,672.1044311523438,351281.0
2024-08-07,677.093023001618,680.2676051590267,643.5331544804393,663.4876708984375,304487.0
2024-08-08,667.569313533232,676.6395487714553,665.7552664855874,672.1044311523438,327493.0
2024-08-09,676.6395169116364,679.8140990955382,649.88232421875,649.88232421875,344173.0
2024-08-12,651.2429233580555,659.8596472743529,643.986734796963,644.4402465820312,255067.0
2024-08-13,644.440226022369,649.4288554989671,638.544573004571,644.8937377929688,365378.0
2024-08-14,651.2428830509549,658.045559405944,642.6261596679688,642.6261596679688,317292.0
2024-08-15,642.6260967534935,651.2428192928841,642.6260967534935,648.0682373046875,291510.0
2024-08-16,650.7893460468181,658.4990456167108,647.1612521315745,653.9639282226562,277198.0
2024-08-19,654.4174593363289,664.848229651461,645.3472242796923,656.2315063476562,356550.0
2024-08-20,655.7779768459961,657.5920238082258,648.5217889970778,649.88232421875,222701.0
2024-08-21,649.8823441668254,663.9412085556402,648.0682971489139,650.7893676757812,489597.0
2024-08-22,656.685000327111,661.2201177326849,648.9753007376352,649.88232421875,264862.0
2024-08-23,649.8823089164886,653.5104027555199,636.73046875,636.73046875,223057.0
2024-08-26,639.4516057553499,644.4402353037958,622.6716700014861,625.8462524414062,283160.0
2024-08-27,626.2997596408536,637.637553986271,623.1251772241368,635.3699951171875,230665.0
2024-08-28,635.3699697786093,651.2428812291813,635.3699697786093,646.707763671875,244145.0
2024-08-29,646.7077767060767,670.2903884793699,644.4402178817217,662.5806884765625,404989.0
2024-09-02,663.9412188289141,686.6168069036721,663.0341953059238,673.4649658203125,452394.0
2024-09-03,675.7325111126078,680.2676286368535,655.7779940059268,657.592041015625,337662.0
2024-09-04,653.0568817515432,662.1271162203146,644.4401590062104,661.2200927734375,268931.0
2024-09-05,661.6736250375343,665.7552306751887,657.1385076623627,660.7666015625,150242.0
2024-09-06,660.766604313738,663.9411864895761,653.0569047438453,653.9639282226562,151172.0
2024-09-09,652.6034359508757,659.406112489627,647.6148064891247,648.975341796875,238494.0
2024-09-10,652.1499241816256,664.3947419513779,648.0683182583748,648.975341796875,272726.0
2024-09-11,648.521857561384,652.6034636579241,632.1954331752232,634.91650390625,239122.0
2024-09-12,643.0796708227882,646.7077648753851,630.834853395274,643.9866943359375,258581.0
2024-09-13,643.9866625844951,673.4649253084332,641.7191039134229,673.0114135742188,367869.0
2024-09-16,673.0114799604023,677.0930859709439,658.0455912550834,662.127197265625,244791.0
2024-09-17,662.1271538702086,669.3833418578273,660.7666186225301,668.476318359375,189828.0
2024-09-18,670.7438559732192,679.3605789370401,664.394691684088,670.2903442382812,217917.0
2024-09-19,673.9184968474727,679.360638140992,672.104449749633,675.7325439453125,205124.0
2024-09-20,677.5465521735114,681.1746461610536,666.6622702108847,671.1973876953125,227193.0
2024-09-23,675.2789788430566,675.2789788430566,656.6849975585938,656.6849975585938,192665.0
2024-09-24,656.6850349134435,663.9412231445312,653.0569407978996,663.9412231445312,288767.0
2024-09-25,663.4876992499753,665.7552580307339,645.3472290039062,645.3472290039062,239670.0
2024-09-26,647.6147445646856,657.1384908082839,647.6147445646856,651.6963500976562,195853.0
2024-09-27,652.1499241816256,658.0455771818768,644.4402241043741,648.975341796875,278272.0
2024-09-30,648.5217929224117,648.5217929224117,631.288346676921,640.3585815429688,290258.0
2024-10-01,639.4515828743256,642.1726534397482,621.3111124381745,630.38134765625,312618.0
2024-10-02,629.4743304084329,634.9164715935202,616.7760009765625,616.7760009765625,298940.0
2024-10-03,617.6829866681779,629.4742918468656,609.519775390625,609.519775390625,239960.0
2024-10-04,610.8803413429453,632.1953940846812,610.8803413429453,631.7418823242188,223535.0
2024-10-07,631.7418860529119,636.7305154474432,622.6716507901278,623.5786743164062,242278.0
2024-10-08,623.5786537791407,632.1953769949979,619.9505597935166,624.0321655273438,200973.0
2024-10-09,629.0208277179262,641.719157332996,620.4041040505573,640.8121337890625,215364.0
2024-10-10,640.8121002108552,644.4401941964793,621.7646067863287,624.0321655273438,247819.0
2024-10-11,624.48567843472,627.2067489289889,616.775978700958,621.3110961914062,165116.0
2024-10-14,634.91650390625,643.0797160993303,628.5673388671875,634.91650390625,420216.0
2024-10-15,636.2769886516703,661.6736467874462,634.9164533943966,657.592041015625,461190.0
2024-10-16,658.4990472893405,672.5579112466198,648.0682772565204,649.88232421875,468808.0
2024-10-17,650.7894027918985,664.8482679393193,648.5218438971532,662.127197265625,321092.0
2024-10-18,662.1271384223389,667.5692792860842,656.6849975585938,656.6849975585938,190190.0
2024-10-21,657.5920433925156,662.1271609331537,647.614784803112,652.14990234375,251514.0
2024-10-22,652.6034290334567,668.4763407889611,650.3358702112417,663.9412231445312,276094.0
2024-10-23,664.848229651461,669.3833471797792,653.0569240778334,656.2315063476562,212403.0
2024-10-24,658.0455279230667,671.650879982124,658.0455279230667,668.9298095703125,224480.0
2024-10-25,652.149921631367,657.1385510736096,648.5218274915541,654.41748046875,305265.0
2024-10-28,654.8709528080932,657.592023249124,647.6147649653443,651.2428588867188,130251.0
2024-10-30,651.2429000024516,656.6850412280988,647.1612940832163,650.3358764648438,247733.0
2024-10-31,651.2428776537612,663.4876949912623,651.2428776537612,654.8709716796875,306200.0
2024-11-01,657.1385676971853,671.1974328446062,656.6850559182362,662.127197265625,343283.0
2024-11-04,662.1271182491572,667.5692589470955,649.4287899539679,655.7779541015625,274145.0
2024-11-05,657.1385269269408,663.4876914383123,651.6963859171939,663.0341796875,219644.0
2024-11-06,663.9411826352101,671.1973704235731,655.7779713733019,663.4876708984375,326017.0
2024-11-07,666.2087528456126,685.7097578642384,666.2087528456126,684.802734375,637635.0
2024-11-08,692.7812269167175,700.7766653807936,681.963868994732,698.8953857421875,484527.0
2024-11-11,699.835994361459,707.3611125803994,688.0779971443646,694.6624755859375,292587.0
2024-11-12,694.6625056461678,696.0734653732758,683.3748278293039,690.4296264648438,280134.0
2024-11-13,690.4296019048804,711.1236771663346,687.6076825510457,708.3017578125,525911.0
2024-11-14,708.7721073410172,732.7584228515625,705.4798679572168,732.7584228515625,375630.0
2024-11-15,733.6990657489121,742.164824199861,726.6442670397879,729.4661865234375,308868.0
2024-11-18,729.4661825997489,731.3474622453963,716.2972250802177,724.2926635742188,251775.0
2024-11-19,725.2332975434841,729.4661767120259,697.9547429017707,702.1876220703125,337266.0
2024-11-20,703.128253825257,713.4752916741905,686.6670572474081,691.840576171875,238827.0
2024-11-21,691.8405533865134,701.7172710079388,688.5483141793716,697.9547119140625,286620.0
2024-11-22,698.4250697439801,708.3017879019758,691.840590971983,704.0689086914062,287322.0
2024-11-25,710.1830632530957,727.5848999023438,707.8314637059,727.5848999023438,864711.0
2024-11-26,727.5848544650607,730.8770936255362,717.7081369836346,719.5894165039062,170862.0
2024-11-27,722.8816786623347,723.8223184523963,713.004960866688,713.4752807617188,149249.0
2024-11-28,713.0049367430349,720.0597349298064,707.3610981936177,711.1236572265625,105137.0
2024-11-29,711.1236738582503,731.8177490234375,708.7720744076609,731.8177490234375,266537.0
2024-12-02,731.3474531253128,737.4616118974216,719.5894554866422,734.1693725585938,207796.0
2024-12-03,735.1100144386292,739.8132135073345,717.7081778844198,722.411376953125,393224.0
2024-12-04,722.4113830486202,728.5255418895265,714.8862644751971,715.826904296875,403430.0
2024-12-05,719.5894575119019,727.1145760218303,718.1784977912903,722.411376953125,221032.0
2024-12-06,727.1145388673143,728.5254985158278,722.4113400389358,724.762939453125,244130.0
2024-12-09,725.2332593359629,731.3474178128549,721.0003803904223,724.762939453125,287015.0
2024-12-10,724.762978594797,726.6442582277491,709.2424216229422,710.6533813476562,278903.0
2024-12-11,710.6533631843791,714.8862422503352,700.7766453638153,701.71728515625,212480.0
2024-12-12,703.1282419073654,712.0643198981612,702.6579220131129,705.009521484375,169684.0
2024-12-13,705.0095255668589,710.1830444335938,701.7172862880277,710.1830444335938,127656.0
2024-12-16,711.1236901920747,715.8268892012816,702.1876120745817,703.5985717773438,193116.0
2024-12-17,702.1876241907437,703.5985839178517,687.1373871015918,690.4296264648438,288228.0
2024-12-18,690.4295823791418,691.3702221371516,669.7355077029277,670.6761474609375,277011.0
2024-12-19,670.6761844857824,677.2606631553483,663.1510660062786,668.3245849609375,229286.0
2024-12-20,668.7949179819,675.3793967805966,663.6213989257812,663.6213989257812,199509.0
2024-12-23,664.5619961849287,668.7948751415206,651.863359315153,652.3336791992188,225016.0
2024-12-24,654.6853266765838,659.8588457810682,652.3337270836363,657.0369262695312,130346.0
2024-12-25,660.329149561859,669.2652277966705,660.329149561859,665.0323486328125,100773.0
2024-12-26,667.3839166967908,687.6076717482088,666.4432769269574,681.023193359375,245100.0
2024-12-27,682.9044657783825,685.2560651784457,676.7903073382179,679.1419067382812,127198.0
2024-12-30,680.5528863686679,686.1967250946002,671.6168083859418,676.3200073242188,135811.0
2024-12-31,677.2606640624999,720.5300953776041,667.8542659505208,705.4798583984375,353502.0
2025-01-02,696.0734296767093,700.7766285258763,679.1419138197083,681.023193359375,265428.0
2025-01-03,681.9638803270128,686.6670795016819,677.2606811523438,677.2606811523438,265897.0
2025-01-06,678.2012798144394,681.963838925754,673.027761036382,674.438720703125,245468.0
2025-01-07,674.4387265487456,674.9090464417363,667.854248046875,667.854248046875,163835.0
2025-01-08,667.8542267192494,671.1464658650485,661.7400683056225,662.2103881835938,198833.0
2025-01-09,662.6807180167093,667.3839168670763,659.8587987064891,660.7994384765625,206755.0
2025-01-10,663.1510508547547,665.0323304316477,655.625932547183,656.0962524414062,210531.0
2025-01-13,656.0962613701299,658.9181807738725,641.0460245501699,646.2195434570312,253517.0
2025-01-14,648.1008321532302,652.8040312254597,634.4615548437645,636.3428344726562,228525.0
2025-01-15,637.2834642798499,642.4569831780627,632.5802652814747,637.7537841796875,270858.0
2025-01-16,642.9273012065956,654.2149787698423,642.9273012065956,649.5117797851562,169545.0
2025-01-17,651.3930773053851,658.4478759765625,647.1601981026786,658.4478759765625,136441.0
2025-01-20,658.4478276753597,663.1510264444694,653.2743090293391,653.74462890625,172750.0
2025-01-21,653.7446388514161,661.7400768805342,649.0414400107584,652.3336791992188,118329.0
2025-01-22,652.3336991759679,655.6259384652482,647.6305001912817,649.5117797851562,117467.0
2025-01-23,653.7446829835746,658.4478821417298,649.9821236570505,651.8634033203125,149074.0
2025-01-24,653.2743389729052,655.6259384652482,648.1008200897504,649.5117797851562,119683.0
2025-01-27,649.0414415267071,649.0414415267071,638.6944040530929,640.57568359375,133433.0
2025-01-28,642.4569802007865,644.8085796890763,640.1053807124965,641.0460205078125,113486.0
2025-01-29,641.046030515783,644.338269850787,639.6350708007812,639.6350708007812,114546.0
2025-01-30,639.6350717752177,656.5665883810323,639.6350717752177,648.100830078125,136772.0
2025-01-31,648.1008159999429,648.5711358954437,638.6944180899293,644.3382568359375,122216.0
2025-02-03,644.3382627774129,645.7492224769254,633.0505851813122,637.7537841796875,138753.0
2025-02-04,638.2241241681135,642.9273233145254,629.7583657045718,634.931884765625,137672.0
2025-02-05,634.9318808455179,641.9866795215792,625.9958025225069,629.7583618164062,178059.0
2025-02-06,631.6396414633559,639.6350799628921,621.7629233168701,629.7583618164062,215674.0
2025-02-07,629.758363503196,649.5117998490767,628.8177236772017,646.6898803710938,210501.0
2025-02-10,646.689863357655,651.8633822645162,643.8679439539125,646.2195434570312,160255.0
2025-02-11,645.7492428023727,645.7492428023727,629.2880457899306,634.931884765625,155581.0
2025-02-12,634.9318422343397,641.5163205982514,623.6441650390625,623.6441650390625,178604.0
2025-02-13,624.5848259120422,636.8131432868262,624.5848259120422,629.2880249023438,172202.0
2025-02-14,618.940986032197,625.0551447088069,615.1784268465909,620.822265625,304880.0
2025-02-17,625.5254516601562,644.3382471988076,622.2332124408923,625.5254516601562,391913.0
2025-02-18,625.5254716671486,630.2286707022399,614.2377939829294,622.7035522460938,307660.0
2025-02-19,623.1738466560429,625.9957659616551,609.5345700122502,611.8861694335938,275365.0
2025-02-20,611.8862004170891,617.0597194060115,610.0049207847537,616.1190795898438,134953.0
2025-02-21,618.0003379974601,620.3519374571155,606.7126605911137,610.4752197265625,149158.0
2025-02-24,613.2971732271634,617.0597325721154,607.6533342097356,611.4158935546875,127748.0
2025-02-25,611.4158582687378,617.5300168514252,601.5391405582428,602.0094604492188,142262.0
2025-02-26,602.4798112844107,606.712690520601,594.9546926422948,606.2423706054688,151600.0
2025-02-27,605.7720425157662,625.5254786847586,602.4798031542674,624.5848388671875,186805.0
2025-02-28,624.5848288704451,635.8725065006339,619.4113099566086,625.9957885742188,264701.0
2025-03-03,627.4067309019084,647.630486095898,626.9364110136761,645.7492065429688,251399.0
2025-03-04,645.7492106884201,660.3291273172191,642.456971449659,650.9227294921875,278630.0
2025-03-05,653.2743382400341,671.1464943617917,651.3930586482702,669.7355346679688,260528.0
2025-03-06,674.4387188338726,706.4204711914062,671.6167995082078,706.4204711914062,389609.0
2025-03-07,706.4205113353345,708.3017909926856,685.7264351044726,700.7766723632812,295774.0
2025-03-10,700.7766603009974,718.6488167382041,689.0186626449404,713.9456176757812,521796.0
2025-03-11,713.475306460732,732.7584228515625,696.0734697177872,732.7584228515625,361173.0
2025-03-12,731.8177842062405,778.3794555664062,723.3520257771195,778.3794555664062,548935.0
2025-03-13,778.3794058611293,791.5483625766046,768.0323684418273,785.4342041015625,643566.0
2025-03-14,785.434244153583,787.3155237802981,776.0278460200071,779.7904052734375,245135.0
2025-03-17,779.7903876091452,807.0689415785845,762.8588713522519,799.5438232421875,531143.0
2025-03-18,798.6032043884849,815.5347210893008,765.210490895209,805.1876831054688,486812.0
2025-03-19,735.1100249183976,801.4251327325333,735.1100249183976,758.1557006835938,680530.0
2025-03-20,757.2150361032197,794.8406279592804,754.8634366122159,776.02783203125,585312.0
2025-03-21,776.0278390425436,777.9091186523438,726.6442492852909,777.9091186523438,918602.0
2025-03-24,770.3839910003775,789.1967868734026,733.228719151153,759.0963134765625,777547.0
2025-03-25,760.0369514805141,782.1419865792666,760.0369514805141,770.8543090820312,434147.0
2025-03-26,770.8542821164685,789.6670772870963,761.9182044104205,771.794921875,402996.0
2025-03-27,784.4935671954863,796.2515643057304,776.96844904493,782.1419677734375,381535.0
2025-03-28,783.5529666300282,786.8452059856165,763.799530496498,768.0324096679688,369597.0
2025-04-02,792.0,795.0,764.0,775.5,354596.0
2025-04-03,775.5,790.0,770.0,780.0,220562.0
2025-04-04,780.5,807.5,770.0,780.0,440664.0
2025-04-07,774.0,774.0,744.0,755.5,320460.0
2025-04-08,763.5,767.0,736.0,738.0,418996.0
2025-04-09,735.0,735.0,709.0,709.0,341355.0
2025-04-10,734.0,734.0,695.5,695.5,367054.0
2025-04-11,697.0,700.0,682.0,684.0,322104.0
2025-04-14,690.5,694.5,666.0,668.5,356171.0
2025-04-15,671.5,675.5,655.0,659.0,353196.0
2025-04-16,659.0,659.0,637.0,637.0,454284.0
2025-04-17,638.5,654.5,629.0,642.0,448345.0
2025-04-18,643.0,649.5,637.0,638.0,245219.0
2025-04-21,641.0,679.0,640.0,669.0,507126.0
2025-04-22,670.0,675.5,645.0,646.0,330071.0
2025-04-24,646.0,651.0,640.0,650.0,205681.0
2025-04-25,642.0,646.0,630.5,636.0,329982.0
2025-04-28,636.0,639.0,618.5,618.5,235663.0
2025-04-29,618.5,623.5,609.5,613.0,213098.0
2025-04-30,613.0,618.0,605.0,607.5,156174.0
2025-05-02,609.0,615.5,606.0,609.5,144487.0
2025-05-05,611.0,617.5,593.0,593.5,236258.0
2025-05-06,594.0,602.0,593.0,595.0,154418.0
2025-05-07,595.0,595.5,575.5,577.0,258679.0
2025-05-08,579.0,583.0,571.5,580.5,185457.0
2025-05-09,590.0,593.5,580.0,591.5,276200.0
2025-05-12,596.0,620.5,596.0,620.0,361337.0
2025-05-13,624.0,626.0,610.5,620.0,232703.0
2025-05-14,623.0,631.0,617.5,630.0,221793.0
2025-05-15,630.0,632.5,616.5,616.5,138345.0
2025-05-16,616.5,623.5,610.5,623.0,137008.0
2025-05-20,623.5,629.5,608.5,610.5,160538.0
2025-05-21,610.5,620.0,604.0,605.0,108080.0
2025-05-22,605.0,610.0,601.0,602.5,164398.0
2025-05-23,603.0,606.5,587.0,587.0,207890.0
2025-05-26,588.5,594.0,584.0,587.5,127390.0
2025-05-27,587.5,590.0,575.0,575.0,171899.0
2025-05-28,580.0,580.0,567.5,571.0,139409.0
2025-05-29,573.5,577.0,565.5,565.5,131885.0
2025-05-30,565.0,566.0,556.5,559.0,183215.0
2025-06-02,559.0,564.0,551.5,559.5,153830.0
2025-06-03,567.0,580.0,562.5,576.0,148600.0
2025-06-04,576.5,600.0,576.5,600.0,191213.0
2025-06-05,605.0,605.0,596.0,599.0,67060.0
2025-06-10,600.0,605.0,597.5,601.0,133230.0
2025-06-11,601.0,612.0,595.0,598.5,182003.0
2025-06-12,595.0,601.0,585.0,591.0,163409.0
2025-06-13,570.0,582.0,563.0,581.0,173684.0
2025-06-16,578.5,582.5,572.0,578.0,127614.0
2025-06-17,577.5,580.0,571.0,571.0,106387.0
2025-06-18,571.0,573.0,560.0,566.5,126787.0
2025-06-19,566.5,572.5,559.0,561.0,115911.0
2025-06-20,563.5,569.0,558.0,561.5,152743.0
2025-06-23,560.0,567.0,550.0,554.0,166143.0
2025-06-24,563.5,575.0,563.5,572.0,185702.0
2025-06-25,572.0,574.5,563.5,564.5,126481.0
2025-06-26,564.0,566.0,556.0,558.0,118145.0
2025-06-27,558.0,559.5,550.5,557.5,127327.0
2025-06-30,560.0,582.0,558.5,581.5,279594.0
2025-07-01,583.0,596.0,577.0,596.0,233802.0
2025-07-02,597.0,613.0,595.0,600.5,364886.0
2025-07-03,606.5,610.5,598.0,605.0,177425.0
2025-07-04,606.0,610.0,595.0,603.0,129575.0
2025-07-07,597.5,597.5,585.0,590.5,150701.0
2025-07-08,592.0,596.5,577.0,578.0,137160.0
2025-07-09,579.0,591.0,578.5,590.5,128852.0
2025-07-10,594.0,601.0,593.0,596.5,212395.0
2025-07-11,598.0,618.0,598.0,606.0,429585.0
2025-07-14,606.0,609.0,595.5,597.0,190267.0
2025-07-16,597.0,603.5,582.5,589.0,210622.0
2025-07-17,595.0,601.5,590.0,600.5,177108.0
2025-07-18,599.0,600.5,594.5,596.0,177935.0
2025-07-21,596.0,604.5,595.0,601.0,311133.0
2025-07-22,601.0,610.0,600.0,607.0,350411.0
2025-07-23,607.0,614.0,602.5,609.0,231982.0
2025-07-24,610.0,614.0,605.0,609.5,255360.0
2025-07-25,613.0,613.5,601.0,601.0,152534.0
2025-07-28,602.0,605.0,591.5,592.5,236803.0
2025-07-29,592.0,592.0,579.5,583.0,234112.0
2025-07-30,583.0,594.0,580.0,589.0,198492.0
2025-07-31,589.0,598.0,588.0,590.0,150582.0
2025-08-01,590.0,595.5,590.0,594.5,178268.0
2025-08-04,596.0,617.5,594.0,617.5,423088.0
2025-08-05,618.0,619.0,608.0,609.0,245452.0
2025-08-06,609.0,624.5,604.0,624.0,420123.0
2025-08-07,624.0,632.0,621.0,622.0,354393.0
2025-08-08,622.0,635.5,617.0,635.0,345405.0
2025-08-11,637.0,640.5,630.5,630.5,335253.0
2025-08-12,630.0,634.0,621.5,622.0,225050.0
2025-08-13,620.0,625.0,613.0,613.0,241473.0
2025-08-14,613.0,624.5,608.0,615.0,259254.0
2025-08-15,615.0,626.0,611.0,618.5,248732.0
2025-08-18,618.5,624.0,613.5,618.0,291484.0
2025-08-19,618.0,624.5,614.0,617.5,336862.0
2025-08-20,617.5,621.5,611.0,619.5,329794.0
2025-08-21,625.0,638.0,623.0,636.0,484730.0
2025-08-22,636.0,650.0,636.0,639.0,375971.0
2025-08-25,642.5,652.0,637.5,646.0,425210.0
2025-08-26,646.0,647.0,633.5,639.0,300196.0
2025-08-27,637.0,637.5,620.0,620.0,405408.0
2025-08-28,620.0,627.5,619.0,621.5,298805.0
2025-08-29,622.5,626.5,617.5,618.5,179816.0
2025-09-01,618.5,621.0,609.5,612.0,206379.0
2025-09-02,615.0,615.5,584.5,596.0,379636.0
2025-09-03,595.5,601.5,586.5,587.5,289233.0
2025-09-04,588.5,593.5,586.0,592.0,248704.0
2025-09-05,593.5,595.0,581.5,584.0,220475.0
2025-09-08,578.0,579.0,570.0,573.5,236583.0
2025-09-09,580.0,585.0,574.5,579.0,120655.0
2025-09-10,581.0,584.0,574.5,578.0,90291.0
2025-09-11,577.0,587.5,567.0,567.0,242200.0
2025-09-12,567.0,571.5,563.5,567.0,150461.0
2025-09-15,567.0,590.5,561.5,585.0,335407.0
2025-09-16,589.5,591.0,582.0,589.5,251663.0
2025-09-17,595.5,596.5,588.0,590.0,168499.0
2025-09-18,591.0,599.5,587.0,587.0,174664.0
2025-09-19,589.0,594.0,585.0,591.0,180769.0
2025-09-22,596.5,608.5,596.5,600.5,221893.0
2025-09-23,592.5,592.5,563.0,582.5,295687.0
2025-09-24,582.0,591.0,577.5,588.0,221271.0
2025-09-25,588.0,594.0,585.0,585.0,144013.0
2025-09-26,581.0,585.0,574.5,579.0,121133.0
2025-09-29,578.5,578.5,568.0,568.0,113000.0
2025-09-30,570.0,572.5,565.5,570.5,130107.0
2025-10-01,570.5,581.0,565.0,578.5,176194.0
2025-10-02,581.0,586.0,573.0,581.0,161039.0
2025-10-03,582.5,584.0,575.5,578.5,97394.0
2025-10-06,580.0,581.5,565.0,567.0,145772.0
2025-10-07,567.0,570.0,563.5,568.5,111000.0
2025-10-08,568.5,573.0,562.0,563.0,105815.0
2025-10-09,566.0,570.5,556.0,556.0,148836.0
2025-10-10,560.0,563.0,556.5,560.5,117322.0
2025-10-13,553.5,560.0,551.0,552.5,137906.0
2025-10-14,552.5,555.5,546.5,546.5,142839.0
2025-10-15,546.5,555.0,546.5,552.5,129943.0
2025-10-16,553.0,558.0,548.5,552.5,112336.0
2025-10-17,552.0,555.0,540.0,552.0,164213.0
2025-10-20,554.0,555.0,542.0,552.0,165749.0
2025-10-21,552.5,555.5,549.0,550.5,130272.0
2025-10-22,550.5,558.0,550.0,557.0,135481.0
2025-10-23,559.5,562.0,549.5,549.5,153541.0
2025-10-24,553.5,568.0,552.0,564.0,281241.0
2025-10-27,564.0,566.0,555.0,556.0,177503.0
2025-10-28,554.0,554.0,541.5,542.5,181967.0
2025-10-30,542.5,553.0,540.0,546.0,271730.0
2025-10-31,545.5,551.5,544.5,547.0,211035.0
2025-11-03,547.5,582.0,547.0,572.0,441630.0
2025-11-04,572.0,572.5,554.0,557.0,166514.0
2025-11-05,557.0,567.0,555.0,566.5,177113.0
2025-11-06,567.0,577.0,562.0,562.5,172349.0
2025-11-07,563.5,564.5,554.0,556.0,123939.0
2025-11-10,557.0,560.0,544.5,545.5,148937.0
2025-11-11,546.5,549.0,529.0,544.0,185398.0
2025-11-12,544.0,544.0,528.5,532.0,160529.0
2025-11-13,532.0,535.0,524.0,524.0,180757.0
2025-11-14,524.0,526.5,520.0,526.0,107823.0
2025-11-17,542.5,543.0,528.0,530.0,129278.0
2025-11-18,530.0,532.5,526.5,531.5,91297.0
2025-11-19,531.5,540.5,529.0,539.5,171205.0
2025-11-20,539.5,544.5,537.0,538.5,85671.0
2025-11-21,538.5,538.5,522.5,525.5,139173.0
2025-11-24,525.5,527.5,520.5,521.5,106245.0
2025-11-25,523.0,526.0,517.5,518.0,122276.0
2025-11-26,518.5,522.0,515.0,515.0,97862.0
2025-11-27,518.0,518.5,513.0,513.0,87080.0
2025-11-28,513.0,515.5,510.0,512.0,75885.0
2025-12-01,512.0,524.0,512.0,519.0,132933.0
2025-12-02,519.0,529.0,519.0,527.5,285086.0
2025-12-03,527.5,530.0,518.5,518.5,160542.0
2025-12-04,519.5,524.5,518.5,520.0,96934.0
2025-12-05,520.5,531.5,520.5,530.5,135338.0
2025-12-08,531.0,534.0,526.5,528.0,184575.0
2025-12-09,528.5,529.5,524.5,525.5,93810.0
2025-12-10,525.5,529.5,520.0,521.0,139801.0
2025-12-11,521.0,526.5,521.0,521.5,66058.0
2025-12-12,522.5,528.5,521.0,522.5,132179.0
2025-12-15,524.0,531.0,524.0,527.0,132529.0
2025-12-16,527.0,530.5,521.5,523.5,115027.0
2025-12-17,523.5,529.0,522.0,528.0,98593.0
2025-12-18,528.0,530.0,523.0,530.0,84949.0
2025-12-19,531.5,537.0,521.0,522.0,283475.0
2025-12-22,523.0,528.5,520.5,522.0,140228.0
2025-12-23,522.0,522.5,517.0,518.0,124798.0
2025-12-24,520.0,526.0,518.5,524.5,131688.0
2025-12-25,524.5,527.5,522.5,525.0,91879.0
2025-12-26,525.0,530.0,521.5,530.0,195007.0
2025-12-29,530.0,536.5,524.5,525.0,193123.0
2025-12-30,525.0,528.0,522.5,528.0,140078.0
2025-12-31,536.0,541.0,512.0,519.5,418469.0
2026-01-02,519.5,526.0,516.0,525.0,319282.0
2026-01-05,525.0,529.5,522.5,526.5,207034.0
2026-01-06,526.5,557.0,525.5,557.0,514295.0
2026-01-07,557.0,558.0,543.0,546.5,288163.0
2026-01-08,546.5,549.5,536.5,548.5,213260.0
2026-01-09,548.0,551.5,541.5,549.5,259164.0
2026-01-12,549.5,564.0,542.0,556.0,328813.0
2026-01-13,555.5,562.5,552.0,559.5,209367.0
2026-01-14,559.5,570.5,559.0,570.5,335323.0
2026-01-15,570.5,581.0,566.5,577.5,237451.0
2026-01-16,578.0,580.5,558.5,565.0,363382.0
2026-01-19,570.0,570.5,554.0,565.0,319575.0
2026-01-20,569.0,570.0,555.5,559.5,257499.0
2026-01-21,559.5,568.0,551.5,566.0,288925.0
2026-01-22,567.0,574.0,562.5,574.0,284462.0
2026-01-23,574.5,578.5,571.0,575.5,175306.0
2026-01-26,575.5,579.0,564.0,572.0,278747.0
2026-01-27,572.0,573.0,563.0,571.5,285457.0
2026-01-28,573.5,586.0,569.5,581.5,387571.0
2026-01-29,582.0,590.0,579.0,588.5,327255.0
2026-01-30,588.5,596.5,580.5,592.5,325038.0
2026-02-02,586.0,590.0,572.5,587.5,387348.0
2026-02-03,588.0,598.5,582.5,598.5,340457.0
2026-02-04,600.0,602.5,590.5,599.5,269926.0
2026-02-05,599.5,607.0,592.5,603.5,271667.0
2026-02-06,603.5,620.0,592.0,618.5,317127.0
2026-02-09,618.5,622.5,607.5,607.5,385380.0
2026-02-10,580.5,585.0,561.0,561.0,1048612.0
2026-02-11,559.0,559.5,544.0,545.0,631531.0
2026-02-12,545.0,564.0,545.0,560.0,606317.0
2026-02-13,563.0,567.5,553.5,557.5,365625.0
2026-02-16,557.0,565.0,556.0,558.5,426792.0
2026-02-17,558.5,562.5,556.5,557.0,288886.0
2026-02-18,557.5,559.0,545.0,548.0,316177.0
2026-02-19,549.0,551.0,532.5,534.0,243871.0
2026-02-20,534.0,541.5,533.0,538.0,154193.0
2026-02-23,540.0,545.5,537.5,541.0,177634.0
2026-02-24,541.0,541.0,531.0,534.5,128311.0
2026-02-25,534.5,535.0,526.0,529.0,135466.0
2026-02-26,529.0,540.5,526.0,536.0,182057.0
2026-02-27,536.0,538.5,511.0,511.0,412802.0
2026-03-02,490.0,502.5,475.0,475.0,616109.0
2026-03-03,476.0,488.0,461.75,461.75,456226.0
2026-03-04,463.0,483.0,455.0,467.5,769506.0
2026-03-05,470.0,478.25,460.0,460.0,532638.0
2026-03-06,461.0,466.5,457.0,465.0,381705.0
2026-03-09,465.0,465.25,440.0,440.0,550957.0
2026-03-10,448.0,454.25,446.0,450.5,730682.0
2026-03-11,452.0,457.25,447.0,453.75,312539.0
2026-03-12,453.75,464.5,450.75,460.75,253340.0
2026-03-13,461.0,463.0,451.75,460.0,182877.0
2026-03-16,462.0,465.25,457.25,459.0,202515.0
2026-03-17,459.0,463.25,456.25,461.0,261133.0
2026-03-18,461.0,463.25,457.0,458.0,190300.0
2026-03-19,457.0,458.75,452.75,458.75,74316.0
2026-03-23,457.75,457.75,440.0,454.0,389033.0
2026-03-24,454.0,457.0,448.0,453.0,177572.0
2026-03-25,457.0,458.25,451.0,451.25,137625.0
2026-03-26,450.0,458.0,448.75,453.5,192970.0
2026-03-27,455.0,457.0,449.0,450.0,130725.0
2026-03-30,450.0,450.25,444.0,444.0,158360.0
2026-03-31,444.0,447.0,439.0,444.5,162920.0
2026-04-01,448.25,455.0,444.5,444.75,156528.0
2026-04-02,444.75,449.0,441.0,449.0,152885.0
2026-04-03,449.0,449.5,445.5,446.0,101897.0
2026-04-06,446.25,453.0,446.25,448.75,166458.0
2026-04-07,448.75,453.0,443.75,447.25,199827.0
2026-04-08,459.5,462.75,456.75,457.0,295176.0
2026-04-09,457.0,465.0,434.25,463.5,220429.0
2026-04-10,463.75,480.25,462.0,478.0,318057.0
2026-04-13,472.5,481.5,465.5,480.0,255304.0
2026-04-14,480.0,493.0,480.0,489.75,169729.0
2026-04-15,489.75,496.5,487.75,490.25,145785.0
2026-04-16,495.0,495.75,480.75,480.75,108623.0
2026-04-17,481.25,492.25,478.5,492.25,184818.0
2026-04-20,483.0,488.0,481.5,482.75,150611.0
2026-04-21,483.5,488.0,479.25,481.75,105561.0
2026-04-22,481.75,483.0,475.0,481.0,113880.0
2026-04-24,481.0,481.0,467.5,472.25,128290.0
2026-04-27,472.25,473.5,470.0,470.25,123743.0
2026-04-28,470.25,471.0,455.0,455.0,129628.0
2026-04-29,455.75,458.0,450.0,453.0,110444.0
2026-04-30,450.0,450.25,444.0,444.0,218718.0
2026-05-04,444.0,446.75,441.5,442.0,182129.0
2026-05-05,442.25,450.25,441.25,446.25,215238.0
2026-05-06,447.0,454.75,447.0,451.25,192987.0
2026-05-07,451.25,458.25,451.0,457.75,232789.0
2026-05-08,457.75,458.25,451.5,453.0,139310.0
2026-05-11,453.0,455.25,450.0,450.25,178245.0
2026-05-12,450.25,485.0,448.0,467.25,992073.0
2026-05-13,467.25,483.5,461.25,476.5,493379.0
2026-05-14,484.75,486.0,468.5,474.0,332009.0
2026-05-15,474.0,475.0,465.75,472.5,152928.0
2026-05-18,469.25,472.5,454.25,457.0,185007.0
2026-05-20,457.0,457.0,450.25,451.0,147585.0
2026-05-21,450.0,455.0,435.0,435.0,140619.0
2026-05-22,426.0,454.75,425.0,451.5,224687.0
2026-05-25,451.5,456.25,450.0,451.5,94230.0
2026-05-26,451.5,454.0,447.25,449.25,72261.0
2026-05-27,449.25,449.25,449.25,449.25,0.0
2026-05-28,449.25,449.25,449.25,449.25,0.0
2026-05-29,449.25,449.25,449.25,449.25,0.0
2026-06-01,449.25,453.25,446.0,450.0,263753.0
2026-06-02,450.25,457.25,450.25,455.75,217835.0
2026-06-03,457.0,457.0,447.0,450.0,166093.0
2026-06-04,452.0,456.0,440.0,447.0,121632.0
2026-06-05,447.0,451.5,437.75,438.75,202316.0
2026-06-08,435.5,442.5,428.75,442.25,255788.0
2026-06-09,442.25,444.75,438.0,440.75,134280.0
2026-06-10,438.0,444.5,434.0,435.0,132016.0
2026-06-11,435.0,450.5,433.75,436.0,136505.0
2026-06-12,440.0,450.75,439.25,441.25,133599.0
2026-06-15,450.0,455.0,449.0,453.5,118864.0
2026-06-16,455.0,458.0,446.25,448.75,113703.0
2026-06-17,448.75,451.25,437.75,438.5,188234.0
2026-06-18,438.5,451.75,437.5,441.0,254548.0
2026-06-19,441.0,450.0,437.0,450.0,188856.0
2026-06-22,449.0,449.0,439.25,439.5,142411.0
2026-06-23,439.5,446.25,436.0,439.25,143578.0
2026-06-24,439.25,442.0,436.0,436.0,98392.0
2026-06-25,438.25,443.5,436.0,436.75,95209.0
2026-06-26,436.75,440.75,435.0,435.25,92600.0
2026-06-29,437.0,441.0,434.0,436.25,122490.0
2026-06-30,437.0,442.25,436.25,438.5,158194.0
2026-07-01,437.25,442.0,437.0,438.75,114653.0
2026-07-02,439.0,446.25,438.0,446.0,155471.0
2026-07-03,449.5,450.0,441.0,441.0,99433.0
2026-07-06,441.5,444.75,437.25,440.0,151863.0
2026-07-07,435.0,440.75,435.0,436.75,136300.0
2026-07-08,438.0,443.0,434.5,440.25,194140.0
2026-07-09,440.25,441.5,434.0,434.0,64888.0
2026-07-10,434.25,443.0,434.0,439.75,97806.0
2026-07-13,439.5,442.0,436.75,439.75,90901.0
2026-07-14,439.0,442.5,435.5,442.0,116869.0
2026-07-16,442.5,457.0,441.5,451.25,391344.0
2026-07-17,450.75,451.25,437.5,437.5,99426.0
2026-07-20,437.5,438.5,431.0,431.0,143534.0
2026-07-21,433.0,433.75,415.25,417.0,170928.0
2026-07-22,419.0,421.75,414.5,416.0,182939.0
2026-07-23,416.0,416.75,411.75,412.25,92060.0
2026-07-24,412.25,414.0,407.5,411.5,102976.0
2026-07-27,412.25,414.0,408.0,412.25,132782.0
2026-07-28,412.25,412.75,408.5,411.0,149471.0
2026-07-29,411.0,411.0,406.0,409.0,102250.0
2026-07-30,409.0,413.5,404.0,412.0,127706.0
2026-07-31,413.0,417.0,412.0,412.25,120712.0
2026-08-03,412.0,421.5,404.75,405.5,125870.0
2026-08-04,415.5,422.0,405.0,408.0,155510.0
2026-08-05,408.0,415.25,404.0,411.0,126173.0
2026-08-06,411.0,411.0,403.75,404.75,127003.0
2026-08-07,404.75,406.75,403.0,403.5,77679.0
2026-08-10,403.75,410.75,403.0,403.25,159228.0
2026-08-11,403.25,408.25,398.75,405.25,131335.0
2026-08-12,405.25,414.25,403.5,413.0,217647.0
2026-08-13,413.0,415.0,409.0,411.0,81687.0
2026-08-14,411.0,415.75,407.0,414.0,116875.0
2026-08-17,414.0,419.0,410.75,416.0,155798.0
2026-08-18,416.0,419.5,411.25,415.25,515947.0
2026-08-19,417.75,427.0,414.25,422.5,120841.0
2026-08-20,423.5,447.0,423.0,442.0,248521.0
2026-08-21,442.0,442.25,434.5,436.0,117423.0
2026-08-24,436.25,441.75,433.5,437.75,77018.0
2026-08-25,438.75,438.75,430.0,430.0,67760.0
2026-08-26,430.0,440.25,430.0,437.5,85703.0
