Date,open,high,low,close,volume
2018-01-01,8.836588859558105,8.836588859558105,8.836588859558105,8.836588859558105,0.0
2018-01-02,8.858407517323874,9.011139267387241,8.836588279726845,8.945682525634766,10495513.0
2018-01-03,8.982046580643996,9.149323511177068,8.894771575927734,8.894771575927734,15607368.0
2018-01-04,8.909319519378828,9.054777242366942,8.851135847560322,8.85840892791748,11175703.0
2018-01-05,8.90931881664916,8.98204767240667,8.872954388770404,8.931137084960938,8597309.0
2018-01-08,9.003866056401915,9.040229509787501,8.894771812090768,8.909317970275879,7350245.0
2018-01-09,8.931136560261876,8.967500986004243,8.712949034769046,8.727495193481445,10111787.0
2018-01-10,8.727496509814648,8.727496509814648,8.618403216133446,8.662039756774902,6127569.0
2018-01-11,8.727495577530412,8.836588859558105,8.654766722845283,8.836588859558105,9257339.0
2018-01-12,8.858407576665913,8.894772001865952,8.691130638122559,8.691130638122559,12124448.0
2018-01-15,8.676584440234222,8.742041182128006,8.516580581665039,8.516580581665039,7393946.0
2018-01-16,8.516581661054483,8.618402840887997,8.400215291986706,8.552946090698242,8733690.0
2018-01-17,8.589309106876666,8.67658411207512,8.51658025955748,8.640219688415527,9882201.0
2018-01-18,8.654766669075606,8.69113109619225,8.53839933705595,8.545672416687012,10510087.0
2018-01-19,8.552945731204355,8.61112939881206,8.494763034635346,8.560218811035156,9174599.0
2018-01-22,8.57476580530979,8.618403317503292,8.443853268729285,8.46567153930664,11248580.0
2018-01-23,8.480216026306152,8.531125637949522,8.451124680932999,8.480216026306152,9642577.0
2018-01-24,8.480215430887197,8.531125038956064,8.472942352294922,8.472942352294922,10143980.0
2018-01-25,8.472943878992412,8.516581387370358,8.363850593566895,8.363850593566895,11257092.0
2018-01-26,8.363849762748444,8.42203245411369,8.29111994198397,8.34203052520752,6763827.0
2018-01-29,8.378395093849639,8.531125875102644,8.371122985583145,8.494762420654297,10022026.0
2018-01-30,8.47294316930581,8.545672020164446,8.378395080566406,8.378395080566406,8409184.0
2018-01-31,8.407487618198743,8.436579939496017,8.349304917681717,8.392942428588867,5283110.0
2018-02-01,8.392941572771072,8.407486760897793,8.225664626523812,8.254755973815918,7743379.0
2018-02-02,8.254756313973543,8.291120742346823,8.145663028853695,8.189300537109375,7990829.0
2018-02-05,8.196572617715896,8.211117804668726,8.00747644798183,8.014749526977539,9644208.0
2018-02-06,7.78201718392882,8.240211014452754,7.7529253503097415,8.152935028076172,13241214.0
2018-02-07,8.189300537109375,8.232938045365053,8.102025035078665,8.189300537109375,11618957.0
2018-02-08,8.225664965482657,8.24021112524745,8.109298114961062,8.189300537109375,9488213.0
2018-02-09,8.131116272402874,8.189299936153654,8.109297519876161,8.1238431930542,7397824.0
2018-02-12,8.174752521564892,8.18929867802751,7.992929935455322,7.992929935455322,8204448.0
2018-02-13,8.036567605855964,8.167479618187485,8.014748856214169,8.145661354064941,6782734.0
2018-02-14,8.174753226875001,8.356576314191338,8.174753226875001,8.291119575500488,9942681.0
2018-02-15,8.20384457127173,8.327483998756042,8.182026305733825,8.291119575500488,11939242.0
2018-02-16,8.327485774338067,8.400215607395157,8.152935728663087,8.196574211120605,16289336.0
2018-02-19,8.232939720153809,8.262031074562612,8.182029121659225,8.232939720153809,9464000.0
2018-02-20,8.262029262180908,8.269302341947391,8.051114804146332,8.094752311706543,9411339.0
2018-02-21,8.160207275999442,8.247483253479004,8.10202410021189,8.247483253479004,8705151.0
2018-02-22,8.32748638391243,8.64749514808755,8.32748638391243,8.611130714416504,27534927.0
2018-02-23,8.64749382937183,8.69113133733027,8.567491893287807,8.618402481079102,12856977.0
2018-02-26,8.691131572744897,8.705677732804618,8.5747652053833,8.5747652053833,7598661.0
2018-02-27,8.582037914809716,8.603857156425862,8.400215756535783,8.46567153930664,11711357.0
2018-02-28,8.43657890285643,8.552945260630796,8.407486585133858,8.531126022338867,7491680.0
2018-03-01,8.487488878498056,8.611128306826735,8.45839656286408,8.523853302001953,8214248.0
2018-03-02,8.509308563422655,8.552946073113192,8.41476046392003,8.436579704284668,9194521.0
2018-03-05,8.523853529885184,8.523853529885184,8.414759285418308,8.480216026306152,4584069.0
2018-03-06,8.523854248975182,8.538399437369522,8.392941727194039,8.407486915588379,6944532.0
2018-03-07,8.385669351328088,8.41476070159723,8.254756818558812,8.276575088500977,8849617.0
2018-03-08,8.283848168827953,8.327485679751044,8.247484709270598,8.276575088500977,4511577.0
2018-03-09,8.291119083147711,8.305665240001563,8.232936397809322,8.262027740478516,6259330.0
2018-03-12,8.305666590034425,8.451125269100793,8.298393510425308,8.429306030273438,6306174.0
2018-03-13,8.407487257899694,8.480217086987315,8.385668988900512,8.400215148925781,7614061.0
2018-03-14,8.385668523657394,8.451125269100793,8.378395444048277,8.429306030273438,6422367.0
2018-03-15,8.443852784406213,8.487490294096752,8.407487383798486,8.436579704284668,10538087.0
2018-03-16,8.4220330750214,8.45839750256527,8.40021480691055,8.407486915588379,9884693.0
2018-03-19,8.392941368746262,8.443851953548853,8.371123101567234,8.414759635925293,7043995.0
2018-03-20,8.43657923445442,8.45112539388744,8.392941727194039,8.407486915588379,7833378.0
2018-03-21,8.429307575022433,8.64749514808755,8.400216222293365,8.611130714416504,22670361.0
2018-03-22,8.654766698321126,8.763859980039692,8.640220539009848,8.720222473144531,12445496.0
2018-03-23,8.65476707884295,9.018412338265138,8.603856490053778,9.003867149353027,18314387.0
2018-03-26,9.04023003762191,9.214781032919024,9.032957929143354,9.112959861755371,17208590.0
2018-03-27,9.200235600284435,9.243873109794427,9.040230751388645,9.098414421081543,16738680.0
2018-03-28,9.083868581214679,9.112959928457807,8.785678145058323,8.800224304199219,17120726.0
2018-03-29,8.931575454885127,9.201980579943568,8.825051825971975,9.005322456359863,26985000.0
2018-03-30,9.062681845608237,9.128234009549576,8.833246536735443,8.91518783569336,7017857.0
2018-04-02,8.906993988702618,8.956158661141641,8.857829316263595,8.866023063659668,3714396.0
2018-04-03,8.849634797532346,9.046293482303552,8.833246756139957,8.988934516906738,10569727.0
2018-04-04,9.029905422080631,9.038099169251922,8.890605702996726,8.947964668273926,7619773.0
2018-04-05,8.947965730932395,9.07907117139943,8.923382845452165,9.038100242614746,8852410.0
2018-04-06,9.029906044885655,9.390446261727122,8.988935118140848,9.3248929977417,26724180.0
2018-04-09,9.382252287441686,9.390446582473672,9.177400381798945,9.210176467895508,8024660.0
2018-04-10,9.152816874942838,9.185592958812887,8.98074052007029,9.136428833007812,8179332.0
2018-04-11,9.111846911322992,9.308505611556818,9.046294193583607,9.242952346801758,13348797.0
2018-04-12,9.34128165330734,9.34128165330734,9.19378762882057,9.292118072509766,8802262.0
2018-04-13,9.341281696918672,9.341281696918672,9.144623543700522,9.242952346801758,4248104.0
2018-04-16,9.242952346801758,9.300311316708516,9.201981966591603,9.242952346801758,5574352.0
2018-04-17,9.275729637046293,9.300311427853613,8.980741036154559,9.161011695861816,15368388.0
2018-04-18,9.177399853548053,9.283923494769608,9.01351724443556,9.25114631652832,12868317.0
2018-04-19,9.27572856809823,9.292117156102046,9.062681847189227,9.111845970153809,7150675.0
2018-04-20,9.136428640042881,9.136428640042881,8.767694148690893,8.775888442993164,13570872.0
2018-04-23,8.775888442993164,8.775888442993164,8.775888442993164,8.775888442993164,0.0
2018-04-24,8.759500079767141,8.874217467872379,8.685753070196133,8.71852970123291,8214353.0
2018-04-25,8.710335765751152,8.775889030526747,8.480900980083604,8.554647445678711,8444751.0
2018-04-26,8.603812963793148,8.693947475175506,8.546453991894914,8.636589050292969,6268045.0
2018-04-27,8.685753813148402,8.784083167653865,8.661172021537737,8.751306533813477,5511632.0
2018-04-30,8.775888936230146,8.890606327831287,8.357989202592677,8.439929962158203,11753329.0
2018-05-01,8.439929962158203,8.439929962158203,8.439929962158203,8.439929962158203,0.0
2018-05-02,8.612006974633074,8.628395565398641,8.341601791189774,8.382572174072266,7130256.0
2018-05-03,8.464511546506069,8.554646592816834,8.30062949493678,8.34160041809082,8423737.0
2018-05-04,8.333406571410569,8.35798890781637,8.075292312657467,8.292435646057129,11741919.0
2018-05-07,8.300630999821214,8.398960357992788,8.235078276712072,8.27604866027832,6161925.0
2018-05-08,8.317019746363115,8.341602086365624,8.026128814169393,8.103972434997559,9647596.0
2018-05-09,8.054806676761528,8.087583305823328,7.87043889043539,7.874536037445068,12737438.0
2018-05-10,7.7024609368161645,8.144943039082413,7.628714466787501,8.112166404724121,13504484.0
2018-05-11,8.165426424156944,8.620199321822724,8.067097089849144,8.579228401184082,17647896.0
2018-05-14,8.562841415405273,8.571035709945011,8.374377564132214,8.562841415405273,7421547.0
2018-05-15,8.464513201128835,8.497289836656039,8.124457590466102,8.194108009338379,13756239.0
2018-05-16,8.243271371110506,8.48909529404898,8.202301537810945,8.357989311218262,10803191.0
2018-05-17,8.521871268739401,8.521871268739401,8.341601160082705,8.439929962158203,8054354.0
2018-05-18,8.423541697884549,8.464512076588699,8.341600940476248,8.43173599243164,6227144.0
2018-05-21,8.398959394316854,8.423541731039231,8.181815511105137,8.210494995117188,7841281.0
2018-05-22,8.202301857210275,8.407153766763448,8.202301857210275,8.3497953414917,9823289.0
2018-05-23,8.300630999821214,8.325213339364106,8.09168138721448,8.27604866027832,9864925.0
2018-05-24,8.366184090215537,8.40715392588591,8.058905126038498,8.112166404724121,7762076.0
2018-05-25,8.136747952924182,8.439929739963077,8.11216561629856,8.43173599243164,10883544.0
2018-05-28,8.505483694565521,8.775889419455543,8.497289399351498,8.751306533813477,8274861.0
2018-05-29,8.7676954155844,8.849636182384637,8.67755980628213,8.833248138427734,12387242.0
2018-05-30,8.81685916708908,8.849635800604597,8.603812963793148,8.636589050292969,10787196.0
2018-05-31,8.677558796329354,8.800471026255797,8.603812333598539,8.693946838378906,9735390.0
2018-06-01,8.677558147995493,8.74311140532728,8.54645272736315,8.644782066345215,9082283.0
2018-06-04,8.767694735675878,8.825053158584927,8.480900980083604,8.554647445678711,24939761.0
2018-06-05,8.56284148425137,8.792276810067802,8.55464718964575,8.767694473266602,8937880.0
2018-06-06,8.76769437428025,8.931576435432826,8.603812313127673,8.71852970123291,8943949.0
2018-06-07,8.751305528666474,9.28392316907344,8.710335151333492,9.259340286254883,16829092.0
2018-06-08,9.251146455421166,9.259340750104514,9.005323632093061,9.013517379760742,10351754.0
2018-06-11,9.013517349226184,9.267535013392783,8.857829579879654,9.169205665588379,9997813.0
2018-06-12,9.242952698475374,9.242952698475374,9.029906494470367,9.038100242614746,4176564.0
2018-06-13,8.997129878516189,9.070876894054622,8.882412481128302,8.906994819641113,14892451.0
2018-06-14,8.86602301361495,9.267534685272494,8.849634971899661,9.177399635314941,6367389.0
2018-06-15,9.177399635314941,9.177399635314941,9.177399635314941,9.177399635314941,0.0
2018-06-18,9.136429961595406,9.390447104536477,9.103653326660933,9.300312042236328,10282475.0
2018-06-19,9.2183699089219,9.300310663587865,9.120040565710232,9.259340286254883,6375271.0
2018-06-20,9.226564081343843,9.406834176840734,9.1446227807444,9.365863800048828,6682466.0
2018-06-21,9.365864361197188,9.365864361197188,9.16101137093279,9.169205665588379,7988750.0
2018-06-22,9.177399531588918,9.28392316907344,9.128234312967445,9.259340286254883,7305767.0
2018-06-25,9.382252256847607,9.496970198858568,9.300311494857707,9.472387313842773,10995264.0
2018-06-26,9.455998230172838,9.472385723400482,9.324891720164526,9.333086013793945,4619601.0
2018-06-27,9.333086671738522,9.333086671738522,8.603811991808461,8.792276382446289,19303263.0
2018-06-28,8.767694046840674,8.906993766267275,8.66936470441822,8.792276382446289,8511748.0
2018-06-29,8.825052987971297,8.988935052710618,8.800471197925283,8.88241195678711,9164302.0
2018-07-02,8.841439346927165,8.882410265572867,8.726721978153437,8.825051307678223,5643673.0
2018-07-03,8.841441317940998,9.07907094861081,8.775889146331743,9.029906272888184,7328902.0
2018-07-04,9.079070447247506,9.087264741754002,8.784082409201549,8.849635124206543,5026686.0
2018-07-05,8.882410157309023,9.038097895815278,8.833245493145878,8.931574821472168,5559792.0
2018-07-06,8.939770722731021,8.964352512219197,8.808664745705379,8.849635124206543,4149572.0
2018-07-09,8.890606049723361,9.021711479733352,8.784082409201549,8.849635124206543,5463640.0
2018-07-10,8.693946810677069,8.915188386227191,8.677558768679734,8.849635124206543,6382243.0
2018-07-11,8.71853056076788,8.751306648020302,8.472707171296163,8.669365882873535,6081222.0
2018-07-12,8.685753282793826,8.685753282793826,7.731139829277245,8.038418769836426,25781798.0
2018-07-13,8.054806508581516,8.251464637799327,8.054806508581516,8.153135299682617,7846223.0
2018-07-16,8.25965966856194,8.472706404483985,8.15723317438276,8.210494995117188,8538530.0
2018-07-17,8.251464622708538,8.341600213827752,8.153135284771658,8.308823585510254,7089201.0
2018-07-18,8.333407113975237,8.349795156974201,8.075292838417042,8.1859130859375,7257250.0
2018-07-19,8.21049542394379,8.300630480961622,8.144942704932248,8.1859130859375,7079345.0
2018-07-20,8.190010789806966,8.489096013703632,8.177719346460991,8.480901718139648,9255568.0
2018-07-23,8.603812667768246,8.685753428214223,8.489095274934472,8.554647445678711,6225989.0
2018-07-24,8.554647875270412,8.595618804566529,8.259660357029455,8.530065536499023,7152320.0
2018-07-25,8.521871859128684,8.661172144668914,8.439930546870649,8.603813171386719,8466479.0
2018-07-26,8.652977113592158,8.841440967027923,8.546453471415786,8.612006187438965,8521366.0
2018-07-27,8.620199731599698,8.775888033993173,8.620199731599698,8.644782066345215,4612867.0
2018-07-30,8.644782814439157,8.726723572671379,8.538259172318474,8.677558898925781,4013646.0
2018-07-31,8.66117179469422,8.833247613556264,8.620200866712871,8.80866527557373,6692413.0
2018-08-01,8.825053042217506,9.226564732364888,8.80866499974754,9.21837043762207,8531544.0
2018-08-02,9.079070108847052,9.210175533970403,8.87421712994532,9.185592651367188,8374583.0
2018-08-03,9.136429425127414,9.144623720133815,8.718530226083402,8.743112564086914,14024976.0
2018-08-06,8.710334672750191,8.734917007202448,8.562840666036644,8.595617294311523,9346771.0
2018-08-07,8.60381169077456,8.68575244191587,8.530064139522395,8.644782066345215,9364866.0
2018-08-08,8.628395744104276,8.652978083746047,8.464513115148655,8.546454429626465,9942401.0
2018-08-09,8.505483002308505,8.612006096342428,8.407153108790363,8.43173599243164,16135882.0
2018-08-10,8.726724016166791,9.210176483562524,8.456318843839572,9.079071044921875,51859073.0
2018-08-13,9.046294582284652,10.070557960658798,8.726724180673386,9.906675338745117,38622836.0
2018-08-14,9.996810498757112,10.447485749691193,9.996810498757112,10.19346809387207,26597655.0
2018-08-15,10.201662821983929,10.291798970034192,9.849316900642922,9.865705490112305,21344925.0
2018-08-16,9.808346564749042,10.144304992150484,9.505164222401218,9.578911781311035,18709117.0
2018-08-17,9.292117987059992,9.96403374483458,9.292117987059992,9.865705490112305,15793666.0
2018-08-20,9.955838810585895,10.144304295283682,9.791957302544368,10.119721412658691,3128048.0
2018-08-21,10.119721412658691,10.119721412658691,10.119721412658691,10.119721412658691,0.0
2018-08-22,10.119721412658691,10.119721412658691,10.119721412658691,10.119721412658691,0.0
2018-08-23,10.119721412658691,10.119721412658691,10.119721412658691,10.119721412658691,0.0
2018-08-24,10.119721412658691,10.119721412658691,10.119721412658691,10.119721412658691,0.0
2018-08-27,10.226245412342811,10.250827201809201,9.693628304237057,9.82473373413086,9441992.0
2018-08-28,9.857512125224549,10.103334426265363,9.832929238701603,9.996811866760254,9983771.0
2018-08-29,9.964035214985378,10.15250073959654,9.841124057924013,10.06236457824707,13258994.0
2018-08-30,10.06236457824707,10.06236457824707,10.06236457824707,10.06236457824707,0.0
2018-08-31,10.078751716311668,10.13611068561242,9.70182290952294,9.710017204284668,10532627.0
2018-09-03,9.62807514701628,9.882092809099367,9.619880852427904,9.742793083190918,9767716.0
2018-09-04,9.767374992370605,10.013198362871504,9.742793202336182,9.767374992370605,20243496.0
2018-09-05,9.78376310880828,10.168886188304583,9.78376310880828,10.03778076171875,18956511.0
2018-09-06,10.054168757486154,10.439292950212694,10.054168757486154,10.390127182006836,12775616.0
2018-09-07,10.390126141352594,10.398320435232845,10.054167750480833,10.185273170471191,7952707.0
2018-09-10,10.193467769473099,10.267215322571634,10.095139522060485,10.201662063598633,5443459.0
2018-09-11,10.209856852761213,10.554009564501422,10.177080768701154,10.44748592376709,9770187.0
2018-09-12,10.562203102031273,10.75886068632849,10.381933011573937,10.545814514160156,11522448.0
2018-09-13,10.521234837856007,10.848999002837571,10.44748727166707,10.619563102722168,12750766.0
2018-09-14,10.676919804187163,11.004684993405228,10.594979053898255,10.939131736755371,11408355.0
2018-09-17,10.939133686803814,11.070239129443626,10.742474975828388,10.783445358276367,6504540.0
2018-09-18,10.783445708029952,10.848998978491739,10.627757374452862,10.644145965576172,4529189.0
2018-09-19,10.611368679663972,10.873579543852685,10.611368679663972,10.726086616516113,5766222.0
2018-09-20,10.758862300196652,10.783445185690846,10.480262828784165,10.554010391235352,9365314.0
2018-09-21,10.60317395383733,11.15217963783047,10.59497965953379,11.078432083129883,12342435.0
2018-09-24,11.119403307138635,11.225926953131768,10.96371498561262,11.16037368774414,6454077.0
2018-09-25,11.225926724264708,11.242315313785337,10.996491941132629,11.217732429504395,6861855.0
2018-09-26,11.28328651422253,11.332450098297542,11.152181070615844,11.324256896972656,7152320.0
2018-09-27,11.348836918543709,11.38161409485557,10.996491025441225,11.062043190002441,9956681.0
2018-09-28,11.103013875852287,11.119402464465042,10.750667972928328,10.94732666015625,5341112.0
2018-10-01,10.99649213111714,11.021073921791434,10.65233940345748,10.693309783935547,6019643.0
2018-10-02,10.69331097250695,10.955522968355583,10.586787315004958,10.63595199584961,8698340.0
2018-10-03,10.6933091092282,10.996491437280136,10.619561553795783,10.865386009216309,9540853.0
2018-10-04,10.865385564915078,11.422584431925147,10.865385564915078,11.373419761657715,15559824.0
2018-10-05,11.234121150490838,11.275091530740516,11.062044240604564,11.11120891571045,7561190.0
2018-10-08,11.004686519123085,11.37342104057668,10.963715044267023,11.365226745605469,7592508.0
2018-10-09,11.38980858051885,11.815903168418144,11.365226789541554,11.70118522644043,13390741.0
2018-10-10,11.733960053070732,11.758542935441039,11.168566886928751,11.291479110717773,11591146.0
2018-10-11,11.217733080523004,11.324256730526479,11.045656162663992,11.20134449005127,6035162.0
2018-10-12,11.242314882664866,11.340643133923914,11.012880108331155,11.307867050170898,7264208.0
2018-10-15,11.29148000993105,11.332449295748361,11.103014512177076,11.19314956665039,6438341.0
2018-10-16,11.217732850503685,11.430780146142101,11.152180678023697,11.258703231811523,9233525.0
2018-10-17,11.316061725349295,11.668408740166413,11.307867430627516,11.635631561279297,14409381.0
2018-10-18,11.7093802900141,11.750350673686357,11.38980932811389,11.602856636047363,8732717.0
2018-10-19,11.586467832301686,11.684796085606996,11.11940288543701,11.119402885437012,11001347.0
2018-10-22,11.225926557896736,11.332449106108129,10.963714599609375,10.963714599609375,7357252.0
2018-10-23,10.840803988670512,11.176762426962979,10.799833607517487,10.922744750976562,5376035.0
2018-10-24,10.96371549890107,11.004686975456105,10.611369552779118,10.652339935302734,6019657.0
2018-10-25,10.627756825131597,10.906356295639071,10.554010356951368,10.816221237182617,9345406.0
2018-10-26,10.91454965211354,10.95552112428051,10.29179859161377,10.29179859161377,5959800.0
2018-10-29,10.29179859161377,10.29179859161377,10.29179859161377,10.29179859161377,0.0
2018-10-30,10.34096390000391,10.537622623177548,10.005006524285674,10.299993515014648,8837584.0
2018-10-31,10.267215575875888,10.873579133718632,10.209856609613306,10.66053295135498,10344880.0
2018-11-01,10.840804707257528,10.930939770575097,10.504846246695921,10.619563102722168,10872155.0
2018-11-02,10.775249685256268,10.873579028171584,10.513038833502943,10.742473602294922,15711962.0
2018-11-05,10.840803383933116,11.332449024375116,10.750668331618227,11.299674034118652,16601361.0
2018-11-06,11.29967224195706,11.30786544120605,10.898160623479566,11.037460327148438,9226196.0
2018-11-07,10.988297741464478,11.38161514111256,10.947327361339696,11.266897201538086,8145165.0
2018-11-08,10.88177356841126,10.971908619115998,10.267215708313586,10.29179859161377,19423075.0
2018-11-09,10.32457517917423,10.34096267480946,9.816539839823728,9.890287399291992,14919142.0
2018-11-12,9.882091949178525,10.226244633723606,9.783762610737075,9.923062324523926,8774332.0
2018-11-13,9.914870005715207,10.119723017280661,9.857512125224549,9.996811866760254,6924505.0
2018-11-14,9.9968106089117,10.062362776661905,9.726404361340359,9.980422019958496,7857850.0
2018-11-15,10.021391662965378,10.119721001406829,9.857510161583775,9.923062324523926,4876900.0
2018-11-16,9.996811128241413,10.070557594299316,9.898480683445273,10.070557594299316,5606706.0
2018-11-19,10.070557995895319,10.25902241003821,9.98861723166747,10.242633819580078,6980414.0
2018-11-20,10.201663401770901,10.21805199217169,9.89028784237573,9.906675338745117,6376076.0
2018-11-21,9.91486918976051,10.054168919832398,9.701822994251714,9.890287399291992,9085790.0
2018-11-22,9.923061895541588,10.185272724029046,9.841121148393155,10.168885231018066,7364280.0
2018-11-23,10.086946647171542,10.193469203697447,9.873899346056909,9.955840110778809,5663889.0
2018-11-26,10.07875157328536,10.086945867930803,9.90667466782503,9.947646141052246,4880155.0
2018-11-27,9.964033107054492,10.021392072494546,9.906674141614438,9.988615989685059,3852009.0
2018-11-28,10.005005555559086,10.08694631760376,9.947646584515264,9.964034080505371,3922996.0
2018-11-29,9.98861750347641,10.308187367886232,9.980423208024362,10.283605575561523,8170085.0
2018-11-30,10.267215856070342,10.324574823898262,10.144304719894498,10.16069221496582,4263329.0
2018-12-03,10.324574991396673,10.529426888346448,10.250827433269686,10.41471004486084,6513388.0
2018-12-04,10.299993001966826,10.635951454982285,10.17708185312131,10.209857940673828,10661980.0
2018-12-05,10.283604416710212,10.340962290348063,9.98042208333843,10.316380500793457,6535760.0
2018-12-06,10.324575559090242,10.37374023586776,10.054169289798201,10.21805191040039,7598465.0
2018-12-07,10.30818440687614,10.594978101128158,10.168884706299256,10.521231651306152,9265396.0
2018-12-10,10.439292320288454,10.554009157085911,10.218050752837518,10.250826835632324,6626151.0
2018-12-11,10.226245154320662,10.259021237459299,10.02958646742627,10.03778076171875,7240786.0
2018-12-12,10.070556746069606,10.103332828886725,9.849316272499328,9.857510566711426,10666726.0
2018-12-13,9.923062343342517,9.97222701265648,9.791956923182354,9.898479461669922,4389112.0
2018-12-14,9.89848066201811,10.193468713673887,9.849317080773506,10.09514045715332,6635426.0
2018-12-17,10.13611176984346,10.299993306482582,10.054169907492438,10.22624683380127,3197789.0
2018-12-18,10.209856255465931,10.209856255465931,9.964032904318326,10.021391868591309,4953053.0
2018-12-19,10.029588488503673,10.095141762021969,9.964035214985378,10.06236457824707,6025236.0
2018-12-20,10.078752022593017,10.185274575638541,9.947646584515264,9.964034080505371,5106731.0
2018-12-21,9.947646193425488,9.964033688771325,9.669045644170247,9.767374992370605,7356230.0
2018-12-24,9.775568535929503,9.808345712165332,9.595298442757448,9.603492736816406,3494666.0
2018-12-25,9.587104168180359,9.587104168180359,9.390445486490762,9.44780445098877,1960924.0
2018-12-26,9.464193140400598,9.562522482297455,9.447804552074032,9.496969223022461,1015056.0
2018-12-27,9.611686488026699,9.636269371613276,9.505163941245467,9.53794002532959,4262188.0
2018-12-28,9.578911049604908,9.67723929725474,9.554328167169004,9.652657508850098,3034990.0
2018-12-31,9.63626904374418,9.68543371521322,9.488775029337061,9.546133995056152,1746227.0
2019-01-01,9.546133995056152,9.546133995056152,9.546133995056152,9.546133995056152,0.0
2019-01-02,9.521552516837314,9.521552516837314,9.316699530030798,9.431417465209961,3332812.0
2019-01-03,9.25934026337684,9.50516362079863,9.242951674871628,9.41502857208252,5831791.0
2019-01-04,9.4314175068225,9.59529902176573,9.365864244426419,9.382251739501953,5326923.0
2019-01-07,9.423222866335125,9.455998949314273,9.365863900598162,9.41502857208252,3661651.0
2019-01-08,9.398639348509167,9.69362735748291,9.398639348509167,9.69362735748291,11051775.0
2019-01-09,9.71001781661311,10.013199083696703,9.685434930777694,9.955840110778809,6024046.0
2019-01-10,9.964032699869326,10.045973450560128,9.898479442897951,9.923062324523926,4512193.0
2019-01-11,9.980422118677579,10.185274012462349,9.955839235004616,10.029586791992188,5996249.0
2019-01-14,9.90667471998256,9.914869014671146,9.619880970070065,9.767374992370605,5791856.0
2019-01-15,9.800152989545621,10.005005997742408,9.800152989545621,9.873899459838867,5425217.0
2019-01-16,9.906673940045344,10.086945126907752,9.865704657890532,10.021391868591309,7360549.0
2019-01-17,10.04597413473714,10.332767875718142,9.996810556199375,10.29179859161377,6358107.0
2019-01-18,10.357349817537367,10.775248949371832,10.349155523848832,10.685113906860352,12520214.0
2019-01-21,10.652339416933964,10.767056263611405,10.513039685519765,10.562204360961914,10090577.0
2019-01-22,10.603174619818247,10.799833319330151,10.513039564880517,10.775250434875488,6547555.0
2019-01-23,10.799833679788614,11.062044558535215,10.775250794513466,10.996492385864258,8056314.0
2019-01-24,11.103014287521036,11.307867276650713,11.053849613891167,11.250508308410645,10921652.0
2019-01-25,11.30786687399014,11.332448662914082,11.029267431351936,11.053849220275879,8589224.0
2019-01-28,11.0866257325925,11.25050723300621,11.029266769835216,11.22592544555664,3100916.0
2019-01-29,11.201343861426391,11.225926745754393,10.93913299278245,11.19314956665039,16791012.0
2019-01-30,11.160372188972426,11.332447983213065,11.062042851111713,11.22592544555664,8218014.0
2019-01-31,11.29147941077135,11.553690265501599,11.29147941077135,11.438973426818848,7641340.0
2019-02-01,11.38980770111084,11.64382535643084,11.340643028920882,11.38980770111084,8263997.0
2019-02-04,11.332447791756993,11.381613553887936,11.037460877189728,11.103013038635254,5910702.0
2019-02-05,11.152179614158603,11.307866829470287,11.12759673130016,11.23412036895752,3655064.0
2019-02-06,11.340642786665013,11.520913976864813,11.291479209556565,11.471749305725098,4864531.0
2019-02-07,11.471749102462702,11.578272737049856,11.373419761925522,11.504525184631348,5057563.0
2019-02-08,11.520916101200262,11.54549789428711,11.43078103649604,11.54549789428711,6081341.0
2019-02-11,11.594660531794359,11.848678183774535,11.594660531794359,11.783124923706055,6577193.0
2019-02-12,11.758544577122088,11.922426106346258,11.676602718478591,11.897844314575195,7639317.0
2019-02-13,11.96339406385779,11.96339406385779,11.504524562198153,11.627435684204102,10307444.0
2019-02-14,11.61924269746957,11.881454652218165,11.258702490475478,11.873261451721191,14187082.0
2019-02-15,11.742154822944906,11.99617248090703,11.668408360908552,11.955202102661133,8460879.0
2019-02-18,11.897842508459943,11.930618590523023,11.692989533995393,11.815901756286621,6089216.0
2019-02-19,11.791320200437474,11.791320200437474,11.438974270043545,11.520915031433105,6042057.0
2019-02-20,11.512721061706545,11.570080033912095,11.389808822118733,11.512721061706543,7978957.0
2019-02-21,11.545495523664666,11.90603570845228,11.496330853554424,11.815901756286621,5616499.0
2019-02-22,12.00436677536247,12.11088932118928,11.947007808205694,11.955202102661133,5743759.0
2019-02-25,11.930619596448517,12.102696503358585,11.750349488855306,11.76673698425293,6510980.0
2019-02-26,11.742154920107541,12.01256116921807,11.512720143613237,12.004366874694824,6791078.0
2019-02-27,11.979785079187282,12.028949756760815,11.81590354996311,11.897844314575195,4448353.0
2019-02-28,11.897842323372608,12.09450100075428,11.742154021440244,11.824094772338867,5917387.0
2019-03-01,11.758542932701152,11.881454062430278,11.643825003062297,11.684795379638672,4797128.0
2019-03-04,11.652019771997674,11.99617248090703,11.652019771997674,11.955202102661133,4288277.0
2019-03-05,11.930618169442349,12.061723587098664,11.856871713895424,12.037141799926758,5302283.0
2019-03-06,12.004365308582432,12.06991746815371,11.922423468071582,11.971588134765625,3508232.0
2019-03-07,11.922425691507211,12.028949338215293,11.873262109675728,11.963396072387695,3124044.0
2019-03-08,11.979783695381977,11.98797798970293,11.684795664015349,11.725767135620117,5183262.0
2019-03-11,11.733961188322452,11.955202774935143,11.619243247557993,11.914231300354004,5761084.0
2019-03-12,11.922424938967124,12.06991895724591,11.815902393014087,12.061724662780762,3033303.0
2019-03-13,12.143666460566577,12.381295528865532,12.037142821045697,12.373101234436035,4961803.0
2019-03-14,12.405877344766422,12.41407163921352,12.14366648664713,12.217412948608398,2413628.0
2019-03-15,12.225607547084966,12.356712979404977,12.102696409415831,12.23380184173584,4635869.0
2019-03-18,12.233801537502591,12.340324083220949,12.151860781094225,12.217412948608398,2613261.0
2019-03-19,12.18463639713287,12.774611352270203,12.102695643869874,12.750029563903809,5746769.0
2019-03-20,12.717254023026802,12.717254023026802,12.430460280360645,12.44684886932373,2285850.0
2019-03-21,12.512400424404015,12.577953683015027,12.08630697851057,12.151860237121582,4683007.0
2019-03-22,12.299355467035996,12.323937257681044,11.987978825323005,12.06991958618164,3979605.0
2019-03-25,12.160054231654376,12.528788703933786,12.143665643897522,12.397682189941406,7338282.0
2019-03-26,12.463235773443625,12.69267053789408,12.20921812671388,12.258382797241211,9722517.0
2019-03-27,12.373101128021695,12.373101128021695,11.143985418981678,11.283285140991211,15863001.0
2019-03-28,11.812691620535972,12.015247237607234,11.361543901351217,11.720621109008789,14357084.0
2019-03-29,11.600929825598278,11.729829537594206,11.389166891089793,11.481237411499023,13468336.0
2019-04-01,11.508858486160026,12.125733945160295,11.499652417213944,12.006041526794434,7483651.0
2019-04-02,12.144148316746778,12.447981776869234,11.913970782501945,12.355911254882812,7317331.0
2019-04-03,12.337496387983627,12.38353164796643,12.070490896660372,12.162561416625977,4644241.0
2019-04-04,12.042871650327012,12.07969961679368,11.941592591305604,12.061285018920898,5818337.0
2019-04-05,12.438774029418326,12.641329662181896,12.392738770088307,12.401946067810059,7583373.0
2019-04-08,12.39273989348731,12.475603121937127,12.199391540918507,12.217804908752441,4215687.0
2019-04-09,12.309875723705447,12.475602167932035,12.153354118773667,12.162561416625977,4626986.0
2019-04-10,12.2454273067647,12.355912435416109,12.107320281310992,12.263840675354004,3113313.0
2019-04-11,12.125733375549316,12.199390528609497,12.061283520281501,12.125733375549316,3039379.0
2019-04-12,11.692999946550566,11.941590834874614,11.610135497590072,11.93238353729248,4640132.0
2019-04-15,11.941590708295356,11.941590708295356,11.64696456446235,11.748242378234863,8151367.0
2019-04-16,11.831105670336628,12.245425454756802,11.794277709449014,12.098111152648926,13268864.0
2019-04-17,12.21780397446109,12.291461128000826,12.116526156643175,12.162561416625977,5886706.0
2019-04-18,12.107319648182647,12.217804771056455,11.803486174919096,11.886350631713867,7019334.0
2019-04-19,11.89555437505018,11.950796925685973,11.785069273778593,11.821898460388184,2178568.0
2019-04-22,11.739035920456176,11.748243218599322,11.508858383992685,11.564102172851562,3600975.0
2019-04-23,11.564102172851562,11.564102172851562,11.564102172851562,11.564102172851562,0.0
2019-04-24,11.41678708460486,11.444407747876884,11.205024158830737,11.324716567993164,9535848.0
2019-04-25,11.324716159751837,11.619342293999852,11.269473605920501,11.573307037353516,9391606.0
2019-04-26,11.766657073845824,11.766657073845824,11.444409001137274,11.665380477905273,7552398.0
2019-04-29,11.674586184695377,11.693000781174042,11.407581911427533,11.490445137023926,4410980.0
2019-04-30,11.444408611535763,11.490445102594487,11.315510124407734,11.343132019042969,6447665.0
2019-05-01,11.343132019042969,11.343132019042969,11.343132019042969,11.343132019042969,0.0
2019-05-02,11.361544653005655,11.610135542286727,11.352337355388075,11.508857727050781,5674158.0
2019-05-03,11.508858879115275,11.536480774733034,11.361545790323753,11.40758228302002,3574557.0
2019-05-06,11.324716567993164,11.379959123815922,11.251059417136585,11.324716567993164,3842881.0
2019-05-07,11.232646103837272,11.232646103837272,11.085333030714876,11.158988952636719,15601229.0
2019-05-08,11.186611400669115,11.35233909535033,11.131368835775376,11.232647895812988,5007737.0
2019-05-09,11.112953164139384,11.140573826223168,10.790705140582869,10.855154991149902,9452737.0
2019-05-10,10.845948391536686,10.910398246248517,10.477663858691571,10.606563568115234,5091884.0
2019-05-13,10.61577115498523,10.790706128459806,10.49607874001427,10.744670867919922,6695528.0
2019-05-14,10.836740904167584,11.20502420128856,10.74467038720702,10.901190757751465,9310469.0
2019-05-15,10.910399805479331,11.278683161677952,10.901192506450558,11.232647895812988,6937749.0
2019-05-16,11.195816993713379,11.343131297168648,11.057711217162625,11.195816993713379,5517736.0
2019-05-17,11.10374633386089,11.28788736690449,11.04850377809207,11.06691837310791,2940042.0
2019-05-20,11.085333573601936,11.186610163884655,11.066918977580293,11.094539642333984,2259992.0
2019-05-21,11.103747561226617,11.15899012310174,10.827534751851003,10.864362716674805,5590207.0
2019-05-22,10.818326871840883,10.96563995249686,10.717049052059975,10.781498908996582,6435569.0
2019-05-23,10.76308507896389,10.993261373432304,10.76308507896389,10.882776260375977,4279681.0
2019-05-24,10.91960620880127,10.993262136431845,10.85515635016541,10.91960620880127,4503324.0
2019-05-27,10.910398270335516,10.984054193644164,10.799911926815074,10.80911922454834,2658488.0
2019-05-28,10.901191439717199,11.131367746518173,10.827534283973614,10.9656400680542,4912180.0
2019-05-29,10.910398037797195,11.002468554610031,10.864361550112067,10.956433296203613,5836012.0
2019-05-30,11.085334209819214,11.41678835228043,11.057712314201455,11.40758228302002,10453583.0
2019-05-31,11.36154540239832,12.033663421469079,11.287888245878067,12.006041526794434,13977817.0
2019-06-03,12.061283717368458,12.061283717368458,11.656172442114618,11.831106185913086,2844338.0
2019-06-04,11.831106185913086,11.831106185913086,11.831106185913086,11.831106185913086,0.0
2019-06-05,11.831106185913086,11.831106185913086,11.831106185913086,11.831106185913086,0.0
2019-06-06,11.831106185913086,11.831106185913086,11.831106185913086,11.831106185913086,0.0
2019-06-07,11.803485049900537,11.803485049900537,11.444407820145765,11.674585342407227,8074731.0
2019-06-10,11.693000737419425,11.831106522656228,11.600930213928223,11.600930213928223,4978561.0
2019-06-11,11.591722194521639,11.674585414652462,11.425994524981267,11.453615188598633,6064499.0
2019-06-12,11.435201814869151,11.444407883216224,11.168196330114716,11.195816993713379,8439956.0
2019-06-13,11.140574411111354,11.186609669853647,10.98405403967607,10.993261337280273,7410165.0
2019-06-14,11.048504999351495,11.076126894928477,10.781499488501542,10.864362716674805,4331383.0
2019-06-17,10.790706740967257,11.01167698752454,10.790706740967257,10.974847793579102,6057338.0
2019-06-18,10.95643368496195,11.13136742725763,10.9103984249221,11.076126098632812,9583308.0
2019-06-19,11.085334146136582,11.140575478497064,10.9380198289125,10.974847793579102,6741973.0
2019-06-20,11.02088289845596,11.057710858485837,10.606563123685465,10.65259838104248,13268654.0
2019-06-21,10.652598747274267,10.726255899145,10.560528229394892,10.569735527038574,6773725.0
2019-06-24,10.680221471072372,10.726256733593369,10.422423263387495,10.440837860107422,7804727.0
2019-06-25,10.486871174837965,10.652598846125958,10.450043213200212,10.551321029663086,7913591.0
2019-06-26,10.560527833635648,10.597357022830192,10.431629359290781,10.450042724609375,5068707.0
2019-06-27,10.486870765686035,10.52369995516561,10.450042805485149,10.486870765686035,4306204.0
2019-06-28,10.505285672811523,10.60656348833458,10.459250413871835,10.569735527038574,6461098.0
2019-07-01,10.717048184813633,10.882775848120113,10.64339103580675,10.818325996398926,16954560.0
2019-07-02,10.910399203179649,10.938019869462288,10.63418639395906,10.6618070602417,8358476.0
2019-07-03,10.707841464385153,10.707841464385153,10.62497824290721,10.643391609191895,5219886.0
2019-07-04,10.671013502537038,10.680220800318752,10.597357578840809,10.643391609191895,3535567.0
2019-07-05,10.652598846125958,10.809119219684828,10.523700365754454,10.551321029663086,7669543.0
2019-07-08,10.440836656589417,10.560527833635648,10.256693783813397,10.450042724609375,9602957.0
2019-07-09,10.440837450163214,10.74467090843951,10.440837450163214,10.634185791015625,14487263.0
2019-07-10,10.634185828340605,10.818326871840883,10.569735971403999,10.781498908996582,10341058.0
2019-07-11,10.85515694912385,11.223440295434036,10.809120455216062,11.14978313446045,16252495.0
2019-07-12,11.21423270153223,11.444409018619345,11.140575542497047,11.40758228302002,12879888.0
2019-07-15,11.40758228302002,11.40758228302002,11.40758228302002,11.40758228302002,0.0
2019-07-16,11.416787015898143,11.674585198426671,11.38916635279234,11.545686721801758,10655547.0
2019-07-17,11.610135408795417,11.69299985712216,11.42599437567591,11.637757301330566,5689495.0
2019-07-18,11.573307458681324,11.913970091256207,11.490444239557005,11.89555549621582,10272276.0
2019-07-19,11.886349798074622,12.116526096852803,11.877142500267746,12.070490837097168,9641289.0
2019-07-22,12.107320390208262,12.134942287259003,11.821901496357386,11.840314865112305,5098184.0
2019-07-23,11.877143611495757,12.171769793208615,11.831107118154192,12.088905334472656,6283893.0
2019-07-24,12.134941171263769,12.438774635206293,12.06128401518128,12.429567337036133,7015365.0
2019-07-25,12.466396159950952,12.503224122260445,12.199390667329926,12.254631996154785,6991047.0
2019-07-26,12.217805607314679,12.429568569103967,12.015249944608213,12.365119934082031,8183315.0
2019-07-29,12.420359052120677,12.549258757704793,12.300667873253937,12.540051460266113,5834136.0
2019-07-30,12.659743881267028,12.834678844943484,12.503223512486631,12.797849655151367,8686356.0
2019-07-31,12.825472285462912,12.991199961227176,12.714987168286735,12.889922142028809,12510477.0
2019-08-01,12.797850709031671,13.212170523360589,12.77023004369177,13.175342559814453,10164259.0
2019-08-02,13.156927398350241,13.156927398350241,12.530845898560328,12.586087226867676,8805930.0
2019-08-05,12.52163811161854,12.73339980660135,12.475601624362822,12.484808921813965,5281031.0
2019-08-06,12.503224755130256,12.71498770036637,12.32828977406774,12.622917175292969,7163919.0
2019-08-07,12.70578017120143,12.70578017120143,12.319082251927208,12.57688045501709,4461506.0
2019-08-08,12.82547292325842,12.871508186157978,12.346704468112659,12.60450267791748,14451311.0
2019-08-09,12.659743885549597,12.668951183000742,12.429566366385801,12.484808921813965,4106011.0
2019-08-12,12.484808921813965,12.484808921813965,12.484808921813965,12.484808921813965,0.0
2019-08-13,12.484808921813965,12.484808921813965,12.484808921813965,12.484808921813965,0.0
2019-08-14,12.484808921813965,12.484808921813965,12.484808921813965,12.484808921813965,0.0
2019-08-15,12.337495283023655,12.392737835911184,11.932382818755569,11.978419303894043,11050599.0
2019-08-16,11.996834305084501,12.088904829362935,11.536480454413516,11.582515716552734,8262674.0
2019-08-19,11.692999759165694,11.794277572388724,11.58251464850808,11.656171798706055,11390925.0
2019-08-20,11.775864430294181,12.079699136725699,11.702208500288057,11.960006713867188,10831821.0
2019-08-21,11.978419854788052,12.503223516716252,11.904762704457601,12.484808921813965,11509176.0
2019-08-22,12.512431834537118,12.567674394470227,12.29146159480468,12.319082260131836,9994110.0
2019-08-23,12.355910350869502,12.365117648250253,11.987627060590283,12.19018268585205,7722085.0
2019-08-26,12.061283600181481,12.484809467205993,12.052077531606873,12.42035961151123,5889065.0
2019-08-27,12.429566764882944,12.429566764882944,11.93238375008958,12.033662796020508,10914232.0
2019-08-28,12.088904240140684,12.107318835810352,11.591722449847099,11.702207565307617,12459013.0
2019-08-29,11.692999955389114,11.794277770311714,11.508857691443385,11.619342803955078,16783550.0
2019-08-30,11.619342803955078,11.619342803955078,11.619342803955078,11.619342803955078,0.0
2019-09-02,11.610134407208935,11.923176349208177,11.610134407208935,11.858726501464844,8693013.0
2019-09-03,11.84951978079095,12.116525252183095,11.803484524244531,11.996832847595215,7330869.0
2019-09-04,12.098111365912937,12.319081593691276,12.024455442839312,12.199390411376953,9132914.0
2019-09-05,12.291461481225234,12.401946600070513,12.11652650484041,12.134941101074219,6456023.0
2019-09-06,12.107320390208262,12.19939215109849,11.794279599306645,11.840314865112305,7086667.0
2019-09-09,11.950798248289589,12.180975772959075,11.913970286882813,12.052077293395996,8574706.0
2019-09-10,12.107319165255543,12.291461439126579,12.07969850027822,12.245426177978516,11368343.0
2019-09-11,12.337496856535806,12.374326049343743,12.162561878534492,12.319082260131836,11628176.0
2019-09-12,12.337494870688543,12.67815747365602,12.319080277248593,12.650535583496094,16573137.0
2019-09-13,12.705780402003265,12.733401067813757,12.567674614393164,12.622917175292969,5706589.0
2019-09-16,12.52163912439957,12.83467988738577,12.52163912439957,12.57688045501709,11085858.0
2019-09-17,12.60450029548994,12.60450029548994,12.134939227533492,12.39273738861084,11082694.0
2019-09-18,12.392739731012217,12.622917274788835,12.291461906777425,12.60450267791748,7504896.0
2019-09-19,12.567674782814253,12.604502747481385,12.245426711460041,12.438775062561035,8700391.0
2019-09-20,12.512430814167395,12.52163811161854,12.374325040236338,12.484808921813965,4046175.0
2019-09-23,12.512431791288781,12.613709612602957,12.3651187084026,12.429567337036133,7132881.0
2019-09-24,12.521638291201768,12.81626443819165,12.521638291201768,12.696573257446289,9721047.0
2019-09-25,12.668950650040987,12.779435756249406,12.383530587456132,12.49401569366455,9061899.0
2019-09-26,12.503224861457282,12.908336158648353,12.503224861457282,12.807058334350586,19486222.0
2019-09-27,12.843886802515058,13.120098364479889,12.843886802515058,13.110892295837402,14047124.0
2019-09-30,13.110891584171512,13.451552983815033,13.110891584171512,13.221375465393066,10902150.0
2019-10-01,13.221376123266218,13.239790719025436,12.834679446552675,13.018821716308594,8840797.0
2019-10-02,12.95437162454331,13.193755218660424,12.64132964873057,12.714986801147461,13853952.0
2019-10-03,12.714986623333958,12.935956848215728,12.62291610605946,12.696573257446289,8807120.0
2019-10-04,12.742608277094272,12.92675055523257,12.558467228234786,12.843887329101562,12028142.0
2019-10-07,12.86230020825132,13.166134894183989,12.770229687315974,13.000407218933105,8337672.0
2019-10-08,12.945165174161513,13.009615033085039,12.714987633411269,12.788644790649414,11012932.0
2019-10-09,12.797850074347236,12.889921822564654,12.2546317999073,12.291460990905762,17930563.0
2019-10-10,12.273047222454878,12.273047222454878,11.646965684635889,11.766656875610352,23282987.0
2019-10-11,11.886350368849724,11.90476373606893,11.591722971275585,11.693000793457031,14192850.0
2019-10-14,11.600930369605807,11.637758333640738,11.103747323379578,11.214232444763184,19776547.0
2019-10-15,11.389166474519577,11.444407801321601,11.085333030714876,11.158988952636719,20652296.0
2019-10-16,10.99326196243759,11.11295437954137,10.910398737844996,10.9656400680542,11957351.0
2019-10-17,10.947225103022616,11.177402605501511,10.809118109823833,11.103745460510254,14656649.0
2019-10-18,11.60093002512606,11.610136093902314,11.214232111766103,11.444408416748047,20892613.0
2019-10-21,11.47202872690932,11.47202872690932,11.085332096221396,11.103745460510254,10485797.0
2019-10-22,11.103748167967963,11.33392572657169,11.057712902102997,11.232647895812988,13137502.0
2019-10-23,11.29709479896131,11.536479619903524,11.223438876578108,11.508857727050781,15716757.0
2019-10-24,11.52727234037615,11.582514896889608,11.37075196846781,11.453615188598633,12249363.0
2019-10-25,11.472029633955787,11.674585262098727,11.46282233644407,11.637757301330566,11960676.0
2019-10-28,11.656172483777494,11.67458585045018,11.462822914123535,11.462822914123535,3327457.0
2019-10-30,11.416787575134366,11.564101883176978,11.324717054566804,11.425994873046875,7878696.0
2019-10-31,11.407581683085471,11.462823012858115,11.37995978892037,11.444408416748047,4696972.0
2019-11-01,11.481237547856454,11.628550628116544,11.444408355832351,11.610136032104492,8457904.0
2019-11-04,11.702208245577495,11.84952133166217,11.693000947207425,11.766656875610352,5114144.0
2019-11-05,11.812693155525267,11.812693155525267,11.564102250387501,11.600930213928223,8502655.0
2019-11-06,11.62855050973712,11.7298295574936,11.435202170693975,11.683793067932129,7882112.0
2019-11-07,11.720621664367068,11.913969993591309,11.720621664367068,11.913969993591309,8104341.0
2019-11-08,11.693000248300347,11.904763181039332,11.610135797201453,11.757450103759766,16194430.0
2019-11-11,11.720621109008789,11.858726876299565,11.646963962219857,11.720621109008789,7520688.0
2019-11-12,11.729829047169027,11.803484968705348,11.591722043050689,11.637757301330566,8828743.0
2019-11-13,11.646964073181152,11.692999329383325,11.619342181892659,11.646964073181152,6560435.0
2019-11-14,11.646965484357752,11.68379344792593,11.297095527984244,11.343132019042969,12217590.0
2019-11-15,11.389167986020936,11.472031216499792,11.29709622748136,11.352338790893555,9206820.0
2019-11-18,11.379959008972815,11.435201564238081,11.214231343177014,11.3983736038208,22767871.0
2019-11-19,11.425993751131703,11.775862432502187,11.370751198359665,11.720621109008789,25564434.0
2019-11-20,11.729829577408411,11.886349954346878,11.564101902542017,11.62855052947998,14861994.0
2019-11-21,11.619343581059184,11.665380072083583,11.508858461158221,11.600930213928223,10193183.0
2019-11-22,11.582514334538516,11.739034698847522,11.52727178070718,11.573307037353516,9769368.0
2019-11-25,11.646965146477012,11.683793108976806,11.30630249819794,11.315509796142578,19993337.0
2019-11-26,11.306303351274353,11.370753212470898,11.251060788717153,11.333925247192383,13376475.0
2019-11-27,11.232646148403598,11.407581114899786,11.195816958017842,11.306302070617676,14657377.0
2019-11-28,11.333923945602615,11.416787165282962,11.315509350438663,11.361544609069824,8234450.0
2019-11-29,11.379960586969762,11.435203149895214,11.315510725343591,11.370753288269043,8743175.0
2019-12-02,11.444408611535763,11.472030506170999,11.315510124407734,11.343132019042969,11618880.0
2019-12-03,11.32471681992783,11.33392411764957,11.112953889442736,11.122159957885742,20996003.0
2019-12-04,11.085332096221396,11.168195308717777,11.06691750265393,11.103745460510254,8446823.0
2019-12-05,11.12215943244956,11.195816581465019,11.11295336444147,11.131366729736328,9655233.0
2019-12-06,11.168198031890475,11.269475862649177,11.149783433832926,11.232647895812988,19181344.0
2019-12-09,11.232647619383846,11.398375309986596,11.168197757047407,11.297096252441406,17486091.0
2019-12-10,11.297095648867318,11.38916740269117,11.241854317563346,11.269474983215332,16548497.0
2019-12-11,11.26026696515438,11.27868156059786,11.112953889442736,11.122159957885742,13001898.0
2019-12-12,11.140574437237333,11.251059550189424,11.122159841985743,11.195816993713379,16669961.0
2019-12-13,11.241854892997154,11.251060962499835,11.122161238115776,11.14978313446045,15712634.0
2019-12-16,11.168196330114716,11.297094809039676,11.131367139611537,11.195816993713379,11214910.0
2019-12-17,11.205024717197023,11.518065472699128,11.195817419221298,11.462822914123535,36436442.0
2019-12-18,11.407581546310208,11.490444769254434,11.251059939808867,11.315509796142578,17859310.0
2019-12-19,11.333924720831224,11.37995998261115,11.297095527984244,11.343132019042969,9360582.0
2019-12-20,11.333924776304485,11.536480420839071,11.315510179790866,11.435202598571777,19285840.0
2019-12-23,11.48123779582238,11.646965475673824,11.44440860300286,11.600930213928223,11561438.0
2019-12-24,11.637757203836887,11.711414354034861,11.600929243377248,11.656171798706055,9151905.0
2019-12-25,11.674584735190995,11.711413923575655,11.619342181892659,11.646964073181152,4336871.0
2019-12-26,11.628549626218796,11.877141733848084,11.628549626218796,11.775862693786621,14716429.0
2019-12-27,11.79427806575997,11.877142516858866,11.7298294395793,11.757450103759766,9815806.0
2019-12-30,11.76665513549374,11.803484323527526,11.683791920975002,11.720621109008789,7462714.0
2019-12-31,11.748242314494501,11.775862977519557,11.628549906402304,11.656171798706055,8171737.0
2020-01-02,11.720623691955366,11.86793678871889,11.674587196767787,11.785072326660156,10267544.0
2020-01-03,11.748241996032522,11.77586265830886,11.389166010768172,11.573307037353516,13947619.0
2020-01-06,11.407581427667978,11.462822756203758,11.352337640574692,11.389166831970215,9460164.0
2020-01-07,11.444408279531238,11.536480029698868,11.30630249819794,11.315509796142578,14402885.0
2020-01-08,11.205025013167392,11.251060274983235,11.048504631281999,11.085333824157715,17810471.0
2020-01-09,11.241854820263576,11.536481003693975,11.241854820263576,11.51806640625,27044185.0
2020-01-10,11.527271699156993,11.573306955477651,11.435201186515679,11.536478996276855,20340271.0
2020-01-13,11.591721631723516,11.674584847831188,11.55489367226218,11.573307037353516,20015443.0
2020-01-14,11.56410241602684,11.573308485084784,11.398374733801582,11.416788101196289,16265004.0
2020-01-15,11.3983751843712,11.518066379643958,11.33392532274503,11.370753288269043,16043552.0
2020-01-16,11.407581999311702,11.462823330615674,11.260267684905065,11.269474983215332,23735747.0
2020-01-17,11.297096227128748,11.315510824691865,11.122161238115776,11.14978313446045,16043335.0
2020-01-20,11.186610025027637,11.278681774714212,11.17740395640986,11.22343921661377,11492838.0
2020-01-21,11.16819685502449,11.205024817979876,11.122160364731783,11.186610221862793,14337575.0
2020-01-22,11.195817519921334,11.306302638066272,11.16819685502449,11.186610221862793,16468305.0
2020-01-23,11.158989400076168,11.19581736251377,11.103746841780382,11.112954139709473,13256425.0
2020-01-24,11.149782575290715,11.232647030890146,10.99326219169047,11.011676788330078,16712241.0
2020-01-27,10.919604986869794,10.928811054834327,10.661805581174765,10.671012878417969,18953382.0
2020-01-28,10.717049014444152,10.735463610441057,10.514493375593288,10.634185791015625,23985514.0
2020-01-29,10.689428925822956,10.726256890522798,10.505286643766073,10.514493942260742,18308276.0
2020-01-30,10.477663858691571,10.671013422827066,10.321143485407827,10.606563568115234,30301138.0
2020-01-31,10.643391605716754,10.689428094610294,10.376387345806675,10.38559341430664,29019725.0
2020-02-03,10.357971716415387,10.440836158874278,10.127794212036777,10.348764419555664,17552710.0
2020-02-04,10.404008240633718,10.459250799252551,10.330351086049019,10.43163013458252,23201731.0
2020-02-05,10.440837588450604,10.624978633743487,10.404008395968999,10.50528621673584,25937618.0
2020-02-06,10.569735032771922,10.624977586772015,10.450042627558611,10.468457221984863,15313928.0
2020-02-07,10.459249940388416,10.551320454099818,10.40400738630584,10.413214683532715,13930238.0
2020-02-10,10.367180460314554,10.440837616194706,10.183038799892964,10.192245483398438,19339712.0
2020-02-11,10.284315597298338,10.450043269478854,10.247487635462248,10.38559341430664,19870130.0
2020-02-12,10.44083695131357,10.606563390252429,10.348765205006886,10.588150024414062,23132935.0
2020-02-13,10.48687221866721,10.48687221866721,10.302731162870906,10.330351829528809,47080593.0
2020-02-14,10.321143555592943,10.357972746695138,10.127795219421387,10.127795219421387,30115736.0
2020-02-17,10.192244921427118,10.394800552330707,10.10938108661037,10.31193733215332,34262025.0
2020-02-18,10.265901612857764,10.275108910633312,10.100173940734113,10.127795219421387,23583728.0
2020-02-19,10.137001967382766,10.284315035965303,10.137001967382766,10.219865798950195,24041220.0
2020-02-20,10.247487622399058,10.348765439278257,10.063345969535234,10.155416488647461,29059758.0
2020-02-21,10.118588910933276,10.376387726439491,10.09096701658391,10.27510929107666,30902907.0
2020-02-24,10.09096696017675,10.284315917065769,10.081760276751153,10.183038711547852,20024949.0
2020-02-25,10.27510936587138,10.293523347598937,10.072553108310663,10.08176040649414,19774748.0
2020-02-26,10.063345820259098,10.127795059753765,10.008103263755462,10.054139137268066,22960861.0
2020-02-27,9.98968847741482,10.017309753438841,9.455676936070637,9.474091529846191,22727537.0
2020-02-28,8.926270397362924,9.455677068393095,8.65466066712639,9.317570686340332,15331778.0
2020-03-02,9.483299649326314,9.556956806312947,9.271536705928408,9.345193862915039,8674491.0
2020-03-03,9.4648847832068,9.520127338466411,9.363606970110629,9.382020950317383,10681167.0
2020-03-04,9.409643330662185,9.428056697184688,9.22550106048584,9.22550106048584,10733821.0
2020-03-05,9.345194632546942,9.345194632546942,9.179466937637475,9.184070587158203,9400209.0
2020-03-06,9.161051286814903,9.225501143419944,8.732922379456275,8.746732711791992,15103606.0
2020-03-09,8.277171458982068,8.627040172362921,8.166685728690052,8.6224365234375,21232232.0
2020-03-10,8.755939383040214,8.79276734305897,8.507347887036593,8.521158218383789,12439238.0
2020-03-11,8.521158218383789,8.521158218383789,8.521158218383789,8.521158218383789,0.0
2020-03-12,8.148271558559372,8.152875207377974,7.692520774386935,7.73395299911499,14009569.0
2020-03-13,7.697124931504309,8.0654082563619,7.697124931504309,7.8812665939331055,23886569.0
2020-03-16,7.641881976804684,7.641881976804684,7.259787724304608,7.273598670959473,10688937.0
2020-03-17,7.245977134415114,7.273598412102471,6.629102342490362,6.711965560913086,19320910.0
2020-03-18,6.65212042001812,6.804037150222863,6.39892525503749,6.408132553100586,18338593.0
2020-03-19,6.3298723575026346,6.343683304584231,6.122713068393798,6.177955627441406,20799072.0
2020-03-20,6.362095749349347,6.500202741591773,6.297646516227422,6.325267791748047,17803541.0
2020-03-23,6.168748647983438,6.52782468569865,6.0352458924966195,6.366700649261475,16223249.0
2020-03-24,6.693552100143088,6.813244517623877,6.541635368392299,6.799434185028076,16711163.0
2020-03-25,6.896107404339238,7.163112867602501,6.688947526908609,6.928332328796387,23187010.0
2020-03-26,6.969765169184839,7.25518466209898,6.886901326473104,7.227563381195068,14663607.0
2020-03-27,7.222959545600303,7.411705472440625,7.011196602346502,7.038817882537842,18676931.0
2020-03-30,6.997385542334547,7.0618347796565475,6.804036601089863,6.859279155731201,11297335.0
2020-03-31,6.951350892127732,7.0480250638736965,6.932936295879439,6.983575820922852,11509764.0
2020-04-01,6.873089440652126,7.637278517788986,6.845468163518006,7.181527137756348,42587216.0
2020-04-02,7.328840843213427,7.710935107681389,7.181527762116977,7.609657287597656,40088426.0
2020-04-03,7.61426069618486,7.991751299703333,7.531396860194997,7.816816329956055,44791621.0
2020-04-06,7.83983485331869,7.927302962801301,7.770781956109518,7.8536458015441895,27236972.0
2020-04-07,7.95492276546183,8.599418811466574,7.922697840233727,8.304791450500488,44029825.0
2020-04-08,8.309396456471696,8.488934476872751,8.180497349141719,8.369242668151855,24172323.0
2020-04-09,8.534969679286583,8.85261408046842,8.4751234723464,8.76514720916748,41098043.0
2020-04-10,8.737526357381824,8.737526357381824,8.42908921730209,8.571799278259277,13487355.0
2020-04-13,8.55338391189905,8.55338391189905,8.318602726175046,8.332413673400879,20637288.0
2020-04-14,8.378449528365106,8.456709103889702,8.327810003304272,8.387656211853027,18448871.0
2020-04-15,8.429088202920108,8.442899149724616,7.98254409047106,8.051597595214844,21317555.0
2020-04-16,7.987147909104595,7.991751558137242,7.683313833983172,7.839834213256836,21451857.0
2020-04-17,7.941112998731218,8.111444332624542,7.941112998731218,8.042390823364258,12607154.0
2020-04-20,8.051596744785526,8.056200393234112,7.931904343679505,8.005560874938965,12689817.0
2020-04-21,7.826023812593113,7.826023812593113,7.7109350463375135,7.775384902954102,17354190.0
2020-04-22,7.733953509845829,8.019372994414551,7.7063316151101375,7.8812665939331055,24847942.0
2020-04-24,7.931905669850809,8.088426670075672,7.853645477058085,7.895077705383301,16772385.0
2020-04-27,7.964130688459542,7.97794102162885,7.876663196255849,7.904284477233887,15793925.0
2020-04-28,7.89507678394211,8.023975873813296,7.867454891856131,7.941112041473389,16751112.0
2020-04-29,7.973336575754345,8.240342674958795,7.941112263365637,8.203514099121094,24342759.0
2020-04-30,8.300188318320876,8.479726320562147,8.185100170545377,8.323205947875977,28562863.0
2020-05-04,8.10223556428816,8.148270819017267,7.945715206497751,7.968732833862305,19146743.0
2020-05-05,8.093028792770637,8.116047036268514,7.950319370919884,7.987147331237793,19654355.0
2020-05-06,7.9963545925304995,8.019372837693735,7.821420231765638,7.839834213256836,19462562.0
2020-05-07,7.849041686518573,7.904284246864614,7.715538934788875,7.826024055480957,13903743.0
2020-05-08,7.830627704616361,7.8904739140978055,7.807610073578744,7.826024055480957,8774801.0
2020-05-11,7.835231052827139,7.876663282065277,7.803006736867889,7.81221342086792,7093996.0
2020-05-12,7.812212933700343,7.88126643991127,7.807609899307086,7.839834213256836,10221253.0
2020-05-13,7.830627461585639,7.839834144931305,7.770781253961576,7.775384902954102,10605840.0
2020-05-14,7.756970138413432,7.78459141494032,7.595846127779802,7.605053424835205,12230092.0
2020-05-15,7.66029639603042,7.683314027132903,7.540604591369629,7.540604591369629,11046301.0
2020-05-18,7.586638775693364,7.609656403525588,7.508378595208074,7.517585277557373,19999007.0
2020-05-20,7.531396371099545,7.5452067022146485,7.411704581091101,7.430118560791016,21657489.0
2020-05-21,7.434721980685506,7.4531359598190114,7.255183379236411,7.2966156005859375,31631446.0
2020-05-22,7.232166752887171,7.4117053791917495,7.075646371985279,7.3886871337890625,54895456.0
2020-05-27,7.503775267599693,7.793798988750308,7.471550956040153,7.729349136352539,72642850.0
2020-05-28,7.784592209773199,7.991751497556859,7.775384911777699,7.876662731170654,47502175.0
2020-05-29,7.918094429216058,7.931904760648497,7.812212353250416,7.88586950302124,21567035.0
2020-06-01,7.931905389129514,8.221928518584038,7.931905389129514,8.185100555419922,37408924.0
2020-06-02,8.231136047521021,8.424485010792598,8.148272206118916,8.263360977172852,39942343.0
2020-06-03,8.360035389923507,8.369242688555032,8.102237174635077,8.111444473266602,28549787.0
2020-06-04,8.10223640669106,8.10223640669106,7.922698402869235,7.973336696624756,25305301.0
2020-06-05,8.037786935012866,8.281775420144024,8.000958356860364,8.221928596496582,46532759.0
2020-06-08,8.286378454603613,8.410674521718684,8.18510063298348,8.221928596496582,40578657.0
2020-06-09,8.254153712831455,8.304792624790485,8.08842664398345,8.180497169494629,20979252.0
2020-06-10,8.185099872654321,8.25415275880649,8.152874946594238,8.152874946594238,19493796.0
2020-06-11,8.09763269869086,8.125253977126354,8.010165214538574,8.010165214538574,20300245.0
2020-06-12,7.945716128271127,8.079218874184482,7.872058974592507,8.051597595214844,22142379.0
2020-06-15,7.96873423744697,8.000958552649639,7.918095325397732,7.922698974609375,18009418.0
2020-06-16,8.028579875656433,8.1068406833886,7.982544612575856,8.042390823364258,26073817.0
2020-06-17,8.046994723359369,8.070012355616928,7.945716895570325,7.964130878448486,14777322.0
2020-06-18,7.968733604205018,8.088426015638607,7.922698345025652,8.010165214538574,21753732.0
2020-06-19,8.056200188743574,8.198909599191515,8.033181947084909,8.157477378845215,46557952.0
2020-06-22,8.19891051148377,8.346224201294325,8.18970321379581,8.295584678649902,59595494.0
2020-06-23,8.369242716638896,8.433692577996986,8.231136309899725,8.258757591247559,52469991.0
2020-06-24,8.244946753353073,8.290982014569243,8.185100544988416,8.212721824645996,28689843.0
2020-06-25,8.18510012752441,8.254153015826768,8.093028995148574,8.17589282989502,24387566.0
2020-06-26,8.212721650206115,8.2909818384671,8.212721650206115,8.226531982421875,17625174.0
2020-06-29,8.203514244930311,8.281775046806352,8.157478370655104,8.272567749023438,19497177.0
2020-06-30,8.300189193807633,8.341621423088489,8.231136297858777,8.286378860473633,24802281.0
2020-07-01,8.31399943810672,8.332413419206686,8.042390297345172,8.051597595214844,42356643.0
2020-07-02,8.065407220456056,8.157477732525388,8.065407220456056,8.102235794067383,26685778.0
2020-07-03,8.10683898860682,8.116046285153864,7.97333564723184,7.991750240325928,29578780.0
2020-07-06,8.079218020837738,8.134459958302848,7.98254324733534,8.005560874938965,29403311.0
2020-07-07,8.014768809216825,8.240342684022043,8.01016516040213,8.17589282989502,80970127.0
2020-07-08,8.194307436462386,8.254153646346253,8.097633262526454,8.116047859191895,49301245.0
2020-07-09,8.120650157891248,8.171288446381821,7.922697579133198,7.968732833862305,32584538.0
2020-07-10,7.9457159222908915,7.959526868737372,7.779988252769292,7.890473365783691,27741350.0
2020-07-13,7.91809442013666,8.074614787601332,7.908887122766028,8.070011138916016,25139933.0
2020-07-14,8.093028978160726,8.093028978160726,7.918094626045004,7.94571590423584,26580988.0
2020-07-16,7.968735077761536,8.056202578088072,7.968735077761536,8.000959396362305,26592888.0
2020-07-17,8.014769176027098,8.042390455540051,7.977940598463365,7.996354579925537,16404836.0
2020-07-20,7.991751163007447,8.010165143588218,7.941112255430808,7.94571590423584,12314449.0
2020-07-21,7.964130313226698,8.070011782880634,7.92730235008409,7.954923629760742,41166867.0
2020-07-22,7.977939516024542,8.033182067555193,7.959526151700066,7.968732833862305,22543738.0
2020-07-23,8.010165359780412,8.194307014476134,7.996354412992561,8.079218864440918,55937910.0
2020-07-24,8.046994044812974,8.07001167512962,8.005561818531504,8.033183097839355,15280419.0
2020-07-27,8.06080333018199,8.162081136276672,8.010164427134647,8.023975372314453,32662434.0
2020-07-28,8.02397641679602,8.046994047119263,7.76157457061591,7.775384902954102,27592061.0
2020-07-29,7.79840316982938,7.8168165365724525,7.503775779873721,7.591243267059326,32461170.0
2020-07-30,7.6096571990588595,7.614260848034446,7.549810991655008,7.60045051574707,6736233.0
2020-08-04,7.65569303535932,7.664900334003019,7.195338552044646,7.278203010559082,35096229.0
2020-08-05,7.282805352133476,7.434722064638797,7.043420547498203,7.333443641662598,37351930.0
2020-08-06,7.328840196661929,7.425514973827237,7.038817094444676,7.052628040313721,29631224.0
2020-08-07,7.015799684009613,7.250580853965344,6.739586904437783,7.186131000518799,37678382.0
2020-08-10,7.144700197519733,7.144700197519733,6.969765212494777,7.015800476074219,39987479.0
2020-08-11,7.015800541146848,7.241374441129306,7.015800541146848,7.149303913116455,55512205.0
2020-08-12,7.181526882141501,7.24597673137357,7.048024149851628,7.158509254455566,71099896.0
2020-08-13,7.236770465796042,7.402498146320727,7.181527905621147,7.222959518432617,92106294.0
2020-08-14,7.218355441363927,7.411704374049605,7.163112889168018,7.213751792907715,57839341.0
2020-08-17,7.26439131785634,7.494568228596486,7.2275627416965955,7.439326286315918,60114740.0
2020-08-18,7.43472350228758,7.5406049795938985,7.3426523584980075,7.3610663414001465,35821555.0
2020-08-19,7.384082206462923,8.037785511392276,7.301218995915142,7.908886432647705,216715660.0
2020-08-20,7.977939574013913,8.525761444901612,7.941111615818658,8.484329223632812,334759516.0
2020-08-21,8.73752517227144,8.811181710184362,7.6234679619306345,7.641881942749023,378512680.0
2020-08-24,7.660296097979531,7.9365088897411,7.646485765711144,7.7569708824157715,133477407.0
2020-08-25,7.807609523237219,7.835230186823915,7.5866392974287695,7.6326751708984375,69731746.0
2020-08-26,7.6602957845860455,7.692520711413092,7.512982096793559,7.5452070236206055,35235585.0
2020-08-27,7.632675453164499,7.706331378305391,7.586639577992366,7.701728343963623,52248420.0
2020-08-28,7.7155384806619445,7.793799282078673,7.6234679619306345,7.641881942749023,64005025.0
2020-08-31,7.63267585037292,7.63267585037292,7.356462428883984,7.3656697273254395,37768843.0
2020-09-01,7.402498484399634,7.508379960463987,7.25518477899216,7.453137397766113,36422309.0
2020-09-02,7.453136204524889,7.499171461189766,7.365668725150159,7.374876022338867,27591844.0
2020-09-03,7.384083643698962,7.407101889597267,7.282806434943471,7.301220417022705,24847844.0
2020-09-04,7.292011979664507,7.411704381082318,7.255183406619185,7.370272159576416,28171444.0
2020-09-07,7.388686648149626,7.439326170067735,7.365669018899226,7.4163079261779785,18578455.0
2020-09-08,7.416307386912689,7.457739608262216,7.292011952142733,7.2966156005859375,29271354.0
2020-09-09,7.315030364533192,7.862851634593283,7.292012121781682,7.8076090812683105,144751103.0
2020-09-10,7.766177918480166,7.766177918480166,7.476154804229736,7.476154804229736,75462576.0
2020-09-11,7.471551681517334,7.591243485913082,7.3840835771706566,7.46694803237915,50359673.0
2020-09-14,7.512982279765346,7.58663943277512,7.489964649939556,7.503775596618652,26248502.0
2020-09-15,7.526792881735611,7.595846382689871,7.379479811741387,7.471550941467285,44168544.0
2020-09-16,7.508379215194391,7.5360004938016845,7.44853300910536,7.457740306854248,21254548.0
2020-09-17,7.425515223733881,7.434722521289784,7.374876316455128,7.4163079261779785,19715276.0
2020-09-18,7.43011977787895,7.494569024705402,7.41170579516274,7.425516128540039,24378704.0
2020-09-21,7.416308366845643,7.4347229630516205,7.241374005364606,7.26899528503418,21242431.0
2020-09-22,7.264391838224828,7.342652030360834,7.236770557786272,7.301220417022705,18715543.0
2020-09-23,7.315031364561688,7.370273310799389,7.292013118663384,7.301220417022705,22335761.0
2020-09-24,7.282806934605482,7.384084150309444,7.278203285109972,7.347256183624268,23185008.0
2020-09-25,7.384084124159589,7.448533987589585,7.347256157604834,7.402498722076416,32262216.0
2020-09-28,7.384083111885408,7.384083111885408,7.305823540025193,7.310427188873291,18782680.0
2020-09-29,7.301220252800851,7.379480443176599,7.273598972983564,7.28740930557251,24984155.0
2020-09-30,7.305822718553255,7.342650675918352,7.305822718553255,7.338047027587891,21556073.0
2020-10-01,7.356461269499224,7.416307470658042,7.328839993167409,7.333443641662598,27408892.0
2020-10-02,7.305824192394567,7.361066139586453,7.2920132446170305,7.328841209411621,16703736.0
2020-10-05,7.356462692014753,7.388687623073075,7.347256007883401,7.3610663414001465,15187487.0
2020-10-06,7.370272373744513,7.453136204524889,7.361065076555804,7.374876022338867,38761240.0
2020-10-07,7.351858032748814,7.42091153476539,7.347254998635149,7.397893905639648,28663733.0
2020-10-08,7.416307930951777,7.582035599228566,7.351858077297685,7.5452070236206055,100565605.0
2020-10-09,7.549811059188216,7.692521105511011,7.54520741017145,7.664899826049805,68138329.0
2020-10-12,7.6372797603786475,7.641882795117136,7.471552070609944,7.489965438842773,62644820.0
2020-10-13,7.480757739275926,7.480757739275926,7.379479925266927,7.397893905639648,24954678.0
2020-10-14,7.388686769063835,7.918094709044116,7.384083120210545,7.697124481201172,224242662.0
2020-10-15,7.687917030612084,7.687917030612084,7.48996443633272,7.499171733856201,57447250.0
2020-10-16,7.517586112250719,7.637279142474553,7.503775779873721,7.591243267059326,51181032.0
2020-10-19,7.53139754204404,7.53139754204404,7.448533698552166,7.462344646453857,34754181.0
2020-10-20,7.4623434862453655,7.466947134830177,7.411704581091101,7.430118560791016,22111257.0
2020-10-21,7.462344289798867,7.471551587959943,7.384083484708525,7.3886871337890625,19497121.0
2020-10-22,7.379479511975168,7.397893491316605,7.328839993167409,7.333443641662598,22828890.0
2020-10-23,7.324236876605851,7.3518575379864535,7.24137304854611,7.2966156005859375,19569025.0
2020-10-26,7.26439119835753,7.26439119835753,6.997385715849865,7.001989364624023,30095800.0
2020-10-27,7.020403770763295,7.199941781366289,6.951350878881956,7.140096187591553,28464345.0
2020-10-28,7.089456630611042,7.107870610505201,6.997385501861572,6.997385501861572,8788101.0
2020-10-30,6.9651606163538755,6.9651606163538755,6.799433567069202,6.859279155731201,25321765.0
2020-11-02,6.877693535372996,7.066438838925074,6.8730898864454915,6.951350688934326,25650121.0
2020-11-03,6.988180046645468,7.121682807265195,6.96055876463313,7.066439628601074,28736078.0
2020-11-04,7.089457701124444,7.158510597134082,7.052629121135646,7.149303913116455,28050953.0
2020-11-05,7.149303446582514,7.241373968587224,7.084853589467706,7.121682167053223,28298046.0
2020-11-06,7.107871482731329,7.1539073600749195,7.08025020218094,7.11707878112793,15652049.0
2020-11-09,7.209148598068743,7.660295726296397,7.172320022741022,7.582035541534424,109679843.0
2020-11-10,7.466947964063492,7.8214203395088635,7.466947964063492,7.761574745178223,102438721.0
2020-11-11,7.798403050192641,8.074615225249646,7.784592103388134,8.051597595214844,88067700.0
2020-11-12,8.056202121809417,8.424485471766577,7.964130977000404,8.217326164245605,158964442.0
2020-11-13,8.221927914049639,8.304791747035251,8.111443418041503,8.189702987670898,71991444.0
2020-11-16,8.267963256569228,8.355430118025385,8.194306111099728,8.198909759521484,75098912.0
2020-11-17,8.175892831311316,8.175892831311316,7.881266068152705,7.890473365783691,48073200.0
2020-11-18,7.881265574579386,8.15747772517792,7.881265574579386,8.129857063293457,61846400.0
2020-11-19,8.134460740837186,8.318602394019901,8.042390221565514,8.272567749023438,80235687.0
2020-11-20,8.295584351070634,8.40146642638298,8.180496207712588,8.208117485046387,59462900.0
2020-11-23,8.212722311876549,8.314000138416322,7.996355096189736,8.083823204040527,49099932.0
2020-11-24,8.157478965406368,8.309396316703719,8.148272281591575,8.300189018249512,66690638.0
2020-11-25,8.406070746095546,8.627040367766437,8.406070746095546,8.553383827209473,96811190.0
2020-11-26,8.617832611792638,8.663868485004059,8.47972622143709,8.627039909362793,49208719.0
2020-11-27,8.64545377514191,8.820388738817403,8.521158332790947,8.70069694519043,98549899.0
2020-11-30,8.516555045402823,8.62704016090877,8.369241967821143,8.39225959777832,58406929.0
2020-12-01,8.479724946820896,8.63624590878956,8.442897605993988,8.567193031311035,45832878.0
2020-12-02,8.56259181621026,8.719112208013682,8.53497053444263,8.557988166809082,40148003.0
2020-12-03,8.511950499598909,8.571797314604646,8.360033789105032,8.484329223632812,49377986.0
2020-12-04,8.576399882801839,8.806576760263871,8.507347003955012,8.640849113464355,111606838.0
2020-12-07,8.631644152247016,8.967702546376293,8.631644152247016,8.88023567199707,128538438.0
2020-12-08,8.990720118807307,9.059773006248623,8.788163875961946,8.792767524719238,58215682.0
2020-12-09,8.815785153866344,8.871027709675136,8.778956578447362,8.792767524719238,28942515.0
2020-12-10,8.797371790020172,9.04596330858171,8.797371790020172,8.990720748901367,48307539.0
2020-12-11,8.972306272758503,9.354400546558816,8.949288641689957,9.345193862915039,102769457.0
2020-12-14,9.464885732764259,9.787133799228167,9.464885732764259,9.639820098876953,57712382.0
2020-12-15,9.667440845120337,10.008102853156977,9.529334459527286,9.989688873291016,81181639.0
2020-12-16,10.063346357522384,10.183038774550203,9.897618679163587,10.017311096191406,74420647.0
2020-12-17,10.118588503806047,10.173831061003277,9.916032255869746,9.952860832214355,41820212.0
2020-12-18,9.934445817539023,10.063345521986557,9.79634004501268,9.916031837463379,32054694.0
2020-12-21,9.667441927491021,9.842376292401719,9.37281514345242,9.575370788574219,62615924.0
2020-12-22,9.667441046001024,9.722683601386136,9.602991193171944,9.612197875976562,35121709.0
2020-12-23,9.593783805623229,9.943653114896517,9.575369825547586,9.916031837463379,42343399.0
2020-12-24,9.971274851048122,9.989689446610255,9.833168457528993,9.842375755310059,26900713.0
2020-12-25,9.842375774372554,9.925239610644521,9.768718621260113,9.78713321685791,13293378.0
2020-12-28,9.79634046761948,10.017310696617065,9.759511891240091,9.925239562988281,36782403.0
2020-12-29,9.971275286850004,10.109381686405175,9.934446708755491,10.08176040649414,31728816.0
2020-12-30,10.137002484658668,10.183038358749272,9.934446236722367,9.952860832214355,36297310.0
2020-12-31,9.943653515843993,10.035724649213384,9.925239535025861,10.008103370666504,20531882.0
2021-01-04,10.026516465120489,10.164622845646011,9.971273912910279,10.100172996520996,36329083.0
2021-01-05,9.99889642796916,10.367180359884038,9.989689744552877,10.210659980773926,76892284.0
2021-01-06,10.422422977137284,10.486871605329316,10.256694684406694,10.302730560302734,44477622.0
2021-01-07,10.321144466838522,10.376388258369243,10.19224597443672,10.265902519226074,23931670.0
2021-01-08,10.321142528976493,10.394799674575662,10.23827931579622,10.348764419555664,24056711.0
2021-01-11,10.265901072137142,10.385592863718072,10.054138766207702,10.164623260498047,32841123.0
2021-01-12,10.201452913595128,10.265902157525275,10.07255319645603,10.090967178344727,31011519.0
2021-01-13,10.146210196701784,10.210660054276671,9.906825362646146,10.017311096191406,31994319.0
2021-01-14,10.035724700223383,10.219866353258762,9.980482142848834,10.127795219421387,37171127.0
2021-01-15,10.072553116367644,10.09096709810993,9.731891688258058,9.823962211608887,26538743.0
2021-01-18,9.842374870191223,10.04493110068331,9.59378338421247,9.93444538116455,35256648.0
2021-01-19,10.035724658585782,10.192245032284491,9.943653525130404,9.98048210144043,29458758.0
2021-01-20,10.008103370666504,10.238280282130932,9.980482092119622,10.008103370666504,46954502.0
2021-01-21,10.081760840521651,10.100174823041945,9.851583907780006,9.860791206359863,25124820.0
2021-01-22,9.814754476606232,9.89761831271771,9.685855380868167,9.842375755310059,24236464.0
2021-01-25,9.86999711179494,9.888411707502188,9.621405601501465,9.621405601501465,22959181.0
2021-01-26,9.52933515011974,9.584577093721018,9.38202145659819,9.428056716918945,26517078.0
2021-01-27,9.428056737881715,9.612198394213543,9.115015983581543,9.115015983581543,39876116.0
2021-01-28,9.059772900047601,9.437263488769531,8.871027605686637,9.437263488769531,34674745.0
2021-01-29,9.299158064264612,9.382021905591193,9.142637679971985,9.15184497833252,21712999.0
2021-02-01,9.216293710422416,9.271535649911291,9.105807987526664,9.138032913208008,20777449.0
2021-02-02,9.225500962256138,9.317571481724599,9.142637125950898,9.243915557861328,20291292.0
2021-02-03,9.299157134185654,9.382020967224397,9.184068989386857,9.326778411865234,21149898.0
2021-02-04,9.372814284424102,9.492506077942721,9.317571114425592,9.326778411865234,28489286.0
2021-02-05,9.437264510513922,9.474093089488507,9.262329528683903,9.271536827087402,16504880.0
2021-02-08,9.34519345482703,9.437263975080656,9.216294357688326,9.280743598937988,26453168.0
2021-02-09,9.326779266674317,9.676648611135118,9.299157986463216,9.575370788574219,53594989.0
2021-02-10,9.621405181919545,9.713476312522511,9.418849555088109,9.584576606750488,33517827.0
2021-02-11,9.593784705588416,9.81475494578209,9.538542760179396,9.741098403930664,38568488.0
2021-02-12,9.575369966971442,9.676647780842323,9.428056280272507,9.446470260620117,32331292.0
2021-02-15,9.584576485035274,9.722683486505566,9.538541842277413,9.6858549118042,32408978.0
2021-02-16,9.722684499099516,9.888412180556793,9.48329966056829,9.547749519348145,50086743.0
2021-02-17,9.602991071784968,9.612197754473211,9.391228150365288,9.400435447692871,30984324.0
2021-02-18,9.455677494278465,9.584576585120242,9.354399681091309,9.354399681091309,42017010.0
2021-02-19,9.428055660046615,9.501712805870213,9.382020404886351,9.474091529846191,24607863.0
2021-02-22,9.529336179114535,9.529336179114535,9.28995132446289,9.28995132446289,23497446.0
2021-02-23,9.382020861163012,9.750304149634509,9.33598560376391,9.372814178466797,81515203.0
2021-02-24,9.372814339229679,9.566163284117312,9.308364486054018,9.446470260620117,30500722.0
2021-02-25,9.547748061030479,9.649025868238786,9.35439912886233,9.474091529846191,39743900.0
2021-02-26,9.234709275238606,9.446471616223164,9.234709275238606,9.308365821838379,34975171.0
2021-03-01,9.437264323664362,9.75951238573367,9.42805702544316,9.741098403930664,38308473.0
2021-03-02,9.741098944583038,10.044933041712799,9.695063680200764,9.90682601928711,58471161.0
2021-03-03,9.980482625927344,9.998896607730352,9.704269825685252,9.741098403930664,34481440.0
2021-03-04,9.741098403930664,9.833168927585096,9.63981996741563,9.741098403930664,26246640.0
2021-03-05,9.8699974732843,9.980482593016815,9.741098371809501,9.823962211608887,47980324.0
2021-03-08,9.90682497688627,10.127795206093685,9.842375736460353,9.897618293762207,63429814.0
2021-03-09,9.962068417541186,9.989690313280763,9.842376609200146,9.860791206359863,27824678.0
2021-03-10,9.851583491542016,9.980482593016815,9.796340931675758,9.823962211608887,23654911.0
2021-03-11,9.869996507100367,9.980481616017382,9.81475395264186,9.851582527160645,30031190.0
2021-03-12,9.851583470187778,9.962067975041407,9.814754892143636,9.879204750061035,29346072.0
2021-03-15,9.860788880613326,9.943652089730401,9.79633903503418,9.79633903503418,18480105.0
2021-03-16,9.777926808127699,9.805548089396517,9.685856280324593,9.722684860229492,16254700.0
2021-03-17,9.731892360248331,9.81475559113005,9.474093524858242,9.48330020904541,30007236.0
2021-03-18,9.501714743714556,9.630613853235445,9.418850898742676,9.418850898742676,27223630.0
2021-03-19,9.382020550732701,9.409642441825426,9.197878912589793,9.262328147888184,24852443.0
2021-03-22,8.746732594502687,8.783560556663678,8.337017059326172,8.337017059326172,37165492.0
2021-03-23,7.733954643504087,8.387657548751458,7.536002004691159,8.162083625793457,46946284.0
2021-03-24,8.286378446527975,8.502745036854341,8.17589332681754,8.479726791381836,34111119.0
2021-03-25,8.627041263187792,8.990721583968948,8.562592014000877,8.69149112701416,60107831.0
2021-03-26,8.7927681141807,8.894046549712696,8.484330387797577,8.617833137512207,29977668.0
2021-03-29,8.585608931393406,8.677679455313031,8.488934143710516,8.539573669433594,26572805.0
2021-03-30,8.516555333936223,8.594816138937157,8.277171728415732,8.332413673400879,40600182.0
2021-03-31,8.337017773764014,8.410674933676775,8.267964877815157,8.286378860473633,26501545.0
2021-04-01,8.313999372323405,8.530365953433707,8.313999372323405,8.502744674682617,27776245.0
2021-04-02,8.56259124580406,8.608626507470275,8.43369214435502,8.479726791381836,16575405.0
2021-04-05,8.465916360110633,8.521158919322279,8.406070766497507,8.498141288757324,13167455.0
2021-04-06,8.511952108756024,8.571798935075611,8.369242668151855,8.369242668151855,16806041.0
2021-04-07,8.369242404917406,8.410674632715684,8.277171880280179,8.373846054077148,13122277.0
2021-04-08,8.37845000304487,8.419881617686299,8.281775825788586,8.286378860473633,13193026.0
2021-04-09,8.286379711766026,8.286379711766026,8.060805788808025,8.162083625793457,16264066.0
2021-04-12,8.125253977126354,8.143667957870228,8.010165214538574,8.010165214538574,12856627.0
2021-04-13,8.023976521632678,8.070011782880634,7.812212967685413,7.954923629760742,16948694.0
2021-04-14,8.000957179861077,8.198909759521484,7.982543200813356,8.198909759521484,20309681.0
2021-04-15,8.240342140197754,8.401466150242513,8.221927546154248,8.240342140197754,34796300.0
2021-04-16,8.198911566500136,8.378450206681793,8.162082985648642,8.217326164245605,18656274.0
2021-04-19,8.226531952262969,8.304792140237048,8.028579350540664,8.051597595214844,18880596.0
2021-04-20,8.070010640122062,8.157477501179505,7.918093930732425,7.968732833862305,14152208.0
2021-04-21,7.918095194270826,8.010165718421291,7.720142583924279,7.826024055480957,21294966.0
2021-04-22,7.724746642474641,8.042391073979969,7.6280724640649975,7.964130878448486,21825034.0
2021-04-26,7.922698061388745,7.98254365032367,7.844437263090491,7.941112041473389,23073379.0
2021-04-27,7.954924194329124,8.03318377522117,7.899681016415767,7.964130878448486,21934311.0
2021-04-28,7.936509100336216,8.111444077973566,7.936509100336216,8.019372940063477,23126971.0
2021-04-29,8.056201748089963,8.14366862476566,8.033183501975921,8.097633361816406,19112744.0
2021-04-30,8.106840143377246,8.175893033398374,8.056201234433875,8.079218864440918,24401685.0
2021-05-03,8.102236486242573,8.364638328552246,8.097632837317951,8.364638328552246,36236914.0
2021-05-04,8.369242527377239,8.415277790369446,8.258757404484408,8.300189018249512,28326949.0
2021-05-05,8.318602607326689,8.475123600452934,8.267964312140291,8.406070709228516,44466079.0
2021-05-06,8.406070175208164,8.530365617371638,8.369241600111152,8.442898750305176,38564162.0
2021-05-07,8.507347944489164,8.898648863826873,8.507347944489164,8.89404582977295,69239149.0
2021-05-10,8.95389274497981,8.990721325341099,8.834200319785195,8.871028900146484,38771887.0
2021-05-11,8.778957781229566,8.820390011082361,8.67767995325075,8.815786361694336,32876900.0
2021-05-12,8.792766931527481,9.096600967978107,8.723714048744721,9.078186988830566,28828793.0
2021-05-17,9.105807772072536,9.40043513021131,9.101204123564223,9.317570686340332,40038796.0
2021-05-18,9.372814275953955,9.483298771933086,9.207086610026236,9.354399681091309,31617705.0
2021-05-20,9.29915759977275,9.455677976247202,9.184069449211758,9.22550106048584,36373533.0
2021-05-21,9.299156576814287,9.566162654806034,9.299156576814287,9.474091529846191,51059575.0
2021-05-24,9.529336088539015,9.538543387365625,9.363608397496694,9.48330020904541,16693159.0
2021-05-25,9.510921124922149,9.520128423394478,9.105809211730957,9.105809211730957,29370145.0
2021-05-26,9.179465400139843,9.2623286190761,8.953891528521904,9.133429527282715,43404298.0
2021-05-27,9.128826296534958,9.234708378707067,8.912460327148438,8.912460327148438,40968893.0
2021-05-28,8.930873853866418,9.045962613463269,8.838802723261066,8.986116409301758,36728286.0
2021-05-31,8.986116770557194,9.068980607041457,8.940080896084133,8.963098526000977,23346134.0
2021-06-01,9.032151119002748,9.115014947125646,8.958494587773277,9.078186988830566,27432902.0
2021-06-02,9.082792008238451,9.409643721618492,9.082792008238451,9.345193862915039,58152577.0
2021-06-03,9.382022380510472,9.48330020904541,9.271537253148924,9.48330020904541,41755091.0
2021-06-04,9.56616466920601,9.56616466920601,9.4096442769903,9.48330020904541,36715308.0
2021-06-07,9.44646963918286,9.602990613078521,9.382020404886351,9.474091529846191,28360318.0
2021-06-08,9.483300621527508,9.57537176987997,9.428058055443925,9.520129203796387,30777740.0
2021-06-09,9.556955986623832,9.593783947319052,9.43726357776599,9.446470260620117,26780824.0
2021-06-10,9.474092998904469,9.556956839825448,9.428057121966543,9.492506980895996,18841739.0
2021-06-11,9.575370799591024,9.713477200805421,9.52933553739936,9.547749519348145,39542755.0
2021-06-14,9.584577472218315,9.676648611135118,9.47409296601332,9.575370788574219,36258810.0
2021-06-15,9.538541378782012,9.630611889102543,9.391227701774127,9.474091529846191,31324797.0
2021-06-16,9.510921490885796,9.630613917073953,9.474093524858242,9.48330020904541,27251994.0
2021-06-17,9.464885580457185,9.602991980239253,9.446470984059976,9.566164016723633,31206483.0
2021-06-18,9.612197862774861,9.621405160206185,9.289949828350746,9.354399681091309,25639383.0
2021-06-21,9.29915858680152,9.30836588567943,9.10580961284153,9.170259475708008,27243573.0
2021-06-22,9.253122329711914,9.317571571029681,9.179465790503304,9.253122329711914,27893719.0
2021-06-23,9.29915759977275,9.354400157897778,9.170258502360813,9.22550106048584,26030543.0
2021-06-24,9.243914610899783,9.29915654813816,9.197878741242167,9.216293334960938,14440741.0
2021-06-25,9.24391535759254,9.271536021123179,9.055170059204102,9.055170059204102,16102023.0
2021-06-28,9.059773953133593,9.09199888316328,8.838803706803647,8.875632286071777,25075225.0
2021-06-29,8.875631093262314,8.88944203912157,8.723714376646502,8.797370910644531,28922061.0
2021-06-30,8.820389960198616,8.894047120703233,8.677679903190283,8.723715782165527,28713097.0
2021-07-01,8.732921658392154,8.87563107751527,8.732921658392154,8.85261344909668,16810990.0
2021-07-02,8.866423885879737,8.976908995316164,8.806577682495117,8.806577682495117,18163194.0
2021-07-05,8.806577796817225,8.986116409301758,8.788163816551895,8.986116409301758,15158157.0
2021-07-06,9.018341111277717,9.055169685531059,8.85261344909668,8.85261344909668,16036559.0
2021-07-07,8.880236198896666,8.95389274497981,8.857218566660649,8.871028900146484,13484940.0
2021-07-08,8.852613472730194,8.93547730404193,8.75593931018617,8.769749641418457,15494479.0
2021-07-09,8.769749773612059,8.907856161213411,8.73752484739852,8.89404582977295,17819207.0
2021-07-12,8.89864892320717,8.90785622065515,8.668472018761856,8.70069694519043,17352531.0
2021-07-13,8.709904694436231,8.760544221961046,8.640851184400208,8.654662132263184,15054872.0
2021-07-14,8.696093802162054,8.755940009775394,8.686886504178652,8.746732711791992,16129897.0
2021-07-16,8.746733414333432,8.778957730584839,8.68228355255175,8.723715782165527,10825997.0
2021-07-19,8.69609384278057,8.69609384278057,8.622436687848083,8.636247634887695,4664205.0
2021-07-26,8.650059708035196,8.673077343093922,8.456710713046586,8.475125312805176,19031124.0
2021-07-27,8.456708800337887,8.516555006738475,8.378449227622403,8.502744674682617,19472152.0
2021-07-28,8.498139912053341,8.56258975890581,8.447501010086098,8.461311340332031,18230023.0
2021-07-29,8.521158858069628,8.673075587489937,8.521158858069628,8.66386890411377,23116380.0
2021-07-30,8.64085066926151,8.69609384278057,8.581005076008022,8.636247634887695,20986021.0
2021-08-02,8.682282153708067,8.811181241864453,8.673074856468563,8.797370910644531,20442079.0
2021-08-03,8.80197508556356,8.80197508556356,8.705300910574906,8.755940437316895,20364176.0
2021-08-04,8.774353835487785,8.843406725220476,8.705300331115723,8.705300331115723,19666206.0
2021-08-05,8.723714409873162,9.02294481026407,8.709903463961302,8.999926567077637,59084816.0
2021-08-06,9.009133332600225,9.073583180439494,8.898648230383934,9.036754608154297,30137856.0
2021-08-09,9.055170420830374,9.11501601372256,8.995323598659418,9.03215217590332,24029887.0
2021-08-10,9.032150928640885,9.207085878093173,9.018340598231125,9.174860954284668,36316217.0
2021-08-11,9.179465830685897,9.184069479651471,8.848010480837154,8.884839057922363,52512978.0
2021-08-12,8.986117764346846,9.156448490424397,8.981514114926476,9.050567626953125,70567721.0
2021-08-13,9.05977253032278,9.262328147888184,9.055169496446648,9.262328147888184,48001695.0
2021-08-16,9.289949424341586,9.326777997825896,9.225500189043196,9.262328147888184,27132259.0
2021-08-17,9.243915665963254,9.45567798614502,9.14724088182357,9.45567798614502,45960950.0
2021-08-18,9.48329920549884,9.538542377973082,9.345193425551047,9.363607406616211,42111069.0
2021-08-19,9.262328924187772,9.354400058295607,9.216294279092915,9.243915557861328,28527401.0
2021-08-20,9.243916485191585,9.317572416443864,9.045963865053208,9.128827095031738,41988758.0
2021-08-23,9.188672920108464,9.262329462895053,9.156447990564518,9.207087516784668,23502381.0
2021-08-24,9.262329022809606,9.326778878835265,9.216294377224589,9.22550106048584,22595692.0
2021-08-25,9.289949888180713,9.317571166013222,9.15184411365752,9.161050796508789,30064132.0
2021-08-26,9.170259071758421,9.253122914091126,9.096602527898046,9.105809211730957,25020226.0
2021-08-27,9.128827245396858,9.170259475708008,9.078188945486689,9.170259475708008,21606235.0
2021-08-31,9.216294328816149,9.382021387681375,9.20708703096388,9.363607406616211,50631518.0
2021-09-01,9.391229049351168,9.566164027485044,9.391229049351168,9.538542747497559,40444824.0
2021-09-02,9.556956253651636,9.695062646715874,9.492506398675202,9.667441368103027,35945959.0
2021-09-03,9.649027342025567,9.695063218856637,9.52933553739936,9.547749519348145,31929205.0
2021-09-06,9.566164093987224,9.63982002161336,9.51092091898881,9.602992057800293,20030353.0
2021-09-07,9.602990606208113,9.704268413343963,9.474091523068005,9.501712799072266,28330113.0
2021-09-08,9.50171325973892,9.612197754473211,9.400435447692871,9.400435447692871,30644656.0
2021-09-09,9.363607834457728,9.602992057800293,9.354400536184759,9.602992057800293,30284247.0
2021-09-10,9.612198797053411,9.639820077392741,9.464885711669922,9.464885711669922,19528026.0
2021-09-13,9.474092889313624,9.621405972820616,9.464885591104663,9.538542747497559,24723174.0
2021-09-14,9.584577375762175,9.83316889516033,9.575370692210731,9.823962211608887,66299023.0
2021-09-15,9.998895966125069,10.10938107913234,9.879204170126766,10.054139137268066,74855396.0
2021-09-16,10.05413926350219,10.173831061003277,9.952860832214355,9.952860832214355,33174540.0
2021-09-17,10.017310668395254,10.109381187125276,9.962067496662124,10.008103370666504,33155689.0
2021-09-20,9.90682497688627,9.943653553300628,9.787133179158499,9.897618293762207,31461997.0
2021-09-21,9.962066615995473,10.192244121751116,9.925238657614877,10.100172996520996,51988797.0
2021-09-22,10.1738309768788,10.219866235949384,10.04493188269755,10.201452255249023,35933737.0
2021-09-23,10.201452334638363,10.348765410666388,10.164623758311672,10.238280296325684,42483973.0
2021-09-24,10.201452255249023,10.302730071060052,10.08175984409827,10.201452255249023,37084075.0
2021-09-27,10.247487477971617,10.36717988869782,10.192244921427118,10.31193733215332,35753340.0
2021-09-28,10.339558580164804,10.477664364692252,10.321143983849627,10.394801139831543,57412418.0
2021-09-29,10.385594619372856,10.404009217066964,10.247488824503705,10.376388549804688,35160398.0
2021-09-30,10.376387289924706,10.606563586759082,10.367179992195585,10.551321029663086,55524329.0
2021-10-01,10.523699873719783,10.643391050766013,10.440836656589417,10.450042724609375,29073359.0
2021-10-04,10.477664679893078,10.726256820511221,10.477664679893078,10.680221557617188,44470720.0
2021-10-05,10.707840888774466,11.131366729736328,10.671012928906077,11.131366729736328,74224948.0
2021-10-06,11.112953666496917,11.186609588235703,10.891983442723143,10.956433296203613,59807755.0
2021-10-07,11.03009053848835,11.352338615192211,10.97484797593115,11.333925247192383,49909524.0
2021-10-08,11.343131163026987,11.389166421332833,11.23264605138147,11.324716567993164,32631053.0
2021-10-11,11.40758196627947,11.646965575259163,11.38916736971226,11.582515716552734,38724784.0
2021-10-12,11.527273112811354,11.757450651921262,11.527273112811354,11.693000793457031,37380819.0
2021-10-13,11.711414559909969,11.739035223420567,11.158988996910804,11.306302070617676,55172418.0
2021-10-14,11.361544653005655,11.600929473947867,11.352337355388075,11.508857727050781,45937101.0
2021-10-15,11.646964435073107,11.886349249896899,11.573307285293781,11.877141952514648,47242671.0
2021-10-18,11.895554874325368,11.950797427279777,11.628549406592159,11.923176765441895,55554135.0
2021-10-19,12.061283909250053,12.088904574239155,11.92317812574698,11.987627983093262,28147812.0
2021-10-20,11.969212904120784,12.236218391546403,11.923177644809986,12.144147872924805,40890556.0
2021-10-21,12.144146996011257,12.59529348810335,12.10731780779902,12.5492582321167,58753919.0
2021-10-22,12.540052310702194,12.917542926337669,12.429567192502601,12.816265106201172,57056041.0
2021-10-25,12.797851537319783,13.092478952593805,12.76102357139011,13.055649757385254,41353823.0
2021-10-26,13.046443586370764,13.120099517657124,12.77023077084974,12.871508598327637,46995718.0
2021-10-27,12.871506042136513,13.11089084447421,12.788642828575696,13.009613037109375,39760210.0
2021-10-28,12.972786425805534,13.000408321997071,12.871508598327637,12.871508598327637,9769452.0
2021-11-01,12.871509462806422,12.899130131574156,12.521640692501085,12.687368392944336,27324675.0
2021-11-02,12.788643033053065,12.981991353972164,12.770228438954618,12.91754150390625,34803937.0
2021-11-03,12.9267506202428,13.138513565063477,12.558467291392875,13.138513565063477,39013296.0
2021-11-04,13.1661354600986,13.479176228157096,13.138513565063477,13.138513565063477,38629101.0
2021-11-05,12.889921821015335,13.488382652602295,12.797850072808984,13.377896308898926,48402130.0
2021-11-08,13.442345393876492,13.626487650462709,13.359482177443828,13.589659690856934,30648562.0
2021-11-09,13.589661661355972,14.215743211829247,13.571247064243636,14.086843490600586,42963424.0
2021-11-10,14.307814263887568,14.53799057006836,13.994772274779878,14.53799057006836,51702175.0
2021-11-11,14.537992636341896,14.95231250491185,14.344643036534862,14.409092903137207,75125883.0
2021-11-12,14.409092328299847,14.501164089463918,14.206536666440927,14.326229095458984,32397484.0
2021-11-15,14.363053708598153,14.703716318019337,14.105255541947976,14.169705390930176,52365950.0
2021-11-16,14.270983198211367,14.298605088894577,13.773800229421196,14.169705390930176,54963699.0
2021-11-17,14.197327306652518,14.63926776239983,14.123671383547121,14.565611839294434,42682276.0
2021-11-18,14.565612035871936,14.841823595163024,14.307813842966338,14.528782844543457,49941171.0
2021-11-19,14.60244043324147,14.823410670684781,14.206535219609073,14.280192375183105,36462769.0
2021-11-22,14.36305643743705,14.6208558823452,14.197328749687037,14.556406021118164,28566776.0
2021-11-23,14.5379903838492,15.550769805908203,14.363055409969537,15.550769805908203,68865489.0
2021-11-24,15.698082914714684,16.480686034981122,14.611647565333943,14.722132682800293,69587448.0
2021-11-25,14.82341104466856,15.035173989347895,14.344641365276521,14.455127716064453,41756085.0
2021-11-26,14.160498748593108,14.160498748593108,13.52520998485706,13.718558311462402,46335107.0
2021-11-29,13.976357371143695,14.372261311812048,13.829043076250743,14.307812690734863,38028949.0
2021-11-30,14.206535246679579,14.206535246679579,13.85666652291352,13.967151641845703,32546703.0
2021-12-01,14.224948473392555,14.537989203802194,14.151291324769657,14.473539352416992,38543946.0
2021-12-02,14.519574641059593,14.676095006606491,14.151291355697559,14.363054275512695,24245319.0
2021-12-03,14.639268936225903,14.639268936225903,14.27098560333252,14.27098560333252,23633603.0
2021-12-06,14.353848663615418,14.547198240895776,14.178914912291667,14.455127716064453,23267349.0
2021-12-07,14.584024723903962,15.053585827992398,14.565611358374941,15.035172462463379,34371484.0
2021-12-08,15.191693873121773,15.375834916722006,14.703718140735111,15.072001457214355,35634221.0
2021-12-09,15.09962478322896,15.302180442109213,14.878654526530905,15.173280715942383,37331154.0
2021-12-10,15.16407316982088,15.965089722653296,14.989138181240317,15.928261756896973,56573251.0
2021-12-13,16.591170988362855,17.484257987984353,16.388615351437387,17.364566802978516,58761731.0
2021-12-14,17.861748697038937,18.110340824906057,17.29090974544257,17.60395050048828,61315688.0
2021-12-15,17.806506058455092,18.165583301697286,17.39218748624507,17.824920654296875,45735508.0
2021-12-16,18.02747656433259,19.0218413985446,17.72364310401646,18.994220733642578,53232669.0
2021-12-17,19.16915450987524,20.329246948769182,17.10676658597634,17.180423736572266,61961221.0
2021-12-20,16.48068566773392,17.852542307491543,15.578391381384177,17.005489349365234,43601145.0
2021-12-21,17.033109668624853,17.171215434977753,15.311383247375488,15.311383247375488,31380958.0
2021-12-22,14.547200085592285,15.007553997404123,13.783011436462402,13.783011436462402,50067227.0
2021-12-23,13.82904585832131,14.086844082328788,12.521640140398064,13.156929016113281,81455164.0
2021-12-24,13.368691181436605,14.23415756225586,13.239791462441847,14.23415756225586,30555966.0
2021-12-27,14.289399223716238,15.081208396790323,14.013186435602313,14.068428993225098,39666291.0
2021-12-28,14.363055350109896,14.464334398244597,13.543624272036958,13.773801803588867,26860337.0
2021-12-29,13.773802506798457,14.491955802680154,13.552832261911782,14.381470680236816,29305843.0
2021-12-30,14.547197517931709,14.758960452086885,14.02239260220567,14.05001449584961,22036889.0
2021-12-31,14.105256995643803,14.547197457892812,13.939529322300425,14.215742111206055,22625211.0
2022-01-03,14.21574072566233,15.311383247375488,14.086841026976721,15.311383247375488,39196843.0
2022-01-04,15.385042110119928,16.011124850227382,15.154864577906359,15.606012344360352,50476923.0
2022-01-05,15.61522033487581,16.489894012656542,15.467907248608379,16.471479415893555,43477014.0
2022-01-06,16.24130183207034,17.410600361624038,16.112402123371876,17.208045959472656,47209372.0
2022-01-07,17.309322545908984,17.46584414759086,16.7753115743503,17.208045959472656,33196226.0
2022-01-10,17.217252205417736,17.64077806796808,17.079146426912565,17.226459503173828,38465021.0
2022-01-11,17.46584450745903,17.539500431708287,16.618791544362548,17.244873046875,36883476.0
2022-01-12,17.585535102003792,17.677606848146134,17.21725180527056,17.41980743408203,26342064.0
2022-01-13,17.281702180586173,17.907783681008553,17.18042436312248,17.410600662231445,33214853.0
2022-01-14,17.410600027286968,17.567120396684444,17.00548877220613,17.180423736572266,22866207.0
2022-01-17,17.392187295869977,17.760470603723068,17.37377270022976,17.410600662231445,26540045.0
2022-01-18,17.327737043500235,17.438222156253275,16.462270736694336,16.462270736694336,20200131.0
2022-01-19,16.351784402671292,17.263285900166952,15.91905251086662,17.198837280273438,39627469.0
2022-01-20,17.217250987864457,17.364565282986824,16.36099202555979,16.609582901000977,36454110.0
2022-01-21,16.462270541445296,16.701655359330587,16.084779948896053,16.499099731445312,35833490.0
2022-01-24,16.379407814589857,16.379407814589857,15.164071552208402,15.320591926574707,43074283.0
2022-01-25,15.339006289866575,15.596805706593386,14.924687730422193,15.46790599822998,29617112.0
2022-01-26,15.467905254015964,15.734910726254707,15.339005551854367,15.375833511352539,25030775.0
2022-01-27,15.007549927996358,15.900638069491192,14.96151467222587,15.854602813720703,24122574.0
2022-01-28,15.882224001544436,16.11240151729977,15.394248307368043,15.532355308532715,24738707.0
2022-01-31,15.808568449813558,15.983503428636526,15.679669962216744,15.762533187866211,21531818.0
2022-02-01,15.836189261983566,15.974295038384668,15.449491367070275,15.578391075134277,16394686.0
2022-02-02,15.652047604947311,15.955881062388508,15.587598977692828,15.606012344360352,21726026.0
2022-02-03,15.559977497099313,15.928260820856618,15.283764696961631,15.412664413452148,17232614.0
2022-02-04,15.559978100693073,15.762533752225194,15.237730026245115,15.237730026245117,22481557.0
2022-02-07,15.256144394232992,15.790155410766602,14.915481727752342,15.790155410766602,34094466.0
2022-02-08,15.882223881024268,17.033110221788906,15.799359435098534,16.91341781616211,55433063.0
2022-02-09,16.987074697234377,17.557914865949897,16.81214095679199,17.17121696472168,50861356.0
2022-02-10,17.17121736983755,17.58553594486046,17.023904289939434,17.493465423583984,38162376.0
2022-02-11,17.35535989331671,18.202411651611328,17.336945297082902,18.202411651611328,57151955.0
2022-02-14,17.953819997856442,18.276068064860002,17.521088038343116,17.84333610534668,54419456.0
2022-02-15,17.880163697775586,18.22082512514211,17.870956399604825,17.926198959350586,32936358.0
2022-02-16,18.027475178781035,18.303687952966047,17.76046970194864,18.009061813354492,38483459.0
2022-02-17,18.193203163335205,18.257653016658583,17.548707088658848,17.585535049438477,52067806.0
2022-02-18,17.686813533025692,17.880161857597564,17.46584331678431,17.70522689819336,26466034.0
2022-02-21,17.898574763624474,18.110338906489105,17.272493319853474,17.438220977783203,29107085.0
2022-02-22,17.171220905597334,17.429019155822473,16.839765485616862,16.95025062561035,37240770.0
2022-02-23,17.069940284342035,17.189632704713784,16.83976274197772,16.931833267211914,22323931.0
2022-02-24,15.71649638729165,15.928259309085385,15.246935286263632,15.36662769317627,28349594.0
2022-02-25,15.744118030287476,16.720069406281596,15.652046287584058,16.563549041748047,32173365.0
2022-02-28,16.37940857466153,17.861749165679175,16.14002373847595,17.76047134399414,62375138.0
2022-03-01,17.8433347420275,18.00906241204796,17.447429547654398,17.778884887695312,32128159.0
2022-03-02,17.870954560374397,18.46020806059186,17.61315638451901,17.70522689819336,44393580.0
2022-03-03,18.00906472405664,18.340518877371007,17.50267435132603,18.10113525390625,47374075.0
2022-03-04,18.064303666296404,18.30368848733843,17.92619788981127,17.999855041503906,32924878.0
2022-03-07,18.23003140946318,18.68117916050977,17.778884887695312,17.778884887695312,39784710.0
2022-03-08,17.86174751427003,18.11033962567588,17.81571225678564,18.009061813354492,35998837.0
2022-03-09,18.266862970826228,18.469418628491052,18.027478117746796,18.0458927154541,39361392.0
2022-03-10,18.009062217316615,19.02184036324818,17.83412725152902,18.9573917388916,80408132.0
2022-03-11,18.87452750335163,18.975806548367583,18.414173683702526,18.865320205688477,41299510.0
2022-03-14,18.892940576428302,18.93897583175617,18.67197036743164,18.67197036743164,16804333.0
2022-03-15,18.414173297103133,18.57069366625446,17.86174774169922,17.86174774169922,34687751.0
2022-03-16,18.045889873843493,18.13796038932429,17.59474213528593,17.6776065826416,29657530.0
2022-03-17,17.75126571217127,18.460211759796877,17.75126571217127,18.25765609741211,48389789.0
2022-03-18,18.432590662355324,18.487833226198358,18.0458927154541,18.0458927154541,21924049.0
2022-03-21,18.368139297631707,18.828493139159637,18.349724701430226,18.773250579833984,31743649.0
2022-03-22,18.80087204620009,19.17836142550792,18.708800296567166,19.021841049194336,37696736.0
2022-03-23,19.09549857454913,19.288848146189014,18.846907673045028,18.93897819519043,29295609.0
2022-03-24,18.985014335701646,19.362504969118753,18.902151107788086,18.902151107788086,35222453.0
2022-03-25,18.966600068740558,19.224398268034133,18.911357509657737,18.994220733642578,16945173.0
2022-03-28,18.99422163419845,19.279641741205193,18.718008825688514,18.902151107788086,20703165.0
2022-03-29,18.975804936779582,19.362501571560596,18.754834728745504,19.00342559814453,48404622.0
2022-03-30,19.12311799904276,19.178359321772657,18.966597639898392,19.00342559814453,19013827.0
2022-03-31,18.97580493964863,19.822855355109628,18.966597642766047,19.739992141723633,44738057.0
2022-04-01,19.739992850393946,21.17629925439635,19.47298737760661,20.936914443969727,68435262.0
2022-04-04,21.360443607030643,22.327187837899857,21.21312928724342,22.271944046020508,59785082.0
2022-04-05,22.373222786326856,22.769126766562,21.940489614048424,22.18907928466797,50932126.0
2022-04-06,22.124631682714377,22.824369154069608,22.078595190526293,22.161460876464844,45756739.0
2022-04-07,22.28115095699413,22.364016643371365,21.894454254797722,21.949695587158203,35312249.0
2022-04-08,22.115422891013903,22.575777947580296,22.097008295382047,22.483707427978516,33703439.0
2022-04-11,22.483708719481335,22.7230911007735,22.152253354741067,22.713886260986328,37257171.0
2022-04-12,22.74150293674306,23.422828180203286,22.60339593689413,23.321550369262695,49735322.0
2022-04-13,23.66221275942003,24.306708807664485,23.56093249091329,23.58855438232422,51252012.0
2022-04-14,23.846354387194648,24.06732460694722,23.422828542428448,23.864768981933594,31662113.0
2022-04-15,23.892390152457473,24.205430910105402,23.846356120820825,23.910804748535156,18955797.0
2022-04-18,23.94763314917275,24.140981484482744,23.100581426056596,23.15582275390625,49613830.0
2022-04-19,23.22948115694117,23.73587024001371,23.22027385919826,23.551729202270508,60254236.0
2022-04-20,23.61617647334832,23.846353986603653,23.293928446502328,23.432035446166992,42477603.0
2022-04-21,23.432038469367566,23.827942466454143,23.432038469367566,23.708250045776367,29695939.0
2022-04-22,23.80952747213786,24.08574150249279,23.072960822120717,23.386001586914062,48279427.0
2022-04-25,23.20185969004274,24.058118727406956,22.944060265619257,23.883182525634766,38458084.0
2022-04-26,23.846353694370816,23.846353694370816,22.32718409234866,22.557361602783203,51894465.0
2022-04-27,22.557363338889274,22.759918973607423,22.152252069452974,22.603397369384766,36291829.0
2022-04-28,22.65864048300436,22.934852033442866,21.912866592407227,21.912866592407227,29196027.0
2022-04-29,22.032560183332176,22.143045301143854,21.452512700181487,21.562997817993164,42377762.0
2022-05-05,22.410049529310022,23.017718905494046,22.327186305735058,22.584985733032227,40530483.0
2022-05-06,22.400840941383734,23.496484756469727,22.327185020064835,23.496484756469727,55191990.0
2022-05-09,23.192652650658705,23.33075966232201,22.382430093823398,22.584985733032227,59955476.0
2022-05-10,22.695470196752968,23.146615493688362,22.695470196752968,23.045337677001953,9994964.0
2022-05-11,22.69547234992679,23.2018614814012,22.428465606976285,23.183446884155273,54670539.0
2022-05-12,22.925642958015132,23.459656339520034,22.557360919324175,23.22947883605957,56208313.0
2022-05-13,23.395206059562344,23.745075975095503,23.257099061065013,23.58855438232422,34650042.0
2022-05-16,23.662215858651837,24.12256848301019,23.625386665280114,23.634593963623047,32115587.0
2022-05-17,23.800320746465747,23.993671555788787,23.514901869552947,23.662216186523438,25712911.0
2022-05-18,23.662214470021574,23.827940913353306,23.10978889465332,23.10978889465332,21854903.0
2022-05-20,22.99009781555989,23.284723986663355,22.833576202392578,22.833576202392578,16903026.0
2022-05-23,23.017720370043453,23.04533980728742,22.281151233345128,22.88882064819336,23332358.0
2022-05-24,22.89802548593366,23.09137381865072,22.465292332444314,22.502119064331055,16719290.0
2022-05-25,22.566570847671105,23.045338045510604,22.566570847671105,22.962474822998047,17288446.0
2022-05-26,22.96247617377315,23.75428662956306,22.778335122122535,23.487279891967773,26990397.0
2022-05-27,23.432038210875625,23.58855736488,23.036134218156487,23.054546356201172,20264888.0
2022-05-30,23.34917178357274,24.02128725750722,23.34917178357274,23.84635353088379,28965237.0
2022-05-31,24.67499356108633,25.7798447529432,24.63816682706282,24.96041488647461,81185468.0
2022-06-01,25.22741619387356,25.549664215435,24.905168172312113,24.9880313873291,30068003.0
2022-06-02,25.043276725074413,25.107725349966497,24.70261408822782,24.95120620727539,24242435.0
2022-06-03,25.043278181615207,25.45759676508669,25.015656287101752,25.255041122436523,27913396.0
2022-06-06,25.411560023672333,26.194163150600644,25.411560023672333,25.917951583862305,25767525.0
2022-06-07,26.010021966997815,26.378304054012567,25.650944719456632,26.369096755981445,21617638.0
2022-06-08,26.52561813371615,27.124077749199394,24.859134082910714,24.969621658325195,29989519.0
2022-06-09,25.015652595090273,25.660148620605465,24.905167491900322,25.66014862060547,26439063.0
2022-06-10,25.411561192133004,25.73380926409062,24.721031014256788,24.767065048217773,18078522.0
2022-06-13,24.711822582788862,25.21821168448933,24.628959358611976,25.00644874572754,17705646.0
2022-06-14,25.162968468715178,25.19979519972405,24.306709479758847,24.89596176147461,18133563.0
2022-06-15,24.895962531176817,25.006447644734035,24.546092595152714,24.6197509765625,13421989.0
2022-06-16,24.656577820336,24.886755346168727,24.00287689226691,24.28829574584961,16000614.0
2022-06-17,24.29750393154795,25.034070565996878,24.242260143221564,24.711822509765625,20792576.0
2022-06-20,24.803893125762528,24.93279284045509,23.671422504912492,23.975255966186523,33727505.0
2022-06-21,24.177809165102282,24.767061431957888,23.99366813902957,24.61054229736328,22493016.0
2022-06-22,24.389572468098017,24.628957280910093,24.06732443809941,24.536884307861328,19156396.0
2022-06-23,24.546092987060547,25.080103968020317,24.398781139003884,24.546092987060547,24467625.0
2022-06-24,24.63816820793872,24.886757896120837,24.35274686655365,24.57371711730957,17393915.0
2022-06-27,23.90159802293941,25.16297084033738,23.800320200644112,25.10772705078125,23401896.0
2022-06-28,25.310282174334073,25.678566721453947,24.297503972230153,24.601337432861328,28773374.0
2022-06-29,24.463231121060826,24.997242131617664,23.975256602171665,24.150190353393555,24569797.0
2022-06-30,24.159398607959265,24.555302617740647,23.699043507292156,24.352746963500977,30546852.0
2022-07-01,24.352744742952154,25.22741837104147,24.251466925067103,24.72102928161621,27957937.0
2022-07-04,24.859136099100155,25.291871762231114,24.343539664803014,24.352746963500977,26267381.0
2022-07-05,24.417194836464304,24.54609208413303,23.312343723893775,23.496484756469727,18210318.0
2022-07-06,23.496486863679735,23.551730653541334,22.336394320720053,22.538949966430664,35039137.0
2022-07-07,22.649434228276508,22.74150474932839,21.940489495186746,22.52053451538086,36190679.0
2022-07-08,22.437672362115453,22.677057203398704,22.30877264307388,22.382431030273438,6827471.0
2022-07-13,22.087800472446528,22.087800472446528,21.26837065477022,21.47092628479004,23382618.0
2022-07-14,21.480134441369184,21.66427548355867,20.96453804810411,20.973745346069336,18472391.0
2022-07-18,21.544582591460564,22.41925621032715,21.470926667927397,22.41925621032715,25911025.0
2022-07-19,22.281149685511448,23.0545455043278,22.152252431173334,22.52053451538086,27700183.0
2022-07-20,22.529739987575272,23.432035446166992,22.33639166317914,23.432035446166992,24611972.0
2022-07-21,23.478068922891733,23.57013943432244,22.861194775315916,22.934850692749023,22405544.0
2022-07-22,23.201860225427858,23.41362316517734,22.713885717614623,22.842782974243164,18294633.0
2022-07-25,22.787539098859753,23.3215500376508,22.75991720757126,23.293928146362305,12746027.0
2022-07-26,23.57935065222718,24.371161115889546,23.57014335369734,23.735872268676758,21295512.0
2022-07-27,23.88318432895628,23.98446461363653,23.505694920287986,23.69904327392578,18598195.0
2022-07-28,23.93842672552072,24.242260186181607,23.66221515907198,23.689834594726562,24773413.0
2022-07-29,23.708249148854275,24.711822509765625,23.570142136595866,24.711822509765625,33813339.0
2022-08-01,24.73944340028538,25.319488402835518,24.582921798268032,25.135347366333008,29951957.0
2022-08-02,25.18138233454891,25.393147730542797,24.721029726137882,24.93279266357422,27348475.0
2022-08-03,25.135347366333008,25.301073807473774,24.9972403596774,25.135347366333008,18688362.0
2022-08-04,25.319487607256992,25.494421340581933,24.895961761474606,24.89596176147461,24988166.0
2022-08-05,24.997242593695738,25.0709009817256,24.463231573267624,24.767065048217773,23502031.0
2022-08-08,24.960413458414376,25.31028093368743,24.923584267940395,25.181381225585938,26537203.0
2022-08-09,25.24582997170136,26.240195895425252,25.172171597572557,26.212574005126953,46803043.0
2022-08-10,26.24019800025719,26.44275362824477,26.046847211216857,26.17574691772461,23602719.0
2022-08-11,26.43354541783431,27.46473811716836,26.424338120647636,26.884693145751953,41745221.0
2022-08-12,27.12407582447982,27.252975528092485,26.811035092024703,27.032005310058594,25365039.0
2022-08-15,27.252976234385063,27.345046751192406,26.065261896311245,26.470373153686523,27123292.0
2022-08-16,27.621264030804447,27.805405086223267,26.56244927430967,27.612056732177734,111099205.0
2022-08-17,27.74095453328792,28.238136331911168,27.400291883364144,28.12765121459961,53171174.0
2022-08-18,28.164478554280304,30.42021478354783,28.053993444234948,30.29131507873535,68942468.0
2022-08-19,30.300522775822714,31.33171551081056,30.01510147028199,30.09796714782715,62908321.0
2022-08-22,29.49029842908505,30.51228634674319,29.195672278364558,29.757305145263672,45834859.0
2022-08-23,29.757304307318986,31.432993104572873,29.729682414997466,31.386959075927734,45030370.0
2022-08-24,31.5342723056978,32.18797570139917,31.1015391411788,31.396167755126953,41891766.0
2022-08-25,31.626339187373326,32.39052761075532,31.45140546554357,32.09590148925781,33600728.0
2022-08-26,32.215598412623564,32.565468363968854,31.331717465459697,31.644758224487305,35029974.0
2022-08-29,31.48823966870966,33.48617667706869,31.35013265346863,33.24679183959961,43688841.0
2022-08-31,33.4217287989447,33.513799324988625,32.593089147434014,33.0810661315918,38737804.0
2022-09-01,32.8140582109753,32.8140582109753,31.202817916870117,31.202817916870117,45936590.0
2022-09-02,31.414581801063125,31.911763583244007,30.99105348324409,31.00946807861328,34763365.0
2022-09-05,31.119953326328474,31.561893782863017,30.806912579376085,31.07391929626465,50828694.0
2022-09-06,31.304093201239393,31.976211158806755,30.843740624908726,30.917396545410156,54133198.0
2022-09-07,30.908188468431472,31.37775078885811,30.22686568922412,31.184402465820312,42174503.0
2022-09-08,31.423787212503466,31.920971462296894,30.77008627489369,30.8897762298584,40879244.0
2022-09-09,31.165986902782432,31.515856807939816,30.7977024038972,30.871360778808594,30932692.0
2022-09-12,31.037090301513675,31.479030760841162,30.72404955258295,31.037090301513672,49331667.0
2022-09-13,31.50665165950993,31.90255561742633,30.254486244760958,30.328142166137695,58902452.0
2022-09-14,30.337352155997696,31.396169334501874,29.214088806446508,31.368547439575195,35303170.0
2022-09-15,31.44220392734252,32.16956329679299,30.843744277954105,30.8437442779541,35540736.0
2022-09-16,30.935813834065833,31.580309955608868,30.64118766784668,30.64118766784668,29757658.0
2022-09-19,30.751671919480142,30.954227556698182,28.680076599121094,28.680076599121094,23848608.0
2022-09-20,28.772148354168767,29.53633690476197,27.82381875430609,28.219722747802734,40426358.0
2022-09-21,28.44989750256374,29.361397819886047,28.03557895300293,28.201305389404297,32872175.0
2022-09-22,28.20131006566252,29.656031337609125,28.063205498613748,29.31536865234375,37450805.0
2022-09-23,29.324571598557526,29.435056710931597,28.219720474816814,28.302583694458008,25362323.0
2022-09-26,28.2841729869795,28.376243508850383,26.939936975414952,27.685710906982422,34408024.0
2022-09-27,27.869853000120415,28.081613468726083,27.08724991595171,27.160905838012695,31500266.0
2022-09-28,27.022801452618456,27.81461191112601,26.958352821886837,27.114871978759766,35968149.0
2022-09-29,27.262182930056134,27.952715478702494,26.359889918418105,27.206941604614258,43228346.0
2022-09-30,27.308222952057726,27.538400498072075,26.461168697644162,26.663726806640625,35662172.0
2022-10-03,27.243772612784056,29.324575424194336,27.216153175005424,29.324575424194336,51585086.0
2022-10-04,30.10717558087412,31.414582373208685,29.996690465204193,30.8897762298584,44222388.0
2022-10-05,30.889779690342845,31.709212081092193,30.29132001424573,31.25806427001953,57365693.0
2022-10-06,31.856518809517052,32.54705136310902,31.801277483679534,31.948589324951172,38147249.0
2022-10-07,31.94859193154078,32.24322055523668,31.663173064552804,31.89335060119629,23415455.0
2022-10-10,32.13273268470115,32.408944229888824,31.727621435002956,31.764448165893555,21046151.0
2022-10-11,31.764455529371205,32.077496336574406,31.35934418576211,31.6263484954834,22671551.0
2022-10-12,31.635550442259774,31.7276234216449,30.84374248800788,31.027883529663086,26265155.0
2022-10-13,31.02788531572679,31.17519963266535,30.236074857338245,30.43863296508789,30895221.0
2022-10-14,30.945022478528614,31.248855956150315,30.61356710515284,30.760881423950195,35933828.0
2022-10-17,31.62634014478978,33.65190124511719,31.589513415086007,33.65190124511719,72402547.0
2022-10-18,33.88208217347125,34.416095661660805,32.556263127332926,33.035030364990234,67328023.0
2022-10-19,33.099481407207485,33.81763349192176,32.74961143422044,33.14551544189453,70518525.0
2022-10-20,33.32966341005271,34.25037127095977,33.09027853030714,33.9005012512207,78989778.0
2022-10-21,34.06622317584567,35.32759349688121,34.03860128189547,34.98693084716797,61823573.0
2022-10-24,35.49331990267334,35.74191203082439,34.756753274750565,35.097415924072266,48782433.0
2022-10-25,35.00534491357502,35.392041588797795,34.48054122924805,34.48054122924805,39142355.0
2022-10-26,34.692307592870904,35.005348374851266,33.6979414544027,33.87287521362305,51652629.0
2022-10-27,34.112253656583405,34.7015083734,33.63348650406737,34.32401657104492,51873514.0
2022-10-28,34.25036220934457,34.32401813033375,33.3112399971424,33.661109924316406,24222093.0
2022-10-31,34.066225912059785,35.04217744967134,33.79921916621012,34.89486312866211,43560636.0
2022-11-01,35.180276809628566,36.06415768782724,35.12503548401983,35.90763854980469,44915388.0
2022-11-02,36.137814876136055,36.78231096267665,35.99971032798983,36.36799240112305,48362440.0
2022-11-03,38.209412918029116,38.46721235479513,36.975664441431746,37.518882751464844,91809046.0
2022-11-04,37.693814792182174,39.90351466687318,37.57412237758475,39.424747467041016,70644385.0
2022-11-07,39.839064751367914,41.63444599514605,39.14853463847976,41.24774932861328,86237179.0
2022-11-08,41.477928466330496,42.26053163242962,40.492772107997794,40.69532775878906,73832654.0
2022-11-09,40.704532295675264,41.05440224083081,39.5720616960749,39.64571762084961,42433461.0
2022-11-10,39.65492551895707,40.39149215352495,39.30505556850612,39.93113708496094,48013455.0
2022-11-11,40.55721374549291,40.76897665830873,39.22218764848079,39.61809158325195,57763713.0
2022-11-14,39.59047281981229,39.995584083538425,39.259017478975245,39.553646087646484,35798518.0
2022-11-15,40.511183386936786,40.815016838237646,39.78382407166064,40.281005859375,57321404.0
2022-11-16,40.30863122348459,40.60325740236697,39.378713735380444,39.44316482543945,51238026.0
2022-11-17,39.654926923208514,39.71937555332439,37.96082335785542,39.02884292602539,42165305.0
2022-11-18,38.78945222881072,40.14289283957999,38.77103763599423,39.18535614013672,39882150.0
2022-11-21,39.24981836052031,40.262596667448264,39.24981836052031,39.8482780456543,40565742.0
2022-11-22,40.9715359963707,43.47586690697564,40.90708737039845,43.365379333496094,68750563.0
2022-11-23,43.49428042243493,44.451814783237054,42.85898918349157,43.37458801269531,56778799.0
2022-11-24,43.57714131263011,44.0927351971593,42.398631873350574,43.06154251098633,46174429.0
2022-11-25,43.061544793421334,43.84414787587998,42.886608598392264,43.61396789550781,38850049.0
2022-11-28,43.65079924856418,44.49785099733576,43.34696578979492,43.34696578979492,47311222.0
2022-11-29,43.68763045352245,44.44261417406104,42.969475926734326,44.32292175292969,45203389.0
2022-11-30,44.65437190451204,44.88455189267843,44.14798281450702,44.3137092590332,52146423.0
2022-12-01,44.700407201036086,45.34490331876749,44.35053970633895,44.65437316894531,53905222.0
2022-12-02,44.746442092403214,45.00423658242551,43.973043870992186,44.295291900634766,39873645.0
2022-12-05,44.56230055696994,45.022650665127045,43.52189810151347,43.56793212890625,47608610.0
2022-12-06,44.092733830282,44.902956278792786,44.092733830282,44.414981842041016,49890218.0
2022-12-07,44.45181476985476,44.470229364971836,42.23290768795267,42.35260009765625,46394866.0
2022-12-08,42.37101397821684,42.66563766089179,39.341881972149366,40.133689880371094,84301560.0
2022-12-09,40.3086301882466,40.55721986784522,39.68254619368429,40.27180099487305,65169027.0
2022-12-12,40.32704269500436,42.26974086773793,40.18893813570637,41.91066360473633,56089740.0
2022-12-13,42.58277517376708,43.64159226630106,42.54594598352184,43.37458801269531,42733600.0
2022-12-14,43.77970277105791,43.98225841648488,41.597619787175255,41.625244140625,49779835.0
2022-12-15,42.36180606517721,43.052341107676426,40.971536058047434,42.113216400146484,41806520.0
2022-12-16,42.12241926893476,42.47229165199824,41.68047882925493,41.70810317993164,8222074.0
2022-12-19,41.85541864785578,43.30093249945238,41.85541864785578,43.18124008178711,45712030.0
2022-12-20,43.31934248044765,43.84414612749224,42.831368022163154,43.56793212890625,48623715.0
2022-12-21,44.47023064935995,44.72803007132996,43.77970052242758,43.95463180541992,41922314.0
2022-12-22,44.10194756208074,44.60833663805861,43.54951953947587,43.74287033081055,30496305.0
2022-12-23,43.761284793700916,45.473802807790435,43.2917199924838,45.2067985534668,46572519.0
2022-12-26,46.735177390977285,47.50857574898094,46.523416891471385,46.845664978027344,50482943.0
2022-12-27,46.035439740979776,47.38888064463775,46.02622998402139,46.615482330322266,38107769.0
2022-12-28,46.771999724699775,47.287598554391586,45.740806982431,46.68913650512695,46127424.0
2022-12-29,46.68913584396403,47.09424709707876,46.228780806211454,46.63389205932617,34208706.0
2022-12-30,47.14028843640684,49.88399929024159,47.14028843640684,48.788352966308594,72910957.0
2023-01-02,49.165843571715214,49.67223265112019,48.696283683015125,49.239501953125,46616787.0
2023-01-03,49.71827512200307,50.40880528676116,48.291175842285156,48.291175842285156,60276335.0
2023-01-04,48.33721423879909,48.58580394044468,46.83645643697637,47.18632888793945,46869592.0
2023-01-05,47.38887764474981,47.5453992490962,45.390940730863235,45.99860763549805,44271297.0
2023-01-06,44.92137597635456,47.32442908024374,44.21243125335689,46.799625396728516,59133396.0
2023-01-09,47.23235851956692,47.44412392193585,45.58428900202467,46.109092712402344,47545106.0
2023-01-10,45.85129766694249,45.860502506580175,43.55873204602809,43.761287689208984,40769736.0
2023-01-11,43.963839593079996,45.40935332554267,43.439035933373965,43.54951858520508,65981097.0
2023-01-12,45.1055214596667,47.54539881215911,43.282515845400496,47.33363342285156,71934191.0
2023-01-13,47.31522245047955,48.14385964146499,46.58786308375772,46.97455978393555,48584984.0
2023-01-16,47.177115656106224,49.76430998270608,46.541829270755784,49.74589538574219,60445973.0
2023-01-17,49.810340983253624,52.78423183076317,49.497302688161334,52.44356918334961,78754634.0
2023-01-18,52.572464230384135,54.61644002906886,52.4803961721513,53.953529357910156,62191143.0
2023-01-19,53.91669815531506,54.66247201789303,53.26299726464811,53.77859115600586,45620820.0
2023-01-20,54.04560468370463,55.380635961637104,53.879878222908275,54.846622467041016,42360416.0
2023-01-23,55.334592014248265,57.82050837025583,55.334592014248265,56.11719512939453,63335881.0
2023-01-24,56.30133267674846,57.691602618417534,55.79494361416896,57.277286529541016,68266625.0
2023-01-25,58.00464953809552,58.36372678293203,55.29776785983042,57.72843551635742,75848633.0
2023-01-26,57.83892242670507,57.866541861715206,56.43944265530126,56.641998291015625,39347098.0
2023-01-27,56.3473803615719,58.63994613264549,55.233319333992654,58.43738555908203,90851495.0
2023-01-30,58.446576227999465,58.879306837404386,55.62000280111731,55.63841247558594,52877587.0
2023-01-31,55.54635548431257,56.30133422092477,54.229743885495175,54.450714111328125,62122389.0
2023-02-01,54.60723575382762,55.37142431601187,51.80828094482422,51.80828094482422,51911083.0
2023-02-02,51.83590039469284,53.345862779289774,47.33363267510805,50.79549789428711,98560889.0
2023-02-03,50.91519289644507,55.19649060899656,50.666603224590865,55.15045166015625,49809802.0
2023-02-06,53.401101575758375,54.966307743773484,51.46761333895672,53.29982376098633,14828387.0
2023-02-07,53.088061258076436,53.088061258076436,47.97812685173893,48.12543869018555,43691403.0
2023-02-08,44.8845558166504,44.8845558166504,44.8845558166504,44.88455581665039,252.0
2023-02-15,52.931541442871094,52.931541442871094,52.931541442871094,52.931541442871094,4078655.0
2023-02-16,58.21640465817488,58.21640465817488,56.393404083541384,58.041473388671875,76330240.0
2023-02-17,57.083937740860684,58.56628070810437,56.347373593921276,57.45222473144531,45569874.0
2023-02-20,57.46143301513749,57.95861728610602,56.05274834498933,56.74327850341797,40041771.0
2023-02-21,56.52230587210309,57.07473390917369,55.61080551147462,55.61080551147461,42239120.0
2023-02-22,55.5647691988567,55.73970539236022,53.95352901876191,54.045597076416016,33442955.0
2023-02-23,54.1376759578731,55.00314234666824,53.57604304329286,53.999568939208984,27232919.0
2023-02-24,54.04559365352116,55.5463510859599,53.86145263276045,55.2056884765625,45434221.0
2023-02-27,55.2056940020981,55.5003226150733,53.4195175628462,55.242523193359375,39993289.0
2023-02-28,55.49111592549351,56.44865528274642,54.248157695864144,54.607234954833984,40042604.0
2023-03-01,54.782172964504134,55.62922476969996,54.782172964504134,55.22411346435547,30954581.0
2023-03-02,55.33459393338906,56.44865489596175,55.260940464415604,55.481910705566406,27837537.0
2023-03-03,55.481907353816204,56.770899529806606,54.202120016973204,56.209266662597656,51836533.0
2023-03-06,56.623591003904785,58.418977439175634,56.080372653080296,57.30491638183594,52609060.0
2023-03-07,57.63636413065295,59.56985233710826,57.617949535791155,59.46857452392578,50956640.0
2023-03-08,59.38571311383124,59.744785431782596,58.879319115384966,59.29364013671875,31414978.0
2023-03-09,59.4041240037963,59.81844503358093,58.787252254462665,58.83328628540039,28925204.0
2023-03-10,59.647233285554634,60.370768717772506,57.68476470832423,57.90281677246094,33436466.0
2023-03-13,57.91272680122951,58.21007245490555,56.36653893004831,56.891845703125,25078431.0
2023-03-14,56.93149579851756,57.09999203159451,55.02849197387695,55.02849197387695,25728395.0
2023-03-15,55.10777447753321,58.398378420110774,55.10777447753321,56.18812561035156,56478065.0
2023-03-16,56.62423355089617,57.23874291540321,55.603352529233,57.01077651977539,34472452.0
2023-03-17,57.40724437304218,57.585649650876526,55.03839874267578,55.03839874267578,29157786.0
2023-03-20,54.99875097938676,55.008660030006105,52.72902259144823,52.857872009277344,30969911.0
2023-03-21,52.87770320448685,53.71026472459208,52.0847831860033,52.639827728271484,29028265.0
2023-03-22,52.828148216139205,54.56265582229813,52.53080254271278,54.36442184448242,25999036.0
2023-03-23,54.18601989746094,54.65186183409398,53.55168700924544,54.18601989746094,18509127.0
2023-03-24,54.18601250428341,54.51309060326608,52.68938049016389,52.907432556152344,20348790.0
2023-03-27,53.20478478766134,53.373281030391006,51.926204681396484,51.926204681396484,16438562.0
2023-03-28,52.03522445742183,52.451505194421856,50.786376953125,50.786376953125,28563766.0
2023-03-29,50.79629042393344,53.482299711800614,50.27098366263165,53.175045013427734,34133624.0
2023-03-30,53.22459621001723,54.53290847336757,52.62990496791529,53.42282485961914,28261464.0
2023-03-31,53.40300970737326,54.14636858143203,52.31274931964746,52.54071044921875,32859988.0
2023-04-03,53.769726729792204,56.425998065329125,52.877695153132905,55.940338134765625,50744176.0
2023-04-04,55.15733684579921,58.38352175770339,55.08795760653929,56.926536560058594,35895268.0
2023-04-05,57.03060458521745,58.175380595935025,54.983887848856355,55.12264633178711,26692146.0
2023-04-06,55.1226458096145,55.7470695634814,53.56158907159563,53.839111328125,24185354.0
2023-04-07,53.873805798446845,54.463537309379454,53.07593126328061,53.24938201904297,18275008.0
2023-04-10,53.42282543384434,54.77573902556475,53.42282543384434,54.67167282104492,16039443.0
2023-04-11,54.949201863061695,55.50424644482896,53.80443101477504,54.32478332519531,18006892.0
2023-04-12,54.324783690484544,54.879822982686555,54.18601989746094,54.18601989746094,16920172.0
2023-04-13,54.25538687675413,54.91450283462919,53.908485412597656,53.908485412597656,17674460.0
2023-04-14,53.97787760121191,54.567609115319975,53.075931549072266,53.075931549072266,13492347.0
2023-04-17,53.214683095206404,53.31875459430738,51.5842472536123,51.7230110168457,16172324.0
2023-04-18,51.79239030882634,52.62495171595792,50.786372874137996,50.95982360839844,16762848.0
2023-04-19,51.02921482403263,52.590271636950455,50.99452255531564,52.27805709838867,18707484.0
2023-04-20,52.24336655222057,52.24336655222057,51.16796981505997,51.27204132080078,5580274.0
2023-04-24,51.58424832149781,52.06991356292436,50.474164659131525,51.02920913696289,14288174.0
2023-04-25,51.063899189550284,51.37611371215462,49.60691396395365,49.95381546020508,14432177.0
2023-04-26,49.572222014389695,50.61292650980695,47.69895603995736,48.14992904663086,21731908.0
2023-04-27,48.149931804689714,48.70497105806051,47.66426650303104,48.045860290527344,17667393.0
2023-04-28,48.53151442097557,49.22531737363167,45.44409339897451,45.99913787841797,24593721.0
2023-05-02,46.06852215273913,47.00515518258887,44.958438365758056,45.34002685546875,24235106.0
2023-05-03,45.270641202511996,47.87240219116211,44.5768382722053,47.87240219116211,38031812.0
2023-05-04,47.66426555338762,48.739662356144485,45.7909995089756,46.31135177612305,32156506.0
2023-05-05,46.415418871449475,46.65824884768519,44.368699619433265,45.02781295776367,19559518.0
2023-05-08,45.201267998201224,46.86639631173246,44.47277270687599,46.31135177612305,19428323.0
2023-05-09,46.311351071052364,46.762324087707015,44.95843731438533,45.23595428466797,22387077.0
2023-05-10,45.30533385513028,46.10320299719281,44.88904785873691,45.097190856933594,19602729.0
2023-05-11,45.027815777052545,49.60691452026367,44.993123509719645,49.60691452026367,54579075.0
2023-05-12,49.780365836452425,52.173984097332436,48.3580675523779,49.260013580322266,44790062.0
2023-05-15,45.09719308382281,47.907097231748864,44.33401087490974,44.54214859008789,34856015.0
2023-05-16,44.611531782318266,46.207275390625,44.542147252712226,46.207275390625,24036918.0
2023-05-17,46.27665305521505,47.664258907464934,46.10320232368382,47.24797821044922,21785090.0
2023-05-18,47.24798085310044,47.490810832166765,45.166571958309255,45.47878646850586,14905194.0
2023-05-22,45.652236409348916,45.79099488258362,43.91772638078464,44.40338897705078,17265883.0
2023-05-23,44.40338982380634,45.582852748682576,43.84834798033842,45.51347351074219,16368602.0
2023-05-24,45.65224112539328,46.24197263750688,44.36870394219236,44.68091583251953,13361003.0
2023-05-25,44.75029180343958,45.097193290287954,44.125868068453194,44.33401107788086,11457931.0
2023-05-26,44.438084503171034,45.99914126145624,44.05649073382702,45.582855224609375,18080595.0
2023-05-29,46.1032047399636,48.08054741768968,45.8256877896059,47.317359924316406,21289628.0
2023-05-30,47.94178469608648,49.01718142874314,47.80302621787765,48.21930694580078,28196381.0
2023-05-31,48.358068278990686,48.7743543247873,46.48480224609375,46.48480224609375,31127796.0
2023-06-01,46.97045891463336,47.698954149877395,46.727628933984214,46.93577194213867,17736087.0
2023-06-02,48.14993256937263,48.63559258544712,47.42143725196372,48.32338333129883,27153678.0
2023-06-05,49.260013789269856,51.54956584327299,48.947804551586195,50.71699905395508,47679035.0
2023-06-06,50.82107402614894,51.5148770845264,49.84974868576104,50.85576629638672,33641827.0
2023-06-07,52.03522357131332,54.39415476520552,51.86177282607561,53.73503875732422,47024991.0
2023-06-08,53.665666774703546,54.60229986698188,52.520890642675624,53.873809814453125,34930410.0
2023-06-09,54.11663493494834,54.394157198402326,53.11062268488665,53.76973342895508,27757915.0
2023-06-12,54.186012032077684,54.879815016594165,53.388137541224395,53.561588287353516,32632096.0
2023-06-13,53.7697255933607,53.94317632108121,51.09858544512394,51.34141540527344,27849750.0
2023-06-14,51.34142144521077,52.03522443771362,49.676293204544585,49.95381546020508,24676185.0
2023-06-15,50.40479078270605,51.61894607543945,50.09257624573926,51.61894607543945,24290237.0
2023-06-16,51.79239576936382,52.59027028974202,50.68231201171875,50.68231201171875,24600226.0
2023-06-19,50.68231208252808,51.48018131072411,49.81505831857857,49.884437561035156,25297180.0
2023-06-20,49.815055884692775,51.44549182259792,49.53753363512886,50.64761734008789,25854650.0
2023-06-21,50.85575982693533,51.549562797052886,49.84974234428693,50.1966438293457,20621862.0
2023-06-22,50.1966469316424,52.38212748124098,49.67629467189497,52.13929748535156,38448602.0
2023-06-23,52.52088672752228,53.52690428692213,52.104605972352026,53.24938201904297,32464682.0
2023-06-26,54.047250256317376,55.46954311185687,53.908486491898834,54.81043243408203,36874265.0
2023-06-27,54.91450987912425,55.26141138778164,54.602295345354435,55.01858139038086,10089056.0
2023-07-03,55.92052450789043,59.18140200350625,55.92052450789043,58.97325897216797,51176803.0
2023-07-04,59.285465532322725,59.45891628612507,57.932551769983206,58.27945327758789,32417899.0
2023-07-05,58.27945376600517,59.18139981065499,56.61432545688848,58.73042678833008,43069567.0
2023-07-06,58.76510387537364,61.64438698680348,58.76510387537364,61.08934783935547,54867579.0
2023-07-07,61.089356205069194,63.34421595277151,60.81183394669262,62.997314453125,40854540.0
2023-07-10,63.48296700866238,64.9399520780708,62.16474040556097,62.823856353759766,36853865.0
2023-07-11,63.34421488290725,63.86456712358843,61.921916641060015,62.89324188232422,29800044.0
2023-07-12,62.96261107148111,63.309512509891476,62.0953574754552,62.85853958129883,27083174.0
2023-07-13,62.71979031088616,63.899253256939026,61.60970660401935,61.78315734863281,38672230.0
2023-07-14,62.1647502941158,62.33820105123849,60.638385748754864,61.470947265625,27105489.0
2023-07-17,62.09537312778169,63.51767150110005,62.02599388127043,62.511653900146484,32762485.0
2023-07-18,62.51164765526289,62.82386217331931,59.90988647127612,60.01395797729492,29876602.0
2023-07-19,60.013959830745996,62.06067657470703,58.97325532501051,62.06067657470703,23650124.0
2023-07-20,62.442271054446046,63.13607406616211,61.470945779384174,63.13607406616211,41038751.0
2023-07-21,63.48297635029638,64.6624393673547,62.61572257501911,63.413597106933594,51285128.0
2023-07-24,63.933942561760496,65.73782916352512,62.997309642891985,63.725799560546875,60367038.0
2023-07-25,63.829879436784935,65.4256285400234,63.482977918106755,64.83589172363281,59726188.0
2023-07-26,65.07872063748108,65.42562212213014,63.69111469888487,64.73181915283203,41484868.0
2023-07-27,65.35623785798914,66.98667907714844,65.07872090377163,66.98667907714844,52207421.0
2023-07-28,67.5070275707217,69.03339190764251,66.95198310640706,68.61711120605469,44496689.0
2023-07-31,69.38030354512281,72.64117569442475,69.38030354512281,71.7392349243164,43985321.0
2023-08-01,71.80860621284248,72.29426616652862,69.79657657430643,70.28224182128906,40853336.0
2023-08-02,70.2822488765125,71.5310911513393,70.21286433905237,70.629150390625,26418797.0
2023-08-03,70.83728830870966,71.39233285006272,68.79057148740225,69.03340148925781,28619083.0
2023-08-04,69.31092408593851,72.29427395317649,68.51304953897709,71.94737243652344,39049860.0
2023-08-07,72.2248764038086,73.89000432039207,71.80859574798666,72.2248764038086,32819785.0
2023-08-08,72.57179569367682,72.64117493783992,70.2822488765125,70.629150390625,23349453.0
2023-08-09,70.83728007754152,74.51443782680784,70.0740978918343,74.2369155883789,53730094.0
2023-08-10,74.2369205027305,75.83266950936024,71.87798925987222,72.71055603027344,52384327.0
2023-08-11,72.77993362031033,77.22027374850795,71.39232766107962,77.01213073730469,51199402.0
2023-08-14,77.35902796206267,80.82804266888162,77.35902796206267,79.78733825683594,58652057.0
2023-08-15,79.78734396838016,80.34238847852237,77.63655575484839,79.37106323242188,39734811.0
2023-08-16,79.37105823290813,84.15829962812613,78.67725528558077,82.70130920410156,72191107.0
2023-08-17,82.70131505112641,85.5459115709201,82.00751205474684,85.3377685546875,50374779.0
2023-08-18,87.0028999282114,92.27580183134303,86.37847615039254,88.11298370361328,95839026.0
2023-08-21,88.39049746519801,96.92427062988281,88.39049746519801,96.92427062988281,80568342.0
2023-08-22,97.54870289045874,103.72354515679449,96.43861389160156,96.43861389160156,95811624.0
2023-08-23,96.99366141294945,97.06303536091863,89.50058690369359,89.84748840332031,76481555.0
2023-08-24,90.68005276506118,94.01030938456377,87.34980143885555,88.11298370361328,69071856.0
2023-08-25,88.4598854150665,92.83084657642388,86.03157483504506,92.6227035522461,52466685.0
2023-08-28,94.14907746485211,101.85029602050781,94.14907746485211,101.85029602050781,68558919.0
2023-08-29,101.29523643558544,102.61345788058922,97.687463008623,98.65878295898438,55032530.0
2023-08-31,99.21382845271992,101.0177204774068,97.8956069946289,97.8956069946289,48244819.0
2023-09-01,99.3525853916246,100.32391592313735,98.10373790059015,99.00568389892578,45083407.0
2023-09-04,100.04639110074422,103.44603217370256,99.56073111506264,100.53205108642578,58183792.0
2023-09-05,100.60144833761836,101.85029602050781,98.72818210658171,101.85029602050781,31437636.0
2023-09-06,102.8216013716034,103.09912892056066,99.49134489027104,99.90763092041016,31593002.0
2023-09-07,99.90763248195685,100.87895245200507,99.07507099525928,100.46267700195312,25815979.0
2023-09-08,100.46267813322991,101.57275659912901,99.7688751220703,99.76887512207031,23310400.0
2023-09-11,100.1157757548106,100.67082027621801,96.50800224555306,97.27117919921875,22964980.0
2023-09-12,97.34055887133687,100.53204618344714,96.71612984597671,98.79753875732422,34950970.0
2023-09-13,99.14444677685783,100.46267885954784,97.1324222645861,97.82622528076172,26298160.0
2023-09-14,97.89559848368921,100.25452423095703,95.32851915175392,100.25452423095703,39172204.0
2023-09-15,100.2545196748875,100.67080565211906,97.61806652113604,98.17311096191406,29482476.0
2023-09-18,97.82622817277048,98.93631726610626,94.56535601766363,96.09172058105469,31212147.0
2023-09-19,96.09171609363189,101.22585409071193,95.39791308934574,100.53205108642578,44903775.0
2023-09-20,100.60142386204586,100.94832532363911,96.85489231147561,98.03435516357422,27668323.0
2023-09-21,97.47931876631763,102.54408264160156,96.23047128402123,102.54408264160156,52219463.0
2023-09-22,102.6828441510321,108.85768662547699,102.33594265052186,106.91504669189453,64996210.0
2023-09-25,109.13521856140326,116.07324885028339,109.13521856140326,115.17130279541016,60010491.0
2023-09-26,115.86509171143821,120.86047079365473,115.6569487108057,117.73835754394531,63037486.0
2023-09-27,117.87713056273786,119.403505698018,112.67360783772129,113.57555389404297,51753807.0
2023-09-28,113.6449329242928,115.93448492966411,112.18794239725827,113.78369140625,39184217.0
2023-09-29,120.77414811185105,123.21865722294766,117.71850880889556,121.46166229248047,41367361.0
2023-10-02,121.5380649998414,123.06588474009665,119.62829032452233,120.16302490234375,31791261.0
2023-10-03,120.23940775595274,120.62136268739648,117.71851453349565,118.4060287475586,30047777.0
2023-10-04,118.32963700060596,118.32963700060596,112.4475331936803,112.9058837890625,46176335.0
2023-10-05,113.13506615212118,116.5726608631484,110.8433363447697,115.42679595947266,47961896.0
2023-10-06,113.82256817305802,115.1976082406447,112.60030774490556,112.82948303222656,27834386.0
2023-10-09,112.29475504122968,115.57956993492822,110.76693524475037,112.98226928710938,48135325.0
2023-10-10,114.20452157392128,115.42678198574306,112.75309753417969,112.75309753417969,31693734.0
2023-10-11,112.9058868032093,113.66979671167981,110.07942247313645,110.30858612060547,26379361.0
2023-10-12,111.2252838325573,113.97535242262758,108.47520358614722,112.4475326538086,44457729.0
2023-10-13,111.989199304691,113.66979880297777,110.8433344209036,111.91280364990234,31513127.0
2023-10-16,112.90587449975783,114.58647378398855,107.32933044433594,107.32933044433594,34579843.0
2023-10-17,107.7112970943418,110.4613774273717,105.41956736893027,110.30858612060547,31082165.0
2023-10-18,107.63489940755159,108.3224253059906,106.25987092335343,107.86407470703125,42214291.0
2023-10-19,107.63489495201392,108.16964118077735,101.90557098388672,101.90557098388672,41332175.0
2023-10-20,101.21806127825694,101.98197117469661,98.62077229289802,98.77355194091797,38475179.0
2023-10-23,100.07219504724304,103.89174447652712,99.46106480728962,103.35700988769531,34743901.0
2023-10-24,103.50978252661488,105.1139978408545,102.44031342134784,104.65564727783203,28363006.0
2023-10-25,105.49595368559316,107.40572828774845,97.85685527697206,98.16241455078125,33509671.0
2023-10-26,101.52362363514209,105.87791950119829,99.91941979805746,103.81535339355469,54118414.0
2023-10-27,103.81534093911317,106.41264134752731,101.98196201486466,105.8779067993164,33939163.0
2023-10-30,105.72512367208697,109.54467310614126,105.19038908258732,108.01685333251953,39372877.0
2023-10-31,108.24603168991878,110.99611202271788,107.02378283027264,108.39881134033203,45641902.0
2023-11-01,109.08632275321007,111.68361143405421,107.4821074962343,110.76692199707031,47045294.0
2023-11-02,111.45445151422173,112.98227133844047,109.69746804144233,112.67671203613281,35550579.0
2023-11-03,112.67671405866841,115.5031784529398,112.06558378674315,114.28092956542969,47257789.0
2023-11-06,115.1212159117502,118.25325106397666,115.04483191800055,117.03099060058594,37485313.0
2023-11-07,116.72541499446496,117.48932476320317,113.21142539573403,113.82255554199219,29778483.0
2023-11-08,114.2809087909463,115.57955309750149,113.36420772153012,114.81564331054688,31731759.0
2023-11-09,113.74617422679867,115.88512417989422,112.98226436186023,115.04483032226562,21466260.0
2023-11-10,115.19760274922412,116.4962471070182,114.12812201148758,114.4336929321289,20933439.0
2023-11-13,114.43369628064933,115.1976061200978,112.29474639892578,112.29474639892578,24823411.0
2023-11-14,112.60030504477133,116.26707458496094,111.6836155738087,116.26707458496094,27941090.0
2023-11-15,116.87820936245922,117.64211922757333,114.96843469967394,115.88512420654297,20403402.0
2023-11-16,115.35039574821434,119.01716562644548,115.12122044526113,117.71852111816406,29474030.0
2023-11-17,117.8712925667562,118.25324749298915,116.41985685326742,117.26016235351562,22031504.0
2023-11-20,118.17685699084844,119.78107241341309,117.03099216225648,117.33656311035156,23079773.0
2023-11-21,117.71851146509147,118.9407602200491,117.4129405340977,118.0240707397461,23006287.0
2023-11-22,118.10046243599585,120.77414679697328,117.64211188300708,118.86437225341797,39783036.0
2023-11-23,118.86438960912432,119.70468353717895,114.51009368896484,114.51009368896484,30329734.0
2023-11-24,114.58647464992993,115.80873504206477,113.66978518399827,114.96842956542969,23683509.0
2023-11-27,115.1976156023455,119.55189971434764,115.1976156023455,119.1699447631836,25688361.0
2023-11-28,119.1699447631836,119.93385466551169,117.48934530932979,119.1699447631836,25674233.0
2023-11-29,119.85745537844713,120.77415655851685,118.3296356201172,118.32963562011719,25001562.0
2023-11-30,118.406034297448,118.71159359438929,115.73234965202175,116.80181884765625,18842786.0
2023-12-01,118.40603587119274,119.0171661295379,116.26708579515477,117.10739135742188,23383507.0
2023-12-04,117.41295016211306,119.78107553206279,117.18377485915985,117.71852111816406,21285003.0
2023-12-05,118.02406721535877,118.7879770355229,117.1837617506427,118.25324249267578,15225645.0
2023-12-06,118.40603898921054,118.48243464464299,114.43370968987286,114.51009368896484,17887661.0
2023-12-07,114.58647943312121,118.4060287475586,114.35730414298708,118.4060287475586,29147717.0
2023-12-08,117.94767549166008,118.1768507765954,115.88512123992061,116.57264709472656,16584412.0
2023-12-11,116.57265986713163,116.7254395217149,113.6697998046875,113.6697998046875,17300208.0
2023-12-12,113.66978644120086,114.6628715637517,111.60723220595779,112.29474639892578,31788017.0
2023-12-13,112.0655729896485,112.37114392434074,109.62106379380707,110.07941436767578,27507598.0
2023-12-14,111.45444465761322,116.41985878085495,110.69053479249911,115.88512420654297,23827358.0
2023-12-15,115.80873713044402,116.72542661290633,114.28091744089377,115.50316619873047,17694777.0
2023-12-18,114.96842870041533,115.04482434547607,111.30165920793829,111.760009765625,13274652.0
2023-12-19,111.68361269228912,113.89895815099192,109.85023379766635,112.52391815185547,20293598.0
2023-12-20,112.37114872721851,114.35730743408203,112.0655777794658,114.35730743408203,21757044.0
2023-12-21,114.35729653287801,117.41293578108498,113.36421144594301,116.49624633789062,22650699.0
2023-12-22,116.64903428381851,116.80181392585132,110.61415100097658,110.61415100097656,22843360.0
2023-12-25,110.30858823121525,111.60724442553531,105.57234903934442,106.18347930908203,25921321.0
2023-12-26,106.6418343306412,111.22529405849671,106.6418343306412,109.62107849121094,23588039.0
2023-12-27,109.54467423127068,112.60031380989847,108.47520504128693,111.68362426757812,21222616.0
2023-12-28,112.44754658602257,113.97536654413794,110.00303698430623,110.46138763427734,19442695.0
2023-12-29,110.76693261419976,111.53084249429769,109.08633320925226,109.2391128540039,17245152.0
2024-01-02,110.00301361083984,111.3016579680334,109.3154994383076,110.00301361083984,17310968.0
2024-01-03,109.85023519885146,109.9266191875708,106.94737553172264,107.32933044433594,22428898.0
2024-01-04,107.63488449037675,109.92661385488162,107.63488449037675,109.77383422851562,22304645.0
2024-01-05,110.00301461883217,110.23218989722251,108.24601969295806,109.85023498535156,10850101.0
2024-01-08,105.03760542188373,107.2529393464277,104.732046141374,106.94738006591797,37177559.0
2024-01-09,107.10016013449929,108.2460249255025,105.19038548282725,105.49595642089844,18400739.0
2024-01-10,105.57233594112924,106.94737596335445,104.8848217581861,106.71820068359375,22985945.0
2024-01-11,107.10015408224366,108.62797371724383,106.48902389697585,106.64181518554688,19507753.0
2024-01-12,106.48902540383307,108.62797525436794,106.10707048967822,106.71820068359375,20433395.0
2024-01-15,106.94738110868698,108.24602554802456,106.94738110868698,107.63489532470703,17635206.0
2024-01-16,108.0168438433658,109.92661839262149,108.0168438433658,109.39188385009766,24448071.0
2024-01-17,108.85715688182096,109.77384639797889,107.78768772235996,108.55159759521484,17272870.0
2024-01-18,109.23911221547374,109.46828750943148,106.87098693847656,106.87098693847656,14070864.0
2024-01-19,107.02377363812106,107.10015762859706,105.87790887392849,106.41264343261719,16493260.0
2024-01-22,106.9473851654525,108.78076424861001,106.48903456649316,107.86407470703125,18154034.0
2024-01-23,109.16271399046195,109.85023985611791,106.56542513711112,106.94738006591797,15544543.0
2024-01-24,107.25294699762016,109.5446767339483,106.79460804415866,108.85716247558594,14288729.0
2024-01-25,109.6210658432541,110.84332629219553,108.7043763347178,110.61415100097656,18689191.0
2024-01-26,110.91970691644701,112.90587717157261,110.15579707314319,112.75309753417969,20729612.0
2024-01-29,113.3642198598706,117.8712950792956,113.2878358667994,116.34347534179688,31073336.0
2024-01-30,116.64902213670264,117.56571154978052,114.81564331054688,114.81564331054688,20109661.0
2024-01-31,115.12121375861655,117.33655935003577,114.3573038973698,114.58647918701172,24226703.0
2024-02-01,114.89203473729586,118.94075920166944,114.89203473729586,118.17684936523438,30376131.0
2024-02-02,118.63521575927734,120.46859494881593,117.41295519535787,118.63521575927734,22338762.0
2024-02-05,119.93384592106317,120.31580084437866,117.87129166642738,118.482421875,20771078.0
2024-02-06,118.9407602200491,119.62828607253073,117.18376524993715,118.0240707397461,25400417.0
2024-02-07,118.17685904070774,120.31580908911558,117.79490409121848,117.87129974365234,35171723.0
2024-02-08,118.17685758986015,121.76723173971241,118.10047359470406,120.54498291015625,39577934.0
2024-02-09,121.15610801862762,121.308887658805,119.32271736748086,120.46858215332031,25534052.0
2024-02-12,121.46167255632794,125.73957260449556,120.92693796439195,124.36453247070312,56442391.0
2024-02-13,124.51730846372503,126.65625842504465,122.68392944335938,122.68392944335938,37133720.0
2024-02-14,122.91308728529232,125.81594697766482,122.83670329590875,125.73956298828125,38001330.0
2024-02-15,126.04512294810753,128.33685245625495,125.66316803008296,127.87850189208984,31452926.0
2024-02-16,128.0312875557334,128.8715813446422,126.57985193724605,127.57293701171875,25007370.0
2024-02-19,129.63549777951275,134.83008703331038,129.5591137891614,132.15640258789062,50102111.0
2024-02-20,132.46197668005374,134.1425878445361,129.7119079366416,130.85777282714844,30292822.0
2024-02-21,131.086944515104,131.16332851189,124.97566526789802,126.19791412353516,31679241.0
2024-02-22,126.88541942805608,127.57293356918707,124.82285369198667,125.28120422363281,24782609.0
2024-02-23,125.58676859930627,127.34376350053894,124.82285878627803,125.35760498046875,20211740.0
2024-02-26,125.66317326553845,126.19790784178348,122.60753379403599,122.68392944335938,22704009.0
2024-02-27,122.76031186263513,124.59370251583745,122.3019729415891,122.37835693359375,25318570.0
2024-02-28,122.45476275694199,125.58678644152369,121.30889787460568,123.37145233154297,26611541.0
2024-02-29,123.90617573351598,125.58677507760277,121.99640110243114,123.60061645507812,21883848.0
2024-03-01,123.90617891332889,126.42708382232288,123.2950486844304,125.89234924316406,23876275.0
2024-03-04,127.34377632268745,128.3368615108849,123.29505157470703,123.29505157470703,22191761.0
2024-03-05,123.29505268222778,128.03130336750755,122.45475878954329,126.12152862548828,38992216.0
2024-03-06,126.27430483305926,130.32302950709484,124.97566037513756,129.10076904296875,41546847.0
2024-03-07,129.17716679541314,130.70498657226562,128.9479914976173,130.70498657226562,21714987.0
2024-03-08,131.01055658092667,132.6147721403723,129.55913233673553,130.01747131347656,18232683.0
2024-03-11,132.4619751602923,133.45506038527245,127.57295634609196,127.80213165283203,22031483.0
2024-03-12,127.95491748059911,129.40634173276806,125.28123263772092,126.6562728881836,23649224.0
2024-03-13,126.73263630478938,127.42016214651677,124.67008209228516,124.67008209228516,19323404.0
2024-03-14,124.975656708256,126.96181533376092,124.8228654124685,126.3506851196289,18138218.0
2024-03-15,126.65624558182783,127.42015537224135,123.14225588339035,124.51729583740234,17475663.0
2024-03-18,124.59371031494766,128.94799444731387,124.51731466182153,126.19791412353516,27551908.0
2024-03-19,125.96873742202193,132.92032215107992,125.89235342608393,132.69114685058594,29599229.0
2024-03-20,132.46196435182023,134.67730992775552,130.2466304322243,131.23971557617188,22793374.0
2024-03-21,132.92031860351562,134.60091800171742,132.08001307624488,132.92031860351562,22397041.0
2024-03-22,132.84391054047035,133.14948145653457,129.63549168799668,131.39248657226562,17238664.0
2024-03-25,131.31610922906546,134.0661895751953,129.86468505859375,129.86468505859375,24050049.0
2024-03-26,130.0938521653218,131.39249660280254,128.33685714692342,129.4063262939453,19164428.0
2024-03-27,129.5591140563661,131.163317733123,127.725723439065,129.635498046875,17248690.0
2024-03-28,130.17023650569575,135.13565063476562,129.406326639685,135.13565063476562,23371656.0
2024-03-29,135.13564048941106,137.3509859283281,133.0730863372969,135.2120361328125,17100213.0
2024-04-01,137.73295023699268,138.496860097812,132.76753614166705,136.35791015625,25052993.0
2024-04-02,136.6634625769404,138.42045749988392,132.7675294761583,134.29534912109375,23885664.0
2024-04-03,134.27906198308304,137.20170684736271,132.08708452875464,132.16827392578125,20792306.0
2024-04-04,132.2494323916229,138.74418683467889,131.7623332410503,137.93234252929688,23027062.0
2024-04-05,138.74419495150846,145.888427734375,138.66301794887784,145.888427734375,27072841.0
2024-04-08,145.8884338107968,148.89225556400058,144.26474503741508,148.64871215820312,25779239.0
2024-04-15,152.62674200339396,153.35739698341177,148.08040856308168,148.56752014160156,28306222.0
2024-04-16,148.1615815111386,153.5197587291114,147.34973722888577,151.00303649902344,29002654.0
2024-04-17,151.73369883817318,154.08805480480802,149.05462248557956,151.40896606445312,23811116.0
2024-04-18,151.81490883057918,152.87030907005558,149.62293134105923,150.921875,16127772.0
2024-04-19,150.59713999340795,155.38701711895573,148.6487183394339,154.16925048828125,32120707.0
2024-04-22,155.14346945789995,157.25425746065469,152.7079362631936,153.0326690673828,20895469.0
2024-04-24,154.4939815934867,155.71174811305528,151.57133699141744,152.46437072753906,18470678.0
2024-04-25,153.03265598047133,155.9553005192878,152.54554442808146,153.92568969726562,17058025.0
2024-04-26,154.49396956082637,157.90371307250047,153.84449165675494,155.95529174804688,20163788.0
2024-04-29,156.6859574609873,159.12149047851562,155.63055734250608,159.12149047851562,18540379.0
2024-04-30,159.12148809194926,162.2876760121437,158.228454377145,158.95912170410156,19613518.0
2024-05-02,159.77096482245113,165.61624145507812,159.52740904864143,165.61624145507812,33006207.0
2024-05-03,165.61624790400109,165.69743729435282,162.12531471082517,163.4242706298828,12683448.0
2024-05-06,163.4242735031744,164.6420400532908,161.47583959033096,162.77479553222656,13631366.0
2024-05-07,163.01834991301783,163.8301942727562,157.74136157471838,160.98873901367188,25356182.0
2024-05-08,161.5570355252646,161.80059132270443,156.1988575326383,156.44241333007812,17697100.0
2024-05-09,156.7671528720744,157.66017424681579,152.70793102026266,153.519775390625,22206064.0
2024-05-10,153.76331955035593,155.06227550445092,151.97726440429688,151.97726440429688,18869552.0
2024-05-13,152.46437217356475,155.1434610195774,150.02883911132812,150.02883911132812,21146141.0
2024-05-14,150.35356998216272,151.1654143258977,148.9734370753656,149.05462646484375,22560329.0
2024-05-15,149.05462476156765,149.62291331813586,147.10619092621192,147.34974670410156,19892765.0
2024-05-16,147.918040778582,148.24278595713628,145.7260634713289,146.78146362304688,25634272.0
2024-05-17,147.51211961728643,153.519775390625,147.34975322076636,153.519775390625,55457790.0
2024-05-20,153.60096079019158,157.17308364768044,151.97727196072285,155.79293823242188,46950480.0
2024-05-21,156.1988390484504,161.55701640700315,154.73752921226418,157.90371704101562,58135963.0
2024-05-22,158.3096439777574,159.2838546939144,156.19884376961608,158.22845458984375,27933479.0
2024-05-23,151.00305374148596,157.49780874111977,151.00305374148596,156.11767578125,48582283.0
2024-05-24,156.19885380295483,157.4978097664427,153.51977725837455,154.49398803710938,15673330.0
2024-05-27,155.22464353748953,156.11767731381065,153.03266618114753,153.68214416503906,15783109.0
2024-05-28,154.00688040005167,154.08806979526082,151.57134719692667,152.2208251953125,12636148.0
2024-05-29,152.22083130177097,153.357408553719,144.67067559165054,150.8406982421875,14688899.0
2024-05-30,151.40897276894222,152.22081712695262,148.3239617309503,148.486328125,18768300.0
2024-05-31,148.89225085957773,151.24660693925,143.45289611816406,143.45289611816406,32142351.0
2024-06-03,145.32014458558655,147.10619975098544,140.936189871629,141.1797332763672,32734344.0
2024-06-04,141.42328951104057,142.31632329041327,136.87696838378906,136.87696838378906,28853214.0
2024-06-05,137.36405797575986,138.5818244691403,134.8473479887638,135.5780029296875,37923214.0
2024-06-06,136.7146079464053,138.50067574487844,132.81776428222656,132.81776428222656,28556100.0
2024-06-07,133.62958023195517,135.17207948721529,132.08706858893382,133.061279296875,23153727.0
2024-06-10,133.0613033351365,135.49683673886273,131.11288156726093,131.76235961914062,28287132.0
2024-06-11,131.9247035631597,132.33062572796945,129.651536962673,130.62574768066406,32965759.0
2024-06-12,130.70693830164467,134.603793598128,130.38220552183836,133.14247131347656,37397939.0
2024-06-13,135.17208385811256,136.633406161158,134.3602395106164,134.84735107421875,24388186.0
2024-06-14,136.9581358112997,137.20169158752807,134.8473479887638,135.5780029296875,22649101.0
2024-06-20,137.2016919256804,140.2867028607332,136.22748120612727,139.71841430664062,27520398.0
2024-06-21,139.96196849942677,140.12434728835422,138.01354690992105,138.66302490234375,16475635.0
2024-06-24,138.82538841886407,139.79959919337384,138.09473343492226,139.3125,22144247.0
2024-06-25,139.55603114006087,139.79958690922766,137.44524337872429,137.93234252929688,17193453.0
2024-06-26,137.93233669528428,139.1501031018504,134.27903747558594,134.27903747558594,18047544.0
2024-06-27,134.84735717526777,137.76998952582892,134.84735717526777,136.95814514160156,22485335.0
2024-06-28,137.4452558693369,139.06894462765686,134.11668895967614,134.36024475097656,27583986.0
2024-07-01,135.65919128159024,136.87695776567,130.9504917322629,132.9801025390625,28407123.0
2024-07-02,133.14247706906463,134.11668783835904,130.54457755502554,131.84352111816406,24181338.0
2024-07-03,133.87312934970785,137.03932977077469,133.87312934970785,136.63340759277344,26995521.0
2024-07-04,136.9581352596141,141.34210205078125,136.38984670921133,141.34210205078125,31245884.0
2024-07-05,141.4232816609975,142.5598711705429,140.12433814863905,140.7738037109375,23022004.0
2024-07-08,141.58565409351277,142.88461004906364,139.06894396280583,139.3936767578125,21244507.0
2024-07-09,139.4748703575038,139.88079255738722,136.79578136072055,137.03933715820312,22489346.0
2024-07-10,137.12050174023412,138.25709122957224,135.6591918632815,136.3898468017578,18553324.0
2024-07-11,137.20168504966082,138.90656301425796,137.12049566553304,138.50064086914062,16350083.0
2024-07-12,139.0689559329889,139.2313223444677,136.5522331978962,136.714599609375,18704295.0
2024-07-16,137.1205101706166,137.8511775417768,135.0097222253764,135.17208862304688,20809458.0
2024-07-17,135.4156573342104,135.9027565736987,133.95433484021902,135.00973510742188,19105663.0
2024-07-18,135.65919517611198,136.87696169515152,134.60379504872535,134.92852783203125,27454387.0
2024-07-19,134.84736426906997,135.74038570604117,133.30485242523505,133.95433044433594,20444099.0
2024-07-22,134.36024070927192,134.76616288664133,132.0870740384509,132.4929962158203,21047360.0
2024-07-23,132.65535194658048,135.82155210822452,131.9246970411492,133.5483856201172,38320256.0
2024-07-24,133.38602756112928,134.4414276808523,132.33062744140625,132.33062744140625,23176768.0
2024-07-25,132.24942864868393,132.817729556576,130.38219670936076,130.9504852294922,16829269.0
2024-07-26,132.65536499023438,133.79195453992628,131.84352062092384,132.65536499023438,20719195.0
2024-07-29,132.57417578922585,133.46719708065285,131.68114211003797,131.92469787597656,16937319.0
2024-07-30,132.24944909941757,133.38603870320054,131.11287188339716,131.19406127929688,16473297.0
2024-07-31,130.70692865810773,133.0612721074042,129.97627376357036,132.5741729736328,25320978.0
2024-08-01,134.11668708039315,135.33445363206943,132.98010992060009,133.3860321044922,18856894.0
2024-08-02,131.9247098672284,132.33063205143526,129.16444396972656,129.16444396972656,19238114.0
2024-08-05,123.56269774442005,128.83968559884067,123.56269774442005,124.78046417236328,29395952.0
2024-08-06,129.48917461346977,131.84351828770087,128.10904168761837,128.2714080810547,33670789.0
2024-08-07,129.0832475163018,132.2494354248047,128.83969174154896,132.2494354248047,22408368.0
2024-08-08,132.24945219266652,134.27906326000493,131.68116357136432,133.95433044433594,22668326.0
2024-08-09,134.4414172891579,135.57799432238502,131.51877293548728,132.5741729736328,20216274.0
2024-08-12,133.06128045167466,134.76615849618884,130.3822040785258,131.35641479492188,20053125.0
2024-08-13,131.3564195557689,132.24944091659785,129.16444226749195,131.68115234375,17306058.0
2024-08-14,132.24943997045546,133.14247371265722,128.92088556029606,129.083251953125,14863342.0
2024-08-15,129.4891675739671,132.00588989257812,128.35259049393954,132.00588989257812,17220668.0
2024-08-16,132.57417863267892,134.11667787043876,131.11285639346576,131.2752227783203,16484408.0
2024-08-19,131.76234030326907,134.27905035218768,131.3564181288214,134.11668395996094,17146018.0
2024-08-20,134.11668204065703,134.68497059919883,132.57418275493475,133.14247131347656,15308255.0
2024-08-21,133.30484981754896,135.57801664605327,132.9801170082323,133.87313842773438,22231973.0
2024-08-22,134.6849967097439,135.25329776622021,132.24946322575025,132.81776428222656,16606826.0
2024-08-23,133.30485468880875,133.30485468880875,130.3822221348716,130.7069549560547,12956961.0
2024-08-26,131.84353221795863,133.54841049857762,129.81392111615654,130.7069549560547,20312459.0
2024-08-27,130.5445814614283,133.873136055101,130.0574698683238,133.7107696533203,17496059.0
2024-08-28,133.71074896340718,134.52259323445125,133.14246045122843,134.27903747558594,16410176.0
2024-08-29,134.44143522669503,139.1501227535337,133.71076784690948,136.87696838378906,34037602.0
2024-09-02,137.60760719477815,139.31248515937529,137.20168504966082,138.50064086914062,24671211.0
2024-09-03,138.66301654394547,139.068938716271,135.41563916534142,135.65919494628906,20254680.0
2024-09-04,133.95433044433594,134.92854127910581,132.4930079982997,133.95433044433594,16201473.0
2024-09-05,134.5226100245452,135.09089860765346,131.51878832431993,131.84352111816406,15828867.0
2024-09-06,131.84353164790406,133.06129830372004,131.19406600834594,131.518798828125,13684646.0
2024-09-09,131.3564073706947,132.73654017323122,130.9504852294922,130.9504852294922,15830494.0
2024-09-10,131.19403898801627,132.16824963447095,129.9762725830078,129.9762725830078,15272437.0
2024-09-11,129.7327367712101,129.97629256721126,126.4041697973067,126.48535919189453,22881457.0
2024-09-12,128.1902295073429,128.59615171906694,123.80627457582854,127.21601867675781,23564267.0
2024-09-13,127.29719041233619,132.33062266179712,126.56652309995182,132.00588989257812,22426683.0
2024-09-16,132.16826580130524,133.71076514789044,131.11286564364917,132.65536499023438,14641974.0
2024-09-17,133.1424734616304,134.44142937733633,132.73655128644248,134.03550720214844,14367467.0
2024-09-18,133.87312101815323,134.92852109282632,133.3048324818711,133.62957763671875,14940373.0
2024-09-19,134.84736208769507,137.5264387430331,134.84736208769507,137.2017059326172,19620046.0
2024-09-20,137.44524514749276,137.60761153310642,134.27904488310085,134.68496704101562,17591517.0
2024-09-23,135.57799468903585,137.28287263124773,135.3344389276112,136.79576110839844,20210083.0
2024-09-24,136.95813141265702,139.3936643211966,136.55220926123374,138.7441864013672,25015028.0
2024-09-25,138.98776116543007,140.04316138092582,137.2017059326172,137.2017059326172,21072676.0
2024-09-26,137.93236040852088,138.98776061987394,136.63341678419314,138.0135498046875,25044062.0
2024-09-27,138.8316174411993,139.8794005685513,137.17262859983245,138.48236083984375,21516076.0
2024-09-30,138.3077188723941,138.3077188723941,135.33899779838873,135.5136260986328,14282677.0
2024-10-01,135.4263186101534,137.87114146014125,133.41805984913316,135.5136260986328,28026095.0
2024-10-02,135.51361147545927,135.8628813615433,133.4180454520906,134.0292510986328,18762282.0
2024-10-03,133.94193348791018,135.16435813340684,130.71126357353359,131.4097900390625,17036999.0
2024-10-04,131.84636325280644,134.90240478515625,130.9732085292779,134.90240478515625,14959676.0
2024-10-07,135.51362086407454,136.38677565485244,131.67174511396564,132.7195281982422,13271645.0
2024-10-08,132.7195123779359,135.4262972360097,131.84635769123895,134.20387268066406,16719050.0
2024-10-09,133.68000269243555,133.7673101768208,131.06053834175387,133.59268188476562,13449977.0
2024-10-10,133.59268524169923,133.68000605156334,130.71127171888793,130.9732208251953,11104182.0
2024-10-11,131.0605216467969,132.54488192510982,128.70299337286602,129.40151977539062,14641255.0
2024-10-14,129.48885767658712,129.9254350704237,127.04402160644531,127.04402160644531,14598867.0
2024-10-15,127.0440149048106,128.5283753008973,125.73428279238988,127.21864318847656,23138970.0
2024-10-16,127.30598509486616,129.13960236223488,126.25820189590029,128.5283966064453,15772874.0
2024-10-17,128.266425561102,129.57615766685848,127.39327082393105,128.7030029296875,16219198.0
2024-10-18,129.2269013503502,130.18737689240288,126.60743713378906,126.60743713378906,14815535.0
2024-10-21,126.60743859128156,127.48059334018696,125.73428384237619,126.34548950195312,13764779.0
2024-10-22,126.60744366580494,128.44107404131321,125.47233978207527,127.48059844970703,17566565.0
2024-10-23,127.48060217108043,127.8298587655228,124.94845855316068,125.47234344482422,16133365.0
2024-10-24,126.17086627385389,128.17912494148564,126.17086627385389,127.48059844970703,12243680.0
2024-10-25,126.86938280379265,127.82984499669824,125.90890728760343,127.56790924072266,11194065.0
2024-10-28,128.61569153651402,130.1000518798828,128.35374245867632,130.1000518798828,6684465.0
2024-10-30,130.3619952442723,130.9732008502502,128.8776349659594,129.40151977539062,12973842.0
2024-10-31,129.31422806604823,129.83811293934312,126.08354472594914,126.25818634033203,13116692.0
2024-11-01,126.6074500009149,128.0918105431651,125.9962442862572,126.69477081298828,13600046.0
2024-11-04,126.17086001570392,126.17086001570392,124.33722973114479,124.51187133789062,10421616.0
2024-11-05,125.03576553585494,125.64697123530658,120.9319406129253,123.2021484375,23596320.0
2024-11-06,123.20214927908768,127.13134593234057,122.94020017088047,126.08354949951172,18838706.0
2024-11-07,126.25819817261551,126.78208309500626,124.51188845140803,126.52013397216797,11033271.0
2024-11-08,126.25818835127723,128.52838281828218,125.297712750012,128.2664337158203,24658493.0
2024-11-11,128.44107404131321,129.92543450928986,127.21864934987947,127.48059844970703,19270245.0
2024-11-12,127.21864385108347,127.56791374351856,125.73428344726562,125.73428344726562,13306625.0
2024-11-13,125.47234068565761,129.48885804984587,125.03576329056257,127.65522766113281,26905607.0
2024-11-14,128.091804324756,129.75080641061425,127.91717603237217,129.13958740234375,19364230.0
2024-11-15,129.22690343855405,130.18737899612725,128.70300525746245,129.31422424316406,12154869.0
2024-11-18,129.5761798054112,130.10007806653724,127.6552417200927,128.5283966064453,13402313.0
2024-11-19,128.70301263586325,129.57616743888343,124.77381602227234,125.29771423339844,20234956.0
2024-11-20,125.90891403828735,126.60744051266929,122.67824408296576,122.94019317626953,12724460.0
2024-11-21,123.1148353451277,126.69477560291739,123.02751452975299,126.52013397216797,16801106.0
2024-11-22,126.86940216249286,128.52839104546965,125.47234907545983,127.82986450195312,21517827.0
2024-11-25,128.35375051787406,130.9732148141572,127.9171731351602,129.66348266601562,26560741.0
2024-11-26,129.05227136356964,129.83810528885033,128.3537449170514,128.96495056152344,13472575.0
2024-11-27,130.10005448377174,130.62395264993268,127.91716766357423,127.91716766357422,14741691.0
2024-11-28,127.9171689955472,129.40152938408107,127.74254071276981,128.7030029296875,10641982.0
2024-11-29,128.61571742439506,129.92544975392394,127.82987003270598,128.5283966064453,13396812.0
2024-12-02,127.82984490147962,129.40152605258052,127.30596006663505,128.61569213867188,14381773.0
2024-12-03,128.87764204965683,130.9732080491294,128.6156929689018,129.83810424804688,21305106.0
2024-12-04,130.10006562080545,133.85463393760648,130.10006562080545,133.06878662109375,30793486.0
2024-12-05,133.5926927554962,134.02927018280172,131.32248480419304,132.02101135253906,16996482.0
2024-12-06,133.24341635171655,133.59267291237,132.45756910532057,132.8068389892578,14109310.0
2024-12-09,133.50535189819712,135.25166134525415,133.33072361814817,134.90240478515625,19841282.0
2024-12-10,134.90241295950753,136.38677341479342,133.8546298924401,134.46583557128906,22447878.0
2024-12-11,134.4658408107338,135.25167481083315,133.41805770283963,134.55316162109375,14007731.0
2024-12-12,135.07703922734407,135.77556570269002,131.23516359786785,131.75904846191406,16662986.0
2024-12-13,131.49712643374386,132.19563965880414,130.18739415182725,132.02101135253906,12178200.0
2024-12-16,132.19563149919924,132.54490141345687,129.66348790643468,129.7508087158203,12030551.0
2024-12-17,129.92543176030082,130.71126571987202,128.52837880630273,129.66348266601562,12319536.0
2024-12-18,129.83811220951233,130.18738211303022,127.74254608154297,127.74254608154297,10913663.0
2024-12-19,126.69476852642357,127.65523082546989,125.8216137145896,126.08354949951172,9915380.0
2024-12-20,126.17086681877215,127.65522729315958,126.08354601069095,127.04402160644531,11711535.0
2024-12-23,127.21864344740275,127.91716990677232,124.59917921722995,125.12307739257812,11288846.0
2024-12-24,125.38504385641825,125.47235134888619,123.46409249612081,124.42456817626953,10116339.0
2024-12-25,125.73429015913176,126.25818836410873,125.1230844688485,125.55966186523438,8759522.0
2024-12-26,125.9089208495197,126.78207565891066,124.86113774290756,125.47234344482422,14969425.0
2024-12-27,125.64696356825783,126.43281083955854,125.21038619196328,125.9089126586914,11510498.0
2024-12-30,125.90892878108363,126.34550621328107,124.42456817626953,124.42456817626953,7989669.0
2024-12-31,124.51188432399327,125.385039155653,123.37678037817852,123.90066528320312,12764505.0
2025-01-02,124.3372261353318,127.65521671828665,122.94018658475541,127.56790924072266,22678649.0
2025-01-03,127.7425507094975,130.9732208251953,127.39328079332597,130.9732208251953,21470510.0
2025-01-06,131.06052990107824,131.4971072647417,128.87764308276104,128.96495056152344,15206475.0
2025-01-07,128.87766097887072,129.92544413250266,127.74255701106709,127.82986450195312,19044409.0
2025-01-08,127.56792771780637,127.65523520801607,125.90892552439537,125.99624633789062,17833022.0
2025-01-09,126.34550790320657,127.48061190675959,125.99625128209152,127.13135528564453,14033307.0
2025-01-10,127.21865213538588,127.48060124094894,124.94845764150435,125.29771423339844,16906169.0
2025-01-13,125.47233673896727,127.74254445136677,125.29770845107909,125.64696502685547,24826602.0
2025-01-14,126.1708597643622,128.52837489461044,125.90891067804928,126.60743713378906,26429927.0
2025-01-15,126.86939922210819,128.52838806663544,126.17087269478104,128.353759765625,19827675.0
2025-01-16,129.48885437758696,129.8381109544443,128.52837880630273,129.66348266601562,17000269.0
2025-01-17,130.01273738690728,130.10005819151726,128.52837697152665,129.31422424316406,13609611.0
2025-01-20,129.83812740750136,130.62397478993933,127.04403446872274,127.13135528564453,18082021.0
2025-01-21,126.8693864728352,127.13133555966994,124.51187133789062,124.51187133789062,23296130.0
2025-01-22,124.77381491813821,126.69476612641195,124.07530174053123,126.17086791992188,18575959.0
2025-01-23,126.25818744019087,126.78207231804942,124.86113445266535,125.3850326538086,19692827.0
2025-01-24,125.47233635218483,125.73428544485179,124.24992501745137,125.03575897216797,14731292.0
2025-01-27,124.42456040363945,124.42456040363945,122.67825078393925,122.76557159423828,16767909.0
2025-01-28,123.02749592855707,123.72602237608322,121.5431355546164,122.41629028320312,22451197.0
2025-01-29,123.0275017426109,123.81334902944694,122.0670394897461,122.0670394897461,20562291.0
2025-01-30,122.32899634536535,124.6865117088549,122.06704723313645,123.72603607177734,19644248.0
2025-01-31,124.07530656883144,124.68651228466459,122.32899691028791,123.28945922851562,14326162.0
2025-02-03,122.06703965235629,122.94019442336987,120.14610182078329,121.01925659179688,20210703.0
2025-02-04,121.6304633647381,122.24166904530773,119.62220470862256,120.14610290527344,21699451.0
2025-02-05,120.40804814345344,121.80510122879691,118.66173844841693,120.49536895751953,22426708.0
2025-02-06,121.19388563410445,122.67824608939034,121.01925734347398,122.24166870117188,14304402.0
2025-02-07,122.32899724484392,123.90066528320312,121.28120078822391,123.90066528320312,17554560.0
2025-02-10,123.90065855974089,124.51187756736327,121.19388672244976,121.36851501464844,17002148.0
2025-02-11,121.28120390214288,121.63047383774558,119.70953582343077,120.66999816894531,16314370.0
2025-02-12,120.757314533512,121.19389194446231,119.09831237792969,119.09831237792969,18355984.0
2025-02-13,119.88415219086131,120.32072957442361,118.05052185058594,118.05052185058594,24102220.0
2025-02-14,118.66172861720605,118.83637023086904,117.00273987368405,117.1773681640625,20261216.0
2025-02-17,117.35199079262041,119.01099277938594,116.47883605957031,116.47883605957031,19497184.0
2025-02-18,115.6930087773805,115.6930087773805,113.07354442770396,113.59744262695312,41380566.0
2025-02-19,113.8593790386208,114.2086489478307,109.66824005273746,109.75555419921875,37594544.0
2025-02-20,109.93018698172973,112.1130672472003,109.93018698172973,111.50186157226562,21997856.0
2025-02-21,111.50186718698222,112.28771451428514,108.096568738525,109.66824340820312,25566791.0
2025-02-24,110.71602831686116,111.15260570507962,109.31897534524822,110.01750183105469,15180646.0
2025-02-25,110.10481096850425,110.36676005417809,107.57266089967773,107.83460998535156,19673967.0
2025-02-26,107.92192535868216,110.36676131407384,107.48534798533665,109.49360656738281,18812485.0
2025-02-27,109.23165944640571,112.98622092782615,109.0570311585786,112.37501525878906,21114924.0
2025-02-28,112.37502141229271,113.8593819250313,111.76381570978683,112.63697052001953,22294341.0
2025-03-03,113.5101200460723,114.73253139417777,112.28770869796685,112.54964447021484,26261217.0
2025-03-04,112.549645353408,112.98622274162646,109.75555273346669,110.01750183105469,19990185.0
2025-03-05,110.80334386057312,113.51012236936016,110.36676646684482,113.1608657836914,32814818.0
2025-03-06,114.38327603525224,120.14610290527344,113.9466986458047,120.14610290527344,39301500.0
2025-03-07,119.88415916189504,122.06704620663719,118.66173442286834,121.89241790771484,35416165.0
2025-03-10,122.24167553352729,124.42456259662599,121.97972642129838,123.72603607177734,31977501.0
2025-03-11,123.72603607177734,124.51188340846406,122.24167553352729,123.72603607177734,24035491.0
2025-03-12,124.24993204099088,126.6947681719426,123.5514055288211,125.47234344482422,37855274.0
2025-03-13,125.99623253577091,126.5201173894974,125.03575698567955,125.73428344726562,26187895.0
2025-03-14,125.90892120180195,126.5201269054287,125.38503630867261,126.08354949951172,22887651.0
2025-03-17,126.25817716771024,128.52837143362825,126.25817716771024,127.56790924072266,28481547.0
2025-03-18,127.48059187264278,128.09179752518358,125.8216031981343,126.60743713378906,22171613.0
2025-03-19,118.74905083800981,124.861134337025,117.96321686030744,120.32073211669922,41835518.0
2025-03-20,120.58268758152443,125.55966745732788,120.58268758152443,123.90066528320312,33369766.0
2025-03-21,123.11483402916859,123.11483402916859,115.2564403677323,118.3998031616211,31740085.0
2025-03-24,118.39980265278996,122.67825607631517,116.47885132962129,120.49536895751953,26639881.0
2025-03-25,121.63047071485904,125.03576922901787,120.58268758152443,123.90066528320312,27936762.0
2025-03-26,122.85288675570158,124.77382479271311,122.06705270706055,124.42456817626953,17725387.0
2025-03-27,125.64696572587874,126.25818472181437,123.55139961299332,124.16260528564453,17431238.0
2025-03-28,124.24108179064764,127.47412109375,123.7792190330616,127.47412109375,22483576.0
2025-04-02,126.6427633250115,126.82750559382538,123.96395109494959,124.70293426513672,14175097.0
2025-04-03,124.70293774324306,127.84359868547044,124.42581728482722,125.62666320800781,18976980.0
2025-04-04,125.8114082326713,125.996150510677,123.50209452026937,124.05633544921875,10993281.0
2025-04-07,121.3775286585044,124.33346162203624,119.25297122149874,123.04023742675781,19011135.0
2025-04-08,124.24107134020007,124.70293405893688,119.62244415283203,119.62244415283203,18060733.0
2025-04-09,118.69871934818678,119.4377025210918,116.4817768769376,117.40550231933594,19774917.0
2025-04-10,121.93175836786382,122.39362108895422,118.51397705078125,118.51397705078125,15534712.0
2025-04-11,118.51398203922426,118.79110250252928,117.12839381763146,118.6063461303711,12478081.0
2025-04-14,119.25296436586876,120.4537962064704,117.40550636986828,118.32923889160156,10979605.0
2025-04-15,118.3292368821576,119.06820597307662,116.48177891753029,117.3131332397461,10497399.0
2025-04-16,116.57415279976935,116.94364440139809,115.0961934407205,115.3733139038086,12886091.0
2025-04-17,115.3733098038219,116.48177752185072,113.80297231457088,115.18856048583984,14989077.0
2025-04-18,115.46568504234925,115.92754778251864,114.35721728492915,115.3733139038086,10197660.0
2025-04-21,115.37331041333012,117.12839018236924,113.61823064429097,114.4495849609375,17261613.0
2025-04-22,115.00382232666016,116.01991894575589,114.08009684612473,115.00382232666016,11991494.0
2025-04-24,115.55805615644867,116.20466822102875,113.71060519616184,115.74280548095703,12337380.0
2025-04-25,115.92754775799926,116.11229003504151,115.09619341637696,115.74280548095703,9654108.0
2025-04-28,115.65042944774106,115.65042944774106,114.17247006149339,114.54196166992188,10384355.0
2025-04-29,113.98772162135738,116.5741486456592,113.52585889764642,115.55805206298828,14327907.0
2025-04-30,114.72669776208352,117.22076069884717,114.17246390306912,115.18856048583984,20859459.0
2025-05-02,115.18856663656206,116.29704146124597,114.63433274795324,115.28094482421875,9820221.0
2025-05-05,115.3733104267827,115.9275442887897,113.8029729290526,114.08009338378906,8456743.0
2025-05-06,113.61822987710487,114.44958418813783,110.1080703627283,110.4775619506836,21565294.0
2025-05-07,110.38519146179914,110.66231191625447,108.35299828734652,108.63011169433594,16554851.0
2025-05-08,108.81486827205178,118.69872844413312,108.81486827205178,118.4216079711914,27958665.0
2025-05-09,120.91565414224151,123.68683045500424,118.60634054827256,118.88346099853516,49310702.0
2025-05-12,120.17669462709476,125.16480674885463,120.17669462709476,124.24108123779297,25607101.0
2025-05-13,124.14869686269674,125.62666324472514,122.57836639112408,124.88768005371094,14191780.0
2025-05-14,124.61056573092297,125.34954895832402,123.04023518202868,124.98006439208984,12574029.0
2025-05-15,124.88767930601959,127.01225068186629,121.00803519508716,121.6546401977539,16441484.0
2025-05-16,121.28515899433643,125.16480321218522,120.91566034339272,124.05633544921875,14528772.0
2025-05-20,124.51819541132956,125.44192087566445,120.54617309570312,120.54617309570312,12245947.0
2025-05-21,120.45379704249564,120.91565978283485,118.32923971288103,119.34532928466797,11140674.0
2025-05-22,119.62244770401973,121.10041408582599,118.60634405466142,119.06820678710938,10638128.0
2025-05-23,118.97584946223111,120.26905954864107,117.03602023768333,118.79110717773438,9948244.0
2025-05-26,119.25296580151682,119.80719263579,117.95974166501473,118.97584533691406,7730991.0
2025-05-27,118.97584401722128,119.34532856930504,116.38940986783844,116.48178100585938,8590624.0
2025-05-28,116.38940986783844,117.0360148814511,115.28094211665498,116.48178100585938,8343983.0
2025-05-29,117.31313741774785,118.05212062991701,115.74280690122119,116.38941192626953,8009620.0
2025-05-30,115.65042944774106,116.20467038411692,114.54196166992188,114.54196166992188,10864453.0
2025-06-02,114.54195611003922,115.742802017276,113.61823065753892,114.08009338378906,8626006.0
2025-06-03,114.72669913673381,118.23685869832677,114.54195686400406,117.3131332397461,10347166.0
2025-06-04,117.6826302418586,122.8554916381836,116.20467084968949,122.8554916381836,13125217.0
2025-06-05,121.0080378702604,121.0080378702604,119.89957011333607,120.82329559326172,3873294.0
2025-06-10,121.37751681665544,121.74701544851435,120.54616956110324,121.10041046142578,11379298.0
2025-06-11,121.00803519508716,121.93176065459164,119.89956746266817,121.6546401977539,15802741.0
2025-06-12,121.19278366419572,123.13261286630508,120.17669406375059,121.00804138183594,20326978.0
2025-06-13,120.08431032773623,122.85548671991477,116.85127120352796,121.28515625,29518169.0
2025-06-16,121.56228302041606,124.9800645959207,119.89957427978516,119.89957427978516,26618824.0
2025-06-17,120.17669658173493,126.1809125012926,120.08431839115318,124.51820373535156,30394111.0
2025-06-18,124.7029411705741,127.75123810706351,124.7029411705741,126.5503921508789,32518265.0
2025-06-19,127.10463095035094,132.92409016472484,127.10463095035094,132.83172607421875,33796070.0
2025-06-20,130.52241234418486,133.57070922851562,127.84360001161993,133.57070922851562,28696384.0
2025-06-23,135.88002446880006,140.6833941713656,135.88002446880006,137.0808563232422,42383643.0
2025-06-24,128.7673220057847,130.98427154125895,126.82750701904297,126.82750701904297,48477744.0
2025-06-25,127.28937193842027,128.02835512965302,123.77921235126371,124.14869689941406,22467475.0
2025-06-26,124.42582359510779,125.44192729585373,123.40973398929457,123.5020980834961,16398898.0
2025-06-27,123.68683409402901,125.90378366642365,122.94786499816281,125.62666320800781,22687941.0
2025-06-30,125.62666190011161,130.245289175851,124.79531462845127,129.32156372070312,36758861.0
2025-07-01,130.06055938682942,132.0927527642153,129.6910607123472,130.89190673828125,23128083.0
2025-07-02,131.26139294980956,136.24950477477785,131.1690147662268,133.66307067871094,30597618.0
2025-07-03,135.04867140689555,136.89612249069694,134.30968815438837,135.23341369628906,20802107.0
2025-07-04,135.41816998280575,137.3579851624362,134.0325816709555,135.97239685058594,18296201.0
2025-07-07,134.40205527125943,136.2495062028231,133.10884525713763,135.0486602783203,16386969.0
2025-07-08,135.7876477224547,136.06476818985436,129.78343200683594,129.78343200683594,19671759.0
2025-07-09,129.78343190232368,135.41816305349366,129.69105371495402,134.86392211914062,20792655.0
2025-07-10,135.69526396461907,139.11305943069115,135.14103714750365,138.74356079101562,17195784.0
2025-07-11,139.7596699116684,145.48676514935494,139.48254944477839,144.28591918945312,36243888.0
2025-07-14,144.1011754860832,146.7799737513772,142.9927077244075,143.63931274414062,26120698.0
2025-07-16,142.6232062920989,144.4706572238356,139.75966580486627,140.86813354492188,19327192.0
2025-07-17,141.79185765616273,145.30201721191406,140.49864765427472,145.30201721191406,16952608.0
2025-07-18,145.3020090399209,147.98080707671457,144.193541372797,147.88844299316406,27182340.0
2025-07-21,148.07318846673374,155.7401123142684,148.07318846673374,154.26214599609375,25183775.0
2025-07-22,154.1697870956023,155.74013179064457,152.32233601431318,154.81640625,18158266.0
2025-07-23,154.90875783282172,157.03332922365763,151.30623415331064,152.507080078125,15472475.0
2025-07-24,153.15368385317166,155.00113477035123,151.49097520872368,153.9850311279297,15073323.0
2025-07-25,153.9850393038534,155.92486850786102,151.0291204984063,154.3545379638672,13533253.0
2025-07-28,154.3545268681891,154.5392691374496,151.49097236239078,151.9528350830078,11843163.0
2025-07-29,152.04522013093163,152.4147046861372,148.07319773527612,150.19776916503906,15363480.0
2025-07-30,152.22996109313416,154.81639524202117,149.82826922025362,152.41470336914062,26454825.0
2025-07-31,152.59944573251266,156.38672582000822,151.12149342868264,156.01722717285156,28986082.0
2025-08-01,156.01722434997288,156.84858571983403,152.59944297147317,153.2460479736328,13285972.0
2025-08-04,153.52317683720193,154.81640100727023,150.84437849802129,151.3986053466797,16159066.0
2025-08-05,151.7680997753783,154.72401850392959,150.93673838317392,153.06130981445312,22058603.0
2025-08-06,153.06130012444325,154.9087509746959,151.95283243327796,154.26214599609375,14674108.0
2025-08-07,155.18587832996596,155.18587832996596,151.67571873923035,151.76809692382812,14490485.0
2025-08-08,151.7681025247524,152.50708574401045,150.56725655532466,151.49098205566406,10343447.0
2025-08-11,152.13759411470204,153.0613196577117,151.0291262820771,151.8604736328125,13004702.0
2025-08-12,151.86046386264576,152.04522023530768,148.2579401146551,148.7198028564453,14319344.0
2025-08-13,148.8121672944209,151.02910261222428,148.8121672944209,150.8443603515625,11752056.0
2025-08-14,149.92065303413548,150.56725807189943,147.05709831626737,147.79608154296875,12435118.0
2025-08-15,147.98081694845163,151.1214919922354,147.98081694845163,150.29013061523438,13437740.0
2025-08-18,150.5672523288359,151.2138573419365,148.2579386428108,148.8121795654297,10164843.0
2025-08-19,148.90454518605065,149.4587861143649,147.2418364960402,147.98081970214844,15113875.0
2025-08-20,148.07320052339475,152.2299652749221,147.70370186629944,151.49098205566406,21578529.0
2025-08-21,152.32233477946158,155.83249462444124,151.9528502041724,155.5553741455078,22421781.0
2025-08-22,156.4790925861319,159.80450999273992,155.09350434920063,159.5273895263672,29438572.0
2025-08-25,161.37483901457247,161.55958129213272,159.61976623535156,159.61976623535156,18569633.0
2025-08-26,159.06551831221276,160.91296919643108,158.3265351395391,158.51129150390625,19136798.0
2025-08-27,159.4350267247091,160.1739958477746,157.67993982009722,158.0494384765625,17651957.0
2025-08-28,158.04943995629247,160.26637553611,157.95706176757812,157.95706176757812,13549874.0
2025-08-29,158.04943169216946,161.00535034234397,156.9409498652886,159.06552124023438,24772954.0
2025-09-01,159.0655322892235,161.190103811746,157.21808124267054,159.9892578125,20455877.0
2025-09-02,160.72822545761565,162.48329814360548,152.9689374528068,157.12570190429688,39028838.0
2025-09-03,157.12570073432082,158.9731515878934,155.370613966468,157.8646697998047,22960309.0
2025-09-04,157.86468079708132,159.15790494163045,155.09350432367486,155.92486572265625,20741653.0
2025-09-05,156.66384338284217,158.23417384313808,153.8002888238252,154.72401428222656,14976518.0
2025-09-08,153.15368388471396,154.2621516162636,150.8443702377639,153.2460479736328,16044058.0
2025-09-09,153.3384260636432,158.41891608382414,153.3384260636432,155.46299743652344,24781686.0
2025-09-10,156.29434754500505,157.58757166691464,153.33842884410512,157.4951934814453,17327833.0
2025-09-11,157.49519753592355,165.3468642752511,156.84859250578896,161.65196228027344,36235969.0
2025-09-12,161.28247784700048,162.66806609621892,158.88078591038214,160.1739959716797,22154286.0
2025-09-15,160.17399438179618,170.05786840406003,158.41892158817998,169.68836975097656,35308117.0
2025-09-16,170.3349787124837,175.23072674327835,168.48752768915986,174.58412170410156,27522682.0
2025-09-17,174.5841134342569,176.24682209547433,173.1985252323977,175.6925811767578,14312918.0
2025-09-18,176.43157134440779,179.57223242146605,175.60022402840193,176.80105590820312,18538290.0
2025-09-19,176.80104754712337,180.12646484375,175.78495799727165,180.12646484375,19364215.0
2025-09-22,182.435779950637,184.9298358955327,180.7730712890625,180.7730712890625,17349596.0
2025-09-23,180.49595346660143,182.71290307939998,178.5561384122015,180.6807098388672,16787076.0
2025-09-24,180.68070158699595,183.17475745442252,177.54002663603555,182.5281524658203,18512622.0
2025-09-25,183.8213804381113,186.31543654969204,182.15867166541315,185.29934692382812,21561231.0
2025-09-26,184.6527110081392,184.74508919070723,176.80104471753415,178.09426879882812,23552025.0
2025-09-29,178.0942743475942,180.4035880344278,175.96970293672086,178.55613708496094,19432437.0
2025-09-30,180.01783063862442,180.11389724690537,174.158133976149,179.15328979492188,21490118.0
2025-10-01,178.86510685524678,186.6460331762939,174.54237326748873,183.95632934570312,24827430.0
2025-10-02,183.95633218176079,186.74208800707024,182.5154209636269,183.4760284423828,13651150.0
2025-10-03,184.62874512071687,185.10904883573315,176.9438856804564,177.80844116210938,15210139.0
2025-10-06,177.9045074994338,178.00057411328942,173.58177371466388,174.83056640625,15079995.0
2025-10-07,174.2541920358006,175.0226809558707,172.14085849888806,173.4857177734375,16770813.0
2025-10-08,173.6778336102117,175.02267820592402,170.89206315094083,173.3896484375,15148189.0
2025-10-09,174.63844487839282,176.84784504028494,173.38965220795754,175.88723754882812,14580820.0
2025-10-10,175.8872364875897,176.27147361877124,170.79601388204563,173.4857177734375,16019739.0
2025-10-13,171.46843301524288,171.46843301524288,165.03236591203841,165.7047882080078,17736870.0
2025-10-14,165.70478249521597,169.64327884079344,165.41659733324823,167.24176025390625,17028270.0
2025-10-15,167.14569338625554,172.42903426915444,166.56932306322048,171.3723602294922,20627925.0
2025-10-16,171.0841961898936,173.101463081324,168.39449234361294,169.259033203125,12049723.0
2025-10-17,168.49054604785596,169.8354053138331,164.07176043660598,166.37721252441406,14187861.0
2025-10-20,166.56932856296578,171.66055105885576,165.1284173655086,170.41175842285156,19264501.0
2025-10-21,170.50782370337123,171.94873488959692,168.2023716684928,169.16297912597656,10765532.0
2025-10-22,170.50782523118494,175.98328485636333,170.31570666950805,174.54237365722656,19080336.0
2025-10-23,175.02267206963376,182.51541300890918,174.06206463274475,179.6335906982422,29375513.0
2025-10-24,181.55481815350356,187.7027003125499,178.96118082570925,184.24452209472656,34807805.0
2025-10-27,183.9563285452514,186.26178058560794,181.45874328677633,185.1090545654297,20181474.0
2025-10-28,185.10906230975107,189.7199812410756,184.82087712822317,188.9514923095703,9843044.0
2025-10-30,188.95149030445538,190.20028297268615,187.0302753249333,188.27906799316406,16631218.0
2025-10-31,187.9908770696695,191.44906979020925,186.742084439602,189.8160400390625,21755814.0
2025-11-03,189.81603653056126,193.08209597248594,188.66329587321718,190.87269592285156,29108283.0
2025-11-04,190.58451977687727,192.02543100903424,180.40208919759235,180.59420776367188,29499264.0
2025-11-05,180.7863267548319,188.7593718563887,180.30602300965023,187.70269775390625,27109060.0
2025-11-06,188.18299493719545,192.0254247646641,187.6066392576991,190.39239501953125,19202069.0
2025-11-07,190.10420500012725,192.12148647115689,188.75936045791164,190.2002716064453,15748631.0
2025-11-10,190.8727051650388,193.7545276325262,187.60664556496928,188.85543823242188,21996786.0
2025-11-11,188.7593736869629,190.29635154953252,180.4981433266389,184.8208770751953,22394375.0
2025-11-12,185.39723874584178,187.51057221451214,181.65087553582188,187.41452026367188,16057179.0
2025-11-13,187.2223902654298,191.73725710603344,185.4933085435125,189.91209411621094,21204189.0
2025-11-14,189.43179707475508,191.54513065444007,188.18300438657982,191.35301208496094,17311333.0
2025-11-17,192.1214868945005,196.54028695615648,189.81603491484896,193.7545166015625,26956467.0
2025-11-18,193.08210574879365,197.40483945958755,191.54512789965077,195.96392822265625,19147604.0
2025-11-19,195.8678626444317,200.28666299076406,195.8678626444317,198.36544799804688,18613050.0
2025-11-20,199.32604868819075,201.05514505413566,195.2915002727904,196.92453002929688,16681115.0
2025-11-21,196.2521095763881,196.2521095763881,190.68058330397494,193.46633911132812,15479991.0
2025-11-24,192.5057252441891,193.2742141282544,184.05239149258975,187.31845092773438,33943729.0
2025-11-25,187.60664936291226,188.27907168739722,179.53753749597084,182.5154266357422,25347154.0
2025-11-26,182.70754338560354,187.60664749378338,182.70754338560354,185.39724731445312,16260155.0
2025-11-27,185.97361683199946,186.5499725341797,183.7642166627075,186.5499725341797,15845398.0
2025-11-28,186.8381575936796,188.47118740203152,185.8775500996247,187.1263427734375,13119936.0
2025-12-01,187.31845874882222,191.6411924122566,186.06966609228868,191.160888671875,18605415.0
2025-12-02,191.06481243248305,193.65846422600862,190.2002716064453,190.2002716064453,21349644.0
2025-12-03,190.10421837797466,192.31361855941216,187.03027730966068,188.9514923095703,23565848.0
2025-12-04,188.95148462998955,191.9293736219016,188.27906233889198,189.2396697998047,15678263.0
2025-12-05,188.85543257865774,192.02542547182813,187.31845477892747,189.8160400390625,18630139.0
2025-12-08,190.0081653334878,193.75452869875474,189.04755783903914,191.2569580078125,17647205.0
2025-12-09,191.44906703854286,192.0254227118779,188.85542986426927,189.719970703125,12198007.0
2025-12-10,189.81603449658547,192.02541986483882,189.0475456191596,190.2002716064453,21659406.0
2025-12-11,190.39239024495072,192.79390882689435,188.37512343074175,189.6239013671875,19044105.0
2025-12-12,190.29634376926487,191.1608846205465,188.37512884845535,189.8160400390625,18911201.0
2025-12-15,190.0081546931098,191.16088069035456,187.31845092773438,187.31845092773438,19898047.0
2025-12-16,187.0302730318771,187.41452481769468,179.3454132080078,179.3454132080078,30436088.0
2025-12-17,179.44148357411942,183.28391356646586,179.153298393152,181.84300231933594,22416480.0
2025-12-18,182.1311876235655,183.47603225871404,180.20997262609205,181.26663208007812,15204905.0
2025-12-19,181.45874054725851,181.84299231998787,176.65570332093927,177.32814025878906,19888159.0
2025-12-22,178.00057426104053,179.0572337257925,175.2148036916965,178.3848114013672,19106846.0
2025-12-23,178.3847989600213,179.63359156554768,177.3281395689654,177.9044952392578,13621423.0
2025-12-24,177.90450386543748,180.88239294164467,176.5596592451738,180.59420776367188,13592120.0
2025-12-25,181.1705704196308,182.03511125909804,180.30601492245714,180.88238525390625,4793950.0
2025-12-26,180.59419684612135,180.69026345220706,177.0399522865421,177.80844116210938,7567211.0
2025-12-29,177.80845253174178,178.76906002319862,175.88723754882812,175.88723754882812,10411782.0
2025-12-30,176.07934619782267,179.05722045898438,176.07934619782267,179.05722045898438,10376796.0
2025-12-31,179.15329845546955,179.9217873857476,176.46359452835003,177.13601684570312,11055285.0
2026-01-02,177.2320721060197,179.92177586085015,177.13600549924828,179.6335906982422,9105038.0
2026-01-05,179.6335996805542,185.3972445900907,178.8651107610746,185.30117797851562,31954799.0
2026-01-06,185.30117170344573,192.21755708683747,184.14844569211593,192.12149047851562,23003714.0
2026-01-07,192.02543227720574,193.46634351887872,190.1042172883084,191.2569580078125,19011285.0
2026-01-08,189.91209980952513,190.9687739225583,187.7026996280876,188.9514923095703,14272728.0
2026-01-09,189.71998111715214,192.5057370021186,187.03027718749414,189.52786254882812,20138179.0
2026-01-12,190.2002739366052,195.57968148678367,188.9514813277024,195.00331115722656,22769820.0
2026-01-13,195.67574520676177,200.76696789840634,195.09938950024235,200.1905975341797,31053579.0
2026-01-14,200.09453751961968,211.8139456393244,199.61423378801123,209.89273071289062,38028391.0
2026-01-15,208.64394078823858,210.2769705653695,203.8409034097906,209.98880004882812,24579709.0
2026-01-16,209.9888050752493,214.88789452390975,208.6439457824684,213.73516845703125,20084909.0
2026-01-19,213.7351607764751,217.2894054623403,210.08484948111084,214.02334594726562,23062834.0
2026-01-20,214.11939274559026,219.01849655799637,213.63908902506833,217.96182250976562,25439672.0
2026-01-21,219.49880931759193,221.51609088993922,208.45182329066716,212.39031982421875,27079222.0
2026-01-22,214.59970671705867,218.44213666477827,210.85334338111483,217.76971435546875,21608394.0
2026-01-23,218.92243349015828,220.26729272398597,216.13667772917597,216.90516662597656,15704961.0
2026-01-26,215.6563732130412,219.21061785783954,214.88788431904808,218.05789184570312,16867108.0
2026-01-27,218.05789669544458,219.306689343744,214.31153340825315,218.25001525878906,18009461.0
2026-01-28,219.30668112147083,235.0606372483789,219.30668112147083,232.65911865234375,32929627.0
2026-01-29,234.38821652885636,238.61488342285156,231.3142756370684,238.61488342285156,30420218.0
2026-01-30,237.17397462324516,238.03853012681074,230.54578905110841,235.15670776367188,20940150.0
2026-02-02,230.44972617105606,230.44972617105606,217.6736585472671,220.55548095703125,37418300.0
2026-02-03,222.57275013351898,225.83882435939563,219.11457200093457,224.7821502685547,40104523.0
2026-02-04,225.26245676759592,228.3363978090025,220.17123413085938,220.17123413085938,25877682.0
2026-02-05,220.17122816777052,224.10972463952328,217.19335381925376,217.5775909423828,22289614.0
2026-02-06,217.67366217274946,220.0751808875516,213.83123222906602,214.21546936035156,21124725.0
2026-02-09,212.5824364764961,215.08000710897045,210.27696974916577,211.1415252685547,32632299.0
2026-02-10,212.29425415478192,213.25486163964518,205.08969801830742,205.95423889160156,28402519.0
2026-02-11,206.53060076377346,209.60454165755345,205.37787476081925,207.3951416015625,26532850.0
2026-02-12,208.4518169746202,215.0800025268596,207.58727613135642,214.50364685058594,33906997.0
2026-02-13,214.8878876152948,217.1933543326386,211.91001325973917,212.87062072753906,25622347.0
2026-02-16,213.83122940086062,217.3854741202167,213.25485905384858,214.69577026367188,24524623.0
2026-02-17,214.21547116366298,214.69577491066673,211.04546350189696,211.33364868164062,22831956.0
2026-02-18,211.8139438396883,215.08000332379365,209.60454376151986,213.35092163085938,38748424.0
2026-02-19,214.79183291121856,220.74759620373112,212.2942476638553,212.77455139160156,48542887.0
2026-02-20,212.87062072753906,215.27213939703879,208.9321242464768,212.87062072753906,28777488.0
2026-02-23,214.50364720090477,218.82638073969625,214.50364720090477,218.05789184570312,29764395.0
2026-02-24,219.01849695154138,219.59486728028588,212.5824300165242,213.25485229492188,28611549.0
2026-02-25,213.92727426753098,214.2154594314913,207.87544445518975,209.12423706054688,21523285.0
2026-02-26,209.508489707636,211.14151943329665,206.6266673713973,207.3951416015625,23197735.0
2026-02-27,208.35575290866095,209.89273071289062,204.12908593358927,209.89273071289062,30856689.0
2026-03-02,209.89273475303875,226.12699533080885,209.89273475303875,215.94456481933594,50537426.0
2026-03-03,221.42001852481923,230.35367079380444,220.84364818835314,225.7427520751953,56798538.0
2026-03-04,226.2230632831524,227.27973738237733,219.30669230539996,221.90032958984375,39760100.0
2026-03-05,225.646688942901,237.75034893350772,224.8782146927157,237.0779266357422,45689115.0
2026-03-06,239.86368590555438,253.36022399192635,239.67156734022984,247.83673095703125,60993877.0
2026-03-09,266.08826275043316,266.32841461212126,238.32671340236942,240.3920135498047,64828848.0
2026-03-10,230.06548838461597,242.07308172410532,230.06548838461597,238.23065185546875,62050964.0
2026-03-11,238.99914835333018,247.83673440040795,237.75035567480995,238.5188446044922,45119752.0
2026-03-12,246.39581955863804,254.32083129882812,240.39202278576673,254.32083129882812,48446845.0
2026-03-13,254.32083076317804,258.4034125601318,247.83673026213384,253.1200714111328,42790781.0
2026-03-16,259.75,261.0,252.0,255.0,30653684.0
2026-03-17,256.5,258.75,251.0,251.5,28368721.0
2026-03-18,251.5,257.25,248.5,254.75,43840739.0
2026-03-19,258.75,263.5,253.25,253.25,23336270.0
2026-03-23,255.25,265.75,249.39999389648438,255.0,74838120.0
2026-03-24,258.5,260.75,252.75,259.0,33435568.0
2026-03-25,254.5,257.0,248.0,250.5,32827948.0
2026-03-26,242.8000030517578,242.8000030517578,236.5,240.1999969482422,47877678.0
2026-03-27,240.6999969482422,241.5,234.0,240.5,83103613.0
2026-03-30,245.0,251.25,244.5,247.0,35658352.0
2026-03-31,245.1999969482422,262.75,241.5,258.25,52767272.0
2026-04-01,253.25,257.75,251.5,253.75,44303532.0
2026-04-02,260.0,261.5,253.0,256.0,36737138.0
2026-04-03,257.0,261.25,255.25,255.25,19513602.0
2026-04-06,257.25,260.25,253.75,256.5,28507877.0
2026-04-07,259.5,264.5,256.25,260.0,39634457.0
2026-04-08,246.0,253.75,240.1999969482422,251.0,94110678.0
2026-04-09,255.0,256.0,250.75,255.0,48998471.0
2026-04-10,253.5,256.25,251.75,254.5,35352476.0
2026-04-13,261.0,268.5,259.5,264.0,57422416.0
2026-04-14,262.0,272.5,260.75,267.5,47234842.0
2026-04-15,265.5,268.5,261.25,261.25,24203656.0
2026-04-16,262.25,268.0,261.5,268.0,28419888.0
2026-04-17,267.75,268.75,251.5,253.0,42934431.0
2026-04-20,260.25,261.25,254.25,255.0,29511652.0
2026-04-21,255.0,258.75,253.25,253.5,28761782.0
2026-04-22,253.75,264.25,253.75,263.0,31893926.0
2026-04-24,266.0,272.5,266.0,269.0,27516707.0
2026-04-27,270.5,275.5,270.25,274.0,24278073.0
2026-04-28,276.5,279.5,269.25,269.5,23526284.0
2026-04-29,271.75,276.5,270.5,275.5,20917057.0
2026-04-30,278.5,279.5,267.25,271.0,23820725.0
2026-05-04,270.75,274.75,265.0,271.0,28400167.0
2026-05-05,272.0,274.25,267.75,270.75,17750470.0
2026-05-06,269.5,274.0,259.75,271.0,40934848.0
2026-05-07,268.0,268.25,259.25,259.25,30381381.0
2026-05-08,262.0,262.75,258.5,258.5,21061523.0
2026-05-11,262.5,264.25,259.5,259.5,27915776.0
2026-05-12,261.0,262.5,254.5,255.0,26346926.0
2026-05-13,255.25,256.75,250.0,250.75,21811439.0
2026-05-14,250.75,255.5,250.75,253.5,13081691.0
2026-05-15,255.0,258.5,252.75,258.5,17959437.0
2026-05-18,261.0,263.25,250.0,254.0,18238590.0
2026-05-20,251.75,253.75,248.60000610351562,250.0,13220117.0
2026-05-21,249.10000610351562,253.5,240.0,241.6999969482422,14316169.0
2026-05-22,240.0,246.0,239.0,243.10000610351562,30889818.0
2026-05-25,238.10000610351562,239.0,232.3000030517578,234.10000610351562,20528914.0
2026-05-26,236.0,236.39999389648438,232.1999969482422,236.1999969482422,10920752.0
2026-05-27,236.1999969482422,236.1999969482422,236.1999969482422,236.1999969482422,0.0
2026-05-28,236.1999969482422,236.1999969482422,236.1999969482422,236.1999969482422,0.0
2026-05-29,236.1999969482422,236.1999969482422,236.1999969482422,236.1999969482422,0.0
2026-06-01,236.1999969482422,245.3000030517578,235.8000030517578,244.89999389648438,30772614.0
2026-06-02,241.8000030517578,250.25,238.1999969482422,250.25,24827128.0
2026-06-03,252.5,252.75,235.5,237.89999389648438,33696650.0
2026-06-04,239.0,239.8000030517578,227.39999389648438,232.1999969482422,30774067.0
2026-06-05,233.0,241.8000030517578,233.0,240.8000030517578,20110110.0
2026-06-08,245.5,246.0,236.89999389648438,238.8000030517578,19275785.0
2026-06-09,236.89999389648438,237.8000030517578,228.8000030517578,229.5,16657603.0
2026-06-10,230.0,237.39999389648438,230.0,234.8000030517578,18162758.0
2026-06-11,236.0,238.89999389648438,230.3000030517578,236.0,15396004.0
2026-06-12,231.1999969482422,235.6999969482422,230.3000030517578,233.8000030517578,21445851.0
2026-06-15,232.8000030517578,236.6999969482422,229.0,231.89999389648438,32241582.0
2026-06-16,231.89999389648438,233.10000610351562,225.1999969482422,225.39999389648438,29076894.0
2026-06-17,225.5,228.6999969482422,225.5,226.6999969482422,21270689.0
2026-06-18,226.8000030517578,227.60000610351562,222.5,224.10000610351562,22048287.0
2026-06-19,226.8000030517578,227.60000610351562,224.1999969482422,226.89999389648438,22166113.0
2026-06-22,226.10000610351562,226.10000610351562,220.6999969482422,220.6999969482422,17162322.0
2026-06-23,220.6999969482422,223.3000030517578,218.39999389648438,220.39999389648438,16678647.0
2026-06-24,220.0,220.8000030517578,216.10000610351562,216.8000030517578,13273572.0
2026-06-25,216.5,222.6999969482422,215.10000610351562,219.1999969482422,28116816.0
2026-06-26,218.1999969482422,220.10000610351562,217.5,219.1999969482422,11219800.0
2026-06-29,219.6999969482422,222.6999969482422,217.3000030517578,219.3000030517578,16066043.0
2026-06-30,220.0,227.60000610351562,218.1999969482422,227.5,29482139.0
2026-07-01,227.5,238.6999969482422,226.0,236.3000030517578,31094935.0
2026-07-02,236.10000610351562,241.5,235.0,239.8000030517578,24457336.0
2026-07-03,240.0,249.60000610351562,239.1999969482422,248.1999969482422,26165214.0
2026-07-06,248.3000030517578,252.25,243.0,247.39999389648438,21104772.0
2026-07-07,247.8000030517578,259.25,247.8000030517578,258.0,27252807.0
2026-07-08,260.5,265.75,255.25,256.5,39550021.0
2026-07-09,258.0,264.25,257.5,264.25,20337023.0
2026-07-10,264.25,270.0,262.25,267.0,25522430.0
2026-07-13,271.5,273.0,266.5,268.25,24414654.0
2026-07-14,270.0,273.5,267.75,270.75,24519320.0
2026-07-16,271.25,286.75,271.25,286.25,29371641.0
2026-07-17,287.0,289.75,283.25,289.25,23702496.0
2026-07-20,292.5,308.75,292.5,307.5,41016904.0
2026-07-21,306.75,312.0,304.5,309.5,24005434.0
2026-07-22,309.5,317.75,307.0,313.75,22169390.0
2026-07-23,314.0,320.25,309.75,314.5,27083734.0
2026-07-24,313.0,314.25,303.0,304.25,28589413.0
2026-07-27,297.5,301.0,291.25,292.25,25754983.0
2026-07-28,292.25,299.0,289.0,293.5,19989215.0
2026-07-29,297.5,301.5,290.0,297.75,25309047.0
2026-07-30,303.0,303.0,285.0,288.0,22983322.0
2026-07-31,288.0,295.75,285.75,295.25,22052293.0
2026-08-03,293.0,295.75,286.5,290.5,21759393.0
2026-08-04,293.25,295.5,283.0,290.25,30714332.0
2026-08-05,299.0,310.5,295.5,303.75,54128289.0
2026-08-06,304.25,323.5,303.5,321.5,42412282.0
2026-08-07,322.75,332.0,318.25,323.5,36486193.0
2026-08-10,325.0,342.5,323.75,340.0,38603793.0
2026-08-11,342.75,344.75,329.75,336.5,39267266.0
2026-08-12,337.5,353.5,337.5,351.25,35147541.0
2026-08-13,351.5,357.0,343.25,346.0,22784976.0
2026-08-14,350.0,364.5,345.75,361.75,34621634.0
2026-08-17,362.5,373.5,361.0,368.75,25997605.0
2026-08-18,372.0,374.5,364.25,374.0,26573759.0
2026-08-19,374.25,398.25,373.0,395.5,40012823.0
2026-08-20,398.0,402.75,390.75,395.25,29319183.0
2026-08-21,396.0,406.75,391.0,406.75,25718838.0
2026-08-24,407.0,407.5,399.25,400.5,22741600.0
2026-08-25,398.5,402.0,373.75,373.75,44737737.0
2026-08-26,369.75,382.75,366.5,380.0,34726936.0
