Date,open,high,low,close,volume
2018-01-01,16.139326095581055,16.139326095581055,16.139326095581055,16.139326095581055,0.0
2018-01-02,16.13932579901028,16.836755033001804,16.024455653995798,16.80393409729004,714229.0
2018-01-03,16.803931488848765,17.65725690503445,16.721880727294277,17.312644958496094,949367.0
2018-01-04,17.59161837862721,18.165970637316214,17.361876536158647,18.083921432495117,1766279.0
2018-01-05,18.18238117589794,18.920834977114517,18.13315133981371,18.54340362548828,1424200.0
2018-01-08,18.83878362277874,18.85519408929401,18.03468954338926,18.297250747680664,753764.0
2018-01-09,18.280842206627913,18.379301877684572,17.837768991908177,18.313661575317383,470817.0
2018-01-10,18.29725146863035,18.412123173775193,17.591618595540858,18.3300724029541,545444.0
2018-01-11,18.33007224913891,18.723914067789316,18.100330405765373,18.54340362548828,1573001.0
2018-01-12,18.559811767050167,18.773141551681988,18.461350542230186,18.641860961914062,797232.0
2018-01-15,18.65827494291485,18.707504782107854,18.149562952947637,18.49417495727539,774006.0
2018-01-16,18.444941947463327,18.444941947463327,17.985459836686996,18.0675106048584,500399.0
2018-01-17,18.06750982463382,18.69109344482422,18.001869525928946,18.69109344482422,464852.0
2018-01-18,18.69109433106447,19.18339581219948,18.69109433106447,19.084936141967773,615315.0
2018-01-19,18.789553050364514,19.019294877591754,18.707502285998487,18.80596351623535,478441.0
2018-01-22,18.740325494299288,18.95365688157101,18.641864252101435,18.83878517150879,281290.0
2018-01-23,18.871604498586077,19.610058274663544,18.822374664177772,19.52800750732422,482394.0
2018-01-24,19.544418627867696,20.529024738914178,19.544418627867696,19.67569923400879,673654.0
2018-01-25,19.708519879020518,19.708519879020518,18.953655622284874,18.986474990844727,401129.0
2018-01-26,18.986474906747826,19.85621086206126,18.970066005034706,19.084936141967773,723985.0
2018-01-29,19.19980650723109,19.806979697508112,19.13416620463326,19.331087112426758,234320.0
2018-01-30,19.34749546680324,19.69210740906134,19.33108500169855,19.64287757873535,395435.0
2018-01-31,19.823391196830336,20.020312114879708,19.199807507179816,19.495189666748047,723272.0
2018-02-01,19.528010490281236,19.577241897197993,18.871607381275727,19.13416862487793,782471.0
2018-02-02,19.13416880227271,19.41314051743354,18.88801802536067,19.363910675048828,402902.0
2018-02-05,19.150573991875692,19.577236681554737,19.11775306267513,19.396724700927734,309535.0
2018-02-06,19.101346674644514,19.166986976688452,18.510582391260836,18.97006607055664,507604.0
2018-02-07,19.068528233323168,19.51160150376916,19.052117764420323,19.249038696289062,461805.0
2018-02-08,19.199806586823517,19.363908126492507,18.412122952384195,18.658273696899414,831697.0
2018-02-09,18.60904348234397,18.93724499001556,18.018279203546868,18.62545394897461,545058.0
2018-02-12,18.625454687679944,18.937245741086866,17.969050081314823,18.674684524536133,992204.0
2018-02-13,18.674684369150825,18.904426214215263,18.39571268763982,18.888015747070312,593354.0
2018-02-14,18.904425853096534,19.281857200290844,18.740324314758332,18.871604919433594,363726.0
2018-02-15,18.92083475493975,18.970066155434164,18.494173572239283,18.871604919433594,729292.0
2018-02-16,18.888014340938845,19.199805368539963,18.69109344482422,18.69109344482422,303251.0
2018-02-19,18.871605141030283,18.920834977114517,18.526993158464112,18.54340362548828,141906.0
2018-02-20,18.74032329699278,18.87160389453834,18.510581468793962,18.707502365112305,165565.0
2018-02-21,18.625454111745082,19.26544666605061,18.625454111745082,18.986474990844727,405140.0
2018-02-22,18.871604994241927,19.34749757932328,18.625454250747122,19.331087112426758,517286.0
2018-02-23,19.31467722952512,19.31467722952512,18.986474168217146,19.03570556640625,248019.0
2018-02-26,19.166985358758946,19.166985358758946,19.035704765752772,19.10134506225586,419320.0
2018-02-27,19.052115143547123,19.34749728321069,18.904425638703575,19.199806213378906,290786.0
2018-02-28,19.33108596594971,19.478777029282725,18.379300852234937,18.69109344482422,991302.0
2018-03-01,18.625454185302736,18.838783994254918,18.116740668215805,18.313661575317383,407204.0
2018-03-02,18.313661061482954,18.42853119615551,17.903408791951566,17.952638626098633,370467.0
2018-03-05,18.083922222973975,18.789555118207062,18.083922222973975,18.592634201049805,241311.0
2018-03-06,18.658272348087895,18.658272348087895,18.198790261214377,18.346481323242188,315223.0
2018-03-07,18.477763040755114,19.035706391166883,18.29725103621704,18.986474990844727,827358.0
2018-03-08,19.166987062447056,19.166987062447056,18.60904371008307,18.871604919433594,769349.0
2018-03-09,18.80596580076841,18.920835945842274,18.658274719965803,18.83878517150879,153456.0
2018-03-12,18.82237398210619,18.953654579096565,18.674682919244976,18.80596351623535,167488.0
2018-03-13,18.95365353635394,18.95365353635394,18.5762206670301,18.641860961914062,265763.0
2018-03-14,18.65827445227566,18.723914757803033,18.116741540427714,18.13315200805664,362366.0
2018-03-15,18.001869881126822,18.231610148632846,17.886998182385614,18.165969848632812,542812.0
2018-03-16,18.231611410307117,18.231611410307117,17.936230822359963,18.018280029296875,511939.0
2018-03-19,18.182380441274745,18.24802074173108,17.936229705810547,17.936229705810547,292390.0
2018-03-20,18.018279635632805,18.641863297656744,17.936230430488507,18.54340362548828,1739222.0
2018-03-21,18.592632372633393,19.134165232808098,18.576221906570357,19.03570556640625,578546.0
2018-03-22,19.150576074326956,19.166986540711726,18.346482001331783,18.510581970214844,1156622.0
2018-03-23,18.280842516107885,18.444942492309817,17.755718523292167,17.886999130249023,808573.0
2018-03-26,17.91982062384558,18.428532600435673,17.88699968858773,18.13315200805664,774723.0
2018-03-27,18.330072042156242,18.379301877684572,18.133151135054668,18.313661575317383,212021.0
2018-03-28,18.21520137399702,18.313661042187412,17.854178938993076,17.936229705810547,464057.0
2018-03-29,18.001870662685757,18.29725124301589,17.87059005698608,18.083921432495117,457280.0
2018-03-30,18.083920647373915,18.248020614879906,17.969048948632707,18.165969848632812,61752.0
2018-04-02,18.297251845866377,18.41212355337954,18.182381703341534,18.362892150878906,75759.0
2018-04-03,18.444942474365234,18.62545448249651,18.21520219490838,18.444942474365234,344310.0
2018-04-04,18.658273710065565,18.658273710065565,18.001870680902943,18.100330352783203,284944.0
2018-04-05,18.39571256738422,18.39571256738422,17.9690498143344,17.98546028137207,164052.0
2018-04-06,18.08392217015819,18.19879231358402,17.93623109147451,18.13315200805664,167298.0
2018-04-09,17.985459539905744,18.133150607179548,17.80494910489788,17.936229705810547,268291.0
2018-04-10,17.88699860337866,17.985459838190224,17.509567260742188,17.509567260742188,361620.0
2018-04-11,17.47674462537986,17.870587961280666,16.96803272919795,17.197772979736328,592266.0
2018-04-12,17.29623664452864,17.52597849245934,16.951624655126746,17.0008544921875,378925.0
2018-04-13,17.01726383632392,17.148544436479714,16.705472802200955,16.918804168701172,389019.0
2018-04-16,16.639834852077392,17.329058882724812,16.639834852077392,17.29623794555664,404027.0
2018-04-17,17.39469681978339,17.70648785541686,16.820343017578125,16.820343017578125,481322.0
2018-04-18,17.099315337054055,17.608027293258996,17.050085501128343,17.525978088378906,763417.0
2018-04-19,17.72289812180052,17.87058918727199,17.411105524696712,17.70648765563965,367920.0
2018-04-20,17.55879679662177,17.673668496110327,17.378286361694336,17.378286361694336,373505.0
2018-04-23,17.378286361694336,17.378286361694336,17.378286361694336,17.378286361694336,0.0
2018-04-24,17.296238049739216,17.969051615855193,17.296238049739216,17.640850067138672,343687.0
2018-04-25,17.772130499243698,17.83777080829492,17.230597558324018,17.411108016967773,128887.0
2018-04-26,17.345465210322228,17.493156275668365,17.148544311523438,17.148544311523438,254799.0
2018-04-27,17.115726329076413,17.493157691065573,17.115726329076413,17.34546661376953,445463.0
2018-04-30,17.36187736856981,17.608028124811273,17.36187736856981,17.476747512817383,357398.0
2018-05-01,17.476747512817383,17.476747512817383,17.476747512817383,17.476747512817383,0.0
2018-05-02,17.39469543018077,17.55879538556703,17.11572378453724,17.197772979736328,502196.0
2018-05-03,17.18136575454793,17.345465725930836,16.935213449991217,16.951623916625977,413030.0
2018-05-04,16.902392902091535,17.115724258490324,16.820342139632288,16.98444366455078,565019.0
2018-05-07,16.787524451265508,17.39469927175055,16.787524451265508,17.181367874145508,579602.0
2018-05-08,17.279826339860595,17.31264727486896,16.65624265959649,16.78752326965332,448521.0
2018-05-09,16.820341546308136,16.935211670706252,16.70547142191002,16.738290786743164,445163.0
2018-05-10,16.78752326965332,16.935214347214334,16.57419345205221,16.78752326965332,193871.0
2018-05-11,16.820341546308136,17.1157236547468,16.738290786743164,16.738290786743164,257606.0
2018-05-14,16.869574114167687,17.21418610828439,16.6398338280821,16.672653198242188,252346.0
2018-05-15,16.65624154059766,16.705472939802746,16.139324368849934,16.14752960205078,801050.0
2018-05-16,16.049070532766276,16.18035115170596,15.835739135742188,15.835739135742188,736902.0
2018-05-17,15.605995855211564,15.794711513279573,15.376254033440864,15.417280197143555,522583.0
2018-05-18,15.302409971515017,15.62240781913653,15.203950299160915,15.515741348266602,481690.0
2018-05-21,15.26138533185985,15.425485307048202,14.87574718194127,14.998824119567871,444876.0
2018-05-22,14.949592863856113,15.236769779462891,14.859338424370996,15.064464569091797,3605112.0
2018-05-23,14.93318446309131,15.154719517437309,14.465495522833812,14.646007537841797,438625.0
2018-05-24,14.596775965264799,14.810105760400031,14.252164008909814,14.375239372253418,467696.0
2018-05-25,14.27677983895123,14.892158293776614,14.186525396435577,14.646007537841797,766681.0
2018-05-28,14.703441523563422,14.998823660852231,14.695236290306708,14.875746726989746,228098.0
2018-05-29,14.908568578218302,14.966003649564437,14.506521513807037,14.637802124023438,619605.0
2018-05-30,14.777288241341203,14.80190394308272,14.39985530624634,14.54754638671875,554039.0
2018-05-31,14.408059151344927,14.629595750699284,14.317804716969158,14.350624084472656,935822.0
2018-06-01,14.211138673863891,14.481905115017621,13.874731930763446,14.252164840698242,547460.0
2018-06-04,14.52293217941259,14.531135848298227,14.293190325906231,14.367035865783691,499574.0
2018-06-05,14.326008411002773,14.391650276104835,14.014217376708984,14.014217376708984,617009.0
2018-06-06,14.112680137977978,14.342420430766534,13.431661363662073,13.759862899780273,918734.0
2018-06-07,13.718837123083484,14.490111928821541,13.661402048239193,14.457292556762695,611764.0
2018-06-08,14.55575099114444,15.704457084602264,14.55575099114444,15.679842948913574,1723564.0
2018-06-11,15.74548525407032,16.426504076159425,15.31882244469225,15.343438148498535,970442.0
2018-06-12,15.37625390748307,15.540355430973317,14.916771832693739,15.031641960144043,683034.0
2018-06-13,14.966003523438351,15.015233360607537,14.728058006297035,14.79369831085205,542882.0
2018-06-14,14.719852318914024,15.138309834425314,14.539340313210177,14.670620918273926,454686.0
2018-06-15,14.670620918273924,14.670620918273924,14.670620918273924,14.670620918273926,0.0
2018-06-18,14.670619373410055,15.097282077432393,14.49831418427878,14.687029838562012,717153.0
2018-06-19,14.883950725421224,14.957796253616939,14.604979077790318,14.687029838562012,397210.0
2018-06-20,14.851132447352985,15.38446008393164,14.744465981044328,15.089077949523926,541916.0
2018-06-21,15.015232006855138,15.302408900262478,15.015232006855138,15.113693237304688,311854.0
2018-06-22,15.17933416369914,15.507535670457152,15.056258794288416,15.318819999694824,575677.0
2018-06-25,16.410090160000816,16.410090160000816,15.031642336162644,15.327024459838867,1421653.0
2018-06-26,15.236770178959153,15.359845556020916,14.736261871921212,14.818312644958496,379994.0
2018-06-27,14.83472138427485,15.056257976169356,14.769081086489976,14.826516151428223,370438.0
2018-06-28,14.818311841078577,14.900362609664683,14.522931265152138,14.60498046875,632986.0
2018-06-29,14.596775843748606,15.015231762635642,14.596775843748606,14.867542266845703,770636.0
2018-07-02,14.769083074671018,15.015233833253527,14.769083074671018,14.933184623718262,650738.0
2018-07-03,14.916773686269167,15.19574537187506,14.785493077159135,14.79369831085205,273092.0
2018-07-04,14.80190204717413,14.916772177277988,14.687030352082123,14.769081115722656,192897.0
2018-07-05,14.793698508539139,14.998824658638188,14.760877573328894,14.818312644958496,235887.0
2018-07-06,14.982412475192785,15.015231841656108,14.678825119219255,14.769081115722656,261305.0
2018-07-09,14.728056926747126,14.99882335881323,14.654211393911988,14.744465827941895,483148.0
2018-07-10,14.752672448083326,14.752672448083326,14.350625378729344,14.646007537841797,728270.0
2018-07-11,12.553720239779786,14.465495067499484,12.553720239779786,14.22754955291748,744278.0
2018-07-12,14.301395004682197,14.301395004682197,13.062432907591065,13.267559051513672,1041497.0
2018-07-13,13.538326515870937,14.047040079607648,13.316789888195832,13.948578834533691,385608.0
2018-07-16,14.071653143150822,14.695236807723342,13.874732233020806,14.39985466003418,802410.0
2018-07-17,14.539340266030877,14.777287340054455,14.02242308089327,14.4326753616333,2055070.0
2018-07-18,14.547544720463307,14.662416417111466,14.350623824051256,14.440879821777344,273730.0
2018-07-19,14.326010028793725,14.703442970811883,14.326010028793725,14.662418365478516,180856.0
2018-07-20,14.68702956140518,15.179332551757076,14.613184034602991,15.171127319335938,372785.0
2018-07-23,15.261385676430075,15.351640117075531,14.785493077159135,14.79369831085205,586265.0
2018-07-24,14.810106211213071,14.81831144435083,13.82550170950516,14.014217376708984,1123813.0
2018-07-25,14.055243644080765,14.514727364351584,14.055243644080765,14.34242057800293,1587920.0
2018-07-26,14.440880046021986,14.449085279123425,14.088062847601122,14.129087448120117,601578.0
2018-07-27,14.161909803600006,14.334215021079888,14.161909803600006,14.268574714660645,343598.0
2018-07-30,14.293189165852551,14.506520534296705,14.161908564500491,14.416264533996582,686298.0
2018-07-31,14.490110645727723,14.506521112798213,14.34241957206987,14.383445739746094,409870.0
2018-08-01,14.39985466003418,14.47370019695647,14.31780545455455,14.39985466003418,354132.0
2018-08-02,14.194728515223533,14.194728515223533,13.800886694994993,13.825502395629883,354958.0
2018-08-03,13.825501887648413,14.153703392446632,13.825501887648413,14.022422790527344,189025.0
2018-08-06,14.14549867039975,14.14549867039975,13.850116522912584,14.104474067687988,332462.0
2018-08-07,14.194727847267265,14.27677861386758,14.0880629461786,14.235754013061523,200828.0
2018-08-08,14.342419590203127,14.39985466003418,14.178319614255587,14.39985466003418,191985.0
2018-08-09,14.391652040062633,14.769083420731338,14.243960955457178,14.728058815002441,610611.0
2018-08-10,14.28498561063808,14.432676695754814,12.709616644373561,13.948578834533691,1963633.0
2018-08-13,13.94857722461209,14.367034729149038,11.88911063482666,14.07985782623291,3102518.0
2018-08-14,14.35882912715094,14.440879892303725,13.882936567250608,14.063446998596191,780488.0
2018-08-15,14.178318920487257,14.293189054528579,12.676794902359035,12.840895652770996,2001115.0
2018-08-16,12.939357212712652,13.05422734965872,12.0532115730917,12.069622039794922,1150812.0
2018-08-17,12.151672768205845,12.381413823833647,11.528089120436263,11.560909271240234,1353982.0
2018-08-20,11.552704037915712,11.708600341105166,11.29834806480846,11.560909271240234,903179.0
2018-08-21,11.560909271240234,11.560909271240234,11.560909271240234,11.560909271240234,0.0
2018-08-22,11.560909271240234,11.560909271240234,11.560909271240234,11.560909271240234,0.0
2018-08-23,11.560909271240234,11.560909271240234,11.560909271240234,11.560909271240234,0.0
2018-08-24,11.560909271240234,11.560909271240234,11.560909271240234,11.560909271240234,0.0
2018-08-27,11.569113898721522,11.593728814911955,11.240911625374753,11.298347473144531,2235562.0
2018-08-28,11.306552664039096,11.446038502410278,11.257322828434047,11.347578048706055,1983046.0
2018-08-29,11.421424228172679,12.553720683314145,11.347578688109992,12.291158676147461,2322525.0
2018-08-30,12.291158676147461,12.291158676147461,12.291158676147461,12.291158676147461,0.0
2018-08-31,12.307569550722995,12.660386794908533,11.930137386534389,12.258338928222656,1246091.0
2018-09-03,12.159878238905954,12.947562706759832,12.094237931792646,12.808076858520508,699718.0
2018-09-04,12.799872301035412,12.947562599570576,12.51269537292151,12.685001373291016,536716.0
2018-09-05,12.635770528229152,12.767051921536995,12.611155609325127,12.72602653503418,568039.0
2018-09-06,12.726026419973433,12.963972720545408,12.726026419973433,12.890127182006836,821674.0
2018-09-07,12.881920854068694,13.226533598808066,12.717820105974296,13.1034574508667,862909.0
2018-09-10,13.169097405208044,13.169097405208044,12.553719775029107,12.734230995178223,748432.0
2018-09-11,12.767050703228852,12.816280536339097,12.537308873734085,12.545514106750488,518484.0
2018-09-12,12.537310374525013,12.799872385021546,12.463464833525805,12.578335762023926,460875.0
2018-09-13,12.6111549189167,13.751656532287598,12.438848931033242,13.751656532287598,1009284.0
2018-09-14,13.825502149017336,13.989602122024618,13.333199100018984,13.932167053222656,808665.0
2018-09-17,13.989601371913277,13.99780660487192,12.881920744801132,12.98858642578125,2022175.0
2018-09-18,13.004998333788498,13.095253558859493,12.799872182041009,12.849102020263672,1836160.0
2018-09-19,12.849100614350018,13.078841660071198,12.504488654521207,12.652179718017578,1565828.0
2018-09-20,12.76705100613196,12.988586825372256,12.643974855448143,12.67679500579834,2242182.0
2018-09-21,12.750641834929226,13.152689695677074,12.734232149334273,12.97217845916748,1112109.0
2018-09-24,13.03781851985886,13.407045437442621,13.013202818190882,13.29217529296875,706626.0
2018-09-25,13.259353632717014,13.735246217369422,13.259353632717014,13.538325309753418,1053735.0
2018-09-26,13.636787161734572,14.440881295383878,13.111663152728465,13.24294376373291,1428899.0
2018-09-27,13.45627556573267,13.948578654781455,13.366021120982063,13.940373420715332,984835.0
2018-09-28,13.907552802973676,13.923961704646898,13.530119894701324,13.809091567993164,1240311.0
2018-10-01,13.891142856841173,13.94037269368205,13.603965939457508,13.612171173095703,390101.0
2018-10-02,13.603964916197365,13.61217014921838,13.029611907125746,13.448068618774414,744610.0
2018-10-03,13.464480050376842,13.53012035426397,13.136278530941206,13.169097900390625,819929.0
2018-10-04,13.226533558195383,13.29217385723159,12.791665598962895,12.88192081451416,640432.0
2018-10-05,12.9639725607165,13.70242715450387,12.857306871086298,13.390634536743164,1135337.0
2018-10-08,13.210123736012259,13.513709546980044,13.17730280240047,13.374223709106445,274757.0
2018-10-09,13.390634896690662,13.800887198991177,13.390634896690662,13.407045364379883,733390.0
2018-10-10,13.513709279021871,13.587554813195888,13.185507774353027,13.185507774353027,461463.0
2018-10-11,13.251148584402676,13.472685195436277,13.169097813835977,13.267559051513672,554999.0
2018-10-12,13.300377880088535,13.858321219275815,13.300377880088535,13.5219144821167,1337172.0
2018-10-15,13.538326083519202,13.841913478229353,13.472685777228945,13.530120849609375,701512.0
2018-10-16,13.43166041004167,13.497300712604984,13.193713335132,13.259353637695312,629207.0
2018-10-17,13.292174752180165,13.472685195436277,13.218329215168964,13.267559051513672,830085.0
2018-10-18,13.267558649120776,13.382428785437279,12.90653620856975,13.021407127380371,716234.0
2018-10-19,13.119868477970824,13.439864773900638,12.849102020263672,12.849102020263672,1422153.0
2018-10-22,12.922946632359123,13.078842152198108,12.168082385520202,12.233722686767578,949129.0
2018-10-23,12.21731389334887,12.21731389334887,11.413218970708586,12.061417579650879,1771789.0
2018-10-24,12.143468496678189,12.972178348232275,12.086032641351567,12.635770797729492,1378650.0
2018-10-25,12.545514737528228,12.643975191193311,11.930136315250857,12.192697525024414,1009081.0
2018-10-26,12.14346750083102,12.430643623937002,11.593729389535373,11.6183443069458,896603.0
2018-10-29,11.6183443069458,11.6183443069458,11.6183443069458,11.6183443069458,0.0
2018-10-30,11.642959405190433,12.4552595172921,11.511678800303654,12.192697525024414,1364905.0
2018-10-31,12.012187408270721,12.463464304107031,11.823470946789628,11.97936725616455,1551277.0
2018-11-01,12.159877331569612,12.381413938417216,11.89731612270797,12.241928100585938,827440.0
2018-11-02,12.381413411253497,12.496283543992575,12.09423651441762,12.15167236328125,1573265.0
2018-11-05,12.258338379322753,12.291158532021969,12.09423761582667,12.225518226623535,773889.0
2018-11-06,12.266543051625527,12.520899810272011,12.151672913683482,12.184493064880371,1621592.0
2018-11-07,12.266544217433154,12.471670377532352,12.233724063117052,12.430644989013672,1325865.0
2018-11-08,12.471669479294512,12.660385939890972,12.340388871485224,12.594745635986328,1949889.0
2018-11-09,12.463464065308864,13.53832539555653,12.42243946283279,13.439864158630371,4076187.0
2018-11-12,13.4234558438806,13.694222301037657,12.504489997323969,12.61936092376709,2429214.0
2018-11-13,12.652180715341188,12.81628147522033,12.291158261112928,12.602950096130371,1549601.0
2018-11-14,12.471669547108194,12.57013000350053,11.503474668003143,11.987571716308594,3656415.0
2018-11-15,11.995777370442662,12.282954298523759,11.995777370442662,12.176288604736328,1598893.0
2018-11-16,12.258338514337265,12.42244006213494,12.118853450699914,12.282954216003418,1630705.0
2018-11-19,12.28295438052128,12.676796222524807,12.192698371524836,12.578335762023926,1166906.0
2018-11-20,12.611155893062037,12.775256660271221,12.28295435864367,12.348594665527344,1440599.0
2018-11-21,12.389617929981934,12.488078373436165,12.266541788793608,12.397822380065918,1001924.0
2018-11-22,12.389619545604315,12.66038599603526,12.258338154718695,12.2665433883667,1023000.0
2018-11-23,12.258338157819926,12.389619548738759,11.798856028333537,11.97936725616455,2663522.0
2018-11-26,11.97936734458088,12.094237486553226,11.774241196779796,11.880906105041504,1474722.0
2018-11-27,12.151671630247744,12.151671630247744,11.74141939236961,11.774239540100098,2265438.0
2018-11-28,11.790650407043378,12.08603176628769,11.76603548939655,12.020391464233398,2837434.0
2018-11-29,12.200902577387115,12.561925017962167,11.954751055630329,12.46346378326416,3215968.0
2018-11-30,12.635769371404146,13.078841783583407,12.397823090465176,12.77525520324707,2211118.0
2018-12-03,12.972177367095805,13.169097490128307,12.726025843940464,12.914741516113281,1395949.0
2018-12-04,13.12807281288435,13.13627804619099,12.898331757757227,13.021407127380371,1274689.0
2018-12-05,12.881920744801132,13.193712554782842,12.586539400736712,12.98858642578125,1739243.0
2018-12-06,12.553719357879897,13.160893299570306,12.553719357879897,13.1034574508667,567879.0
2018-12-07,13.169096855906911,13.431659615619008,12.98858642578125,12.98858642578125,962913.0
2018-12-10,12.996792842514427,13.136278685539693,12.635770384392274,12.660386085510254,521691.0
2018-12-11,12.767051186787176,13.06243254411862,12.652180267689,12.963972091674805,1225059.0
2018-12-12,12.832691341274312,13.095252544780575,12.693205506288084,12.898331642150879,1074295.0
2018-12-13,13.12807277042692,13.12807277042692,12.76705111353759,12.791666030883789,1180085.0
2018-12-14,12.922946676043104,12.922946676043104,12.209107810694302,12.46346378326416,726729.0
2018-12-17,12.63577114911287,12.63577114911287,11.89731728575344,12.430644989013672,242209.0
2018-12-18,12.389618733493402,12.389618733493402,12.143467217646984,12.332182884216309,859743.0
2018-12-19,12.647159224507805,12.81411906329384,12.35498109887927,12.722290992736816,997902.0
2018-12-20,12.680550952150051,12.839162638760284,12.488548253343831,12.54698371887207,875595.0
2018-12-21,12.647159991645575,12.705596257214657,12.438460976627507,12.455157279968262,669079.0
2018-12-24,12.463504659470676,12.56368008493822,12.380024740185965,12.405068397521973,183393.0
2018-12-25,12.45515716655747,12.45515716655747,12.004367330068062,12.363329887390137,51398.0
2018-12-26,12.396721883566697,12.438461049917397,12.304893806898598,12.313241958618164,45200.0
2018-12-27,12.354981307794546,12.496896695488271,11.879147033005898,11.920886993408203,806489.0
2018-12-28,11.9542786458485,12.121238485269773,11.862451371065614,11.9125394821167,473697.0
2018-12-31,11.954278246553791,12.46350430675726,11.904190933299232,12.104541778564453,505079.0
2019-01-01,12.104541778564453,12.104541778564453,12.104541778564453,12.104541778564453,0.0
2019-01-02,12.112890161663794,12.171325626955381,11.837407545112733,11.937582969665527,474769.0
2019-01-03,11.854102968637507,11.879146625570524,11.670447626840556,11.762275695800781,581778.0
2019-01-04,11.720536586653518,12.046107334882956,11.720536586653518,11.962627410888672,507434.0
2019-01-07,11.95427929976162,12.26315374578914,11.95427929976162,12.196370124816895,790031.0
2019-01-08,12.196369446572108,12.313241174836033,12.03775855461433,12.28819751739502,1238159.0
2019-01-09,12.51359247973898,12.764031451588277,12.371677088895163,12.680551528930664,670368.0
2019-01-10,12.688899171991686,12.814119050960691,12.538636431801796,12.747335433959961,728358.0
2019-01-11,12.713942697306495,12.797422615752257,12.597071766830632,12.688899040222168,556784.0
2019-01-14,12.605419738282947,12.82246609012689,12.471851711448261,12.73898696899414,318760.0
2019-01-15,12.797422866497376,12.956034555427369,12.738987400114494,12.839162826538086,1611471.0
2019-01-16,12.839162996896572,12.972730233900284,12.663855799298316,12.814119338989258,1430848.0
2019-01-17,12.772379952513095,13.573784206682015,12.772379952513095,13.23986530303955,2166185.0
2019-01-18,13.189776724292564,13.732394592301729,13.181428573371617,13.598827362060547,2863609.0
2019-01-21,13.607174710422047,13.874310778654538,13.173081186945742,13.281604766845703,2841249.0
2019-01-22,13.298300380114846,13.607174004864659,13.089601382541787,13.40682315826416,2971486.0
2019-01-23,13.448564544854278,14.249967968901062,13.431868242124871,14.09135627746582,3250126.0
2019-01-24,14.124748321956616,14.759193470253368,13.974484787853832,14.642322540283203,1642483.0
2019-01-25,14.759192892393665,15.460421629253776,14.642321966999294,15.293461799621582,1648654.0
2019-01-28,15.243375175704305,15.610685862127076,15.068067187452547,15.168243408203125,848087.0
2019-01-29,15.126504346128717,15.184939811854173,14.742497354973267,14.942848205566406,2001969.0
2019-01-30,14.959545874214077,15.49381485792799,14.942849570411227,15.360247611999512,2270084.0
2019-01-31,15.49381355450206,15.56894532304722,15.235027236317075,15.401987075805664,1459779.0
2019-02-01,15.435378041957485,16.311914808267222,15.435378041957485,16.21173858642578,1816193.0
2019-02-04,16.278522013824126,16.395392944404332,15.518857780558761,15.919559478759766,1099746.0
2019-02-05,15.91955938045759,16.303566366380927,15.78599214854869,16.144954681396484,617995.0
2019-02-06,16.111561863041455,16.687571538143086,16.003039085651253,16.6541805267334,889941.0
2019-02-07,16.670875333023968,16.89627063227305,16.011387329448887,16.42878532409668,2608601.0
2019-02-08,16.387046248500717,16.48722247807014,16.028085273807555,16.25347900390625,660395.0
2019-02-11,16.303568038632946,16.378699813318818,16.011389091770894,16.019737243652344,1080202.0
2019-02-12,16.036429641408468,16.403740309960266,15.994690480270576,16.245128631591797,1733793.0
2019-02-13,16.32026284338066,16.32026284338066,15.59399114026449,15.852777481079102,2569948.0
2019-02-14,15.77764477139123,15.919560161286029,15.660773835800365,15.819385528564453,761770.0
2019-02-15,15.777644551813147,15.802689005768537,15.31850737502708,15.610686302185059,1267589.0
2019-02-18,15.777643867785667,16.053126480363385,15.652424787931611,15.710860252380371,1773580.0
2019-02-19,15.777644351719285,15.844427969172974,15.176591794636078,15.351898193359375,862988.0
2019-02-20,15.33520383771259,16.128259114278755,15.33520383771259,15.936256408691406,1001948.0
2019-02-21,15.869474050957036,16.18669586834603,15.65242687390259,15.944605827331543,1068591.0
2019-02-22,15.944604858497366,16.27852295973481,15.919560403811893,15.977995872497559,327114.0
2019-02-25,16.011389158027324,16.579050750337554,15.952953686862536,16.48722267150879,1364975.0
2019-02-26,16.50391735485862,16.695920053332664,16.18669398218697,16.554004669189453,797661.0
2019-02-27,16.637486089020324,16.796097789666867,15.994692726831794,16.136608123779297,697712.0
2019-02-28,16.111562003652313,16.44548167414527,15.961300062626878,16.320261001586914,380751.0
2019-03-01,16.195042733276402,16.495569814889347,15.802689170696114,15.936256408691406,859348.0
2019-03-04,15.836080104371435,16.16165163856261,15.777644637073474,16.10321617126465,300907.0
2019-03-05,15.894518149924941,16.161652641142645,15.8360810867548,16.019737243652344,486321.0
2019-03-06,16.36200292840387,16.746008347828273,15.861124979037477,16.520614624023438,1809301.0
2019-03-07,16.445482320853316,17.847938304637033,16.445482320853316,17.664283752441406,2301202.0
2019-03-08,17.69767543130534,17.69767543130534,16.47052432039097,16.829486846923828,1113442.0
2019-03-11,16.929663455773454,17.146710606875974,16.56235276988865,16.670875549316406,257294.0
2019-03-12,16.929663749161268,17.079925694300552,16.570701208126618,16.729312896728516,226516.0
2019-03-13,16.38704513057249,16.61244043754181,15.80268887339841,15.894516944885254,1008062.0
2019-03-14,15.77764506869818,16.144955777508585,15.652425979313097,15.861124992370605,638660.0
2019-03-15,15.777643879237207,16.42878532409668,15.777643879237207,16.42878532409668,903189.0
2019-03-18,16.27852303154946,16.47052574157715,16.2534785767535,16.47052574157715,498847.0
2019-03-19,16.445482042557785,16.629136591645555,16.094867654483295,16.21173858642578,509691.0
2019-03-20,16.286870806490818,16.38704543886375,15.927908257285816,15.936256408691406,177363.0
2019-03-21,16.019737274624823,16.245131006871055,15.811038253926599,15.961301803588867,197926.0
2019-03-22,15.936256407820478,16.103216251429004,14.942848682068592,15.276766777038574,577650.0
2019-03-25,15.001284882078862,15.3602474487902,14.809282167127682,15.068068504333496,812702.0
2019-03-26,14.967892320061361,15.619032171683381,14.942847867211674,14.992935180664062,613442.0
2019-03-27,14.859369809649971,14.959546041339062,13.882658317731872,13.891006469726562,431507.0
2019-03-28,13.607173668788295,14.692409384712738,13.57378265796975,14.224924087524414,887148.0
2019-03-29,14.233271033043188,14.44197003113618,13.882656652557083,14.066312789916992,1002992.0
2019-04-01,14.275012574459936,14.859368845965918,14.174836349267638,14.433624267578125,626528.0
2019-04-02,14.7341482530497,15.31015790648985,14.492058254630862,14.967891693115234,847821.0
2019-04-03,15.276765824384643,15.326854729691918,15.001283214182525,15.26841926574707,647178.0
2019-04-04,15.443726908549895,15.644077769266834,15.20998344158991,15.343550682067871,829971.0
2019-04-05,15.493812594319412,15.727556036668481,15.276765453333905,15.410332679748535,601598.0
2019-04-08,15.56894532304722,15.56894532304722,15.276766400065705,15.401987075805664,518097.0
2019-04-09,15.477118960405075,16.019736054441225,15.36859458624962,15.844428062438965,484642.0
2019-04-10,16.10321596206441,16.10321596206441,15.669121650280298,15.86947250366211,521231.0
2019-04-11,15.777644564702245,15.869472637033297,15.54390269658256,15.585641860961914,190364.0
2019-04-12,15.460422141025093,15.652424836884936,15.218330539269383,15.593989372253418,384442.0
2019-04-15,15.66077413090505,16.18669494322124,15.535555041519967,15.861124992370605,472712.0
2019-04-16,15.877821295554511,16.119911322732726,15.694165145025755,15.861124992370605,1046726.0
2019-04-17,15.877821353709903,15.969647837063505,15.735905960621123,15.744254112243652,652408.0
2019-04-18,15.777643394858616,15.794339696271225,15.218330035511789,15.293461799621582,553700.0
2019-04-19,15.276764998848668,16.169997988262267,15.276764998848668,15.794339179992676,736019.0
2019-04-22,15.819384801733454,16.562352730562846,15.811036650682372,16.02808380126953,301741.0
2019-04-23,16.02808380126953,16.02808380126953,16.02808380126953,16.02808380126953,0.0
2019-04-24,15.994692387157,16.445483023974756,15.994692387157,16.186695098876953,686878.0
2019-04-25,16.47887298173665,16.47887298173665,15.50216159017527,15.660773277282715,881343.0
2019-04-26,15.744255129264252,15.819386906473142,15.46877247691406,15.635730743408203,866750.0
2019-04-29,15.735906724745371,16.08652114868164,15.51051139673337,16.08652114868164,599211.0
2019-04-30,16.103216553677818,16.261826656611163,15.894517541373524,15.977995872497559,355356.0
2019-05-01,15.977995872497559,15.977995872497559,15.977995872497559,15.977995872497559,0.0
2019-05-02,15.944604219898743,16.253477854079996,15.902863463761385,15.986343383789062,415785.0
2019-05-03,15.877822297938868,15.94460592264351,14.258317408542293,15.7776460647583,574692.0
2019-05-06,15.610687662631392,15.610687662631392,15.076417077418336,15.452075958251953,565752.0
2019-05-07,15.026329293292113,15.18494099277273,14.800933971753416,15.151548385620117,1094360.0
2019-05-08,15.226680204280933,15.30181197834829,14.892762093007763,15.068068504333496,764183.0
2019-05-09,15.610687444122767,16.153304581539405,15.610687444122767,15.852777481079102,2505737.0
2019-05-10,15.811038658092432,16.019737684125474,15.719210577118787,15.802690505981445,1166544.0
2019-05-13,15.969647778571781,15.986344081755687,15.577294207232626,15.861124992370605,572464.0
2019-05-14,15.877820843717648,15.919560008242529,15.393639210892523,15.468770980834961,1050279.0
2019-05-15,15.460421045123923,15.493812054440609,14.909455857300115,15.126502990722656,884055.0
2019-05-16,15.235027996177733,15.37694338914708,14.951197210239036,15.143199920654297,712396.0
2019-05-17,15.109807665670607,15.268419348846283,14.984588586214855,15.076415061950684,254476.0
2019-05-20,15.059721361121197,15.059721361121197,14.542147114521258,14.959545135498047,749076.0
2019-05-21,15.126504450319443,15.126504450319443,14.700758292783869,14.717453002929688,663829.0
2019-05-22,14.608929669367685,14.750845049845706,14.458666138008958,14.525449752807617,568387.0
2019-05-23,14.567191435966576,14.734149687484436,14.408579743614593,14.58388614654541,532431.0
2019-05-24,14.650669335409194,15.084763642653904,14.650669335409194,14.825977325439453,526417.0
2019-05-27,14.942847554979213,15.310158227864706,14.692409400703214,14.976240158081055,775417.0
2019-05-28,15.16824374848089,15.293462833042963,15.093111979294235,15.118156433105469,752597.0
2019-05-29,15.226678219784375,15.593988890436751,15.176590907683078,15.209981918334961,570282.0
2019-05-30,15.360247475815434,15.769297361875655,15.360247475815434,15.619033813476562,601060.0
2019-05-31,15.652425642671934,16.03643105416022,15.527206555979973,15.911211967468262,523252.0
2019-06-03,15.902862504176204,16.111561495528893,15.769295277090238,16.01138687133789,205480.0
2019-06-04,16.01138687133789,16.01138687133789,16.01138687133789,16.01138687133789,0.0
2019-06-05,16.01138687133789,16.01138687133789,16.01138687133789,16.01138687133789,0.0
2019-06-06,16.01138687133789,16.01138687133789,16.01138687133789,16.01138687133789,0.0
2019-06-07,15.902862959182146,16.528959951153837,15.902862959182146,16.42878532409668,898247.0
2019-06-10,16.47887483232576,16.629138385170986,16.19504403078416,16.49557113647461,384479.0
2019-06-11,16.537309103509532,16.695920796909355,16.195042854552657,16.345306396484375,774308.0
2019-06-12,16.220086842470742,17.28027816472291,16.220086842470742,16.679224014282227,562116.0
2019-06-13,16.71261742022455,16.71261742022455,16.33695855819392,16.353654861450195,360313.0
2019-06-14,16.345306396484375,16.570701709381954,15.936256528029746,16.345306396484375,413920.0
2019-06-17,16.362003385293722,16.57905055582152,16.119911759311783,16.25347900390625,290207.0
2019-06-18,16.303568261167516,16.879576418625188,16.170001013735547,16.779401779174805,504125.0
2019-06-19,16.72931197708727,16.812790300160014,16.52895954342123,16.645832061767578,253145.0
2019-06-20,16.67922532635106,16.862881483320567,16.604093551635742,16.604093551635742,458122.0
2019-06-21,16.71261579205622,16.746006803068653,16.236782341338575,16.362001419067383,328085.0
2019-06-24,16.35365446644829,16.57904977822253,16.35365446644829,16.512266159057617,376440.0
2019-06-25,16.512265480744208,16.7460073420959,16.412089259988473,16.61244010925293,331898.0
2019-06-26,16.58739844814028,16.5957450075806,16.011388719683477,16.128259658813477,556307.0
2019-06-27,16.21173946826608,16.412090330600044,16.20339131663794,16.353654861450195,248486.0
2019-06-28,16.29521853205452,16.43713391774674,16.103215831484768,16.153303146362305,516620.0
2019-07-01,16.328610689227467,16.612441480509045,16.320262537454816,16.420438766479492,546072.0
2019-07-02,16.445483237308206,17.196799382836872,16.42878693374716,16.996448516845703,711677.0
2019-07-03,16.64583430453652,16.65418245641797,16.011389091770894,16.019737243652344,1119598.0
2019-07-04,16.27017495477658,16.27017495477658,15.310159807975966,15.694165229797363,887687.0
2019-07-05,15.735906896410603,16.144956796757434,15.71921059217264,15.7776460647583,610631.0
2019-07-08,15.827731169563467,15.877820075265607,15.644076625396577,15.735904693603516,257145.0
2019-07-09,15.802688184382214,15.886168100980699,15.168243047379494,15.26841926574707,764378.0
2019-07-10,15.226678534197866,15.260071137786213,14.775889531484033,15.218330383300781,341491.0
2019-07-11,15.48546541576451,15.585641637987685,15.293462714771046,15.37694263458252,613328.0
2019-07-12,15.527205810576156,15.56059682237573,14.59223359648307,14.734148979187012,786803.0
2019-07-15,14.734148979187012,14.734148979187012,14.734148979187012,14.734148979187012,0.0
2019-07-16,14.775890538853496,15.059721319717138,14.775890538853496,15.043025016784668,944625.0
2019-07-17,15.051372979111703,15.51051015825539,15.051372979111703,15.443726539611816,689908.0
2019-07-18,15.435378942169512,15.77764519903139,15.41033448718677,15.602338790893555,354614.0
2019-07-19,15.69416498778088,16.02808467912493,15.385291343208854,15.535554885864258,835565.0
2019-07-22,15.593990997145765,15.894518094847887,15.477120055704788,15.527207374572754,408300.0
2019-07-23,15.527206031521654,15.744253184171878,15.427029810203468,15.68581771850586,409639.0
2019-07-24,15.760948765514273,15.902864158083263,15.619033372945283,15.861124992370605,446814.0
2019-07-25,15.96130135107726,16.04477968319216,15.527207018192447,15.602338790893555,429523.0
2019-07-26,15.627379855523568,15.694163468879555,15.218330024687276,15.318506240844727,610602.0
2019-07-29,15.477118909809901,15.477118909809901,15.226679149517803,15.260071754455566,383173.0
2019-07-30,15.318507453685998,15.577293776898964,15.318507453685998,15.443726539611816,672339.0
2019-07-31,15.52720646097805,15.568945625537634,15.410333934166497,15.443726539611816,417990.0
2019-08-01,15.401988638223203,15.752603062918848,15.301812405918508,15.452075958251953,779643.0
2019-08-02,15.368595066595026,15.568945926397397,15.368595066595026,15.485466003417969,463932.0
2019-08-05,15.619032597880798,15.619032597880798,15.226679046011434,15.493813514709473,595653.0
2019-08-06,15.510510643554158,15.852776898842313,15.460423326066092,15.744254112243652,918808.0
2019-08-07,15.86112250461551,15.961298715759593,15.4019853848017,15.702510833740234,866205.0
2019-08-08,15.585642845293243,15.719210090439264,15.28511574759112,15.527207374572754,765981.0
2019-08-09,15.527205597505073,15.619032072879072,15.193287522856497,15.218330383300781,355817.0
2019-08-12,15.21833038330078,15.21833038330078,15.21833038330078,15.218330383300781,0.0
2019-08-13,15.21833038330078,15.21833038330078,15.21833038330078,15.218330383300781,0.0
2019-08-14,15.21833038330078,15.21833038330078,15.21833038330078,15.218330383300781,0.0
2019-08-15,15.23502831241144,15.23502831241144,14.441971407195275,14.542147636413574,1063943.0
2019-08-16,14.583887210593536,14.659018986544703,14.216578075106927,14.383536338806152,547285.0
2019-08-19,14.300054775413788,14.45866646119861,13.682305926656117,13.782482147216797,748051.0
2019-08-20,13.899353881963805,14.158140211037205,13.882657578863043,14.09970474243164,593119.0
2019-08-21,14.258318052876351,14.391885308321546,14.016227999474669,14.083011627197266,474361.0
2019-08-22,14.325099317374784,14.358491921850916,14.024572246077671,14.308403015136719,330267.0
2019-08-23,14.358492427383943,14.608930600784273,14.199880735031961,14.58388614654541,381908.0
2019-08-26,14.183182966843084,14.458665566020258,14.183182966843084,14.358490943908691,254731.0
2019-08-27,14.441970043228626,14.458666345229323,13.99118103493875,14.041268348693848,671156.0
2019-08-28,14.208230059399922,14.842675288937157,14.108053826421536,14.700759887695312,1163861.0
2019-08-29,14.72580133541116,15.193288254683967,14.650669565965426,15.009632110595703,634828.0
2019-08-30,15.009632110595703,15.009632110595703,15.009632110595703,15.009632110595703,0.0
2019-09-02,14.984588119728002,15.527205175308643,14.876063753263715,15.460421562194824,1345452.0
2019-09-03,15.485465136921727,15.535554043254894,15.22667882318839,15.285114288330078,580637.0
2019-09-04,15.326856168610254,15.644077970769594,15.268420699179359,15.57729434967041,864129.0
2019-09-05,15.694165158457018,15.902864171693134,15.610686826960261,15.836080551147461,565512.0
2019-09-06,15.819384964390158,15.99469136152442,15.602337811571292,15.660773277282715,743248.0
2019-09-09,15.80268953699818,15.969647792238806,15.72755776485341,15.836080551147461,504909.0
2019-09-10,15.88616865187341,16.445482042557785,15.81103688355409,16.21173858642578,1178019.0
2019-09-11,16.33695890131929,16.48722244928753,16.078172564400177,16.30356788635254,598575.0
2019-09-12,16.412089622391925,16.796096619480174,16.336957853227855,16.503917694091797,1412955.0
2019-09-13,16.403741649143672,17.013142368090534,16.403741649143672,16.796096801757812,905872.0
2019-09-16,16.896272169451773,17.280279187432132,16.67087684969681,17.23019027709961,835918.0
2019-09-17,17.096623305986896,17.380454100064075,16.612441644134144,16.712617874145508,1044744.0
2019-09-18,16.695922066034065,17.196800046464528,16.695922066034065,16.963056564331055,449103.0
2019-09-19,16.912968395054893,17.04653563749929,16.662528621286302,16.762704849243164,109964.0
2019-09-20,16.796097113560965,17.130015212864475,16.679224584619416,16.81279182434082,589819.0
2019-09-23,16.979751436695125,16.979751436695125,16.57904972303937,16.62913703918457,297712.0
2019-09-24,16.879576418625188,16.946360042341173,16.65418268373823,16.779401779174805,228235.0
2019-09-25,16.79609622313298,16.846183537311408,16.570700920959556,16.670875549316406,276747.0
2019-09-26,16.65417987617184,17.029837099153156,16.620787273819587,16.695919036865234,485692.0
2019-09-27,16.829487526821374,16.91296744673011,16.67922398943505,16.729312896728516,635742.0
2019-09-30,16.779401270390693,16.94635952849456,16.51226678362679,16.537309646606445,955185.0
2019-10-01,16.453828398213886,16.746007316707548,16.403741084035463,16.670875549316406,446775.0
2019-10-02,16.695920316738256,16.729312921650312,16.57904938404014,16.679224014282227,312029.0
2019-10-03,16.779399131876787,17.11331719777421,16.746006529163576,17.046533584594727,892277.0
2019-10-04,17.079927197888278,17.697677704246807,17.063232486234483,17.530717849731445,1027195.0
2019-10-07,17.514020191982006,17.547412797202675,16.99644754903811,17.02983856201172,671934.0
2019-10-08,16.879575968245316,17.01314321211345,15.944605261168364,16.420438766479492,1116547.0
2019-10-09,16.495568915369127,16.52895992692357,15.644076625396577,15.735904693603516,1238447.0
2019-10-10,15.652425308992031,15.785992544249,15.068067460557513,15.260071754455566,483202.0
2019-10-11,15.310159382659108,15.435378469241968,15.143199539050581,15.276766777038574,605278.0
2019-10-14,15.318507863369334,15.318507863369334,14.533799129135527,14.617279052734375,741235.0
2019-10-15,14.934500028879746,15.159895332504089,14.692410015253136,15.001283645629883,662000.0
2019-10-16,14.625627273351837,15.21833170843172,14.625627273351837,15.109808921813965,541552.0
2019-10-17,15.31015906961517,15.360246384774772,15.093111914260835,15.260071754455566,425327.0
2019-10-18,15.460422081229689,15.844427471464181,15.460422081229689,15.735904693603516,591086.0
2019-10-21,15.894517684592225,15.944605002167382,15.694165229797363,15.694165229797363,275244.0
2019-10-22,15.794341429731718,16.03643145779663,15.744254112243652,15.744254112243652,446010.0
2019-10-23,15.894515105745825,16.028082325773365,15.560595463430115,15.702510833740234,1115678.0
2019-10-24,15.694164917909559,15.93625653383148,15.619033146916347,15.677470207214355,1119251.0
2019-10-25,15.73590597428006,15.844428760972919,15.593990581068095,15.719209671020508,379147.0
2019-10-28,15.769297361875655,15.811038121012711,15.619033813476562,15.619033813476562,104243.0
2019-10-30,15.235027300752245,15.443726304872138,15.084763763026395,15.260071754455566,781772.0
2019-10-31,15.318507180756047,15.568945348145625,15.260071714514948,15.351898193359375,487555.0
2019-11-01,15.393640083125078,15.652426420786208,15.335204612580354,15.619033813476562,620587.0
2019-11-04,15.777645438401796,15.819386197339638,15.67747080144527,15.76094913482666,797387.0
2019-11-05,15.811036030708943,16.061474183433393,15.811036030708943,16.01138687133789,1195585.0
2019-11-06,16.053127304214346,16.72931323617287,16.036431001444416,16.687572479248047,2941883.0
2019-11-07,16.679225547477234,16.912969026606774,16.587399060022246,16.779401779174805,679477.0
2019-11-08,16.829488411690175,17.06323188127511,16.654182003686813,16.879575729370117,878714.0
2019-11-11,16.99644706242995,17.430539772141167,16.712616295168576,17.41384506225586,542288.0
2019-11-12,17.447236981583497,17.463933284584076,16.812791797785376,16.86288070678711,986974.0
2019-11-13,16.82948780408963,17.547412897986852,16.82948780408963,17.497323989868164,1121729.0
2019-11-14,17.597499924663232,17.597499924663232,17.280278139693383,17.430540084838867,1086931.0
2019-11-15,17.447237298830245,17.564109829712315,17.347062663499468,17.514020919799805,665158.0
2019-11-18,17.564111709594727,17.78115730679079,17.530719099412384,17.564111709594727,717329.0
2019-11-19,17.781155030136677,17.83124393899693,17.497324248916907,17.61419677734375,714942.0
2019-11-20,17.564107085041663,18.63264485357861,17.564107085041663,18.064983367919922,1419993.0
2019-11-21,18.031592358776578,18.348814110749267,17.89802513770946,18.064983367919922,553215.0
2019-11-22,18.115073601865205,18.215248228907164,17.71437031695639,17.93141746520996,404541.0
2019-11-25,17.931417753721092,18.34881575502138,17.49732345022951,17.998201370239258,690435.0
2019-11-26,17.948115106523453,18.048291333288127,17.697676927982435,17.7978515625,315004.0
2019-11-27,17.56410865899469,18.11507389333131,17.547412356803395,17.998201370239258,806566.0
2019-11-28,17.998201126790097,18.582558957605105,17.864633895560438,18.56586265563965,476553.0
2019-11-29,18.59925442472678,18.76621266014629,18.131767544159533,18.248640060424805,596055.0
2019-12-02,18.11507352963929,18.43229530367004,18.031593612605835,18.098377227783203,448607.0
2019-12-03,18.031593950516573,18.26533581189417,17.94811403191871,18.048290252685547,218402.0
2019-12-04,18.031593392206833,18.115073308219916,17.597499102736364,17.864633560180664,607283.0
2019-12-05,18.06498548251933,18.432296179572944,17.964810851116468,18.298728942871094,667552.0
2019-12-06,18.382208944396183,18.44899256303966,18.064985561654375,18.13176918029785,314072.0
2019-12-09,18.131768017624964,18.165160620928983,17.680979018749447,17.864633560180664,518427.0
2019-12-10,17.91472207577944,18.131769235088374,17.56410927102701,18.0148983001709,806249.0
2019-12-11,18.03159444907972,18.081681764724514,17.564109121151812,17.664283752441406,415545.0
2019-12-12,17.731065932287393,18.131767609433037,17.664282319429788,18.081680297851562,477521.0
2019-12-13,18.198551222290643,18.465687265968,17.948113072136348,18.081680297851562,595709.0
2019-12-16,18.13176653175961,18.465686168447842,18.031591914550607,18.448989868164062,688070.0
2019-12-17,18.549168125223993,18.63264805077708,18.1317700897057,18.21525001525879,458100.0
2019-12-18,18.11507225036621,18.28203048039567,17.881328817628724,18.11507225036621,403404.0
2019-12-19,18.048289624341606,18.315424080756973,17.948113407062362,18.031593322753906,500655.0
2019-12-20,18.048290488326295,18.348815970056478,18.03159418593933,18.231945037841797,886329.0
2019-12-23,18.966566368121477,19.11682991731058,18.799608107436935,19.033349990844727,1594686.0
2019-12-24,18.933173742045685,19.10013198852539,18.849693822682323,19.10013198852539,544988.0
2019-12-25,19.116829679584384,19.484140396118164,18.983262435798853,19.484140396118164,375632.0
2019-12-26,19.467444005126016,19.784667401876888,19.45074770166605,19.651100158691406,409112.0
2019-12-27,19.86814494879054,19.918233857189165,19.066741521377466,19.283788681030273,888235.0
2019-12-30,19.417356491088867,19.601011050554206,19.200309325040493,19.417356491088867,695532.0
2019-12-31,19.40065935283476,19.550922891497166,19.083437565184063,19.166915893554688,506499.0
2020-01-02,18.983261936239906,19.45074727718703,18.849694695969298,19.233701705932617,855518.0
2020-01-03,19.250394325573616,19.267090626855467,18.61594920708568,18.883085250854492,897113.0
2020-01-06,18.699428003433404,18.816300513173015,18.282030049819948,18.448989868164062,460900.0
2020-01-07,18.54916802459929,19.100133301114813,18.54916802459929,19.01665496826172,468632.0
2020-01-08,18.866392130438886,19.53422837184052,18.69943227396488,19.450748443603516,1315008.0
2020-01-09,19.66779364260089,20.385718724108475,19.634402630011742,20.252151489257812,1630042.0
2020-01-10,20.21875767432168,20.93668271286119,20.168670362312184,20.903291702270508,1488717.0
2020-01-13,20.869900854286083,21.003468092373748,20.46919914002309,20.55267906188965,809864.0
2020-01-14,20.569373042193448,20.803116496671834,20.519285727750585,20.769723892211914,994379.0
2020-01-15,20.819813139887682,20.869900455150873,20.569373379077646,20.719636917114258,947038.0
2020-01-16,20.71963588156705,21.00346664095128,20.586068652709407,20.919986724853516,1095896.0
2020-01-17,20.90329181625,21.086946356117526,20.535981144268003,20.619461059570312,934685.0
2020-01-20,20.736333709471356,21.187122741983124,20.6528537872293,21.020164489746094,735828.0
2020-01-21,21.00346974788461,21.337387869423473,20.85320619513032,21.070253372192383,956816.0
2020-01-22,21.27060202921638,21.303994634015137,20.903292929912247,21.003467559814453,696373.0
2020-01-23,21.0535535480352,21.27060068880838,20.90329161265094,21.137033462524414,540191.0
2020-01-24,21.17042875048588,21.270603386781584,20.853205353639495,20.869901657104492,546230.0
2020-01-27,20.736331460635245,21.003465909041672,20.318933486938477,20.318933486938477,560279.0
2020-01-28,20.385718777064657,20.519286012262288,20.001711781686186,20.13528060913086,761288.0
2020-01-29,20.252152485595865,20.3523271205386,19.98501800275242,20.168672561645508,806088.0
2020-01-30,20.16867207102553,20.16867207102553,19.701186737421477,19.868144989013672,672274.0
2020-01-31,20.03510467942469,20.03510467942469,19.417355809545413,19.51753044128418,959454.0
2020-02-03,19.38396408007331,19.86814573468246,19.367269368860473,19.651100158691406,1447254.0
2020-02-04,19.734577028643,20.068496704101562,19.61770609758071,20.068496704101562,1377800.0
2020-02-05,20.20206525430667,20.419110828357553,19.801361936084984,20.001712799072266,1117868.0
2020-02-06,20.15197597337915,20.25215219915212,19.968321417083647,20.10188865661621,534633.0
2020-02-07,20.135282892819,20.28554485527335,19.968323033762317,20.035106658935547,578061.0
2020-02-10,20.001711406063468,20.20206384734443,18.81630261400767,19.550922393798828,1189347.0
2020-02-11,19.63440243949742,19.68448975401866,18.966564679477166,19.267091751098633,992419.0
2020-02-12,19.35057361983588,19.868146303947405,19.267093692391295,19.78466796875,1025959.0
2020-02-13,19.93492992745364,19.951626231391995,19.717884345243764,19.78466796875,292535.0
2020-02-14,19.818057810867945,19.86814512746994,19.434052396507486,19.584314346313477,331801.0
2020-02-17,19.66779501931803,19.801362263518207,19.350573212404402,19.36726951599121,497006.0
2020-02-18,19.383963487658402,19.834754113817638,19.016654376247637,19.584314346313477,1054978.0
2020-02-19,19.467443235084,19.567619459634173,19.183612456480102,19.283788681030273,732536.0
2020-02-20,19.26709222540765,19.450746778004667,18.515776120105425,18.93317413330078,771949.0
2020-02-21,18.86639030602695,18.933173923709024,18.332119772323313,18.699430465698242,843308.0
2020-02-24,18.365514409604252,18.532474268408635,18.048292588572593,18.41560173034668,822610.0
2020-02-25,18.599256542407765,18.71612747973285,18.398905681744576,18.54916763305664,726816.0
2020-02-26,18.499079817438318,19.05004506747642,18.46568880435116,18.93317413330078,996451.0
2020-02-27,18.582559297377927,18.849693764721668,18.43229576143532,18.515775680541992,1265969.0
2020-02-28,16.67922383593164,17.447236225979143,15.861124131298679,17.079925537109375,1530957.0
2020-03-02,17.397151041421903,17.514021987179465,17.163407557659554,17.313671112060547,702059.0
2020-03-03,17.69767820255601,17.9481163991334,17.480631022473567,17.781156539916992,950781.0
2020-03-04,17.948112428089882,18.298726781072677,17.680977986245253,18.11507225036621,1089604.0
2020-03-05,18.231943651991507,18.699428937562676,18.198551049755828,18.532470703125,1340756.0
2020-03-06,18.6159521972141,19.18361379400041,18.448993934319244,19.150222778320312,3199585.0
2020-03-09,18.365511393273117,18.766213077896168,16.86287927981319,18.031593322753906,1746497.0
2020-03-10,18.365512886418607,18.549167442073845,16.72931341172537,16.979751586914062,1461091.0
2020-03-11,16.979751586914062,16.979751586914062,16.979751586914062,16.979751586914062,0.0
2020-03-12,17.313671000899717,18.28203435388081,16.336959495811364,16.378700256347656,2181130.0
2020-03-13,16.278522459264316,17.31366933739917,15.493813751296246,17.02983856201172,1370658.0
2020-03-16,16.896270421852645,16.912966723569905,15.076414933092607,15.385290145874023,974002.0
2020-03-17,15.485464775241105,15.527205529543842,13.67395743692354,14.608929634094238,1030344.0
2020-03-18,14.191532130600192,15.101459906353732,14.191532130600192,14.909457206726074,369913.0
2020-03-19,14.859368669941063,15.552249309884726,14.650669662822525,15.468770980834961,942082.0
2020-03-20,15.844427662639701,16.403741045086267,15.685817569410126,16.02808380126953,1275090.0
2020-03-23,15.819386803138988,17.079927518638097,15.677471401810006,16.378700256347656,1586333.0
2020-03-24,16.72931445944961,17.013143666057157,16.61244192376125,16.779401779174805,1718110.0
2020-03-25,16.862880727554,17.029838981024113,16.01973653195159,16.178346633911133,1787343.0
2020-03-26,16.220087393115367,16.336958329781055,15.91956030769264,16.170000076293945,1378029.0
2020-03-27,16.22008649870344,16.362001882077855,15.894516568946203,16.02808380126953,1003357.0
2020-03-30,16.11156301407367,16.278522859790876,15.861124837744955,16.178346633911133,1042009.0
2020-03-31,16.32026066499314,16.512264949240734,16.111561671362807,16.362001419067383,919281.0
2020-04-01,16.23678370013493,16.829488127367767,16.195042942567554,16.81279182434082,1121250.0
2020-04-02,16.946359849303747,17.24688694872594,16.478874488617016,16.545658111572266,668366.0
2020-04-03,16.595745833049087,17.07992750927419,16.595745833049087,16.963056564331055,960778.0
2020-04-06,17.34706337541601,17.430541710868535,17.180103520016587,17.363758087158203,568159.0
2020-04-07,17.46393466646154,17.66428554158046,17.146712845585057,17.313671112060547,873000.0
2020-04-08,17.61419861643712,17.914724139741004,17.16340794311041,17.731069564819336,942199.0
2020-04-09,17.79785062231159,18.09837769448287,17.61419607389971,17.76445960998535,900290.0
2020-04-10,17.781156323869546,17.88133255663166,17.580805450592525,17.597501754760742,572723.0
2020-04-13,17.497326075807646,17.78115688666211,17.330367805582654,17.731069564819336,561056.0
2020-04-14,17.898026900529636,18.53247205920993,17.898026900529636,18.34881591796875,1081600.0
2020-04-15,18.532473861890264,19.667795463215704,17.81454871392555,19.150222778320312,2541398.0
2020-04-16,19.61770749262594,20.369023631340912,19.3004856890786,19.76797103881836,2502107.0
2020-04-17,19.951623973261793,20.035103891258103,18.96656444384875,19.083436965942383,1579895.0
2020-04-20,19.20030975341797,19.55092416912679,18.949871567446163,19.20030975341797,1231930.0
2020-04-21,19.18361179611099,19.30048431943753,18.532471931814218,18.632646560668945,1376542.0
2020-04-22,18.76621347469292,20.385718141262934,18.76621347469292,20.11858367919922,6715257.0
2020-04-24,20.235455186839722,21.003467583354546,20.1519752669963,20.252151489257812,6013416.0
2020-04-27,20.4358058766844,20.519285795864295,19.868144336957556,19.90153694152832,3226963.0
2020-04-28,19.918234183217237,20.869901166909223,19.884841577071573,19.93492889404297,4524584.0
2020-04-29,20.035105405693706,20.285543586366032,19.918234467012905,20.001712799072266,1650455.0
2020-04-30,20.202064384962824,20.202064384962824,19.217004823479517,19.801361083984375,1395838.0
2020-05-04,19.450747362991564,20.10188885636853,19.18361288127192,19.701187133789062,1822887.0
2020-05-05,19.116830170393033,20.01840988521624,18.966566619214632,19.150222778320312,2475529.0
2020-05-06,19.13352383652482,19.1836111492633,18.398904078121568,18.615949630737305,2103863.0
2020-05-07,18.398904575827803,19.667793283757955,18.198552134960245,18.91647720336914,2736124.0
2020-05-08,19.133525476498587,19.317180033779067,18.532472895378472,18.59925651550293,1793820.0
2020-05-11,18.766212506312268,19.033346954591217,18.565861670103054,18.649341583251953,634245.0
2020-05-12,18.56586366171635,19.250396156924648,18.54916735884613,19.11682891845703,1493364.0
2020-05-13,19.050046116830433,19.484140456604578,19.033349813243625,19.36726951599121,1797979.0
2020-05-14,18.983261264757857,19.734577362766,18.983261264757857,19.33387565612793,1890639.0
2020-05-15,19.417355918932454,19.734577710888363,19.233701364878726,19.283788681030273,776975.0
2020-05-18,19.667794694093462,20.435807131668273,19.45074752779546,20.001712799072266,4401224.0
2020-05-20,20.05180170900443,20.18536895099595,19.884841860391465,20.001712799072266,1176126.0
2020-05-21,20.001711647558995,20.185367788909456,19.6844898641536,19.734577178955078,1229145.0
2020-05-22,19.968321269585672,20.085192205251616,19.550923251067783,19.75127410888672,887304.0
2020-05-27,19.868145674781886,20.05180182779357,19.734578431999097,19.76797103881836,1493372.0
2020-05-28,19.918234156534496,20.452503116172586,19.901537853484033,19.985017776489258,2153167.0
2020-05-29,19.985018713584374,20.1352822635902,19.734578932825606,20.018409729003906,2124882.0
2020-06-01,19.918234467012905,20.11858533000019,19.918234467012905,20.001712799072266,1532847.0
2020-06-02,20.035104806646334,20.118584728456774,19.818057646838017,19.91823387145996,1289603.0
2020-06-03,20.03510517774457,20.051801480865326,19.7846669999216,19.818058013916016,1077282.0
2020-06-04,19.818058596153314,19.86814591474001,19.217005996371533,19.317180633544922,1140380.0
2020-06-05,19.45074622361609,19.467442525807318,19.23370066411819,19.434051513671875,544065.0
2020-06-08,19.60101099193505,19.8347544605759,19.36726911554131,19.53422737121582,1116350.0
2020-06-09,19.601011050554206,19.667794671473157,19.3338765668784,19.417356491088867,975845.0
2020-06-10,19.467444092583186,19.7679711872242,19.4173567742254,19.484140396118164,1271249.0
2020-06-11,19.283790179376705,19.55092467593736,19.283790179376705,19.450748443603516,1336155.0
2020-06-12,19.200310159236828,19.818059077638264,19.116830231399405,19.617708206176758,1899059.0
2020-06-15,19.61770665767113,20.285542843161107,19.567619341821143,20.202064514160156,2812897.0
2020-06-16,20.318934173134103,21.15373014871974,20.285541569832134,20.970075607299805,4335123.0
2020-06-17,21.20381889294205,21.33738613067341,20.60276632315092,20.6695499420166,3063671.0
2020-06-18,20.619461924873036,20.953380007848317,20.53598200606746,20.819812774658203,1972010.0
2020-06-19,21.18712115977474,21.7046953652265,20.919986702346854,20.970075607299805,2721468.0
2020-06-22,20.90329181625,21.070250054607673,20.535981144268003,20.619461059570312,1859943.0
2020-06-23,20.869898278617885,20.903290880142176,20.452500313045526,20.535980224609375,1205485.0
2020-06-24,20.502590724560246,20.60276695204013,20.018409074942888,20.051801681518555,1637050.0
2020-06-25,20.035105093393554,20.068497699494483,19.65109967671545,19.985017776489258,1096557.0
2020-06-26,20.285542579729775,20.452502420057634,19.98501709628549,20.08519172668457,1630818.0
2020-06-29,20.101889085882444,20.202065313794627,19.801361994393012,19.884841918945312,1741528.0
2020-06-30,20.287828779320943,20.695282699089745,20.253875095545855,20.593420028686523,2280986.0
2020-07-01,20.79714707694873,20.966920353779493,20.474579793863825,20.508533477783203,2097081.0
2020-07-02,20.542487226571176,20.865054485251193,20.542487226571176,20.814123153686523,2023471.0
2020-07-03,20.94994032867761,21.11971196719549,20.78016707108195,21.000871658325195,3119856.0
2020-07-06,21.153668306501977,21.629031184435206,21.102736974350023,21.27250862121582,3388063.0
2020-07-07,21.629032428987234,22.443941885698322,21.391351785883213,22.32509994506836,7276707.0
2020-07-08,22.51184914008634,22.86837169638917,22.00253097121404,22.087417602539062,3290286.0
2020-07-09,22.3250975923812,22.715575437739126,21.527167490223228,21.713916778564453,3840997.0
2020-07-10,21.5950779390043,21.815782541559066,20.983895464520984,21.493213653564453,2848811.0
2020-07-13,21.713917823009453,22.308122634887695,21.679964141258676,22.308122634887695,2042181.0
2020-07-14,22.20625816009763,22.83441664831294,22.070440196109338,22.54580307006836,2661998.0
2020-07-16,23.021168352197034,23.37769092465621,22.800463748381553,23.072099685668945,3379483.0
2020-07-17,23.004189748052166,23.055121079413478,22.647667190367304,22.715576171875,1624994.0
2020-07-20,22.732552854541634,23.106051427399237,22.57975724788272,22.749528884887695,2037102.0
2020-07-21,23.004189113649215,23.072098093284136,22.002530449725782,22.34207534790039,1652963.0
2020-07-22,22.376031167065882,22.83441638548073,22.070439942070767,22.477893829345703,2029028.0
2020-07-23,22.68162043026952,22.73255337971767,22.426962159339965,22.494871139526367,1003321.0
2020-07-24,22.528826099266944,22.647666408030755,22.409984171425354,22.51184844970703,773994.0
2020-07-27,22.749530188172766,23.53048429655303,22.698598856061274,23.411643981933594,3428518.0
2020-07-28,23.42862066786695,23.547460977594206,22.57975761192306,22.664644241333008,1999152.0
2020-07-29,22.698598879949845,22.81743919469435,21.646008840430042,22.308122634887695,1903383.0
2020-07-30,22.308121220109815,22.494870505590118,22.08741663595432,22.121370315551758,696608.0
2020-08-04,22.409983186499662,22.834414692376843,20.474576555909444,20.966917037963867,3908712.0
2020-08-05,21.47623694611587,21.47623694611587,20.406670806947112,20.508533477783203,3400535.0
2020-08-06,20.627372985305314,20.78016860460175,18.50521520413901,18.641033172607422,6175626.0
2020-08-07,18.59010175565273,18.827784008943198,16.977262173030418,18.725919723510742,4898029.0
2020-08-10,18.759873669577257,19.829441303489205,18.674987041029752,19.57478141784668,5105118.0
2020-08-11,19.642692808445982,20.508533611591762,19.642692808445982,20.033170700073242,3578930.0
2020-08-12,20.11805704268711,20.11805704268711,19.031511641858224,19.33710289001465,5391745.0
2020-08-13,19.337102977212894,19.744556897206856,18.70894444578604,19.252216339111328,2949735.0
2020-08-14,19.13337516784668,19.455942435419665,18.233579110622998,19.13337516784668,2580022.0
2020-08-17,19.031510078983,19.35407733293147,18.590100894356407,18.997554779052734,2687445.0
2020-08-18,19.01453374132892,19.201284665678603,18.810806784920292,18.946624755859375,3111376.0
2020-08-19,19.03151035417404,19.863395785560687,18.96360137240937,19.388032913208008,3559982.0
2020-08-20,19.421986853057465,19.710600434168207,19.133374891024587,19.455942153930664,2642652.0
2020-08-21,19.557806520466695,19.659669185362823,19.286168969561988,19.371055603027344,1701104.0
2020-08-24,19.48989434041484,19.591758616141302,19.25221372884932,19.354076385498047,1385952.0
2020-08-25,19.303146200867555,19.863395702863034,19.303146200867555,19.472919464111328,2594448.0
2020-08-26,19.540828691813427,19.812464621163887,19.116397147433872,19.218259811401367,1717601.0
2020-08-27,19.489895658172404,19.5408286090182,19.218259729972875,19.303146362304688,1428540.0
2020-08-28,19.676646928834188,19.88037387866683,19.438964677823837,19.60873794555664,2832332.0
2020-08-31,19.65966857675759,19.812464188449553,19.252214691630904,19.32012367248535,2055959.0
2020-09-01,19.6087367146512,19.659668044142762,19.031509583487576,19.18430519104004,2338605.0
2020-09-02,19.218260525418017,19.320124812247933,19.031511221820736,19.116397857666016,1347586.0
2020-09-03,19.04848861148194,19.065464643155774,18.573124104901005,18.725919723510742,1841150.0
2020-09-04,18.691963461964527,18.946621711791032,18.658008165146235,18.759872436523438,1218012.0
2020-09-07,18.844760786599974,18.997554779052734,18.742896505886982,18.997554779052734,1155192.0
2020-09-08,19.065465075661592,19.21826069773754,18.725920148313882,18.946624755859375,1985328.0
2020-09-09,18.946623390200998,19.455941554050256,18.912669709452548,19.405010223388672,1690167.0
2020-09-10,19.42198536295644,19.523849638682904,19.218258430581255,19.354076385498047,917391.0
2020-09-11,19.337102203493856,19.37105588592915,18.946624331481697,19.04848861694336,1263358.0
2020-09-14,19.031509583487576,19.35407682903784,19.031509583487576,19.18430519104004,702762.0
2020-09-15,19.371055801086392,19.608738053403986,18.98057954986236,19.13337516784668,2257549.0
2020-09-16,19.18430658484031,19.26919321954538,18.997555664673584,19.04848861694336,1329577.0
2020-09-17,18.929645460002444,19.099418718464353,18.895691779756735,19.0145320892334,826490.0
2020-09-18,19.065463186642372,19.286167772320304,19.014531857356012,19.26919174194336,1541643.0
2020-09-21,19.28616861509779,19.455941878908202,18.912670025239425,19.06546401977539,1739410.0
2020-09-22,19.184306895440486,19.4389651846008,19.099420259361075,19.421987533569336,931737.0
2020-09-23,19.523850166128742,19.727577104007707,19.388032207542764,19.48989486694336,1352371.0
2020-09-24,19.50687314531338,19.710600089759208,19.354077532209555,19.472919464111328,1671746.0
2020-09-25,19.55780591501483,19.608737245886207,19.26919234161397,19.32012367248535,1494276.0
2020-09-28,19.32012541367035,19.35407909761867,18.929647524257927,19.167329788208008,2709178.0
2020-09-29,19.167326311763926,19.303144261079357,18.997553065580803,19.150348663330078,1740216.0
2020-09-30,19.184306559054967,19.48989617687343,19.116397575197766,19.43896484375,1417787.0
2020-10-01,19.523850088349285,19.72757702541664,19.38803213030438,19.57478141784668,1542443.0
2020-10-02,19.523851229442357,20.067123093374096,19.354077962424757,19.69362449645996,1837321.0
2020-10-05,19.93130391373203,20.10107717041178,19.795485956019338,19.982236862182617,1894672.0
2020-10-06,20.033168863069854,20.72923632444912,20.033168863069854,20.33875846862793,2905422.0
2020-10-07,20.168987192343305,20.55946343619203,20.0501468779681,20.253873825073242,2004015.0
2020-10-08,20.338759173007645,20.457601108413954,19.778509654490932,19.91432762145996,1323562.0
2020-10-09,20.033168191555436,20.202939829157415,19.965259212699088,19.982236862182617,1036232.0
2020-10-12,20.236896746994447,21.221577828720864,20.084101127575195,21.017850875854492,2246818.0
2020-10-13,20.797144958339782,20.93296291833741,20.33875812903944,20.355735778808594,1227131.0
2020-10-14,20.389691946170963,20.966919110267668,20.389691946170963,20.79714584350586,1629639.0
2020-10-15,20.69528120543458,20.712258855635763,20.37271394700131,20.491554260253906,1253309.0
2020-10-16,20.610395951101403,20.814122893895096,20.440622689234416,20.746213912963867,1207244.0
2020-10-19,20.882032823930665,21.204600093245485,20.76319088759119,21.102737426757812,1700809.0
2020-10-20,21.187622442471575,21.204600093245485,20.831101490686827,21.102737426757812,1199209.0
2020-10-21,21.17064675291378,21.255533389077286,20.61039722094372,20.76319122314453,1632305.0
2020-10-22,20.71225949122064,21.153668695529614,20.42364590525538,20.474578857421875,2225849.0
2020-10-23,20.525510740478154,20.576442074931435,19.812465581820508,19.89735221862793,1402224.0
2020-10-26,19.829443276141447,19.829443276141447,18.79382921917795,18.861738204956055,1985974.0
2020-10-27,18.674988154408023,18.87871510362131,18.01287435515643,18.267534255981445,2656572.0
2020-10-28,18.2166005823788,18.25055588210751,17.60541975896228,17.65635108947754,831339.0
2020-10-30,17.316805324353428,17.537509904354714,16.960282790363312,17.14703369140625,2229865.0
2020-11-02,17.31680663019224,17.978920420125267,17.31680663019224,17.48657989501953,2154011.0
2020-11-03,17.656351458864886,17.72426044066522,17.096101954242684,17.57146644592285,1515759.0
2020-11-04,17.724261721778444,18.012875320060367,17.60542139980752,17.911012649536133,2037787.0
2020-11-05,18.165669871244518,18.776852334577864,18.11473853899269,18.742897033691406,4510869.0
2020-11-06,18.759872113670124,18.759872113670124,18.131713705041232,18.369394302368164,4243808.0
2020-11-09,18.590102589384923,19.28617011064407,18.437306963922584,19.167329788208008,7284732.0
2020-11-10,19.06546334028549,19.06546334028549,18.658009464555494,18.708942413330078,2850944.0
2020-11-11,18.810805852802375,19.18430606391604,18.759874520993463,18.912670135498047,2887927.0
2020-11-12,18.895691246906665,19.014531553032086,18.386373104961272,18.488237380981445,3180411.0
2020-11-13,18.522193226715185,18.624057514649902,18.352421572261232,18.556148529052734,1977301.0
2020-11-16,18.844760004666785,18.94662266207533,18.742895728180493,18.793827056884766,2188595.0
2020-11-17,18.827783144653388,19.1673280487116,18.556147221406817,18.607078552246094,4310946.0
2020-11-18,18.776850157390403,18.82778148373671,18.45428131268256,18.674985885620117,2676942.0
2020-11-19,18.674987888593378,19.048488099707043,18.48823859257547,18.912670135498047,4629437.0
2020-11-20,19.014533232148942,19.269193135148768,18.99755558146671,19.13337516784668,3486836.0
2020-11-23,19.55780444619337,19.77850740308683,19.28616692409816,19.54082679748535,5563466.0
2020-11-24,19.76153232220366,19.89735028023301,19.150349891993816,19.18430519104004,3885413.0
2020-11-25,19.33709952981303,19.405008504371946,18.691963461964527,18.759872436523438,4615997.0
2020-11-26,18.82778384199055,18.91267047591856,18.759874858663714,18.895692825317383,2130936.0
2020-11-27,18.94662381701137,19.11639708181154,18.86173718461129,18.912670135498047,3560298.0
2020-11-30,18.963601808644214,19.405011009807566,18.878715174716206,18.895692825317383,5020965.0
2020-12-01,18.963599287680978,19.09941723627942,18.810803690738318,18.844758987426758,3259299.0
2020-12-02,18.92964851038969,19.031512805697147,18.79383052936511,18.810808181762695,3016946.0
2020-12-03,18.827782355406114,18.895691333371058,18.759873377441167,18.793827056884766,2538540.0
2020-12-04,18.844760371906744,18.86173640242049,18.674987114147022,18.708942413330078,2390119.0
2020-12-07,18.691966852659938,18.691966852659938,18.182648641539682,18.216602325439453,3276829.0
2020-12-08,18.199623972064146,18.471259884932937,18.199623972064146,18.318464279174805,2154213.0
2020-12-09,18.369397689741188,18.573124647479705,18.335444006323737,18.471261978149414,2198562.0
2020-12-10,18.48823859257547,19.031510449411456,18.403351960175385,18.912670135498047,6513330.0
2020-12-11,18.81080515148212,18.86173648139217,18.42032892370878,18.624055862426758,3348957.0
2020-12-14,18.708942413330078,18.844760371906744,18.674987114147022,18.708942413330078,2647785.0
2020-12-15,18.776852334577864,18.94662398177657,18.70894335188281,18.742897033691406,2803841.0
2020-12-16,18.77685181381411,18.89569212546503,18.488238240595173,18.607078552246094,2735076.0
2020-12-17,18.691963606883757,18.725917284887622,18.48823668162752,18.590099334716797,1917448.0
2020-12-18,18.658010823435447,18.759875109325705,18.573124188373214,18.641033172607422,2335015.0
2020-12-21,18.65800917026079,18.65800917026079,18.165668673416672,18.318464279174805,3275897.0
2020-12-22,18.386373104961272,18.522191060269677,18.335441776490054,18.488237380981445,1888337.0
2020-12-23,18.59010141785807,18.776852334577864,18.522192435163017,18.742897033691406,3016207.0
2020-12-24,18.810805758669407,19.642691190056055,18.624056463586026,19.388032913208008,9865962.0
2020-12-25,19.43896337925716,19.557805306362365,19.201282763202286,19.26919174194336,3783286.0
2020-12-28,19.388031683766112,19.625713914409367,19.33710035544175,19.354076385498047,3675390.0
2020-12-29,19.405011078182092,19.778509678256775,19.30314679329398,19.52385139465332,5292289.0
2020-12-30,19.574780402455517,19.710598353455218,19.388031124600356,19.625713348388672,4715661.0
2020-12-31,19.727578519634363,20.03316975792055,19.64269188465732,19.676647186279297,5930120.0
2021-01-04,19.77850727898111,20.185962750028384,19.74455360085582,20.101076126098633,4841334.0
2021-01-05,20.202941230314455,20.202941230314455,19.405011078182092,19.52385139465332,5030338.0
2021-01-06,19.693624402809466,19.761533385478,19.37105552082553,19.455942153930664,3941137.0
2021-01-07,19.489895315082563,19.59175959590314,19.303146022502286,19.32012367248535,3220112.0
2021-01-08,19.4219874487639,19.6426920539755,19.388033765927144,19.506874084472656,4357407.0
2021-01-11,19.591760100740586,19.982237965023796,19.54082876855681,19.846418380737305,10769930.0
2021-01-12,20.219918953823058,20.50853253978832,19.999214351668574,20.474578857421875,10423640.0
2021-01-13,20.678303151120165,20.729234477662686,19.96525810321411,20.185962677001953,6743145.0
2021-01-14,20.321783783587104,20.372715118040382,19.846419265096717,19.89735221862793,4087397.0
2021-01-15,19.761533991598924,19.99921462868995,19.37105611496981,19.506874084472656,3673293.0
2021-01-18,19.47292090915365,19.863397176881737,19.235238646790066,19.64269256591797,4441808.0
2021-01-19,19.778508800287952,20.050146341572287,19.65966848909205,19.795486450195312,5315208.0
2021-01-20,19.846417391454622,20.661326761163558,19.82944136095814,20.610395431518555,13361574.0
2021-01-21,20.644350392326743,21.102737244802576,20.610396710149576,20.62737274169922,8021844.0
2021-01-22,20.40666986751196,20.763190818103553,19.86339637811026,20.152009963989258,5035331.0
2021-01-25,20.21991842868521,20.321782711294766,19.88037351844977,20.016191482543945,3815585.0
2021-01-26,20.033167150770367,20.25387172535665,19.693622274129044,20.101076126098633,3576694.0
2021-01-27,20.118055390584352,20.42364499456769,18.997554779052734,18.997554779052734,6148427.0
2021-01-28,18.92964693499082,19.13337550865065,18.522193025826986,19.116397857666016,5003427.0
2021-01-29,18.878716102911216,19.489896982902163,18.72592047814399,19.252216339111328,4935746.0
2021-02-01,19.421986513691497,19.72757773989915,19.371055182349497,19.472919464111328,2931586.0
2021-02-02,19.574782126795323,19.710600089759208,19.388032832489444,19.472919464111328,2282048.0
2021-02-03,19.52385139465332,19.676647012446544,19.405011078182092,19.52385139465332,3562370.0
2021-02-04,19.591760462198174,19.693624747522918,19.43896484375,19.43896484375,3565828.0
2021-02-05,19.5238511365992,19.65966910193627,19.438964503494066,19.455942153930664,3783777.0
2021-02-08,19.55780758864578,19.71060159433505,19.20128500388157,19.252216339111328,6980452.0
2021-02-09,19.26919205665888,19.303145737045085,18.861736558479876,18.929645538330078,4449092.0
2021-02-10,19.048487728948135,19.167328040548444,18.96360109820028,18.997554779052734,2957246.0
2021-02-11,19.01453279911587,19.150350763324866,18.878714834906873,18.912670135498047,3266661.0
2021-02-12,18.92964633133334,18.9636016322198,18.674988050996355,18.742897033691406,2463979.0
2021-02-15,18.82778339333422,19.06546401977539,18.75987441162562,19.06546401977539,3125162.0
2021-02-16,19.116398586835906,19.116398586835906,18.57312506815042,18.691967010498047,4732187.0
2021-02-17,18.759874589289463,18.89569255399291,18.420329677530844,18.50521469116211,4825670.0
2021-02-18,18.55614635863565,18.742895642415274,18.420328403327243,18.488237380981445,3581114.0
2021-02-19,18.50521494858836,18.827783833554694,18.284511967183445,18.573123931884766,3793720.0
2021-02-22,18.624059020953084,18.759877003132296,18.335445404052734,18.335445404052734,2744485.0
2021-02-23,18.35242196251056,18.437306982003584,17.826126098632812,17.826126098632812,3228787.0
2021-02-24,17.775191263490843,17.96194053631691,17.40169109876106,17.418668746948242,3765393.0
2021-02-25,17.622396696849425,17.639374346027854,17.06214722658327,17.36773681640625,2947404.0
2021-02-26,16.9772595397259,17.60541794840644,16.89237291821174,17.503555297851562,2591558.0
2021-03-01,17.656350520525063,18.046828359433565,17.554487862776934,17.927988052368164,2725778.0
2021-03-02,17.978921037004095,18.233579323904827,17.80914776635167,17.86008071899414,3136314.0
2021-03-03,17.961943774264157,18.99755621420443,17.961943774264157,18.471261978149414,6533323.0
2021-03-04,18.420330523239908,19.01453374132892,18.369397569829307,18.946624755859375,5025739.0
2021-03-05,19.01453382772627,19.15035179928248,18.57312461062963,18.861738204956055,3573855.0
2021-03-08,18.92964667529776,19.082442293907498,17.9958985510434,18.725919723510742,4462262.0
2021-03-09,18.759874016941733,20.152008922218148,18.641032087143596,19.880373001098633,10054379.0
2021-03-10,19.88037222205515,20.287826087767705,19.72757661764351,20.067121505737305,6339125.0
2021-03-11,20.202940169041813,20.610395668112492,19.55780566859198,20.355735778808594,8437664.0
2021-03-12,20.37271499633789,20.797146558761597,20.135032738512564,20.37271499633789,5118291.0
2021-03-15,20.37271439845022,20.712259314608815,20.18596509933246,20.3217830657959,3062483.0
2021-03-16,20.35573674787282,20.55946369756798,20.016191831714227,20.3217830657959,2422264.0
2021-03-17,20.338759779797982,20.627373372987186,20.067123837755886,20.28782844543457,2931771.0
2021-03-18,20.253874142360996,21.272508893844165,20.253874142360996,20.62737274169922,8797481.0
2021-03-19,20.508531230568206,21.15366734512541,20.033168374238922,20.915985107421875,6551770.0
2021-03-22,19.540828709317324,20.2029408829327,18.827783584594727,18.827783584594727,4248239.0
2021-03-23,18.029849815282102,19.320121955958133,17.26587344377681,18.674985885620117,3537987.0
2021-03-24,18.77685180581725,19.286168352148753,18.691965175069395,18.997554779052734,1909981.0
2021-03-25,18.997553982234706,19.082440609422143,18.38637318082509,18.403350830078125,4680572.0
2021-03-26,18.59010242649107,18.810807036994113,17.84310357631597,17.995899200439453,3013683.0
2021-03-29,18.18264779506227,18.590101697358627,18.063807478328634,18.420330047607422,2998552.0
2021-03-30,18.369399090058508,18.590103715869247,17.927991457515088,18.335445404052734,3087178.0
2021-03-31,18.47126092912576,18.47126092912576,17.877056121826172,17.877056121826172,2165065.0
2021-04-01,18.063809439694303,18.437308081148117,17.995900448604697,18.335445404052734,2657201.0
2021-04-02,18.420327706542103,18.65800830980221,18.35241873145669,18.590099334716797,1972816.0
2021-04-05,18.624055271599786,18.9975538378617,18.556146294181463,18.963600158691406,2354990.0
2021-04-06,18.963600840415317,19.01453217054056,18.47126033166385,18.539169311523438,1334901.0
2021-04-07,18.539169390576017,18.607078370725173,18.250555820172643,18.454282760620117,1667073.0
2021-04-08,18.522193399708943,18.810806995961983,18.36939777591875,18.386375427246094,1639045.0
2021-04-09,18.386375602172194,18.48823989202743,17.809148404174433,18.216602325439453,2166373.0
2021-04-12,18.21660121117278,18.691965709316335,17.995898231629244,18.02985191345215,3179744.0
2021-04-13,18.182647017403873,18.691965183030103,17.724260182616923,18.607078552246094,3444246.0
2021-04-14,18.60707986348113,18.79382916910386,18.4203305578584,18.556148529052734,2826064.0
2021-04-15,18.573122473729253,18.94662266207533,18.335441860390812,18.793827056884766,2741741.0
2021-04-16,18.793826186787392,18.912668107032335,18.4373036642079,18.674985885620117,2090893.0
2021-04-19,18.674987694878652,18.86173698895942,18.403351769278327,18.437305450439453,1254321.0
2021-04-20,18.38637555649779,18.624057819517592,17.911012649536133,17.911012649536133,1532267.0
2021-04-21,17.927989352417814,18.06380731864934,17.214944220163375,17.554489135742188,1927195.0
2021-04-22,17.554489647000402,17.911012223511012,17.299829738591157,17.6903076171875,1364217.0
2021-04-26,17.69030709033819,18.30148793797806,17.65635178926371,18.267534255981445,1572506.0
2021-04-27,18.5901022987274,18.708944238383317,18.318466355076044,18.471261978149414,1351941.0
2021-04-28,18.573123071111695,18.641032051260854,18.38637378047096,18.454282760620117,928165.0
2021-04-29,18.454283615885522,18.75987485025829,18.454283615885522,18.573123931884766,921658.0
2021-04-30,18.590099262324493,18.759872508915745,18.505212639028866,18.674985885620117,1288047.0
2021-05-03,18.691965875336884,18.963601808644214,18.607079241408872,18.895692825317383,1789285.0
2021-05-04,18.912671535665414,18.96360287124494,18.74289825829637,18.776853561401367,926031.0
2021-05-05,18.776851026701838,18.861736034849713,18.624055421511272,18.793827056884766,812112.0
2021-05-06,18.878715264846853,19.455942435419665,18.691965964575953,19.13337516784668,2650414.0
2021-05-07,19.523850860616797,19.574782192128787,18.82778339333422,19.06546401977539,4201140.0
2021-05-10,19.13337430108982,19.472919203963386,19.065463701437295,19.405010223388672,2354280.0
2021-05-11,19.252216298189882,19.829443493160056,19.150352008868932,19.64269256591797,3009808.0
2021-05-12,19.65966796875,19.76153224642026,19.540827660699502,19.65966796875,471096.0
2021-05-17,19.69362514409113,20.423646330486918,19.69362514409113,20.37271499633789,2205791.0
2021-05-18,20.37271404306062,20.389691693341852,19.94828250049686,20.016191482543945,1527689.0
2021-05-20,20.01619130392991,20.06712263524128,19.659668746594658,19.86339569091797,1345271.0
2021-05-21,19.931305127391163,20.016191760899964,19.64269154490796,19.69362449645996,940489.0
2021-05-24,19.693623876723723,19.72757755761204,19.133374379905074,19.32012367248535,1464156.0
2021-05-25,19.556679475542285,19.556679475542285,18.658939361572266,18.658939361572266,1423877.0
2021-05-26,19.09900748530029,19.09900748530029,18.676539699297486,18.940582275390625,1146584.0
2021-05-27,18.905376011085657,19.803117752075195,18.74695080047208,19.803117752075195,1432647.0
2021-05-28,19.662294799264387,19.662294799264387,19.187019189575487,19.415855407714844,982075.0
2021-05-31,19.53907804667969,19.556679543254063,19.1166102330021,19.187021255493164,549782.0
2021-06-01,19.204622915835664,19.32784177579207,18.95818519592285,18.95818519592285,1029287.0
2021-06-02,18.83496622054993,19.081405639648438,18.74695202239109,19.081405639648438,2006007.0
2021-06-03,19.099007977701994,19.38065205647769,18.922979589101622,19.239830017089844,1263567.0
2021-06-04,19.239829281669923,19.36304814174161,19.169418264667378,19.275033950805664,399776.0
2021-06-07,19.292638847850807,19.574282941015877,19.292638847850807,19.50387191772461,605816.0
2021-06-08,19.48626874221899,19.644693964307148,19.451064069938962,19.50387191772461,520924.0
2021-06-09,19.53907693908166,19.53907693908166,19.363048553466797,19.363048553466797,776269.0
2021-06-10,19.363048212745205,19.468665578001847,19.151815160962986,19.169418334960938,1245497.0
2021-06-11,19.204623768123874,19.257431613487185,19.099008077397244,19.116609573364258,641826.0
2021-06-14,19.116609648662166,19.204623843768456,18.993390782752044,19.01099395751953,459474.0
2021-06-15,18.97578763124538,19.081405001248626,18.641335703908876,18.67654037475586,1360267.0
2021-06-16,18.74695159556916,19.679899724588243,18.588528056967608,19.64469337463379,7479030.0
2021-06-17,19.574281352655056,19.89113177112045,19.380651473999023,19.380651473999023,6780959.0
2021-06-18,19.433458388137,19.468664734607746,18.799759260242563,18.993389129638672,1382095.0
2021-06-21,18.993389865025655,19.04619770804539,18.74695046638178,18.95818519592285,530249.0
2021-06-22,19.01099388263763,19.23983011752017,18.958186037274317,19.116609573364258,442233.0
2021-06-23,19.18701909535302,19.345444297804665,19.134211254112802,19.204622268676758,495760.0
2021-06-24,19.204623846474856,19.327842712402344,19.18702067170489,19.327842712402344,285690.0
2021-06-25,19.39825430845144,19.45106215102742,18.852567672729492,18.852567672729492,634345.0
2021-06-28,19.010993797929746,19.081404817677477,18.58852767944336,18.58852767944336,1096072.0
2021-06-29,18.74695022069745,18.74695022069745,18.201265266272387,18.306880950927734,2140368.0
2021-06-30,18.35969146578307,18.482910330794404,18.130855231668356,18.254074096679688,1052110.0
2021-07-01,18.324484704748198,18.39489572299125,18.07804698026306,18.166059494018555,1112902.0
2021-07-02,18.20126591522254,18.306881603643525,18.007634355232238,18.060443878173828,909295.0
2021-07-05,18.078047714159432,18.21886975636235,18.078047714159432,18.130855560302734,941521.0
2021-07-06,18.16606015471265,18.218869679363927,17.91962242126465,17.91962242126465,1536826.0
2021-07-07,17.99003435864195,18.095650055863203,17.9196233342507,17.972431182861328,928848.0
2021-07-08,17.972430369920573,18.025238216142558,17.796401977539062,17.796401977539062,751384.0
2021-07-09,17.814005152523446,17.884416173729818,17.708389460079474,17.796401977539062,815670.0
2021-07-12,17.866813090617182,17.90201944076698,17.5235595703125,17.5235595703125,1143456.0
2021-07-13,17.54996375163014,17.655579441118963,17.17150389371111,17.18030548095703,1438768.0
2021-07-14,17.197908574182442,17.453147888183594,17.18910698697811,17.453147888183594,1132268.0
2021-07-16,17.46195055709091,17.58516942812227,17.365134770577004,17.444347381591797,710704.0
2021-07-19,17.6027715051648,17.708388872837475,17.46194946742197,17.62037467956543,582519.0
2021-07-26,17.690784707227806,17.778798895568446,17.558764264082356,17.673181533813477,803674.0
2021-07-27,17.673182524036214,17.708388872837475,17.51475731189275,17.62037467956543,852933.0
2021-07-28,17.655578100293013,17.690784446603004,17.35633087158203,17.35633087158203,1311711.0
2021-07-29,17.470751054622284,17.673182524036214,17.426743118620706,17.62037467956543,1280228.0
2021-07-30,17.593971165175166,17.593971165175166,17.497155377839675,17.549964904785156,1090902.0
2021-08-02,17.576367402531584,17.743594208144977,17.576367402531584,17.690786361694336,780089.0
2021-08-03,17.690786871766182,17.79640256771264,17.655580520629883,17.655580520629883,775494.0
2021-08-04,17.725991033084373,17.796402054595614,17.673183186633732,17.690786361694336,667244.0
2021-08-05,17.602771180794512,17.761196390018636,17.602771180794512,17.743593215942383,912984.0
2021-08-06,17.690786107418976,17.91962234372417,17.602771912112186,17.708389282226562,1631096.0
2021-08-09,17.761197127918177,17.86681281930141,17.708389282226562,17.708389282226562,781031.0
2021-08-10,17.902018425166506,17.902018425166506,17.743593215942383,17.743593215942383,1422047.0
2021-08-11,17.761197397630127,17.814005244123656,17.51475798277505,17.5235595703125,1197604.0
2021-08-12,17.585169497088504,17.77880107087571,17.567566321520356,17.655580520629883,3592865.0
2021-08-13,17.585169855767273,17.593971443730872,17.329930519747958,17.365135192871094,2716699.0
2021-08-16,17.365135192871094,17.43554621784862,17.356333604907494,17.365135192871094,2136390.0
2021-08-17,17.382735631314524,17.382735631314524,17.321126204003026,17.35633087158203,1492773.0
2021-08-18,17.36513403388306,17.4003403833877,17.162702560424805,17.162702560424805,1763486.0
2021-08-19,17.092289957334827,17.118694717018126,16.995474183893723,17.03948211669922,2365955.0
2021-08-20,17.04828578808577,17.153901482272673,17.02188102517345,17.12749671936035,974141.0
2021-08-23,17.294722684010182,17.36513370294646,17.26831960111602,17.285921096801758,1029252.0
2021-08-24,17.312325350915806,17.4091411286392,17.268319094894842,17.32112693786621,1275701.0
2021-08-25,17.32112820049452,17.356332872131336,17.0834903717041,17.0834903717041,1464306.0
2021-08-26,17.101092883348965,17.14509914087029,16.99547551507422,17.013078689575195,1062714.0
2021-08-27,17.03068103610252,17.074687291484413,16.960270020252874,17.004276275634766,877078.0
2021-08-31,16.88986091852195,16.88986091852195,16.766640367772272,16.837051391601562,2819208.0
2021-09-01,16.854654714556233,17.048286290827598,16.854654714556233,16.942668914794922,1678568.0
2021-09-02,16.933865920569293,17.118695893593852,16.933865920569293,17.074687957763672,2139054.0
2021-09-03,17.153900809008473,17.26831976507324,17.083489789403664,17.22431182861328,1609361.0
2021-09-06,17.285919857693035,17.479551404936018,17.285919857693035,17.35633087158203,1466383.0
2021-09-07,17.37393511410215,17.417943049698327,17.030681610107422,17.030681610107422,1513686.0
2021-09-08,17.06588645185093,17.06588645185093,16.784242376121224,16.80184555053711,1549277.0
2021-09-09,16.793044789195946,16.854654223950327,16.757840117363955,16.81064796447754,1622707.0
2021-09-10,16.854654217524462,17.32112828992166,16.854654217524462,17.12749671936035,2879280.0
2021-09-13,17.12749538890018,17.206707992752733,16.93386551211119,16.98667335510254,1008388.0
2021-09-14,16.995474183893723,17.12749462484824,16.933864756697016,17.03948211669922,697298.0
2021-09-15,17.127496121367564,17.136297708697704,16.916263061637597,17.118696212768555,1048763.0
2021-09-16,17.118696302275147,17.206708818574462,17.074688365394348,17.162702560424805,1364554.0
2021-09-17,17.18910789489746,17.233114154512393,17.12749678121288,17.18910789489746,1363152.0
2021-09-20,17.180304397421402,17.180304397421402,16.76663821660798,16.854652404785156,2566913.0
2021-09-21,16.898661167215934,16.96907218546554,16.784242213353394,16.863454818725586,1659589.0
2021-09-22,16.942667260989772,16.96027043506548,16.845851482304457,16.925064086914062,803167.0
2021-09-23,16.872256824684523,16.925064669999852,16.74903795937171,16.784242630004883,1844857.0
2021-09-24,16.80184463056552,16.872255645642646,16.661022600411265,16.74903678894043,2522624.0
2021-09-27,16.79304246712682,16.79304246712682,16.696226695196522,16.722631454467773,877224.0
2021-09-28,16.757839546712784,16.784242630004883,16.573009570012427,16.784242630004883,995766.0
2021-09-29,16.801844723371314,16.85465256528809,16.766638376272777,16.79304313659668,1747756.0
2021-09-30,16.8106458046412,16.898659991009882,16.757837964312383,16.828248977661133,1806252.0
2021-10-01,16.854652819499865,16.854652819499865,16.73143396025858,16.775440216064453,466445.0
2021-10-04,16.898661167215934,17.04828479083773,16.757839130716725,16.863454818725586,925486.0
2021-10-05,16.872256569469535,16.89866133109336,16.775440788913283,16.80184555053711,569677.0
2021-10-06,16.828251139759132,16.863455811591123,16.72263376680077,16.81064796447754,2475828.0
2021-10-07,16.889860407773828,17.013079276066147,16.872257232666016,16.872257232666016,2270289.0
2021-10-08,16.872256152267507,16.99547501266963,16.845851391296595,16.881057739257812,1951516.0
2021-10-11,16.881059478247213,17.074689375787337,16.87225789035022,16.942668914794922,992505.0
2021-10-12,16.96027052050158,17.13629722595215,16.872256328410757,17.13629722595215,1082016.0
2021-10-13,17.04828411699448,17.13629662727942,16.942666754429116,16.960269927978516,989714.0
2021-10-14,16.96907243205387,17.04828503857715,16.916262908550937,17.013078689575195,797928.0
2021-10-15,17.04828586654947,17.127496798188616,16.819449623116387,17.021881103515625,1032633.0
2021-10-18,17.021880347593346,17.426743290412315,17.013078760306264,17.391538619995117,1564309.0
2021-10-19,17.400339704741686,17.426742787109255,17.19790823917864,17.259517669677734,1403767.0
2021-10-20,17.30352309667219,17.444345124985883,17.19790741480242,17.250715255737305,1854497.0
2021-10-21,17.25071585160408,17.426742553710938,16.907460676843264,17.426742553710938,2966395.0
2021-10-22,17.36513402255718,17.36513402255718,17.189107311342212,17.32992935180664,1355780.0
2021-10-25,17.074687222947517,17.32112661679761,17.074687222947517,17.277118682861328,1396550.0
2021-10-26,17.285920933843187,17.409141474868377,17.285920933843187,17.347530364990234,1843406.0
2021-10-27,17.35633331735549,17.86681365966797,17.35633331735549,17.86681365966797,3322707.0
2021-10-28,17.866813740652837,17.866813740652837,17.6907870196931,17.761198043823242,350399.0
2021-11-01,17.814004975588308,18.025238037109375,17.62037508887678,18.025238037109375,1778046.0
2021-11-02,18.025236772121158,18.130854134835175,17.690784867866995,17.778799057006836,1128445.0
2021-11-03,17.778799057006836,17.902017914564,17.444345474021645,17.778799057006836,1484311.0
2021-11-04,17.866812569489234,18.21886934579397,17.866812569489234,18.0428409576416,1288590.0
2021-11-05,17.69078512241275,17.69078512241275,17.259517436026314,17.593969345092773,3836160.0
2021-11-08,17.59396976830952,17.620374529685865,17.33873045659588,17.347530364990234,2077383.0
2021-11-09,17.382735631314524,17.426741885471028,17.30352303084803,17.35633087158203,1913764.0
2021-11-10,17.36513345389586,17.373935040978054,17.074687795107895,17.13629722595215,2435414.0
2021-11-11,17.1362975536198,17.20670857289259,17.013078689575195,17.013078689575195,2114735.0
2021-11-12,17.065887274720293,17.074688862352623,16.942668405330057,16.977874755859375,1773990.0
2021-11-15,17.004276434700145,17.23311265803489,17.004276434700145,17.109893798828125,4622321.0
2021-11-16,17.136297298076066,17.197908407910713,17.030681610107422,17.030681610107422,2580426.0
2021-11-17,17.039483541368572,17.162702406064305,17.004277192180577,17.057085037231445,1835632.0
2021-11-18,17.092290625018286,17.206707897320133,17.039482782319823,17.109893798828125,4610211.0
2021-11-19,17.118695385733044,17.294722087638277,17.05708427739861,17.109893798828125,3424287.0
2021-11-22,17.171503317171453,17.347530019986365,17.16270173022105,17.32112693786621,3621395.0
2021-11-23,17.33873110452183,17.51475781741541,17.12749636307968,17.268320083618164,4836933.0
2021-11-24,17.382736694386235,18.02523744525796,17.365133520154686,17.849210739135742,7811036.0
2021-11-25,17.884414740989822,18.095647787686826,17.74359270985849,17.778799057006836,2885682.0
2021-11-26,17.690785872831366,17.70838904740553,17.268319755438235,17.391538619995117,3025781.0
2021-11-29,17.409141372376485,17.673182269661098,17.277119245003092,17.637977600097656,2767686.0
2021-11-30,17.655579431245762,18.07804722515815,17.549963741816,17.831607818603516,4138078.0
2021-12-01,17.972428976323087,18.746950149536133,17.93722262908425,18.746950149536133,4916435.0
2021-12-02,18.74695105841827,18.905376271211676,18.41249913708972,18.48291015625,3262002.0
2021-12-03,18.58852710123742,18.922979014953057,18.535717579020943,18.72934913635254,2775507.0
2021-12-06,18.76455504977852,19.187021183131638,18.76455504977852,18.975788116455078,2953073.0
2021-12-07,19.116608654592874,19.222226018974517,18.95818512611699,19.063800811767578,2242282.0
2021-12-08,19.134212823429653,19.222227018535943,18.85256874207444,19.01099395751953,4025496.0
2021-12-09,18.95818537826629,19.363048309863423,18.922979030093803,19.04619789123535,2586317.0
2021-12-10,19.046197637915462,19.27503386179981,18.905375604560643,19.063800811767578,2526748.0
2021-12-13,19.187021473548295,19.785516010889683,19.187021473548295,19.50387191772461,4277020.0
2021-12-14,19.767912317182216,19.855926513671875,19.521474581488576,19.855926513671875,2640586.0
2021-12-15,19.996749080763486,20.04955860728035,19.41585771892772,19.50387191772461,3155593.0
2021-12-16,19.662296199565223,20.13757016437096,19.556678830313317,20.102365493774414,3291013.0
2021-12-17,20.366404570874366,20.753665985065542,18.254072484003284,18.887771606445312,6849712.0
2021-12-20,18.394895640277028,18.870171270328836,17.004276777181452,17.13629722595215,5378840.0
2021-12-21,18.13085582985927,18.306882545864376,15.754480894575284,15.833693504333496,7050261.0
2021-12-22,15.666466433457169,15.736877454420055,15.252801895141602,15.252801895141602,4411140.0
2021-12-23,15.455232524973136,15.596054559194174,15.103177439420538,15.578453063964844,4258248.0
2021-12-24,15.578453642011317,15.930508740627099,15.490439447674587,15.921707153320312,2119573.0
2021-12-27,16.06252852153371,16.115336364436523,15.736876519715747,15.851295471191406,2775942.0
2021-12-28,15.886499332254964,16.009719864402808,15.446430080073597,15.455231666564941,2136371.0
2021-12-29,15.455233028959382,15.66646608717913,15.455233028959382,15.54324722290039,1770018.0
2021-12-30,15.631261917431848,15.710474526642423,15.358419418334961,15.358419418334961,1466704.0
2021-12-31,15.428829736877113,15.499240755329849,15.261602938527702,15.340815544128418,1222255.0
2022-01-03,15.358418198971458,15.772082708548922,15.358418198971458,15.745677947998047,1861033.0
2022-01-04,15.780885341387402,16.361776682160947,15.780885341387402,16.238557815551758,3677434.0
2022-01-05,16.41458394871588,16.449790297208065,16.115336701456688,16.2121524810791,2388677.0
2022-01-06,16.124138615176314,16.150543377080286,15.96571340121475,16.08893394470215,2267245.0
2022-01-07,16.115337358514118,16.405783030492366,16.088934274799563,16.282564163208008,2967016.0
2022-01-10,16.405782453200423,16.414584040372617,16.23855733312207,16.25615882873535,2692882.0
2022-01-11,16.28256458514597,16.317770935985912,16.062529928589946,16.203351974487305,2107622.0
2022-01-12,16.264960162232658,16.308968097407256,16.168146062310694,16.273761749267578,1866261.0
2022-01-13,16.2737617541371,16.2737617541371,16.097735049579263,16.106534957885742,2215979.0
2022-01-14,16.11533591074025,16.18574692553873,15.91290445303599,15.983315467834473,2249950.0
2022-01-17,15.983315754155344,16.20335038918362,15.983315754155344,16.08013153076172,2471594.0
2022-01-18,16.106535455254665,16.106535455254665,15.437631607055664,15.437631607055664,2831445.0
2022-01-19,15.402424489968038,15.578452869917234,15.103177251293033,15.525643348693848,4464382.0
2022-01-20,15.57845339785337,15.657666003641829,15.217596717586435,15.288007736206055,3095129.0
2022-01-21,15.323212333763783,15.43763128768709,15.28800766398583,15.393623352050781,1582375.0
2022-01-24,15.40242561620695,15.587253917810472,14.935951550344319,14.979959487915039,2755664.0
2022-01-25,15.138383577675704,15.261602436229774,14.874341008119927,15.208794593811035,2056862.0
2022-01-26,15.270404825929495,15.288008000571574,15.094376436970952,15.103178024291992,1620961.0
2022-01-27,15.023965092847812,15.226396560668945,14.93595090026829,15.226396560668945,1861925.0
2022-01-28,15.27040473488795,15.288007909425081,15.050370089367176,15.059171676635742,1548938.0
2022-01-31,15.138384119170473,15.19119196347813,15.09437618330484,15.120780944824219,1686728.0
2022-02-01,15.191191708778712,15.19999329580427,15.103177517254219,15.138383865356445,1742231.0
2022-02-02,15.16478766077614,15.19999401053383,14.962356185862884,14.988760948181152,1577052.0
2022-02-03,14.98875996302199,15.041567805456495,14.531087518640163,14.707114219665527,1654628.0
2022-02-04,14.74232060182865,14.786326857505868,14.601498569184292,14.654306411743164,1085400.0
2022-02-07,14.654306569947511,14.759923934936523,14.513484535782874,14.759923934936523,1296811.0
2022-02-08,14.786328022320543,14.891945394489497,14.724718588026644,14.856739044189453,1255083.0
2022-02-09,14.918349195269368,15.085574312218254,14.90074602125441,15.023964881896973,1348359.0
2022-02-10,15.138384667005953,15.17358933824136,15.032767295837402,15.032767295837402,1404216.0
2022-02-11,15.023965491810491,15.085574924632873,14.803930843884196,14.997562408447266,1158042.0
2022-02-14,14.962355748238144,14.962355748238144,14.513484874343266,14.786327362060547,1273430.0
2022-02-15,14.803930780466166,14.979959169545575,14.803930780466166,14.935951232910156,1111805.0
2022-02-16,14.979959782225796,15.023966041929938,14.883143996399243,14.90954875946045,960890.0
2022-02-17,14.971157539287917,14.979959126589762,14.671910285949705,14.671910285949707,1123286.0
2022-02-18,14.680712445132949,14.777528230493536,14.619103010351193,14.698315620422363,677857.0
2022-02-21,14.72471804055664,14.78632747255988,14.592697589302396,14.627903938293457,763409.0
2022-02-22,14.487080394794036,14.487080394794036,14.258245838532352,14.399067878723145,932984.0
2022-02-23,14.416669591142364,14.495882199780329,14.399068094902608,14.434272766113281,762267.0
2022-02-24,13.017248647079011,13.686154122177628,12.9908447265625,12.9908447265625,2069880.0
2022-02-25,13.15807147440114,13.598140760095932,12.858824225830194,13.378106117248535,4242942.0
2022-02-28,13.1844751423911,13.246085411969414,12.93803658217445,13.07005786895752,1889627.0
2022-03-01,13.11406421661377,13.290092600218417,13.043653198918127,13.11406421661377,1546409.0
2022-03-02,13.114063848279773,13.510126860900488,12.97324181684375,13.466119766235352,2855686.0
2022-03-03,13.510127448334075,13.571736879924794,13.360503823586138,13.483722686767578,1363076.0
2022-03-04,13.47492193614032,13.906189635916723,13.378106155814416,13.80937385559082,2315133.0
2022-03-07,13.800572603290505,14.196633939840913,13.65094898404318,13.677352905273438,3210455.0
2022-03-08,13.694956906611019,13.774168675088676,13.606942711370637,13.686155319213867,1371792.0
2022-03-09,13.712559204382854,13.809374147388947,13.712559204382854,13.73896312713623,1413920.0
2022-03-10,13.774167887898336,13.870983665002873,13.677352950159325,13.78296947479248,1168924.0
2022-03-11,13.659751689323206,13.659751689323206,13.378106762133415,13.615744590759277,2220760.0
2022-03-14,13.642147685658829,13.809373642807358,13.46612014145892,13.606942176818848,2121924.0
2022-03-15,13.606942303686179,13.686154909156079,13.510127363314938,13.598140716552734,1158622.0
2022-03-16,13.615743684858769,13.64214760649415,13.554133415222168,13.554133415222168,730919.0
2022-03-17,13.606942634939614,13.659751319660328,13.606942634939614,13.633346557617188,898306.0
2022-03-18,13.642147553244392,13.782969587237464,13.290092468261719,13.290092468261719,2985984.0
2022-03-21,13.378105872043738,13.606942097858465,13.334098776407746,13.554133415222168,2747645.0
2022-03-22,13.598140716552734,13.659750987121296,13.545332872483167,13.598140716552734,1688037.0
2022-03-23,13.624544638587519,13.791771436660763,13.554133620251063,13.598140716552734,3512400.0
2022-03-24,13.633346389901398,13.76536768039629,13.52772986112482,13.536531448364258,3294552.0
2022-03-25,13.580538375722766,13.58933912348682,13.439716339111328,13.439716339111328,1979436.0
2022-03-28,13.474921306706015,13.545332322181908,13.360503196716309,13.360503196716309,3522797.0
2022-03-29,13.422113634557673,13.448517557504934,13.281291593018183,13.298893928527832,5095354.0
2022-03-30,13.351702321857642,13.413311753842706,13.307695224997357,13.369304656982422,2939241.0
2022-03-31,13.422113128916488,13.545332830304366,13.342900523693247,13.492524147033691,4173832.0
2022-04-01,13.527729977948745,13.77416854722231,13.527729977948745,13.69495677947998,4732175.0
2022-04-04,13.818175570831505,15.059171676635742,13.818175570831505,15.059171676635742,19109880.0
2022-04-05,15.103177785687778,15.173588804412597,14.601499067432066,14.786327362060547,10368210.0
2022-04-06,14.803930786209786,15.147184298443568,14.43427251198451,14.451875686645508,5589702.0
2022-04-07,14.539889922687353,15.006362301416235,14.399067882460015,14.715916633605957,5492593.0
2022-04-08,14.865540325618259,14.962356108218342,14.768726221749318,14.777527809143066,3543709.0
2022-04-11,14.92714913420523,15.296807395623246,14.874341290782963,15.138383865356445,6828828.0
2022-04-12,15.138384201197647,15.402425102897736,14.847938537835107,15.332014083862305,6229778.0
2022-04-13,15.552048087629396,15.89530158144776,15.085574056525923,15.208794593811035,9220131.0
2022-04-14,15.472835130672495,15.88649963116302,15.411225702804863,15.719274520874023,5654306.0
2022-04-15,15.816090255620637,15.833693430758705,15.596055602588306,15.62246036529541,2271127.0
2022-04-18,15.692869821949358,16.000918641216845,15.596054047077317,15.983315467834473,4758438.0
2022-04-19,16.044924929676075,16.17694537285942,15.534444651631048,15.93050765991211,5581661.0
2022-04-20,16.018522393650223,16.05372706295657,15.692870389228421,15.842494010925293,3162231.0
2022-04-21,15.88650093092304,15.974515125962428,15.772083652483634,15.9129056930542,3506669.0
2022-04-22,15.89530158144776,15.992117358157982,15.155985072661254,15.208794593811035,4450967.0
2022-04-25,15.173588916556271,15.270404697542597,14.830335407577284,15.111979484558105,2480339.0
2022-04-26,15.182389909539479,15.384821372104552,14.6014986038208,14.6014986038208,3134335.0
2022-04-27,14.601499303378912,14.654307148593075,14.372663069142694,14.619102478027344,1683089.0
2022-04-28,14.80393058119545,14.821533755612668,14.42547072488083,14.566292762756348,2614264.0
2022-04-29,14.619101708518366,14.979958376161065,14.566292187352818,14.707114219665527,2428594.0
2022-05-05,14.777527697216046,15.182390641875106,14.777527697216046,14.935951232910156,2189403.0
2022-05-06,14.935951360046046,14.935951360046046,14.715916711189399,14.927149772644043,1887198.0
2022-05-09,14.707115121707282,14.92714977053281,14.513485235084032,14.61030101776123,1721271.0
2022-05-10,14.689513333441502,14.786327435461784,14.663108571764454,14.68071174621582,287073.0
2022-05-11,14.478279431268017,14.513484099385094,13.967798313722277,14.020606994628906,5024701.0
2022-05-12,14.020607109086923,14.020607109086923,13.43971581119938,13.518927574157715,3640755.0
2022-05-13,13.5981410756373,13.97660093871386,13.5981410756373,13.906189918518066,1968344.0
2022-05-16,13.994202854638386,14.187834413421543,13.659750938415527,13.659750938415527,2232353.0
2022-05-17,13.738962795347941,13.800573066105393,13.61574393256414,13.703757286071777,1677955.0
2022-05-18,13.703757948521545,13.7829705580635,13.571737492195348,13.615744590759277,1378068.0
2022-05-20,13.615744553888304,13.747765009856993,13.510128021240234,13.510128021240234,1463396.0
2022-05-23,13.571737124914327,13.818175695091334,13.38690798744018,13.633346557617188,1732653.0
2022-05-24,13.615743927154726,13.642147849259972,13.527729734316507,13.545332908630371,1096501.0
2022-05-25,13.554133823957185,13.659751192414749,13.501325979093963,13.6421480178833,1442380.0
2022-05-26,13.64214826002213,13.897388419699535,13.624545085178239,13.79177188873291,1962745.0
2022-05-27,13.835778947503172,13.888586793154943,13.686155319213867,13.686155319213867,1610124.0
2022-05-30,13.774167967141231,13.879785331747529,13.774167967141231,13.83577823638916,1784285.0
2022-05-31,13.888586123437332,13.994202649013541,13.835778280331992,13.941394805908203,2424265.0
2022-06-01,13.941394975380767,14.196634285768498,13.941394975380767,14.038209915161133,2367451.0
2022-06-02,14.073415629283659,14.196634492734006,14.011806197558485,14.0822172164917,1680667.0
2022-06-03,14.099820185353675,14.143826442021224,14.020607580367221,14.038209915161133,1437191.0
2022-06-06,14.082217661286295,14.196634941142534,14.082217661286295,14.117424011230469,2079857.0
2022-06-07,14.14382623131519,14.284648265030766,14.091018388354614,14.161429405212402,2551467.0
2022-06-08,14.179032662395283,14.240642092666349,13.545332667587397,13.554133415222168,2868474.0
2022-06-09,13.598140752840862,13.747764377046506,13.386907697267796,13.545332908630371,1719547.0
2022-06-10,13.536531905917354,13.774168893855718,13.48372322006128,13.562935829162598,1478348.0
2022-06-13,13.562935037732174,13.598140546460032,13.492524020276456,13.501325607299805,1011313.0
2022-06-14,13.571737045148572,13.606942554966944,13.413311831283117,13.422113418579102,1274341.0
2022-06-15,13.44851759599531,13.483723106480944,13.351702652001217,13.404510498046875,1400653.0
2022-06-16,13.457318086141898,13.60694170334685,13.246085040452147,13.254886627197266,2593300.0
2022-06-17,13.254887416904657,13.422113378197416,13.254887416904657,13.316496849060059,1790663.0
2022-06-20,13.413311415797388,13.598140546460032,13.395709081116227,13.501325607299805,1733947.0
2022-06-21,13.58053904116961,13.72136108468133,13.58053904116961,13.66855239868164,2046442.0
2022-06-22,13.642147849259972,13.659751023573836,13.545332908630371,13.545332908630371,1659026.0
2022-06-23,13.580538425138226,13.650949443700148,13.378106117248535,13.378106117248535,2171103.0
2022-06-24,13.298893385463764,13.474921769565533,13.298893385463764,13.386907577514648,2364828.0
2022-06-27,13.202079022656829,13.334099477137165,13.122866414222395,13.246086120605469,1787820.0
2022-06-28,13.254886754682659,13.369304026007605,13.02605053330173,13.078858375549316,1894484.0
2022-06-29,13.114063825180565,13.184474840774556,12.814817428588867,12.814817428588867,2387120.0
2022-06-30,12.876427569883704,12.894029905073435,12.621187414390908,12.665194511413574,2401265.0
2022-07-01,12.709201483403469,12.850024369664201,12.075502272375411,12.673995971679688,1732967.0
2022-07-04,12.762009877264784,12.938037431836698,12.585982322692871,12.585982322692871,1376533.0
2022-07-05,12.629989346108387,12.753208213893556,12.374749183654785,12.374749183654785,869396.0
2022-07-06,12.497967308839934,13.193276733476814,12.480364974216052,12.902831077575684,3888700.0
2022-07-07,12.938036749650065,13.290092679596553,12.89402965348606,13.16687297821045,2682685.0
2022-07-08,13.19327653192861,13.19327653192861,13.131667102637895,13.18447494506836,748056.0
2022-07-13,13.193276777776559,13.360503573775404,12.94683821665596,13.008447647094727,2247779.0
2022-07-14,13.026050185093304,13.087659612523739,12.858823397259988,12.885228157043457,1226040.0
2022-07-18,12.990845807330285,13.08766075018897,12.982044219970703,12.982044219970703,1864245.0
2022-07-19,12.990845312411738,13.078858664557753,12.94683821665596,13.008447647094727,2282679.0
2022-07-20,13.05245415422286,13.087659661366708,12.964439966680489,12.9908447265625,2426043.0
2022-07-21,13.008447011904325,13.034851771687793,12.885228157043457,12.885228157043457,2531738.0
2022-07-22,12.90283049086694,12.982043091486352,12.858823397259988,12.885228157043457,2555865.0
2022-07-25,12.982043392829068,13.087659916318053,12.9556394717982,12.973241806030273,2584870.0
2022-07-26,12.99964706234809,13.07885882846253,12.938036791771685,12.94683837890625,3525573.0
2022-07-27,12.990844979627862,13.05245440848839,12.9556394717982,12.973241806030273,2917568.0
2022-07-28,13.017249269779908,13.184475226871333,12.938036665075613,12.955639839172363,5996089.0
2022-07-29,13.017249985265787,13.043653908496648,12.938037376207614,12.964441299438477,3815161.0
2022-08-01,13.0172497691328,13.11406471228221,12.982044258954325,13.087660789489746,4803942.0
2022-08-02,13.10526312454338,13.193276474667334,12.85002298226254,12.92043399810791,5518307.0
2022-08-03,12.911632947359232,13.02605106269982,12.911632947359232,12.99964714050293,3054476.0
2022-08-04,13.034852213462173,14.038209617005652,13.026050626569381,13.950196266174316,20527600.0
2022-08-05,14.055813662568017,14.478280626603672,14.003004977301469,14.223039627075195,12958632.0
2022-08-08,14.34625778749272,14.43427197881553,14.108621653271525,14.205435752868652,6292415.0
2022-08-09,14.205436167224871,14.214237754486991,13.8973881673407,13.967799186706543,4742173.0
2022-08-10,13.958997227171388,14.346257823355653,13.932593305454754,14.152627944946289,6687690.0
2022-08-11,14.170231322601467,14.707114709137716,14.135024973986052,14.522286415100098,10745772.0
2022-08-12,14.531088588379436,14.66310904355021,14.381464958190918,14.381464958190918,5626617.0
2022-08-15,14.469477940270528,14.504682608620481,14.16142911823606,14.231840133666992,3111088.0
2022-08-16,14.293449979922386,14.460676775980653,13.598140552703756,14.152627944946289,5089304.0
2022-08-17,14.170231164071945,14.68951304922212,14.170231164071945,14.583895683288574,6734611.0
2022-08-18,13.950196231601856,14.04701116908605,13.82697653350473,14.00300407409668,10142943.0
2022-08-19,14.029408449431301,14.143826564360799,13.835778568195733,13.870984077453613,4202489.0
2022-08-22,13.932593821384184,14.522286744207303,13.862182801288789,14.399067878723145,7956900.0
2022-08-23,14.531088411940765,15.367219070357338,14.434272629249872,14.927149772644043,12806688.0
2022-08-24,15.00636162754998,15.939309700575638,14.918349115408482,15.631260871887207,16891558.0
2022-08-25,15.68406928947712,15.90410393535358,15.340815779103801,15.657666206359863,10266148.0
2022-08-26,15.886499365564669,16.115335578626507,15.10317663223333,15.402423858642578,7978478.0
2022-08-29,15.402425102897736,15.666466004597824,15.332014083862305,15.332014083862305,4842759.0
2022-08-31,15.4904389242065,16.11533649329097,15.314410541481568,15.842494010925293,8973968.0
2022-09-01,15.798487538694374,15.860096968186774,15.587252810818937,15.64006233215332,4481961.0
2022-09-02,15.67526607633161,16.529001488169445,15.666464489961731,16.511398315429688,9981489.0
2022-09-05,16.520202064812946,16.92506501845097,16.396981518232145,16.493797302246094,8705598.0
2022-09-06,16.61701695930502,16.71383274791714,16.036125585094787,16.1241397857666,6497854.0
2022-09-07,16.106536257283434,16.590613511015427,15.974515798531513,16.41458511352539,6022749.0
2022-09-08,16.546605653102418,17.25071756777072,16.09773642689954,16.308969497680664,10666056.0
2022-09-09,16.52020047655016,16.687425587202906,16.352973687166404,16.537803649902344,6105905.0
2022-09-12,16.854654567241692,17.074689226549626,16.476194684635043,16.837051391601562,10001512.0
2022-09-13,16.91626326063346,17.250716868188626,16.238557815551758,16.238557815551758,10516236.0
2022-09-14,16.01852235402266,16.229755405531375,15.552048316067333,16.062528610229492,4920675.0
2022-09-15,16.106534612577246,16.458591371607316,15.780884292824782,16.08013153076172,6501040.0
2022-09-16,16.04492476602373,16.132938953491923,15.82489013671875,15.82489013671875,3344976.0
2022-09-19,15.974513847778221,16.555405138335175,15.886499659781196,16.036123275756836,6480391.0
2022-09-20,16.06252970655995,16.29136594766279,15.305609961276021,15.88650131225586,5820872.0
2022-09-21,15.912905301515986,16.793043872791717,15.886500540034517,16.75783920288086,7551411.0
2022-09-22,16.75783873548141,17.514756744129894,16.722632387821406,17.426742553710938,7916828.0
2022-09-23,17.48835382897109,19.169418334960938,17.48835382897109,19.169418334960938,7094719.0
2022-09-26,20.06715848600239,21.070517585414265,19.04619789123535,19.04619789123535,27153740.0
2022-09-27,19.04619771493195,20.2255835080959,18.48290957923492,18.62373161315918,12536403.0
2022-09-28,18.694143449045995,20.01435133396787,18.412499368859645,18.799760818481445,17254968.0
2022-09-29,19.010993639317654,19.574281792599887,17.303524326266988,18.48291015625,12843158.0
2022-09-30,18.570924705087165,19.081405023445868,17.814004975588308,18.025238037109375,9956223.0
2022-10-03,18.218867879807934,18.83496383130465,18.0956473465238,18.782155990600586,6859815.0
2022-10-04,19.02859697254946,19.046198468438046,18.28928042583272,18.58852767944336,6154429.0
2022-10-05,18.658938855825514,19.627089965801275,18.641335681058028,19.01099395751953,8463964.0
2022-10-06,19.169418672275324,19.908735205887996,19.02859663527587,19.363048553466797,13555356.0
2022-10-07,19.468665411188688,19.71510313012419,19.15181499686469,19.39825439453125,7129479.0
2022-10-10,19.451062835391365,19.609488047424367,18.782157317213755,18.9229793548584,9877376.0
2022-10-11,18.9405826841214,19.345445625977483,18.570924412598785,19.028596878051758,11720005.0
2022-10-12,19.028596977968135,19.451063096574824,18.81736223993366,18.905376434326172,5361509.0
2022-10-13,19.028595378437863,19.380650447683273,18.72934814989652,18.782155990600586,4944408.0
2022-10-14,19.010993293269244,19.134212154874056,18.85256808335958,18.940582275390625,3747301.0
2022-10-17,19.116608735997573,19.71510321966967,19.116608735997573,19.609487533569336,9002031.0
2022-10-18,19.715102515922037,20.77126941161095,19.627088328159463,20.29599380493164,10723086.0
2022-10-19,20.331199947655936,22.021065956574294,20.17277474701812,21.299352645874023,13487578.0
2022-10-20,21.28175157961138,21.422573621068153,20.41921615600586,20.41921615600586,10749091.0
2022-10-21,20.59524255713687,20.7888741202613,20.20798110961914,20.20798110961914,7867713.0
2022-10-24,20.38400890474843,20.894489202134903,19.926336450889913,20.683256149291992,10853261.0
2022-10-25,20.806476075775183,22.742781677408605,20.718463558299163,22.689973831176758,23919921.0
2022-10-26,22.742781252182382,24.11579697965697,22.39072615266725,23.25326156616211,19082553.0
2022-10-27,23.323671414301945,23.46449344703321,22.67236909323709,22.883602142333984,8651279.0
2022-10-28,23.218056325156642,23.28846734842073,22.51394609251574,22.760385513305664,4843257.0
2022-10-31,23.20045356659309,23.658124353552868,23.02442517864086,23.14764404296875,8503539.0
2022-11-01,23.200454076721268,23.429290314598333,22.461137517035713,22.795589447021484,13680126.0
2022-11-02,22.9188095972831,22.971617442426155,21.880245796659977,22.056272506713867,11107374.0
2022-11-03,22.091478276109125,22.496341209464298,22.003464084026803,22.197093963623047,6768690.0
2022-11-04,22.30271056717079,22.408326251072918,22.056271173514112,22.249902725219727,6560708.0
2022-11-07,22.531547882505812,23.27086442068235,22.37312267022068,22.725177764892578,14016345.0
2022-11-08,22.88360364293284,23.16524772686426,22.619562733929925,22.795589447021484,13744178.0
2022-11-09,21.528188110092106,22.09147792318136,20.982503149615372,21.352161407470703,23654656.0
2022-11-10,21.51058728300935,21.79223135893564,21.299354226064633,21.42257308959961,7285580.0
2022-11-11,21.616203485341213,21.897847567954468,21.17613418657521,21.387367248535156,8694284.0
2022-11-14,21.387365754496557,21.58099730681518,21.22894222814182,21.475379943847656,7490531.0
2022-11-15,21.563395561046296,21.70421760184035,21.000107397870075,21.17613410949707,7388343.0
2022-11-16,21.228944008500683,22.478740901653236,21.017709264850495,21.915451049804688,14849662.0
2022-11-17,22.02106734199485,22.707574349641227,21.299353985889127,22.408327102661133,14719764.0
2022-11-18,22.637164277932992,24.08059272922652,22.619562781698477,23.658124923706055,19085470.0
2022-11-21,23.886960492683237,24.41504397573699,23.28846599047106,23.58771324157715,15504635.0
2022-11-22,23.710933819773846,25.295182592584016,23.622919626010813,25.119155883789062,26598484.0
2022-11-23,25.119154108417966,26.351347697818156,24.643878502927766,25.981689453125,32042234.0
2022-11-24,25.99929494427566,26.685801975101608,25.78806020384952,26.386554718017578,21474471.0
2022-11-25,26.47456928917195,27.847585049042817,26.333747246043202,27.125871658325195,14379727.0
2022-11-28,27.266693279563846,29.431833418216083,27.249090104762328,29.22060203552246,17916586.0
2022-11-29,29.48464145188784,30.787246104180266,28.58689972717371,29.625463485717773,19401635.0
2022-11-30,29.660672318329464,32.67074480265797,29.43183439577136,31.87862205505371,20424997.0
2022-12-01,32.38909892419905,33.058006122114996,31.24491944693065,32.63554000854492,17802466.0
2022-12-02,32.63554013459327,32.88197786242874,31.508960469926325,31.52656364440918,11198442.0
2022-12-05,31.773003063705282,32.75876074244922,31.368140101433173,32.40670394897461,14371510.0
2022-12-06,32.82916595683606,32.98759115822388,30.84005438907852,31.016082763671875,13928715.0
2022-12-07,31.156906820753075,31.262522509401855,28.42847523053899,28.93895721435547,18427771.0
2022-12-08,28.938957620345683,30.38238436282387,28.234847423705375,30.31197166442871,16994550.0
2022-12-09,30.611217422935905,31.949028409958213,30.611217422935905,31.385740280151367,16226360.0
2022-12-12,31.68498826424563,32.40670161722314,31.491356706020678,32.00183868408203,11314703.0
2022-12-13,32.10745709857543,35.09992980957031,31.966635050849934,35.09992980957031,19613335.0
2022-12-14,36.01526940740005,37.07143638443449,34.32540493011474,35.205543518066406,27289616.0
2022-12-15,36.08568397810942,38.057195994684726,35.7864367083827,37.37068557739258,21342589.0
2022-12-16,38.03959309153181,39.2541819972421,38.021989915838006,38.21561813354492,6419390.0
2022-12-19,38.286026135612936,38.70849222800701,37.05383084803368,37.405887603759766,13954072.0
2022-12-20,37.617122834076035,38.42684868267788,37.106640867161055,37.705135345458984,12211332.0
2022-12-21,38.10999909983845,38.849315626929496,37.81075185417154,37.88116455078125,12990384.0
2022-12-22,38.26842365141536,38.919727654002045,38.00438275859561,38.46205520629883,10448293.0
2022-12-23,38.638085984308226,40.92644500732422,38.56767328454167,40.92644500732422,17844580.0
2022-12-26,40.996856689453125,42.845146365436236,40.574387216265094,40.996856689453125,12755674.0
2022-12-27,41.20808949204351,41.36651471059597,39.25418070153805,39.5006217956543,10441435.0
2022-12-28,39.782265102240295,39.79986827700778,37.669931134613904,38.02198791503906,10184824.0
2022-12-29,38.42684889643173,39.28938427113856,37.86356076253846,39.09575271606445,7195945.0
2022-12-30,39.18377023111892,40.151921332227595,38.47966003417969,38.47966003417969,7773691.0
2023-01-02,38.902124847744346,40.680005133807875,38.902124847744346,40.60959243774414,10002599.0
2023-01-03,40.62719496037926,43.37322627105666,39.659043907260425,41.52493667602539,17237848.0
2023-01-04,41.89459292851647,42.51069057458978,40.78561985155415,41.31370162963867,10148355.0
2023-01-05,41.806581402334196,42.52829474952489,39.694247525336664,40.94404602050781,12125899.0
2023-01-06,39.254177496336766,41.753771081390255,38.0571919035673,41.736167907714844,14217189.0
2023-01-09,42.51069124603099,42.686719627326816,40.39836074286734,40.732810974121094,9859146.0
2023-01-10,40.680005645431784,40.76801815915622,36.66657257080078,36.66657257080078,14488802.0
2023-01-11,36.36732322599653,37.669927827263685,34.50143051147461,34.50143051147461,15076847.0
2023-01-12,35.38157446519838,35.87444996130983,32.177870310623994,34.73027038574219,14481404.0
2023-01-13,34.74787072609908,37.845958929755966,34.483829823662994,35.32876205444336,8985921.0
2023-01-16,35.751227831863936,36.96582000054261,35.240749206308216,36.75458526611328,8655506.0
2023-01-17,36.754584252886104,37.669929147742536,36.26170881524196,36.82499694824219,10726844.0
2023-01-18,36.895408358838175,39.34219594052341,36.86020536664462,38.778907775878906,12733352.0
2023-01-19,38.74370233136124,39.518225254573146,37.84596053893747,37.951576232910156,5623139.0
2023-01-20,38.16280727834742,38.65568270740948,37.03623103196322,37.405887603759766,5039862.0
2023-01-23,37.56431495993404,39.23657960923431,37.19465500949975,37.722740173339844,9268109.0
2023-01-24,37.65233043356139,37.95157770934429,35.78643743263049,36.156097412109375,7663632.0
2023-01-25,36.490543341528856,36.78979058171467,33.3748520803228,34.853485107421875,9953213.0
2023-01-26,34.87108858939208,36.43773749948494,34.46622566011077,35.399173736572266,4573870.0
2023-01-27,35.293555912562724,35.786434728807905,33.11081262484078,34.11417007446289,5418951.0
2023-01-30,34.23738869020751,34.712660924333385,32.565124212011355,33.022796630859375,5477497.0
2023-01-31,33.0580035024924,34.41341425040761,31.913820758430507,33.656497955322266,7138919.0
2023-02-01,33.674101073576644,34.712664881379446,30.294368743896484,30.294368743896484,10168843.0
2023-02-02,29.343820724822994,29.467039590228712,27.266693115234375,27.266693115234375,47546512.0
2023-02-03,26.2105285936748,27.81238060649431,24.907922165917984,27.44272232055664,44491140.0
2023-02-06,27.30189887283381,28.58690038058608,25.770457960880744,27.090665817260742,6136404.0
2023-02-07,26.421761690776947,27.266693957483184,24.397441864013672,24.397441864013672,12072442.0
2023-02-08,22.214696884155273,22.214696884155273,22.214696884155273,22.214696884155273,750.0
2023-02-15,25.295181167510478,26.826622009277344,24.802304060428632,26.826622009277344,7649470.0
2023-02-16,27.988405539548435,28.34046230657155,24.151002559068644,24.274221420288086,12772308.0
2023-02-17,23.86935897969294,24.696688034523802,23.130042439698176,23.92216682434082,8357935.0
2023-02-20,24.098194318833908,25.277580186405498,23.306069908351944,25.066347122192383,9566652.0
2023-02-21,24.943127169156803,27.37230982001205,24.855112976547993,26.544979095458984,11802947.0
2023-02-22,26.527377845154454,27.108269208279644,25.312787271001202,25.347991943359375,7273495.0
2023-02-23,25.383197255283562,26.404157892841614,25.383197255283562,26.386554718017578,6747223.0
2023-02-24,26.33374647024305,26.544979528713178,25.295182673716567,25.33038902282715,6865520.0
2023-02-27,25.418400311688824,26.104908977640648,24.890318530359313,26.052101135253906,5878564.0
2023-02-28,26.087306704874795,27.196281505681725,26.087306704874795,27.090665817260742,10469077.0
2023-03-01,27.372310389448877,28.09402376213923,26.844226901541184,27.706762313842773,10373640.0
2023-03-02,27.68915897760317,28.58690073393354,27.05545980305115,27.2842960357666,8301166.0
2023-03-03,27.284295106488784,27.565939174474927,25.981690452687356,26.580184936523438,6871598.0
2023-03-06,26.914638885778274,27.794777504252032,26.6153916211987,27.653955459594727,8081143.0
2023-03-07,27.917994680737586,29.484641930964884,27.882790011073617,28.956560134887695,13903632.0
2023-03-08,29.29100946705507,29.308612640708596,28.44607727645819,28.886146545410156,6982219.0
2023-03-09,29.30861520912428,29.95991926153254,28.71012068230449,29.60786247253418,12424544.0
2023-03-10,29.537452471202837,30.364781542217408,29.25580838926331,29.854299545288086,13062500.0
2023-03-13,30.347179559082306,32.82917022705078,30.347179559082306,32.82917022705078,27774465.0
2023-03-14,32.82916892270378,33.70930751772245,31.52656420497163,31.720195770263672,19102088.0
2023-03-15,31.808206122402655,32.424303768486034,30.576014187697957,30.73443603515625,9852205.0
2023-03-16,31.121700631287702,31.82581082165258,30.87526290402555,31.632179260253906,8720000.0
2023-03-17,32.037046206047556,32.63554071933911,31.825811465930766,32.3538932800293,9777357.0
2023-03-20,32.565126396748916,32.741154778494035,31.262521743774414,31.262521743774414,8049001.0
2023-03-21,31.5089601412369,31.56176966413457,29.150188504536164,29.379026412963867,7934940.0
2023-03-22,29.502245457091398,30.047930433875532,29.026969820475117,29.467039108276367,5636126.0
2023-03-23,29.502244625799346,29.959917075112163,29.25580690596249,29.625463485717773,4707523.0
2023-03-24,29.748684289521506,30.276769468987325,29.20299929245627,29.291011810302734,5314211.0
2023-03-27,29.431832519342965,29.819095638224415,29.044572757923703,29.150188446044922,4272791.0
2023-03-28,29.11498485510382,29.343819400895327,27.93559738468856,27.988405227661133,4804855.0
2023-03-29,28.00601057123799,28.111627944096565,26.668199468262394,27.653955459594727,5595867.0
2023-03-30,27.724365144968033,28.72772258444911,27.706761970551952,28.1644344329834,8952112.0
2023-03-31,28.498887614076146,28.51649078823411,27.108267072756842,27.42511749267578,11521140.0
2023-04-03,27.636352063244747,27.706763085010124,26.527377211391634,27.02025604248047,4131369.0
2023-04-04,27.196281179534935,27.301898545420418,26.809019742929593,27.213884353637695,5352619.0
2023-04-05,27.284295124508485,27.9708037997264,26.89703369140625,26.89703369140625,5924066.0
2023-04-06,26.932240534026533,27.653953891657984,26.932240534026533,27.19628143310547,3800631.0
2023-04-07,27.284294794355844,27.530734190389975,27.108266414512745,27.354705810546875,6412115.0
2023-04-10,27.477924842929767,28.498887102251405,27.425117000135373,28.11162567138672,8344690.0
2023-04-11,28.18203822446899,29.660671333173514,28.058817679589513,29.22060203552246,8398550.0
2023-04-12,29.22060121581506,29.88950505219691,28.991763307277076,29.044572830200195,5657935.0
2023-04-13,29.220601633398147,29.643067750433843,28.639710302791283,29.44943618774414,6616629.0
2023-04-14,29.502245289813963,30.153545951888105,28.991763307277076,29.044572830200195,7203546.0
2023-04-17,29.150189261267503,30.047931029059843,28.88614835484912,29.326217651367188,5996978.0
2023-04-18,29.343819418057905,30.03032641329607,29.343819418057905,29.625463485717773,5032075.0
2023-04-19,29.62546495997383,29.819096525173997,28.99176409747312,29.555055618286133,4542625.0
2023-04-20,29.555055721032343,30.24156275281985,29.27340828091556,29.74868392944336,3908272.0
2023-04-24,30.171146658356076,30.68162859913825,29.959915298865603,30.48799705505371,6295504.0
2023-04-25,30.66402862933985,30.66402862933985,28.727723058619755,28.79813575744629,4778939.0
2023-04-26,28.938957497790238,29.044573187473443,27.54833692753539,27.935598373413086,4436992.0
2023-04-27,27.900392697149417,28.41087131009817,27.583542282061583,27.67155647277832,3896669.0
2023-04-28,27.67155567634351,27.79477453256186,26.228127354834093,26.404155731201172,3115579.0
2023-05-02,26.49217248565899,26.54498033219216,24.960731506347656,24.960731506347656,5078448.0
2023-05-03,24.978332672324065,25.13675788855931,23.622920104359142,25.08395004272461,4625683.0
2023-05-04,25.08394954224622,25.75285506482052,24.995935348457028,25.436004638671875,3530426.0
2023-05-05,25.436005067463288,25.524019262736193,24.57346964699733,24.872716903686523,3723266.0
2023-05-08,24.90792018199083,25.823265075683594,24.520660430411017,25.823265075683594,4444638.0
2023-05-09,25.911279124520963,26.844225508204016,25.78805858720849,26.36894989013672,7101681.0
2023-05-10,27.81237907488522,28.95656022012643,27.442720809304383,28.516490936279297,15301036.0
2023-05-11,28.69251536397661,31.36813735961914,28.34046195873656,31.36813735961914,15956088.0
2023-05-12,31.773001049498575,32.565127105869465,30.188752294218986,30.347177505493164,10699596.0
2023-05-15,27.513131756883123,28.92135379732213,27.319501876831055,27.319501876831055,8569942.0
2023-05-16,27.319502120394297,28.674916329036037,27.249089422950057,28.604503631591797,6623027.0
2023-05-17,28.569298071802475,29.484643019081325,28.322860338866747,29.114986419677734,7859478.0
2023-05-18,29.11498552743102,29.92471140081232,28.780531930508996,29.044572830200195,9962766.0
2023-05-22,29.044573926402983,29.167792793745267,27.79477704181458,28.234848022460938,4853738.0
2023-05-23,28.00600879862612,28.340462392566714,27.583542691393763,27.759571075439453,3253910.0
2023-05-24,27.812378092314795,28.217242692091055,26.756211176902053,27.249088287353516,3758527.0
2023-05-25,27.284295196157082,27.530734595820395,26.492170832660026,26.791418075561523,3394860.0
2023-05-26,26.826623408839477,27.125870659148134,26.31614310161844,26.86182975769043,4246597.0
2023-05-29,27.301899119413328,28.076420330176397,26.632993598025116,27.724365234375,6104854.0
2023-05-30,28.023611289925814,29.467037960496604,27.689157704134846,29.414228439331055,7730974.0
2023-05-31,29.39663050485641,29.97752184501406,28.780532815001372,29.74868392944336,6521497.0
2023-06-01,30.012723922729492,30.628821593811377,29.607860985933073,30.012723922729492,5438383.0
2023-06-02,30.558410965683333,30.804848680741404,29.766284942336586,30.435192108154297,9651901.0
2023-06-05,30.593615470417372,31.77300129832688,30.223958879524144,31.632179260253906,12469245.0
2023-06-06,31.68498730812437,33.25163282841599,31.350533724227013,32.70594787597656,13563045.0
2023-06-07,32.74115696174318,33.02280104833114,31.350536346435547,31.350536346435547,14375811.0
2023-06-08,31.526563135320092,31.68498834564529,29.977520737927456,30.259164810180664,8493800.0
2023-06-09,30.41759045721759,30.945672260908587,29.977521168321015,30.329574584960938,7185206.0
2023-06-12,30.470395212639907,31.262521238971253,30.470395212639907,30.963274002075195,7295925.0
2023-06-13,30.980877586633135,31.05128692465088,29.48464138230721,29.7310791015625,5449463.0
2023-06-14,29.836699072352506,30.030327276017456,29.04457301088883,29.132585525512695,4713691.0
2023-06-15,29.396628692302862,29.625463236301655,28.639709007791158,29.308612823486328,6835243.0
2023-06-16,29.519847730047143,30.118342211777513,29.30861300106967,29.7310791015625,6682709.0
2023-06-19,29.942315098993948,30.08313713845724,28.95656082275092,29.009366989135742,7333125.0
2023-06-20,28.991762993405487,29.202997725348887,28.516490722091618,28.833337783813477,4081205.0
2023-06-21,29.06217577373762,29.326216671332187,28.111626192173677,28.393268585205078,2643500.0
2023-06-22,28.39326882466595,28.86854445882181,27.900393373655906,28.710119247436523,7749406.0
2023-06-23,28.903751455724965,29.73108052237779,28.886148281013764,29.431833267211914,5446166.0
2023-06-26,29.537452448123855,30.223959477632263,29.467039748962844,30.188753128051758,7214751.0
2023-06-27,30.188751789910008,30.59361471975306,29.748682512046997,30.382383346557617,2604738.0
2023-07-03,30.734436667804438,31.262521814229935,30.64642415546459,31.156906127929688,9071745.0
2023-07-04,31.192109041372873,31.878619394284765,30.85765880933752,31.596975326538086,10576686.0
2023-07-05,31.77300021054906,32.0194412868363,30.928068011038235,31.80820655822754,9367516.0
2023-07-06,31.878621911962668,32.160266001952756,31.420949426363183,31.45615577697754,10087796.0
2023-07-07,31.420947881875552,31.913823336399858,31.29772901824448,31.632179260253906,6923637.0
2023-07-10,32.037043067037494,32.68834368344668,31.649779974344717,32.4419059753418,14114761.0
2023-07-11,32.75875758130853,33.568483427716174,31.98423472488142,32.79396057128906,16512770.0
2023-07-12,32.88197561307777,33.498073247983406,32.52991886242826,32.95238494873047,12495683.0
2023-07-13,33.00519479360995,34.36060893225842,32.917182283811805,33.49807357788086,17605583.0
2023-07-14,33.72691083141187,33.850129698027956,33.0051974491214,33.11081314086914,7822494.0
2023-07-17,33.41005970146513,34.624651882334675,33.37485335246318,34.02615737915039,11334745.0
2023-07-18,34.2373908286488,34.27259381886517,31.755400394171932,31.80820655822754,12125993.0
2023-07-19,31.82581077277228,32.63554000854492,31.139303757903686,32.63554000854492,8553175.0
2023-07-20,32.81156323674102,33.00519478721386,32.107453086106204,32.494712829589844,10337978.0
2023-07-21,32.91718486345389,35.205543872159325,32.75875964743219,34.74787139892578,23351495.0
2023-07-24,34.94150280733167,35.716025709122334,34.32540512084961,34.32540512084961,14866159.0
2023-07-25,34.34300713234804,34.67746072638906,32.793961381235434,33.304443359375,6840561.0
2023-07-26,33.269237502096864,33.79732266218672,32.881977737334076,33.60369110107422,5044980.0
2023-07-27,33.72690963745117,34.09656958167546,33.58608760095196,33.72690963745117,8062020.0
2023-07-28,33.93814435800773,34.360610467344486,33.81492213833843,34.061363220214844,8720062.0
2023-07-31,34.32540529940496,34.83588729749084,34.078967566515125,34.41341781616211,11107905.0
2023-08-01,34.60704920196216,34.853486933570075,34.21978942979797,34.32540512084961,11473622.0
2023-08-02,34.325404246744924,37.7579460144043,34.272594723832775,37.7579460144043,18348691.0
2023-08-03,39.50061758289944,39.51822075613481,37.05383022257457,37.986778259277344,23493119.0
2023-08-04,38.10999895655694,39.412603621779574,37.72273919904605,38.0923957824707,11199075.0
2023-08-07,38.35644281662506,39.20137508923797,37.74034510879641,38.49726486206055,11924679.0
2023-08-08,38.497260860541,38.638082891339025,37.12424354216371,37.405887603759766,6711092.0
2023-08-09,37.405891662424004,38.86692164952842,36.96582234874843,38.58527755737305,10998813.0
2023-08-10,38.585274752810705,39.81747008452543,36.772188103564666,37.212257385253906,13164522.0
2023-08-11,37.21226077957607,38.286030999229816,36.34972531168432,38.00438690185547,6895801.0
2023-08-14,38.23321712868088,39.0077399872068,37.370681758772,37.705135345458984,8269644.0
2023-08-15,37.77554680885355,39.43020830417176,37.77554680885355,38.99013900756836,13859029.0
2023-08-16,39.25417986901362,39.97589324601841,38.47966032525286,39.6590461730957,12694823.0
2023-08-17,40.18712941437146,41.45452782351427,39.72945692725985,41.190486907958984,11910418.0
2023-08-18,40.22233441046837,44.314976857396644,39.48301785733531,42.68672180175781,31448986.0
2023-08-21,42.75713294485539,46.95539093017578,42.75713294485539,46.95539093017578,18625950.0
2023-08-22,47.0874137878418,50.82800273360493,46.251281469649356,47.0874137878418,23744322.0
2023-08-23,47.5274842800875,49.19974895885328,46.25128264181491,46.471317291259766,13841977.0
2023-08-24,46.95539192572284,51.09204392548008,45.67919366999392,49.90385818481445,27175905.0
2023-08-25,49.727825932268054,54.040505984423,47.70350802598671,52.67628860473633,19623919.0
2023-08-28,53.5124238856199,54.43656870401181,51.31207748113338,51.53211212158203,15226769.0
2023-08-29,51.88416832873983,56.68092411018982,51.88416832873983,54.12852096557617,25742978.0
2023-08-31,54.56859225914126,56.76893872120341,53.46841902811019,53.688453674316406,17910820.0
2023-09-01,54.21653763031331,59.05730003864351,53.55643366554101,58.79326248168945,21393209.0
2023-09-04,59.277330879995134,64.64617477175678,57.91312013618628,60.72956085205078,19970856.0
2023-09-05,63.36998044973892,66.80252240041806,61.169633906345204,66.40645599365234,28094295.0
2023-09-06,67.77066651716987,70.80714174657994,63.061926745000676,63.72203063964844,29592052.0
2023-09-07,64.25011404328237,66.71450466515878,62.53384655960274,63.325965881347656,13398355.0
2023-09-08,64.29412462087468,68.03471350825794,64.03008036638379,65.26227569580078,17519483.0
2023-09-11,66.71450257660405,71.77529907226562,66.49446794635789,71.77529907226562,20071110.0
2023-09-12,74.3717075163913,78.94842529296875,73.18352181621486,78.94842529296875,28956591.0
2023-09-13,78.94842431071724,81.85288417716703,73.22752380371094,73.22752380371094,31203675.0
2023-09-14,73.79961274119495,74.10765987679648,67.19857391434523,69.927001953125,23194673.0
2023-09-15,70.5431107009978,73.05150438821046,67.63865061164125,67.99070739746094,19721899.0
2023-09-18,67.9907081417337,68.03471775853968,63.41399002075195,63.41399002075195,16431891.0
2023-09-19,63.28196681171953,69.75098419189453,63.14994467846603,69.75098419189453,23643492.0
2023-09-20,72.1713617549302,74.54773317552527,68.56279501016856,68.95885467529297,21322232.0
2023-09-21,68.65080322265625,72.56741687438952,67.24258296107372,71.5112533569336,19263662.0
2023-09-22,72.52342005539408,73.93164043498024,70.41108612855261,71.1592025756836,12031330.0
2023-09-25,72.34738396324241,78.24431610107422,71.7312896826129,78.24431610107422,16193224.0
2023-09-26,82.29295747176461,86.0335464477539,80.97274959788604,86.0335464477539,24800912.0
2023-09-27,84.71333276870895,86.42960020117033,81.23678829170298,81.9408950805664,23676753.0
2023-09-28,82.73303092504291,88.01386268621586,82.11693657220933,83.30512237548828,21984014.0
2023-09-29,84.88936119478714,85.37344008743821,81.72086373040317,82.64501190185547,12554386.0
2023-10-02,83.61316462070437,84.93337248313655,81.85288747079481,82.24894714355469,11775469.0
2023-10-03,82.73303007649511,84.361285176505,80.40066139624726,82.11693572998047,12748057.0
2023-10-04,82.16093651191397,82.73302794173,78.81641387939453,78.81641387939453,8574882.0
2023-10-05,78.94842645242214,83.56915391035477,78.42034465735756,82.90904998779297,20567603.0
2023-10-06,82.24895196190725,83.0850876860519,80.31264966954299,80.53268432617188,8317985.0
2023-10-09,78.42034789850187,82.55700334648009,75.60390706513662,76.30801391601562,14494099.0
2023-10-10,77.98027882150811,81.85289001464844,77.93627592034748,81.85289001464844,12860563.0
2023-10-11,81.7208605153412,82.24894228614203,79.43250169858828,80.09260559082031,9457772.0
2023-10-12,81.58883801513574,81.94089476567655,74.76776449373803,77.3201675415039,13273948.0
2023-10-13,76.48404384670513,77.14414778085693,72.43540772689241,73.931640625,11470049.0
2023-10-16,74.89979249170138,75.86794359546329,69.6629705793588,70.41108703613281,12356995.0
2023-10-17,71.29122680035002,76.0879794978605,70.45509781397008,74.45972442626953,17921378.0
2023-10-18,72.39140005344184,77.54020953492663,71.99534036829864,74.45972442626953,16666976.0
2023-10-19,75.25185056794082,76.70408060609654,72.34739049162938,72.52342224121094,12836337.0
2023-10-20,72.34738224867588,73.13950824422976,69.88299846963741,71.5112533569336,9184920.0
2023-10-23,73.31554996324367,73.71160965752313,69.97102051072345,72.87548065185547,10512878.0
2023-10-24,73.40356009174954,74.89979301576652,72.43540898121358,73.35955047607422,9847356.0
2023-10-25,73.49157376358576,74.3717123715329,66.05440521240234,66.05440521240234,9959193.0
2023-10-26,66.05440284852835,68.34276180431299,62.88589860136947,66.5384750366211,19855552.0
2023-10-27,66.9345419821088,67.1985795282868,63.28196551645491,65.61433410644531,8084487.0
2023-10-30,65.43830271864958,67.02255486408062,63.98607270449188,65.79035949707031,8510529.0
2023-10-31,66.3184407635909,66.67049753912563,63.369977858970906,63.8100471496582,6178057.0
2023-11-01,64.60217626456033,66.8905353411407,62.35782009017056,65.39430236816406,14098192.0
2023-11-02,66.14241038801886,71.07118470241518,65.74634402945351,69.927001953125,15303932.0
2023-11-03,70.1470411159211,71.73129322276166,66.97854361716436,68.12272644042969,11071337.0
2023-11-06,69.22289555385369,73.71160063776567,68.47477915902236,72.6994400024414,11655796.0
2023-11-07,72.74345488902101,75.03181385117459,71.07119024612724,71.9953384399414,10768382.0
2023-11-08,72.69944789203606,76.2640119509095,72.39140072131327,75.55989837646484,14396121.0
2023-11-09,74.89979171877107,75.55989565292285,72.91947991631571,73.931640625,8577595.0
2023-11-10,74.59174714132853,77.18815335290343,73.44756426322027,73.53558349609375,17487781.0
2023-11-13,73.57958004896415,73.8876271926681,70.05902591537807,70.36707305908203,9234767.0
2023-11-14,70.41108167876986,72.47940586009892,69.17888640640658,71.77529907226562,7232719.0
2023-11-15,72.25937691183059,73.49157228108518,70.45509683089041,70.49909973144531,6050452.0
2023-11-16,70.45509411447503,72.2593741258507,70.14704024784507,70.80714416503906,3837545.0
2023-11-17,73.09550858859393,77.84825134277344,72.87547395312546,77.84825134277344,16264979.0
2023-11-20,80.09260473680334,83.70117129954265,79.82856049675637,80.8407211303711,17306450.0
2023-11-21,80.84072748688868,82.82103929818118,79.30048496699452,81.4128189086914,10459014.0
2023-11-22,81.63285826585734,81.85289292425587,78.77240770667635,78.86042022705078,5106870.0
2023-11-23,78.99243406562998,81.98490644842698,78.86041194147697,80.44466400146484,10957575.0
2023-11-24,80.53267922691731,81.01675812681937,78.0682885427468,79.38849639892578,7550615.0
2023-11-27,79.74055390255083,80.09261067708334,77.98027674481273,78.5523681640625,5072922.0
2023-11-28,78.7724042725987,80.09261216543555,77.45219637976186,78.06829071044922,5311042.0
2023-11-29,78.42034528227083,78.64037992487818,75.07582274359392,75.5158920288086,5445212.0
2023-11-30,75.515895119793,76.9681184485037,74.67975941470613,75.38387298583984,4452873.0
2023-12-01,76.61606784786109,76.7040803649128,73.71160778068226,74.37171173095703,4771412.0
2023-12-04,74.45972242933654,74.54773494423856,72.61143275669643,73.931640625,4847075.0
2023-12-05,73.9316357011149,75.20783386950978,73.44755682900704,73.62358856201172,4971274.0
2023-12-06,73.66759000295772,74.98779775723958,71.29121873121996,71.5112533569336,6845559.0
2023-12-07,71.33523029185554,73.88762664794922,69.48693401340968,73.88762664794922,7513026.0
2023-12-08,74.06366275481525,75.20783887839033,73.05150204613096,73.931640625,5031363.0
2023-12-11,73.71160926938451,73.71160926938451,68.95885938843328,69.17889404296875,7028006.0
2023-12-12,69.2229023227135,71.68728637695312,68.12272907128742,71.68728637695312,5983540.0
2023-12-13,71.46724798131386,71.59927010755109,66.93453979492188,66.93453979492188,5482595.0
2023-12-14,67.85868450761099,69.92700886824345,66.31844196236399,69.57495880126953,5807698.0
2023-12-15,69.53094649840236,71.86331503405516,69.35492147171792,71.81930541992188,6184416.0
2023-12-18,71.29122353806657,71.29122353806657,66.97854324030979,67.19857788085938,4896890.0
2023-12-19,67.3306037705772,69.66297243371939,66.53847767735017,68.91485595703125,5332406.0
2023-12-20,68.65080988579207,69.44293595822842,67.24258948752995,67.7266616821289,3833488.0
2023-12-21,67.68266231497367,69.79499638010134,67.06656124206046,69.35492706298828,4062261.0
2023-12-22,69.44293690948854,70.32307550982445,66.97854614257812,66.97854614257812,3395775.0
2023-12-25,66.27444331408714,67.85868886189986,63.81005239758953,64.0740966796875,3181000.0
2023-12-26,64.38213927367495,67.94669653821707,64.07409210981444,65.87837219238281,3845619.0
2023-12-27,65.70234571725261,67.68265750348306,65.35028894560455,66.3624496459961,3459119.0
2023-12-28,66.62648533183076,71.29122231759362,66.53847282010254,70.45509338378906,5372431.0
2023-12-29,70.41108222474081,72.52341603446784,69.92700334847608,72.03933715820312,3755715.0
2024-01-02,72.74345470878907,73.88763082956876,72.08335077625001,73.8436279296875,3552043.0
2024-01-03,73.66759710270894,73.71160671806267,71.5992727646497,72.3473892211914,4389717.0
2024-01-04,71.9073173846674,72.83146555502107,70.19104988535263,71.55526733398438,4440066.0
2024-01-05,71.81930260367466,71.90731511356566,69.53094377188846,70.19104766845703,4384722.0
2024-01-08,70.3230764945103,71.86331906666511,69.66297253501538,70.93917083740234,4519106.0
2024-01-09,71.42324403267283,71.5992690551189,68.65080628214002,69.53094482421875,3607125.0
2024-01-10,69.88300522634673,70.89516594547604,69.04686953883792,70.41108703613281,3148551.0
2024-01-11,71.2472139783572,72.83146607749293,69.83899362075005,69.88300323486328,4615674.0
2024-01-12,69.66297040154151,71.07119079568473,68.07871826130257,70.32307434082031,4361587.0
2024-01-15,70.32307162430178,72.03933911415896,70.05902737282025,70.63111877441406,3983333.0
2024-01-16,70.63112183202358,73.53558186435698,70.58711221656341,73.18352508544922,6472523.0
2024-01-17,72.6994452690643,73.18352417339518,71.02718062628651,71.2472152709961,4794989.0
2024-01-18,71.9513291972711,72.43540810413995,70.10303951500498,70.23506164550781,4211229.0
2024-01-19,70.32307434082031,70.54310898724658,69.04686936259324,70.32307434082031,3416042.0
2024-01-22,70.23505623768494,71.77529864013484,69.5749523509207,70.85115051269531,4769110.0
2024-01-23,71.46725063104829,74.19568562469672,71.33523521484071,73.09551239013672,9477717.0
2024-01-24,73.35954632780116,79.69654787600773,72.91947705563088,78.68438720703125,15097783.0
2024-01-25,78.86041496063228,79.69655063566323,77.27616955491605,78.3763427734375,9297609.0
2024-01-26,79.38849641065298,81.36880819521397,78.68438958287483,80.1366195678711,6912075.0
2024-01-29,80.66469940218714,83.26110543716285,80.26863302596973,81.54483795166016,6123718.0
2024-01-30,81.54484362532509,82.33696971794959,80.26863861083984,80.26863861083984,4526928.0
2024-01-31,80.09261032088524,82.95306068948828,79.43250638966916,82.24894714355469,6161230.0
2024-02-01,82.24895003871762,85.72550156111828,82.20494713737564,82.77703857421875,9049753.0
2024-02-02,83.12908750322657,86.2535821973663,83.08508460248878,85.37344360351562,7727749.0
2024-02-05,85.32943398785325,86.69365149429163,83.74518854787678,85.37344360351562,8017834.0
2024-02-06,85.76949852533707,89.95015661413858,85.6374831155248,89.68611907958984,10230077.0
2024-02-07,89.95016269440501,90.39023199665732,86.91368719483384,87.39776611328125,6237466.0
2024-02-08,87.57378826417435,96.11112976074219,87.52977864942862,96.11112976074219,12198095.0
2024-02-09,96.81524146718525,97.95942427958535,94.43887004441497,95.67105865478516,9750796.0
2024-02-12,97.43133853760015,99.45565996624575,94.43887272471466,98.04743957519531,10025212.0
2024-02-13,99.54367135185497,99.71970309556619,91.79845593152058,94.0868148803711,9759398.0
2024-02-14,94.08681437443063,99.36764578873068,91.35838615336048,97.69538116455078,11720598.0
2024-02-15,97.78339384402321,98.66353241456333,95.40702238953462,95.84709167480469,6495872.0
2024-02-16,96.72723060171964,99.9837406387464,93.91078313665987,94.0868148803711,9243270.0
2024-02-19,94.61489722842262,96.37517438616072,92.41455078125,92.41455078125,6738934.0
2024-02-20,93.29468700875465,94.87893909675982,91.88646666104133,93.64674377441406,5500507.0
2024-02-21,94.61490099354118,96.02312143278569,90.74228974942524,91.35839080810547,7484332.0
2024-02-22,91.79845468392016,95.84709072531278,91.44639791620682,93.91078186035156,9321329.0
2024-02-23,94.17482204346861,94.8789355484548,91.62241898154866,92.8546142578125,4913087.0
2024-02-26,92.94263346349801,98.39949673298487,92.50256416990672,96.28716278076172,10576634.0
2024-02-27,96.28716493847955,100.33580118726131,94.26284345662634,96.90325927734375,12866199.0
2024-02-28,96.55119558380102,96.81523983295148,91.53440856933594,91.53440856933594,6640508.0
2024-02-29,92.15051045907495,93.9107876920271,91.79846038442432,93.47071838378906,4396647.0
2024-03-01,93.73475463435335,96.28715774672433,92.50255933373383,93.29468536376953,5065546.0
2024-03-04,93.91078182459256,98.31147463202285,91.97447967529297,91.97447967529297,11872324.0
2024-03-05,92.4145529926687,93.73476089256397,90.21420649284326,91.09434509277344,6475073.0
2024-03-06,92.32653483212702,92.59057236701179,87.83782958984375,87.83782958984375,6170879.0
2024-03-07,88.18988519948671,91.7984588381966,88.18988519948671,91.18235778808594,5780611.0
2024-03-08,91.53441697847022,97.60737483252676,91.2703727050624,97.43134307861328,9639117.0
2024-03-11,99.2796288067923,102.09606941503041,98.22345854250996,100.2477798461914,10589547.0
2024-03-12,105.61662985866633,107.28889450774678,97.69538261926635,97.95942687988281,20424625.0
2024-03-13,98.92757778328227,103.94436500576172,98.57552100812549,101.7440185546875,12826912.0
2024-03-14,101.74401495002594,102.2720967365896,95.23098834260962,97.07928466796875,9655027.0
2024-03-15,97.07929020732601,97.34332775821174,92.23852791025023,93.03064727783203,7012345.0
2024-03-18,93.03064584215582,93.38270261949503,90.30221756889485,90.8302993774414,4702066.0
2024-03-19,91.09433901085045,93.73475463435335,89.86214371023091,93.29468536376953,4827079.0
2024-03-20,93.38270205714811,94.17482812266005,91.71043741105055,92.5025634765625,3840329.0
2024-03-21,93.03064406261599,100.33579687170081,92.94263154869587,97.69538116455078,11434693.0
2024-03-22,97.25531712060608,99.27963862447093,93.11866830913843,93.47071838378906,7476651.0
2024-03-25,93.47071060244167,94.79091841724974,89.15803711267466,89.59810638427734,5488338.0
2024-03-26,90.03818395595174,90.8303033459179,85.9895409120479,87.92584991455078,5750717.0
2024-03-27,88.18988164891537,89.33406447096647,87.17772766970599,88.36591339111328,4298696.0
2024-03-28,88.54194039712331,92.06249474066638,88.54194039712331,90.8302993774414,4217685.0
2024-03-29,90.91832345625816,93.29469507890175,90.56626666014526,91.886474609375,3322567.0
2024-04-01,92.32653715055,93.55873248906005,88.013856823227,90.39022827148438,4924218.0
2024-04-02,90.7422866965216,91.79845702661508,87.44176700546292,88.80598449707031,4598804.0
2024-04-03,88.4539227791995,89.07001706781134,86.69364570896667,87.74980926513672,3343281.0
2024-04-04,88.45392969441531,90.12619438485684,87.92584787504552,89.33406829833984,4580378.0
2024-04-05,91.00632845864784,93.99880090601621,90.12618989853505,93.82276916503906,6012746.0
2024-04-08,94.61489894672792,100.33579981327425,93.82277286837504,100.15977478027344,7022555.0
2024-04-15,99.4556583026508,100.86387867014594,96.4631858248959,97.69538116455078,5728187.0
2024-04-16,96.11112480612289,98.839559621519,94.87893623585585,98.39949035644531,4895262.0
2024-04-17,99.01559267725264,101.03991414684633,96.99127120765895,98.57552337646484,4695110.0
2024-04-18,99.36764578873068,100.15977184386057,95.93510402645077,97.69538116455078,4262443.0
2024-04-19,96.37517509973638,98.48750904764701,94.70291044451861,98.13545227050781,4055271.0
2024-04-22,99.3676494608678,100.68785736323116,97.87140980923454,98.57552337646484,4702628.0
2024-04-24,99.98374234726197,100.1597740939812,95.40702437135428,96.37517547607422,7397973.0
2024-04-25,96.63921937821902,97.25531370212694,94.8789422071398,96.19915008544922,4158728.0
2024-04-26,96.81524693692263,97.95942981396523,95.31901398841279,96.99127197265625,4462328.0
2024-04-29,97.51936067995125,102.53614807128906,97.25531641096516,102.53614807128906,12003898.0
2024-04-30,102.44812785609798,102.80018461665367,99.89572473572458,100.59983825683594,5585958.0
2024-05-02,101.21594249871592,102.36012540423657,98.22346981229066,99.2796401977539,8197952.0
2024-05-03,99.80771583185981,102.36011904448964,99.01558977070924,101.47998046875,6912174.0
2024-05-06,101.56798909886894,104.73648650736749,100.33579379697389,104.29641723632812,7172616.0
2024-05-07,104.56046512222726,104.64847763651196,99.45565871462202,103.2402572631836,8088299.0
2024-05-08,103.85635062921295,104.20840739805956,101.12792242176934,101.30394744873047,4159078.0
2024-05-09,101.92004632924773,103.06422241027818,99.98373749878014,102.62415313720703,4098550.0
2024-05-10,102.97621461518358,106.05669966777455,102.18408854438958,105.52861785888672,7764676.0
2024-05-13,105.7926535809931,106.84882389547482,102.80018781060589,105.08854675292969,7856819.0
2024-05-14,105.17655757547254,105.79265187948467,101.567990834278,102.80018615722656,6470919.0
2024-05-15,102.62415799074293,107.99300203314172,102.2721012126509,107.55293273925781,12235841.0
2024-05-16,108.2570472762054,113.71390388383291,107.64095294515619,113.44985961914062,13002645.0
2024-05-17,113.44985398819594,120.5789816317963,112.83375968772582,119.25877380371094,12275765.0
2024-05-20,118.81870601488195,121.98721021388495,116.09027109741557,121.45912170410156,10295107.0
2024-05-21,122.07522004223038,122.77933360190288,118.46665987241367,120.57898712158203,8652525.0
2024-05-22,120.57898241624245,122.60330378511259,119.87486888404649,121.10707092285156,4739120.0
2024-05-23,120.57898712158203,121.81117577862206,118.9947349697812,120.57898712158203,4391586.0
2024-05-24,120.84302152250135,126.03583342030385,120.40295226235374,125.59576416015625,8080204.0
2024-05-27,125.59577401054408,126.7399568626349,121.1950810639248,122.33926391601562,4746871.0
2024-05-28,122.77932853797023,125.50776343297566,121.98720920966468,124.80364990234375,5375989.0
2024-05-29,125.85981061437165,129.99645904649674,124.45158358520861,126.21186065673828,7970920.0
2024-05-30,122.25124250570417,123.65946959545674,117.49849958002473,121.7231674194336,12591858.0
2024-05-31,121.72316814355908,126.12386103790432,118.64268311751741,120.138916015625,8042676.0
2024-06-03,120.22693490693905,127.53207434710457,120.22693490693905,127.2680435180664,8391154.0
2024-06-04,127.70810050087326,132.7248872169363,127.26803125508093,131.93275451660156,9074489.0
2024-06-05,131.93276833441212,132.63688188739383,126.38790600057274,129.732421875,6070133.0
2024-06-06,132.98894122262217,142.67046534146738,132.10880266636352,141.61428833007812,13839747.0
2024-06-07,142.49443827893714,142.7584825528951,137.82971430169488,140.55813598632812,8070986.0
2024-06-10,140.38209625581453,142.49442336672135,135.54133431595886,137.03756713867188,7332506.0
2024-06-11,137.0375759306869,137.0375759306869,131.75674438476562,131.75674438476562,7363964.0
2024-06-12,131.7567345404782,133.69303661000745,129.64440745187318,131.14064025878906,5947203.0
2024-06-13,133.9570868768018,139.50196252102032,133.8690810782309,136.06942749023438,7958213.0
2024-06-14,139.5019565879106,139.76600083209078,135.0132447263919,136.50949096679688,4611164.0
2024-06-20,138.1817639178403,149.79959106445312,138.1817639178403,149.79959106445312,7930910.0
2024-06-21,149.79958416689757,151.29581707229016,146.01498557336416,148.21533203125,6581536.0
2024-06-24,148.21533457407781,150.4156810697135,146.63109584109952,148.56739807128906,5355885.0
2024-06-25,148.65540422993772,153.49616653195267,147.51123479334086,148.74342346191406,6079096.0
2024-06-26,147.86327446831598,149.53553231953023,142.5824432373047,142.5824432373047,4322540.0
2024-06-27,142.58245590625853,146.10301037307974,141.3502672148109,143.7266387939453,5516672.0
2024-06-28,147.0711626196309,151.55986133588803,145.92697977554022,149.71157836914062,9213456.0
2024-07-01,150.59172445469176,152.35200170872744,144.5187598703589,146.10301208496094,6795857.0
2024-07-02,146.54307963930327,153.1441192626953,145.39889675194541,153.1441192626953,6367498.0
2024-07-03,153.49615734820335,153.93622662205698,148.3913645153801,153.8482208251953,6442654.0
2024-07-04,154.46431299921576,160.88932699512432,154.2882879780638,155.16842651367188,8069140.0
2024-07-05,155.16843155686414,155.25643735537628,150.23965022532732,152.88006591796875,5196022.0
2024-07-08,153.84821889723995,154.02424391860583,149.9756012779489,151.4718475341797,5088159.0
2024-07-09,151.82390123940854,155.08041121770438,151.38383196045373,152.35198974609375,5740576.0
2024-07-10,152.61603036839287,154.1122767567855,151.99993602426915,152.9680938720703,4200865.0
2024-07-11,154.02423597156337,157.80883416997702,153.76019173821402,156.92869567871094,5265238.0
2024-07-12,157.1927602002175,160.18522608480714,156.48864663035837,160.0092010498047,4188625.0
2024-07-16,160.18520829468738,166.0821336063794,160.0091832792342,164.84994506835938,5299520.0
2024-07-17,165.0259692365952,165.1139884587938,158.6889747038795,159.30506896972656,5019947.0
2024-07-18,159.48111637135986,160.88934354513043,155.34446751445202,155.52049255371094,4689946.0
2024-07-19,155.52048419509998,155.60850342492358,150.85574704127694,151.7358856201172,4947403.0
2024-07-22,151.73588709449643,152.88006994407624,147.9513019125887,150.06362915039062,5995831.0
2024-07-23,151.47184849860693,157.80884331706497,150.67971575264446,157.1927490234375,7059295.0
2024-07-24,157.19276190725355,158.424950595501,151.91193022073688,152.9680938720703,5728479.0
2024-07-25,152.79206302792522,153.58418237885655,150.15164728502225,153.4081573486328,3441524.0
2024-07-26,153.3201508392563,153.40817007659544,148.6554132871342,149.00747680664062,3764317.0
2024-07-29,147.86328272486503,151.20781204389726,145.66293625574502,146.19102478027344,4579531.0
2024-07-30,146.45505415186997,149.27150834813006,146.10300409226193,147.86328125,3461828.0
2024-07-31,147.07116805256243,149.35952039542843,144.69478304633884,147.5992431640625,3839045.0
2024-08-01,149.27149828830218,151.99991964101085,148.21532132095894,150.94375610351562,3347469.0
2024-08-02,149.27150834324365,152.08794910956263,148.21533130475623,151.7358856201172,4959293.0
2024-08-05,139.85402521048232,151.73589690880013,139.85402521048232,146.631103515625,5662108.0
2024-08-06,149.27150532401,150.15164388504814,142.9344969406564,143.46258544921875,7552146.0
2024-08-07,144.34272549447695,147.33519126083758,141.52628475616424,145.66293334960938,4311020.0
2024-08-08,145.31089047280267,147.4232177734375,143.8146440858494,147.4232177734375,3468894.0
2024-08-09,147.86327980812183,153.7602055430712,147.77526057915367,149.53553771972656,5325603.0
2024-08-12,150.8557454392374,151.38383395287298,136.42147827148438,136.42147827148438,6699759.0
2024-08-13,136.4214858119952,138.79785739500846,130.96462906548533,138.3577880859375,8641240.0
2024-08-14,138.53380763941593,146.10300482773198,138.44580183899535,144.3427276611328,6080779.0
2024-08-15,145.57491702504058,146.983144137217,141.96635687359318,146.19102478027344,3634355.0
2024-08-16,146.543073762652,146.98314305323055,138.44580150197677,138.7978515625,3659305.0
2024-08-19,139.50195596549847,140.03004445150268,136.50949035773615,138.53379821777344,3372629.0
2024-08-20,138.6218133725618,139.67797688371655,133.69303241404276,133.7810516357422,4442865.0
2024-08-21,133.7810687669853,135.71737102369548,132.196816582459,132.2848358154297,2377817.0
2024-08-22,132.724908710287,134.39716674316276,130.96463144205998,133.16497802734375,3129557.0
2024-08-23,132.90092165176182,134.2211294827396,127.88413458001602,128.50022888183594,3799242.0
2024-08-26,130.08447265625,131.93275544365662,128.23617643899573,130.08447265625,3795122.0
2024-08-27,130.26051723818776,131.9327752632246,128.32421493818464,131.31668090820312,3067245.0
2024-08-28,131.66874441810805,133.42902167808356,130.08449219816015,131.31668090820312,2637502.0
2024-08-29,131.66874044307042,132.54887904648706,130.17249407338267,130.26051330566406,2488431.0
2024-09-02,131.1406461224212,135.01325043463376,130.6125576117337,134.57318115234375,3747090.0
2024-09-03,135.18928483017888,136.86154268070476,132.98893848482993,133.5170135498047,2515313.0
2024-09-04,132.02078259011628,136.7735253914211,131.05262481251606,135.8933868408203,3547692.0
2024-09-05,136.50950383088332,137.30162320822174,131.5807222412125,132.2848358154297,3158923.0
2024-09-06,132.37283096280643,135.36531005487856,129.46838452646793,129.8204345703125,8532392.0
2024-09-09,129.2923504512539,134.0451067831267,127.97214259737513,132.5488739013672,3602646.0
2024-09-10,132.10881077933774,133.95709380307724,130.61256439793272,132.2848358154297,2883030.0
2024-09-11,132.28483071752487,132.28483071752487,127.2680435180664,127.2680435180664,2849572.0
2024-09-12,128.58825727494687,129.38037665805638,123.65947564936681,126.8279800415039,3464249.0
2024-09-13,127.18001967238688,130.26050457794642,126.21186190155737,130.1724853515625,2621761.0
2024-09-16,130.43653101463363,132.98894087909977,128.50022888183594,128.50022888183594,2302254.0
2024-09-17,129.64441851544998,134.3971615853242,129.02832418118467,133.95709228515625,3258162.0
2024-09-18,134.04510394246776,139.0618909949225,133.78105969131784,135.8933868408203,4560383.0
2024-09-19,136.6855297342631,139.32594558194424,134.8372332689465,138.1817626953125,3337876.0
2024-09-20,138.62182251561563,140.55812465208626,137.12558965697235,137.74168395996094,3588011.0
2024-09-23,138.35778077866368,138.35778077866368,131.58071646286706,132.7248992919922,4621718.0
2024-09-24,133.25297621169545,134.48517828689077,131.05262975225628,131.22866821289062,3008254.0
2024-09-25,131.66872889101214,132.54886741720915,127.44406127929688,127.44406127929688,2342454.0
2024-09-26,128.14818503562108,129.2043486655607,125.85981931254423,126.29988861083984,2335755.0
2024-09-27,126.4759150935644,127.53207873560734,124.71563788020971,126.56393432617188,1740358.0
2024-09-30,125.77178716520514,128.9402911594936,123.21939086914064,123.21939086914062,4130118.0
2024-10-01,123.21940606991149,123.21940606991149,114.7700699960349,115.73822784423828,6118770.0
2024-10-02,115.7382257268392,116.97041439305598,113.09780993078964,113.18582916259766,3428230.0
2024-10-03,113.36185091451155,116.53034172013292,112.04164305470711,112.4817123413086,3289511.0
2024-10-04,113.36184819089937,119.25877380371094,112.56972215106329,119.25877380371094,3995105.0
2024-10-07,119.25878201774842,119.78687055729446,113.62590026855469,113.62590026855469,3875649.0
2024-10-08,114.41800789131369,114.85807715243412,112.39368660419007,113.00978088378906,3233633.0
2024-10-09,112.9217780188715,113.53787231445312,111.07348170227826,113.53787231445312,2305800.0
2024-10-10,113.62589664122065,116.17829316456312,112.65773882624302,112.74575805664062,2831046.0
2024-10-11,112.74575732506457,113.8899267337152,110.36937913316348,110.8974609375,2321807.0
2024-10-14,110.7214385193364,110.7214385193364,107.20088412081918,107.81697845458984,2558855.0
2024-10-15,107.81697396070643,111.0734839576315,107.72896144739684,110.36937713623047,2285370.0
2024-10-16,110.63341830492072,111.8656136764438,109.48924216451859,111.24951934814453,1736986.0
2024-10-17,111.2495138629728,115.9142441406317,111.07348212433475,115.65019989013672,3111131.0
2024-10-18,115.73822274410999,115.91424777334038,110.721435546875,110.721435546875,2636453.0
2024-10-21,110.7214385193364,111.42554537008508,107.20088412081918,107.81697845458984,2679311.0
2024-10-22,108.25704573978847,110.8974614895394,107.28889464119801,109.2251968383789,3110723.0
2024-10-23,109.40122953961124,109.75327960404695,105.79265594482422,105.79265594482422,5174509.0
2024-10-24,106.58478108862796,109.57725361466393,106.58478108862796,109.2251968383789,2812632.0
2024-10-25,109.2252000861613,110.36938296437847,107.55293538527646,109.92931365966797,2456619.0
2024-10-28,110.63341869818017,111.07348799565094,109.48924255371094,109.48924255371094,607880.0
2024-10-30,109.57724798861135,110.89745579570305,107.81697091248907,109.7532730102539,3015547.0
2024-10-31,109.75327647461219,112.21766714494143,108.69711288157072,110.54540252685547,3534557.0
2024-11-01,110.89745400040528,114.32998887133573,106.93683064324794,107.46491241455078,6144902.0
2024-11-04,107.46491648099169,107.46491648099169,101.47997832155117,102.80018615722656,4641647.0
2024-11-05,103.85635419268739,104.20841097361361,99.6316862514218,100.15977478027344,3747456.0
2024-11-06,100.95189111009452,108.43306894153783,99.89572751397816,106.84882354736328,5543542.0
2024-11-07,106.49677173994112,109.92931365966797,105.96868991727347,109.92931365966797,3989246.0
2024-11-08,102.09607714402253,105.44060649505518,101.83203287923195,102.18408966064453,23869874.0
2024-11-11,102.88819970940322,103.06422473663523,99.27963293175239,99.45565795898438,12547107.0
2024-11-12,99.63168146455348,99.80771320402133,97.16729754632195,97.25531005859375,7706158.0
2024-11-13,97.1673052671988,98.22346892823121,95.05497123020919,95.31901550292969,9227333.0
2024-11-14,96.19914475738489,96.90325155786437,94.79091772657766,94.96694946289062,6377267.0
2024-11-15,95.4950354388941,95.93510472663095,93.99880254655864,94.1748275756836,5704689.0
2024-11-18,94.87894297831546,95.05496801088431,92.4145522328042,92.67859649658203,6210149.0
2024-11-19,93.20667740369831,94.17482850327039,90.4782491358408,90.7422866821289,7121225.0
2024-11-20,91.44639628599602,92.15050309394628,87.74981036329127,87.83782958984375,6989761.0
2024-11-21,88.45392539421893,91.09434107762846,88.10186862677946,90.03817749023438,7207865.0
2024-11-22,90.47825040390943,91.5344140337132,89.15804250919241,90.91831970214844,7543018.0
2024-11-25,91.71043414561963,99.10359930228346,91.44639660979992,97.07928466796875,14944067.0
2024-11-26,97.34332437451127,98.31147545728811,94.52688364008331,95.75907897949219,7380615.0
2024-11-27,96.63921971472423,100.1597740691415,96.55120048392416,98.31147766113281,10475330.0
2024-11-28,98.39949488829582,98.83956417363716,96.99126780326397,97.78339385986328,4623900.0
2024-11-29,98.31147168535564,101.47997578367605,98.04743415377835,98.66352844238281,9392041.0
2024-12-02,98.57552156320068,99.36764763303273,96.90325690798291,98.13545227050781,4166676.0
2024-12-03,98.7515419426497,101.39195757443096,98.57551691983396,100.59983825683594,6880197.0
2024-12-04,101.56799005227883,101.56799005227883,98.92757440125733,100.95188903808594,6312491.0
2024-12-05,102.09607876626208,104.03238102241096,101.30395267422855,102.53614807128906,6541413.0
2024-12-06,103.32827270204012,103.68032948406783,101.74402054037778,102.27210235595703,6506193.0
2024-12-09,103.59230535086262,104.64847564697266,101.92004746647255,104.64847564697266,7373224.0
2024-12-10,104.64847196001257,105.52861048496655,102.80018240059404,103.7683334350586,5823304.0
2024-12-11,104.03237494986693,106.05669632079795,102.53614208608266,102.88819885253906,7519535.0
2024-12-12,103.24025023901469,104.20840126012494,100.86387222546337,101.65599822998047,5150861.0
2024-12-13,101.39195746604405,102.44812774658203,99.98373714025091,102.44812774658203,4950382.0
2024-12-16,102.6241612027989,103.24026226247457,100.0717578753991,100.86388397216797,4551249.0
2024-12-17,101.03990987901551,101.12792239247058,98.31147495743804,99.36764526367188,5832559.0
2024-12-18,99.45565884647888,99.45565884647888,95.40702274969561,96.02311706542969,6695857.0
2024-12-19,95.05496543842301,97.60736863114332,94.43887112618076,95.75907897949219,4967667.0
2024-12-20,96.0231210936955,96.55120291718175,94.87894492862937,95.14298248291016,3424802.0
2024-12-23,95.58304384971073,96.11112562933748,92.94262823665285,93.11865997314453,3504299.0
2024-12-24,93.20667772562261,99.27963532016747,92.50256416990672,96.28716278076172,7598821.0
2024-12-25,97.25530822060325,99.01558529246938,96.3751696846702,96.81523895263672,4905747.0
2024-12-26,97.69538032531233,102.44812990033941,97.43133607089581,101.12792205810547,9843682.0
2024-12-27,101.56799155340384,105.17655832014789,101.12792227172957,103.15223693847656,8400265.0
2024-12-30,103.32826961038455,107.20088066696873,103.32826961038455,105.08854675292969,9298332.0
2024-12-31,105.88067372137782,106.4967680406016,101.47998082713808,103.5923080444336,9339675.0
2025-01-02,104.82449883341269,105.88066911099588,103.06422175236487,104.20840454101562,7779420.0
2025-01-03,104.64847730392438,107.37690552762507,104.2084080189751,106.93683624267578,8415454.0
2025-01-06,107.6409523878286,108.16903419955436,103.85635375976562,103.85635375976562,9162413.0
2025-01-07,103.32826274731126,104.12038875182837,101.65599822998047,101.65599822998047,9310979.0
2025-01-08,101.39196048804716,101.56799223084558,99.45565832173534,99.63168334960938,7366520.0
2025-01-09,100.15977531529929,101.39196398273623,99.71970601552192,100.42381286621094,5337937.0
2025-01-10,100.59984008284164,103.68032504250088,100.15977080289032,101.03990936279297,8815700.0
2025-01-13,101.21593768949688,101.39196272124794,96.99126977822633,98.31147766113281,7809961.0
2025-01-14,98.83956546203837,99.191615522961,96.8152440371108,97.95942687988281,5687684.0
2025-01-15,97.95942321721624,98.39949249184,96.19914611872125,97.07928466796875,6771125.0
2025-01-16,98.04743597259028,99.27963128758094,96.37517138188325,99.10359954833984,7166717.0
2025-01-17,99.19161730754116,101.83203310151218,98.31147870955083,100.33580017089844,7762973.0
2025-01-20,100.77586353329305,103.41627917171994,100.15976923696313,102.62415313720703,8301645.0
2025-01-21,102.4481361657057,103.06423051045664,100.42381466451023,100.86388397216797,6380641.0
2025-01-22,101.12793021265439,102.62416320186666,99.89573478422523,101.3919677734375,8716908.0
2025-01-23,102.62415066664882,105.35257875102133,102.53613815713823,103.7683334350586,10525697.0
2025-01-24,104.29642480368689,106.67279635375039,103.76834298310885,106.23272705078125,11993813.0
2025-01-27,105.79265674638481,105.79265674638481,101.21593872479853,102.27210235595703,13518758.0
2025-01-28,102.80018978099825,103.85635340079928,100.86388085813033,103.68032836914062,10072147.0
2025-01-29,104.29641839093294,107.99299762261656,104.1203933665382,106.32073974609375,16481336.0
2025-01-30,106.67279216644758,110.01732142369775,105.88067282413647,107.02484893798828,16000682.0
2025-01-31,107.28888951560755,107.8169712973444,105.26456818487141,106.14470672607422,10879310.0
2025-02-03,103.85634978478696,106.76080971050072,103.3282679932729,104.73648834228516,12616641.0
2025-02-04,105.0005365849193,107.7289648738434,103.85635373072958,105.79265594482422,10846663.0
2025-02-05,105.79265129878243,108.96115545895069,104.03237419421085,108.25704193115234,15162016.0
2025-02-06,108.34505426002939,109.8412938253375,107.20087817294886,108.16902923583984,10090043.0
2025-02-07,108.34505969431711,110.4573936651617,107.55293361588483,109.48924255371094,9777925.0
2025-02-10,109.84129186612778,111.77759395737246,108.7851215950564,109.5772476196289,10093850.0
2025-02-11,109.57725343396588,109.75327846435586,107.55293200985855,109.1371841430664,7570943.0
2025-02-12,109.57725565384845,109.57725565384845,107.64095342063383,107.81697845458984,7923869.0
2025-02-13,108.25704538245834,110.10533505819835,107.993001122385,109.0491714477539,9589376.0
2025-02-14,109.66527017948461,110.72144054733964,108.16903721867924,108.34506225585938,7940231.0
2025-02-17,108.52108720315002,108.6971122292925,104.73648870676767,104.91251373291016,8359413.0
2025-02-18,105.00053837440738,106.5847838361415,103.50429871535749,106.23272705078125,9201247.0
2025-02-19,106.67278502151865,106.7608042447016,102.97620595524853,103.50428771972656,7916707.0
2025-02-20,103.68032673117608,105.0005345925327,103.1522382146939,103.3282699584961,7394882.0
2025-02-21,103.59231411488975,104.7364970204104,97.43134370192443,99.2796401977539,12050014.0
2025-02-24,100.15977147125311,100.68785326773371,96.81524223533542,97.51935577392578,8529884.0
2025-02-25,97.51935613671054,98.31147547691604,96.81524259550078,97.69538116455078,6148036.0
2025-02-26,97.69538482790017,98.04744161170636,95.75908258935308,96.63922119140625,6693174.0
2025-02-27,96.81524065759962,99.45565631189778,96.1991463575664,99.10359954833984,8911981.0
2025-02-28,98.66353796073192,99.54367658074723,96.81524820168471,97.16730499267578,8327616.0
2025-03-03,98.13545225401307,100.77586800972644,98.0474397384742,100.0717544555664,8557440.0
2025-03-04,99.63168085021005,101.65600219460033,99.36764331502275,100.77586364746094,9543488.0
2025-03-05,101.5679942198412,105.61663037454727,101.5679942198412,105.52861785888672,12862247.0
2025-03-06,106.76081482100453,107.90499097156786,102.97621615662867,107.81697845458984,12542224.0
2025-03-07,107.72896738236379,108.9611627813547,106.23272771397315,108.08102416992188,9937842.0
2025-03-10,109.04916797119441,110.80944507576599,108.08101690666489,108.25704193115234,9462984.0
2025-03-11,114.32999218868441,119.08274841308594,113.1858228184076,119.08274841308594,27901928.0
2025-03-12,119.96288989174305,121.37110354718106,117.41047997839178,120.05089569091797,20605494.0
2025-03-13,120.40295635943313,123.30741626121007,120.31493713246927,122.95535278320312,13807762.0
2025-03-14,123.21940426972586,124.71563720703125,121.547146298005,124.71563720703125,11572819.0
2025-03-17,124.80364498646176,124.80364498646176,121.19507167776644,121.89918518066406,9050921.0
2025-03-18,121.1070695240451,123.65946594019516,119.96288672617325,122.77932739257812,10900389.0
2025-03-19,113.53787499370544,117.41047931147375,110.54540252685547,110.54540252685547,14927701.0
2025-03-20,110.28136625887458,113.97794559210833,108.60910162148811,110.721435546875,20305612.0
2025-03-21,110.01732236137094,110.01732236137094,99.7197036743164,99.7197036743164,12973474.0
2025-03-24,100.775868342301,104.38443521069979,97.43133902139019,103.68032836914062,22028840.0
2025-03-25,102.36011870128831,108.52108871080878,99.63168375370401,105.17655944824219,41443504.0
2025-03-26,103.41628703835788,105.70464608941319,102.44813590694118,102.71217346191406,12637494.0
2025-03-27,104.03237499148497,107.37690420177218,104.03237499148497,104.82450103759766,13016690.0
2025-03-28,104.47244215480404,106.84882024500614,103.15223434299983,106.14470672607422,9463879.0
2025-04-02,105.79265411793467,105.79265411793467,101.47998046875,101.47998046875,12269939.0
2025-04-03,101.12792294623613,102.44813080006448,99.63168334960938,99.63168334960938,9914057.0
2025-04-04,99.98373822856492,100.95188929340317,96.90325329458231,97.25531005859375,8562990.0
2025-04-07,93.294688145923,98.92757632035983,92.59057460602176,97.60736846923828,13212596.0
2025-04-08,99.19161569197927,101.30394963573681,98.311477108324,99.9837417602539,8304994.0
2025-04-09,99.01558920180395,100.86387885725274,97.6073688316965,97.78339385986328,8573624.0
2025-04-10,101.92004898196058,101.92004898196058,97.69538116455078,97.69538116455078,8067835.0
2025-04-11,98.66353260096133,98.66353260096133,95.67106011248656,95.93510437011719,8188531.0
2025-04-14,96.8152461733137,99.01559267725264,96.3751768725259,98.57552337646484,7227642.0
2025-04-15,98.92757685859198,99.1916144012982,95.67106011248656,95.93510437011719,6484977.0
2025-04-16,95.40702274104537,95.67106028422556,93.55873307908628,94.0868148803711,5963850.0
2025-04-17,94.26283776301058,96.19914661020222,93.11866167209779,95.40702056884766,8722334.0
2025-04-18,95.75907733333015,96.4631841473709,93.6467434613594,95.40702056884766,7131949.0
2025-04-21,95.31901346382584,98.31147934437652,94.52688737753463,96.72723388671875,7650023.0
2025-04-22,97.6073690002876,98.13545080062447,95.49503508401574,95.93510437011719,5281095.0
2025-04-24,96.19914810436016,97.7833934967514,95.1429777945083,97.60736846923828,6622962.0
2025-04-25,98.13545010997132,99.71970221475674,97.60736831335096,99.45565795898438,6665477.0
2025-04-28,99.80771710838376,100.68785569538022,97.78339567232209,98.22346496582031,8778108.0
2025-04-29,97.6073690002876,99.01558937282738,95.93510437011719,95.93510437011719,6258551.0
2025-04-30,95.93511067421784,97.16730609925698,93.20668226408284,93.7347640991211,6787831.0
2025-05-02,94.70291496150207,95.75908534329511,94.17483312806796,95.58305358886719,4766103.0
2025-05-05,96.1991508339077,96.72723264635519,94.26284190170078,94.61489868164062,4236848.0
2025-05-06,94.43886902022625,97.6073664545324,94.43886902022625,97.07928466796875,6805781.0
2025-05-07,97.43134056131437,98.66353594717371,95.40702580554691,96.63922119140625,6356443.0
2025-05-08,97.25531332818858,98.13545191034413,96.63921900664948,97.95942687988281,2457474.0
2025-05-09,97.95942364131074,99.63168152018129,97.1672976005738,99.19161224365234,6436533.0
2025-05-12,104.2964228493826,106.14471254423485,102.88820244925348,105.70464324951172,11860642.0
2025-05-13,105.26457050011945,106.76081008202787,104.47244445262962,104.91251373291016,6781065.0
2025-05-14,105.17656017232967,105.35258520212949,103.06422624010972,103.5923080444336,6170218.0
2025-05-15,103.94436069480436,104.29641745536003,100.33579400768814,100.59983825683594,7977872.0
2025-05-16,100.95189613625568,101.83203474848084,99.1036063935678,100.68785858154297,7034993.0
2025-05-20,101.03991391485403,102.18409006532042,100.24778783226984,100.42381286621094,7353981.0
2025-05-21,100.42381309678863,100.77586988040379,98.57552337646484,98.57552337646484,5609352.0
2025-05-22,99.19161224365234,99.89572577206835,97.5193543647818,99.19161224365234,5021048.0
2025-05-23,98.75154918969122,99.54367528034189,96.63922190118902,96.99127197265625,5283935.0
2025-05-26,98.04743793515567,98.48750721968067,96.72723008158066,97.69538116455078,3946516.0
2025-05-27,97.69538763752846,98.66353878464511,95.58305358886719,95.58305358886719,4149273.0
2025-05-28,95.58304220548912,96.55119323730469,94.61489117367354,96.55119323730469,4034768.0
2025-05-29,96.81523961023805,97.87140317456189,94.96695001520926,95.23098754882812,5375175.0
2025-05-30,95.14298107696803,95.14298107696803,92.50256528362982,92.94263458251953,5550098.0
2025-06-02,92.8546142578125,93.64674027219097,91.8864632246495,92.8546142578125,4488249.0
2025-06-03,93.5587329111391,96.19914862774783,93.5587329111391,95.93510437011719,5770666.0
2025-06-04,96.72723541959085,99.27963875367824,95.58305253071296,99.01559448242188,5401361.0
2025-06-05,99.01558703618143,99.54366882405621,97.95942346043186,99.10359954833984,2152388.0
2025-06-10,99.89572690880817,101.56799152163211,99.89572690880817,101.21593475341797,5753395.0
2025-06-11,101.21593712035619,101.30394963573681,99.6316849838069,99.9837417602539,5227352.0
2025-06-12,99.36765024460826,99.36765024460826,96.55120266839752,96.99127197265625,6844692.0
2025-06-13,93.29468669687691,95.49503308123721,92.06249137865028,95.40702056884766,6962341.0
2025-06-16,95.40702598120828,97.43134074070288,94.0868180756978,96.72723388671875,6728516.0
2025-06-17,97.60737327907898,97.60737327907898,94.87894492862937,95.14298248291016,5847726.0
2025-06-18,94.2628451269725,95.49504054146016,93.4707190237358,95.31901550292969,5056706.0
2025-06-19,96.05113262281681,97.38253591226572,94.86238098144531,94.86238098144531,6287225.0
2025-06-20,95.86094206563044,96.4315414428711,94.7197360555844,96.4315414428711,4401972.0
2025-06-23,95.00503577802087,97.00213715059674,93.86382981114576,94.6246337890625,4509660.0
2025-06-24,97.95314025878906,98.6188383097783,96.43153953112468,97.95314025878906,6585125.0
2025-06-25,98.14333782652366,98.33354245259255,96.05113772871802,96.33644104003906,4992146.0
2025-06-26,96.33644260574928,96.81194329530271,94.81483459472656,94.81483459472656,4401444.0
2025-06-27,94.86238640500893,96.2413354856128,93.6260817250737,95.95603942871094,5750465.0
2025-06-30,96.14623694304977,101.28164578613578,95.67073625860782,100.42574310302734,11461068.0
2025-07-01,100.42574120854819,102.42284259441719,99.66494448113188,101.94734191894531,7176984.0
2025-07-02,102.42284579663836,106.70235200968283,102.04245104881953,104.13465118408203,9718418.0
2025-07-03,105.75134696448663,107.27295492529379,104.22974625924395,105.56114959716797,6534891.0
2025-07-04,105.56114868970695,108.79455469527933,104.22974536322839,107.93865203857422,6840401.0
2025-07-07,106.60724626333246,106.60724626333246,102.89833967318003,103.37384033203125,9341617.0
2025-07-08,104.51505246207194,104.8954544628153,100.61594827947302,101.66204833984375,8129090.0
2025-07-09,101.75714567821217,104.41995239257812,101.09144762740297,104.41995239257812,5083340.0
2025-07-10,105.18074931840182,106.70235004840305,105.08565063319512,105.65625,4609281.0
2025-07-11,106.5121492086653,107.55824922299469,103.84934257622294,105.46604919433594,5775389.0
2025-07-14,105.27584898888398,105.84645561659377,103.08855018640027,103.27874755859375,4785851.0
2025-07-16,103.27874717139639,105.65625059272487,100.8061450643277,103.65914916992188,8822373.0
2025-07-17,104.22974346208895,106.22684478759766,102.99344609656654,106.22684478759766,7383683.0
2025-07-18,105.94155446654976,106.03665315279359,104.80034846492977,104.89545440673828,5623779.0
2025-07-21,105.37094867588021,107.55824734852908,105.27584273986416,106.9876480102539,8088644.0
2025-07-22,107.08274878657473,107.93865143852169,106.13174745231463,106.70234680175781,6359136.0
2025-07-23,106.41705282538122,106.41705282538122,103.37384414319838,103.56404876708984,10847553.0
2025-07-24,103.84934520292792,104.41995182114414,102.23264579948743,103.18364715576172,10531139.0
2025-07-25,103.37384471276694,103.65914802239385,101.37674331207226,101.56694793701172,5487311.0
2025-07-28,101.75714396243612,102.32774331858921,100.99633998385566,101.09144592285156,3789666.0
2025-07-29,101.09144633058104,104.99055041151195,100.90124170738655,103.94445037841797,16595395.0
2025-07-30,104.61014995159695,106.41705399278291,104.13464926999877,105.65625,9481098.0
2025-07-31,105.94154924784324,106.22684529252098,103.37384131235768,104.22974395751953,7794820.0
2025-08-01,104.22974456022389,105.65624655855423,103.84934257622294,105.46604919433594,7127403.0
2025-08-04,105.7513448683254,106.51214883364862,105.37095014122812,105.84645080566406,5624064.0
2025-08-05,106.03664766830838,108.41415097925699,105.56114700611865,107.84355163574219,11719138.0
2025-08-06,108.4141550033987,110.31615772275657,107.08275164873527,109.27005767822266,11603073.0
2025-08-07,109.8406538141185,111.17205712964493,109.55535051237555,110.31615447998047,8455570.0
2025-08-08,110.31615847323803,111.83775920796288,109.079853795019,111.74266052246094,6716405.0
2025-08-11,112.21815639082618,112.78875573492091,110.88675308422894,111.07695770263672,8076258.0
2025-08-12,110.98185423962687,111.55246085200571,109.74555684245648,110.4112548828125,4459914.0
2025-08-13,109.93575611511422,110.69656010776377,108.79455738170448,108.88965606689453,4437977.0
2025-08-14,108.79455210183305,111.07695671345051,108.03374814610581,110.22105407714844,8188904.0
2025-08-15,109.65045986488894,110.50635528564453,108.4141551929193,110.50635528564453,6085263.0
2025-08-18,110.6965560913086,111.55245873809308,109.27005409852256,110.6965560913086,8106566.0
2025-08-19,110.31615249757122,110.31615249757122,107.55824723401909,108.6043472290039,8294705.0
2025-08-20,108.60434991913368,109.93575324371331,107.84355320191989,109.55535125732422,7060105.0
2025-08-21,110.31615348514178,114.69075812050868,109.93575150476981,114.31035614013672,13260580.0
2025-08-22,114.31035540692898,115.9270619992489,113.83485474840504,115.07115936279297,7965708.0
2025-08-25,116.49766771625185,117.35357039956583,114.50056629222904,114.59566497802734,6063733.0
2025-08-26,114.40546395342639,115.35646529217287,112.59855995869522,112.78875732421875,7543373.0
2025-08-27,112.97896384911584,114.1201625726162,110.60146046218634,111.26715850830078,4698986.0
2025-08-28,111.17205982393651,112.59856185609422,110.41125583789325,111.26715850830078,3794410.0
2025-08-29,111.26715495239533,111.36225363372041,107.84355163574219,107.84355163574219,6834370.0
2025-09-01,108.31905840734,109.0798551564154,107.1778524003798,108.98475646972656,5770723.0
2025-09-02,109.07984758429329,109.17495351994475,98.52373447219462,102.5179443359375,11977543.0
2025-09-03,102.51795046791072,102.70814783946165,99.47474173414344,100.42574310302734,7801213.0
2025-09-04,100.9012451171875,101.75714781157538,100.4257444264792,100.9012451171875,6741081.0
2025-09-05,101.56694600002153,101.85224204864298,99.37964001610166,99.85514068603516,6689613.0
2025-09-08,98.90413714581435,98.90413714581435,96.52663384903997,96.90703582763672,5397006.0
2025-09-09,97.57273903494969,98.80904371721337,96.24133566687294,97.19233703613281,6700740.0
2025-09-10,98.1433340445446,99.4747373534625,97.85803799978213,99.379638671875,6208327.0
2025-09-11,99.85514200649791,100.23554399858794,96.71683464121074,97.09723663330078,6716965.0
2025-09-12,97.28744220779983,98.23844356953565,95.86094016519611,97.95314025878906,4078183.0
2025-09-15,97.95314095873351,103.65914916992188,96.52663890593642,103.65914916992188,8944928.0
2025-09-16,103.8493465414023,104.03955116844736,101.75714643285909,103.65914916992188,6295427.0
2025-09-17,103.65914955854538,104.03955155849701,102.51795081425516,103.27874755859375,5468002.0
2025-09-18,103.75424729294136,104.89545328232838,102.13754787743217,102.42284393310547,5769547.0
2025-09-19,102.51795097281914,104.89545440673828,101.9473443442268,104.89545440673828,8363196.0
2025-09-22,107.17785247079594,107.27295841311198,105.56115302932939,105.75135040283203,6084534.0
2025-09-23,105.0856483365068,105.18074701963509,103.84934368914564,104.32484436035156,5465131.0
2025-09-24,104.32484511367797,104.70524710450245,101.85224305666551,103.94445037841797,6137875.0
2025-09-25,104.41995316697285,105.08565122271897,102.42284448860521,103.65914916992188,4091093.0
2025-09-26,103.27874817064102,103.56405148618667,101.28164672851562,101.28164672851562,4281531.0
2025-09-29,100.14044361484594,101.94734034936857,99.85514031172953,100.23554229736328,4262581.0
2025-09-30,100.3306399988786,100.80614066238039,98.9992366899607,99.379638671875,5845640.0
2025-10-01,99.56983506122143,103.75424231022508,99.47473638056404,103.37384033203125,7670478.0
2025-10-02,102.99344920943506,103.65914725286989,101.47184124347343,101.94734191894531,4423566.0
2025-10-03,102.5179500739949,103.08854944201983,100.52084140256069,100.80614471435547,4701556.0
2025-10-06,101.37674486440432,102.13754886468284,98.99924143298975,100.04534149169922,3666457.0
2025-10-07,100.23554192447281,101.4718393037278,99.4747379560356,100.6159439086914,4013900.0
2025-10-08,100.61594466015453,102.23264403570266,99.37964001610166,99.85514068603516,5040856.0
2025-10-09,100.14044725460519,101.18654731144684,97.76294382743569,98.80904388427734,5853286.0
2025-10-10,98.71394405809589,99.56983947753906,97.66783675777278,99.56983947753906,3768475.0
2025-10-13,98.33354090959708,98.33354090959708,96.81194020274503,97.4776382446289,4628672.0
2025-10-14,97.47763643361101,97.6678337975972,93.3883278078289,94.14913177490234,8835518.0
2025-10-15,94.62463436809013,95.8609390258789,93.10303365851011,95.8609390258789,8184208.0
2025-10-16,95.67073594373487,97.19233667782828,94.054036524179,94.3393325805664,7381908.0
2025-10-17,94.14913140419158,95.95603537720308,91.77162808590391,94.52953338623047,7363358.0
2025-10-20,94.67218753791025,97.66783599365358,93.00793517113529,97.09723663330078,7997882.0
2025-10-21,97.19233626717458,98.71394425040356,96.24133490543876,97.95314025878906,6336700.0
2025-10-22,99.09433401829246,101.47183730333367,97.76293798312075,98.90413665771484,5690716.0
2025-10-23,99.09433955443912,100.42574291955714,98.52374018526415,99.18944549560547,4396837.0
2025-10-24,99.66494632431588,104.51505185271306,99.18944564005018,103.65914916992188,8969721.0
2025-10-27,102.99344997401714,103.5640493377064,101.28164462738482,101.56694793701172,3857753.0
2025-10-28,100.71104147859586,102.70814280423195,100.42573817969172,101.37673950195312,1650135.0
2025-10-30,101.75714148197055,102.04244478087469,100.80614015970914,101.37673950195312,3428980.0
2025-10-31,101.18654613498109,103.08854885460266,100.52084082977478,102.8032455444336,5830011.0
2025-11-03,103.08854903539515,105.4660524390917,103.08854903539515,104.41995239257812,5553008.0
2025-11-04,104.41995355844864,104.41995355844864,102.23264750040026,103.27874755859375,3822397.0
2025-11-05,103.27874359426855,105.75134561569703,102.80324292647214,105.08564758300781,6227938.0
2025-11-06,105.84645627560666,109.93575784774436,105.4660542732866,108.98475646972656,9480453.0
2025-11-07,109.27005978535779,109.65046178767784,107.08275371369096,108.98475646972656,5512781.0
2025-11-10,107.46315404118596,108.03375340799083,103.75424727360732,105.65625,11076459.0
2025-11-11,105.75134967493236,107.93865573298073,101.09144875611003,103.27874755859375,8543703.0
2025-11-12,105.56115017297596,108.12885092360632,103.18364679070173,106.79745483398438,7330893.0
2025-11-13,107.27295363114105,108.79455431802697,106.70234702493998,108.31905364990234,5085049.0
2025-11-14,107.6533460289809,107.93864932590061,105.0856453789605,106.9876480102539,3981709.0
2025-11-17,107.4631527013946,109.55535277211631,106.32195398201267,108.41415405273438,5363014.0
2025-11-18,108.41415670643681,110.12596208297485,107.5582540181678,109.36515808105469,4523183.0
2025-11-19,109.74556008201476,110.79166014298148,108.60435407913452,109.36515808105469,5445105.0
2025-11-20,109.84065821210737,110.31615889700826,107.46315478760287,108.12885284423828,4620265.0
2025-11-21,107.55825329233069,108.0337539764308,105.18074987183017,106.8925552368164,4307231.0
2025-11-24,106.0366537186507,106.70235178147463,104.7052503374381,105.75135040283203,3855700.0
2025-11-25,105.94154986044605,107.46315054088554,105.08564721033497,105.46604919433594,4583756.0
2025-11-26,105.94155292646676,106.7023496609223,104.61014957171385,106.03665161132812,4318820.0
2025-11-27,106.22684688127822,106.98765085625962,105.75134621080596,106.32195281982422,2921910.0
2025-11-28,106.03664681096137,106.22684417207373,105.08564549427115,105.3709487915039,3616003.0
2025-12-01,104.70524750424433,106.79745483398438,103.94445077525529,106.79745483398438,4212516.0
2025-12-02,106.79745541227648,109.27005749211753,106.32195473324686,107.65335083007812,5886097.0
2025-12-03,107.84355411160537,108.5092521517283,106.13174878619716,107.17784881591797,4991546.0
2025-12-04,107.17785247079594,107.65335316011725,105.75135040283203,105.75135040283203,3361078.0
2025-12-05,105.75134509865266,107.08274841308594,105.37095037072689,107.08274841308594,3315446.0
2025-12-08,107.27295400311715,109.36515404789459,107.27295400311715,107.93865203857422,4366462.0
2025-12-09,108.22395799712444,112.12306213378906,106.51215264172798,112.12306213378906,13650891.0
2025-12-10,112.31326089125713,112.69366289221722,109.17496070835699,109.36515808105469,9058534.0
2025-12-11,109.65045522876862,109.93575127176972,107.84355126750458,108.22395324707031,5292773.0
2025-12-12,108.50925462496176,110.69656067333109,108.50925462496176,110.12596130371094,3592436.0
2025-12-15,109.93575151611515,111.07695745734883,109.46025085449219,109.46025085449219,4405959.0
2025-12-16,109.55535218144911,109.55535218144911,106.41705209228668,107.17784881591797,6268545.0
2025-12-17,106.60724751542294,107.1778468616332,105.08564684034083,105.84645080566406,4647017.0
2025-12-18,105.94155425360753,107.08275299736904,105.94155425360753,106.51215362548828,3400498.0
2025-12-19,106.70234619719726,106.98764949808455,105.08564684034083,105.84645080566406,3784045.0
2025-12-22,106.32195047930212,107.08274718197126,104.70524388194718,104.99054718017578,3404289.0
2025-12-23,105.18074718463834,105.18074718463834,102.32774315292718,102.70814514160156,5642225.0
2025-12-24,102.7081457221295,104.22974642986296,102.327743731305,103.94445037841797,3681917.0
2025-12-25,104.99055309298211,105.94155446654976,104.32484777814595,104.89545440673828,2602815.0
2025-12-26,104.32484436035156,105.0856483365068,103.46894895663247,104.32484436035156,3370438.0
2025-12-29,104.41994909192869,105.08564712169559,102.13754444541247,102.2326431274414,3138517.0
2025-12-30,102.23264165301401,103.37384033203125,101.09144297399676,103.37384033203125,3540051.0
2025-12-31,103.75424516878276,105.18074718463834,102.70814514160156,102.70814514160156,3823776.0
2026-01-02,102.99345145258641,106.51215362548828,102.99345145258641,106.51215362548828,4315369.0
2026-01-05,106.70235078953559,108.60435352913917,106.13175141876744,108.12885284423828,5071190.0
2026-01-06,108.41415012396942,110.50635011887296,107.93864946553096,110.22105407714844,5422319.0
2026-01-07,110.4112573607387,113.26426146440411,110.03085536247038,110.12596130371094,9480020.0
2026-01-08,110.41125792725678,111.07696324153322,107.93865580917281,110.98185729980469,5296457.0
2026-01-09,111.26716122808222,111.36225991477106,107.93865640501993,108.98475646972656,5863596.0
2026-01-12,109.55535168712625,112.7887577007721,109.36515432096773,112.40835571289062,6484609.0
2026-01-13,112.40835872708821,117.7339721891047,111.45735735966592,116.21236419677734,13166676.0
2026-01-14,116.3074684319526,121.15757388355112,115.92706643945057,119.35066986083984,9641594.0
2026-01-15,119.82617202276131,125.9125749559737,118.78007197208822,124.67628479003906,12756663.0
2026-01-16,124.77136697611448,129.43128202733303,123.6301683245748,129.05087280273438,9847768.0
2026-01-19,130.28718876209507,130.28718876209507,125.53218187296753,128.00479125976562,7447265.0
2026-01-20,127.62437464095467,129.14598256216533,122.584064726964,124.01056671142578,6834202.0
2026-01-21,124.10567662820398,124.10567662820398,117.3535684696598,119.35066986083984,10413809.0
2026-01-22,120.39677159888481,122.96447964286335,119.82617222985556,122.6791763305664,7435549.0
2026-01-23,123.05956897368038,124.96157167504255,121.72817288717847,122.58406829833984,7114960.0
2026-01-26,121.72817066344379,125.15178126780465,120.58697196569976,124.48606872558594,6733080.0
2026-01-27,124.86647599043494,124.86647599043494,122.20366939706692,123.15467071533203,5101145.0
2026-01-28,123.43997462431822,124.67627924641081,122.39386736459483,124.01056671142578,9804375.0
2026-01-29,124.58117584342814,127.81457460285182,124.48606990474497,126.95867919921875,8654499.0
2026-01-30,127.43418311494331,129.2410799068975,126.00768106514917,128.7655792236328,7911042.0
2026-02-02,124.58117920053051,129.0508827276367,122.29878172191907,127.52928924560547,7799151.0
2026-02-03,127.52929014070769,131.42838706996332,127.05378945339876,131.23818969726562,7573389.0
2026-02-04,132.18919423469862,132.6646949333846,128.29008270102182,128.95579528808594,5090121.0
2026-02-05,127.7194810710388,130.2871817507624,126.4831764441708,127.24398040771484,5488754.0
2026-02-06,127.43417652488746,127.43417652488746,123.43997389424355,124.77136993408203,6347938.0
2026-02-09,126.00767360889118,129.5263755546119,126.00767360889118,129.14598083496094,5735261.0
2026-02-10,131.23818462305385,131.23818462305385,125.72237396130843,126.102783203125,6290691.0
2026-02-11,124.96156371365063,128.86067480747948,124.39097164627222,128.19497680664062,6649179.0
2026-02-12,128.95578195243104,133.23528779804985,128.7655700837232,132.28428649902344,10314507.0
2026-02-13,132.5695767372745,134.7568826513077,129.43128402488813,130.76268005371094,7248230.0
2026-02-16,131.71368751913536,134.37649421236176,130.95288353376654,131.9038848876953,8135246.0
2026-02-17,131.80879632648808,133.14019244650135,130.85779495187023,131.23818969726562,5288082.0
2026-02-18,130.857788972438,132.8548830612024,127.33907243823306,128.48028564453125,8813983.0
2026-02-19,128.48028520541743,128.86067993213095,120.20656929924091,120.39676666259766,7342532.0
2026-02-20,120.77717078841607,124.01056955625282,120.4918674827531,123.72528076171875,5953958.0
2026-02-23,124.48606737777246,126.19787266141913,123.63017199151341,124.39097595214844,5109159.0
2026-02-24,123.63017347688212,124.29587150876266,122.01347411056403,123.2497787475586,3582268.0
2026-02-25,123.43997702852158,124.39097837001847,119.1604709917856,120.49186706542969,5173935.0
2026-02-26,120.11147233328249,120.87226905314134,117.63886304093903,120.49186706542969,4615078.0
2026-02-27,122.10857035160849,122.67917697921939,116.78297137546727,117.44866943359375,7812748.0
2026-03-02,114.02506033795855,116.59276101366846,111.64755702505518,115.92706298828125,4283150.0
2026-03-03,115.83196970087258,116.49766775725963,111.36225891113281,111.36225891113281,4782439.0
2026-03-04,111.36225907549252,113.92996713012793,110.41125770464193,112.97896575927734,4236174.0
2026-03-05,114.12016124429252,115.07116258799495,112.88385659525356,114.02506256103516,3707753.0
2026-03-06,113.1691627787282,114.02506546094075,110.12596130371094,110.12596130371094,3544124.0
2026-03-09,108.41415709402882,109.65046178767784,105.08565227096653,108.98475646972656,6592154.0
2026-03-10,112.02796119037293,114.50056323288638,111.07695984667049,114.02506256103516,4082949.0
2026-03-11,109.46025602873111,109.65046065570994,106.32195586700921,106.8925552368164,15017521.0
2026-03-12,107.74845598727777,107.93865335528153,104.99055061783608,105.18074798583984,8573738.0
2026-03-13,104.89545385123854,105.27584859419939,102.80324648713069,103.65914916992188,5561979.0
2026-03-16,104.61014631250812,105.65624632452032,102.23264298722384,103.8493423461914,5968220.0
2026-03-17,104.13464478098173,106.60724676759081,103.8493414820958,106.22684478759766,7864593.0
2026-03-18,106.89255142194845,107.17784746888786,104.41994940398506,106.70234680175781,4863176.0
2026-03-19,105.56114603678385,106.9876480102539,104.70524340158897,106.9876480102539,2577306.0
2026-03-23,105.18074575119964,107.08274841308594,101.37674042742704,107.08274841308594,10475294.0
2026-03-24,106.41704878875032,106.41704878875032,103.46894615812344,105.3709487915039,7329282.0
2026-03-25,105.46604882300244,106.60724751542294,104.6101461759049,105.84645080566406,6937567.0
2026-03-26,105.08564930183796,105.56114997741189,103.84934464311995,105.18074798583984,3533095.0
2026-03-27,105.27584762130802,106.03665161132812,104.22974757670379,106.03665161132812,4282435.0
2026-03-30,106.03664669460721,106.9876480102539,104.8003420820408,106.9876480102539,5289091.0
2026-03-31,106.98765168278662,112.02796173095703,106.41705232492465,112.02796173095703,11419850.0
2026-04-01,112.02796076264596,113.16915946850597,109.74555609536154,111.17205810546875,8219491.0
2026-04-02,109.36515654197306,113.73976135253906,108.79455717634525,113.73976135253906,5021987.0
2026-04-03,112.69365630149596,112.69365630149596,110.2210543232089,111.45735168457031,4774831.0
2026-04-06,111.45735682643951,112.12306213378906,110.4112567783926,112.12306213378906,5220536.0
2026-04-07,111.55246239256502,112.50346375224395,107.55825232857474,109.27005767822266,6758191.0
2026-04-08,113.16916121784439,113.26425990220866,110.88675651527916,111.26715850830078,13287396.0
2026-04-09,110.88675745982889,112.12306213378906,110.50635546356693,112.12306213378906,5619268.0
2026-04-10,112.50346524982935,114.21526336669922,111.93285862197472,114.21526336669922,8159247.0
2026-04-13,112.12305684767828,113.45446014404297,111.17205552964126,113.45446014404297,4821221.0
2026-04-14,114.88096484264648,114.88096484264648,112.40835555272231,114.40546417236328,6567526.0
2026-04-15,114.69076156284649,114.97606487057966,113.3593582193659,114.88096618652344,5064271.0
2026-04-16,115.54666100710384,115.92706298828125,112.6936570316198,115.92706298828125,7010786.0
2026-04-17,114.88096916501964,118.68497467041016,114.02506647519382,118.68497467041016,10385732.0
2026-04-20,116.97316836189266,117.82907104492188,116.02216699309679,117.82907104492188,9544285.0
2026-04-21,118.1143632788693,118.30456789981035,115.45156388577425,117.63886260986328,8811951.0
2026-04-22,117.16336209601323,117.82906738684187,115.54666272147757,116.02216339111328,5768087.0
2026-04-24,115.54666630869885,117.82907104492188,112.88385957384453,117.82907104492188,7945903.0
2026-04-27,116.87806381624485,118.20946711691983,116.40256315568695,117.92416381835938,6361339.0
2026-04-28,118.11436067512048,118.20946661127667,115.07115936279297,115.07115936279297,5127758.0
2026-04-29,115.4515632962384,116.78296661376953,114.12015997870728,116.78296661376953,5710264.0
2026-04-30,116.59276636326138,117.82907104492188,115.26136299583422,117.82907104492188,5831466.0
2026-05-04,118.30456944650011,119.73107147216797,116.49766542954127,119.73107147216797,6069819.0
2026-05-05,119.35066628643847,121.15757025503525,118.58986232421951,120.77716827392578,7532825.0
2026-05-06,121.8232754093942,123.43997475797568,120.30166748653598,122.77427673339844,10962446.0
2026-05-07,123.63017825380201,124.48607368341507,122.20367619702738,123.91548156738281,9045935.0
2026-05-08,123.53506604993852,124.39097594729274,122.6791706637129,124.01056671142578,6913112.0
2026-05-11,124.01056745651609,124.01056745651609,122.48897403729184,123.63017272949219,6696937.0
2026-05-12,122.96447906718846,124.10567779990429,121.72817439377584,121.82328033447266,9166432.0
2026-05-13,122.01347441128964,122.48897507968037,118.39966642929424,119.63597106933594,6969245.0
2026-05-14,119.82616865548157,120.96736735949848,119.25556930347311,120.87226867675781,4960619.0
2026-05-15,119.92127018783485,120.39677086840166,116.9731674194336,116.9731674194336,4932044.0
2026-05-18,116.4976646035486,116.4976646035486,113.73975925569864,114.02506256103516,4096434.0
2026-05-20,113.7397617381072,114.02506504967056,111.74266032385756,113.35935974121094,4320889.0
2026-05-21,113.3593569383622,113.54956155988975,106.32195281982422,106.32195281982422,3531009.0
2026-05-22,101.75714236450564,111.93285369873047,101.75714236450564,111.93285369873047,11722723.0
2026-05-25,111.83775748770722,111.83775748770722,109.6504587325486,111.6475601196289,6953740.0
2026-05-26,111.55246335554365,111.74266072689548,110.03085536247038,110.12596130371094,2532968.0
2026-05-27,110.12596130371094,110.12596130371094,110.12596130371094,110.12596130371094,0.0
2026-05-28,110.12596130371094,110.12596130371094,110.12596130371094,110.12596130371094,0.0
2026-05-29,110.12596130371094,110.12596130371094,110.12596130371094,110.12596130371094,0.0
2026-06-01,111.2671540746002,111.64755605246383,108.6043474851191,110.22105407714844,5958636.0
2026-06-02,110.12596240850318,112.2181625366211,110.12596240850318,112.2181625366211,8714185.0
2026-06-03,112.02796443447536,112.21816180649779,109.74555969238281,109.74555969238281,5607958.0
2026-06-04,110.31615523010241,110.98185326461002,108.31905387101516,109.55535125732422,6175485.0
2026-06-05,109.55535467852614,110.12596130371094,108.60435331063768,110.12596130371094,3567927.0
2026-06-08,108.98475116445404,110.31615447998047,108.22395445241348,110.31615447998047,4981468.0
2026-06-09,110.3161531258455,110.79165378587071,109.55534916757948,109.84065246582031,5056140.0
2026-06-10,109.74555874473413,110.03085480030427,108.79455738170448,108.88965606689453,4020592.0
2026-06-11,109.27005808237192,109.46025545278533,104.99055194798841,105.65625,7086919.0
2026-06-12,106.51215210263288,109.36515617681054,106.03665142360327,107.65335083007812,9336491.0
2026-06-15,110.22106055492905,111.07696324153322,109.65046118238116,110.98185729980469,7588304.0
2026-06-16,110.98185077731142,111.17205539402536,108.88965078240788,110.22105407714844,5418530.0
2026-06-17,110.31615386979263,110.41125255132614,108.41415121686518,109.07984924316406,4098138.0
2026-06-18,109.46025448312146,111.45735587702933,109.07985249009982,111.26715850830078,8287634.0
2026-06-19,110.80000305175781,110.9000015258789,108.9000015258789,109.80000305175781,6660437.0
2026-06-22,110.0999984741211,110.30000305175781,108.69999694824219,109.19999694824219,4060604.0
2026-06-23,108.5999984741211,108.69999694824219,106.9000015258789,107.0999984741211,3838098.0
2026-06-24,107.0999984741211,107.5999984741211,103.9000015258789,103.9000015258789,5015894.0
2026-06-25,104.5999984741211,105.0,102.19999694824219,102.19999694824219,5164290.0
2026-06-26,102.19999694824219,103.0999984741211,101.9000015258789,102.4000015258789,4823792.0
2026-06-29,103.0,103.19999694824219,101.0999984741211,102.0,4189250.0
2026-06-30,102.30000305175781,102.30000305175781,99.0,99.30000305175781,7494613.0
2026-07-01,99.30000305175781,100.4000015258789,98.5,99.5,8575470.0
2026-07-02,99.69999694824219,100.69999694824219,97.9000015258789,98.44999694824219,8429318.0
2026-07-03,98.5999984741211,100.30000305175781,98.25,100.0999984741211,8169497.0
2026-07-06,100.5,100.69999694824219,98.94999694824219,99.30000305175781,5279806.0
2026-07-07,99.30000305175781,100.30000305175781,98.8499984741211,99.5999984741211,4680426.0
2026-07-08,99.5,99.5,96.9000015258789,97.25,4688782.0
2026-07-09,97.44999694824219,97.75,96.5999984741211,97.30000305175781,4513608.0
2026-07-10,97.30000305175781,98.0,96.94999694824219,97.0,8035854.0
2026-07-13,96.5,96.80000305175781,95.5999984741211,96.0,4503713.0
2026-07-14,96.0,96.4000015258789,95.05000305175781,96.1500015258789,3751434.0
2026-07-16,96.25,99.25,96.19999694824219,99.05000305175781,6140004.0
2026-07-17,98.94999694824219,99.3499984741211,97.44999694824219,97.94999694824219,3841381.0
2026-07-20,97.94999694824219,98.1500015258789,96.5999984741211,97.55000305175781,5657345.0
2026-07-21,97.6500015258789,97.75,95.8499984741211,96.0,4024365.0
2026-07-22,96.0999984741211,96.8499984741211,95.44999694824219,95.44999694824219,6064588.0
2026-07-23,95.80000305175781,96.19999694824219,94.1500015258789,94.3499984741211,5618110.0
2026-07-24,94.3499984741211,94.75,91.94999694824219,92.05000305175781,6063741.0
2026-07-27,93.30000305175781,93.44999694824219,90.30000305175781,90.6500015258789,6036787.0
2026-07-28,90.6500015258789,91.1500015258789,89.4000015258789,89.75,4540926.0
2026-07-29,90.1500015258789,90.55000305175781,87.8499984741211,88.44999694824219,5406946.0
2026-07-30,88.44999694824219,89.19999694824219,87.5,87.9000015258789,4157265.0
2026-07-31,88.19999694824219,88.4000015258789,84.9000015258789,86.30000305175781,8021901.0
2026-08-03,87.25,88.19999694824219,86.69999694824219,87.69999694824219,5040890.0
2026-08-04,87.5,88.44999694824219,86.9000015258789,88.3499984741211,5016945.0
2026-08-05,88.4000015258789,88.55000305175781,86.9000015258789,87.30000305175781,3949252.0
2026-08-06,87.5999984741211,88.1500015258789,86.80000305175781,87.05000305175781,4027600.0
2026-08-07,87.1500015258789,89.9000015258789,86.8499984741211,89.19999694824219,6192589.0
2026-08-10,89.9000015258789,91.30000305175781,88.8499984741211,89.19999694824219,6553370.0
2026-08-11,89.25,89.25,87.19999694824219,87.80000305175781,3714249.0
2026-08-12,88.0999984741211,88.0999984741211,86.19999694824219,87.44999694824219,7508746.0
2026-08-13,87.75,88.44999694824219,87.0,88.0,5344433.0
2026-08-14,88.25,90.8499984741211,87.94999694824219,90.69999694824219,7190090.0
2026-08-17,91.0,92.55000305175781,90.30000305175781,91.0999984741211,7229148.0
2026-08-18,91.0999984741211,93.05000305175781,90.9000015258789,91.5,6549020.0
2026-08-19,96.4000015258789,100.5999984741211,94.55000305175781,97.75,28664521.0
2026-08-20,97.75,97.80000305175781,92.05000305175781,92.80000305175781,11505477.0
2026-08-21,93.0999984741211,93.8499984741211,92.19999694824219,93.44999694824219,9081640.0
2026-08-24,94.0,95.19999694824219,91.44999694824219,91.75,8364287.0
2026-08-25,91.75,91.8499984741211,89.75,90.75,7698062.0
2026-08-26,90.94999694824219,93.0999984741211,90.44999694824219,92.19999694824219,10067577.0
