Date,open,high,low,close,volume
2018-01-01,2.3351829051971436,2.3351829051971436,2.3351829051971436,2.3351829051971436,0.0
2018-01-02,2.3459440997135177,2.399750329730434,2.34056403441731,2.383608341217041,60642413.0
2018-01-03,2.3889888749783954,2.4212722500277217,2.3674660274040034,2.378227949142456,44093611.0
2018-01-04,2.3782283800838324,2.4158926232369957,2.356705329428903,2.372847318649292,32265283.0
2018-01-05,2.3836082377568104,2.4158924125628354,2.378228172694124,2.39436936378479,28007469.0
2018-01-08,2.4212725827205643,2.4266534447388923,2.3782282759208333,2.383608341217041,27818516.0
2018-01-09,2.3889891652648862,2.399750291588915,2.345944062427192,2.3567051887512207,24823867.0
2018-01-10,2.3513247002266335,2.362085825524888,2.2975184761938365,2.3405637741088867,52706083.0
2018-01-11,2.3567051239160786,2.399750225569562,2.324421745832139,2.39436936378479,23865258.0
2018-01-12,2.36746628374196,2.372847145603549,2.324421779015538,2.3351829051971436,58894331.0
2018-01-15,2.3298020047379775,2.3567051185170764,2.297518626727996,2.3082797527313232,32033130.0
2018-01-16,2.2867575688742456,2.362086050684025,2.275996442550217,2.3567051887512207,26457323.0
2018-01-17,2.356705233008843,2.3943694746210467,2.340564041170995,2.388989210128784,27533244.0
2018-01-18,2.3997502986791353,2.410511425034958,2.3567051957142615,2.362086057662964,46729171.0
2018-01-19,2.3620859875782467,2.3728471136147795,2.3082797598540177,2.3136606216430664,29563646.0
2018-01-22,2.3298021112001246,2.383608341217041,2.313660720228322,2.383608341217041,34436137.0
2018-01-23,2.3943694089281684,2.448175637624093,2.3836082826972986,2.4266533851623535,34943207.0
2018-01-24,2.442794703643487,2.469697817197456,2.415892386811595,2.4589366912841797,34077968.0
2018-01-25,2.46969785585663,2.5073620959134484,2.458936729774906,2.48583984375,38165431.0
2018-01-26,2.5019818363693522,2.582690580905518,2.4912209094478244,2.571929454803467,46360588.0
2018-01-29,2.5826905020544193,2.598832489485455,2.49122083338935,2.518123149871826,45583638.0
2018-01-30,2.4966007773364804,2.5288849498145383,2.4858396520844708,2.491220712661743,25802970.0
2018-01-31,2.501981862966641,2.5288851764590703,2.491220935930719,2.507362127304077,23048680.0
2018-02-01,2.5181233273093766,2.5504073044463125,2.453556767299219,2.475078821182251,37227656.0
2018-02-02,2.4804588534880447,2.4858397150210427,2.437414351390203,2.453556537628174,17199467.0
2018-02-05,2.4427949040329806,2.448175766201805,2.4158925849942143,2.4320337772369385,18576569.0
2018-02-06,2.372847383231634,2.44279500918774,2.362086255972359,2.4212727546691895,25156373.0
2018-02-07,2.442794779300781,2.528885183536982,2.405130538667014,2.5127429962158203,55764860.0
2018-02-08,2.523504051662268,2.523504051662268,2.4535566334317944,2.464317560195923,19927969.0
2018-02-09,2.4266534159813538,2.475078783406068,2.3997503012917165,2.4481756687164307,22016643.0
2018-02-12,2.4750785894965825,2.4912207757345532,2.453556537628174,2.453556537628174,16933691.0
2018-02-13,2.46431769465047,2.5181233273093766,2.46431769465047,2.475078821182251,43237688.0
2018-02-14,2.5019819977236226,2.5127431245196648,2.4158925849942143,2.4320337772369385,27706774.0
2018-02-15,2.469697604770339,2.5557872022132444,2.4643173410472548,2.5288848876953125,31995584.0
2018-02-16,2.5396459818575154,2.625735585007365,2.5396459818575154,2.588071346282959,45245384.0
2018-02-19,2.6095937264765308,2.6741610814109023,2.5557874977742916,2.593451738357544,41601882.0
2018-02-20,2.614974551813824,2.6364968039772725,2.442794741881536,2.48583984375,37663280.0
2018-02-21,2.5288849840458973,2.555787299588808,2.5073619365285107,2.5396459102630615,32552943.0
2018-02-22,2.5450264061483554,2.5557875325268133,2.5019819006345236,2.5342652797698975,34874930.0
2018-02-23,2.5504069384901604,2.5665491239229277,2.5235038272502197,2.5288848876953125,26405511.0
2018-02-26,2.5504070356607356,2.566549221708521,2.53426504879346,2.5396459102630615,21250460.0
2018-02-27,2.555787570196389,2.577310420812112,2.5396461791615867,2.5611684322357178,26407925.0
2018-02-28,2.5450264436593235,2.5665494934555775,2.5396461791615867,2.5611684322357178,19731804.0
2018-03-01,2.550407092037025,2.5773102048966634,2.4696977534581106,2.496600866317749,60124342.0
2018-03-02,2.49122100893125,2.507362200777595,2.458936832613783,2.475078821182251,20306978.0
2018-03-05,2.496600969831724,2.5127429577250937,2.4804589819383542,2.48583984375,13871478.0
2018-03-06,2.501981862966641,2.539646103494992,2.4804590129921724,2.507362127304077,19852590.0
2018-03-07,2.4966006841763706,2.614974252614437,2.4966006841763706,2.609593391418457,31325128.0
2018-03-08,2.609593655516299,2.620354781455814,2.5235040504586155,2.5450263023376465,23081392.0
2018-03-09,2.5504070356607356,2.566549221708521,2.5073619365285107,2.5396459102630615,19614767.0
2018-03-12,2.5665492382752886,2.6364966534019265,2.561168177590443,2.6042134761810303,35302116.0
2018-03-13,2.6149746624626373,2.6257357889997026,2.5611684322357178,2.5611684322357178,24867292.0
2018-03-14,2.588071509203771,2.593451773622208,2.5127430270129816,2.5342652797698975,19321693.0
2018-03-15,2.5396462158425948,2.550407342535087,2.4858399848385324,2.5019819736480713,16990470.0
2018-03-16,2.507362200777595,2.5127430628142817,2.4696979591455643,2.475078821182251,14537252.0
2018-03-19,2.4696977850497017,2.485839772480276,2.4158923553642198,2.4374144077301025,17997190.0
2018-03-20,2.442794734889249,2.480458974838257,2.42665334458365,2.480458974838257,23848199.0
2018-03-21,2.4858398748711834,2.518123253520524,2.4750787486547363,2.507362127304077,26354655.0
2018-03-22,2.5288852119658705,2.545026403565859,2.44279480676187,2.4481756687164307,29924165.0
2018-03-23,2.405130565704694,2.475078783406068,2.405130565704694,2.4481756687164307,34373843.0
2018-03-26,2.4643174639721224,2.4858397150210427,2.4427946153816653,2.453556537628174,37569368.0
2018-03-27,2.4966008405455034,2.501981702078502,2.4481754769146633,2.453556537628174,34519248.0
2018-03-28,2.4374146779892314,2.453556866390159,2.362086191682905,2.372847318649292,67816168.0
2018-03-29,2.3836082377568104,2.4158924125628354,2.3567051239160786,2.39436936378479,39310281.0
2018-03-30,2.4105114562254992,2.501981927745939,2.34056403441731,2.383608341217041,118530902.0
2018-04-02,2.4051305942071717,2.4105114562254992,2.372847214721976,2.383608341217041,26114858.0
2018-04-03,2.3782283800838324,2.3943695725820664,2.356705329428903,2.372847318649292,38196919.0
2018-04-04,2.3728471770080537,2.378228238121385,2.335182936103164,2.3567051887512207,30525938.0
2018-04-05,2.3620859471635405,2.3943693247207785,2.3459439596141443,2.3674662113189697,44996002.0
2018-04-06,2.3513249243599965,2.3728471770080537,2.3513249243599965,2.3567051887512207,23470686.0
2018-04-09,2.3674663892745764,2.3674663892745764,2.3082798938666516,2.3244218826293945,24160541.0
2018-04-10,2.335183040301005,2.3459441671052037,2.2490934283258057,2.259854555130005,40031096.0
2018-04-11,2.2437123755396846,2.2975186025312113,2.163003632593951,2.265235424041748,43392074.0
2018-04-12,2.2490932913968034,2.3351828981307063,2.2437124295514974,2.3298020362854004,32061450.0
2018-04-13,2.3459442047392023,2.3567053317160327,2.275996580618995,2.286757707595825,21424455.0
2018-04-16,2.3028998217244427,2.3620861177780226,2.2975187604582645,2.3190410137176514,31715025.0
2018-04-17,2.351325066998426,2.351325066998426,2.25985459138294,2.286757707595825,51784630.0
2018-04-18,2.2813764894756927,2.345943838806744,2.24371225216104,2.3405637741088867,41507892.0
2018-04-19,2.3405641007348255,2.3728472819542024,2.329802177212712,2.3459441661834717,37326939.0
2018-04-20,2.3351830184235083,2.3674663985336535,2.286757649487489,2.3028998374938965,35504120.0
2018-04-23,2.3028998374938965,2.3028998374938965,2.3028998374938965,2.3028998374938965,0.0
2018-04-24,2.2975187232503345,2.3298021026165907,2.275996470339497,2.292137861251831,44280799.0
2018-04-25,2.3029000671224327,2.3567055068238973,2.2168096506473276,2.2329516410827637,68609642.0
2018-04-26,2.2544737548034246,2.270615744223345,2.2060483840852863,2.2168095111846924,34594295.0
2018-04-27,2.163003875687663,2.232951500604613,2.1522429477687983,2.2168095111846924,54275769.0
2018-04-30,2.216809406374942,2.232951395031677,2.1414809226989746,2.1414809226989746,44922324.0
2018-05-01,2.1414809226989746,2.1414809226989746,2.1414809226989746,2.1414809226989746,0.0
2018-05-02,2.146861649351221,2.1683839011749484,2.0769132354312507,2.1307196617126465,53034971.0
2018-05-03,2.157623052597046,2.2437126684991977,2.141481062883632,2.157623052597046,69089833.0
2018-05-04,2.163003875687663,2.2544737548034246,2.1576230133671483,2.2168095111846924,64190782.0
2018-05-07,2.216809587472056,2.2490935674228902,2.184526205062866,2.184526205062866,24965640.0
2018-05-08,2.2060480657929387,2.2114289273370935,2.0769131649680816,2.082294225692749,49092112.0
2018-05-09,2.0607717686068,2.18990665652348,2.05539090760051,2.152242422103882,33869338.0
2018-05-10,2.1683842768826804,2.254473896635571,2.1253397657770656,2.2329516410827637,38744064.0
2018-05-11,2.2114291798077215,2.2221903065830513,2.168384075164795,2.168384075164795,23779899.0
2018-05-14,2.1737647447974044,2.2221901097682584,2.1630036189751647,2.2006678581237793,17253882.0
2018-05-15,2.1845260266030686,2.206048279784318,2.13071979610835,2.1414809226989746,27831129.0
2018-05-16,2.1414809226989746,2.1791451645369584,2.0876752897458513,2.1414809226989746,42411347.0
2018-05-17,2.1522425807501486,2.163003506833969,2.114577347651705,2.1253392696380615,20507760.0
2018-05-18,2.13071943106158,2.1522424772775075,2.1253391674588418,2.1361002922058105,20535866.0
2018-05-21,2.130719719068191,2.152242768193361,2.1091974666651185,2.114577531814575,19304744.0
2018-05-22,2.1253394428251644,2.179145073531251,2.119958580983771,2.16300368309021,43158060.0
2018-05-23,2.1522424772775075,2.1791447911936848,2.13071943106158,2.1361002922058105,34593443.0
2018-05-24,2.1630034028439784,2.222189887723052,2.119958306314611,2.1361002922058105,49309981.0
2018-05-25,2.1683841752062114,2.2437126636505127,2.1414810582558705,2.2437126636505127,46652451.0
2018-05-28,2.3028995367942335,2.356704964104999,2.2813764894756927,2.3405637741088867,42221791.0
2018-05-29,2.3405639591565364,2.3567051504287897,2.3136606458326234,2.3298020362854004,30906983.0
2018-05-30,2.3244218917201263,2.388989249482019,2.3028998374938965,2.3028998374938965,42412560.0
2018-05-31,2.3298020604659024,2.340563983448734,2.179145097732544,2.179145097732544,37407441.0
2018-06-01,2.1630035969795993,2.168383861065231,2.076913197013513,2.103816509246826,52364891.0
2018-06-04,2.109197443181818,2.1468616832386362,2.0661523413133542,2.071533203125,30798164.0
2018-06-05,2.076913188974995,2.0876751113682137,2.0069657725221997,2.0177268981933594,26526738.0
2018-06-06,2.0300798846136066,2.0384341146251623,1.9214746952828263,2.021725654602051,67128222.0
2018-06-07,2.013371032124523,2.2305811692648043,2.005016803741455,2.2055184841156006,87094774.0
2018-06-08,2.1721012666230917,2.247289517624222,2.105267442782537,2.121975898742676,78034967.0
2018-06-11,2.1052675342894975,2.1052675342894975,1.979953909961105,2.0551421642303467,80415610.0
2018-06-12,2.046788060902103,2.0885592051693855,1.9966626877813645,2.0300796031951904,73868688.0
2018-06-13,2.0217253103589696,2.05514222471523,1.921474368109667,1.9632455110549927,74548326.0
2018-06-14,1.9632454746909145,1.971599703125239,1.904765875650643,1.9465370178222656,33426947.0
2018-06-15,1.9465370178222654,1.9465370178222654,1.9465370178222654,1.9465370178222656,0.0
2018-06-18,1.9381828788338498,1.9548913364735834,1.8880575059146485,1.9047659635543823,51417369.0
2018-06-19,1.8880576164630252,1.9632456802441918,1.8797033871540068,1.9298287630081177,61699394.0
2018-06-20,1.9214742554031827,1.9799538520964444,1.9131200273041453,1.9381827116012573,84815602.0
2018-06-21,1.9465370538768625,1.9966626245917742,1.9381828252877973,1.9632455110549927,66784700.0
2018-06-22,1.9715996980667114,1.9799539264796016,1.9214743275893709,1.9715996980667114,61184751.0
2018-06-25,2.06349629249533,2.0718505204333475,1.9047657624924959,1.9214742183685303,90112544.0
2018-06-26,1.9298287630081177,1.9715999095532102,1.9131203043900806,1.9298287630081177,75603185.0
2018-06-27,1.929828843876662,2.046788258284587,1.9214746142175636,2.0384340286254883,100100275.0
2018-06-28,2.0217252021689633,2.130330168014956,2.0050167458849644,2.113621711730957,102620615.0
2018-06-29,2.1219759484730725,2.1303301766489304,2.0551421230662075,2.0634963512420654,60327133.0
2018-07-02,2.0551421230662075,2.0885590357696397,2.030079438538633,2.0634963512420654,49035878.0
2018-07-03,2.080205264682941,2.0969137247060528,2.021725654602051,2.021725654602051,54939344.0
2018-07-04,2.03007979896639,2.0551424879436855,2.013371339648193,2.0384340286254883,44339726.0
2018-07-05,2.0467880484731773,2.1052676500922605,2.0467880484731773,2.080204963684082,53580400.0
2018-07-06,2.0885592346148396,2.0969134635860778,2.046788089758649,2.0718507766723633,52956922.0
2018-07-09,2.088559077603114,2.096913305946306,2.0467879358871546,2.0551421642303467,65675935.0
2018-07-10,2.013370963673103,2.030079419871178,1.92982848350222,1.9381827116012573,94035971.0
2018-07-11,1.9214742334329222,1.9214742334329222,1.821223497390747,1.821223497390747,145295354.0
2018-07-12,1.8379321517260507,1.8797032962510802,1.7710981213054753,1.829577922821045,126202607.0
2018-07-13,1.8462862187961964,1.8629946751416406,1.8212235342780299,1.8379319906234741,39630720.0
2018-07-16,1.8629948173873878,1.8713490461979827,1.7376811860479389,1.7543896436691284,75578193.0
2018-07-17,1.7460355227387838,1.7878068685531616,1.7293270640852483,1.7878068685531616,78532138.0
2018-07-18,1.779452366747113,1.7878065947946367,1.7126183431864157,1.7627437114715576,84240080.0
2018-07-19,1.7710981369018555,1.7961610230181067,1.7627439079232818,1.7710981369018555,69327870.0
2018-07-20,1.7710978936528228,1.8212234598203672,1.762743665821649,1.80451500415802,52360732.0
2018-07-23,1.8379319906234743,1.8546404469689186,1.8212235342780299,1.8379319906234741,50219175.0
2018-07-24,1.846286411246557,1.846286411246557,1.704264318325889,1.7209727764129639,109091231.0
2018-07-25,1.7209727630304137,1.787806794039533,1.7126185340518398,1.7710981369018555,116332981.0
2018-07-26,1.7878068877291386,1.7961611171455136,1.720972853217597,1.7293270826339722,105108173.0
2018-07-27,1.7460352592933766,1.7627437154259058,1.712618347028318,1.7376810312271118,84915524.0
2018-07-30,1.720972728426749,1.7543896436691284,1.720972728426749,1.7543896436691284,58282188.0
2018-07-31,1.7543896789447082,1.787806794039533,1.7460354499661346,1.7710981369018555,84160457.0
2018-08-01,1.7794525650609594,1.787806794039533,1.7543896789447082,1.7710981369018555,80959688.0
2018-08-02,1.7293269763534498,1.7293269763534498,1.670847374032848,1.679201602935791,106422250.0
2018-08-03,1.6708474089361398,1.7042643252459775,1.6708474089361398,1.695910096168518,81216409.0
2018-08-06,1.687555674871408,1.7126183592490416,1.6457845342420188,1.6624929904937744,56773521.0
2018-08-07,1.6792014791102585,1.7042641639709473,1.662493022536466,1.7042641639709473,76860452.0
2018-08-08,1.6959100128578308,1.72932692752608,1.6875557841907685,1.7126184701919556,88182070.0
2018-08-09,1.6875557841907685,1.754389613527267,1.6792015555237063,1.7126184701919556,112175423.0
2018-08-10,1.6792015213319578,1.6959099783258664,1.5037625237153995,1.5956591367721558,149501914.0
2018-08-13,1.5705965013600895,1.5705965013600895,1.3283236680429773,1.3868032693862915,300398521.0
2018-08-14,1.4619915138146338,1.4786999723237868,1.4202203675417517,1.445283055305481,145824415.0
2018-08-15,1.4786998129897753,1.4786998129897753,1.3951574298556662,1.4285744428634644,103732071.0
2018-08-16,1.4536371611999332,1.470345618291155,1.3700947761535645,1.3700947761535645,128685753.0
2018-08-17,1.353386198191252,1.3951573371887207,1.3450319703917581,1.3951573371887207,88489205.0
2018-08-20,1.3951574298556662,1.4285744428634644,1.3951574298556662,1.4285744428634644,26592491.0
2018-08-21,1.4285744428634644,1.4285744428634644,1.4285744428634644,1.4285744428634644,0.0
2018-08-22,1.4285744428634644,1.4285744428634644,1.4285744428634644,1.4285744428634644,0.0
2018-08-23,1.4285744428634644,1.4285744428634644,1.4285744428634644,1.4285744428634644,0.0
2018-08-24,1.4285744428634644,1.4285744428634644,1.4285744428634644,1.4285744428634644,0.0
2018-08-27,1.428574520277375,1.4452829778915701,1.403511734265819,1.4369287490844727,43503139.0
2018-08-28,1.4285743578453298,1.4870539528457547,1.4202201299881263,1.4703454971313477,104404967.0
2018-08-29,1.4619913514346015,1.4870540364146758,1.4369286664545273,1.4536371231079102,60693568.0
2018-08-30,1.4536371231079102,1.4536371231079102,1.4536371231079102,1.4536371231079102,0.0
2018-08-31,1.4536371702420536,1.4536371702420536,1.4035116990663308,1.4202202558517456,47514688.0
2018-09-03,1.3951575054587215,1.4452829778915701,1.3868032766516238,1.4369287490844727,79151901.0
2018-09-04,1.4369287130468995,1.4536371702420536,1.4118660272541685,1.4202202558517456,54009126.0
2018-09-05,1.4118658923779592,1.4118658923779592,1.386803109389227,1.3951573371887207,45460298.0
2018-09-06,1.4035117269129527,1.4118660552665458,1.3868032693862915,1.3868032693862915,25711283.0
2018-09-07,1.395157533643152,1.4118660911851502,1.378449075691419,1.4035117626190186,37857710.0
2018-09-10,1.403511571570549,1.4369285825154978,1.345031976699829,1.345031976699829,94600447.0
2018-09-11,1.3533862045385034,1.370094660215852,1.3366777488611548,1.345031976699829,53580593.0
2018-09-12,1.353386409191572,1.3700948673954993,1.3283237218856812,1.3283237218856812,45503162.0
2018-09-13,1.3450319703917581,1.4118658923779592,1.3199692869932769,1.3951573371887207,138880526.0
2018-09-14,1.428574520277375,1.4786998931199606,1.4118660626631798,1.4369287490844727,200769930.0
2018-09-17,1.4202202558517456,1.4369287130468995,1.395157470468754,1.4202202558517456,94590134.0
2018-09-18,1.4202203201610166,1.4369287781127495,1.395157533643152,1.4035117626190186,96204387.0
2018-09-19,1.4202201696665984,1.470345538210235,1.4035116138951318,1.461991310119629,139027232.0
2018-09-20,1.470345664312863,1.5204711367457118,1.4202202914702773,1.4369287490844727,243319685.0
2018-09-21,1.4369285857025333,1.4870539528457547,1.4369285857025333,1.4703454971313477,121868462.0
2018-09-24,1.4703455849664178,1.545533739763069,1.4703455849664178,1.528825283050537,326568860.0
2018-09-25,1.545533729342105,1.5538879576420415,1.461991346752483,1.478699803352356,243546909.0
2018-09-26,1.4786997249885512,1.4954081807029582,1.4452828135597369,1.4703454971313477,126766139.0
2018-09-27,1.4703455705005082,1.520471039735205,1.4536371139523614,1.5037624835968018,214058926.0
2018-09-28,1.5037626834446438,1.5956593062626332,1.4954084540603056,1.5622423887252808,560423766.0
2018-10-01,1.570596424831867,1.595659109900665,1.5204710546942712,1.528825283050537,278293422.0
2018-10-02,1.5204709638648206,1.5455336474364312,1.4619912692741441,1.4703454971313477,192668812.0
2018-10-03,1.470345664312863,1.5037625795412535,1.428574520277375,1.4369287490844727,203216423.0
2018-10-04,1.4285744755631007,1.4369287041087115,1.3617405476079536,1.3700947761535645,163098199.0
2018-10-05,1.3617405830962996,1.3868032693862915,1.3533863543329692,1.3868032693862915,123484091.0
2018-10-08,1.3700947846760227,1.4536371702420536,1.3617405560784457,1.4202202558517456,194670549.0
2018-10-09,1.4369287130468995,1.4452829416444766,1.395157470468754,1.4202202558517456,148624711.0
2018-10-10,1.4202201201774531,1.4285743479769468,1.386803109389227,1.3951573371887207,161122328.0
2018-10-11,1.3700948118596303,1.395157498149622,1.3700948118596303,1.3868032693862915,107770109.0
2018-10-12,1.4118660688400269,1.4452829842146149,1.3700948250315286,1.4118660688400269,225015965.0
2018-10-15,1.4285743977572045,1.478699766300841,1.4202201696665984,1.461991310119629,201067434.0
2018-10-16,1.4703454971313477,1.4954081807029582,1.4619912692741441,1.4703454971313477,166611079.0
2018-10-17,1.4954082553227284,1.520471039735205,1.4703455705005082,1.5037624835968018,184237268.0
2018-10-18,1.5037624882521654,1.5204710444422955,1.4703455750524195,1.478699803352356,100482863.0
2018-10-19,1.4786998080879843,1.4870540364146758,1.4369286664545273,1.4536371231079102,76911170.0
2018-10-22,1.4619914650403492,1.4703456940162156,1.4035117626190186,1.4035117626190186,64825250.0
2018-10-23,1.3868032332447862,1.403511690336008,1.3617405476079536,1.3700947761535645,109971490.0
2018-10-24,1.3784490046991753,1.3951574617903972,1.3617405476079536,1.3700947761535645,71111438.0
2018-10-25,1.345032090516732,1.3784490046991753,1.32832363342551,1.3700947761535645,135718618.0
2018-10-26,1.3784488880545263,1.3868031158932006,1.3283235210224806,1.345031976699829,84576984.0
2018-10-29,1.345031976699829,1.345031976699829,1.345031976699829,1.345031976699829,0.0
2018-10-30,1.345032131541006,1.3617405891418457,1.3199694451397468,1.3617405891418457,79197698.0
2018-10-31,1.3700947020634804,1.3868031582511655,1.3366777896881104,1.3366777896881104,122916403.0
2018-11-01,1.3617405961878817,1.4118660688400269,1.3533863673442346,1.4118660688400269,90864759.0
2018-11-02,1.420220297683674,1.4369287553709678,1.3951575115624695,1.4118660688400269,179916221.0
2018-11-05,1.4369286258478107,1.470345538210235,1.4285743977572045,1.461991310119629,163227822.0
2018-11-06,1.470345579761293,1.4870540364146758,1.4285744381278358,1.4536371231079102,178214579.0
2018-11-07,1.4536370414169406,1.4703454971313477,1.4285743578453298,1.4703454971313477,118978051.0
2018-11-08,1.4786998560347848,1.4786998560347848,1.4118660272541685,1.4202202558517456,131260229.0
2018-11-09,1.4118660911851502,1.428574549136883,1.378449075691419,1.4035117626190186,77798534.0
2018-11-12,1.403511690336008,1.4118660184718788,1.3700947761535645,1.3700947761535645,49482046.0
2018-11-13,1.3700948467155525,1.4118660911851502,1.361740617739686,1.4035117626190186,95626988.0
2018-11-14,1.3700948179422656,1.3784490467426853,1.345032131541006,1.3617405891418457,147239588.0
2018-11-15,1.3784490467426853,1.386803275543105,1.3617405891418457,1.3617405891418457,61247674.0
2018-11-16,1.3700948179422656,1.3784490467426853,1.353386360341426,1.3617405891418457,71294699.0
2018-11-19,1.3700948533582022,1.3868033113909433,1.361740624341832,1.3784490823745728,59354176.0
2018-11-20,1.3784490823745728,1.4202203270466904,1.3700948533582022,1.3784490823745728,143714697.0
2018-11-21,1.3784490406229608,1.3868032693862915,1.3700948118596303,1.3868032693862915,45237404.0
2018-11-22,1.3784490406229608,1.395157498149622,1.3700948118596303,1.3868032693862915,34975172.0
2018-11-23,1.3868032693862915,1.395157498149622,1.3784490406229608,1.3868032693862915,15889062.0
2018-11-26,1.3951573371887207,1.4202201201774531,1.386803109389227,1.3951573371887207,70225909.0
2018-11-27,1.4035115649882144,1.4118658923779592,1.378448881589733,1.3951573371887207,59085391.0
2018-11-28,1.3868033046672856,1.4118660911851502,1.3868033046672856,1.4035117626190186,47933473.0
2018-11-29,1.4118660688400269,1.4285745265273209,1.4035117404061164,1.4118660688400269,67634298.0
2018-11-30,1.4118660272541685,1.4202202558517456,1.395157470468754,1.4202202558517456,60662321.0
2018-12-03,1.4703456940162156,1.478699922992082,1.4035117626190186,1.4035117626190186,157149568.0
2018-12-04,1.4035117269129527,1.428574512793207,1.3784490406229608,1.3868032693862915,118898409.0
2018-12-05,1.3700947761535645,1.3784490046991753,1.345032090516732,1.3700947761535645,104337264.0
2018-12-06,1.345032131541006,1.3700948179422656,1.345032131541006,1.3617405891418457,56221386.0
2018-12-07,1.3784490406229608,1.3868032693862915,1.3700948118596303,1.3868032693862915,31445925.0
2018-12-10,1.3700947761535645,1.3868032332447862,1.3617405476079536,1.3700947761535645,63409394.0
2018-12-11,1.3700948179422656,1.3784490467426853,1.3617405891418457,1.3617405891418457,22320926.0
2018-12-12,1.3617406382935355,1.3700948673954993,1.3199694927837176,1.3283237218856812,100020775.0
2018-12-13,1.328323561594268,1.3533862458757955,1.328323561594268,1.3366777896881104,57222847.0
2018-12-14,1.3366777521741442,1.3450319800335246,1.2865522854276097,1.3199692964553833,94832069.0
2018-12-17,1.3199694575318046,1.3283236864106551,1.3032609001838398,1.311615228652954,43969705.0
2018-12-18,1.3032607411463706,1.3283235243147637,1.2949065132869901,1.3199692964553833,81247475.0
2018-12-19,1.3199693335004254,1.345032017781953,1.311615105406583,1.3366777896881104,112854317.0
2018-12-20,1.3199693335004254,1.3366777896881104,1.311615105406583,1.3366777896881104,96861640.0
2018-12-21,1.3283235210224806,1.370094660215852,1.311615065345132,1.345031976699829,60407183.0
2018-12-24,1.3533862045385034,1.3617404323771776,1.3366777488611548,1.345031976699829,18554833.0
2018-12-25,1.3283237218856812,1.3366779509876447,1.3199694927837176,1.3283237218856812,24865403.0
2018-12-26,1.3366777896881104,1.345032017781953,1.328323561594268,1.3366777896881104,12210953.0
2018-12-27,1.345031976699829,1.3533862045385034,1.3366777488611548,1.345031976699829,14306333.0
2018-12-28,1.3366777896881104,1.345032017781953,1.328323561594268,1.3366777896881104,13137068.0
2018-12-31,1.3366777488611548,1.345031976699829,1.3283235210224806,1.345031976699829,9594135.0
2019-01-01,1.345031976699829,1.345031976699829,1.345031976699829,1.345031976699829,0.0
2019-01-02,1.3366777521741442,1.3450319800335246,1.3199692964553833,1.3199692964553833,28800610.0
2019-01-03,1.3199693640029486,1.3283235922898449,1.2698438946913142,1.2781981229782104,81555785.0
2019-01-04,1.2865522854276097,1.3199692964553833,1.2781980575682292,1.3199692964553833,50521459.0
2019-01-07,1.3283237218856812,1.3450321800896083,1.3199694927837176,1.3283237218856812,74117891.0
2019-01-08,1.3199692964553833,1.3366777521741442,1.2949065132869901,1.3199692964553833,62402280.0
2019-01-09,1.3199694800651443,1.336677938108077,1.2949066934104794,1.3032609224319458,77737128.0
2019-01-10,1.2949066579921802,1.311615215168366,1.2865524291992188,1.2865524291992188,59839710.0
2019-01-11,1.3032608447343428,1.3032608447343428,1.2865523876875322,1.2949066162109375,29964627.0
2019-01-14,1.2865523876875322,1.3032608447343428,1.278198159164127,1.2949066162109375,60823641.0
2019-01-15,1.3032607411463706,1.3199692964553833,1.2949065132869901,1.3199692964553833,97436389.0
2019-01-16,1.3199694792599797,1.3951575404073135,1.3116152502436094,1.3784490823745728,191252315.0
2019-01-17,1.37844896857743,1.4619913514346015,1.3700947402507384,1.4536371231079102,259319574.0
2019-01-18,1.4703456462942148,1.51211678981781,1.461991417589496,1.51211678981781,136348912.0
2019-01-21,1.503762567048754,1.537179581589796,1.4619914233602795,1.4870541095733643,176947976.0
2019-01-22,1.4786998042865955,1.5873048718446434,1.4786998042865955,1.5789506435394287,208554078.0
2019-01-23,1.5873049223514717,1.6457846219390107,1.5371795509252326,1.6207219362258911,203064186.0
2019-01-24,1.6374303826493701,1.6792015252311359,1.6207219256166638,1.6708472967147827,142299386.0
2019-01-25,1.6708472228371907,1.6708472228371907,1.6040132980712112,1.6374303102493286,98351742.0
2019-01-28,1.629076192927186,1.6457846503577809,1.5705964923298423,1.587304949760437,40515756.0
2019-01-29,1.5873049170771165,1.6708473021001773,1.5789506885338362,1.645784616470337,96234871.0
2019-01-30,1.6541387665432596,1.6875556791311217,1.6207218539553974,1.6374303102493286,124153333.0
2019-01-31,1.6624929946902252,1.6792014509841562,1.6207218539553974,1.6374303102493286,162992806.0
2019-02-01,1.6374303102493286,1.6541387665432596,1.5956590699242457,1.6374303102493286,81198280.0
2019-02-04,1.637430351595525,1.6541388083113557,1.6123675669315214,1.6290761232376099,40240810.0
2019-02-05,1.6290761593837768,1.6624930735568972,1.6207219308404968,1.645784616470337,107640058.0
2019-02-06,1.6541388396820764,1.687555753747489,1.629076154133017,1.6708472967147827,186517560.0
2019-02-07,1.6708474089361398,1.7042643252459775,1.6624931798586804,1.695910096168518,99356216.0
2019-02-08,1.6792014884826305,1.6959099451496804,1.6457845751485307,1.6541388034820557,71897419.0
2019-02-11,1.6624931798586804,1.7042643252459775,1.6624931798586804,1.695910096168518,73977966.0
2019-02-12,1.7042642415248932,1.754389613527267,1.6875557841907685,1.7126184701919556,127952439.0
2019-02-13,1.7209726678129016,1.7293268963292547,1.6457846111657233,1.6708472967147827,79431088.0
2019-02-14,1.6792015252311359,1.6959099822638422,1.6457846111657233,1.6708472967147827,103120566.0
2019-02-15,1.6624931038608268,1.6959100186430707,1.6374304177741437,1.6875557899475098,63807920.0
2019-02-18,1.6875558670910586,1.720972783400896,1.6708474089361398,1.695910096168518,91389180.0
2019-02-19,1.6959100186430707,1.7042642473386318,1.6624931038608268,1.6875557899475098,45056816.0
2019-02-20,1.7042641639709473,1.7209726205447398,1.695909935684051,1.7042641639709473,55065027.0
2019-02-21,1.712618347028318,1.7460352592933766,1.7042641189620533,1.7376810312271118,46179233.0
2019-02-22,1.7460353848602048,1.7460353848602048,1.7126184701919556,1.7126184701919556,37807953.0
2019-02-25,1.7376810273289867,1.7710979395190813,1.729326799281463,1.7627437114715576,64590644.0
2019-02-26,1.754389483424034,1.779452366747113,1.7376810273289867,1.7627437114715576,57036172.0
2019-02-27,1.7627438724797233,1.7710981012903182,1.7460354148585338,1.7543896436691284,36444010.0
2019-02-28,1.7543894379904756,1.80451500415802,1.746035210159302,1.80451500415802,77912574.0
2019-03-01,1.8045150549377376,1.8045150549377376,1.712618347028318,1.7376810312271118,53753131.0
2019-03-04,1.7376809823281285,1.8128692319891935,1.7293267544969548,1.80451500415802,79412925.0
2019-03-05,1.7961608999350538,1.8295778135594334,1.7627437871301574,1.7794524431228638,78774669.0
2019-03-06,1.7878065853766887,1.821223497390747,1.779452357373174,1.821223497390747,54056619.0
2019-03-07,1.8128693935065758,1.8379320792330536,1.787806707780098,1.7961609363555908,59532706.0
2019-03-08,1.8045153272066972,1.8379322445137685,1.7710982107190874,1.7878068685531616,62278599.0
2019-03-11,1.7961608999350538,1.8045151283411487,1.7710980155362523,1.7794524431228638,29756533.0
2019-03-12,1.7961609363555908,1.8045151649310833,1.7710980514485923,1.7961609363555908,41189357.0
2019-03-13,1.7878065484956729,1.8212234598203672,1.7794523206644992,1.80451500415802,36200007.0
2019-03-14,1.8045152008465501,1.8295778870718533,1.7961609721047824,1.8128694295883179,31859787.0
2019-03-15,1.8128694997926138,1.8546406451190613,1.8045152707273242,1.846286416053772,43091727.0
2019-03-18,1.8713488868089583,1.9465369397002947,1.8629946587099209,1.9381827116012573,40742855.0
2019-03-19,1.971599703125239,1.971599703125239,1.9131201040849675,1.9465370178222656,48282303.0
2019-03-20,1.9381827116012573,1.988308279375991,1.9381827116012573,1.9381827116012573,68781711.0
2019-03-21,1.95489124625659,1.9799539315595636,1.9298285609536165,1.9465370178222656,35137359.0
2019-03-22,1.963245622967825,1.9966627384095152,1.8379321869884824,1.846286416053772,92015675.0
2019-03-25,1.8379321679109748,1.8462863968895487,1.7460354499661346,1.7710981369018555,96301646.0
2019-03-26,1.812869283004002,1.812869283004002,1.7293268031608473,1.7376810312271118,60917375.0
2019-03-27,1.7126183910256434,1.720972619306529,1.5873048672221035,1.6040133237838745,109292586.0
2019-03-28,1.6290761835213323,1.72932692752608,1.6207219548542702,1.7126184701919556,92707023.0
2019-03-29,1.6959100419949646,1.7710981012903182,1.6875558131843698,1.7543896436691284,43938829.0
2019-04-01,1.7878065567684924,1.8045150125081555,1.7126183067595044,1.7460352182388306,56450263.0
2019-04-02,1.779452443122864,1.8128693567472436,1.7710980155362523,1.7794524431228638,62731431.0
2019-04-03,1.7627437871301574,1.8045151283411487,1.7543895587240625,1.7794524431228638,33313054.0
2019-04-04,1.7710981213054753,1.8379321517260507,1.7627438924004695,1.829577922821045,60838553.0
2019-04-05,1.8713489033143629,1.8797031314870851,1.7543895097157416,1.8379319906234741,91656178.0
2019-04-08,1.8462864738405362,1.862994932494072,1.7794526392263936,1.7878068685531616,86850392.0
2019-04-09,1.812869556533465,1.8295780151870007,1.7794526392263936,1.7878068685531616,50132541.0
2019-04-10,1.8128693935065758,1.8128693935065758,1.7794524792046056,1.7961609363555908,37421651.0
2019-04-11,1.7961609363555908,1.8045151649310833,1.7794524792046056,1.7961609363555908,24979191.0
2019-04-12,1.7460352182388306,1.7627436739784939,1.7293267624991675,1.7460352182388306,30852062.0
2019-04-15,1.7627438724797233,1.787806758092034,1.7543896436691284,1.7543896436691284,16268653.0
2019-04-16,1.7710982107190874,1.8045153272066972,1.7627439813923196,1.7878068685531616,51166745.0
2019-04-17,1.8045152361060273,1.8629948384410684,1.7961610072010215,1.829577922821045,74685131.0
2019-04-18,1.8379320792330536,1.8462863078085463,1.787806707780098,1.7961609363555908,53886197.0
2019-04-19,1.8128693061053078,1.8462862187961964,1.8045150779325856,1.8379319906234741,29283486.0
2019-04-22,1.8212235342780299,1.8379319906234743,1.8128693061053078,1.8379319906234741,9012383.0
2019-04-23,1.8379319906234743,1.8379319906234743,1.8379319906234743,1.8379319906234741,0.0
2019-04-24,1.829577922821045,1.8713490673460744,1.812869465011033,1.829577922821045,53349467.0
2019-04-25,1.8379321679109748,1.8462863968895487,1.7293269920089873,1.7710981369018555,66884095.0
2019-04-26,1.7794526392263936,1.812869556533465,1.7627439813923196,1.7878068685531616,52789468.0
2019-04-29,1.7794525788982576,1.787806807941795,1.6959100892823515,1.7209727764129639,85903262.0
2019-04-30,1.7209725750945826,1.7543894873596413,1.7042641189620533,1.7376810312271118,52606572.0
2019-05-01,1.7376810312271118,1.7376810312271118,1.7376810312271118,1.7376810312271118,0.0
2019-05-02,1.7376810771185325,1.7627437619792212,1.695909935684051,1.7042641639709473,55948939.0
2019-05-03,1.7209727764129639,1.746035463543576,1.7126185473694264,1.7209727764129639,46787803.0
2019-05-06,1.6875557073971548,1.7042641639709473,1.6541387942495698,1.7042641639709473,45866182.0
2019-05-07,1.6541388450136172,1.6708473021001773,1.6290761593837768,1.645784616470337,51971010.0
2019-05-08,1.6541388034820557,1.6792014884826305,1.6374303468150058,1.6541388034820557,57194113.0
2019-05-09,1.6541388450136172,1.6792015306434573,1.6207219308404968,1.645784616470337,84925786.0
2019-05-10,1.6708472601491056,1.6875557168161555,1.6290761184814808,1.6541388034820557,58613026.0
2019-05-13,1.6541388358410951,1.6541388358410951,1.5705964512812929,1.5956591367721558,45019999.0
2019-05-14,1.5956590699242457,1.6457845383962941,1.5956590699242457,1.6374303102493286,72100554.0
2019-05-15,1.6374304156493045,1.6457846443340243,1.5873049439507227,1.6123676300048828,74478936.0
2019-05-16,1.629076164796931,1.6541388505100505,1.6123676080645912,1.6207219362258911,60379169.0
2019-05-17,1.6123676080645912,1.6374303933679708,1.5956591509225115,1.6207219362258911,54119524.0
2019-05-20,1.6207219362258911,1.6374303933679708,1.5956591509225115,1.6207219362258911,62995630.0
2019-05-21,1.6290762794399312,1.6374305085988834,1.5538881174190953,1.5705965757369995,109570282.0
2019-05-22,1.5622421916253115,1.5873048766162974,1.528825278303997,1.553887963294983,64479925.0
2019-05-23,1.5455337762832642,1.5622422333906087,1.5288253191759198,1.5455337762832642,48123052.0
2019-05-24,1.562242182379447,1.6123675520647602,1.5538879540985613,1.6040133237838745,122929913.0
2019-05-27,1.6123676359063293,1.6207219642118886,1.5705964923298423,1.587304949760437,42688330.0
2019-05-28,1.5873048672221035,1.6207218799359024,1.578950638941218,1.6040133237838745,38207291.0
2019-05-29,1.5956591001498581,1.6040133284550728,1.570596415234214,1.5789506435394287,48000994.0
2019-05-30,1.5956591102156907,1.6457845799534405,1.5873048818577755,1.6290761232376099,97517423.0
2019-05-31,1.6374303061161408,1.6624929904937744,1.6123675221482523,1.6624929904937744,85613347.0
2019-06-03,1.6624930681984296,1.6708472967147827,1.6457846111657233,1.6708472967147827,31690755.0
2019-06-04,1.6708472967147827,1.6708472967147827,1.6708472967147827,1.6708472967147827,0.0
2019-06-05,1.6708472967147827,1.6708472967147827,1.6708472967147827,1.6708472967147827,0.0
2019-06-06,1.6708472967147827,1.6708472967147827,1.6708472967147827,1.6708472967147827,0.0
2019-06-07,1.6792016181375453,1.7710981369018555,1.6708473891589717,1.7710981369018555,80366695.0
2019-06-10,1.7627438228730998,1.8128693935065758,1.737681137146622,1.7961609363555908,125415678.0
2019-06-11,1.7961610978799294,1.812869556533465,1.7710982107190874,1.7878068685531616,69063165.0
2019-06-12,1.7878065484956729,1.8212234598203672,1.7710978936528228,1.80451500415802,85354378.0
2019-06-13,1.787806794039533,1.812869480975254,1.7460354499661346,1.7710981369018555,80184896.0
2019-06-14,1.7710979395190813,1.779452366747113,1.7376810273289867,1.7627437114715576,62566355.0
2019-06-17,1.754389629215419,1.8212236583300856,1.754389629215419,1.8128694295883179,80887449.0
2019-06-18,1.8128692620904174,1.871348857879639,1.8045150341205287,1.8713488578796387,107507029.0
2019-06-19,1.8629948194550479,1.9548913364735834,1.854640590635181,1.9047659635543823,95299966.0
2019-06-20,1.938182789387941,1.9799539315595636,1.8964116472163184,1.9465370178222656,112815425.0
2019-06-21,1.9465370178222654,1.9632454746909145,1.904765875650643,1.9465370178222656,70319840.0
2019-06-24,2.0050166058697605,2.038433516104174,1.9799537240134542,1.9966623783111572,69359601.0
2019-06-25,2.005016916634821,2.046788060902103,1.971599802040468,2.0300796031951904,79717784.0
2019-06-26,2.021725260507591,2.0384337172737266,1.9883083469753193,2.005016803741455,57141590.0
2019-06-27,2.030079447175979,2.030079447175979,1.9883083061189657,2.013370990753174,47655934.0
2019-06-28,2.013370990753174,2.0217252189645767,1.9966625343303686,2.013370990753174,39927687.0
2019-07-01,2.071850563013044,2.1804555284392673,2.071850563013044,2.1637470722198486,80067528.0
2019-07-02,2.1637471134771338,2.1888097982841455,2.138684428670122,2.15539288520813,62241768.0
2019-07-03,2.180455696699273,2.180455696699273,2.1136218666642073,2.1303303241729736,44633480.0
2019-07-04,2.138684469766873,2.155392926625949,2.1052675560487217,2.147038698196411,26227039.0
2019-07-05,2.1470386063104807,2.2305810862110436,2.1386843782384752,2.222226858139038,76286974.0
2019-07-08,2.172101300329558,2.255643780607162,2.1470386160004296,2.1637470722198486,112389472.0
2019-07-09,2.1470387941058915,2.1721014805140704,2.0718507348813557,2.080204963684082,89688133.0
2019-07-10,2.088559059056099,2.1888097982841455,2.0718506025180914,2.15539288520813,106408619.0
2019-07-11,2.188809756548977,2.1971641838391958,2.1470386160004296,2.1637470722198486,68760085.0
2019-07-12,2.155392904348649,2.1804555893782243,2.0467879358871546,2.0551421642303467,60861333.0
2019-07-15,2.0551421642303467,2.0551421642303467,2.0551421642303467,2.0551421642303467,0.0
2019-07-16,2.088559068108809,2.130330209634882,2.0802048398035944,2.1052675247192383,86914209.0
2019-07-17,2.1219763157282414,2.1804559230804443,2.0802051676195252,2.1804559230804443,55721910.0
2019-07-18,2.1804556304090705,2.255643886093172,2.1637471734082747,2.2472896575927734,41436521.0
2019-07-19,2.2723524152923944,2.31412355912156,2.255643957760728,2.2807066440582275,67193430.0
2019-07-22,2.2639982281271678,2.2890609148851904,2.2389355413691456,2.272352457046509,39239029.0
2019-07-23,2.2723522512906715,2.3224776202679887,2.263998023127785,2.3141233921051025,56407086.0
2019-07-24,2.305769512277539,2.3475406594023864,2.2807068240026305,2.339186429977417,38517270.0
2019-07-25,2.3475403047566474,2.3558945329195335,2.2807064794535576,2.3141233921051025,66754670.0
2019-07-26,2.322477971127478,2.3558948888273563,2.2974152828525694,2.339186429977417,36509487.0
2019-07-29,2.347540388854668,2.347540388854668,2.2807065611573307,2.297415018081665,56566787.0
2019-07-30,2.3057690964147524,2.3057690964147524,2.19716413347787,2.230581045150757,70918537.0
2019-07-31,2.2305814631034235,2.2890610694885254,2.2055187746526657,2.2890610694885254,57653862.0
2019-08-01,2.2389353558081684,2.2723522687159674,2.1888097872659578,2.2138726711273193,33782605.0
2019-08-02,2.2055184429003694,2.263998040489018,2.1888097872659578,2.2138726711273193,39668227.0
2019-08-05,2.21387268227167,2.230581138809678,2.147038656939126,2.15539288520813,42758568.0
2019-08-06,2.1553929574771202,2.222226985050568,2.147038728928004,2.188809871673584,52823351.0
2019-08-07,2.205518401995027,2.2723522265710705,2.1971641739230217,2.222226858139038,77138820.0
2019-08-08,2.2389352730689787,2.2639979568236437,2.205518361396092,2.230581045150757,58459987.0
2019-08-09,2.222226817232535,2.2472895009872,2.205518361396092,2.230581045150757,25822356.0
2019-08-12,2.230581045150757,2.230581045150757,2.230581045150757,2.230581045150757,0.0
2019-08-13,2.230581045150757,2.230581045150757,2.230581045150757,2.230581045150757,0.0
2019-08-14,2.230581045150757,2.230581045150757,2.230581045150757,2.230581045150757,0.0
2019-08-15,2.1971643105044962,2.2055185390958223,2.1219760540020403,2.1386845111846924,49526990.0
2019-08-16,2.147038751144737,2.1637472084158618,2.071850693424676,2.088559150695801,50995992.0
2019-08-19,2.1219759909758813,2.138684447662265,2.0300794792007713,2.0551421642303467,42864465.0
2019-08-20,2.038433666714491,2.080204807593782,2.0217252103627747,2.0634963512420654,64196238.0
2019-08-21,2.0718506627543025,2.0802048912661943,2.0384337487067365,2.046787977218628,27396254.0
2019-08-22,2.046787977218628,2.063496434242411,2.00501683465917,2.046787977218628,42557025.0
2019-08-23,2.0467879265827356,2.1052675247192383,2.0133710133618767,2.1052675247192383,46937286.0
2019-08-26,2.0551424290280766,2.0969135761260986,2.0384339701888683,2.0969135761260986,44882727.0
2019-08-27,2.1052676079669252,2.1136218366024875,2.071850693424676,2.088559150695801,25515410.0
2019-08-28,2.0885591771037673,2.1219760920685435,1.9715997755465255,1.9799540042877197,156478188.0
2019-08-29,1.9883082410531743,1.9883082410531743,1.8964115345544785,1.9214742183685303,109311280.0
2019-08-30,1.9214742183685305,1.9214742183685305,1.9214742183685305,1.9214742183685303,0.0
2019-09-02,1.9214744030993611,1.9966626609506324,1.913120174358167,1.9799540042877197,93322412.0
2019-09-03,1.988308150752554,2.021725060986967,1.9715994964548509,1.9966623783111572,66649532.0
2019-09-04,2.0217252916829533,2.0551422057305198,2.0217252916829533,2.046787977218628,57638446.0
2019-09-05,2.06349650607863,2.0885591924868083,2.0551422772759036,2.080204963684082,72007664.0
2019-09-06,2.0634967176027836,2.080205176920981,2.03007979896639,2.0384340286254883,83683005.0
2019-09-09,2.0551421642303467,2.088559077603114,2.0467879358871546,2.0551421642303467,92567831.0
2019-09-10,2.063496547701125,2.0885592346148396,2.055142318729887,2.0718507766723633,71254820.0
2019-09-11,2.080204799162959,2.130330168014956,2.080204799162959,2.113621711730957,60445682.0
2019-09-12,2.1219759721321143,2.1888097982841455,2.1219759721321143,2.15539288520813,80338221.0
2019-09-13,2.163747155055487,2.1721013834850247,2.1303302413373353,2.147038698196411,59069226.0
2019-09-16,2.130330126722745,2.1470385826828835,2.105267442782537,2.121975898742676,36039507.0
2019-09-17,2.1136218788949868,2.121976107697713,2.06349650607863,2.080204963684082,46999708.0
2019-09-18,2.046787945656795,2.0551421740398625,1.9715996910286675,2.005016803741455,109356146.0
2019-09-19,2.005016853180839,2.0133710817699044,1.9548912824659277,1.9632455110549927,104097388.0
2019-09-20,1.954891324043274,1.9799540103435116,1.938182866509782,1.954891324043274,97328817.0
2019-09-23,1.9548914509351731,1.9632456802441918,1.9047660750810622,1.9298287630081177,75739071.0
2019-09-24,1.9715997396440579,1.988308396002709,1.9548912824659277,1.9632455110549927,77231179.0
2019-09-25,1.9548912824659277,1.9715997396440579,1.9381828252877973,1.9632455110549927,60359429.0
2019-09-26,1.9632453958983695,1.971599623997407,1.92982848350222,1.9381827116012573,60821536.0
2019-09-27,1.938183155305938,2.0300798846136066,1.938183155305938,2.021725654602051,143715815.0
2019-09-30,2.030079447175979,2.046787903598785,1.9966625343303686,2.013370990753174,67071060.0
2019-10-01,2.0133708334283638,2.021725060986967,1.9632452688962476,1.9966623783111572,65308201.0
2019-10-02,1.988308396002709,2.005016853180839,1.9632455110549927,1.9632455110549927,56712617.0
2019-10-03,1.9715997815767656,2.0050168958242747,1.929828637743036,1.954891324043274,69376053.0
2019-10-04,1.9632455110549927,1.9632455110549927,1.9381828252877973,1.9632455110549927,38987719.0
2019-10-07,1.9465369397002947,1.988308279375991,1.92982848350222,1.9381827116012573,72392830.0
2019-10-08,1.9214745336990993,1.9381829923171363,1.8880576164630252,1.9298287630081177,93453133.0
2019-10-09,1.929828656394875,1.9465371140898546,1.862994825614957,1.8797032833099365,100092803.0
2019-10-10,1.8797032770947817,1.9131201923742491,1.8629948194550479,1.9047659635543823,83260335.0
2019-10-11,1.9131201923742491,1.929828650013983,1.8880575059146485,1.9047659635543823,34406820.0
2019-10-14,1.8713490461979827,1.8713490461979827,1.7460354148585338,1.7543896436691284,113643094.0
2019-10-15,1.8045150413837179,1.8295777253942616,1.8045150413837179,1.821223497390747,60473847.0
2019-10-16,1.7710979301891525,1.821223497390747,1.7460352461786086,1.821223497390747,13364511.0
2019-10-17,1.8212235342780299,1.8546404469689186,1.7961608497598633,1.8379319906234741,7014731.0
2019-10-18,1.9298287630081177,1.9465372216261547,1.9214745336990993,1.9298287630081177,19271969.0
2019-10-21,1.938182674244565,1.938182674244565,1.9047657624924959,1.9214742183685303,8760357.0
2019-10-22,1.913120180209544,1.9632455528100197,1.913120180209544,1.954891324043274,21761103.0
2019-10-23,1.9799538787270512,2.0217252189645767,1.9799538787270512,2.013370990753174,32908298.0
2019-10-24,2.0300795733716472,2.046788030833099,1.9883084297180176,1.9883084297180176,27359129.0
2019-10-25,1.988308150752554,2.0133708334283638,1.988308150752554,1.9966623783111572,9010162.0
2019-10-28,1.9966623783111572,2.0050166058697605,1.9715994964548509,1.9966623783111572,5271954.0
2019-10-30,1.9632455528100197,1.9715997815767656,1.946537095276528,1.954891324043274,11289426.0
2019-10-31,1.9632453580586169,1.9799538139346515,1.9131199904305132,1.9214742183685303,17587891.0
2019-11-01,1.9047660750810622,1.9298287630081177,1.8964118457720436,1.9298287630081177,10352087.0
2019-11-04,1.9381827844151511,1.9799539264796016,1.9381827844151511,1.9715996980667114,15110016.0
2019-11-05,1.9715997755465255,1.9883084322094382,1.9632455468053314,1.9799540042877197,15518187.0
2019-11-06,1.9799540018067672,2.0050168871794694,1.9715997730760413,1.9883084297180176,17251354.0
2019-11-07,2.0217252103627747,2.0634963512420654,2.013370982186917,2.0634963512420654,26434809.0
2019-11-08,2.0551424879436855,2.0634967176027836,2.0217255693072915,2.0384340286254883,23087804.0
2019-11-11,2.0217252916829533,2.063496434242411,2.0133710631710615,2.046787977218628,26961836.0
2019-11-12,2.0467880484731773,2.0969134212895346,2.0467880484731773,2.080204963684082,38708690.0
2019-11-13,2.0802049220602385,2.1136218366024875,2.0634964647891136,2.088559150695801,45553484.0
2019-11-14,2.0718507766723633,2.0885592346148396,2.046788089758649,2.0718507766723633,32788047.0
2019-11-15,2.088559150695801,2.1052676079669252,2.071850693424676,2.088559150695801,33559164.0
2019-11-18,2.096913296414024,2.113621753024453,2.088559068108809,2.1052675247192383,48191367.0
2019-11-19,2.1052675247192383,2.113621753024453,2.0802048398035944,2.1052675247192383,38111062.0
2019-11-20,2.0885593467064942,2.1219762643849114,2.0885593467064942,2.0969135761260986,50798241.0
2019-11-21,2.0885593467064942,2.105267805545703,2.08020511728689,2.0969135761260986,20089891.0
2019-11-22,2.0969135761260986,2.105267805545703,2.08020511728689,2.0969135761260986,17839752.0
2019-11-25,2.0969136362391776,2.0969136362391776,2.0384340286254883,2.0384340286254883,57408120.0
2019-11-26,2.0384338607874106,2.105267692557316,2.013371173873696,2.0718507766723633,53680752.0
2019-11-27,2.0634967176027836,2.0718509472618822,2.03007979896639,2.0384340286254883,33184998.0
2019-11-28,2.0300796031951904,2.038433832048647,2.0133711454882772,2.0300796031951904,17191394.0
2019-11-29,2.021725060986967,2.038433516104174,1.9966623783111572,1.9966623783111572,32270522.0
2019-12-02,1.9715996505156483,2.0217252189645767,1.9465369658814402,2.013370990753174,44602882.0
2019-12-03,2.005016762541771,2.030079447175979,1.9966625343303686,2.013370990753174,33184578.0
2019-12-04,2.005016762541771,2.0217252189645767,1.9883083061189657,2.013370990753174,20732048.0
2019-12-05,2.0133710225143875,2.0551421642303467,2.0050167941711954,2.0551421642303467,47233715.0
2019-12-06,2.046788089758649,2.0802050056436014,2.046788089758649,2.0718507766723633,46570071.0
2019-12-09,2.0634963925735383,2.080204849259922,2.0467879358871546,2.0551421642303467,26825689.0
2019-12-10,2.055142574648274,2.0718510346713854,2.013371424590495,2.021725654602051,33532188.0
2019-12-11,2.0217252189645767,2.030079447175979,2.005016762541771,2.013370990753174,17361209.0
2019-12-12,2.0217255693072915,2.046788258284587,2.013371339648193,2.0384340286254883,48803894.0
2019-12-13,2.063496518609016,2.080204976315929,2.021725374341734,2.0300796031951904,94907404.0
2019-12-16,2.0300795201948447,2.0551422057305198,2.0217252916829533,2.046787977218628,27696059.0
2019-12-17,2.0551422897555596,2.0551422897555596,2.021725374341734,2.0300796031951904,26739139.0
2019-12-18,2.0050171945789392,2.0300798846136066,2.0050171945789392,2.021725654602051,16612331.0
2019-12-19,2.021725260507591,2.030079488890659,1.9966625753583873,2.005016803741455,20110603.0
2019-12-20,2.005016803741455,2.021725260507591,1.9966625753583873,2.005016803741455,23455542.0
2019-12-23,2.005016803741455,2.013371032124523,2.005016803741455,2.005016803741455,8421232.0
2019-12-24,2.0217252916829533,2.0551422057305198,2.0217252916829533,2.046787977218628,46142842.0
2019-12-25,2.046788258284587,2.0551424879436855,2.03007979896639,2.0384340286254883,10496132.0
2019-12-26,2.0384337487067365,2.0718506627543025,2.0300795201948447,2.046787977218628,37951329.0
2019-12-27,2.0551424879436855,2.0551424879436855,2.03007979896639,2.0384340286254883,24153051.0
2019-12-30,2.0384338607874106,2.0802050056436014,2.0384338607874106,2.0718507766723633,71248069.0
2019-12-31,2.0718507348813557,2.0885591924868083,2.06349650607863,2.080204963684082,28008471.0
2020-01-02,2.0802048398035944,2.1219759813296677,2.0718506114983795,2.1052675247192383,73011823.0
2020-01-03,2.0802048912661943,2.0885591197780857,2.0217252916829533,2.046787977218628,64698494.0
2020-01-06,2.005016803741455,2.030079488890659,1.9883083469753193,2.005016803741455,40200673.0
2020-01-07,2.021725260507591,2.0384337172737266,2.005016803741455,2.005016803741455,25292296.0
2020-01-08,1.979954305363717,2.0300798846136066,1.979954305363717,2.021725654602051,40134193.0
2020-01-09,2.06349630288219,2.121975898742676,2.055142074902121,2.121975898742676,99569000.0
2020-01-10,2.1219760309062843,2.2639981145935697,2.1136218024058864,2.2472896575927734,183352816.0
2020-01-13,2.2807064794535576,2.3642487610824197,2.2807064794535576,2.3141233921051025,96168397.0
2020-01-14,2.3141233921051025,2.3308318484308748,2.2472895668020128,2.3141233921051025,68500848.0
2020-01-15,2.2974152989721115,2.3224779874228694,2.2639983810377675,2.2890610694885254,40373120.0
2020-01-16,2.2974149275308595,2.4060200924389634,2.2890606993979676,2.364248752593994,109786633.0
2020-01-17,2.3809574610506905,2.4812084084444783,2.372603232032919,2.4644999504089355,89055267.0
2020-01-20,2.4979169368743896,2.5396880831404087,2.472854249114778,2.4979169368743896,49503874.0
2020-01-21,2.464499583546853,2.5563960890627486,2.4477911279985087,2.5396876335144043,51437468.0
2020-01-22,2.5563961302287908,2.5981672697722997,2.5146249906852822,2.5313334465026855,58697956.0
2020-01-23,2.5146251045219397,2.5814589308171096,2.497916647948147,2.556396245956421,48539827.0
2020-01-24,2.581459087191399,2.6065217735702833,2.514625256847707,2.5731048583984375,46220817.0
2020-01-27,2.5062708762350434,2.5814589308171096,2.5062708762350434,2.556396245956421,40813450.0
2020-01-28,2.564750546851659,2.6232303456960158,2.564750546851659,2.589813232421875,68396630.0
2020-01-29,2.6232301526789095,2.6232301526789095,2.5062707627765803,2.5313334465026855,65727361.0
2020-01-30,2.497916534867879,2.5396876744113874,2.489562306959177,2.5313334465026855,45296255.0
2020-01-31,2.5313336544185523,2.5480421116083365,2.4812082828491997,2.489562511444092,38792231.0
2020-02-03,2.4812082100277446,2.497916666727149,2.4477912966289357,2.4561455249786377,36317222.0
2020-02-04,2.4895625825751986,2.5480421844103063,2.4812083537416116,2.522979497909546,46045927.0
2020-02-05,2.539687757020575,2.5898131261032282,2.5062708442988058,2.514625072479248,81744233.0
2020-02-06,2.564750546851659,2.6399388027428263,2.564750546851659,2.589813232421875,190815731.0
2020-02-07,2.639938716628284,2.673355629631849,2.5981673761933153,2.6148760318756104,117152332.0
2020-02-10,2.573104928778026,2.6482931891517545,2.5480422417136266,2.6065218448638916,94209528.0
2020-02-11,2.5731046697423436,2.5981673542836705,2.4728539315770366,2.514625072479248,220052814.0
2020-02-12,2.5146252086507497,2.5229794372835883,2.431082922322361,2.4394371509552,154633403.0
2020-02-13,2.414374237175225,2.4310826928638694,2.3558944430844644,2.3809571266174316,139985593.0
2020-02-14,2.3976657390594482,2.4644997653639718,2.3893115106689473,2.3976657390594482,173061490.0
2020-02-17,2.422728465019547,2.4310826928638694,2.3726028987731094,2.3809571266174316,105712557.0
2020-02-18,2.3642487191911243,2.372602947205985,2.3057691230871002,2.3224775791168213,135345033.0
2020-02-19,2.339186160392501,2.3642488457790023,2.2723523326951636,2.297415018081665,103706477.0
2020-02-20,2.2890606930460002,2.2890606930460002,2.13868438789072,2.1637470722198486,179102006.0
2020-02-21,2.1386847302135714,2.205518764969368,2.113622041872851,2.197164535522461,108764807.0
2020-02-24,2.13868438789072,2.1637470722198486,2.113621703561592,2.1637470722198486,69816850.0
2020-02-25,2.1888098403441005,2.1971642679541556,2.1136217844782594,2.147038698196411,80365568.0
2020-02-26,2.130330200401118,2.1637471134771338,2.1052675155941065,2.15539288520813,99620017.0
2020-02-27,2.1219759909758813,2.147038676005457,2.038433707543963,2.0551421642303467,95539000.0
2020-02-28,1.821223518214734,1.9799538520964444,1.8128692901156966,1.9381827116012573,117432678.0
2020-03-02,1.9715994964548509,2.0300792885455703,1.9465368137790409,1.9966623783111572,155647807.0
2020-03-03,2.0467878469220517,2.130330126722745,2.0384336189419825,2.121975898742676,149595676.0
2020-03-04,2.138684469766873,2.2055184963836933,2.1136217844782594,2.147038698196411,139536996.0
2020-03-05,2.1721012666230917,2.197164149743806,2.1136216707626065,2.121975898742676,136769358.0
2020-03-06,2.0885592051693855,2.1219761205832115,1.988308458927908,2.0300796031951904,141043999.0
2020-03-09,1.9632455652934504,1.979954022933184,1.854640590635181,1.9047659635543823,119394549.0
2020-03-10,1.9632455282830383,2.0217253281001923,1.8797032416592794,1.8880574703216553,174906889.0
2020-03-11,1.8880574703216553,1.8880574703216553,1.8880574703216553,1.8880574703216553,0.0
2020-03-12,1.862994932494072,1.8964118498011433,1.7710982107190874,1.7878068685531616,96352634.0
2020-03-13,1.7961608497598633,1.929828500523418,1.729326825197575,1.8379319906234741,164139805.0
2020-03-16,1.737681241555815,1.8045152733560228,1.6624931798586804,1.695910096168518,121695532.0
2020-03-17,1.720972783400896,1.737681241555815,1.595659247648739,1.695910096168518,192635431.0
2020-03-18,1.6624929904937744,1.7460352717525531,1.6457845342420188,1.6624929904937744,151027602.0
2020-03-19,1.6374303788471865,1.6959099783258664,1.5789506797782473,1.5956591367721558,222783277.0
2020-03-20,1.629076192927186,1.6457846503577809,1.5789507210451397,1.587304949760437,132706526.0
2020-03-23,1.5121166364173653,1.5538878752936347,1.4536370414169406,1.4703454971313477,191257104.0
2020-03-24,1.5371795372934758,1.60401336526911,1.5288253087965216,1.5956591367721558,165115840.0
2020-03-25,1.6207220940059177,1.645784782158932,1.5538881593409426,1.5622423887252808,205630542.0
2020-03-26,1.5538879684261142,1.637430351595525,1.545533740068199,1.6290761232376099,205203985.0
2020-03-27,1.6123677215317598,1.6374305085988834,1.5538881174190953,1.5705965757369995,128457988.0
2020-03-30,1.5789506435394287,1.5956591001498581,1.5538879586237848,1.5789506435394287,97924269.0
2020-03-31,1.5873048718446434,1.6040133284550728,1.5622421869289993,1.5789506435394287,136971791.0
2020-04-01,1.5538881593409426,1.5873050768782953,1.5455339299566044,1.5622423887252808,143839974.0
2020-04-02,1.5789506482859688,1.5789506482859688,1.528825278303997,1.553887963294983,145102631.0
2020-04-03,1.545533739763069,1.545533739763069,1.5121167267477476,1.528825283050537,101349358.0
2020-04-06,1.5455339299566044,1.570596618109619,1.528825471187928,1.5622423887252808,143602770.0
2020-04-07,1.587304949760437,1.6207219642118886,1.5789507210451397,1.587304949760437,258570295.0
2020-04-08,1.5789506435394287,1.5873048718446434,1.5538879586237848,1.5789506435394287,99492201.0
2020-04-09,1.595659247648739,1.712618554323437,1.595659247648739,1.695910096168518,345943410.0
2020-04-10,1.6959100128578308,1.754389613527267,1.6624930981895816,1.7126184701919556,242439507.0
2020-04-13,1.6708474089361398,1.720972783400896,1.6624931798586804,1.695910096168518,178605913.0
2020-04-14,1.7126183922578435,1.729326848831636,1.6875557073971548,1.7042641639709473,191533995.0
2020-04-15,1.7042642451270642,1.7042642451270642,1.6123676300048828,1.6123676300048828,198822289.0
2020-04-16,1.6290760821023629,1.6457845383962941,1.6040132980712112,1.6374303102493286,156038530.0
2020-04-17,1.687555753747489,1.6959099822638422,1.6624930681984296,1.6708472967147827,159658794.0
2020-04-20,1.679201602935791,1.7042642896446205,1.6541389162269617,1.679201602935791,130162282.0
2020-04-21,1.6708472186196524,1.6708472186196524,1.6457845342420188,1.6624929904937744,105550208.0
2020-04-22,1.670847374032848,1.6875558318387343,1.670847374032848,1.679201602935791,136290801.0
2020-04-24,1.6708473325563877,1.6959100186430707,1.6624931038608268,1.6875557899475098,90674619.0
2020-04-27,1.7042641882874932,1.787806671528959,1.7042641882874932,1.7794524431228638,166737422.0
2020-04-28,1.7878065947946367,1.7961608228421604,1.754389483424034,1.7627437114715576,108408417.0
2020-04-29,1.7710980155362523,1.787806671528959,1.7460353303179676,1.7794524431228638,84585554.0
2020-04-30,1.787806758092034,1.787806758092034,1.7126184996161542,1.7543896436691284,159551471.0
2020-05-04,1.7209726988590177,1.7376811561931425,1.6959100128578308,1.7126184701919556,104717963.0
2020-05-05,1.7293270826339722,1.7376813120503474,1.7042643943848468,1.7293270826339722,89560492.0
2020-05-06,1.729326799281463,1.7627437114715576,1.7126183431864157,1.7627437114715576,129094517.0
2020-05-07,1.7627437871301574,1.8045151283411487,1.7543895587240625,1.7794524431228638,148844871.0
2020-05-08,1.796160986902629,1.8295779021450083,1.7460354148585338,1.7543896436691284,195482683.0
2020-05-11,1.7710980514485923,1.8045151649310833,1.754389594297607,1.7961609363555908,137991417.0
2020-05-12,1.7961609721047824,1.837932115813621,1.7961609721047824,1.8128694295883179,125388983.0
2020-05-13,1.8379319533977763,1.8629946374083202,1.821223497390747,1.821223497390747,147428268.0
2020-05-14,1.8212236220820686,1.829577850657561,1.7710980514485923,1.7961609363555908,116754604.0
2020-05-15,1.8212234598203672,1.8379319154827143,1.7961607763268463,1.80451500415802,97871196.0
2020-05-18,1.821223497390747,1.8295777253942616,1.8128692693872324,1.821223497390747,70584499.0
2020-05-20,1.829577922821045,1.8379321517260507,1.812869465011033,1.829577922821045,93640380.0
2020-05-21,1.821223693916039,1.8379321517260507,1.812869465011033,1.829577922821045,64260372.0
2020-05-22,1.821223497390747,1.8379319533977763,1.8128692693872324,1.821223497390747,76495566.0
2020-05-27,1.8546404838562012,1.8713489405339632,1.8379320271784394,1.8546404838562012,175776388.0
2020-05-28,1.8629946708679197,1.8713488990214773,1.8379319864072472,1.86299467086792,170320605.0
2020-05-29,1.854640514938909,1.938182799727839,1.846286286460016,1.896411657333374,308468644.0
2020-06-01,1.9381825862204376,2.0050166058697605,1.9131199035446276,1.9966623783111572,166850496.0
2020-06-02,1.9883087345558277,2.0300798846136066,1.979954305363717,2.021725654602051,166498266.0
2020-06-03,2.0300796031951904,2.0551422897555596,2.021725374341734,2.0300796031951904,128200993.0
2020-06-04,2.0384341146251623,2.046788344636718,2.0050171945789392,2.021725654602051,83036242.0
2020-06-05,2.0300796031951904,2.038433832048647,2.005016916634821,2.0300796031951904,95803932.0
2020-06-08,2.038433675387382,2.0551421318101877,2.005016762541771,2.013370990753174,88780985.0
2020-06-09,2.021725060986967,2.0300792885455703,1.9799537240134542,1.9966623783111572,109153904.0
2020-06-10,2.005016803741455,2.021725260507591,1.9966625753583873,2.005016803741455,83288625.0
2020-06-11,1.9799540042877197,2.0133711184330205,1.9715997755465255,1.9799540042877197,125949243.0
2020-06-12,1.9632455443453154,1.9883084297180176,1.9548913156145893,1.9883084297180176,79570147.0
2020-06-15,1.9548911677993321,1.971599623997407,1.92982848350222,1.9381827116012573,101275219.0
2020-06-16,1.9715997396440579,1.988308396002709,1.9548912824659277,1.9632455110549927,119713390.0
2020-06-17,1.9715997396440579,1.988308396002709,1.9548912824659277,1.9632455110549927,94969797.0
2020-06-18,1.9632455110549927,1.979953968233123,1.9465370538768625,1.9632455110549927,98420872.0
2020-06-19,1.9715994964548509,2.0133708334283638,1.9548910413376441,1.9966623783111572,212782099.0
2020-06-22,2.0300795201948447,2.0718506627543025,2.0300795201948447,2.046787977218628,213359687.0
2020-06-23,2.0551422897555596,2.0551422897555596,2.021725374341734,2.0300796031951904,103330059.0
2020-06-24,2.0217253471742147,2.0217253471742147,1.9715997755465255,1.9799540042877197,94859499.0
2020-06-25,1.9715997730760413,2.0050168871794694,1.9632455443453154,1.9883084297180176,109472920.0
2020-06-26,1.9966626609506324,2.0133711184330205,1.9799540042877197,1.9799540042877197,45558624.0
2020-06-29,1.988308377635387,2.063496434242411,1.9799539499429764,2.046787977218628,159717486.0
2020-06-30,2.0718506627543025,2.0718506627543025,2.0300795201948447,2.046787977218628,121631364.0
2020-07-01,2.0467877436627773,2.063496198779984,1.9799537240134542,1.9966623783111572,178943523.0
2020-07-02,2.005016803741455,2.0384337172737266,1.9966625753583873,2.005016803741455,110749966.0
2020-07-03,2.0133710393116786,2.0133710393116786,1.9548912412409314,1.9715996980667114,140265591.0
2020-07-06,1.9883083469753193,2.005016803741455,1.9799539194117355,2.005016803741455,85784839.0
2020-07-07,2.005016762541771,2.030079447175979,1.9966625343303686,2.013370990753174,125491907.0
2020-07-08,2.0050168871794694,2.021725344640921,1.9715997730760413,1.9883084297180176,117636699.0
2020-07-09,1.9966626670575287,2.0050168958242747,1.946537095276528,1.954891324043274,116828813.0
2020-07-10,1.9381828788338498,1.9465371076537166,1.8797032770947817,1.9047659635543823,128172610.0
2020-07-13,1.9381825862204376,1.9966623783111572,1.9298283586618343,1.9966623783111572,235492220.0
2020-07-14,1.9883083540730084,2.0133710393116786,1.9548912412409314,1.9715996980667114,162189830.0
2020-07-16,1.9883084322094382,2.0217253471742147,1.9799540042877197,1.9799540042877197,173834185.0
2020-07-17,1.988308396002709,1.988308396002709,1.9632455110549927,1.9632455110549927,84167193.0
2020-07-20,1.9548912412409314,1.9799539264796016,1.9465370128280413,1.9715996980667114,87869700.0
2020-07-21,1.9799540042877197,2.0050168896918263,1.9548913180641374,1.9799540042877197,167505311.0
2020-07-22,1.979953968233123,1.988308396002709,1.9548912824659277,1.9632455110549927,101006467.0
2020-07-23,1.9632455110549927,1.979953968233123,1.9548912824659277,1.9632455110549927,77941077.0
2020-07-24,1.9465370128280413,1.9715996980667114,1.9465370128280413,1.9715996980667114,94273244.0
2020-07-27,1.9799540103435116,1.9799540103435116,1.954891324043274,1.954891324043274,89026957.0
2020-07-28,1.9465371140898546,1.9548913429373442,1.871349054462447,1.8797032833099365,160804350.0
2020-07-29,1.8880573214188638,1.904765777425893,1.7710979301891525,1.821223497390747,168905771.0
2020-07-30,1.8295780151870007,1.8462864738405362,1.7878068685531616,1.7878068685531616,74107787.0
2020-08-04,1.8128692403779871,1.8295776961176502,1.7126183067595044,1.7460352182388306,175843819.0
2020-08-05,1.7627437114715576,1.7961608228421604,1.7126183431864157,1.7627437114715576,177501661.0
2020-08-06,1.7627438421943293,1.787806727376039,1.6792015555237063,1.7126184701919556,240558724.0
2020-08-07,1.7126184701919556,1.7376811561931425,1.6290761835213323,1.7126184701919556,230423975.0
2020-08-10,1.695909935684051,1.7209726205447398,1.6792014791102585,1.7042641639709473,125675699.0
2020-08-11,1.7126182988346077,1.80451500415802,1.704264071003434,1.80451500415802,239473463.0
2020-08-12,1.8045151649310833,1.8128693935065758,1.7710980514485923,1.7961609363555908,146321532.0
2020-08-13,1.7961608228421604,1.8212235069847313,1.7627437114715576,1.7627437114715576,142217936.0
2020-08-14,1.7543896925871134,1.7543896925871134,1.7126185473694264,1.7209727764129639,114864259.0
2020-08-17,1.729326799281463,1.779452366747113,1.704264115138892,1.7627437114715576,169060850.0
2020-08-18,1.7543895587240625,1.8045151283411487,1.7460353303179676,1.7794524431228638,114672094.0
2020-08-19,1.7878067433630147,1.8212236583300856,1.7794525146212468,1.8128694295883179,140383090.0
2020-08-20,1.80451500415802,1.8128692319891935,1.7794523206644992,1.80451500415802,155513209.0
2020-08-21,1.8128693935065758,1.8629947649595313,1.7794524792046056,1.7961609363555908,325193871.0
2020-08-24,1.8045153272066972,1.8045153272066972,1.7794526392263936,1.7878068685531616,57315980.0
2020-08-25,1.7961611171455136,1.8128695759782638,1.7042643943848468,1.7293270826339722,359873659.0
2020-08-26,1.712618623801222,1.7460355414667224,1.7042643943848468,1.7293270826339722,227919326.0
2020-08-27,1.7460352592933766,1.7794523707389436,1.7376810312271118,1.7376810312271118,182525189.0
2020-08-28,1.7543896925871134,1.7543896925871134,1.704264318325889,1.7209727764129639,131239065.0
2020-08-31,1.7042643252459775,1.720972783400896,1.6875558670910586,1.695910096168518,117460023.0
2020-09-01,1.6959100892823515,1.729327005456501,1.6792016311952767,1.7209727764129639,111177540.0
2020-09-02,1.7209726988590177,1.7376811561931425,1.6959100128578308,1.7126184701919556,158680692.0
2020-09-03,1.720972783400896,1.7293270124783555,1.6792016380135992,1.695910096168518,160484861.0
2020-09-04,1.6875557073971548,1.7126183922578435,1.6792014791102585,1.7042641639709473,112484138.0
2020-09-07,1.704264318325889,1.7209727764129639,1.6959100892823515,1.7209727764129639,82377227.0
2020-09-08,1.712618554323437,1.720972783400896,1.695910096168518,1.695910096168518,56776165.0
2020-09-09,1.6959100128578308,1.7126184701919556,1.6959100128578308,1.7126184701919556,62511893.0
2020-09-10,1.720972853217597,1.7543897708830976,1.7042643943848468,1.7293270826339722,150790340.0
2020-09-11,1.7209727764129639,1.7376812345000385,1.7126185473694264,1.7209727764129639,57746394.0
2020-09-14,1.7126183922578435,1.729326848831636,1.695909935684051,1.7042641639709473,83338956.0
2020-09-15,1.7042641639709473,1.7209726205447398,1.695909935684051,1.7042641639709473,55122553.0
2020-09-16,1.7042642473386318,1.7126184760341927,1.6875557899475098,1.6875557899475098,44676413.0
2020-09-17,1.6875557073971548,1.7042641639709473,1.6792014791102585,1.7042641639709473,106881143.0
2020-09-18,1.7042641639709473,1.7126183922578435,1.695909935684051,1.7042641639709473,38538531.0
2020-09-21,1.6959099451496804,1.7042641734832054,1.6457845751485307,1.6541388034820557,118684577.0
2020-09-22,1.6541388396820764,1.6792015252311359,1.6457846111657233,1.6708472967147827,184552512.0
2020-09-23,1.6792015612519486,1.7042642473386318,1.6708473325563877,1.6875557899475098,119738863.0
2020-09-24,1.6792016181375453,1.7794525650609594,1.6792016181375453,1.7710981369018555,369671552.0
2020-09-25,1.8045152519966803,1.8212237099538275,1.7627439079232818,1.7710981369018555,220685296.0
2020-09-28,1.7627440002994725,1.7794526583127634,1.720972853217597,1.7293270826339722,151234764.0
2020-09-29,1.7376813120503474,1.7543897708830976,1.6959101649684718,1.7293270826339722,137692306.0
2020-09-30,1.7460353303179676,1.779452443122864,1.7376811019118727,1.7794524431228638,146841355.0
2020-10-01,1.787806671528959,1.8045151283411487,1.7710980155362523,1.7794524431228638,125690771.0
2020-10-02,1.779452443122864,1.7961608999350538,1.7710980155362523,1.7794524431228638,104460728.0
2020-10-05,1.787806671528959,1.7961608999350538,1.779452443122864,1.7794524431228638,57738286.0
2020-10-06,1.7961608999350538,1.8045151283411487,1.779452443122864,1.7794524431228638,147049117.0
2020-10-07,1.7794526392263936,1.7878068685531616,1.7627439813923196,1.7878068685531616,110207462.0
2020-10-08,1.787806794039533,1.7961610230181067,1.7543896789447082,1.7710981369018555,107372591.0
2020-10-09,1.7710982107190874,1.7961610978799294,1.7710982107190874,1.7878068685531616,101855588.0
2020-10-12,1.8045150413837179,1.8295777253942616,1.7961608133802032,1.821223497390747,139596847.0
2020-10-13,1.8212236583300856,1.8295778870718533,1.7961609721047824,1.8128694295883179,134533387.0
2020-10-14,1.8045150413837179,1.821223497390747,1.7961608133802032,1.821223497390747,109871532.0
2020-10-15,1.8128693935065758,1.8212236220820686,1.7794524792046056,1.7961609363555908,87870538.0
2020-10-16,1.7961610416620348,1.8462864160537718,1.7878068125967452,1.846286416053772,213989948.0
2020-10-19,1.8629946587099209,1.9548911677993321,1.8546404306108835,1.9381827116012573,248139115.0
2020-10-20,1.9298286294224116,1.9966626584487435,1.9298286294224116,1.9883084297180176,285021304.0
2020-10-21,2.0217253471742147,2.030079575915409,1.9548913180641374,1.9799540042877197,242086460.0
2020-10-22,1.99666268635532,2.00501691520281,1.871349054462447,1.8797032833099365,333726819.0
2020-10-23,1.879703168872844,1.9047658538894867,1.8295777988395585,1.8546404838562012,180577730.0
2020-10-26,1.8295776961176502,1.8379319239874818,1.7460352182388306,1.7460352182388306,205183608.0
2020-10-27,1.7627438228730998,1.8212236220820686,1.7460353657221146,1.7961609363555908,259241323.0
2020-10-28,1.7961610978799294,1.821223785860233,1.7794526392263936,1.7878068685531616,99282649.0
2020-10-30,1.7627437871301574,1.7961608999350538,1.7543895587240625,1.7794524431228638,167363152.0
2020-11-02,1.812869465011033,1.8546406095360626,1.8045152361060273,1.829577922821045,168142922.0
2020-11-03,1.846286202511846,1.9548911677993321,1.8295777463137715,1.9381827116012573,300208958.0
2020-11-04,1.9465370178222654,1.9799539315595636,1.9131201040849675,1.9465370178222656,308140958.0
2020-11-05,1.938182674244565,1.9632453580586169,1.8880573066164612,1.9214742183685303,198101531.0
2020-11-06,1.9131201040849675,1.95489124625659,1.904765875650643,1.9465370178222656,248168864.0
2020-11-09,2.030079438538633,2.113621720297214,2.005016754011059,2.0634963512420654,595724223.0
2020-11-10,2.0133711216116086,2.1303303241729736,2.0050168928572254,2.1303303241729736,508946563.0
2020-11-11,2.1553931834475466,2.339186429977417,2.147038954022577,2.339186429977417,558893880.0
2020-11-12,2.4227287196745064,2.4895625494540434,2.3057693183797925,2.330832004547119,108299041.0
2020-11-13,2.3475402864529378,2.456145450904178,2.2974149178664467,2.4227285385131836,717321092.0
2020-11-16,2.464499808044886,2.48120826511525,2.380957323512548,2.3893115520477295,382550724.0
2020-11-17,2.3893114195791467,2.3893114195791467,2.222226858139038,2.222226858139038,453923338.0
2020-11-18,2.2472898738969156,2.447791576385498,2.230581415287912,2.447791576385498,125600406.0
2020-11-19,2.439437303877802,2.6566474611285282,2.3809575006014465,2.598167657852173,677430933.0
2020-11-20,2.589813232421875,2.6482930312662316,2.531333632758038,2.589813232421875,730849344.0
2020-11-23,2.564750493524767,2.573104721874469,2.4310828399295312,2.4561455249786377,337722936.0
2020-11-24,2.472853858081647,2.5981672770638555,2.4310827184209107,2.481208086013794,825629966.0
2020-11-25,2.5146253529985074,2.5647507276729016,2.4895626656613103,2.5062711238861084,396469883.0
2020-11-26,2.5396879432265917,2.581459087191399,2.506271028054746,2.5731048583984375,493615413.0
2020-11-27,2.589813254582797,2.6065217117725807,2.4812082828491997,2.489562511444092,358528479.0
2020-11-30,2.447791306405086,2.4644997631712213,2.3809572801600263,2.406020164489746,313614182.0
2020-12-01,2.4394373321019627,2.5062711661275934,2.3976659866554066,2.4979169368743896,309349411.0
2020-12-02,2.489562313945941,2.5062707698102358,2.439436946353058,2.481208086013794,322994539.0
2020-12-03,2.4812084084444783,2.497916866480021,2.439437263355621,2.4644999504089355,218050822.0
2020-12-04,2.4645000349945017,2.4812084936035057,2.4394373470809962,2.447791576385498,133682248.0
2020-12-07,2.4143742787267146,2.439436962691012,2.372602939605713,2.372602939605713,166720172.0
2020-12-08,2.3726030949773658,2.4227286653689766,2.364248866442184,2.3893115520477295,159817495.0
2020-12-09,2.389311772073447,2.4895627229080075,2.389311772073447,2.447791576385498,265993967.0
2020-12-10,2.4477914923733928,2.514625324515564,2.4227288053200784,2.4644999504089355,314176561.0
2020-12-11,2.439437290986916,2.5146253529985074,2.414374603649719,2.5062711238861084,364355796.0
2020-12-14,2.531333561095732,2.6148760431452085,2.522979332808836,2.556396245956421,326127996.0
2020-12-15,2.5647504631897506,2.639938716628284,2.539687778437077,2.6148760318756104,311466995.0
2020-12-16,2.6566471845796897,2.6733556411534822,2.531333561095732,2.556396245956421,370277919.0
2020-12-17,2.5898133159843604,2.598167544777322,2.548042172019553,2.5731048583984375,153823929.0
2020-12-18,2.5647506296054763,2.5898133159843604,2.5563964008125146,2.5731048583984375,112565363.0
2020-12-21,2.539687757020575,2.5480419852010168,2.4644997033965947,2.514625072479248,167249981.0
2020-12-22,2.5229791779660595,2.5647503168369212,2.5146249501918874,2.5396876335144043,199173660.0
2020-12-23,2.5563962873669266,2.5647505157891515,2.514625145255804,2.548042058944702,185350708.0
2020-12-24,2.5480418612885765,2.6232301104366287,2.5313334057402317,2.5396876335144043,309456376.0
2020-12-25,2.5396879555767193,2.5480421844103063,2.514625269075959,2.522979497909546,47395463.0
2020-12-28,2.531333726743133,2.5396879555767193,2.506271040242372,2.522979497909546,73778475.0
2020-12-29,2.522979332808836,2.556396245956421,2.5062708762350434,2.556396245956421,96216710.0
2020-12-30,2.564750546851659,2.5981674609452803,2.556396318328254,2.589813232421875,222176537.0
2020-12-31,2.5898132740679034,2.6065217313833977,2.564750588094662,2.5814590454101562,183139235.0
2021-01-04,2.581459087191399,2.6482931167156165,2.5647506296054763,2.5731048583984375,285252300.0
2021-01-05,2.548042058944702,2.606521657900274,2.5229793736780284,2.548042058944702,301749025.0
2021-01-06,2.564750342995839,2.6399385929107666,2.564750342995839,2.6399385929107666,313502020.0
2021-01-07,2.6733556835445342,2.7568979677382157,2.6650014551251657,2.7485437393188477,286782317.0
2021-01-08,2.773606538772583,2.8070234538259053,2.73183539495593,2.773606538772583,202126741.0
2021-01-11,2.748543707454252,2.773606392421798,2.6566471959065825,2.706772565841675,175029186.0
2021-01-12,2.731835449129973,2.748543906987974,2.690064304484972,2.7151269912719727,118507039.0
2021-01-13,2.731835407084111,2.748543864684951,2.690064263082012,2.7234811782836914,111027909.0
2021-01-14,2.7234810641811933,2.7401895210820184,2.6733556934787184,2.698418378829956,127932010.0
2021-01-15,2.66500131785527,2.6817097738333806,2.5981672947623196,2.631584405899048,118102276.0
2021-01-18,2.6065217472486197,2.698418462223713,2.5731048324142307,2.6817100048065186,148900221.0
2021-01-19,2.70677269093231,2.715126919640907,2.6566473186807267,2.6817100048065186,152122535.0
2021-01-20,2.706772491751591,2.706772491751591,2.648292895094693,2.6733555793762207,129592511.0
2021-01-21,2.6733559019752895,2.748543963892962,2.6482932146693985,2.6566474437713623,314299709.0
2021-01-22,2.6482930312662316,2.6482930312662316,2.564750546851659,2.589813232421875,164099011.0
2021-01-25,2.614876085503016,2.631584542347465,2.531333602100253,2.548042058944702,146903738.0
2021-01-26,2.531333726743133,2.5898133285782405,2.4895625825751986,2.522979497909546,205327373.0
2021-01-27,2.514625133469629,2.5480420470019003,2.406020164489746,2.406020164489746,237779427.0
2021-01-28,2.372602970746183,2.4477912228064294,2.3642487426484347,2.4227285385131836,341151844.0
2021-01-29,2.3893113544617544,2.414374237175225,2.3726028987731094,2.3809571266174316,221286397.0
2021-02-01,2.3976657369261622,2.43108284963895,2.3642488233938908,2.406020164489746,184844485.0
2021-02-02,2.422728621255882,2.447791306405086,2.3893115085430945,2.406020164489746,171441310.0
2021-02-03,2.414374334313941,2.514625072479248,2.414374334313941,2.514625072479248,220153946.0
2021-02-04,2.522979553533335,2.522979553533335,2.4477914923733928,2.4644999504089355,214093985.0
2021-02-05,2.481208135197423,2.506270819490669,2.4227285385131836,2.4227285385131836,145922893.0
2021-02-08,2.456145608220878,2.456145608220878,2.397665808610484,2.4394371509552,141370739.0
2021-02-09,2.439436986720508,2.5146250393540344,2.4310827586501165,2.472853899002075,364908820.0
2021-02-10,2.4895627229080075,2.4979169522125093,2.4227288884719926,2.447791576385498,195172022.0
2021-02-11,2.4477912228064294,2.4644996790019262,2.414374310415435,2.4227285385131836,127535661.0
2021-02-12,2.414374392872814,2.43108284963895,2.3893115085430945,2.406020164489746,101524983.0
2021-02-15,2.431082922322361,2.447791379588039,2.414374465056684,2.4394371509552,132617964.0
2021-02-16,2.4477911485525143,2.4644996042411593,2.3642486709287867,2.3809571266174316,239416515.0
2021-02-17,2.389311605604214,2.397665834326656,2.330832004547119,2.330832004547119,197421128.0
2021-02-18,2.3308319319303337,2.3642488457790023,2.2807065611573307,2.297415018081665,169703484.0
2021-02-19,2.2974149275308595,2.372602980726886,2.2639980149992924,2.364248752593994,201526051.0
2021-02-22,2.3642488032772753,2.37260303158926,2.305769205093384,2.305769205093384,132865308.0
2021-02-23,2.3141236016432125,2.330832059481894,2.255643999207827,2.272352457046509,184156094.0
2021-02-24,2.25564377042706,2.2890606827150815,2.222226858139038,2.222226858139038,168465558.0
2021-02-25,2.2639983122528387,2.2723525414826056,2.1888100500043963,2.2556440830230713,132588598.0
2021-02-26,2.19716421467342,2.263998040489018,2.1721013308120583,2.2138726711273193,182601322.0
2021-03-01,2.2472897173226976,2.330832004547119,2.2222270311553713,2.330832004547119,134425025.0
2021-03-02,2.3224777034681665,2.3224777034681665,2.2807065611573307,2.297415018081665,174096375.0
2021-03-03,2.3141236016432125,2.3642489751592572,2.2639982281271678,2.272352457046509,190004366.0
2021-03-04,2.255643794964899,2.3224776202679887,2.2389353386391266,2.3141233921051025,170539939.0
2021-03-05,2.2890607076164438,2.3141233921051025,2.263998023127785,2.3141233921051025,132841212.0
2021-03-08,2.305769458401675,2.3141236876314424,2.2556440830230713,2.2556440830230713,168873567.0
2021-03-09,2.2807066440582275,2.305769330355727,2.2639981865265613,2.2807066440582275,117296014.0
2021-03-10,2.2890608609349083,2.3475404619920033,2.2807066322124663,2.330832004547119,133950511.0
2021-03-11,2.3475405173205757,2.3475405173205757,2.255643999207827,2.272352457046509,113121969.0
2021-03-12,2.2723526105213536,2.3141237579392833,2.2639983810377675,2.2890610694885254,172369581.0
2021-03-15,2.2807065715943655,2.289060800094764,2.2389354290923755,2.2472896575927734,111514557.0
2021-03-16,2.255643803422002,2.289060716198837,2.2472895752277933,2.263998031616211,103860878.0
2021-03-17,2.2639981145935697,2.297415028595162,2.2389354290923755,2.2472896575927734,190106458.0
2021-03-18,2.2556438757708293,2.339186160392501,2.247289647308662,2.297415018081665,301107895.0
2021-03-19,2.289060725169867,2.297414953396817,2.2055184429003694,2.2138726711273193,153621404.0
2021-03-22,2.0300792885455703,2.0551419712213805,1.9966623783111572,1.9966623783111572,100523681.0
2021-03-23,1.8379321517260507,1.9298286696811155,1.8045152361060273,1.829577922821045,363585890.0
2021-03-24,1.8629946708679197,1.9298284960963799,1.8212235301001323,1.86299467086792,266352448.0
2021-03-25,1.8713488268074085,1.888057282469756,1.80451500415802,1.80451500415802,189579489.0
2021-03-26,1.829577922821045,1.8546406095360626,1.7878067782960154,1.829577922821045,183224555.0
2021-03-29,1.829577922821045,1.8462863806310568,1.821223693916039,1.829577922821045,115716246.0
2021-03-30,1.829577922821045,1.8546406095360626,1.8045152361060273,1.829577922821045,169916143.0
2021-03-31,1.8379319906234743,1.8462862187961964,1.8212235342780299,1.8379319906234741,99176357.0
2021-04-01,1.8629941662826848,1.931675910949707,1.854408948199307,1.931675910949707,135042632.0
2021-04-02,1.9488462298255844,1.9660166649589412,1.914505359558871,1.9230905771255493,102711152.0
2021-04-05,1.914505359558871,1.9230905771255493,1.888749706858836,1.9230905771255493,58137554.0
2021-04-06,1.9145052557324993,1.9230904728335891,1.8715791702270508,1.8715791702270508,143671382.0
2021-04-07,1.8715792834253815,1.8973349362864242,1.8286531953236436,1.8887497186660767,218971143.0
2021-04-08,1.8973348215303198,1.8973348215303198,1.8629939531259612,1.8715791702270508,120738881.0
2021-04-09,1.86299418518939,1.8801646215304009,1.785727016967095,1.8028974533081055,183574577.0
2021-04-12,1.8028975850665687,1.8114828038644948,1.7599714910769384,1.7771419286727905,194277219.0
2021-04-13,1.7771416872375065,1.802897340132226,1.7256303814480678,1.7857269048690796,256728041.0
2021-04-14,1.8028973524527885,1.8544088632819784,1.8028973524527885,1.8458236455917358,241958893.0
2021-04-15,1.8629942969572673,1.9230908277562166,1.8372386409005745,1.897335171699524,567211895.0
2021-04-16,1.8801643923696452,1.8801643923696452,1.8372383067490938,1.8544087409973145,208680052.0
2021-04-19,1.8458236329778255,1.8629940682409718,1.7857269048690796,1.7857269048690796,143531716.0
2021-04-20,1.7943122281269568,1.845823741636473,1.7943122281269568,1.8200678825378418,204253455.0
2021-04-21,1.8114828038644948,1.8114828038644948,1.7599714910769384,1.7771419286727905,226567837.0
2021-04-22,1.7513860343427872,1.802897340132226,1.7513860343427872,1.7857269048690796,180487480.0
2021-04-26,1.785727016967095,1.8028974533081055,1.7685565806260841,1.8028974533081055,198730080.0
2021-04-27,1.811482557763799,1.811482557763799,1.7685564696059335,1.7857269048690796,168482048.0
2021-04-28,1.785727016967095,1.811482671478611,1.7771417987965894,1.8028974533081055,181883144.0
2021-04-29,1.8200678896491163,1.8286533125073687,1.8028974533081055,1.8028974533081055,156728681.0
2021-04-30,1.811482671478611,1.8200678896491163,1.7943122351376002,1.8028974533081055,133865245.0
2021-05-03,1.8028974462639185,1.8286533053625496,1.8028974462639185,1.8200678825378418,156483315.0
2021-05-04,1.8286530731494193,1.8286530731494193,1.7771415661811376,1.7943120002746582,193189904.0
2021-05-05,1.7943121225006526,1.802897340132226,1.7685564696059335,1.7857269048690796,115308868.0
2021-05-06,1.7857269048690796,1.802897340132226,1.7771416872375065,1.7857269048690796,232356516.0
2021-05-07,1.802897358516906,1.8458236518002378,1.7857269230786676,1.8286532163619995,412056877.0
2021-05-10,1.8372384279014935,1.8544088632819784,1.8200677878332732,1.8458236455917358,244014915.0
2021-05-11,1.8286533053625496,1.8372385234995112,1.8114826644008801,1.8200678825378418,161440622.0
2021-05-12,1.811482548713684,1.8200677663023657,1.8028973311250025,1.811482548713684,63594855.0
2021-05-17,1.8200677939551442,1.8372384340811185,1.811482576236025,1.8286532163619995,141849514.0
2021-05-18,1.8458236455917358,1.8629940809722207,1.8372384279014935,1.8458236455917358,116855098.0
2021-05-20,1.8458237505468766,1.880164623260498,1.8286533141900658,1.880164623260498,237033291.0
2021-05-21,1.8887496094937555,1.8973348266178658,1.8544087409973145,1.8544087409973145,230435253.0
2021-05-24,1.8629939581214248,1.8715791752455349,1.8458235238732041,1.8544087409973145,138073139.0
2021-05-25,1.871579396047358,1.8887498323212812,1.8200678825378418,1.8200678825378418,272096425.0
2021-05-26,1.8372385393970148,1.8715794122420106,1.8028974618642708,1.8629941940307617,307754292.0
2021-05-27,1.8544087409973145,1.8715791752455349,1.8372383067490938,1.8544087409973145,501971415.0
2021-05-28,1.8544087409973145,1.8544087409973145,1.8200676678131513,1.8544087409973145,290548323.0
2021-05-31,1.8544088632819784,1.871579298662463,1.8372384279014935,1.8458236455917358,205178682.0
2021-06-01,1.854409078271703,1.9145056090706525,1.8458238595861387,1.897335171699524,327502036.0
2021-06-02,1.8801647343283956,1.9059203903850883,1.8715795156428314,1.897335171699524,306447126.0
2021-06-03,1.8973349362864242,1.9145053715271194,1.8544088481846863,1.8887497186660767,332086477.0
2021-06-04,1.8887499530139598,1.9059203903850883,1.8715795156428314,1.897335171699524,165003087.0
2021-06-07,1.9059201419921925,1.9402610122589061,1.8973349244255142,1.9230905771255493,189035086.0
2021-06-08,1.931675910949707,1.9574315651998404,1.9145054747829515,1.931675910949707,264762585.0
2021-06-09,1.940261122126625,1.9574315582322614,1.9230906860209884,1.9488463401794434,189776091.0
2021-06-10,1.9488463333635946,1.9746019874319722,1.940261115340802,1.9660167694091797,235538524.0
2021-06-11,1.974601994337898,1.9917724304435347,1.9488463401794434,1.9488463401794434,228770895.0
2021-06-14,1.9574315651998404,1.9660167832832183,1.9230906928663294,1.931675910949707,236482328.0
2021-06-15,1.9230906928663294,1.9488463471164628,1.897335038616196,1.931675910949707,257779205.0
2021-06-16,1.9316757976705117,1.9402610152504267,1.9059201449307661,1.9145053625106812,117980109.0
2021-06-17,1.9059202850870067,1.9145055032982556,1.8544089758195128,1.8629941940307617,239063882.0
2021-06-18,1.871579298662463,1.888749734042948,1.8372384279014935,1.8458236455917358,187902817.0
2021-06-21,1.8458235238732041,1.8544087409973145,1.8286530896249837,1.8544087409973145,175368990.0
2021-06-22,1.862994065805034,1.8887497186660767,1.8458236305643387,1.8887497186660767,202412285.0
2021-06-23,1.8973348215303198,1.9059200386314097,1.8629939531259612,1.8715791702270508,154628102.0
2021-06-24,1.8801646024494403,1.940261129033085,1.8801646024494403,1.931675910949707,279513543.0
2021-06-25,1.9402612651273452,1.9402612651273452,1.8973351716995241,1.897335171699524,150322237.0
2021-06-28,1.905920043741976,1.9145052608660862,1.8544087409973145,1.8544087409973145,207155091.0
2021-06-29,1.8544087409973145,1.8629939581214248,1.8458235238732041,1.8544087409973145,168030673.0
2021-06-30,1.8629939581214248,1.8715791752455349,1.8372383067490938,1.8544087409973145,214569514.0
2021-07-01,1.8629941869036872,1.8887498414389032,1.8458237505468766,1.880164623260498,137724964.0
2021-07-02,1.8887498414389032,1.8887498414389032,1.8629941869036872,1.880164623260498,114983342.0
2021-07-05,1.8801644921910206,1.9145053625106812,1.8715792746111053,1.9145053625106812,115947085.0
2021-07-06,1.9230905830823555,1.9316758006756267,1.8887497127092705,1.905920147895813,221562920.0
2021-07-07,1.8973350285301347,1.9574315547943115,1.8973350285301347,1.9574315547943115,275216901.0
2021-07-08,1.9488463471164628,1.9660167832832183,1.9230906928663294,1.931675910949707,183930721.0
2021-07-09,1.9316759006810929,1.9746019908697907,1.9316759006810929,1.9574315547943115,169226831.0
2021-07-12,1.9660167762850798,1.9831872123907164,1.9316759040738067,1.9488463401794434,193143997.0
2021-07-13,1.9488463401794434,1.9574315582322614,1.9230906860209884,1.9488463401794434,150642078.0
2021-07-14,1.948846206720035,2.0003575115093866,1.948846206720035,1.9917722940444946,167786401.0
2021-07-16,1.9917722997941076,2.000357517283782,1.9574314298354087,1.9746018648147583,90766373.0
2021-07-19,1.9574315582322614,1.9660167762850798,1.9316759040738067,1.9488463401794434,52070962.0
2021-07-26,1.9488463436326056,1.9660167797686665,1.9316759074965448,1.9402611255645752,79791888.0
2021-07-27,1.940261122126625,1.9574315582322614,1.9145054679681701,1.9488463401794434,155928541.0
2021-07-28,1.9488463436326056,1.9660167797686665,1.9402611255645752,1.9402611255645752,149018099.0
2021-07-29,1.9574316623201744,1.9831873178482058,1.9488464438108306,1.9831873178482056,156136920.0
2021-07-30,1.9746017576562256,2.0518689155578613,1.966016540632457,2.0518689155578613,283785446.0
2021-08-02,2.0690398172753186,2.1119659120968466,2.0432841603824015,2.077625036239624,264369420.0
2021-08-03,2.077624784582906,2.129136092129323,2.0604543487341003,2.1119656562805176,337638894.0
2021-08-04,2.1205508775414716,2.137721313417294,2.094795223727738,2.1033804416656494,170720913.0
2021-08-05,2.086209992817948,2.163476953778709,2.06903955704889,2.137721300125122,249773371.0
2021-08-06,2.1463065246283977,2.1720621783614096,2.1119656529843818,2.1205508708953857,163508808.0
2021-08-09,2.1291363411839783,2.1463067790412875,2.086210246540706,2.0947954654693604,249997720.0
2021-08-10,2.094795210702477,2.15489173589418,2.094795210702477,2.137721300125122,256639297.0
2021-08-11,2.1377215689897637,2.1377215689897637,2.0690398172753186,2.077625036239624,198064703.0
2021-08-12,2.0947954361149885,2.1634771865817877,2.086210217306639,2.1548919677734375,320657493.0
2021-08-13,2.15489173589418,2.163476953778709,2.129136082240593,2.137721300125122,146646121.0
2021-08-16,2.1463065019188003,2.20640302665996,2.1377212840986344,2.180647373199463,229325050.0
2021-08-17,2.180647354411488,2.232158660888672,2.154891701172896,2.232158660888672,175047117.0
2021-08-18,2.249329099548666,2.266499739752978,2.2149882285155162,2.2235734462738037,325945293.0
2021-08-19,2.20640302665996,2.20640302665996,2.1720621553792974,2.180647373199463,123231789.0
2021-08-20,2.1720621553792974,2.197817808839794,2.1634769375591314,2.180647373199463,122820181.0
2021-08-23,2.197817796117993,2.2235734494294066,2.189232578347522,2.2149882316589355,114586002.0
2021-08-24,2.2321586671998777,2.2321586671998777,2.2064030138884645,2.2149882316589355,161413947.0
2021-08-25,2.2149882412371187,2.2321586768523103,2.180647370006735,2.189232587814331,165126003.0
2021-08-26,2.189232594250264,2.2149882477487686,2.1720621585845947,2.1720621585845947,157836735.0
2021-08-27,2.1806473668389508,2.197817802429199,2.163476931248702,2.197817802429199,178057035.0
2021-08-31,2.214988246119858,2.2664997577667236,2.214988246119858,2.2664997577667236,346428774.0
2021-09-01,2.283670165695321,2.292255383417615,2.240743872396114,2.249329090118408,221963298.0
2021-09-02,2.2493291174259427,2.275084975593245,2.2493291174259427,2.2664997577667236,114060938.0
2021-09-03,2.266499974552918,2.266499974552918,2.2235736766267586,2.240744113922119,117419471.0
2021-09-06,2.2579145273332655,2.352351922897713,2.2493291048669417,2.3008406162261963,224006198.0
2021-09-07,2.29225539302784,2.29225539302784,2.2235734462738037,2.2235734462738037,183026749.0
2021-09-08,2.2321586834144385,2.240743901247273,2.16347694075176,2.1720621585845947,213804754.0
2021-09-09,2.163476931248702,2.197817802429199,2.1463064956584534,2.197817802429199,266509474.0
2021-09-10,2.2064030465896716,2.223573482385098,2.129136085510254,2.129136085510254,243468025.0
2021-09-13,2.1463065246283977,2.1720621783614096,2.1205508708953857,2.1205508708953857,281494887.0
2021-09-14,2.129136085510254,2.1720621749988194,2.1205508676125406,2.129136085510254,258074324.0
2021-09-15,2.1291360888063897,2.1548917425394016,2.103380435073378,2.1205508708953857,232604421.0
2021-09-16,2.1291360888063897,2.1463065246283977,2.1119656529843818,2.1205508708953857,163978639.0
2021-09-17,2.137721313417294,2.137721313417294,2.094795223727738,2.1033804416656494,197165360.0
2021-09-20,2.0776248115041627,2.0862100295398105,2.0175280805668856,2.0432839393615723,226634882.0
2021-09-21,2.0604543754328675,2.0690395934685153,2.034698516638181,2.0432839393615723,198319813.0
2021-09-22,2.060454589754742,2.0947954654693604,2.043284151897433,2.0947954654693604,168462254.0
2021-09-23,2.094795000676704,2.120550651748009,2.043283698534093,2.0518689155578613,369501062.0
2021-09-24,2.043283803521576,2.051869020986468,1.9660166416498188,1.9917722940444946,237067757.0
2021-09-27,2.0175280537915468,2.026113271713257,1.9831871821047062,2.026113271713257,238750294.0
2021-09-28,2.026113278383468,2.026113278383468,1.991772406583573,2.0089428424835205,307279314.0
2021-09-29,2.0261132684203678,2.05186912683138,2.0261132684203678,2.034698486328125,240320702.0
2021-09-30,2.043283929226981,2.077624801199242,2.017528070560042,2.0690395832061768,277560531.0
2021-10-01,2.0518689155578613,2.06045413258163,2.0261130597988366,2.0518689155578613,268085015.0
2021-10-04,2.05186915739722,2.0690395934685153,2.034698516638181,2.0432839393615723,211864501.0
2021-10-05,2.0432839089236228,2.05186912683138,2.0175280505126105,2.034698486328125,134268498.0
2021-10-06,2.034698489634967,2.043283912244418,2.0089428358698367,2.026113271713257,230951480.0
2021-10-07,2.0518689155578613,2.06045413258163,2.034698276822605,2.0518689155578613,108638291.0
2021-10-08,2.05186912683138,2.0690395626468945,2.034698486328125,2.034698486328125,193094439.0
2021-10-11,2.0432841603824015,2.077625036239624,2.03469873673033,2.077625036239624,160647732.0
2021-10-12,2.060454358540129,2.1033804483664356,2.051869140574868,2.086210012435913,279921550.0
2021-10-13,2.086209783652935,2.094795000676704,2.043283698534093,2.0518689155578613,214151953.0
2021-10-14,2.0518689155578613,2.0690393496053985,2.043283698534093,2.0518689155578613,169554512.0
2021-10-15,2.060454351465039,2.069039569400821,1.9917724032910433,2.0175280570983887,241762008.0
2021-10-18,2.0089428391626067,2.0175280570983887,1.9831871853552616,2.0175280570983887,217918665.0
2021-10-19,2.0346985065461727,2.0862100191923076,2.0261132885531072,2.0690395832061768,228668576.0
2021-10-20,2.0690395666585033,2.1119656562805176,2.0604543487341003,2.1119656562805176,277805664.0
2021-10-21,2.111965646471535,2.15489173589418,2.060454339164361,2.137721300125122,544580367.0
2021-10-22,2.1377212717246947,2.240743884970349,2.1119656184132816,2.2149882316589355,405033930.0
2021-10-25,2.1978177929989418,2.2579145219946906,2.180647357482367,2.2235734462738037,427482057.0
2021-10-26,2.2407438786348695,2.2579145188150007,2.214988225396277,2.232158660888672,160638924.0
2021-10-27,2.2407438932968544,2.2922554047988335,2.232158675494481,2.28367018699646,353854542.0
2021-10-28,2.2836701652560385,2.343766689300537,2.275084947535396,2.343766689300537,131048455.0
2021-11-01,2.378107774539716,2.421033867012178,2.3609373375507308,2.4038634300231934,251051127.0
2021-11-02,2.4296188354492188,2.463959705892811,2.4124484002274227,2.4296188354492188,300215495.0
2021-11-03,2.4296188538743806,2.4811303646181435,2.360937112466344,2.4725451469421387,465215416.0
2021-11-04,2.5154714396426816,2.566982749882743,2.4983010028959947,2.5583975315093994,311402176.0
2021-11-05,2.5583972843040366,2.601323372023017,2.5154711965850556,2.584152936935425,312154078.0
2021-11-08,2.5841529282353526,2.6099085807800293,2.566982493205568,2.6099085807800293,216937578.0
2021-11-09,2.6442496740334023,2.7129316246375255,2.627079237554309,2.652834892272949,456974576.0
2021-11-10,2.6614198934268765,2.7043461858109645,2.644249458348334,2.687175750732422,272503034.0
2021-11-11,2.670005332412027,2.687175973602406,2.6099088046528203,2.644249677658081,300944023.0
2021-11-12,2.652834892272949,2.6700053287520427,2.618494019314762,2.652834892272949,208460523.0
2021-11-15,2.833124639808379,2.9103918075561523,2.815954203572817,2.9103918075561523,282525165.0
2021-11-16,3.1937041806300632,3.1937041806300632,2.8159541775615327,2.893221139907837,907829208.0
2021-11-17,2.8674654857924025,2.9189769987110155,2.8159541775615327,2.893221139907837,401892714.0
2021-11-18,2.8932210977714203,3.1765336982905694,2.8760506619445314,3.090681314468384,1022390211.0
2021-11-19,3.1250226521839184,3.1250226521839184,2.9962441680235967,3.047755479812622,458222117.0
2021-11-22,3.09068133459529,3.0992665525646426,3.02199959084047,3.039170026779175,264063452.0
2021-11-23,3.021999625165425,3.047755279366024,2.87605071334095,2.953317880630493,562768463.0
2021-11-24,2.970488306438076,3.0735109228823414,2.9533178703640313,2.9790735244750977,752593584.0
2021-11-25,2.987658508171987,2.987658508171987,2.858880043029785,2.858880043029785,325352825.0
2021-11-26,2.8073690226934884,2.867465550315107,2.72151684037689,2.73868727684021,420030678.0
2021-11-29,2.7558577206283883,2.7816133753918244,2.687175974592559,2.7215168476104736,375690103.0
2021-11-30,2.7043464111015165,2.764442938882867,2.6957611928470375,2.7215168476104736,371351911.0
2021-12-01,2.7644428927149582,2.85029507382596,2.755857674603858,2.8331246376037598,357472654.0
2021-12-02,2.841709854515971,2.936147458385977,2.8159542001935365,2.9189770221710205,398078248.0
2021-12-03,2.9275622264298935,2.970488316764226,2.9018065722292943,2.953317880630493,283791365.0
2021-12-06,2.9619032934975795,3.047755479812622,2.936147637603067,3.047755479812622,327707723.0
2021-12-07,3.0649256706237793,3.073510888564943,3.013414362976798,3.0649256706237793,341856114.0
2021-12-08,3.0906813381065072,3.1421928506688848,3.0735109021482954,3.1164371967315674,439635874.0
2021-12-09,3.1250223874839143,3.16794847700545,3.0735108753703306,3.099266529083252,494125028.0
2021-12-10,3.073511135707135,3.099266791601648,2.979073730760588,3.047755479812622,277812958.0
2021-12-13,3.0649256519699177,3.2538006502137202,3.0134143446364465,3.202289342880249,552116725.0
2021-12-14,3.2194597575735493,3.4340904080784527,3.202289321908176,3.348238229751587,636609842.0
2021-12-15,3.4169202085242136,3.459846505341617,3.2538008537437895,3.2881417274475098,572267389.0
2021-12-16,3.3396529806256154,3.451260811404751,3.3310677628733742,3.4340903759002686,551499133.0
2021-12-17,3.4856017478623116,3.6744769513335718,3.090681314468384,3.090681314468384,737157684.0
2021-12-20,2.918976991548135,3.1679485187407965,2.7901985165992276,2.996243953704834,491851933.0
2021-12-21,3.2709711468584968,3.2709711468584968,2.8502950530982987,2.8846359252929688,546820746.0
2021-12-22,2.84170982794002,3.082096137389038,2.8331246099128315,2.987658739089966,648908206.0
2021-12-23,3.056340449374903,3.1078517569661366,2.9361473983286914,3.0735108852386475,492363788.0
2021-12-24,3.0820961200374386,3.0820961200374386,3.013414376206596,3.0305848121643066,211390026.0
2021-12-27,3.039170020470068,3.167948494430762,3.039170020470068,3.142192840576172,387781103.0
2021-12-28,3.125022446655567,3.125022446655567,2.9275622264298935,2.953317880630493,247985052.0
2021-12-29,2.9447328920708595,2.987658985750775,2.8932213749672,2.9704885482788086,261953279.0
2021-12-30,2.996243957117154,3.064925701334661,2.9790735210627775,2.987658739089966,237395834.0
2021-12-31,2.97048833796644,2.987658774222729,2.8846359519972493,2.901806592941284,140424537.0
2022-01-03,2.9018067983909437,2.9790737670147918,2.8932213749672,2.9704885482788086,274077473.0
2022-01-04,2.9790732971243794,3.0305846014153794,2.901806340687879,2.944732427597046,319225871.0
2022-01-05,2.944732638950384,3.0219996009325936,2.918976984956314,3.0134143829345703,181430411.0
2022-01-06,2.979073517670012,3.0649256978441217,2.970488299652601,2.996243953704834,336966331.0
2022-01-07,3.0134141252657147,3.1851186752319336,3.0134141252657147,3.1851186752319336,543181309.0
2022-01-10,3.2280450065283937,3.296726749852059,3.159363263204728,3.1765336990356445,391739534.0
2022-01-11,3.2108745542385346,3.262385861467237,3.142192811266932,3.2194597721099854,502391242.0
2022-01-12,3.262385853039925,3.35682345406967,3.2452154173413787,3.3310678005218506,442679289.0
2022-01-13,3.322482366720188,3.3568234426885892,3.2709710597991943,3.2709710597991943,343948319.0
2022-01-14,3.2709710708891984,3.3396530183711235,3.2022893280950124,3.3310678005218506,365271273.0
2022-01-17,3.4255051822253724,3.468431271288299,3.3825790931624455,3.459846258163452,382978948.0
2022-01-18,3.4426758255779846,3.5542834525523994,3.2709710597991943,3.2709710597991943,672057512.0
2022-01-19,3.305311904198012,3.537112988145003,3.305311904198012,3.5285279750823975,674338614.0
2022-01-20,3.5456986498631764,3.58862453682399,3.382579296910881,3.451261043548584,890477555.0
2022-01-21,3.4255051336026967,3.528527950579122,3.3911642628398004,3.502772092819214,391842066.0
2022-01-24,3.494187379045337,3.5371132664872347,3.2881417274475098,3.2881417274475098,607134288.0
2022-01-25,3.3396529929532734,3.442675811048193,3.296726699345877,3.399749517440796,373682393.0
2022-01-26,3.3997497672591273,3.4340906409182694,3.365408893599985,3.3739941120147705,259485233.0
2022-01-27,3.3138971459740243,3.477016693788623,3.305311928161439,3.459846258163452,435633721.0
2022-01-28,3.4770166757343177,3.5027721243506007,3.4169199466705322,3.4169199466705322,403467123.0
2022-01-31,3.4598462090533286,3.5113575151976737,3.434090351293421,3.502772092819214,289717183.0
2022-02-01,3.5199425526443178,3.597209717085139,3.5027721171436323,3.5285279750823975,332014157.0
2022-02-02,3.588624458215513,3.760329230424095,3.5800394447616046,3.717402935028076,582276715.0
2022-02-03,3.7002323043936043,3.7259881621535125,3.502772092819214,3.502772092819214,467117621.0
2022-02-04,3.528528205645329,3.537113219268901,3.459846459154748,3.4684314727783203,471505734.0
2022-02-07,3.451261028835603,3.511357761575147,3.348238409318242,3.4856019020080566,515748679.0
2022-02-08,3.4770166810606082,3.5456984233098736,3.4598462454982917,3.494187116622925,364884223.0
2022-02-09,3.5285279750823975,3.5628688460837683,3.494187104081026,3.5285279750823975,348424970.0
2022-02-10,3.5371131969819856,3.5800394929558754,3.4941873103835936,3.5199427604675293,355017184.0
2022-02-11,3.4856018874386163,3.528528183412506,3.442676000840225,3.5199427604675293,258110613.0
2022-02-14,3.4169199159119725,3.54569838596057,3.399749480530524,3.502772092819214,533027193.0
2022-02-15,3.5285279813840114,3.562868852446712,3.485601687867898,3.511357545852661,411056199.0
2022-02-16,3.528527762854883,3.528527762854883,3.4426755905151367,3.4426755905151367,205278139.0
2022-02-17,3.4598462370135548,3.51135754357418,3.3997495080050877,3.4255051612854004,253108603.0
2022-02-18,3.459846258163452,3.468431271288299,3.4255051822253724,3.459846258163452,180174044.0
2022-02-21,3.502772136095833,3.53711300728301,3.442675816206012,3.4770166873931885,283487000.0
2022-02-22,3.4255051612854004,3.4684312500859216,3.3997495080050877,3.4255051612854004,323361647.0
2022-02-23,3.442675824015484,3.4512608371440145,3.3654086589813232,3.3654086589813232,155478872.0
2022-02-24,3.073510902058583,3.2194598123868654,3.0305848121643066,3.0305848121643066,273886247.0
2022-02-25,3.0992665428486674,3.1937041449032324,3.03058479930916,3.15077805519104,335351109.0
2022-02-28,3.0649256673067753,3.1336076154494945,3.021999577647414,3.0735108852386475,254737124.0
2022-03-01,3.1164371967315674,3.262385902376367,3.0906813381065072,3.1164371967315674,517501107.0
2022-03-02,3.125022408000632,3.202289369646677,3.0992665494308747,3.1336076259613037,273776905.0
2022-03-03,3.167948494430762,3.1851189303338225,3.1250224046731114,3.142192840576172,218748781.0
2022-03-04,3.11643719003996,3.1593632798433187,3.1078517673915464,3.1336076259613037,200073947.0
2022-03-07,3.1078517707189666,3.150778065256026,3.073510898839513,3.1250224113464355,185541774.0
2022-03-08,3.10785174369812,3.1765336915476228,3.0992665258028995,3.10785174369812,271569934.0
2022-03-09,3.1421930477725764,3.2194600144313363,3.1336078292549363,3.2108747959136963,277509393.0
2022-03-10,3.2280450132730776,3.2452154491398697,3.1421928339391156,3.159363269805908,166504412.0
2022-03-11,3.1765337023451794,3.2108745740427906,3.1507780485719707,3.1679484844207764,192168802.0
2022-03-14,3.1765336827527335,3.2538006435957865,3.167948464881283,3.2194597721099854,227059987.0
2022-03-15,3.2108745319198637,3.3224823634729366,3.2108745319198637,3.2795562744140625,265901302.0
2022-03-16,3.296726716498729,3.31389715215593,3.245215409527125,3.262385845184326,225122038.0
2022-03-17,3.2795562855622693,3.3654086686595943,3.2795562855622693,3.3396530151367188,239789592.0
2022-03-18,3.3310677908930844,3.356823444366455,3.305311932731975,3.356823444366455,183864579.0
2022-03-21,3.37399385163458,3.4684312469092333,3.37399385163458,3.4340903759002686,223051465.0
2022-03-22,3.4340905778952475,3.528528183412506,3.4169201413807913,3.5199427604675293,179874640.0
2022-03-23,3.5285282132037508,3.5371132268457126,3.4340906068891583,3.451261043548584,201828538.0
2022-03-24,3.4598465008503787,3.47701693767995,3.356823675185199,3.3739941120147705,220980953.0
2022-03-25,3.3739938832496468,3.4169199724130794,3.348238229751587,3.348238229751587,138384048.0
2022-03-28,3.3568234232580254,3.3739938587989675,3.3224823474884033,3.3224823474884033,131757881.0
2022-03-29,3.3396529806256154,3.4426757983402467,3.3396529806256154,3.4340903759002686,236031836.0
2022-03-30,3.442675993749999,3.554283626176359,3.4340905708227036,3.5371131896972656,391223181.0
2022-03-31,3.54569838596057,3.5628688213420183,3.4598462090533286,3.502772092819214,222830091.0
2022-04-01,3.537112988145003,3.5800392815844537,3.494187104081026,3.5285279750823975,284275233.0
2022-04-04,3.554283627266647,3.614380359649658,3.5285281772278543,3.614380359649658,349237976.0
2022-04-05,3.631550796134019,3.69164752851703,3.5800394866809366,3.614380359649658,338437183.0
2022-04-06,3.60579495133336,3.6315508108520334,3.5456986280822864,3.5800395011901855,245478558.0
2022-04-07,3.588624211053451,3.7774994065367964,3.588624211053451,3.768913984298706,435508648.0
2022-04-08,3.837595938808386,4.009300708770752,3.820425502749698,4.009300708770752,435419425.0
2022-04-11,4.095153260650367,4.318369359042987,4.052226961920855,4.309783935546875,629749626.0
2022-04-12,4.28402755045241,4.507243621543356,4.189590359798986,4.447146892547607,671581675.0
2022-04-13,4.559945437727896,4.559945437727896,4.375438943447852,4.419369220733643,610707857.0
2022-04-14,4.480870999384564,4.533587079500833,4.428154919268294,4.51601505279541,335922481.0
2022-04-15,4.516015304654862,4.603875443081963,4.4808712492840215,4.559945583343506,266572942.0
2022-04-18,4.568731580202899,4.647805917593977,4.489657661762024,4.603875637054443,446350611.0
2022-04-19,4.647805538043225,4.726879868976907,4.50722932211683,4.586303234100342,489958869.0
2022-04-20,4.603875312255941,4.691735867136539,4.551159230697686,4.665377616882324,371925138.0
2022-04-21,4.674163638945648,4.71809349554664,4.665377416255355,4.700521469116211,273821108.0
2022-04-22,4.674163921949575,4.726880004432631,4.454513368795086,4.480871200561523,319167465.0
2022-04-25,4.568731213230629,4.603875267259314,4.4369412200981495,4.507229328155518,365705614.0
2022-04-26,4.5423733569699625,4.56873118787008,4.331508615018175,4.34029483795166,405387064.0
2022-04-27,4.3754392916880676,4.384225096474382,4.234863063505385,4.349081039428711,338789270.0
2022-04-28,4.419369293796587,4.463299152858472,4.305150906125361,4.313936710357666,278744609.0
2022-04-29,4.33150846015225,4.340294682771598,4.217290498751798,4.278792381286621,226865129.0
2022-05-05,4.36665269674347,4.4193691967807665,4.243648507540179,4.252434730529785,241998093.0
2022-05-06,4.2260764805111375,4.30515081161691,4.19971864944266,4.252434730529785,251367112.0
2022-05-09,4.243648881144698,4.2963649668728685,4.155788738264413,4.270007133483887,266068638.0
2022-05-10,4.305151007630365,4.3139368120698185,4.261220728582531,4.296364784240723,42738658.0
2022-05-11,4.270006935063145,4.270006935063145,4.05914218299882,4.129430294036865,303953555.0
2022-05-12,4.076714345519177,4.0942863738595525,3.944923923491251,4.023998260498047,319792573.0
2022-05-13,4.050356455603455,4.067928483697063,3.980068343229024,3.997640371322632,135254026.0
2022-05-16,3.9800681863684826,3.988853990593926,3.8043474934076285,3.813133716583252,230133165.0
2022-05-17,3.813133886432019,3.8394917192325893,3.73405955012991,3.7428457736968994,339059637.0
2022-05-18,3.707701091185067,3.9097796134810654,3.6989152870592457,3.8570635318756104,431468811.0
2022-05-20,3.8394918107298426,3.9361381775188686,3.8043477535247803,3.8043477535247803,355940188.0
2022-05-23,3.821919691827738,3.9009940281459627,3.786775635453016,3.8658499717712402,303854600.0
2022-05-24,3.8834218623652523,3.8922076666725443,3.8131337521061828,3.8482778072357178,167585762.0
2022-05-25,3.857063616516694,3.9976402561662905,3.8131337570232193,3.9712820053100586,293910859.0
2022-05-26,3.953710091613514,4.041570232081553,3.9273518399980043,3.997640371322632,191135686.0
2022-05-27,3.9976404277785162,4.023998260816063,3.900994062423706,3.900994062423706,193895823.0
2022-05-30,3.9361380635199064,4.041570232081553,3.9273518399980043,3.997640371322632,229719244.0
2022-05-31,3.9976403046898903,4.138216527095626,3.9976403046898903,4.050356388092041,428850875.0
2022-06-01,4.067928207786107,4.208504423000258,4.067928207786107,4.164574146270752,304429504.0
2022-06-02,4.173360788667045,4.278792960674794,4.173360788667045,4.261220932006836,249865556.0
2022-06-03,4.287578784587868,4.287578784587868,4.19971864944266,4.252434730529785,170177692.0
2022-06-06,4.287578559649723,4.384224493764055,4.278792337121065,4.375438690185547,350456915.0
2022-06-07,4.366652976828374,4.375439200381544,4.261220807891517,4.28757905960083,253072088.0
2022-06-08,4.313936937589361,4.331508965929737,3.953710147136541,4.023998260498047,246857532.0
2022-06-09,4.059141990461816,4.0942860443138525,3.9888538827577413,4.085500240325928,214496329.0
2022-06-10,3.997640536393048,4.27000719256562,3.997640536393048,4.173360824584961,346866468.0
2022-06-13,4.111858144062704,4.226076530579768,4.111858144062704,4.155788421630859,212807265.0
2022-06-14,4.1909325281219685,4.208504555577295,4.023998057821282,4.059142112731934,172379117.0
2022-06-15,4.067928166059852,4.1821465492248535,4.0064258630594285,4.1821465492248535,205060228.0
2022-06-16,4.182146597894115,4.19093240188204,4.032784159547872,4.085500240325928,218122788.0
2022-06-17,4.094286330933061,4.28757905960083,4.076714302776918,4.28757905960083,237229812.0
2022-06-20,4.313936433863707,4.340294682771598,4.252434551328884,4.278792381286621,202380995.0
2022-06-21,4.3227226118640525,4.419368964928534,4.313936389335395,4.375438690185547,224042831.0
2022-06-22,4.340294939161273,4.366652770676019,4.296364661369792,4.322722911834717,232874394.0
2022-06-23,4.3227228386459515,4.349080669714429,4.173360399424012,4.252434730529785,245332837.0
2022-06-24,4.26122045999664,4.2787924867181655,4.120644246224431,4.1821465492248535,202445267.0
2022-06-27,4.041569864237782,4.147002023203513,4.023997837743494,4.103072166442871,162476103.0
2022-06-28,4.094286432707166,4.129430489893049,3.927351951599121,3.927351951599121,249748366.0
2022-06-29,3.9185656184106996,3.936137644634284,3.7692031860351562,3.7692031860351562,208884755.0
2022-06-30,3.7428458628910253,3.8482780345062126,3.7428458628910253,3.8043477535247803,195873423.0
2022-07-01,3.7867755572879007,3.9273517798850714,3.7604177250260267,3.874635696411133,145748222.0
2022-07-04,3.900993921468503,3.927351753553658,3.7340594487785004,3.7604176998138428,123286663.0
2022-07-05,3.769203558680047,3.804347614601757,3.654985167459393,3.663771390914917,231841633.0
2022-07-06,3.6989155840632018,3.7252734175072404,3.6461994982249153,3.6813435554504395,158044043.0
2022-07-07,3.6901289725004465,3.830705605580102,3.6901289725004465,3.7955615520477295,168134306.0
2022-07-08,3.777989830064459,3.78677563468125,3.73405955012991,3.7428457736968994,61848174.0
2022-07-13,3.769203232020124,3.769203232020124,3.628627020516393,3.6725568771362305,162389198.0
2022-07-14,3.6637710733923257,3.707700930012163,3.6461990469543593,3.6725568771362305,132838891.0
2022-07-18,3.734059341462882,3.8658497549516073,3.7252731183868852,3.8570635318756104,176143386.0
2022-07-19,3.8482775606039805,4.0152120212457225,3.7779894548495956,3.9800679683685303,276384992.0
2022-07-20,3.9976398546960925,4.041569709777832,3.944923358277778,4.041569709777832,166594085.0
2022-07-21,4.023998238378106,4.111858379597021,4.0064262101343235,4.032784461975098,176010061.0
2022-07-22,4.050356086960005,4.138216219431448,4.050356086960005,4.103072166442871,109489921.0
2022-07-25,4.12064443770729,4.243648630473874,4.111858214463157,4.226076602935791,209001078.0
2022-07-26,4.2612209686809175,4.287579221384811,4.103072709308195,4.173360824584961,271028407.0
2022-07-27,4.226076602935791,4.234862826179924,4.147002269539324,4.226076602935791,294741430.0
2022-07-28,4.243649001362755,4.261221030436609,4.076714515686035,4.076714515686035,317663239.0
2022-07-29,4.094286485423493,4.1821470484696635,4.085500680489004,4.173360824584961,198076047.0
2022-08-01,4.164574564857961,4.287579184483878,4.155788759999087,4.261220932006836,252066424.0
2022-08-02,4.261220658011958,4.287578908794174,4.226076602935791,4.226076602935791,262960495.0
2022-08-03,4.25243480252849,4.340294939161273,4.1997187205488204,4.322722911834717,254306832.0
2022-08-04,4.375439235144623,4.472085600246367,4.357867206848869,4.445727348327637,273698012.0
2022-08-05,4.472085633336252,4.700522002871295,4.410583324370946,4.603875637054443,462118170.0
2022-08-08,4.647805640662978,4.674163891206231,4.52480144901155,4.568731307983398,289754918.0
2022-08-09,4.542373747039342,4.6565921412819655,4.4984434664998085,4.603875637054443,361588277.0
2022-08-10,4.595089480577965,4.770809751384892,4.586303257562532,4.753237724304199,504613618.0
2022-08-11,4.805953730113266,4.9816744171123,4.762023872576132,4.937744140625,479777181.0
2022-08-12,4.937744584185896,5.060749201819855,4.735666048301765,4.779596328735352,436061961.0
2022-08-15,4.814740180969238,4.876242487173565,4.753237874764911,4.814740180969238,287591969.0
2022-08-16,4.832312078685625,4.920172214508057,4.60387530659713,4.920172214508057,600273137.0
2022-08-17,4.964102419228856,5.306757153395576,4.911386338507065,5.280399322509766,832577486.0
2022-08-18,5.262826845463238,5.394617255961768,5.016818470219469,5.192538738250732,824181825.0
2022-08-19,5.166180677011353,5.166180677011353,4.955315945832243,4.9816741943359375,451422253.0
2022-08-22,4.928958459526892,5.139822786440255,4.885028181944853,5.087106704711914,505178287.0
2022-08-23,5.104678725879414,5.561551852598135,5.095892921743569,5.517621994018555,908880238.0
2022-08-24,5.55276625951031,5.587910315289791,5.30675745010376,5.30675745010376,685784463.0
2022-08-25,5.341901316791576,5.8251326950793745,5.297971458097344,5.763630390167236,842081131.0
2022-08-26,5.781202621185133,6.334722128051843,5.772416816716714,6.1502156257629395,73574146.0
2022-08-29,6.1941456569891065,6.264433765723422,5.912992803101669,6.0272111892700195,565121495.0
2022-08-31,6.0447832595265005,6.325935696467153,5.948136899853063,6.185359477996826,623452538.0
2022-09-01,6.167787697611628,6.765237068979209,6.0359972780444595,6.651019096374512,770171811.0
2022-09-02,6.782808831022489,7.046390078771413,6.431368284557731,6.861883163452148,145761272.0
2022-09-05,6.932171187538017,7.283612148633201,6.844311052001765,7.125463485717773,361780060.0
2022-09-06,7.2484682181689015,7.55597932622106,6.888241446845171,7.2748260498046875,0.0
2022-09-07,7.29239833122182,7.327542385241429,6.888241291046143,6.888241291046143,1047279060.0
2022-09-08,6.967315689181191,7.529621011673633,6.747665126759903,7.476905345916748,409185322.0
2022-09-09,7.468119336514267,8.153428876311693,7.371473387921176,8.021638870239258,1060882289.0
2022-09-12,8.417008771236121,8.627873092184338,8.021637959983131,8.513654708862305,831338459.0
2022-09-13,8.610301959089599,9.014459015472386,7.670197010040283,7.670197010040283,279884843.0
2022-09-14,7.380258449093177,7.468119007875396,6.905813694000244,6.905813694000244,315422909.0
2022-09-15,6.765236578030541,7.081533897198415,6.220503330230713,6.220503330230713,554834670.0
2022-09-16,5.94813733303178,6.519228890583028,5.781202851966018,6.440154552459717,851464612.0
2022-09-19,6.466512366078654,6.62466061264505,5.921778678894043,5.921778678894043,440819019.0
2022-09-20,6.150215762158948,6.334722268539733,5.895421142671236,6.290791988372803,504831174.0
2022-09-21,6.229289982985127,6.39622445798341,6.13264361978608,6.141429424285889,350289237.0
2022-09-22,6.132643367600971,6.431368249413825,6.123857144512274,6.273219585418701,372477850.0
2022-09-23,6.264433840280843,6.3610797814656905,6.088713147403504,6.097499370574951,175463106.0
2022-09-26,5.992067227568698,6.123857224008552,5.763630451699279,6.0887131690979,346552948.0
2022-09-27,6.141429144016796,6.607088491861286,6.097499285622145,6.361079692840576,443426629.0
2022-09-28,6.317150274850144,6.61587517614034,6.185359852577987,6.202931880950928,374122280.0
2022-09-29,6.273219695324761,6.405010111312924,5.965709003985837,6.176573753356934,325132969.0
2022-09-30,6.194145578629538,6.325935571364072,6.159001524706973,6.21171760559082,222659849.0
2022-10-03,6.255647340907619,6.8267388343811035,6.246861537074265,6.8267388343811035,309905602.0
2022-10-04,7.0991055835747146,7.248468021968517,6.791594902796387,6.800380706787109,459741128.0
2022-10-05,6.905813441235332,7.011245605174759,6.668590862896532,6.861883163452148,336416873.0
2022-10-06,7.020031259610723,7.213323974993218,6.976101401714824,7.151822090148926,317928781.0
2022-10-07,7.134249644250363,7.222110197942499,7.0463899284585665,7.151822090148926,226083495.0
2022-10-10,7.16939364539693,7.230895529788709,7.037603653728736,7.072747707366943,182013295.0
2022-10-11,7.090319489328765,7.353900317037344,7.0639616579280124,7.30118465423584,357876182.0
2022-10-12,7.29239842361209,7.406616810097983,7.16060759094359,7.204537868499756,274160194.0
2022-10-13,7.257254490665113,7.380258264401574,7.195751765896516,7.35390043258667,242779153.0
2022-10-14,7.626268064198654,7.758058071136475,7.591124006488539,7.758058071136475,346365580.0
2022-10-17,7.82834520761015,8.531227111816406,7.82834520761015,8.531227111816406,310337940.0
2022-10-18,9.049603245094094,9.155035413410287,8.118284501450459,8.250075340270996,636517726.0
2022-10-19,8.276433285715346,8.663017908145397,8.127070835755909,8.548799514770508,623713015.0
2022-10-20,8.522440931710229,8.803594197541514,8.408222548388196,8.513654708862305,572205277.0
2022-10-21,8.496083176533562,8.575157507066605,8.320362907515872,8.329148292541504,286469064.0
2022-10-24,8.417008467284527,8.513654401420673,8.153427656667414,8.232501983642578,248183536.0
2022-10-25,8.285218768727757,8.540013365664969,8.267646323056068,8.364293098449707,301319549.0
2022-10-26,8.434581045847425,8.548798588952375,8.320362664842163,8.381864547729492,198096879.0
2022-10-27,8.390651212300913,8.452153098427297,8.127070383630135,8.14464282989502,208292824.0
2022-10-28,8.135857082291155,8.197358972012232,7.801988124847412,7.801988124847412,165127008.0
2022-10-31,7.881062240527787,8.118284407004342,7.60869518045431,8.091926574707031,287160064.0
2022-11-01,8.171000704936887,8.417009088653808,8.109497980582386,8.127070426940918,288549581.0
2022-11-02,8.13585637503601,8.188572036528498,7.810773669497897,7.837131500244141,223297390.0
2022-11-03,7.8107740031175155,7.898633721991168,7.635052889569473,7.6965556144714355,272218962.0
2022-11-04,7.801987668832973,8.223716324385933,7.6438390040504345,8.14464282989502,295381436.0
2022-11-07,8.276433012882382,8.43458168124968,8.197358678698732,8.267646789550781,256110148.0
2022-11-08,8.276433194993263,8.522441588388494,8.153428579345452,8.241289138793945,284241820.0
2022-11-09,8.26764664620773,8.452153143470511,8.118284203761652,8.127070426940918,243185344.0
2022-11-10,8.19735886433739,8.627873762530793,8.179787255176635,8.583944320678711,325065305.0
2022-11-11,8.917811909347359,8.970528409518137,8.381864874129457,8.49608325958252,315317338.0
2022-11-14,8.496083560096892,8.671803837047632,8.39943761724908,8.619088172912598,176385640.0
2022-11-15,8.698161530506122,9.480117797851562,8.460939369877957,9.480117797851562,531821870.0
2022-11-16,9.488904119364667,10.270859556912901,9.278039788198875,9.638266563415527,780771919.0
2022-11-17,9.664624659988364,9.743698995815969,9.00567297862552,9.084747314453125,327939721.0
2022-11-18,9.075960883531323,9.70855471779547,9.075960883531323,9.620694160461426,394552926.0
2022-11-21,9.673410304795,10.024850845336914,9.532834088578236,10.024850845336914,323655239.0
2022-11-22,10.095139300450676,10.262074191371479,9.83155846703387,10.13028335571289,459848324.0
2022-11-23,10.139069161344871,10.666230806463112,10.042423222830006,10.560798645019531,509598425.0
2022-11-24,10.587156848877877,10.727733069088313,10.235715460451424,10.30600357055664,439893327.0
2022-11-25,10.209358101613418,10.279646214974925,10.016065370919074,10.059995651245117,278123417.0
2022-11-28,10.147855858860142,10.61351480315526,10.08635313338316,10.455366134643555,360540393.0
2022-11-29,10.499296391505295,10.683802891750005,10.191786116364357,10.464152336120605,343592926.0
2022-11-30,10.446580082910012,10.666230624988772,10.332361700481018,10.587156295776367,723370013.0
2022-12-01,10.675017062952143,10.727733566927641,10.279646215787324,10.402650833129883,354877524.0
2022-12-02,10.40265043103067,10.481724764987213,9.910632818579058,9.972135543823242,214241719.0
2022-12-05,10.016064969950806,10.103925527085611,9.611907915351367,9.629480361938477,229415070.0
2022-12-06,9.62947998011371,9.884274580221176,9.611907534223377,9.6909818649292,242925228.0
2022-12-07,9.708555179584948,9.893061688442234,9.269254047820024,9.383472442626953,238408084.0
2022-12-08,9.409829247002701,9.638266011638137,9.172606259596597,9.567977905273438,230760788.0
2022-12-09,9.620694152671986,10.016064984554324,9.56797848863454,9.972135543823242,214706459.0
2022-12-12,9.980920420529994,10.481724230763419,9.77005609932662,10.393863677978516,447471862.0
2022-12-13,10.218143868889245,10.393864144444876,10.05120897868612,10.147855758666992,330096517.0
2022-12-14,10.165427561580977,10.560799236513997,9.664624557199662,9.77005672454834,470289261.0
2022-12-15,10.15664243634517,10.455366499204976,10.06878187568614,10.402650833129883,349298803.0
2022-12-16,10.499296369606103,10.631087205449083,10.42900825898333,10.472938537597656,144043571.0
2022-12-19,10.499296399422068,11.333968343863084,10.499296399422068,11.307610511779785,88614855.0
2022-12-20,11.22853641793343,11.22853641793343,10.578370959961942,10.762877464294434,548171499.0
2022-12-21,10.84195111965467,11.15824760527251,10.534440019100959,10.54322624206543,373766062.0
2022-12-22,10.639872754582667,10.815593871744046,10.446580866345768,10.604728698730469,274461481.0
2022-12-23,10.604728495784718,10.798021218222905,10.499296330245809,10.639872550964355,231709356.0
2022-12-26,10.77166255941436,10.93859659922766,10.595942297005541,10.631086349487305,227590115.0
2022-12-27,10.63108780727973,10.666231864580638,10.349934510972052,10.376293182373047,280527979.0
2022-12-28,10.367507076987446,10.429008968491386,10.016065662063887,10.183000564575195,239861696.0
2022-12-29,10.191785702490051,10.613514349980505,10.191785702490051,10.54322624206543,242896791.0
2022-12-30,10.63108780727973,10.710161307781457,10.367506958572715,10.376293182373047,278101771.0
2023-01-02,10.552013464174893,10.639873188437795,10.437795068522743,10.525654792785645,277418336.0
2023-01-03,10.552012793825268,10.595943072116121,10.297218185218764,10.30600357055664,298201600.0
2023-01-04,10.376293069667748,10.472939016720389,10.086353552709005,10.226930618286133,309679958.0
2023-01-05,10.288432129638165,10.393864296514087,9.73491262511429,9.787629127502441,230260222.0
2023-01-06,9.278038954250258,9.708553801159047,8.829951662373619,9.44497299194336,359224293.0
2023-01-09,9.603122890008791,9.647052332322874,8.73330602304329,8.891454696655273,352434549.0
2023-01-10,8.90902721457428,9.049603442055464,8.329149019363786,8.373079299926758,380655929.0
2023-01-11,8.425795252517288,8.55758524767706,7.5471930503845215,7.5471930503845215,393972445.0
2023-01-12,7.819559398557947,7.968921842526164,7.266040739029103,7.942564010620117,381156394.0
2023-01-13,7.819559514633555,8.241289020892426,7.784415458937014,8.091926574707031,318239178.0
2023-01-16,8.22371678188832,8.548799514770508,8.22371678188832,8.548799514770508,268840084.0
2023-01-17,8.557584542218933,8.794807519431096,8.38186428385823,8.60151481628418,360933400.0
2023-01-18,8.610301666882485,8.873882492604466,8.355507064194653,8.487297058105469,360015687.0
2023-01-19,8.43458213962409,8.680590540975505,8.408223468196839,8.522441864013672,315661506.0
2023-01-20,8.548799299758807,8.996886638367233,8.522441467458425,8.935384750366211,501670443.0
2023-01-23,9.119890861995533,9.497690073035244,8.829952205397726,8.996886253356934,369949995.0
2023-01-24,9.005672696324604,9.119891084728472,8.715734032645695,8.803594589233398,307489134.0
2023-01-25,8.882668614725779,8.935385119404156,8.250075585987732,8.540014266967773,297903012.0
2023-01-26,8.548799255580763,8.610301981164335,8.250075202619257,8.25886058807373,226936124.0
2023-01-27,8.17100055828228,8.188572166425073,7.766843516193899,7.986494064331055,317656169.0
2023-01-30,7.977707884446031,8.241288711215905,7.968921661376953,7.968921661376953,228026229.0
2023-01-31,7.977708339691162,8.179787292309758,7.84591833773585,7.977708339691162,295064951.0
2023-02-01,8.021638637983967,8.153428640240607,7.380258560180664,7.380258560180664,250536475.0
2023-02-02,7.432974923409452,7.617481425823531,6.888241639591785,7.239682197570801,342552210.0
2023-02-03,7.30997032656285,7.942564170330908,7.274826270681313,7.924992561340332,285162881.0
2023-02-06,7.6526256744673065,7.951350575227518,7.46811916740367,7.801988124847412,53121029.0
2023-02-07,7.801988050468534,7.801988050468534,7.037604196463561,7.143036365509033,134884821.0
2023-02-08,6.809167385101318,6.809167385101318,6.809167385101318,6.809167385101318,33260.0
2023-02-15,7.520835778882569,7.854703903198242,7.5032633313394195,7.854703903198242,88228075.0
2023-02-16,8.48729685486611,8.548798738831701,7.9074195549038775,8.01285171508789,221042032.0
2023-02-17,7.907419955445263,8.135856733031993,7.845918068364363,7.942564010620117,113105859.0
2023-02-20,7.97770806579497,8.135856733031993,7.863489677001605,7.942564010620117,106216427.0
2023-02-21,7.907420340820012,8.065569015764543,7.8547038365383655,7.8810625076293945,114340154.0
2023-02-22,7.881062461237618,8.12707085800289,7.854703790301749,8.047996520996094,176950159.0
2023-02-23,8.056782274371308,8.320363103042087,7.924992278986098,8.14464282989502,196059722.0
2023-02-24,8.127070743872224,8.223716688911967,7.9777082956014596,7.995280742645264,91474814.0
2023-02-27,8.083139962872137,8.69816132695691,7.960136192795387,8.663017272949219,261374108.0
2023-02-28,8.68058999906986,8.865096498040284,8.460939444957464,8.794808387756348,210010109.0
2023-03-01,8.75966377528328,9.075960251436722,8.698161054272653,8.882667541503906,203207124.0
2023-03-02,8.873883087309721,9.111105259827292,8.821166583472259,8.891454696655273,210634718.0
2023-03-03,8.865096211918702,8.865096211918702,8.443366725926062,8.663017272949219,277159488.0
2023-03-06,8.733305792930253,9.471331799806125,8.715734184047694,9.436187744140625,466351791.0
2023-03-07,9.52404848597505,9.813987160283482,9.33954198069692,9.409830093383789,421687007.0
2023-03-08,9.401044233323198,10.323576795384447,9.339542341819257,10.183000564575195,493199237.0
2023-03-09,10.262074130166154,10.552012793825268,9.770056521529266,10.30600357055664,562766461.0
2023-03-10,10.209357945548517,10.666231513314735,10.156642280283426,10.420222282409668,384609765.0
2023-03-13,10.429008352139395,10.446580798902238,9.690982346107562,9.787629127502441,302772600.0
2023-03-14,9.796414534927214,10.112711874163859,9.752485093722465,9.77884292602539,319709146.0
2023-03-15,9.805200780331232,9.884275115317836,9.559192389850985,9.77005672454834,340834485.0
2023-03-16,9.875488627104264,10.068781347677582,9.78762890895302,9.980920791625977,186472960.0
2023-03-17,10.130283834873019,10.226930619840763,9.875489212695134,9.884275436401367,222247509.0
2023-03-20,9.871375341306543,9.976797465419969,9.708449658775216,9.85220718383789,185334423.0
2023-03-21,9.852207531645105,10.130139426835866,9.679698678277518,9.861791610717773,175189029.0
2023-03-22,9.919294603808478,10.063052125723601,9.718033524734484,10.034300804138184,148356476.0
2023-03-23,10.005548811581768,10.158891329733827,9.871375364932293,10.149307250976562,122634167.0
2023-03-24,10.178058908211117,10.273897870961623,9.861791610717773,9.861791610717773,151063272.0
2023-03-27,9.976797836219184,9.986381915309714,9.727617263793945,9.727617263793945,109137938.0
2023-03-28,9.718033714448083,9.765952280029891,9.353846949300413,9.392182350158691,149585017.0
2023-03-29,9.35384747235833,9.650946617126465,9.325095234615787,9.650946617126465,150961766.0
2023-03-30,9.593443328208421,9.813871652235,9.478437126891766,9.497604370117188,197715660.0
2023-03-31,9.373014008739641,9.40176624430997,9.1717529296875,9.1717529296875,140175655.0
2023-04-03,9.075915418351956,9.315511911552466,8.95132513220912,9.267592430114746,140509521.0
2023-04-04,9.2580076979762,9.430517453388038,9.210088219918688,9.411349296569824,122199157.0
2023-04-05,9.430517355945614,9.478436833507992,9.219672203063965,9.219672203063965,121754432.0
2023-04-06,9.229256476485865,9.363430833699441,9.210088319460484,9.305927276611328,99009811.0
2023-04-07,9.27717621173608,9.382598336328332,9.258008054180365,9.286759376525879,77225086.0
2023-04-10,9.315511585557665,9.60302755013432,9.315511585557665,9.555108070373535,114952726.0
2023-04-11,9.58385942953913,9.727616955386994,9.52635587080715,9.718033790588379,170664656.0
2023-04-12,9.756368784908519,10.110971459336044,9.698865228574423,9.976797103881836,190047827.0
2023-04-13,10.024717349741003,10.082220910479979,9.823456258136726,9.890542984008789,107209363.0
2023-04-14,9.928878285701254,10.12055621022641,9.775536677271596,9.833040237426758,106874859.0
2023-04-17,9.842624384904124,9.938462433845155,9.708450019600974,9.727617263793945,99923245.0
2023-04-18,9.73720093036252,9.957630170165652,9.73720093036252,9.823455810546875,94822932.0
2023-04-19,9.842623854161676,10.38890353703166,9.689281338946135,10.0630521774292,171600763.0
2023-04-20,9.84262412427069,10.053468374750638,9.737201085042653,9.746785163879395,68200741.0
2023-04-24,9.813871536976828,9.890542336954145,9.698865337010854,9.737200736999512,91131048.0
2023-04-25,9.727617393439573,9.794705033979307,9.449685494026673,9.488020896911621,107575382.0
2023-04-26,9.449684994452083,9.5742752757385,9.34426287058883,9.392182350158691,110501809.0
2023-04-27,9.34426281883689,9.650946024004593,9.34426281883689,9.526355743408203,114363156.0
2023-04-28,9.545524239695167,9.564691483704772,8.960909130587027,9.075915336608887,112359961.0
2023-05-02,9.104666414937457,9.219672617868627,8.893821252569618,8.960908889770508,121805600.0
2023-05-03,8.989659966501607,9.066330766361865,8.692559931552083,9.008827209472656,118384499.0
2023-05-04,8.912989063404524,9.143001460321127,8.817150107695264,8.951324462890625,91344576.0
2023-05-05,8.96090854966555,9.037579348709677,8.759647473677711,8.817150115966797,81540798.0
2023-05-08,8.884237963095027,9.603027406815153,8.788399005003793,9.497604370117188,180745304.0
2023-05-09,9.44010179101243,10.17805848300476,9.411349554995601,9.957630157470703,259479953.0
2023-05-10,9.95763065467959,10.388904162598019,9.909711172913521,10.053468704223633,203426325.0
2023-05-11,10.10138808151843,11.050189971923828,10.10138808151843,11.050189971923828,288579381.0
2023-05-12,11.40479224550353,11.807314410779002,10.983102836827731,11.146028518676758,353020652.0
2023-05-15,10.034300804138184,10.034300804138184,10.034300804138184,10.034300804138184,14908451.0
2023-05-16,9.037579292526464,9.36343064343232,9.037579292526464,9.085497856140137,767629559.0
2023-05-17,9.171753453523042,9.296343739479553,8.855486156090391,8.970492362976074,309305417.0
2023-05-18,8.980076254479124,9.11425061670395,8.66380896365238,8.721312522888184,227788076.0
2023-05-22,8.778815311431961,8.81715071355222,8.347541809082031,8.347541809082031,181295413.0
2023-05-23,8.385876798490575,8.596721956769274,8.385876798490575,8.443380355834961,118694128.0
2023-05-24,8.462548015442806,8.606305544896756,8.32837365102786,8.347541809082031,108794512.0
2023-05-25,8.376293146918485,8.66380912032053,8.337957744730751,8.644641876220703,150975626.0
2023-05-26,8.67339314264043,8.874654231306803,8.567970101822567,8.778815269470215,135447245.0
2023-05-29,8.884237742286954,9.181336859807228,8.625473110264762,8.951324462890625,171622007.0
2023-05-30,9.2963431217404,9.842623710632324,9.2963431217404,9.842623710632324,388861573.0
2023-05-31,9.794704694943443,10.18764278940995,9.516772805150934,9.77553653717041,506676082.0
2023-06-01,9.919294705451968,10.235561988096473,9.900126548206583,10.091803550720215,226077901.0
2023-06-02,10.772257826247984,11.098109194506156,10.61891622094721,11.069357872009277,336068001.0
2023-06-05,11.38562557150347,11.653973390444628,10.983103386097683,11.567718505859375,419244036.0
2023-06-06,11.443127980047274,11.586886422688888,11.280203207434365,11.452712059020996,242686549.0
2023-06-07,11.586886108915637,11.941488795448047,11.308954224120612,11.606053352355957,549827434.0
2023-06-08,11.58688638411739,11.989408559793038,11.54855098233819,11.88398551940918,331193657.0
2023-06-09,11.970240702037062,11.998992939583417,11.663557480114042,11.864818572998047,232812582.0
2023-06-12,11.883985670808705,12.037328193867134,11.3472900390625,11.3472900390625,252182225.0
2023-06-13,11.356873926561558,11.548550934666329,11.10769335903132,11.261034965515137,276183693.0
2023-06-14,11.308954514025029,12.066079386081578,11.232283710322195,11.586886405944824,420989159.0
2023-06-15,11.845650065847138,12.449433326721191,11.749812018812126,12.449433326721191,325006947.0
2023-06-16,12.382346867391309,12.6411106053105,12.11399905036709,12.267340660095215,347123615.0
2023-06-19,12.276924075583157,12.276924075583157,11.663556755837533,11.682723999023438,283944040.0
2023-06-20,11.673140722940545,12.113998279862432,11.615637165955938,11.922320365905762,383830882.0
2023-06-21,12.066079153675293,12.21942075812743,11.816898589446541,11.931904792785645,268750609.0
2023-06-22,11.970239792268325,12.113998227109807,11.596469872454136,11.893568992614746,476030587.0
2023-06-23,12.056494945046818,12.621942790865022,12.056494945046818,12.305675506591797,371568671.0
2023-06-26,12.804036004139604,12.84237140570336,12.564439515869108,12.58360767364502,273646383.0
2023-06-27,12.545271936815315,12.545271936815315,12.4206816565657,12.439848899841309,69546282.0
2023-07-03,12.564439360593484,12.775284523582483,12.50693671595252,12.6602783203125,308217450.0
2023-07-04,12.71778196607811,13.062800578251977,12.71778196607811,12.85195541381836,454345531.0
2023-07-05,12.871123274171236,12.899874596024565,12.363178075496839,12.708197593688965,284965914.0
2023-07-06,12.765700710859479,12.928626397384459,12.46860157471727,12.478185653686523,283043913.0
2023-07-07,12.478185512607475,12.71778200020143,12.344011150519155,12.420681953430176,154097588.0
2023-07-10,12.564439531556049,12.631527169867434,12.420682004009494,12.449433326721191,186409866.0
2023-07-11,12.669861982242224,13.235309815207396,12.46860090464425,13.053215980529785,532304932.0
2023-07-12,13.005296544015296,13.541993057329588,12.957377979566473,13.216141700744629,571345407.0
2023-07-13,13.283228493981873,13.82950908873472,13.21614177220038,13.676167488098145,515210029.0
2023-07-14,13.867844670840539,13.867844670840539,13.235310102921765,13.331148147583008,227413044.0
2023-07-17,13.36948335286374,13.484489553169361,13.005296594901928,13.244893074035645,349960153.0
2023-07-18,13.264061548080234,13.398234994649401,12.353595088410355,12.363178253173828,264023527.0
2023-07-19,12.3248432139148,12.67944591223714,12.219421086517809,12.669862747192383,222759549.0
2023-07-20,12.736949381897958,12.851955587510203,12.305675882355027,12.64111042022705,399503158.0
2023-07-21,12.602774738033693,12.70819777632439,12.344011009658828,12.363178253173828,143520847.0
2023-07-24,12.391930242782873,12.51652052210876,12.075662962181791,12.24817180633545,132094989.0
2023-07-25,12.315259411574228,12.938209892662778,12.315259411574228,12.813619613647461,332869072.0
2023-07-26,12.046910929356718,12.372762294005561,11.84564984613173,12.200252532958984,740858837.0
2023-07-27,12.315259961319732,12.64111042022705,12.190669676742784,12.64111042022705,604009896.0
2023-07-28,12.986129929677407,13.589913193638948,12.957378606818688,13.369483947753906,766802256.0
2023-07-31,13.465322837703683,13.695335247327147,13.302397152390043,13.637831687927246,551012365.0
2023-08-01,13.532409153833298,13.83909235741405,13.388651630651829,13.733670234680176,517452217.0
2023-08-02,13.724086604740373,14.145776937437889,13.513242352379688,13.80075740814209,539226605.0
2023-08-03,13.84867685866056,13.98285122131593,13.46532284248532,13.474906921386719,327538112.0
2023-08-04,13.54199381265809,13.915764668527629,13.484490252528898,13.858261108398438,331446968.0
2023-08-07,14.059521713557098,14.337453597633365,13.78158982948083,14.222447395324707,346476749.0
2023-08-08,14.212863508659325,14.500379475309499,14.021186502221894,14.30870246887207,344858054.0
2023-08-09,14.279950612931637,15.592940198488254,14.174528485078895,15.372511863708496,704396742.0
2023-08-10,15.449182297568106,16.282977049282056,14.874150362744892,15.065827369689941,785000584.0
2023-08-11,15.065827767459693,15.276672023671951,14.615386103755164,15.10416316986084,408338024.0
2023-08-14,15.286255943536295,15.64085864055011,15.046659452527926,15.18083381652832,304058080.0
2023-08-15,15.209585180788423,16.120051666292234,14.979572768153623,15.803784370422363,455010593.0
2023-08-16,15.73669751073813,16.033796646021855,15.458764705361373,15.583355903625488,301327437.0
2023-08-17,15.583354899929287,16.09130008325916,15.583354899929287,16.01462745666504,284120470.0
2023-08-18,16.033796845389144,16.20630661252992,14.73039225473683,15.238336563110352,316566879.0
2023-08-21,14.567466502041082,15.516269303118754,14.394957649653572,15.343759536743164,396137394.0
2023-08-22,15.401261666621311,15.545019191123455,14.57705009243213,14.816646575927734,354436261.0
2023-08-23,14.816646433311579,15.152081872571946,14.67288891019316,14.759142875671387,364083419.0
2023-08-24,14.807062825246192,16.235058593144778,14.797478746336921,16.1488037109375,941784846.0
2023-08-25,16.254224784396726,16.388400060006315,15.650442442070025,15.928375244140625,407324638.0
2023-08-28,16.254224533649722,16.51298917407337,15.96670948516307,15.976293563842773,324416272.0
2023-08-29,16.024212406542887,16.426734578174973,15.60252390519585,15.660026550292969,286151804.0
2023-08-31,15.736697706411231,15.909207473552009,15.0179082286421,15.238336563110352,245096592.0
2023-09-01,15.334174699151301,15.52585261408112,15.12332954112132,15.430013656616211,226160376.0
2023-09-04,15.573770821605022,16.27339208749211,15.497100022986931,16.01462745666504,320770442.0
2023-09-05,16.00504641408362,16.484239398601378,15.76544992182474,16.426734924316406,454684165.0
2023-09-06,16.484238555100927,16.666330563757164,16.100882724722148,16.187137603759766,367797225.0
2023-09-07,16.282976984839255,16.647164667575606,16.22547433997735,16.522573471069336,297713587.0
2023-09-08,16.599244972110963,16.86759370605332,16.49382192878072,16.5417423248291,218919449.0
2023-09-11,16.62799609862081,16.67591466349097,15.545018983984816,15.592939376831055,268386785.0
2023-09-12,15.592939531502,15.7750315421957,15.343758970158094,15.516268730163574,266964198.0
2023-09-13,15.535435353277062,16.091300958461677,15.477932708179944,15.660026550292969,352503415.0
2023-09-14,15.535435226508026,15.631274186205264,15.123329893381243,15.468348503112793,292734845.0
2023-09-15,15.52585348339846,15.78461630667337,15.372511874059192,15.401262283325195,296907036.0
2023-09-18,15.362927204027462,15.650442253484982,15.238336008746728,15.276671409606934,215451851.0
2023-09-19,15.334175045108616,15.525852964362919,15.132913961082043,15.439598083496094,187466171.0
2023-09-20,15.477932743192381,16.26380893054319,15.391677861363524,15.822952270507812,373941660.0
2023-09-21,15.822951697754274,16.292560577392578,15.59293929719527,16.292560577392578,433382281.0
2023-09-22,16.292561408113816,16.44590301630503,16.10088348388672,16.10088348388672,249953651.0
2023-09-25,16.18713713621227,16.47465400069175,16.14880265106729,16.388399124145508,215559532.0
2023-09-26,16.426734823690936,16.70466763043726,16.28297729481146,16.369232177734375,310780825.0
2023-09-27,16.388400403494938,16.541742011997425,16.263809204101562,16.263809204101562,217777878.0
2023-09-28,16.32131394800624,17.078437924002863,16.25422539369852,16.810091018676758,383525569.0
2023-09-29,16.963431297290697,17.90264904811194,16.963431297290697,17.691802978515625,356462091.0
2023-10-02,17.71097265534743,18.266836456392657,17.557631043195382,17.95056915283203,294417491.0
2023-10-03,18.04640681873978,18.161413933565616,17.50012713626324,17.643884658813477,148633158.0
2023-10-04,17.643885811004747,17.79722742213541,17.241363624792704,17.298866271972656,181119603.0
2023-10-05,17.36595457098175,18.305172382341354,17.145524408743338,18.209333419799805,395188877.0
2023-10-06,18.00807239067156,18.669357362135898,17.99848831207375,18.23808479309082,281042750.0
2023-10-09,17.864312918890267,18.26683507739632,17.73013947538027,17.74930763244629,163883061.0
2023-10-10,18.180580970151393,18.64060761937884,17.893065913863367,18.420177459716797,236496010.0
2023-10-11,18.516015309438615,19.14854985767588,18.362673711561463,18.49684715270996,199395775.0
2023-10-12,18.755611970356462,19.282725317758242,18.017654380779607,18.554351806640625,306290153.0
2023-10-13,18.496847880208808,18.64060723335187,17.85472922835207,17.921817779541016,209053014.0
2023-10-16,18.30517143353591,18.34350591977985,17.825978473642177,17.912233352661133,171137925.0
2023-10-17,18.008073208874297,18.47768211364746,17.912234246517777,18.47768211364746,174551050.0
2023-10-18,18.113493289732205,18.333921609786486,17.64388441432158,17.691802978515625,179428308.0
2023-10-19,17.701388379542593,18.22850176494161,17.60555124399385,17.83556365966797,196113140.0
2023-10-20,17.634301066389963,17.91223386856175,17.040102802674486,17.11677360534668,165892214.0
2023-10-23,17.442625592548705,17.66305392955488,17.155108701345,17.567214965820312,157132193.0
2023-10-24,17.921818395786662,18.439345869778194,17.701388233109952,17.94098472595215,337634476.0
2023-10-25,18.036823005783074,18.094325650054735,16.867592823053393,16.896343231201172,224118005.0
2023-10-26,17.097605411339597,17.356370055299234,16.522573478532436,16.953847885131836,362619346.0
2023-10-27,17.09760596341605,17.212611256905294,16.752586426995954,17.07843780517578,179289356.0
2023-10-30,16.992183039297704,17.15510872952121,16.752586543555854,16.810091018676758,123085465.0
2023-10-31,16.867592996193014,17.01135052233584,16.474654905013768,16.522573471069336,143361901.0
2023-11-01,16.656746526660132,16.704666919564794,15.669610196513114,16.35006332397461,144059701.0
2023-11-02,16.350064298096058,16.714251993965135,16.225474925073176,16.48423957824707,157895011.0
2023-11-03,16.484238983820106,16.570493865101025,16.22547433997735,16.522573471069336,173151634.0
2023-11-06,16.771753354240406,17.011349830729557,16.771753354240406,16.93467903137207,109492960.0
2023-11-07,16.867593635433007,16.93468036164367,16.589660823444607,16.647165298461914,115286186.0
2023-11-08,16.81009092600828,16.819673177166077,16.158388168706878,16.321313858032227,161565967.0
2023-11-09,16.18713839985032,16.455487128717756,16.16797206976963,16.263809204101562,155682335.0
2023-11-10,16.235057830810547,16.426733916067146,16.139218874194217,16.235057830810547,119714364.0
2023-11-13,16.13921974488321,16.13921974488321,15.449182510375977,15.449182510375977,152769091.0
2023-11-14,15.449182543595924,15.631274560608452,15.171249736614449,15.61210823059082,166072510.0
2023-11-15,15.640858682975693,15.966710057869033,15.573771957787564,15.803784370422363,140694696.0
2023-11-16,15.813367920072578,16.21589008570256,15.813367920072578,16.139219284057617,124539250.0
2023-11-17,16.110466803279223,16.263808404240304,15.985877437989373,16.187137603759766,107715113.0
2023-11-20,16.340479593284535,16.445902631943184,16.215890225032048,16.359647750854492,99448073.0
2023-11-21,16.445902668594755,16.532157549875674,16.263808827226576,16.522573471069336,143474331.0
2023-11-22,16.484238533240525,16.570493412163756,16.359647340139823,16.455486297607422,136243083.0
2023-11-23,16.484239395478244,17.17427663498166,16.474655316432564,16.858009338378906,306211804.0
2023-11-24,16.858009469341248,17.164692689280805,16.570494407641956,17.07843780517578,179260560.0
2023-11-27,17.548046924057026,18.372259458483235,17.404289391488227,18.218917846679688,245708398.0
2023-11-28,18.161414640248033,18.525600500077942,17.950568559525745,18.420177459716797,194660668.0
2023-11-29,18.420177739183732,18.65019015329908,18.25725205068834,18.535184860229492,161218072.0
2023-11-30,18.44892907842282,18.631022916224975,18.199748518266215,18.401010513305664,133908711.0
2023-12-01,18.97604058302091,19.436067216263616,18.707693693936758,18.995208740234375,204979466.0
2023-12-04,19.004793646015507,19.666080474853516,18.861036116609725,19.666080474853516,167794265.0
2023-12-05,19.570241028237948,19.742750790445832,19.321060463712797,19.436067581176758,107060144.0
2023-12-06,19.436068474869945,20.06860308006612,19.3977321579605,19.570241928100586,232663983.0
2023-12-07,19.416899518634242,19.436067676301402,18.544768452515857,19.06229591369629,209096642.0
2023-12-08,19.11980060018751,19.244389970462947,18.736444754468305,18.851451873779297,138141166.0
2023-12-11,18.88020330933379,19.18688651051274,18.726861708744316,18.7747802734375,160572027.0
2023-12-12,18.75561310906057,19.64691235214632,18.71727862087228,19.39773178100586,206687475.0
2023-12-13,19.34022923445389,20.317783365973785,19.301892918091774,19.45523452758789,272841845.0
2023-12-14,19.991930690472188,20.89281213076225,19.70441382035693,20.605297088623047,237128126.0
2023-12-15,20.739471435546875,21.199498082195046,20.528627183982895,20.739471435546875,207151964.0
2023-12-18,20.509458955671604,21.103659048728083,20.26027838942057,20.413619995117188,183426665.0
2023-12-19,20.45195688269056,20.58613033443468,19.263558491307258,19.781085968017578,219991714.0
2023-12-20,19.76191960067407,20.106937308508233,19.455234553300333,20.049434661865234,167787821.0
2023-12-21,20.106937026841113,20.70113712708219,19.78108565380184,19.93442726135254,213659386.0
2023-12-22,20.030266154226094,20.049434312098093,19.378563410387304,19.60857582092285,142199896.0
2023-12-25,19.512738515528483,19.512738515528483,18.688526014058663,19.225221633911133,85694274.0
2023-12-26,19.321061012382607,19.436068133112485,18.717278655485224,19.129383087158203,122818430.0
2023-12-27,19.05271194121933,19.110216414541814,18.266835752240098,18.362674713134766,190022703.0
2023-12-28,18.448930044838068,18.67894245980618,18.362675160728003,18.42976188659668,138752217.0
2023-12-29,18.496847721865947,18.889785807014032,18.477681392523575,18.72686195373535,132638201.0
2024-01-02,18.928121915097698,19.110215751683835,18.73644399995691,18.937705993652344,164641359.0
2024-01-03,18.918538631535608,19.03354575104811,18.58310317993164,18.58310317993164,153558031.0
2024-01-04,18.602271776152836,19.225222299251783,18.468098323540318,19.081464767456055,211488897.0
2024-01-05,19.10063216369963,19.244389689759373,18.765196717576146,19.1677188873291,153443326.0
2024-01-08,19.551073783796625,21.084491729736328,19.51273929483564,21.084491729736328,276603708.0
2024-01-09,21.29533494383278,22.08121295069012,20.85447828854863,21.48701286315918,339799419.0
2024-01-10,21.467845111636606,22.732914284783014,21.3145035044659,22.579572677612305,246652788.0
2024-01-11,22.694578598963364,22.847920198039382,22.177049331099763,22.33039093017578,189203331.0
2024-01-12,21.947038134826357,22.541238234780465,21.295335389062547,21.985374450683594,557271982.0
2024-01-15,22.042876635634393,22.042876635634393,21.29533494383278,21.48701286315918,191494510.0
2024-01-16,21.52534766396816,21.793696389341044,20.969483883391298,21.33367156982422,152206811.0
2024-01-17,21.161161012016127,21.563683170993716,21.046153897461355,21.256999969482422,136367090.0
2024-01-18,21.736193776424688,21.793696421956312,21.065322875976562,21.065322875976562,184585854.0
2024-01-19,21.18033037650396,21.525348083884104,20.969484292463466,21.23783302307129,175639637.0
2024-01-22,21.122827829141144,21.46784553814168,20.72030564532703,21.29533576965332,141445251.0
2024-01-23,21.602019884651746,21.640354371561532,19.972763061523438,19.972763061523438,267214063.0
2024-01-24,20.06860167016005,21.14199287654722,19.991930869703822,20.988651275634766,250519354.0
2024-01-25,21.06532298871199,21.39117436176195,20.6052981660448,20.79697608947754,221377895.0
2024-01-26,20.89281332414561,21.046154932442093,20.701137227763088,20.85447883605957,176887374.0
2024-01-29,20.96948324448218,20.96948324448218,20.29861419345457,20.451955795288086,159458668.0
2024-01-30,20.643634201584565,20.911981097174905,20.566961570871747,20.681968688964844,177318249.0
2024-01-31,20.681967971804955,21.04615381518182,20.5669608576998,20.931148529052734,161514154.0
2024-02-01,20.911980833644265,21.52534724780818,20.87364634674707,21.42951011657715,230910445.0
2024-02-02,21.467845718223483,21.832033416526365,21.199498812080517,21.352840423583984,167681269.0
2024-02-05,21.92786878821427,22.196217500739607,21.621185589885908,21.73619270324707,205887688.0
2024-02-06,21.851198892488487,22.023708655677922,21.697857286981463,21.8703670501709,169033742.0
2024-02-07,21.908703578620393,22.0045407120123,21.467845087517798,21.659523010253906,130262470.0
2024-02-08,21.67868995666504,22.004539482345333,21.621185486272008,21.67868995666504,104587684.0
2024-02-09,21.755361658785365,22.04287671077899,21.372005818825706,21.812864303588867,172270138.0
2024-02-12,21.985373729798358,22.272888777395607,21.774527655449358,22.234554290771484,187832452.0
2024-02-13,22.330391238030863,22.82875235588654,22.0812125070791,22.17704963684082,235419143.0
2024-02-14,22.157884756744533,22.69458039600824,21.985374987130008,22.54123878479004,176345397.0
2024-02-15,22.617909159937508,23.116270300900005,22.50290203972456,22.962926864624023,185333554.0
2024-02-16,23.039598073546145,23.26961047178753,22.771249361609836,22.867088317871094,115354357.0
2024-02-19,23.00126349829869,23.691300745176225,22.790419240969047,22.809585571289062,244140439.0
2024-02-20,22.905422792329052,23.499622858475878,22.867088306629025,23.461286544799805,186711798.0
2024-02-21,23.499623270288406,23.672133028901747,23.13543559588778,23.365447998046875,173699282.0
2024-02-22,23.51879102687638,23.729635268270304,22.694578562196043,22.867088317871094,188230572.0
2024-02-23,22.8670884025909,23.269610557998632,22.579571532741912,23.19293975830078,173593317.0
2024-02-26,23.192940725955008,23.212107055697086,22.42623086901182,22.464567184448242,125881740.0
2024-02-27,22.522068737923647,22.656242179495116,22.25372002680467,22.27288818359375,147760782.0
2024-02-28,22.29205776754838,22.40706305969355,22.042877197265625,22.042877197265625,96067321.0
2024-02-29,22.1003794287053,22.4453989546201,22.023708626054912,22.138715744018555,180850439.0
2024-03-01,22.19621906152558,22.330392513234983,21.563684463500977,21.563684463500977,109847705.0
2024-03-04,21.678691785473976,21.793697080009768,20.681969483624044,20.75864028930664,111030707.0
2024-03-05,20.758639521922635,21.23783249671859,20.413619995117188,20.413619995117188,130302915.0
2024-03-06,20.2794470764134,20.701137417073134,19.972763857015845,20.049434661865234,107055747.0
2024-03-07,20.145273503284074,21.180330276489258,20.145273503284074,21.180330276489258,123560866.0
2024-03-08,21.23783216942762,22.062044658327288,21.00781976442736,22.02370834350586,195380496.0
2024-03-11,23.097101691136448,23.097101691136448,22.119547586361925,22.138715744018555,144625625.0
2024-03-12,22.138714845318784,22.828752041160868,22.023707732023745,22.33039093017578,149739172.0
2024-03-13,22.330392012110668,22.387896485532377,21.10365916006581,21.33367156982422,225431905.0
2024-03-14,21.391173855634523,21.487012815083286,20.739471124954257,20.892812728881836,107353568.0
2024-03-15,20.892813289863756,21.122827529907227,20.662800877796446,21.122827529907227,90498482.0
2024-03-18,20.988652251885842,21.48701339201976,20.969484093886194,21.122827529907227,98978517.0
2024-03-19,21.122827577692124,22.656243661609818,20.988652299367203,22.63707733154297,179699713.0
2024-03-20,22.56040617651215,23.729636379310836,22.31122560975647,23.38461685180664,287308918.0
2024-03-21,23.537958525247802,25.358891472781814,23.518792195424094,24.898866653442383,407179859.0
2024-03-22,24.841363466573,25.569736995306098,24.66885370608673,25.531400680541992,202550669.0
2024-03-25,25.3780601098974,27.314000212818467,24.975537928378927,25.99142837524414,237692694.0
2024-03-26,26.087264448788815,26.623961887629687,24.783860822402943,25.531400680541992,164733384.0
2024-03-27,25.58890536224302,26.163935464604883,25.033041589444068,25.320556640625,138012284.0
2024-03-28,25.454730400808725,26.604794275642647,25.339725110111015,26.355613708496094,144148222.0
2024-03-29,26.45145298528345,26.70063355540577,25.953091845038813,26.202272415161133,110852125.0
2024-04-01,26.738968337310386,27.582349018989838,26.27894350801769,27.237329483032227,179885096.0
2024-04-02,27.294831472082283,28.84741751850872,27.16065802376528,27.812360763549805,213507053.0
2024-04-03,27.799999237060547,28.18000030517578,27.200000762939453,27.559999465942383,118797549.0
2024-04-04,27.799999237060547,29.139999389648438,27.399999618530273,28.600000381469727,222427541.0
2024-04-05,31.0,31.299999237060547,29.100000381469727,30.200000762939453,269559494.0
2024-04-08,30.280000686645508,31.040000915527344,30.020000457763672,30.739999771118164,118063448.0
2024-04-15,31.5,32.880001068115234,31.399999618530273,31.600000381469727,160602044.0
2024-04-16,31.520000457763672,31.579999923706055,29.8799991607666,30.0,172158966.0
2024-04-17,30.399999618530273,31.1200008392334,30.299999237060547,30.579999923706055,185929193.0
2024-04-18,30.799999237060547,31.559999465942383,30.639999389648438,31.1200008392334,138226698.0
2024-04-19,30.979999542236328,32.439998626708984,30.639999389648438,32.040000915527344,217266439.0
2024-04-22,32.29999923706055,32.439998626708984,30.5,30.579999923706055,134859695.0
2024-04-24,30.799999237060547,31.420000076293945,30.780000686645508,31.18000030517578,120942359.0
2024-04-25,31.239999771118164,31.3799991607666,29.81999969482422,29.940000534057617,105404240.0
2024-04-26,30.079999923706055,31.420000076293945,30.059999465942383,31.239999771118164,134129973.0
2024-04-29,31.540000915527344,32.15999984741211,31.399999618530273,31.920000076293945,138200463.0
2024-04-30,31.899999618530273,32.7599983215332,31.719999313354492,32.279998779296875,146533100.0
2024-05-02,31.920000076293945,32.18000030517578,30.940000534057617,31.219999313354492,178878761.0
2024-05-03,31.420000076293945,31.559999465942383,30.81999969482422,30.959999084472656,137187409.0
2024-05-06,31.0,31.399999618530273,30.81999969482422,30.81999969482422,121137066.0
2024-05-07,30.920000076293945,31.920000076293945,30.65999984741211,31.719999313354492,187486434.0
2024-05-08,31.81999969482422,32.08000183105469,31.3799991607666,31.540000915527344,117683796.0
2024-05-09,31.780000686645508,32.279998779296875,31.559999465942383,31.860000610351562,139834385.0
2024-05-10,31.860000610351562,32.400001525878906,30.959999084472656,31.020000457763672,146289169.0
2024-05-13,31.15999984741211,31.399999618530273,30.440000534057617,30.68000030517578,101838604.0
2024-05-14,31.299999237060547,31.860000610351562,30.899999618530273,31.860000610351562,144364312.0
2024-05-15,31.719999313354492,32.18000030517578,31.280000686645508,31.979999542236328,118057962.0
2024-05-16,32.0,32.7400016784668,31.860000610351562,32.52000045776367,152206916.0
2024-05-17,32.70000076293945,34.13999938964844,32.5,33.900001525878906,172195989.0
2024-05-20,33.86000061035156,34.779998779296875,33.779998779296875,34.52000045776367,140009832.0
2024-05-21,34.540000915527344,37.959999084472656,34.459999084472656,37.959999084472656,313485965.0
2024-05-22,38.5,39.459999084472656,36.86000061035156,37.779998779296875,344266980.0
2024-05-23,37.81999969482422,38.279998779296875,36.02000045776367,36.02000045776367,239113602.0
2024-05-24,36.099998474121094,36.58000183105469,35.15999984741211,35.29999923706055,216088043.0
2024-05-27,35.400001525878906,35.720001220703125,34.2400016784668,34.5,159796359.0
2024-05-28,34.619998931884766,35.459999084472656,34.599998474121094,35.08000183105469,148370477.0
2024-05-29,35.18000030517578,35.400001525878906,34.31999969482422,34.41999816894531,118816306.0
2024-05-30,34.52000045776367,34.91999816894531,33.939998626708984,34.220001220703125,124288726.0
2024-05-31,34.279998779296875,35.220001220703125,32.31999969482422,32.31999969482422,323107325.0
2024-06-03,32.41999816894531,33.119998931884766,31.68000030517578,32.880001068115234,153238592.0
2024-06-04,32.880001068115234,33.15999984741211,31.34000015258789,31.399999618530273,137606373.0
2024-06-05,31.6200008392334,32.29999923706055,31.219999313354492,31.979999542236328,144523195.0
2024-06-06,32.08000183105469,32.560001373291016,31.760000228881836,32.060001373291016,72313728.0
2024-06-07,32.2599983215332,32.400001525878906,31.079999923706055,31.440000534057617,79570691.0
2024-06-10,31.420000076293945,31.860000610351562,30.940000534057617,31.739999771118164,75018044.0
2024-06-11,31.600000381469727,33.459999084472656,31.540000915527344,33.18000030517578,136427504.0
2024-06-12,33.099998474121094,33.68000030517578,32.79999923706055,32.880001068115234,113976424.0
2024-06-13,33.34000015258789,33.81999969482422,32.86000061035156,32.959999084472656,94451482.0
2024-06-14,33.5,33.70000076293945,32.47999954223633,32.58000183105469,96075882.0
2024-06-20,33.02000045776367,33.47999954223633,32.70000076293945,33.439998626708984,90445564.0
2024-06-21,33.439998626708984,34.400001525878906,33.34000015258789,34.060001373291016,145648531.0
2024-06-24,34.099998474121094,34.439998626708984,33.86000061035156,34.220001220703125,98482785.0
2024-06-25,34.31999969482422,34.540000915527344,33.439998626708984,33.58000183105469,122847720.0
2024-06-26,33.58000183105469,34.29999923706055,33.18000030517578,33.18000030517578,118577036.0
2024-06-27,33.41999816894531,34.599998474121094,33.2599983215332,34.560001373291016,132955412.0
2024-06-28,34.720001220703125,34.97999954223633,33.439998626708984,33.79999923706055,129651425.0
2024-07-01,34.0,34.060001373291016,32.0,32.619998931884766,92116535.0
2024-07-02,32.58000183105469,32.880001068115234,32.279998779296875,32.7400016784668,89232111.0
2024-07-03,32.880001068115234,33.880001068115234,32.7400016784668,33.79999923706055,129520281.0
2024-07-04,33.880001068115234,34.560001373291016,33.15999984741211,34.36000061035156,137218138.0
2024-07-05,34.36000061035156,34.540000915527344,32.65999984741211,33.220001220703125,149601815.0
2024-07-08,33.34000015258789,33.619998931884766,32.779998779296875,33.060001373291016,105516188.0
2024-07-09,33.099998474121094,33.18000030517578,31.260000228881836,31.260000228881836,184336443.0
2024-07-10,31.299999237060547,31.440000534057617,30.299999237060547,30.399999618530273,170802870.0
2024-07-11,30.719999313354492,31.780000686645508,30.719999313354492,31.780000686645508,171685535.0
2024-07-12,31.639999389648438,32.220001220703125,31.459999084472656,31.780000686645508,134169466.0
2024-07-16,31.920000076293945,32.779998779296875,31.8799991607666,32.560001373291016,156003707.0
2024-07-17,32.5,32.540000915527344,31.84000015258789,32.13999938964844,99863294.0
2024-07-18,32.41999816894531,32.7599983215332,32.040000915527344,32.20000076293945,112149241.0
2024-07-19,32.02000045776367,32.63999938964844,31.979999542236328,32.2599983215332,107776658.0
2024-07-22,32.400001525878906,32.58000183105469,31.899999618530273,31.899999618530273,95280216.0
2024-07-23,31.8799991607666,32.0,30.639999389648438,31.079999923706055,142665093.0
2024-07-24,31.040000915527344,31.040000915527344,30.399999618530273,30.399999618530273,92067105.0
2024-07-25,30.299999237060547,30.5,29.81999969482422,29.81999969482422,80837808.0
2024-07-26,29.860000610351562,30.6200008392334,29.84000015258789,30.34000015258789,78522869.0
2024-07-29,30.020000457763672,30.68000030517578,29.940000534057617,30.18000030517578,66786970.0
2024-07-30,30.280000686645508,30.579999923706055,29.6200008392334,29.860000610351562,83207140.0
2024-07-31,29.579999923706055,30.3799991607666,29.479999542236328,30.200000762939453,90897389.0
2024-08-01,30.639999389648438,32.31999969482422,30.5,32.0,142753913.0
2024-08-02,31.600000381469727,32.040000915527344,30.979999542236328,31.200000762939453,70263683.0
2024-08-05,29.0,29.920000076293945,28.5,29.399999618530273,107036960.0
2024-08-06,30.15999984741211,30.31999969482422,29.18000030517578,29.200000762939453,98172186.0
2024-08-07,29.459999084472656,29.84000015258789,28.700000762939453,29.020000457763672,106350792.0
2024-08-08,28.979999542236328,29.18000030517578,28.5,28.600000381469727,105053743.0
2024-08-09,28.780000686645508,29.040000915527344,27.239999771118164,27.239999771118164,123253852.0
2024-08-12,27.479999542236328,27.799999237060547,27.200000762939453,27.200000762939453,95340543.0
2024-08-13,27.280000686645508,28.299999237060547,27.020000457763672,28.260000228881836,109505556.0
2024-08-14,28.479999542236328,28.68000030517578,27.899999618530273,27.959999084472656,76926026.0
2024-08-15,28.139999389648438,28.940000534057617,27.899999618530273,28.899999618530273,74700725.0
2024-08-16,29.280000686645508,29.559999465942383,28.540000915527344,28.540000915527344,95604308.0
2024-08-19,28.639999389648438,29.68000030517578,28.399999618530273,29.579999923706055,83540492.0
2024-08-20,29.420000076293945,30.520000457763672,29.399999618530273,29.920000076293945,112228713.0
2024-08-21,29.81999969482422,31.31999969482422,29.700000762939453,30.260000228881836,122654936.0
2024-08-22,30.600000381469727,31.280000686645508,30.280000686645508,31.139999389648438,114986897.0
2024-08-23,31.059999465942383,31.219999313354492,29.899999618530273,30.100000381469727,85223295.0
2024-08-26,30.399999618530273,31.68000030517578,29.860000610351562,30.84000015258789,124342085.0
2024-08-27,30.700000762939453,31.31999969482422,30.420000076293945,31.299999237060547,105887667.0
2024-08-28,31.299999237060547,31.479999542236328,30.739999771118164,30.940000534057617,78905213.0
2024-08-29,30.860000610351562,31.739999771118164,30.200000762939453,31.200000762939453,108805930.0
2024-09-02,31.459999084472656,33.08000183105469,31.3799991607666,33.060001373291016,124389919.0
2024-09-03,33.02000045776367,33.560001373291016,32.2599983215332,32.540000915527344,168448065.0
2024-09-04,32.279998779296875,33.0,32.15999984741211,32.91999816894531,102651878.0
2024-09-05,33.18000030517578,33.29999923706055,31.920000076293945,31.940000534057617,120457000.0
2024-09-06,31.979999542236328,32.08000183105469,31.15999984741211,31.260000228881836,92641651.0
2024-09-09,30.799999237060547,30.84000015258789,29.799999237060547,29.860000610351562,83571131.0
2024-09-10,29.979999542236328,30.1200008392334,29.200000762939453,29.700000762939453,92689419.0
2024-09-11,29.559999465942383,30.399999618530273,29.18000030517578,29.31999969482422,113341220.0
2024-09-12,29.899999618530273,30.079999923706055,28.420000076293945,29.520000457763672,165318790.0
2024-09-13,29.600000381469727,29.65999984741211,28.739999771118164,29.139999389648438,149050463.0
2024-09-16,29.139999389648438,29.31999969482422,28.399999618530273,28.440000534057617,100073469.0
2024-09-17,28.559999465942383,28.959999084472656,28.520000457763672,28.860000610351562,116484506.0
2024-09-18,28.860000610351562,29.3799991607666,28.799999237060547,29.139999389648438,134200081.0
2024-09-19,29.540000915527344,30.040000915527344,29.420000076293945,29.81999969482422,163714934.0
2024-09-20,29.81999969482422,29.959999084472656,29.420000076293945,29.459999084472656,115588785.0
2024-09-23,29.739999771118164,29.940000534057617,29.459999084472656,29.579999923706055,118331466.0
2024-09-24,29.68000030517578,31.219999313354492,29.540000915527344,30.860000610351562,227604213.0
2024-09-25,30.84000015258789,31.719999313354492,30.579999923706055,31.079999923706055,152167140.0
2024-09-26,31.459999084472656,32.119998931884766,30.799999237060547,31.1200008392334,161037461.0
2024-09-27,31.239999771118164,31.239999771118164,30.520000457763672,30.799999237060547,96462340.0
2024-09-30,30.559999465942383,30.959999084472656,30.200000762939453,30.920000076293945,85919678.0
2024-10-01,31.100000381469727,31.34000015258789,28.940000534057617,29.139999389648438,214653721.0
2024-10-02,29.100000381469727,29.239999771118164,27.15999984741211,27.15999984741211,254999528.0
2024-10-03,27.280000686645508,27.68000030517578,25.920000076293945,26.31999969482422,200413250.0
2024-10-04,26.540000915527344,27.420000076293945,25.559999465942383,27.34000015258789,219886655.0
2024-10-07,27.31999969482422,27.6200008392334,26.700000762939453,26.780000686645508,159510704.0
2024-10-08,26.760000228881836,27.280000686645508,26.3799991607666,26.739999771118164,207483090.0
2024-10-09,26.700000762939453,26.760000228881836,25.579999923706055,26.360000610351562,268737230.0
2024-10-10,26.459999084472656,26.579999923706055,25.8799991607666,25.899999618530273,212789225.0
2024-10-11,25.959999084472656,26.299999237060547,25.600000381469727,25.68000030517578,194258032.0
2024-10-14,25.65999984741211,26.0,25.3799991607666,25.440000534057617,138818541.0
2024-10-15,25.540000915527344,26.899999618530273,25.280000686645508,26.760000228881836,295624585.0
2024-10-16,26.559999465942383,27.100000381469727,26.079999923706055,27.100000381469727,147935779.0
2024-10-17,26.899999618530273,27.040000915527344,26.360000610351562,26.540000915527344,161386709.0
2024-10-18,26.459999084472656,26.65999984741211,25.100000381469727,25.100000381469727,139302058.0
2024-10-21,25.079999923706055,25.18000030517578,24.079999923706055,24.1200008392334,142908826.0
2024-10-22,24.18000030517578,24.979999542236328,24.040000915527344,24.540000915527344,178730755.0
2024-10-23,24.479999542236328,24.780000686645508,23.84000015258789,24.18000030517578,214228767.0
2024-10-24,24.520000457763672,24.8799991607666,24.420000076293945,24.65999984741211,92663082.0
2024-10-25,24.5,24.920000076293945,24.420000076293945,24.799999237060547,100988917.0
2024-10-28,24.81999969482422,25.0,24.719999313354492,24.760000228881836,26245220.0
2024-10-30,24.780000686645508,25.18000030517578,24.65999984741211,25.020000457763672,123872939.0
2024-10-31,24.84000015258789,25.18000030517578,24.420000076293945,24.479999542236328,98563002.0
2024-11-01,24.540000915527344,24.979999542236328,23.899999618530273,24.059999465942383,165520204.0
2024-11-04,24.0,24.34000015258789,22.940000534057617,23.100000381469727,153883576.0
2024-11-05,23.299999237060547,23.360000610351562,22.65999984741211,23.040000915527344,115402186.0
2024-11-06,23.1200008392334,23.799999237060547,22.979999542236328,23.399999618530273,153603096.0
2024-11-07,23.440000534057617,23.700000762939453,23.200000762939453,23.639999389648438,137923857.0
2024-11-08,23.639999389648438,25.440000534057617,23.600000381469727,25.34000015258789,264150494.0
2024-11-11,25.5,26.520000457763672,25.31999969482422,26.34000015258789,277700712.0
2024-11-12,26.219999313354492,26.6200008392334,25.899999618530273,26.239999771118164,214687936.0
2024-11-13,26.0,28.299999237060547,25.700000762939453,27.459999084472656,415507455.0
2024-11-14,27.719999313354492,27.84000015258789,27.15999984741211,27.540000915527344,294966318.0
2024-11-15,27.579999923706055,28.280000686645508,27.299999237060547,27.420000076293945,263809988.0
2024-11-18,27.579999923706055,27.739999771118164,27.260000228881836,27.420000076293945,217889532.0
2024-11-19,27.559999465942383,27.6200008392334,26.420000076293945,26.65999984741211,218084220.0
2024-11-20,26.799999237060547,27.299999237060547,26.15999984741211,26.260000228881836,250034746.0
2024-11-21,26.459999084472656,28.219999313354492,26.3799991607666,28.079999923706055,407614823.0
2024-11-22,27.979999542236328,29.3799991607666,27.719999313354492,29.200000762939453,344597494.0
2024-11-25,29.540000915527344,29.8799991607666,28.959999084472656,29.31999969482422,244855195.0
2024-11-26,29.280000686645508,29.760000228881836,28.940000534057617,29.579999923706055,228036705.0
2024-11-27,30.059999465942383,30.860000610351562,29.65999984741211,30.360000610351562,350575779.0
2024-11-28,30.360000610351562,30.920000076293945,30.079999923706055,30.920000076293945,246300455.0
2024-11-29,31.020000457763672,31.440000534057617,29.479999542236328,29.639999389648438,460407775.0
2024-12-02,28.979999542236328,29.280000686645508,28.639999389648438,29.0,170038170.0
2024-12-03,29.200000762939453,30.420000076293945,28.920000076293945,30.18000030517578,306907451.0
2024-12-04,30.239999771118164,30.920000076293945,30.15999984741211,30.3799991607666,230598845.0
2024-12-05,30.5,30.68000030517578,30.299999237060547,30.5,133016321.0
2024-12-06,31.5,32.02000045776367,31.239999771118164,31.700000762939453,288486322.0
2024-12-09,31.959999084472656,32.41999816894531,31.5,32.41999816894531,148458777.0
2024-12-10,32.31999969482422,32.540000915527344,31.200000762939453,31.239999771118164,161790920.0
2024-12-11,31.239999771118164,31.3799991607666,30.15999984741211,30.860000610351562,199372992.0
2024-12-12,31.0,31.1200008392334,30.399999618530273,30.479999542236328,204077621.0
2024-12-13,30.280000686645508,30.6200008392334,30.020000457763672,30.600000381469727,117405597.0
2024-12-16,30.700000762939453,30.719999313354492,29.65999984741211,29.65999984741211,99929721.0
2024-12-17,29.719999313354492,30.0,29.299999237060547,29.540000915527344,145419988.0
2024-12-18,29.579999923706055,30.079999923706055,29.399999618530273,29.399999618530273,139489523.0
2024-12-19,29.100000381469727,29.479999542236328,28.920000076293945,29.0,104734417.0
2024-12-20,29.5,29.5,28.559999465942383,28.600000381469727,123204385.0
2024-12-23,28.780000686645508,29.040000915527344,28.15999984741211,28.239999771118164,96675269.0
2024-12-24,28.239999771118164,28.5,27.959999084472656,28.420000076293945,116518592.0
2024-12-25,29.420000076293945,30.8799991607666,29.360000610351562,30.799999237060547,142589389.0
2024-12-26,30.959999084472656,31.739999771118164,30.399999618530273,30.65999984741211,208277590.0
2024-12-27,30.65999984741211,31.200000762939453,30.520000457763672,31.1200008392334,112989771.0
2024-12-30,31.15999984741211,31.31999969482422,30.760000228881836,30.760000228881836,64381435.0
2024-12-31,30.780000686645508,31.34000015258789,30.6200008392334,30.6200008392334,110968099.0
2025-01-02,30.860000610351562,31.979999542236328,30.700000762939453,31.799999237060547,170303817.0
2025-01-03,31.940000534057617,32.29999923706055,31.540000915527344,32.18000030517578,191332803.0
2025-01-06,32.279998779296875,32.36000061035156,31.700000762939453,31.920000076293945,150643334.0
2025-01-07,31.700000762939453,31.920000076293945,31.18000030517578,31.18000030517578,121601133.0
2025-01-08,31.0,31.260000228881836,30.5,30.579999923706055,146993609.0
2025-01-09,30.799999237060547,31.280000686645508,30.540000915527344,31.280000686645508,180340411.0
2025-01-10,31.299999237060547,31.540000915527344,30.5,30.700000762939453,207172797.0
2025-01-13,30.579999923706055,31.1200008392334,29.799999237060547,29.860000610351562,186367189.0
2025-01-14,30.100000381469727,30.31999969482422,29.739999771118164,30.079999923706055,149079733.0
2025-01-15,30.079999923706055,30.239999771118164,29.479999542236328,29.780000686645508,218646548.0
2025-01-16,30.31999969482422,30.979999542236328,29.81999969482422,30.899999618530273,274345540.0
2025-01-17,30.940000534057617,31.700000762939453,30.920000076293945,31.700000762939453,212881147.0
2025-01-20,32.0,32.18000030517578,31.15999984741211,31.979999542236328,223400719.0
2025-01-21,31.899999618530273,32.880001068115234,31.860000610351562,32.58000183105469,315832844.0
2025-01-22,32.720001220703125,33.400001525878906,32.52000045776367,33.31999969482422,258464821.0
2025-01-23,33.41999816894531,33.58000183105469,32.459999084472656,33.0,309662046.0
2025-01-24,33.040000915527344,33.220001220703125,32.380001068115234,32.459999084472656,132101107.0
2025-01-27,31.940000534057617,32.540000915527344,31.84000015258789,32.400001525878906,139282302.0
2025-01-28,32.65999984741211,33.0,32.31999969482422,32.84000015258789,189835574.0
2025-01-29,32.900001525878906,32.91999816894531,32.29999923706055,32.400001525878906,124564235.0
2025-01-30,32.459999084472656,32.65999984741211,31.940000534057617,31.979999542236328,130750634.0
2025-01-31,31.940000534057617,32.20000076293945,30.719999313354492,30.719999313354492,252534592.0
2025-02-03,30.280000686645508,30.3799991607666,28.959999084472656,29.1200008392334,360806402.0
2025-02-04,29.360000610351562,30.18000030517578,29.139999389648438,29.700000762939453,250283163.0
2025-02-05,29.700000762939453,29.920000076293945,28.760000228881836,29.100000381469727,202623534.0
2025-02-06,29.31999969482422,29.540000915527344,29.059999465942383,29.5,149199635.0
2025-02-07,29.479999542236328,29.520000457763672,28.920000076293945,29.059999465942383,188203151.0
2025-02-10,29.100000381469727,29.139999389648438,28.719999313354492,28.799999237060547,143348909.0
2025-02-11,28.799999237060547,29.059999465942383,28.6200008392334,28.700000762939453,185304849.0
2025-02-12,28.780000686645508,29.100000381469727,28.059999465942383,28.280000686645508,254266811.0
2025-02-13,28.6200008392334,29.020000457763672,28.399999618530273,28.65999984741211,265321873.0
2025-02-14,28.760000228881836,28.940000534057617,28.420000076293945,28.700000762939453,281996108.0
2025-02-17,28.760000228881836,28.920000076293945,28.3799991607666,28.719999313354492,200329403.0
2025-02-18,28.739999771118164,28.959999084472656,28.239999771118164,28.559999465942383,195263313.0
2025-02-19,28.600000381469727,28.8799991607666,28.139999389648438,28.219999313354492,257029462.0
2025-02-20,28.31999969482422,28.81999969482422,28.299999237060547,28.420000076293945,279132015.0
2025-02-21,28.479999542236328,28.81999969482422,27.719999313354492,28.100000381469727,300258581.0
2025-02-24,28.479999542236328,28.700000762939453,28.040000915527344,28.31999969482422,211982771.0
2025-02-25,28.31999969482422,28.719999313354492,28.260000228881836,28.399999618530273,223692568.0
2025-02-26,28.459999084472656,29.3799991607666,28.18000030517578,29.280000686645508,293401039.0
2025-02-27,29.200000762939453,29.81999969482422,29.079999923706055,29.540000915527344,235241293.0
2025-02-28,29.399999618530273,29.940000534057617,29.200000762939453,29.399999618530273,179126289.0
2025-03-03,29.920000076293945,31.959999084472656,29.899999618530273,31.15999984741211,441305255.0
2025-03-04,31.239999771118164,31.719999313354492,31.0,31.219999313354492,207627916.0
2025-03-05,31.600000381469727,31.81999969482422,30.940000534057617,31.479999542236328,294536090.0
2025-03-06,31.700000762939453,31.780000686645508,30.899999618530273,31.579999923706055,310405189.0
2025-03-07,31.600000381469727,31.799999237060547,31.34000015258789,31.719999313354492,284078942.0
2025-03-10,31.739999771118164,32.2400016784668,31.579999923706055,31.899999618530273,254747924.0
2025-03-11,31.979999542236328,32.08000183105469,31.520000457763672,31.559999465942383,222352562.0
2025-03-12,31.700000762939453,33.36000061035156,31.700000762939453,33.060001373291016,326454619.0
2025-03-13,33.040000915527344,33.70000076293945,32.939998626708984,33.2599983215332,201540322.0
2025-03-14,33.31999969482422,34.400001525878906,33.13999938964844,33.959999084472656,199859330.0
2025-03-17,34.0,34.68000030517578,33.2400016784668,33.58000183105469,254439957.0
2025-03-18,33.380001068115234,33.560001373291016,32.939998626708984,33.0,113403039.0
2025-03-19,30.600000381469727,31.040000915527344,29.700000762939453,29.700000762939453,337558898.0
2025-03-20,28.84000015258789,29.440000534057617,26.739999771118164,26.739999771118164,1023118425.0
2025-03-21,26.559999465942383,26.780000686645508,24.079999923706055,24.079999923706055,470599898.0
2025-03-24,24.600000381469727,25.040000915527344,22.479999542236328,24.200000762939453,600815444.0
2025-03-25,24.8799991607666,25.860000610351562,24.299999237060547,25.520000457763672,521320169.0
2025-03-26,25.139999389648438,25.5,24.399999618530273,24.799999237060547,297254794.0
2025-03-27,25.100000381469727,25.200000762939453,24.139999389648438,24.299999237060547,302423595.0
2025-03-28,24.260000228881836,24.399999618530273,23.65999984741211,24.040000915527344,248507137.0
2025-04-02,24.0,24.479999542236328,23.719999313354492,24.15999984741211,229252566.0
2025-04-03,24.31999969482422,24.799999237060547,23.959999084472656,23.959999084472656,168374518.0
2025-04-04,23.979999542236328,24.6200008392334,23.760000228881836,24.020000457763672,318138340.0
2025-04-07,23.420000076293945,24.5,23.280000686645508,24.5,330593137.0
2025-04-08,25.0,25.040000915527344,24.15999984741211,24.219999313354492,257188311.0
2025-04-09,23.959999084472656,24.15999984741211,23.299999237060547,23.31999969482422,223913417.0
2025-04-10,24.200000762939453,24.299999237060547,23.079999923706055,23.079999923706055,203238383.0
2025-04-11,23.139999389648438,23.520000457763672,22.579999923706055,23.520000457763672,213516644.0
2025-04-14,23.84000015258789,23.979999542236328,23.600000381469727,23.68000030517578,105618950.0
2025-04-15,23.700000762939453,24.059999465942383,23.559999465942383,23.559999465942383,138373232.0
2025-04-16,23.459999084472656,23.700000762939453,23.0,23.139999389648438,202818471.0
2025-04-17,23.219999313354492,23.6200008392334,22.799999237060547,22.979999542236328,330729226.0
2025-04-18,23.079999923706055,23.1200008392334,22.040000915527344,22.15999984741211,182736429.0
2025-04-21,22.260000228881836,24.139999389648438,21.920000076293945,23.6200008392334,409328688.0
2025-04-22,23.979999542236328,24.040000915527344,23.34000015258789,23.399999618530273,170665104.0
2025-04-24,23.360000610351562,24.34000015258789,23.260000228881836,24.299999237060547,242486263.0
2025-04-25,24.280000686645508,24.3799991607666,23.459999084472656,23.520000457763672,182558151.0
2025-04-28,23.700000762939453,24.0,22.559999465942383,22.559999465942383,292411915.0
2025-04-29,22.600000381469727,22.920000076293945,22.5,22.739999771118164,190253104.0
2025-04-30,22.780000686645508,22.920000076293945,22.3799991607666,22.760000228881836,165911569.0
2025-05-02,22.920000076293945,23.31999969482422,22.739999771118164,23.079999923706055,182278289.0
2025-05-05,23.260000228881836,23.459999084472656,22.520000457763672,22.520000457763672,130355323.0
2025-05-06,22.559999465942383,23.719999313354492,22.520000457763672,23.219999313354492,285104719.0
2025-05-07,23.260000228881836,23.8799991607666,23.1200008392334,23.6200008392334,242463868.0
2025-05-08,23.780000686645508,23.899999618530273,23.479999542236328,23.65999984741211,90327081.0
2025-05-09,23.81999969482422,24.31999969482422,23.34000015258789,24.18000030517578,364359068.0
2025-05-12,24.739999771118164,25.15999984741211,24.520000457763672,25.0,434989920.0
2025-05-13,24.860000610351562,25.739999771118164,24.639999389648438,25.540000915527344,471315306.0
2025-05-14,25.479999542236328,25.959999084472656,25.31999969482422,25.6200008392334,338508509.0
2025-05-15,25.739999771118164,25.8799991607666,25.139999389648438,25.239999771118164,245440302.0
2025-05-16,25.299999237060547,26.860000610351562,25.239999771118164,26.68000030517578,436596115.0
2025-05-20,26.559999465942383,27.34000015258789,26.479999542236328,27.0,357655553.0
2025-05-21,26.84000015258789,27.299999237060547,26.559999465942383,26.600000381469727,250955081.0
2025-05-22,26.799999237060547,27.459999084472656,26.600000381469727,26.81999969482422,354408031.0
2025-05-23,26.780000686645508,27.200000762939453,26.3799991607666,26.420000076293945,233782193.0
2025-05-26,26.700000762939453,26.799999237060547,25.479999542236328,25.940000534057617,274304505.0
2025-05-27,25.959999084472656,26.31999969482422,25.3799991607666,25.459999084472656,203943438.0
2025-05-28,25.479999542236328,25.700000762939453,25.31999969482422,25.600000381469727,180531586.0
2025-05-29,25.860000610351562,26.139999389648438,25.700000762939453,25.959999084472656,198929561.0
2025-05-30,25.920000076293945,26.100000381469727,25.399999618530273,25.459999084472656,190542244.0
2025-06-02,25.479999542236328,25.940000534057617,25.3799991607666,25.8799991607666,249271410.0
2025-06-03,26.31999969482422,27.600000381469727,26.200000762939453,27.360000610351562,326675414.0
2025-06-04,27.219999313354492,27.579999923706055,27.200000762939453,27.579999923706055,166142571.0
2025-06-05,27.440000534057617,27.520000457763672,27.260000228881836,27.3799991607666,53330877.0
2025-06-10,27.700000762939453,28.739999771118164,27.559999465942383,28.479999542236328,310741826.0
2025-06-11,28.399999618530273,28.68000030517578,28.18000030517578,28.3799991607666,210283168.0
2025-06-12,27.959999084472656,28.440000534057617,27.559999465942383,27.65999984741211,196682136.0
2025-06-13,26.0,27.5,25.899999618530273,27.5,245641643.0
2025-06-16,27.600000381469727,28.280000686645508,27.1200008392334,27.8799991607666,257450767.0
2025-06-17,27.8799991607666,28.079999923706055,27.139999389648438,27.139999389648438,186600017.0
2025-06-18,27.100000381469727,27.559999465942383,26.940000534057617,27.059999465942383,167643555.0
2025-06-19,27.34000015258789,27.559999465942383,26.399999618530273,26.420000076293945,230537874.0
2025-06-20,26.799999237060547,27.280000686645508,26.65999984741211,26.84000015258789,142029294.0
2025-06-23,26.5,27.34000015258789,26.399999618530273,26.959999084472656,150263290.0
2025-06-24,28.399999618530273,28.479999542236328,27.579999923706055,28.059999465942383,226995169.0
2025-06-25,28.1200008392334,28.1200008392334,27.760000228881836,28.0,137973190.0
2025-06-26,27.860000610351562,28.299999237060547,27.719999313354492,27.739999771118164,209991643.0
2025-06-27,27.84000015258789,28.959999084472656,27.559999465942383,28.81999969482422,280039530.0
2025-06-30,29.139999389648438,31.700000762939453,28.979999542236328,31.700000762939453,351890889.0
2025-07-01,32.02000045776367,32.2400016784668,31.479999542236328,32.0,284641088.0
2025-07-02,32.02000045776367,32.84000015258789,31.719999313354492,32.29999923706055,256051845.0
2025-07-03,32.939998626708984,33.2599983215332,31.700000762939453,31.8799991607666,233134122.0
2025-07-04,31.84000015258789,32.20000076293945,31.520000457763672,32.08000183105469,151536514.0
2025-07-07,31.639999389648438,32.2599983215332,31.559999465942383,31.920000076293945,156520074.0
2025-07-08,32.220001220703125,32.5,31.719999313354492,32.34000015258789,207380061.0
2025-07-09,32.18000030517578,33.70000076293945,31.860000610351562,33.70000076293945,237884004.0
2025-07-10,34.0,34.65999984741211,33.97999954223633,34.2599983215332,196443073.0
2025-07-11,34.720001220703125,34.86000061035156,33.68000030517578,34.220001220703125,180057928.0
2025-07-14,34.20000076293945,34.20000076293945,32.7599983215332,32.81999969482422,181650550.0
2025-07-16,32.65999984741211,33.02000045776367,31.360000610351562,31.860000610351562,236172844.0
2025-07-17,32.20000076293945,33.400001525878906,31.959999084472656,33.29999923706055,246313477.0
2025-07-18,33.279998779296875,33.36000061035156,32.79999923706055,32.880001068115234,129218675.0
2025-07-21,33.060001373291016,33.70000076293945,33.060001373291016,33.31999969482422,194853366.0
2025-07-22,33.34000015258789,33.720001220703125,32.900001525878906,33.18000030517578,193234403.0
2025-07-23,33.220001220703125,33.2599983215332,32.63999938964844,32.880001068115234,166701526.0
2025-07-24,33.060001373291016,33.900001525878906,32.619998931884766,33.380001068115234,297957912.0
2025-07-25,33.400001525878906,33.47999954223633,33.119998931884766,33.29999923706055,109867411.0
2025-07-28,33.439998626708984,33.47999954223633,32.599998474121094,32.63999938964844,111373329.0
2025-07-29,32.65999984741211,33.099998474121094,32.63999938964844,32.86000061035156,117599709.0
2025-07-30,32.86000061035156,33.63999938964844,32.779998779296875,33.560001373291016,163149068.0
2025-07-31,33.79999923706055,34.040000915527344,33.34000015258789,33.65999984741211,157033648.0
2025-08-01,33.599998474121094,33.65999984741211,33.08000183105469,33.2599983215332,122452647.0
2025-08-04,33.5,34.68000030517578,33.5,34.02000045776367,229739745.0
2025-08-05,34.060001373291016,34.119998931884766,33.31999969482422,33.560001373291016,140770442.0
2025-08-06,33.599998474121094,33.599998474121094,32.900001525878906,33.08000183105469,156993867.0
2025-08-07,33.20000076293945,34.31999969482422,33.20000076293945,33.70000076293945,201170746.0
2025-08-08,33.720001220703125,33.79999923706055,33.2599983215332,33.5,94224745.0
2025-08-11,33.79999923706055,33.84000015258789,33.439998626708984,33.439998626708984,93705612.0
2025-08-12,33.439998626708984,33.720001220703125,33.119998931884766,33.119998931884766,108877844.0
2025-08-13,33.20000076293945,33.70000076293945,33.13999938964844,33.2599983215332,106798287.0
2025-08-14,33.20000076293945,33.41999816894531,32.720001220703125,32.7599983215332,107221502.0
2025-08-15,32.7400016784668,33.0,32.58000183105469,32.63999938964844,115872525.0
2025-08-18,32.70000076293945,32.7599983215332,32.15999984741211,32.36000061035156,93023933.0
2025-08-19,32.5,32.84000015258789,32.15999984741211,32.380001068115234,101985992.0
2025-08-20,32.380001068115234,33.31999969482422,32.31999969482422,33.08000183105469,143677729.0
2025-08-21,33.400001525878906,33.79999923706055,33.18000030517578,33.79999923706055,167489611.0
2025-08-22,33.81999969482422,34.36000061035156,33.400001525878906,34.2599983215332,170147194.0
2025-08-25,34.58000183105469,34.779998779296875,33.900001525878906,33.91999816894531,150467196.0
2025-08-26,33.79999923706055,34.439998626708984,33.619998931884766,34.08000183105469,166109673.0
2025-08-27,34.15999984741211,34.18000030517578,33.29999923706055,33.31999969482422,111534991.0
2025-08-28,33.34000015258789,33.720001220703125,33.2400016784668,33.29999923706055,100251344.0
2025-08-29,33.36000061035156,33.599998474121094,32.68000030517578,32.880001068115234,126982544.0
2025-09-01,32.91999816894531,33.68000030517578,32.880001068115234,33.41999816894531,166675920.0
2025-09-02,33.58000183105469,34.099998474121094,30.280000686645508,31.579999923706055,382529287.0
2025-09-03,31.540000915527344,31.600000381469727,29.239999771118164,29.239999771118164,430939253.0
2025-09-04,29.459999084472656,30.479999542236328,29.200000762939453,30.219999313354492,329532413.0
2025-09-05,30.459999084472656,31.420000076293945,29.860000610351562,30.299999237060547,311255647.0
2025-09-08,29.600000381469727,30.31999969482422,29.520000457763672,30.020000457763672,119805488.0
2025-09-09,30.219999313354492,30.979999542236328,29.81999969482422,30.84000015258789,210024989.0
2025-09-10,31.020000457763672,31.639999389648438,30.68000030517578,31.540000915527344,228635491.0
2025-09-11,31.579999923706055,32.68000030517578,30.8799991607666,31.0,426619277.0
2025-09-12,31.059999465942383,31.280000686645508,30.31999969482422,31.100000381469727,185326663.0
2025-09-15,31.059999465942383,33.279998779296875,30.459999084472656,33.02000045776367,392061400.0
2025-09-16,33.099998474121094,34.099998474121094,32.7400016784668,34.040000915527344,263035946.0
2025-09-17,34.02000045776367,34.459999084472656,33.880001068115234,34.34000015258789,157022659.0
2025-09-18,34.47999954223633,34.779998779296875,33.2400016784668,33.52000045776367,198714207.0
2025-09-19,33.70000076293945,34.84000015258789,33.31999969482422,34.68000030517578,267600963.0
2025-09-22,35.79999923706055,36.20000076293945,35.5,35.58000183105469,156633383.0
2025-09-23,35.08000183105469,35.619998931884766,34.619998931884766,34.97999954223633,146951209.0
2025-09-24,35.0,35.31999969482422,33.400001525878906,34.560001373291016,261017410.0
2025-09-25,34.7599983215332,34.91999816894531,34.08000183105469,34.540000915527344,146794213.0
2025-09-26,34.459999084472656,34.68000030517578,33.84000015258789,34.15999984741211,179790596.0
2025-09-29,33.7599983215332,34.939998626708984,33.7599983215332,34.099998474121094,163457649.0
2025-09-30,34.279998779296875,34.540000915527344,33.459999084472656,33.939998626708984,200168913.0
2025-10-01,33.86000061035156,35.79999923706055,33.720001220703125,35.34000015258789,264075646.0
2025-10-02,35.2400016784668,35.400001525878906,33.81999969482422,34.18000030517578,182310934.0
2025-10-03,34.400001525878906,34.459999084472656,32.439998626708984,32.439998626708984,270879886.0
2025-10-06,32.63999938964844,32.63999938964844,31.219999313354492,31.399999618530273,165040278.0
2025-10-07,31.520000457763672,31.739999771118164,30.940000534057617,31.459999084472656,161300172.0
2025-10-08,31.459999084472656,32.119998931884766,31.219999313354492,31.399999618530273,156727962.0
2025-10-09,31.81999969482422,32.099998474121094,30.8799991607666,31.200000762939453,156055473.0
2025-10-10,31.219999313354492,31.579999923706055,30.719999313354492,30.959999084472656,121580954.0
2025-10-13,30.15999984741211,30.8799991607666,30.1200008392334,30.280000686645508,107504475.0
2025-10-14,30.299999237060547,30.440000534057617,28.639999389648438,28.760000228881836,186734504.0
2025-10-15,28.84000015258789,29.15999984741211,28.059999465942383,28.34000015258789,254012465.0
2025-10-16,28.18000030517578,29.059999465942383,28.079999923706055,28.420000076293945,196704101.0
2025-10-17,28.280000686645508,28.559999465942383,27.139999389648438,28.1200008392334,190818947.0
2025-10-20,28.34000015258789,29.6200008392334,27.579999923706055,29.3799991607666,236288857.0
2025-10-21,29.3799991607666,30.139999389648438,29.260000228881836,29.739999771118164,154529622.0
2025-10-22,29.860000610351562,30.559999465942383,29.65999984741211,30.239999771118164,145459880.0
2025-10-23,30.280000686645508,31.0,29.8799991607666,30.360000610351562,258302504.0
2025-10-24,31.219999313354492,33.380001068115234,30.8799991607666,32.7599983215332,461229015.0
2025-10-27,32.58000183105469,32.900001525878906,31.68000030517578,32.040000915527344,166180369.0
2025-10-28,31.899999618530273,32.380001068115234,31.860000610351562,32.36000061035156,65036598.0
2025-10-30,32.720001220703125,32.79999923706055,31.8799991607666,32.099998474121094,165516900.0
2025-10-31,32.18000030517578,33.720001220703125,32.08000183105469,33.599998474121094,235192128.0
2025-11-03,33.79999923706055,34.599998474121094,33.41999816894531,33.439998626708984,222134201.0
2025-11-04,33.41999816894531,34.400001525878906,33.119998931884766,33.279998779296875,201107005.0
2025-11-05,33.29999923706055,34.20000076293945,33.2599983215332,33.97999954223633,184765469.0
2025-11-06,34.2599983215332,34.560001373291016,33.939998626708984,34.400001525878906,150415405.0
2025-11-07,34.29999923706055,34.34000015258789,33.02000045776367,33.540000915527344,169002302.0
2025-11-10,33.70000076293945,33.91999816894531,32.7400016784668,32.939998626708984,145012452.0
2025-11-11,32.880001068115234,33.119998931884766,31.239999771118164,32.0,209095352.0
2025-11-12,32.2400016784668,32.400001525878906,31.799999237060547,32.220001220703125,125592135.0
2025-11-13,32.400001525878906,32.5,31.84000015258789,32.02000045776367,119176817.0
2025-11-14,31.899999618530273,32.540000915527344,31.559999465942383,31.959999084472656,116433717.0
2025-11-17,32.20000076293945,32.70000076293945,31.799999237060547,32.099998474121094,156297544.0
2025-11-18,32.0,32.900001525878906,31.760000228881836,32.439998626708984,178500786.0
2025-11-19,32.560001373291016,33.97999954223633,32.380001068115234,33.70000076293945,225689276.0
2025-11-20,33.84000015258789,34.31999969482422,33.58000183105469,34.29999923706055,142328603.0
2025-11-21,34.02000045776367,34.040000915527344,33.279998779296875,33.70000076293945,192899032.0
2025-11-24,33.58000183105469,34.619998931884766,33.540000915527344,34.279998779296875,203966628.0
2025-11-25,34.400001525878906,35.060001373291016,34.18000030517578,34.540000915527344,219000846.0
2025-11-26,34.58000183105469,34.900001525878906,34.15999984741211,34.70000076293945,180743823.0
2025-11-27,35.060001373291016,35.439998626708984,34.81999969482422,35.040000915527344,160270810.0
2025-11-28,34.97999954223633,35.439998626708984,34.86000061035156,35.29999923706055,161387999.0
2025-12-01,35.2400016784668,37.34000015258789,35.040000915527344,36.900001525878906,229515327.0
2025-12-02,36.91999816894531,37.040000915527344,36.13999938964844,36.220001220703125,193112574.0
2025-12-03,36.34000015258789,37.63999938964844,36.0,36.959999084472656,424749028.0
2025-12-04,36.91999816894531,37.13999938964844,35.08000183105469,35.099998474121094,233054965.0
2025-12-05,34.97999954223633,35.880001068115234,34.880001068115234,35.86000061035156,321533078.0
2025-12-08,36.279998779296875,37.31999969482422,36.15999984741211,36.619998931884766,223148632.0
2025-12-09,36.65999984741211,36.65999984741211,35.900001525878906,36.540000915527344,195907096.0
2025-12-10,36.619998931884766,36.79999923706055,35.380001068115234,35.959999084472656,241127775.0
2025-12-11,36.099998474121094,36.560001373291016,35.52000045776367,35.7599983215332,290462583.0
2025-12-12,35.959999084472656,36.47999954223633,35.63999938964844,36.400001525878906,161170355.0
2025-12-15,36.47999954223633,37.060001373291016,36.31999969482422,37.0,137285448.0
2025-12-16,36.97999954223633,36.97999954223633,36.20000076293945,36.68000030517578,131993102.0
2025-12-17,36.52000045776367,36.7400016784668,36.040000915527344,36.41999816894531,176121542.0
2025-12-18,36.5,37.119998931884766,36.34000015258789,37.119998931884766,167353609.0
2025-12-19,37.08000183105469,37.220001220703125,36.58000183105469,36.84000015258789,140551610.0
2025-12-22,36.900001525878906,37.599998474121094,36.70000076293945,37.2400016784668,154823860.0
2025-12-23,37.099998474121094,37.560001373291016,36.68000030517578,36.7400016784668,133432430.0
2025-12-24,36.79999923706055,36.959999084472656,35.939998626708984,35.939998626708984,149373329.0
2025-12-25,36.099998474121094,36.29999923706055,35.7400016784668,35.7400016784668,60879616.0
2025-12-26,35.7400016784668,35.959999084472656,34.79999923706055,35.18000030517578,156718682.0
2025-12-29,35.15999984741211,35.81999969482422,34.91999816894531,35.7400016784668,134644530.0
2025-12-30,35.7400016784668,35.880001068115234,35.20000076293945,35.779998779296875,100714332.0
2025-12-31,35.86000061035156,36.560001373291016,35.779998779296875,36.220001220703125,111894838.0
2026-01-02,36.380001068115234,38.279998779296875,36.380001068115234,38.119998931884766,170314158.0
2026-01-05,38.5,38.599998474121094,37.720001220703125,38.2400016784668,186325305.0
2026-01-06,38.279998779296875,38.91999816894531,37.91999816894531,38.68000030517578,205264335.0
2026-01-07,38.79999923706055,38.81999969482422,37.540000915527344,37.63999938964844,179799169.0
2026-01-08,37.560001373291016,38.13999938964844,37.439998626708984,37.619998931884766,168081069.0
2026-01-09,37.779998779296875,38.380001068115234,37.47999954223633,37.63999938964844,183437049.0
2026-01-12,37.7599983215332,38.18000030517578,37.15999984741211,37.2599983215332,169064817.0
2026-01-13,37.279998779296875,37.79999923706055,37.099998474121094,37.540000915527344,204624485.0
2026-01-14,37.65999984741211,37.68000030517578,37.040000915527344,37.2400016784668,228053902.0
2026-01-15,37.02000045776367,37.040000915527344,35.959999084472656,36.18000030517578,321172704.0
2026-01-16,36.2400016784668,36.41999816894531,35.900001525878906,36.20000076293945,279881151.0
2026-01-19,36.36000061035156,37.81999969482422,36.36000061035156,37.5,276402245.0
2026-01-20,37.540000915527344,38.13999938964844,36.939998626708984,37.63999938964844,222665342.0
2026-01-21,37.70000076293945,38.58000183105469,37.619998931884766,38.58000183105469,229883422.0
2026-01-22,38.7599983215332,38.900001525878906,37.220001220703125,37.900001525878906,338552641.0
2026-01-23,38.02000045776367,38.86000061035156,37.959999084472656,38.65999984741211,181584757.0
2026-01-26,38.13999938964844,38.5,37.58000183105469,38.220001220703125,265071554.0
2026-01-27,38.36000061035156,38.380001068115234,36.84000015258789,36.97999954223633,266767558.0
2026-01-28,36.959999084472656,38.2599983215332,36.7400016784668,37.79999923706055,315116977.0
2026-01-29,38.040000915527344,41.439998626708984,37.91999816894531,40.400001525878906,450961518.0
2026-01-30,40.31999969482422,41.41999816894531,39.65999984741211,41.08000183105469,273721785.0
2026-02-02,39.939998626708984,41.060001373291016,38.91999816894531,40.31999969482422,318746313.0
2026-02-03,40.70000076293945,41.08000183105469,39.380001068115234,40.959999084472656,328374540.0
2026-02-04,41.08000183105469,41.2599983215332,39.34000015258789,39.5,225026838.0
2026-02-05,39.459999084472656,39.58000183105469,38.20000076293945,38.2599983215332,226573885.0
2026-02-06,38.279998779296875,38.52000045776367,37.880001068115234,38.2599983215332,186959527.0
2026-02-09,38.779998779296875,39.84000015258789,38.599998474121094,39.70000076293945,187949673.0
2026-02-10,39.63999938964844,39.91999816894531,39.2400016784668,39.7599983215332,150732543.0
2026-02-11,39.5,40.20000076293945,39.08000183105469,39.779998779296875,198042508.0
2026-02-12,39.97999954223633,42.65999984741211,39.86000061035156,42.619998931884766,318638757.0
2026-02-13,42.560001373291016,42.79999923706055,41.540000915527344,41.81999969482422,146248147.0
2026-02-16,42.0,42.63999938964844,41.31999969482422,42.15999984741211,138576756.0
2026-02-17,42.0,43.15999984741211,41.68000030517578,41.68000030517578,158725953.0
2026-02-18,41.7400016784668,43.939998626708984,41.720001220703125,43.18000030517578,205607711.0
2026-02-19,43.31999969482422,43.36000061035156,40.65999984741211,41.15999984741211,227421183.0
2026-02-20,41.18000030517578,42.0,40.84000015258789,42.0,165291655.0
2026-02-23,42.5,43.65999984741211,42.439998626708984,43.18000030517578,160162512.0
2026-02-24,42.900001525878906,43.70000076293945,42.560001373291016,43.02000045776367,174209495.0
2026-02-25,43.060001373291016,43.5,42.65999984741211,43.20000076293945,163800428.0
2026-02-26,43.29999923706055,44.29999923706055,42.58000183105469,44.02000045776367,174544651.0
2026-02-27,44.20000076293945,44.5,42.880001068115234,43.29999923706055,197069782.0
2026-03-02,40.36000061035156,41.7400016784668,39.52000045776367,39.52000045776367,190972253.0
2026-03-03,39.279998779296875,39.97999954223633,37.02000045776367,37.08000183105469,243310018.0
2026-03-04,37.220001220703125,37.58000183105469,36.459999084472656,36.81999969482422,184993729.0
2026-03-05,37.2400016784668,38.15999984741211,37.099998474121094,37.380001068115234,117683000.0
2026-03-06,36.900001525878906,37.439998626708984,35.119998931884766,35.36000061035156,145961159.0
2026-03-09,34.02000045776367,35.2400016784668,33.2599983215332,34.900001525878906,212159667.0
2026-03-10,36.380001068115234,37.2400016784668,35.63999938964844,37.0,186691324.0
2026-03-11,36.900001525878906,37.13999938964844,36.02000045776367,36.63999938964844,166908961.0
2026-03-12,36.29999923706055,36.959999084472656,35.86000061035156,35.86000061035156,229621125.0
2026-03-13,35.65999984741211,35.779998779296875,34.2599983215332,34.79999923706055,141415199.0
2026-03-16,35.20000076293945,35.29999923706055,34.52000045776367,34.97999954223633,109037793.0
2026-03-17,35.220001220703125,36.2599983215332,35.099998474121094,35.97999954223633,154212347.0
2026-03-18,36.20000076293945,36.459999084472656,35.31999969482422,35.439998626708984,148117136.0
2026-03-19,34.91999816894531,35.34000015258789,34.779998779296875,34.779998779296875,52223647.0
2026-03-23,33.599998474121094,34.86000061035156,32.2599983215332,34.79999923706055,307884431.0
2026-03-24,34.29999923706055,34.84000015258789,33.2599983215332,33.34000015258789,163485999.0
2026-03-25,34.0,34.65999984741211,33.779998779296875,34.040000915527344,133407932.0
2026-03-26,33.880001068115234,34.36000061035156,33.119998931884766,33.18000030517578,89374690.0
2026-03-27,33.34000015258789,33.58000183105469,32.81999969482422,33.18000030517578,96006629.0
2026-03-30,33.08000183105469,33.400001525878906,32.540000915527344,32.720001220703125,100696788.0
2026-03-31,32.84000015258789,33.65999984741211,32.84000015258789,33.02000045776367,120740713.0
2026-04-01,34.400001525878906,34.560001373291016,33.880001068115234,34.2599983215332,137307732.0
2026-04-02,33.5,34.68000030517578,33.439998626708984,34.619998931884766,130128615.0
2026-04-03,34.58000183105469,34.97999954223633,34.099998474121094,34.41999816894531,114340454.0
2026-04-06,34.560001373291016,35.560001373291016,34.52000045776367,35.13999938964844,137588936.0
2026-04-07,35.02000045776367,35.34000015258789,34.18000030517578,34.34000015258789,133865568.0
2026-04-08,36.7599983215332,37.7599983215332,36.540000915527344,37.540000915527344,232495949.0
2026-04-09,37.400001525878906,37.779998779296875,36.959999084472656,37.63999938964844,126504072.0
2026-04-10,38.0,38.81999969482422,38.0,38.65999984741211,140239623.0
2026-04-13,37.779998779296875,38.2400016784668,37.15999984741211,38.060001373291016,186876184.0
2026-04-14,38.68000030517578,39.2599983215332,37.119998931884766,37.68000030517578,369019421.0
2026-04-15,37.81999969482422,37.97999954223633,37.31999969482422,37.58000183105469,133657024.0
2026-04-16,37.97999954223633,38.08000183105469,37.2599983215332,37.47999954223633,118009776.0
2026-04-17,37.5,39.36000061035156,37.13999938964844,39.29999923706055,396574274.0
2026-04-20,38.400001525878906,39.18000030517578,38.099998474121094,38.720001220703125,208125006.0
2026-04-21,38.939998626708984,39.220001220703125,38.31999969482422,38.540000915527344,137726376.0
2026-04-22,38.7400016784668,39.13999938964844,37.81999969482422,37.939998626708984,154038696.0
2026-04-24,37.7599983215332,37.880001068115234,37.13999938964844,37.63999938964844,140129355.0
2026-04-27,37.63999938964844,38.13999938964844,37.400001525878906,37.599998474121094,118994240.0
2026-04-28,37.5,37.70000076293945,36.880001068115234,37.060001373291016,112520252.0
2026-04-29,37.540000915527344,37.7599983215332,36.52000045776367,36.560001373291016,156123097.0
2026-04-30,36.279998779296875,37.08000183105469,36.08000183105469,37.040000915527344,151045353.0
2026-05-04,37.18000030517578,37.29999923706055,35.79999923706055,35.84000015258789,160923325.0
2026-05-05,35.84000015258789,36.279998779296875,35.720001220703125,36.08000183105469,123304581.0
2026-05-06,36.79999923706055,38.81999969482422,36.31999969482422,37.7599983215332,363584241.0
2026-05-07,37.91999816894531,39.0,37.70000076293945,38.65999984741211,175405110.0
2026-05-08,38.29999923706055,39.63999938964844,38.119998931884766,39.29999923706055,144004040.0
2026-05-11,38.939998626708984,39.900001525878906,38.70000076293945,39.720001220703125,157392053.0
2026-05-12,39.599998474121094,39.91999816894531,37.880001068115234,37.880001068115234,130001510.0
2026-05-13,38.13999938964844,38.29999923706055,37.18000030517578,37.439998626708984,114452933.0
2026-05-14,37.79999923706055,38.2599983215332,37.279998779296875,37.81999969482422,156665568.0
2026-05-15,37.31999969482422,37.36000061035156,36.459999084472656,36.81999969482422,139717176.0
2026-05-18,36.5,37.08000183105469,36.040000915527344,36.34000015258789,183174843.0
2026-05-20,36.2400016784668,36.36000061035156,35.279998779296875,35.68000030517578,188649338.0
2026-05-21,35.58000183105469,35.779998779296875,32.119998931884766,32.119998931884766,148761385.0
2026-05-22,31.979999542236328,33.34000015258789,30.420000076293945,32.86000061035156,454860921.0
2026-05-25,33.20000076293945,33.58000183105469,32.63999938964844,33.34000015258789,155250706.0
2026-05-26,33.2400016784668,33.560001373291016,33.0,33.15999984741211,79016540.0
2026-05-27,33.15999984741211,33.15999984741211,33.15999984741211,33.15999984741211,0.0
2026-05-28,33.15999984741211,33.15999984741211,33.15999984741211,33.15999984741211,0.0
2026-05-29,33.15999984741211,33.15999984741211,33.15999984741211,33.15999984741211,0.0
2026-06-01,33.34000015258789,34.2400016784668,33.20000076293945,33.41999816894531,202246675.0
2026-06-02,33.939998626708984,35.380001068115234,33.880001068115234,34.97999954223633,214127283.0
2026-06-03,34.79999923706055,35.560001373291016,34.29999923706055,34.380001068115234,190615910.0
2026-06-04,34.70000076293945,35.31999969482422,34.279998779296875,35.20000076293945,188412673.0
2026-06-05,35.380001068115234,35.5,33.599998474121094,33.599998474121094,163122643.0
2026-06-08,33.099998474121094,35.220001220703125,32.959999084472656,34.939998626708984,211209141.0
2026-06-09,34.97999954223633,35.65999984741211,34.880001068115234,35.540000915527344,126270321.0
2026-06-10,35.41999816894531,35.70000076293945,34.58000183105469,34.79999923706055,120223637.0
2026-06-11,34.900001525878906,35.7400016784668,34.29999923706055,35.02000045776367,171725150.0
2026-06-12,36.0,38.29999923706055,35.939998626708984,38.099998474121094,261822310.0
2026-06-15,40.880001068115234,40.91999816894531,39.81999969482422,40.459999084472656,191796943.0
2026-06-16,40.2400016784668,40.7400016784668,39.91999816894531,40.5,114675627.0
2026-06-17,40.619998931884766,41.18000030517578,40.279998779296875,40.900001525878906,128840916.0
2026-06-18,40.91999816894531,42.81999969482422,40.91999816894531,42.70000076293945,159108415.0
2026-06-19,42.20000076293945,43.7599983215332,42.15999984741211,43.380001068115234,161190035.0
2026-06-22,43.58000183105469,44.20000076293945,43.47999954223633,43.84000015258789,87100896.0
2026-06-23,43.47999954223633,43.959999084472656,42.5,42.880001068115234,142444167.0
2026-06-24,42.880001068115234,43.0,41.7599983215332,42.720001220703125,120872356.0
2026-06-25,43.459999084472656,43.65999984741211,40.119998931884766,40.5,229428658.0
2026-06-26,40.5,41.13999938964844,40.2599983215332,40.65999984741211,121592255.0
2026-06-29,40.7400016784668,40.939998626708984,39.880001068115234,40.08000183105469,128557315.0
2026-06-30,40.08000183105469,40.540000915527344,39.779998779296875,40.13999938964844,153876471.0
2026-07-01,40.02000045776367,40.7599983215332,39.560001373291016,40.599998474121094,198637773.0
2026-07-02,40.70000076293945,41.099998474121094,40.099998474121094,40.5,177435196.0
2026-07-03,40.900001525878906,40.97999954223633,38.0,38.02000045776367,275143601.0
2026-07-06,38.119998931884766,38.400001525878906,37.34000015258789,37.459999084472656,189540500.0
2026-07-07,37.29999923706055,38.18000030517578,37.279998779296875,37.599998474121094,186417614.0
2026-07-08,37.31999969482422,37.65999984741211,36.20000076293945,36.220001220703125,243657258.0
2026-07-09,36.5,36.599998474121094,35.63999938964844,35.86000061035156,150059188.0
2026-07-10,35.86000061035156,36.400001525878906,34.939998626708984,35.13999938964844,296883351.0
2026-07-13,34.720001220703125,34.779998779296875,33.81999969482422,34.099998474121094,288059515.0
2026-07-14,34.0,34.380001068115234,33.779998779296875,33.959999084472656,337066313.0
2026-07-16,34.02000045776367,34.13999938964844,32.959999084472656,33.52000045776367,555856569.0
2026-07-17,33.380001068115234,33.560001373291016,32.68000030517578,33.220001220703125,279785376.0
2026-07-20,33.220001220703125,33.63999938964844,32.880001068115234,32.900001525878906,217440166.0
2026-07-21,33.13999938964844,33.720001220703125,32.79999923706055,32.86000061035156,222413410.0
2026-07-22,32.959999084472656,33.29999923706055,32.70000076293945,33.13999938964844,227707617.0
2026-07-23,33.20000076293945,33.459999084472656,32.86000061035156,33.2599983215332,277903303.0
2026-07-24,33.15999984741211,33.86000061035156,33.060001373291016,33.36000061035156,281126686.0
2026-07-27,34.0,34.560001373291016,32.86000061035156,32.900001525878906,304490720.0
2026-07-28,32.939998626708984,33.08000183105469,32.439998626708984,32.7400016784668,255915106.0
2026-07-29,33.0,33.36000061035156,31.700000762939453,31.84000015258789,309105233.0
2026-07-30,31.8799991607666,32.060001373291016,30.799999237060547,31.0,272016620.0
2026-07-31,31.219999313354492,32.79999923706055,31.18000030517578,32.7599983215332,279386134.0
2026-08-03,33.29999923706055,34.279998779296875,33.08000183105469,34.0,269348588.0
2026-08-04,33.900001525878906,35.31999969482422,33.5,34.86000061035156,301695236.0
2026-08-05,34.599998474121094,34.84000015258789,33.86000061035156,34.279998779296875,205267098.0
2026-08-06,34.36000061035156,34.779998779296875,33.959999084472656,34.040000915527344,175918586.0
2026-08-07,34.08000183105469,34.5,33.79999923706055,34.02000045776367,159856270.0
2026-08-10,34.099998474121094,34.41999816894531,33.720001220703125,34.0,161230154.0
2026-08-11,33.81999969482422,34.540000915527344,33.0,34.060001373291016,187686319.0
2026-08-12,34.060001373291016,35.779998779296875,34.0,35.70000076293945,273007160.0
2026-08-13,35.70000076293945,36.060001373291016,34.58000183105469,35.540000915527344,242039476.0
2026-08-14,35.459999084472656,35.81999969482422,35.119998931884766,35.41999816894531,130193364.0
2026-08-17,35.41999816894531,35.619998931884766,34.900001525878906,34.91999816894531,156960288.0
2026-08-18,34.68000030517578,35.400001525878906,34.400001525878906,34.86000061035156,162779521.0
2026-08-19,34.84000015258789,35.720001220703125,34.70000076293945,35.619998931884766,185316710.0
2026-08-20,35.7599983215332,35.959999084472656,34.63999938964844,34.79999923706055,179018668.0
2026-08-21,34.880001068115234,35.58000183105469,34.84000015258789,35.099998474121094,227903244.0
2026-08-24,36.52000045776367,36.7599983215332,36.099998474121094,36.52000045776367,251344562.0
2026-08-25,36.380001068115234,36.880001068115234,36.34000015258789,36.65999984741211,170533767.0
2026-08-26,36.84000015258789,38.02000045776367,36.84000015258789,37.08000183105469,280854549.0
